mol_id,smiles,source
hiv_7986,CSC(=NN=C(C)c1ccccn1)N1CCN(c2ccccn2)CC1,MoleculeNet_HIV
hiv_30243,CC=COC1C(C2COC(C)(C)O2)OC2OC(C)(C)OC21,MoleculeNet_HIV
hiv_21211,Cn1c(NC(=O)C(=O)NC23CC4CC(CC(C4)C2)C3)nc2ccccc21,MoleculeNet_HIV
hiv_33914,Oc1nc(Nc2nc3ccccc3[nH]2)nc(O)c1Cc1ccccc1,MoleculeNet_HIV
hiv_8021,CC1=NC(C)=NP(O)(Oc2ccccc2)=N1,MoleculeNet_HIV
hiv_24954,Cc1cccc(C)c1NC(=O)C(=O)C(c1ccccc1Cl)S(=O)(=O)Cc1ccccc1Cl,MoleculeNet_HIV
hiv_15559,O=C(N=C(Nc1ccccc1)SCSC(=NC(=O)c1ccco1)Nc1ccccc1)c1ccco1,MoleculeNet_HIV
hiv_21853,Cn1c(C2CC(C)(C)c3c2c2ccccc2n3C)cc2ccccc21,MoleculeNet_HIV
hiv_10562,O=C1Oc2ccccc2CC1C(=O)c1ccc(Cl)cc1,MoleculeNet_HIV
hiv_33256,O=c1c2cc([N+](=O)[O-])ccc2n(Cc2ccccc2)n1Cc1ccccc1,MoleculeNet_HIV
hiv_40826,Br.Cc1ccc(-c2csc(=Nc3ccccc3)n2NC(=O)c2ccncc2)cc1,MoleculeNet_HIV
hiv_20346,O=[N+]([O-])c1nccn1CCC[n+]1ccccc1.[Br-],MoleculeNet_HIV
hiv_12257,CCC(CO)COC(=O)C=CC(=O)OCC(CC)CO,MoleculeNet_HIV
hiv_39969,CC(C)(C)OC=C1C(=O)OC2CC(O[Si](C)(C)C(C)(C)C)CC12,MoleculeNet_HIV
hiv_13902,Cc1cc(=O)n2c(cc3cccccc32)n1,MoleculeNet_HIV
hiv_7302,CCC12C=CCN3CCC4(c5cc(C6(C(=O)OC)CCCCCc7c6[nH]c6ccccc76)c(OC)cc5N(C)C4C(O)(C(=O)OC)C1OC(C)=O)C32,MoleculeNet_HIV
hiv_18583,C=C1CC(CC)(CCN2C(=O)c3ccccc3C2=O)OC1=O,MoleculeNet_HIV
hiv_19770,O=C1c2ccccc2C(=O)c2c(C=CN3CCCCC3)ccnc21,MoleculeNet_HIV
hiv_8225,Cc1cc(C)c(C#N)c(SCC(=O)c2sc3c(C#N)c(C)cc(C)[n+]3c2O)n1,MoleculeNet_HIV
hiv_6237,O=C1c2cccc3c([N+](=O)[O-])ccc(c23)C(=O)N1CCc1ccccn1,MoleculeNet_HIV
hiv_2678,C(=C(c1ccccc1)c1ccccc1)N1CCOCC1,MoleculeNet_HIV
hiv_35116,Oc1ccc(-c2nc(-c3cccnc3)c(-c3ccc(Cl)cc3)[nH]2)cc1O,MoleculeNet_HIV
hiv_12659,COC12CCC(=O)N1C=Cc1c2[nH]c2ccccc12,MoleculeNet_HIV
hiv_38409,O=S1c2ccccc2SCSc2ccccc21,MoleculeNet_HIV
hiv_26054,CCOC(=O)C1=NN(c2ccccc2)C(=O)C1=CN1C(=O)C(=Cc2ccc([N+](=O)[O-])cc2)SC1=S,MoleculeNet_HIV
hiv_3448,O=C(NCCCN1CCN(CCCNC(=O)Nc2cc(Cl)ccc2Cl)CC1)Nc1cc(Cl)ccc1Cl,MoleculeNet_HIV
hiv_2865,[O-][n+]1c2c([n+]([O-])c3c4ccccc4ccc31)-c1cccc3cccc-2c13,MoleculeNet_HIV
hiv_32946,O=C(O)C(CSSCC(C(=O)O)N1C(=O)c2ccccc2C1=O)N1C(=O)c2ccccc2C1=O,MoleculeNet_HIV
hiv_25139,CN(N=Cc1cccs1)c1ccc([N+](=O)[O-])cc1[N+](=O)[O-],MoleculeNet_HIV
hiv_3910,CC1(C)NC(=O)N(C(C)(C)C(=O)O)C1=O,MoleculeNet_HIV
hiv_6742,CCOC(=O)C(Cc1nc2ccccc2n(C)c1=O)=NO,MoleculeNet_HIV
hiv_4525,CC1(C)CCC2(C(=O)OC3OC(CO)C(O)C(O)C3O)CCC3(CO)C(=CCC4C5(C)CC(O)C(O)C(C)(C(=O)OC6OC(CO)C(O)C(O)C6O)C5CCC43C)C2C1,MoleculeNet_HIV
hiv_12893,O=C1[OH+][Cu-5]234([O+]=C(c5cccs5)C=[N+]2c2ccccc21)[O+]=C(c1cccs1)C=[N+]3c1ccccc1C(=O)[OH+]4,MoleculeNet_HIV
hiv_7762,O=C1CCC(C(Sc2ccccc2)(Sc2ccccc2)Sc2ccccc2)C1,MoleculeNet_HIV
hiv_34811,COc1cc(C2C3=C(N=C4SC(C(C)=O)=C(C)N42)c2ccccc2CC3)cc(OC)c1OC,MoleculeNet_HIV
hiv_10812,Cc1cc[n+]2c(c1)-c1cc(C)cc[n+]1CC2.[Br-],MoleculeNet_HIV
hiv_9976,CCCCS(=O)(=O)CCC(N)C(=O)O,MoleculeNet_HIV
davis_25243800,CC(C)N1NC(=C2C=c3cc(O)ccc3=N2)c2c(N)ncnc21,DAVIS_spike_in
hiv_17147,CC1=[N+]2c3ccccc3[SH+][Ni-2]2(O)[OH+]c2ccc3c(C)cc(=O)oc3c21,MoleculeNet_HIV
hiv_23566,O=c1nc2n(c3nsnc13)CCO2,MoleculeNet_HIV
hiv_20934,Cc1cc(Cc2cc(C)c(NC(=O)C(=O)C3C(=O)NC(=S)NC3=O)c(C(C)C)c2)cc(C(C)C)c1NC(=O)C(=O)C1C(=O)NC(=S)NC1=O,MoleculeNet_HIV
hiv_31254,O=C(c1ccccc1)N1N=C(C(F)(F)F)CC1(O)C(F)(F)F,MoleculeNet_HIV
hiv_31398,COc1ccc2c(c1)CCCN1Cc3cc(OC)c(OC)cc3CC21,MoleculeNet_HIV
hiv_6072,CN(C)C(=N)CSS(=O)(=O)O,MoleculeNet_HIV
hiv_8296,CC12CCC(C=C1N1CCCCC1)C(C)(C)O2,MoleculeNet_HIV
hiv_2055,Cc1cccc(C(=O)c2cccc3ccccc23)c1C(=O)O,MoleculeNet_HIV
hiv_39048,N#CCCN(CCC#N)c1ccc(C=C2N=C(c3ccccc3)N(c3ccccn3)C2=O)cc1,MoleculeNet_HIV
hiv_25723,CC(=O)CC(O)(C(F)(F)Cl)C(F)(Cl)Cl,MoleculeNet_HIV
hiv_5321,COc1cc2cc(c1Cl)N(C)C(=O)CC(OC(=O)C(C)N(C)C(C)=O)C1(C)OC1C(C)C1CC(O)(NC(=O)O1)C(OC)C=CC=C(C)C2,MoleculeNet_HIV
hiv_20218,C=CCN(N=O)C(=O)N(CCCCC(NC(C)=O)C(=O)NCc1ccccc1)Cc1ccccc1,MoleculeNet_HIV
hiv_649,CCOC(=O)OC(=S)N(C1CCCCC1)C1CCCCC1,MoleculeNet_HIV
hiv_4380,O=C1c2ccccc2C(=O)c2c(SSc3cccc4c3C(=O)c3ccccc3C4=O)cccc21,MoleculeNet_HIV
hiv_35028,C[N+]12C=CC=C1C(N1CCCC1)c1scc(-c3ccc(Br)cc3)c12.[I-],MoleculeNet_HIV
hiv_37656,O=C(Nc1ccccc1C(=O)O)C(=Cc1ccccc1)NC(=O)c1ccccc1,MoleculeNet_HIV
hiv_18597,O=C1C=CC(=O)c2cc(Sc3ccccc3)c(=O)ccc21,MoleculeNet_HIV
hiv_31862,O=C(O)c1ccc2c(c1)CC1(C2)Cc2cc3c(cc2C1=O)CCC3,MoleculeNet_HIV
hiv_24598,Cn1c(=O)c2c(ncn2CCCCn2ccnc2[N+](=O)[O-])n(C)c1=O,MoleculeNet_HIV
hiv_35841,CC12NC(=C(C#N)C#N)C(C#N)=C3NC(N)=C(C#N)C(=C31)Oc1ccccc12,MoleculeNet_HIV
hiv_5336,Cc1noc2nccnc12,MoleculeNet_HIV
hiv_23,CCCNP(=S)(NCCC)NCCC,MoleculeNet_HIV
hiv_23230,Cc1ccc(N=NC(C2=NC(=O)CS2)c2nc3ccccc3[nH]2)cc1,MoleculeNet_HIV
hiv_24412,CC(C=Cc1ccccc1)=NN=C(C)C=Cc1ccccc1,MoleculeNet_HIV
hiv_37674,NC(=S)Nc1nc(S)nc2[nH]ccc12,MoleculeNet_HIV
hiv_16274,O=S1(=O)CC(Cl)C(Sc2ccccc2)C1,MoleculeNet_HIV
hiv_30124,COC(=O)c1ccccc1CC1Cc2ccc3c(c2C1=O)CCCC3,MoleculeNet_HIV
hiv_18406,Cc1ccc(-n2c(=S)[nH]c3ccc(Br)cc3c2=O)cc1,MoleculeNet_HIV
hiv_12322,CC1CCC23COC(=O)C2=CCCC3C1(C)CCC(=CCO)CO,MoleculeNet_HIV
hiv_23848,[N-]=[N+]=Nc1cc(O)nnc1-c1ccccc1,MoleculeNet_HIV
hiv_6914,COc1cc(NCCN2CCN(CCNc3cc(OC)cc4cccnc34)CC2)c2ncccc2c1,MoleculeNet_HIV
hiv_17,O=P(Nc1ccccc1)(Nc1ccccc1)Nc1ccccc1,MoleculeNet_HIV
hiv_25134,Cc1nn(C(=O)c2ccccc2O)c2c1C(c1ccc3ccccc3c1O)SC(=N)N2,MoleculeNet_HIV
hiv_37923,Cc1cc(-c2ccccc2)oc(=O)c1NC(=O)c1ccccc1,MoleculeNet_HIV
hiv_14802,O=C(O)c1ccc(O)c(N=Nc2cc(S(=O)(=O)O)c3cccnc3c2O)c1,MoleculeNet_HIV
hiv_24189,O=C(OCc1ccccc1)C(Cc1ccccc1)N(Cc1ccccc1)Cc1ccccc1,MoleculeNet_HIV
hiv_26295,O=c1ccn(C=C(c2ccccc2)S(=O)Cc2ccccc2)c(=S)[nH]1,MoleculeNet_HIV
hiv_17340,O=C(Sc1nnnn1-c1ccccc1)Sc1nnnn1-c1ccccc1,MoleculeNet_HIV
hiv_6433,Nc1ncnc2nc(-c3ccc(C[PH](c4ccccc4)(c4ccccc4)c4ccccc4)cc3)[nH]c12,MoleculeNet_HIV
hiv_16317,CCCON=[N+]([O-])N(CC)CC,MoleculeNet_HIV
hiv_31617,O=[N+]([O-])c1ccc(C(=Cc2ccccc2)Cn2ccnc2)cc1,MoleculeNet_HIV
hiv_1166,CC1CN(Cc2ccccc2)C(=N)S1,MoleculeNet_HIV
hiv_2034,Nc1on[n+](-c2ccccc2)c1-c1ccccc1,MoleculeNet_HIV
hiv_33373,C[Si](C)(C)C1=C([Si](C)(C)C)C(Cl)(Cl)C1=O,MoleculeNet_HIV
hiv_3653,S=C(NNc1ccccc1Oc1ccccc1)NNc1ccccc1Oc1ccccc1,MoleculeNet_HIV
hiv_9418,c1ccc(-c2cc(Nc3ccc4c(c3)OCO4)c3cc(C4CCCCC4)ccc3n2)cc1,MoleculeNet_HIV
hiv_33540,CC(=O)OC=C1CC2C3CCC4CC(C(C)=O)CCC4(C)C3CCC2(C)C1=O,MoleculeNet_HIV
hiv_10448,O=[N+]([O-])c1ccc(Nc2ccccc2)c2nonc12,MoleculeNet_HIV
davis_9933475,COc1cc2c(Oc3ccc4[nH]c(C)cc4c3F)ncnc2cc1OCCCN1CCCC1,DAVIS_spike_in
hiv_21003,CC12C3CC4C5CC(C(C53)C1NCc1ccccc1)C42.Cl,MoleculeNet_HIV
hiv_9252,CN1C(=O)OC2OC(C)(c3ccc(S(=O)(=O)c4ccccc4)cc3)C(=O)CC21,MoleculeNet_HIV
hiv_33863,OC(c1ccccc1)(c1cccnc1)C(O)(c1ccccc1)c1cccnc1,MoleculeNet_HIV
hiv_36682,O=C(NC(=O)c1cc(-c2ccccc2)n[nH]1)c1ccccc1,MoleculeNet_HIV
hiv_11578,Cc1ccc(S(=O)OC2C3CC4CC(C3)CC2C4)cc1,MoleculeNet_HIV
hiv_9430,CC1CC(C)S(=O)CS1.CC1CC(C)S(=O)CS1,MoleculeNet_HIV
hiv_28521,CC1C(=O)CCC2(C)C(=O)CCCC12O,MoleculeNet_HIV
hiv_10512,COc1cc([N+](=O)[O-])c(S(=O)(=O)O)cc1-[n+]1nc(C(=O)Nc2ccccc2)nn1-c1ccc([N+](=O)[O-])c(S(=O)(=O)[O-])c1.[NaH],MoleculeNet_HIV
hiv_6735,COc1cc2c3cc1Oc1c(O)c(OC)cc4c1C(Cc1ccc(O)c(c1)Oc1ccc(cc1)CC3N(C)CC2)N(C)CC4,MoleculeNet_HIV
hiv_36202,O=C(O)CC1NC(C(=Cc2ccccc2O)NC(=O)c2ccccc2)OC1=O,MoleculeNet_HIV
hiv_11398,Cc1ccccc1NC(=O)C(=O)CC(=O)C1CCOC1=O,MoleculeNet_HIV
hiv_26798,COc1ccc(C=Cc2sc3ccccc3[n+]2CCCCI)cc1OC.[I-],MoleculeNet_HIV
hiv_16248,COc1ccc2c(c1)N1CCc3cc(OC)c(OC)cc3C1C2,MoleculeNet_HIV
hiv_32251,Nc1nc(Cl)cc(NCCC2(CO)CCC2)n1,MoleculeNet_HIV
hiv_11011,Cc1cc(=O)n(-c2ccccc2)c(=O)o1,MoleculeNet_HIV
hiv_27903,Cl.O=C1CCCCCCCCCCC1CN1CCCC1,MoleculeNet_HIV
hiv_24973,COc1ccc(C(CC(=O)c2cccs2)C(=O)c2ccc3c(c2)OCO3)cc1,MoleculeNet_HIV
hiv_35905,O=C(O)c1cnccc1-c1cc(=O)[nH]n1-c1ccccc1,MoleculeNet_HIV
hiv_12085,C[Si](C)(C)C(CCCCSc1ccccc1)(Sc1ccccc1)Sc1ccccc1,MoleculeNet_HIV
hiv_2954,c1ccc2c(c1)Cc1ccccc1-c1c-2[nH]c2ccccc12,MoleculeNet_HIV
hiv_36884,Cc1cc(C(C#N)c2nc3ccccc3[nH]2)nc(Cl)n1,MoleculeNet_HIV
hiv_971,Oc1on[n+]2c1CSC2,MoleculeNet_HIV
hiv_6496,NC(=O)C=Cc1c[nH]c2nccnc12,MoleculeNet_HIV
hiv_2633,C=CCc1ccccc1OP(=O)(Oc1ccc(C(C)(C)C)cc1)Oc1ccc(C(C)(C)C)cc1,MoleculeNet_HIV
hiv_33589,COc1ccc(NC(=O)CC(=O)n2nc(C)c(N=Nc3cccc(C)c3)c2C)cc1,MoleculeNet_HIV
hiv_39194,COc1cc(C(c2cc(OC)c(OC)c(OC)c2)N2C(=O)CCC2C(=O)O)cc(OC)c1OC,MoleculeNet_HIV
hiv_19100,CC(C)c1ccc(C2C3=C(N=C4SCC(=O)N42)C(=O)c2ccccc23)cc1,MoleculeNet_HIV
hiv_10496,CC1(C)CCCC2(C)C1CCC1(C)C(CCc3ccoc3)C(=COS(=O)(O)=[OH+])CCC12.C[NH+](C)C(=N)N,MoleculeNet_HIV
hiv_9520,O=C(O)c1ccc(N=NC2Sc3nc4ccccc4n3C2=O)cc1,MoleculeNet_HIV
hiv_12832,CC1CCC2C(CN3CCCCC3)C(=O)OC2C2(C)C(=O)CC(N3CCCCC3)C12O,MoleculeNet_HIV
hiv_5763,CCCC(Cc1ccccc1)N1CCCC1,MoleculeNet_HIV
hiv_15988,O=C([OH+][Re+](C#[O+])(C#[O+])(C#[O+])(C#[O+])C#[O+])C(F)(F)C(F)(F)F,MoleculeNet_HIV
hiv_28848,Cc1cc(-c2cccc3ccccc23)c(C#N)c(=S)n1C1OC(CO)C(O)C(O)C1O,MoleculeNet_HIV
hiv_4705,CC(CN1CC(=O)NC(=O)C1)N1CC(=O)NC(=O)C1,MoleculeNet_HIV
hiv_28372,CC(=O)NNC1=NN(C(C)=O)C2(S1)C(=O)Nc1ccccc12,MoleculeNet_HIV
hiv_20052,C=CCCCCC1CCC2CCC(CCCC)N12,MoleculeNet_HIV
hiv_647,S=C(NC1CCCCC1)SSSC(=S)NC1CCCCC1,MoleculeNet_HIV
hiv_38643,COc1cc(C=Nc2ccc(Oc3ccc(Cl)cc3)c(Cl)c2)cc(OC)c1OC,MoleculeNet_HIV
hiv_27171,COc1nc2c(c(=O)n1C)N(C(C)=O)C1C(N2)OCC(OC(C)=O)C1OC(C)=O,MoleculeNet_HIV
hiv_18893,CN(C(=O)C12C3C4C1(C(=O)O)C1C2C3(C(=O)O)C41C(=O)N(C)C(C)(C)C)C(C)(C)C,MoleculeNet_HIV
hiv_36702,CC=C(C)C=CCC(C)CCC=C(C)C,MoleculeNet_HIV
hiv_11163,CN=c1ssc(=NC(=S)N(C)C)n1-c1ccccc1,MoleculeNet_HIV
hiv_3002,CC1(C)CC2C(=O)c3ccccc3NC2c2ccccc21,MoleculeNet_HIV
hiv_8368,CCCC(=O)NC1CCc2cc(OC)c(OC)c(OC)c2-c2ccc(OC)c(=O)cc21,MoleculeNet_HIV
hiv_4178,CC1(C)Oc2ncnc(N)c2C1c1ccccc1,MoleculeNet_HIV
hiv_27644,c1ccc(CN2CCC(Nc3ccccc3)(c3nnnn3Cc3ccccc3)CC2)cc1,MoleculeNet_HIV
hiv_16703,O=C1c2ccccc2CC1C1(O)C(=O)Nc2c(Cl)cc(Cl)cc21,MoleculeNet_HIV
hiv_10565,COc1ccc2c(c1)OC(=O)C(S(=O)(=O)c1ccccc1)C2,MoleculeNet_HIV
hiv_38430,CCCNC1=NC(C)=CSC(Nc2ccccc2)=C1C#N,MoleculeNet_HIV
hiv_8723,Cn1c(N)c2c(=O)n(C)c3c(c2c(C#N)c1=O)CCSc1ccccc1-3,MoleculeNet_HIV
hiv_39036,N#Cc1cc(Sc2ccc(N)c(C#N)c2)ccc1N,MoleculeNet_HIV
hiv_10838,CSc1ccc(C=C2CNCC(=Cc3ccc(SC)cc3)C2=O)cc1.Cl,MoleculeNet_HIV
hiv_28282,Cc1ccc2ccc3c(-c4ccccc4)cc(C)[n+]4c3c2[n+]1[Cu-3]41[n+]2c(C)ccc3ccc4c(-c5ccccc5)cc(C)[n+]1c4c32.O=C1OC(C(O)C[O-])C(O)=C1O,MoleculeNet_HIV
hiv_22730,CC1(C)CC(C2CC(C)(C)CC(C)(C)C2O)C(O)C(C)(C)C1,MoleculeNet_HIV
hiv_30350,COc1cc(C=CC(=O)CC(=O)C=Cc2ccc(O)c(OC)c2)ccc1O.COc1cc(C=CC(=O)CC(=O)C=Cc2ccc(O)cc2)ccc1O.O=C(C=Cc1ccc(O)cc1)CC(=O)C=Cc1ccc(O)cc1,MoleculeNet_HIV
hiv_30307,OC(COc1ccc2ccccc2c1)COc1ccc2ccccc2c1,MoleculeNet_HIV
hiv_1483,CCOP(=O)(OCC)OCCOCCOP(=O)(OCC)OCC,MoleculeNet_HIV
hiv_9194,O=S1(=O)CS(=O)(=O)OCCCCCO1,MoleculeNet_HIV
hiv_22011,CCc1cccc(C(C)C)c1NC(=O)C(=O)C1C(=O)Nc2ccccc2S1=O,MoleculeNet_HIV
hiv_3941,O=C1C(c2ccccc2)C2C=CC(C2)N1O,MoleculeNet_HIV
hiv_30108,COC(=O)C1Cc2cc3c(cc2C1=O)CCCC3,MoleculeNet_HIV
hiv_21880,O=C(CCCn1ccnc1[N+](=O)[O-])NCCn1cnc([N+](=O)[O-])n1,MoleculeNet_HIV
hiv_1240,CC1CN2SN1CC2C,MoleculeNet_HIV
hiv_9801,O=S(=O)(OC1CC12CCCCC2c1ccccc1)c1ccccc1,MoleculeNet_HIV
hiv_6698,Cc1ccccc1N1C(=O)N[N+](C)(C)C1=O,MoleculeNet_HIV
hiv_24963,O=CC(=O)C(C(=O)O)[N+](=O)[O-].[NaH],MoleculeNet_HIV
hiv_22283,COc1ccc(C(c2ccccc2)(c2ccc(OC)cc2)N2C(=O)NC3C(CCCCC(=O)NCCCCCCOP(OCCC#N)N(C(C)C)C(C)C)SCC32)cc1,MoleculeNet_HIV
hiv_20273,COc1ccc(C2=NC(CO)C(c3ccccc3)O2)cc1OC,MoleculeNet_HIV
hiv_35977,O=c1c2ccccc2nc(-c2ccccc2)n1N=Cc1ccccc1[N+](=O)[O-],MoleculeNet_HIV
hiv_37611,CC1CCC(=Cc2ccc(F)cc2)C2=C1C(c1ccc(F)cc1)N1C(=O)CSC1=N2,MoleculeNet_HIV
hiv_800,Cc1[nH][nH]c(=N)c1C#N,MoleculeNet_HIV
hiv_2967,Cc1cc(NC(=O)c2ccc(N=Nc3cc(S(=O)(=O)O)c4ccccc4c3O)cc2)ccc1N=Nc1ccc2cc(S(=O)(=O)O)cc(S(=O)(=O)O)c2c1,MoleculeNet_HIV
hiv_16227,S=c1nc(C=Cc2ccc(Cl)c(Cl)c2)[nH][nH]1,MoleculeNet_HIV
hiv_11834,O=C(NC(=O)c1ccccc1[N+](=O)[O-])Nc1ccc(Oc2ncc(Br)cn2)c(Cl)c1,MoleculeNet_HIV
hiv_33289,CC(NC(=O)C(Cc1ccc([N+](=O)[O-])cc1)NC(=O)C(N)CCCCN)C(=O)NC(Cc1ccc([N+](=O)[O-])cc1)C(N)=O,MoleculeNet_HIV
hiv_25529,CC1(C)CC(=O)C(=CNC(=S)NCc2ccccc2)C(=O)C1,MoleculeNet_HIV
hiv_33335,C1CCC(NC2CCCCC2)CC1.COc1ccc(N=NC(=O)NC(CC(C)C)C(=O)NCC(=O)O)cc1,MoleculeNet_HIV
hiv_8288,COC(=O)N1C2C=CC=CC=C2C(OC)N1C(=O)OC,MoleculeNet_HIV
hiv_22535,O=C(Cc1ccccc1)NN1C(=O)C(Cl)C1c1cccc(O)c1,MoleculeNet_HIV
hiv_28962,Cl.NC1CCC(C(=O)C2CCC(O)CC2O)CC1,MoleculeNet_HIV
hiv_2081,N=c1[nH]c(=N)c2cnnn2[nH]1,MoleculeNet_HIV
hiv_35878,CC(C)(C)C(=O)OCOP(=O)(OCOC(=O)C(C)(C)C)OCC1OC(N2C=CC(N)NC2=O)CC1F,MoleculeNet_HIV
hiv_242,O=S(=O)(O)C(Br)(Br)Br,MoleculeNet_HIV
hiv_39576,COC(=O)C1CCCN1C(=O)OC(C)(C)C,MoleculeNet_HIV
hiv_32686,COC(=O)c1ccc2c(c1)CC1(C2)Cc2ccc3c(c2C1)CCC3,MoleculeNet_HIV
hiv_39793,Cc1cn(CC2=NCCN2)c(=O)[nH]c1=O.Cl,MoleculeNet_HIV
hiv_13757,CC(=O)OC12C=CC(=O)N1c1ccccc1C(=O)O2,MoleculeNet_HIV
hiv_6334,COc1ccc(-c2sc(N=Cc3ccc(N(C)CCC#N)cc3)c(C#N)c2C)cc1OC,MoleculeNet_HIV
hiv_24739,O=C(CNc1cccc([N+](=O)[O-])c1)Nn1c(-c2ccccc2)nc2ccccc2c1=O,MoleculeNet_HIV
hiv_22249,CCSc1c2ccccc2c(-c2nc(F)nc(F)n2)n1CCc1ccccc1,MoleculeNet_HIV
hiv_39295,Cc1ccc(SC(C=O)(NC(=O)OCc2ccccc2)C(F)(F)F)cc1,MoleculeNet_HIV
hiv_23585,O=Cc1ccccc1COC(=O)c1cc(C(=O)OCc2ccccc2C=O)c(C(=O)OCc2ccccc2C=O)cc1C(=O)OCc1ccccc1C=O,MoleculeNet_HIV
hiv_20296,CC(C)C1COC2OC(C)C(C)C(=O)N21,MoleculeNet_HIV
hiv_30395,CCOC(=O)c1c(SC(=O)c2ccc(C(C)(C)C)cc2)n(-c2ccccc2)c(=S)n(-c2ccccc2)c1=O,MoleculeNet_HIV
hiv_34090,CC(=O)Nc1ccc2c(C)c3c4ccccc4n(C)c3nc2n1,MoleculeNet_HIV
hiv_13600,CCOC(=O)N1CCc2cc(OC)c(OC)cc2C1=Cc1ccc(OC)c(OC)c1,MoleculeNet_HIV
hiv_40555,O=C(C=Cc1ccsc1)c1ccco1,MoleculeNet_HIV
hiv_30253,Cc1cccc(O)c1-c1nnc(CCCCCCCCc2nnc(-c3c(C)cccc3O)n2N)n1N,MoleculeNet_HIV
hiv_27697,ON=C(C(Cl)=C(Cl)Cl)C(Cl)Cl,MoleculeNet_HIV
hiv_20395,NC(=O)NC(=O)C1CCC(=O)N1S(=O)(=O)c1ccc(Cl)cc1,MoleculeNet_HIV
hiv_26075,CC(=O)NNC(=S)NC=C(C(=O)c1ccccc1)C(=O)c1ccccc1,MoleculeNet_HIV
hiv_20068,CC(=O)C1CCC2C3CC=C4CC(OC5OC(COS(=O)(=O)O)C(O)C(O)C5O)CCC4(C)C3CCC12C.CCN(CC)CC,MoleculeNet_HIV
hiv_19295,CCOC(=O)c1c(CN2CCNCC2)nc2ccc(Cl)cc2c1-c1ccccc1,MoleculeNet_HIV
hiv_30583,CCOC(=O)c1ccc(N2C(=S)N(C(=O)c3ccccc3)C(=Nc3ccccc3)C2=Nc2ccccc2)cc1,MoleculeNet_HIV
hiv_34340,CCCCCCN(C(=O)Oc1ccccc1)C(C#N)c1ccccc1,MoleculeNet_HIV
hiv_10092,Nc1cc(-c2ccc(Cl)cc2)nn1-c1nnc2c(n1)[nH]c1ccccc12,MoleculeNet_HIV
hiv_21640,Cl.NC1(CCCCCCCCCCC(=O)O)CNCCNCCNCCNC1,MoleculeNet_HIV
hiv_15022,CCCCCCC(CC(=O)CCC(=O)NCCc1ccccc1)=NNc1ccc([N+](=O)[O-])cc1[N+](=O)[O-],MoleculeNet_HIV
hiv_26516,Cc1cc2c(cc1Cl)SC(NNC(=O)c1ccncc1)=NS2(=O)=O,MoleculeNet_HIV
hiv_28782,COc1ccc2c(c1)OCC1c3cc(O)c4c(OCc5ccccc5)cccc4c3OC21,MoleculeNet_HIV
hiv_122,O=S1(=O)CCc2ccccc2C(Br)C1,MoleculeNet_HIV
hiv_36291,C1=C(c2cnc3ccccc3n2)[SH+][Ni-2]2([SH+]1)[PH](c1ccccc1)(c1ccccc1)CC[PH]2(c1ccccc1)c1ccccc1,MoleculeNet_HIV
hiv_26694,COC(=O)C1Cc2cc(O)c(O)cc2C2(CCN(C)CC2)O1.Cc1ccc(S(=O)(=O)O)cc1,MoleculeNet_HIV
hiv_35692,COc1c(N2CCCCC2)c2c(=O)c3ccccc3oc2c2cc(C)oc12,MoleculeNet_HIV
hiv_2638,CN1C2CCC1C(C(=O)O)C(O)C2.Cc1ccc(S(=O)(=O)O)cc1,MoleculeNet_HIV
hiv_15307,O=S(=O)(O)c1cc(N=Nc2ccc(O)cc2O)ccc1C=Cc1ccc(N=Nc2ccc(O)cc2O)cc1S(=O)(=O)O.[NaH],MoleculeNet_HIV
hiv_5199,N#CC(=Cc1cccs1)c1ccccc1,MoleculeNet_HIV
hiv_30608,Cc1ccc(N=C2SC(=NN(C)C)SC2=Nc2ccc(C)cc2)cc1,MoleculeNet_HIV
hiv_4565,COC(=S)NP(=O)(NC(=S)OC)NC(=S)OC,MoleculeNet_HIV
hiv_6404,COC1OC2COc3ccccc3OC2C2C1N2C(N)=O,MoleculeNet_HIV
hiv_6682,COc1ccccc1C1CC(c2ccccc2)=Nc2ccccc2S1,MoleculeNet_HIV
hiv_9451,CN(C)CCSC1=Nc2ccc(Cl)cc2C(c2ccccc2Cl)N(C)C1.O=C(O)C=CC(=O)O,MoleculeNet_HIV
hiv_35355,S=C(Nc1c2c(nc3ccccc13)CCCC2)Nc1c2c(nc3ccccc13)CCCC2,MoleculeNet_HIV
hiv_24291,O=C1C=CC(=O)c2c1ccc1c3ccccc3n(-c3ccccn3)c21,MoleculeNet_HIV
hiv_12783,CC1=NN(C(=O)c2ccccc2)C(C)C1N=Nc1ccccc1C(=O)O,MoleculeNet_HIV
hiv_12066,O=C1c2ccccc2C(=O)N1CCN(CCN1C(=O)c2ccccc2C1=O)Cc1ccccc1,MoleculeNet_HIV
hiv_13940,CC1=CC(=O)C2(C)CCC3(O)CCCC132,MoleculeNet_HIV
hiv_38127,COC(=O)C1Cc2c([nH]c3ccccc23)-c2[nH]c3ccccc3c2CC(NC(C)=O)C(=O)NCC(=O)NCC(=O)N1,MoleculeNet_HIV
hiv_13819,Cc1cc(=O)oc2c(C3=NN(C=O)C(c4ccccc4)C3)c(O)ccc12,MoleculeNet_HIV
hiv_17128,O=C(C(=Cc1ccccc1Cl)c1ccccc1)c1ccccc1,MoleculeNet_HIV
hiv_34658,O=C(NN=C(c1ccccc1)c1ccccc1)C(O)=CC(=O)c1ccc(Cl)cc1,MoleculeNet_HIV
hiv_8385,O=C(Nc1ccc(Cl)cc1)Sc1nnc2c(n1)[nH]c1ccccc12,MoleculeNet_HIV
hiv_11574,Cl.NCCCNCCSSCC=CCSSCCNCCCN,MoleculeNet_HIV
hiv_21495,Oc1nccc(CNC23CC4CC(CC(C4)C2)C3)c1O.[NaH],MoleculeNet_HIV
hiv_15209,CC1=C2C(c3ccccc3)(c3ccccc3)C3C=CC2(C=N3)N(C(=O)NC2CCCCC2)C1=O,MoleculeNet_HIV
hiv_3525,O=C1C2C3CCC(C3)C2S(=O)(=O)C2C3CCC(C3)C12,MoleculeNet_HIV
hiv_31187,O=c1c2c3c(sc2nc2n1N=C(c1ccc(Br)cc1)CS2)CCCC3,MoleculeNet_HIV
hiv_15466,Cc1cc(NS(=O)(=O)c2ccc(Nc3c4ccccc4nc4c(C(=O)Nc5ccc(S(=O)(=O)NC(=N)N)cc5)cccc34)cc2)no1,MoleculeNet_HIV
hiv_21749,CCCCCCCCCCCCCCCCCC(=O)NCCCNCCCNC(=O)CCCCCCCCCCCCCCCCC,MoleculeNet_HIV
hiv_22347,CC(=C(C)c1cc[n+](C)cc1)c1cc[n+](C)cc1.[I-],MoleculeNet_HIV
hiv_18751,Cc1nc(NC(=S)NC(=O)c2ccc(Cl)c(Cl)c2)sc1C(=O)C=Cc1ccccc1[N+](=O)[O-],MoleculeNet_HIV
hiv_12430,Cc1ccc(S(=O)(=O)O)cc1.N=C(NO)NN=Cc1cc2c(cc1Cl)OCO2,MoleculeNet_HIV
hiv_23780,CC1(C)Cc2c(C#N)c(N)c3c(c2CO1)C(=O)OC3=O,MoleculeNet_HIV
davis_42642645,COc1cc2c(Oc3ccc(NC(=O)C4(C(=O)Nc5ccc(F)cc5)CC4)cc3F)ccnc2cc1OCCCN1CCOCC1,DAVIS_spike_in
hiv_35886,COC(=O)c1c(C)cc(OC(=O)c2c(C)cc(O)c(C=O)c2O)c(C)c1O,MoleculeNet_HIV
hiv_31623,CC(C)(C)C1NC(=O)CN1C(=O)OCc1ccccc1,MoleculeNet_HIV
hiv_25292,CC(=O)C(=CNC(=S)c1cccnc1)C(=O)Nc1ccccc1C,MoleculeNet_HIV
hiv_40396,CC(C)(C)C(=O)OC=COC1CCCC1(c1ccccc1)c1ccccc1,MoleculeNet_HIV
hiv_16104,COc1ccc(I)c(CCC(C(=O)O)C2=CCC3(CC2)OCCO3)c1.[LiH],MoleculeNet_HIV
hiv_2190,O=C(Nc1cccc(C(=O)Nc2ccc(C3=NCCN3)cc2)c1)c1ccc(C2=NCCN2)cc1,MoleculeNet_HIV
hiv_32473,CCc1n[nH]c(=O)n1-c1ccc2ccccc2c1,MoleculeNet_HIV
hiv_37867,N#CC(C#N)=C1CCCS(=O)(=O)c2ccccc21,MoleculeNet_HIV
hiv_2091,O=C(Nc1cccc2c1C(=O)c1c(NC(=O)c3ccccc3)ccc(Nc3cccc4c3C(=O)c3ccccc3C4=O)c1C2=O)c1ccccc1,MoleculeNet_HIV
hiv_7029,Cc1nc2ccccc2nc1CC(=N)c1ccccc1,MoleculeNet_HIV
hiv_17183,O=C1NC(=O)C(=Cc2ccc(-c3ccccc3)cc2)C(=O)N1,MoleculeNet_HIV
hiv_38563,Cc1ccc(S(=O)(=O)c2ccsc2NC(=O)c2ccccc2)cc1,MoleculeNet_HIV
hiv_10192,COc1ccc(N=C2SCC(=O)N2NC(=O)CN2C(=O)c3ccccc3C2=O)cc1,MoleculeNet_HIV
hiv_27327,CC(C)(C)C(O)CC(O)(C(F)(F)F)C(F)(F)F,MoleculeNet_HIV
hiv_32776,N#CC(=Cc1cc(O)c(O)c(O)c1)C(=O)NCCCCCNC(=O)C(C#N)=Cc1cc(O)c(O)c(O)c1,MoleculeNet_HIV
hiv_27853,Nc1ccc(N)c(N2C(=O)c3ccccc3C2=O)c1,MoleculeNet_HIV
hiv_26915,CC1CCCCNC1=S,MoleculeNet_HIV
hiv_37289,C1COC2SC3=C(SC(=C4SC5=C(SCCS5)S4)S3)SC2O1,MoleculeNet_HIV
hiv_23641,O=c1ccn(CC2OCC(CO)O2)c(=O)[nH]1,MoleculeNet_HIV
hiv_19519,CC(=O)c1ccc(NC(=O)C(Cc2ccccn2)=NNC(=O)C[N+](C)(C)C)cc1.[Cl-],MoleculeNet_HIV
hiv_33746,CC(C)N1CCCOC(c2ccc([N+](=O)[O-])cc2)O1,MoleculeNet_HIV
hiv_22816,O=[N+]([O-])c1ccc(C2NC3=C(CCCC3)N2)cc1,MoleculeNet_HIV
hiv_37514,c1ccc(CNc2nncc3[nH]cnc23)cc1,MoleculeNet_HIV
hiv_34027,N=c1[nH]c(=O)n(C2OC(CO)C(O)C2O)c2ncc(-c3ccc(-c4ccccc4)cc3)nc12,MoleculeNet_HIV
hiv_37124,COc1ccc(OC(COCc2ccccc2)CC2COC(C)(C)O2)cc1,MoleculeNet_HIV
hiv_34803,COc1ccc(C2C3COc4ccccc4C3=NN2c2ccccc2)cc1,MoleculeNet_HIV
hiv_26991,CCCCC(=O)c1c(O)nc2sccn2c1=O,MoleculeNet_HIV
hiv_12967,N[Pt-2]1(N)[OH+]C(=O)P(=O)([O-])[OH+]1.[Na+],MoleculeNet_HIV
hiv_39619,CC(=O)NC1C(OCc2ccccc2)OC(CO)C(O)C1OC(C)C(=O)NC(C(=O)NC(CCC(=O)NCCCCNc1c2ccccc2nc2cccc([N+](=O)[O-])c12)C(N)=O)C(C)C,MoleculeNet_HIV
hiv_17005,Cc1ccc(NC(=O)C2C(=O)N(c3ccc(C)c(C)c3)C(=O)C2=NO)cc1C,MoleculeNet_HIV
hiv_36400,COc1cc2c(cc1OC)CN1CCc3ccccc3CC1C2,MoleculeNet_HIV
hiv_21126,CCCCCCCCCCCCCCCCCCOc1ccc2c(c1)C1=NC2=NC2=NC(=NC3=NC(=NC4=NC(=N1)c1cc(OCCCCCCCCCCCCCCCCCC)ccc14)c1ccc(OCCCCCCCCCCCCCCCCCC)cc13)c1cc(OCCCCCCCCCCCCCCCCCC)ccc12,MoleculeNet_HIV
hiv_7109,CC(C)CNC12CN3CN(CN(C3)C1)C2,MoleculeNet_HIV
hiv_33084,CC(=O)OC1CCC2C3CCC4=C(C(=O)C=CC4(C)OC(C)=O)C3CCC12C,MoleculeNet_HIV
hiv_6804,COC(=O)c1ccc2cc1N=C1C(C#N)=CNC(=S)N12,MoleculeNet_HIV
hiv_5686,N#CC1(C#N)C2C=CC(C3CCC=C32)C1(C#N)C#N,MoleculeNet_HIV
hiv_17034,NC(=O)OCC(COc1ccc(Cl)cc1)OC(=O)c1cc([N+](=O)[O-])cc([N+](=O)[O-])c1,MoleculeNet_HIV
hiv_14471,CC(C)CCCC(C)C1CCC2C3CC=C4CC(C(=O)NCC[N+](C)(C)CCCS(=O)(O)=[OH+])CCC4(C)C3CCC12C,MoleculeNet_HIV
hiv_22919,Cn1cc(NC(=O)Nc2cc(C(=O)Nc3cc(C(=O)Nc4ccc5c(S(=O)(=O)O)cccc5c4S(=O)(=O)O)n(C)c3)n(C)c2)cc1C(=O)Nc1cc(C(=O)Nc2ccc3c(S(=O)(=O)O)cccc3c2S(=O)(=O)O)n(C)c1.[Na+],MoleculeNet_HIV
hiv_17777,COc1ccc(C(=NNC(=O)NN)C(c2ccc(OC)cc2)C2(O)CNc3c(Cl)cc(Cl)cc32)cc1,MoleculeNet_HIV
hiv_14207,CN1CCc2cc(O)c3cc2C1Cc1ccc(cc1)Oc1cc(ccc1O)CC1c2c(cc4c(c2O3)OCO4)CCN1C,MoleculeNet_HIV
hiv_3772,Cn1c2c(c(=O)[nH]c1=O)OCN(Cc1ccccc1)C2,MoleculeNet_HIV
hiv_21425,Cc1ccc(S(=O)(=O)NN=C(c2nc3ccc(Cl)cc3nc2O)C(O)c2cccc([N+](=O)[O-])c2)cc1,MoleculeNet_HIV
hiv_25836,COc1c(Br)cc(C=C(C#N)c2cccnc2)cc1Br,MoleculeNet_HIV
hiv_5553,NC(C(=O)O)C1CC(Cl)=NO1,MoleculeNet_HIV
hiv_27102,O[Zn-2]12[O+]=C([N-][N+]1=Cc1ccccc1)c1ccccc1[OH+]2,MoleculeNet_HIV
hiv_8082,CC(C)C(NC(=O)C(N)CCC(=O)O)C(=O)O,MoleculeNet_HIV
hiv_11783,Cc1cccc(C)c1NC(=O)CCCC(=O)C1CC(=O)CCC1=O,MoleculeNet_HIV
hiv_5011,CN1C(=O)C=C(C=Nc2ccc(-c3ccccc3)cc2)C2CCCCC21,MoleculeNet_HIV
hiv_40881,CC=CCC1(CC)Oc2cccnc2-n2cccc2C1=O,MoleculeNet_HIV
hiv_4264,O=C1CC2(CCN(Cc3ccccc3)CC2)CC(=O)N1,MoleculeNet_HIV
hiv_38770,OCCCCCCCCCCCOc1ccc(C2OCC3(CC=CCC3)CO2)cc1,MoleculeNet_HIV
hiv_7620,O=C1CC2(C(=O)O1)C1C(=O)OC(=O)C1C1c3ccccc3C=NN12,MoleculeNet_HIV
hiv_36165,Cc1ccc2c(c1)C(C(=O)NC1C(=O)N3C1SC(C)(C)C3C(=O)O)OCCC2.[NaH],MoleculeNet_HIV
hiv_36659,Nc1ccc2ccc(N3CCNCC3)nc2n1,MoleculeNet_HIV
hiv_23440,CCOC(=O)C1=C(C)N2CCOC2(C)C(C(=O)OC)C1c1cccc(Cl)c1,MoleculeNet_HIV
hiv_16125,O=C(C=CCC(O)(c1ccccc1)c1ccccc1)Nc1ccccc1Cl,MoleculeNet_HIV
hiv_31544,CC1(O)C2C(=NO)C3CC1(c1ccccc1)CC(C3=NO)C2c1ccccc1,MoleculeNet_HIV
hiv_3732,CCC(O)(C(=O)O)c1cc2n(c(=O)c1CO)Cc1cc3ccccc3nc1-2.[NaH],MoleculeNet_HIV
hiv_7680,CCN(CC)c1c(C)nnc2c3c(-c4ccccc4)c(-c4ccccc4)nnc3nn12,MoleculeNet_HIV
hiv_35344,CCn1c(=O)ccc2ccc(N(CCO)CCO)nc21,MoleculeNet_HIV
hiv_3953,O=C1CCCC(=O)NNC(=O)NCCCCCCNC(=O)NN1,MoleculeNet_HIV
hiv_33269,CC(C)(C)OC(=O)NC(CSCc1ccc(C(=O)c2ccccc2)cc1)C(=O)N1CCN(CCCCN2c3ccccc3Sc3cc(N=[N+]=[N-])ccc32)CC1,MoleculeNet_HIV
hiv_34873,COC(=O)C1COC(C(C)(C)C)N1C(=O)N1C=CC(=O)CC1C,MoleculeNet_HIV
hiv_18303,COC(=O)CC1(C)C(O)C2OC(C)(C)OC2C1O,MoleculeNet_HIV
hiv_34768,O=C1C2=C(CC3=C(C2)CS(=O)(=O)C3)C(=O)C2=C1CC1=C(C2)CS(=O)(=O)C1,MoleculeNet_HIV
hiv_4181,CCCCNC(=N)NC(=N)N,MoleculeNet_HIV
hiv_16815,COc1ccc2c(c1)[n+]([O-])c(C(=O)CC(=NNC(=O)c1ccccc1O)C(=O)Nc1ccc(Cl)c(C(F)(F)F)c1)c(C)[n+]2[O-],MoleculeNet_HIV
hiv_686,NC(S(=O)(=O)O)S(=O)(=O)O,MoleculeNet_HIV
hiv_19635,CC(CC(=O)NC1=CC=C(NC(=O)CC(C)=NNc2ccccc2)CC1)=NNc1ccccc1,MoleculeNet_HIV
hiv_19756,Cc1cc2c(Br)cc(Br)c(O)c2nc1C(=O)c1ccccc1,MoleculeNet_HIV
hiv_16826,CCc1cccc(C(C)C)c1NC(=O)C(=O)C(CC(=O)Nc1ccc(Cl)c(Cl)c1)C(=O)OC,MoleculeNet_HIV
hiv_33971,COc1ccc(C(OC(=O)C(O[Si](C)(C)C(C)(C)C)C(NC(=O)c2ccccc2)c2ccccc2)c2ccc(OC)cc2)cc1,MoleculeNet_HIV
hiv_21266,COC(=O)C1=COC(C)C2C[n+]3ccc4c([n-]c5ccccc54)c3CC12.Cl,MoleculeNet_HIV
hiv_23722,Brc1c2nc3ccccc3nc2n2ccc3ccccc3c12,MoleculeNet_HIV
hiv_3493,CCOc1ccc(C(=O)CCN2CCC3CCC(C3)C2)cc1,MoleculeNet_HIV
hiv_33524,CC1(C)OC2OC(COC(=O)C=[N+]=[N-])C3OC(C)(C)OC3C2O1,MoleculeNet_HIV
hiv_32071,O=[N+]([O-])c1ccc2[nH]nc(OCc3ccccn3)c2c1,MoleculeNet_HIV
hiv_12640,Cc1[nH]c2ccccc2c1C1Cc2ccccc2N1.Cl,MoleculeNet_HIV
hiv_30051,CC1(C)N=c2c(ncn2Cc2ccccc2)=C(C(N)=O)N1,MoleculeNet_HIV
hiv_7577,O=C1c2cccc3cc([N+](=O)[O-])cc(c23)C(=O)N1CCN1CCCC1,MoleculeNet_HIV
hiv_34207,Clc1cc(OCC23CC4CC(CC(C4)C2)C3)nc(OCC23CC4CC(CC(C4)C2)C3)n1,MoleculeNet_HIV
hiv_1864,CCCCNc1nc(C(F)(F)F)nc2[nH]cnc12,MoleculeNet_HIV
hiv_3353,CC1(C)OCC2OC(n3cnc4c(N)nc(Cl)nc43)C(OS(C)(=O)=O)C2O1,MoleculeNet_HIV
hiv_40638,OC1(c2ccc(Cl)cc2)c2ccccc2C2=Nc3ccccc3CN21,MoleculeNet_HIV
hiv_19774,Cl[Si]1(Cl)Oc2ccccc2O[Si](Cl)(Cl)Oc2ccccc2O1,MoleculeNet_HIV
hiv_3315,c1ccc(CN2COc3ccc4c5c(ccc4c3C2)OCN(Cc2ccccc2)C5)cc1,MoleculeNet_HIV
hiv_724,CCOC(=O)C(=O)C1C(=O)N(C)C2(C)CC1c1ccccc1O2,MoleculeNet_HIV
hiv_20821,CN1CC(=Cc2ccco2)c2nc(N)nc(-c3ccco3)c2C1,MoleculeNet_HIV
hiv_38485,COC1OC(=O)C(OC)C(OC)C1OC,MoleculeNet_HIV
hiv_14168,CCn1cc(C(=O)O)c(=O)c2cc(F)c(N3CCNCC3)nc21,MoleculeNet_HIV
hiv_26566,CCCCCCN(CCCCCC)C(=S)NP(=O)(OCC)OCC,MoleculeNet_HIV
hiv_27013,C#CCOC(=O)C(=[N+]=[N-])C(=O)CC(C)C,MoleculeNet_HIV
hiv_36114,CN(C)c1nc2oc(-c3ccccc3)c(-c3ccccc3)c2c2nncn12,MoleculeNet_HIV
hiv_725,CCCCCCCCCCCCNC(=O)C(O)C(O)C(O)C(COS(=O)(=O)O)OS(=O)(=O)O,MoleculeNet_HIV
hiv_2927,c1ccc(CN2COc3c(c4c(c5ccccc35)OCN(Cc3ccccc3)C4)C2)cc1,MoleculeNet_HIV
hiv_31462,COc1ccc2nc3cc([N+](=O)[O-])ccc3c(NCCCCCN(C)C)c2c1,MoleculeNet_HIV
hiv_16461,NN=C1C(=Cc2ccccc2)CCCC1=Cc1ccccc1,MoleculeNet_HIV
hiv_6585,Cc1ccc(S(=O)(=O)N2CCn3ncc(C#N)c32)cc1,MoleculeNet_HIV
hiv_24635,Cc1ccc(S(=O)(=O)c2scc(-c3ccccc3)c2C)cc1,MoleculeNet_HIV
hiv_13376,CCN(CC)c1ccc(N=C2C=C(Cl)C(=O)c3ncccc32)c(C)c1,MoleculeNet_HIV
hiv_5426,O=C(N=C1OC2C(OC(=O)c3ccccc3)C(COC(=O)c3ccccc3)OC2N1C(=O)c1ccccc1)c1ccccc1,MoleculeNet_HIV
hiv_39376,N#Cc1c(N=Cc2ccccc2)c(C(=O)Nc2ccccc2)n2c1CCC2,MoleculeNet_HIV
hiv_6730,COc1ccc(C2=NNC(=O)CC2)cc1OC,MoleculeNet_HIV
hiv_40550,CC(=O)c1ccc(-c2oc(-c3ccccc3)cc2-c2ccc3c(c2)OCO3)s1,MoleculeNet_HIV
hiv_35434,COC1CC(OC2C(C)OC(OC3C(C)OC(OC4C(O)CC(OC5CCC6(C)C(=CCC7(O)C6CC(OC(=O)C=Cc6ccccc6)C6(C)C(O)(C(C)=O)CCC76O)C5)OC4C)CC3OC)CC2OC)OC(C)C1O,MoleculeNet_HIV
hiv_5987,COC1C=COC2(C)Oc3c(C)c(O)c4c(O)c(c(C=NN5C(C)CC(Cc6ccccc6)CC5C)c(O)c4c3C2=O)NC(=O)C(C)=CC=CC(C)C(O)C(C)C(O)C(C)C(OC(C)=O)C1C,MoleculeNet_HIV
davis_9926054,Cc1ccc2nc(NCCN)c3ncc(C)n3c2c1.Cl,DAVIS_spike_in
hiv_21401,CCC12C=CCN3CCC4(C(=C(C(=O)OC)C1)Nc1ccccc14)C32,MoleculeNet_HIV
hiv_31882,CCOC(=O)C(NC(=O)c1cccc(Cl)c1)(N1CCN(c2cc3c(cc2F)c(=O)c(C(=O)O)cn3C2CC2)CC1)C(F)(F)F,MoleculeNet_HIV
hiv_41071,C=C(COC(=O)CC1(CC(=O)O)CCCC1)C1CCC2(COC(=O)CC3(CC(=O)O)CCCC3)CCC3(C)C(CCC4C5(C)CCC(OC(=O)CC6(CC(=O)O)CCCC6)C(C)(C)C5CCC43C)C12,MoleculeNet_HIV
hiv_32926,O=C(SSC(=O)c1ccccc1)c1ccccc1,MoleculeNet_HIV
hiv_41061,CC1(C)Oc2ccc3ccc(=S)oc3c2C(OC(=O)C23CCC(C)(C(=O)O2)C3(C)C)C1OC(=O)C12CCC(C)(C(=O)O1)C2(C)C,MoleculeNet_HIV
hiv_2561,CCCCCN(CCCCC)CC(=O)OCC1(C)CCCC2(C)C3CCC(C(C)C)=CC3=CCC12,MoleculeNet_HIV
hiv_21167,NS(=O)(=O)c1cc2c(cc1Cl)N=C(C(=O)c1cc(=O)c3ccc(O)cc3o1)N=S2(=O)O,MoleculeNet_HIV
hiv_15968,COC(C)(C)CC=CC(C)=CC=CC(C)=CC=CC(C)=CC=CC=C(C)C=CC=C(C)C=CC=C(C)C=CCC(C)(C)OC,MoleculeNet_HIV
hiv_2059,O=P(N1CC1)(N1CC1)N1CC2CCC(CC2)C1,MoleculeNet_HIV
hiv_34402,CC1CC(NN(C)C)C2(C(N)=O)C(=N)NC(=O)C12C#N,MoleculeNet_HIV
hiv_6977,CC(C)CC(=O)NC(C(=O)NC(C(=O)NC(CC(C)C)C(O)CC(=O)NC(C)C(=O)NC(CC(C)C)C(O)CC(=O)O)C(C)C)C(C)C,MoleculeNet_HIV
hiv_2541,CC1CCC(C(C)C2C(O)CC3C4CCC5CC(O)CCC5(C)C4CCC32C)NC1,MoleculeNet_HIV
hiv_9693,O=C1c2ccoc2C(=O)c2oc(=O)ccc21,MoleculeNet_HIV
hiv_13793,NC(CCc1nc(-c2ccccc2)cs1)C(=O)O,MoleculeNet_HIV
hiv_3915,O=C1c2cccc3cccc(c23)C(=O)N1c1ncn[nH]1,MoleculeNet_HIV
hiv_23615,Cc1ccc(N2C(=O)C(=C3Sc4c(nc(C)n(C)c4=O)N3c3ccccc3)SC2=S)cc1,MoleculeNet_HIV
hiv_20761,O=C(c1ccc(Cl)cc1)c1ccc(OCC(=O)N2CCN(c3ccccc3)CC2)cc1,MoleculeNet_HIV
hiv_4156,O=C1NC(O)CCN1C1OC(CO)C(O)C1O,MoleculeNet_HIV
hiv_37902,CC(C)(C)n1c(=O)[nH]n(C2NN=Cc3cccc4cccc2c34)c1=O,MoleculeNet_HIV
hiv_17355,COc1ccccc1C=CC(=O)c1ccccc1,MoleculeNet_HIV
hiv_3818,CN1COc2c(n(C)c(=O)[nH]c2=O)C1,MoleculeNet_HIV
hiv_35481,Cc1ccc(C=CC(=O)c2c([O-])on[n+]2-c2ccccc2)cc1,MoleculeNet_HIV
hiv_20198,Cc1cc(C)nc(NS(=O)(=O)c2ccc(Nc3c4ccccc4nc4c(C(=O)N5CCN(CCOS(C)(=O)=O)CC5)cccc34)cc2)n1,MoleculeNet_HIV
hiv_3455,CC1(C)C2C3CCC2C2C[S+]1CC23,MoleculeNet_HIV
hiv_6890,CC(=O)Nc1ncc2ccccc2c1-c1ccc(NC(=O)CN(CCO)CCO)cc1,MoleculeNet_HIV
hiv_30086,O=C1c2cc3c(cc2CC12Cc1cc4c(cc1C2)CCC4)CCC3,MoleculeNet_HIV
hiv_26695,CCCCCCCCCCC[N+]1(Cc2ccccc2)CC2CCN(Cc3ccccc3)CC2C1.[Br-],MoleculeNet_HIV
hiv_29904,O=CC(O)C(O)C(O)C(O)C(=O)NCCCCCCCCCCCCNC(=O)C(O)C(O)C(O)C(O)C=O,MoleculeNet_HIV
hiv_14111,CC(=O)Oc1c(C(C)C)cc2c(c1OC(C)=O)CC1(C)OC(=O)CC(C)(C)C1(OC(C)=O)C=C2,MoleculeNet_HIV
hiv_13999,COc1cc2ccnc(-c3n[nH]c4cc(OC)c(OC)cc34)c2cc1OC,MoleculeNet_HIV
hiv_11342,COC1OC2=CCC3C(=O)NC(=O)C3C2C(OC)C1OC,MoleculeNet_HIV
hiv_6275,CC(=O)NC(CSSCC(NC(C)=O)C(=O)O)C(=O)O,MoleculeNet_HIV
hiv_30094,CC(=O)c1c2c(cc3c1CC1(Cc4ccccc4C1=O)C3)CCC2,MoleculeNet_HIV
hiv_27795,CN1C(CC(O)c2ccccc2)CCCC1CC(O)c1ccccc1,MoleculeNet_HIV
hiv_36100,COc1ccc(NC(=O)CC(=O)N2N=C(N3c4ccccc4Sc4ccccc43)CC2c2ccccc2)cc1,MoleculeNet_HIV
hiv_40872,CC(C)Sc1nc(C#N)cc2c1CCCC2,MoleculeNet_HIV
hiv_40399,COCc1cc2c(cc1C(=C[N+](=O)[O-])CS(=O)(=O)c1ccccc1)OCO2,MoleculeNet_HIV
hiv_39899,CCCCC1C=Cn2c(=O)oc3c(OC(C)C)c(OC(C)C)c(O)c1c32,MoleculeNet_HIV
hiv_30574,c1ccc(N=C2C(=Nc3ccccc3)N(C3CCCCC3)C(=NC3CCCCC3)N2c2ccccc2)cc1,MoleculeNet_HIV
hiv_29056,O=[N+]([O-])c1ccccc1S(=O)(=O)c1cc(O)cc2c1NCCC2,MoleculeNet_HIV
hiv_5735,Clc1ccc(NC2=NCCCS2)c2ccccc12,MoleculeNet_HIV
hiv_7809,CC1CCC2(OC2(C)C)C(=O)C1,MoleculeNet_HIV
hiv_14938,O=C(O)C#CC(=O)O,MoleculeNet_HIV
hiv_39707,O=C1c2ccccc2C(=O)N1CCCSCC(CO)SCCCN1C(=O)c2ccccc2C1=O,MoleculeNet_HIV
hiv_30123,COC(=O)c1ccccc1CC1Cc2cc3c(cc2C1=O)CCC3,MoleculeNet_HIV
hiv_13968,CC(C(N)=O)N(C)C(=O)c1cc2ccccc2[n+](Cc2ccccc2)c1.[Br-],MoleculeNet_HIV
hiv_9042,O=NC1=C(c2ccccc2)Nc2ccccc2S1,MoleculeNet_HIV
hiv_30946,CC1=CCCC2(C)OC2C2OC(=O)C(C)C2CC1O,MoleculeNet_HIV
hiv_18080,COc1cccc2c1[OH+][Cu-5]13(O)([O+]=C(N)[N-][N+]1=C2)[n+]1cccc2ccc4ccc[n+]3c4c21,MoleculeNet_HIV
hiv_38503,Cc1ccc(C=CC(=O)Oc2ccc(C=C3CCCC(=Cc4ccc(OC(=O)C=Cc5ccc(C)cc5)cc4)C3=O)cc2)cc1,MoleculeNet_HIV
hiv_408,O=S(=O)(O)CS(=O)(=O)O,MoleculeNet_HIV
hiv_37717,O=c1nc2[nH]ncn2c2ccccc12,MoleculeNet_HIV
hiv_37557,S=C(c1c[nH]c2ccccc12)N1CCN(Cc2ccccc2)CC1,MoleculeNet_HIV
hiv_12637,Cc1ccccc1[C-]1C(=O)c2cc(Cl)ccc2[N+]1=O,MoleculeNet_HIV
hiv_35096,CC(C(O)Cc1ccccc1)N(C)N=Nc1ccc([N+](=O)[O-])cc1,MoleculeNet_HIV
hiv_15884,COC(=O)C1CC=CCCC1=O,MoleculeNet_HIV
hiv_623,CCCC1OC(CCC)C2CCCOC2O1,MoleculeNet_HIV
hiv_22579,CC1(C)COC(c2c(-c3ccccc3)noc2CS(=O)c2ccccc2)=N1,MoleculeNet_HIV
hiv_34261,COc1ccc2c(c1)OCC1Cc3cc4c(cc3OC21)OCO4,MoleculeNet_HIV
hiv_35677,CC(C)Oc1c(-c2c(OC(C)C)c(=O)c2=O)c(=O)c1=O,MoleculeNet_HIV
hiv_821,CC(O)CSP(=S)(Oc1ccccc1)Oc1ccccc1,MoleculeNet_HIV
hiv_181,O=c1ssc(=Nc2ccccc2)n1-c1ccccc1,MoleculeNet_HIV
hiv_9568,O=c1c(-c2ccc3c(c2)OCO3)coc2c3c(ccc12)OCO3,MoleculeNet_HIV
hiv_736,O=C1CC(=O)N(CCc2ccncc2)C(=O)N1CCc1ccncc1,MoleculeNet_HIV
hiv_27816,O=C(NCCN1CCCCC1)c1ccc(I)cc1,MoleculeNet_HIV
hiv_21388,O=C(O)c1cc(CNc2ccc(C=Cc3ccc(NCc4ccc(O)c(C(=O)O)c4)cc3S(=O)(=O)O)c(S(=O)(=O)O)c2)ccc1O.[NaH],MoleculeNet_HIV
hiv_21780,N#CCCN(c1ccc(C=Nc2ccc(C(=O)O)cc2)cc1)S(=O)(=O)c1ccccc1,MoleculeNet_HIV
hiv_4737,CCCOC(=O)C(C)(C)C(OP(OCCC)OCCC)=C(C)C,MoleculeNet_HIV
hiv_14579,Cc1cc(C)nc(NS(=O)(=O)c2ccc(NC(=O)COC(=O)c3cccc4c(=O)c5ccccc5[nH]c34)cc2)n1,MoleculeNet_HIV
hiv_36681,Cc1ccc(-c2cc(=O)c(=O)[nH][nH]2)cc1,MoleculeNet_HIV
hiv_9836,COc1cc2c(c(OC3OC(CO)C(O)C(O)C3O)c1)C(=O)CC(c1ccc(O)cc1)O2,MoleculeNet_HIV
hiv_10890,Cc1oc2c(c(=O)c1C)CN(Cc1ccccc1)CC2,MoleculeNet_HIV
hiv_986,N=c1nn[nH]n1-c1ccccc1,MoleculeNet_HIV
hiv_13834,CSc1nc(O)c(N=CC=Nc2c(O)nc(SC)nc2NC2OC(COC(C)=O)C(OC(C)=O)C(OC(C)=O)C2OC(C)=O)c(NC2OC(COC(C)=O)C(OC(C)=O)C(OC(C)=O)C2OC(C)=O)n1,MoleculeNet_HIV
hiv_19079,CCN(CC)CCNC(=O)c1ccccc1NC(=O)C(=O)Nc1ccccc1C(=O)NCCN(CC)CC,MoleculeNet_HIV
hiv_31682,CCOC(=O)C#CC(=O)OCC,MoleculeNet_HIV
hiv_36276,Cc1ccc2c3c4c(ccc13)C(C)(C)OC4=C(C(C)C)C2=O,MoleculeNet_HIV
hiv_10874,C[N+](C)(C)CCOP(=O)(O)OP(O)(=[OH+])OCC1CCC(n2ccc(=N)[nH]c2=O)O1.[LiH],MoleculeNet_HIV
davis_156422,Cc1ccc(-n2nc(C(C)(C)C)cc2NC(=O)Nc2ccc(OCCN3CCOCC3)c3ccccc23)cc1,DAVIS_spike_in
hiv_4330,CC(C)C1CC=CCC12C(=O)NC(=O)NC2=O,MoleculeNet_HIV
hiv_32279,CC1C=C(NCC2(CO)CCC2)NC(=N)N1,MoleculeNet_HIV
hiv_30321,Cl.N=C(N)NN=Cc1c(-c2ccc(Cl)cc2)nc2sccn12,MoleculeNet_HIV
hiv_39814,N=c1[nH]onc1-c1noc(-c2no[nH]c2=N)[n+]1[O-],MoleculeNet_HIV
hiv_31468,CC1(C#N)N(C(=O)c2ccccc2)c2ccccc2N1C(=O)c1ccccc1,MoleculeNet_HIV
hiv_5989,CNC(C)(C)C(SSSC(c1ccc(Cl)cc1)C(C)(C)NC)c1ccc(Cl)cc1,MoleculeNet_HIV
hiv_15738,CCCC[Sn](CCCC)(OC(=O)CN)OC(=O)CN,MoleculeNet_HIV
hiv_25504,O=C1CSc2ccnc(=O)n21,MoleculeNet_HIV
hiv_32324,N#Cc1c(-c2ccc(Cl)cc2)c2c(n(C3OC(CO)C(O)C(O)C3O)c1=S)CCCC2,MoleculeNet_HIV
hiv_37067,c1ccc(C2OCC(OC3CCCCO3)CO2)cc1,MoleculeNet_HIV
hiv_27348,Cc1cc(C)c(-c2noc(=NS(=O)(=O)c3ccc(Cl)cc3)o2)c(C)c1,MoleculeNet_HIV
hiv_37374,O=c1c(-c2ccccc2)c(SCc2cc(O)nc(O)n2)n(-c2ccccc2)c(=S)n1-c1ccccc1,MoleculeNet_HIV
hiv_31005,COc1cccc(C(=O)Oc2ccc(OS(=O)(=O)c3ccc(C)cc3)cc2)c1C#N,MoleculeNet_HIV
hiv_12581,N#CCC(=O)NN=C(C(=O)Nc1ccccc1)C1C(=N)NN(c2ccccc2)C1=O,MoleculeNet_HIV
hiv_19119,CC1CC(c2ccc([N+](=O)[O-])cc2)=Nc2ccccc2S1=O,MoleculeNet_HIV
hiv_27539,CC1CCCC1=C(I)C(=O)c1ccccc1,MoleculeNet_HIV
hiv_21977,CCOC(=O)C1=C(C)NC2=C(C(=O)N(c3ccccc3)C2c2ccccc2)C1c1ccccc1,MoleculeNet_HIV
hiv_16256,CCOC(=O)c1nc(-c2ccccc2)c(-c2ccccc2)c(-c2ccccc2)c1C,MoleculeNet_HIV
hiv_16079,N#CC(c1ccc(Cl)cc1)c1cccc(C(C#N)c2ccc(Cl)cc2)n1,MoleculeNet_HIV
hiv_2932,Nc1nc(N)c2c(n1)C(=O)N(Cc1ccccc1)C2,MoleculeNet_HIV
hiv_6551,CC1C=CC(C(=O)O)C2C(=O)OC(=O)C12,MoleculeNet_HIV
hiv_9527,CN1C(=O)C(=c2sc3nc4ccccc4n3c2=O)c2ccccc21,MoleculeNet_HIV
hiv_16000,CCCC(=O)OCC1=CCC2c3c(c4ccccc4n3C)CC1N2Cc1ccccc1,MoleculeNet_HIV
hiv_20335,Cc1ccc(N2C(=O)C(=Cc3ccc(N(CCC#N)CCC#N)cc3)N=C2COc2ccc(Cl)cc2Cl)cc1,MoleculeNet_HIV
hiv_28630,CC(N)C(O)CC=CCC(O)C=CC=CCC=CCC=CCC=CCCCCCCC(O)C(C)N,MoleculeNet_HIV
hiv_40632,Cc1nnc(Sc2nc(C#N)c(C#N)nc2Sc2nnc(C)s2)s1,MoleculeNet_HIV
hiv_27748,CN1c2ccccc2C(=O)NC12CCN(CCCC(=O)c1ccc(F)cc1)CC2.Cl,MoleculeNet_HIV
hiv_17227,CCOC(=O)CC1COc2ccc3c(c21)OCO3,MoleculeNet_HIV
hiv_1148,c1csc(-c2nc3sc(-c4cccs4)nc3s2)c1,MoleculeNet_HIV
hiv_6612,O=C1CCc2c(Cl)sc(Cl)c21,MoleculeNet_HIV
hiv_28028,Cl.O=C1CC2(CCN(CC3COc4ccccc4O3)CC2)C(=O)N1N1CCCCCC1,MoleculeNet_HIV
hiv_27101,CC(=O)[OH+][Ni-4]12(O)([O+]=C(c3ccncc3)[N-][N+]1=Cc1ccsc1)[n+]1cccc3ccc4ccc[n+]2c4c31,MoleculeNet_HIV
hiv_21001,CCCCNC1C2C3CC4C5CC(C42)C1(C)C53.Cl,MoleculeNet_HIV
hiv_4605,O=C1OC(=O)c2cnccc21,MoleculeNet_HIV
hiv_40078,Nc1nc(Cl)cc(NC23CC4CC(CC(C4)C2)C3)n1,MoleculeNet_HIV
hiv_3382,O=C1O[Cu-3]2(Oc3c1cc1ccccc1c3Br)Oc1ccc([N+](=O)[O-])c3ccc[n+]2c13,MoleculeNet_HIV
hiv_10217,O=C1N(Cc2ccccc2)C2CS(=O)(=O)CC2N1Cc1ccccc1,MoleculeNet_HIV
hiv_40422,COC1OC2CCN3C(=O)C(OC(=O)c4ccc([N+](=O)[O-])cc4)C1C23,MoleculeNet_HIV
hiv_39138,Cc1ccc(S(=O)(=O)c2c(O)c3ccccc3n(C)c2=O)cc1,MoleculeNet_HIV
hiv_38106,C#CCNCC(=O)O,MoleculeNet_HIV
hiv_7468,CC(C)S(=O)(=O)c1s[nH]c(=O)c1-c1ccccc1,MoleculeNet_HIV
davis_16725726,CCn1c(-c2nonc2N)nc2c(C#CC(C)(C)O)ncc(OCC3CCCNC3)c21,DAVIS_spike_in
hiv_4169,CCC1CN2CCc3cc(OC)c(OC)cc3C2CC1CC1c2cc(OC)c(OC)cc2CCN1C(=O)C(N)Cc1ccccc1.[O-][Cl+3]([O-])([O-])O,MoleculeNet_HIV
hiv_29159,C=C1CC(COc2ccc3c(C)c(C)c(=O)oc3c2C)(c2ccccc2)OC1=O,MoleculeNet_HIV
hiv_10533,CC(=O)Nc1ccc2cc(-c3ccc(Cl)cc3)c3nnnn3c2n1,MoleculeNet_HIV
hiv_38726,CN(C)CCCNC(=O)c1cc(NC(=O)c2cc(NC(=O)c3cc(NC(=O)c4cncc(C(=O)Nc5cc(C(=O)Nc6cc(C(=O)Nc7cc(C(=O)NCCCN(C)C)n(C)c7)n(C)c6)n(C)c5)c4)cn3C)cn2C)cn1C,MoleculeNet_HIV
hiv_7708,Cc1ccc(NC(=O)Nc2sc(=S)c3c(c2C#N)CCCC3)c(C)c1,MoleculeNet_HIV
hiv_32089,N#CC1=C(N2CCCC2)NC(=O)CC1=O,MoleculeNet_HIV
hiv_21594,Cc1ccc2c(c1)SC(c1cc3c(cc1Br)OCO3)S2,MoleculeNet_HIV
hiv_8363,O=C1c2ccccc2C(=O)N1N1CC1c1ccccc1,MoleculeNet_HIV
hiv_23520,Nc1ncnc2c1ncn2C1CC(OCc2ccccc2[N+](=O)[O-])C(CO)O1,MoleculeNet_HIV
hiv_18049,COc1cccc2c1[OH+][Pd-2]1(O)[O+]=C(N)[N-][N+]1=C2,MoleculeNet_HIV
hiv_8726,CCOC(CN(C)C(=O)OCC(Cl)(Cl)Cl)OCC,MoleculeNet_HIV
hiv_12064,CC(=O)N(CCN)CCN,MoleculeNet_HIV
hiv_22824,c1ccc2[nH]c(-c3nc4ccccc4s3)nc2c1,MoleculeNet_HIV
hiv_25211,CCOC1CC(C)N(C(=O)c2ccccc2)O1,MoleculeNet_HIV
hiv_35401,Cc1ccc(NC2=NC(=Cc3ccccc3)C(Cl)=N2)cc1,MoleculeNet_HIV
hiv_21719,CSCCC(NC(=O)C(CC(C)C)NC(=O)C1CCCN1C(=O)C(Cc1ccccc1)NC(=O)C(Cc1ccccc1)NC(=O)C(CCC(=O)O)NC(=O)OC(C)(C)C)C(N)=O,MoleculeNet_HIV
hiv_5610,COC(=O)C1CC2c3[nH]c4ccccc4c3CCN2C1,MoleculeNet_HIV
hiv_38732,COc1ccc(C(=O)N2CCN(c3ccc4c(c3)OCC(=O)N4)CC2)cc1,MoleculeNet_HIV
hiv_12024,C=CCCCC(C(=O)OCC)C(=O)OCC,MoleculeNet_HIV
hiv_35515,N#Cc1nc(-c2ccccc2C(=O)O)oc1N,MoleculeNet_HIV
hiv_30352,[N-]=[N+]=NCC1OCOC(CN=[N+]=[N-])C2OCCOCCOc3ccccc3OCCOCCOC12,MoleculeNet_HIV
hiv_9100,Cn1c2ccccc2c2nnc(NN=Cc3ccncc3)nc21,MoleculeNet_HIV
hiv_38808,CCCCc1ccc(-n2sc3ncc([N+](=O)[O-])cc3c2=O)cc1,MoleculeNet_HIV
hiv_29998,CC12CCCC3(CC(=O)C(C)(C)C3C(=O)C1)C2,MoleculeNet_HIV
hiv_11921,CCOC(=O)C1Oc2ccc([N+](=O)[O-])c3c2C1(O)CCC3,MoleculeNet_HIV
hiv_9281,Cc1cc(OCc2nnc3n2S(=O)(=O)c2ccccc2N3C)ccc1Cl,MoleculeNet_HIV
hiv_28375,Cc1ccc(S(=O)(=O)NN=C2CC3CCC2C3)cc1,MoleculeNet_HIV
hiv_20414,c1ccc(CCCC2Sc3cccc4cccc(c34)S2)cc1,MoleculeNet_HIV
hiv_34186,Cc1c(C(=O)Nc2ccccc2)nnn1-c1ccnc2cc(C(F)(F)F)ccc12,MoleculeNet_HIV
hiv_24384,CC(=O)[O-].O=[N+]([O-])c1ccc2c(c1)C=[N+]1CC[N+]3=Cc4cc([N+](=O)[O-])ccc4[OH+][Mn+3]13[OH+]2,MoleculeNet_HIV
hiv_3758,Cc1ccccc1NP1(=O)OCCCN1Cc1ccc(Cl)c(Cl)c1,MoleculeNet_HIV
hiv_4630,c1ccc2c(c1)nnn1c3cnccc3nc21,MoleculeNet_HIV
hiv_12833,C=C1C(=O)OC2C1CCC(C)=C1C=CC(=O)C12C,MoleculeNet_HIV
hiv_38738,O=C1CNc2cc(N3CCCCC3)ccc2N1,MoleculeNet_HIV
hiv_26620,O=C(NN=C1CCc2ccccc2C1)NN=C1CCc2ccccc2C1,MoleculeNet_HIV
hiv_5373,O=C1CCC23C=CC(=O)NCCCCNCCCNC(=O)C=Cc4ccc(c2c4)OC3C1,MoleculeNet_HIV
hiv_36443,O=c1n(-c2ccccc2)c(=O)n2c(-c3ccccc3)c(-c3ccccc3)n12,MoleculeNet_HIV
hiv_23623,C#CC1(O)CCC2C3CCc4cc(Oc5nc(F)nc(-c6c7ccccc7c7sc8ccccc8n67)n5)ccc4C3CCC21C,MoleculeNet_HIV
hiv_15046,N#CCCN(CCC#N)c1ccc(C=C2CC(O)(c3ccccc3)NC2=O)cc1,MoleculeNet_HIV
hiv_29615,CC(CC1SCCCS1)=C(C)CC1SCCCS1,MoleculeNet_HIV
hiv_6754,CCCCCCCCCCCCCCCCCCCCC(C(=O)OCC)S(=O)(=O)O,MoleculeNet_HIV
hiv_7136,N#Cc1ncc(C[PH](c2ccccc2)(c2ccccc2)c2ccccc2)nc1N,MoleculeNet_HIV
hiv_15013,CCCCCCC(=O)CC(CCC(=O)N(Cc1ccccc1)Cc1ccccc1)=NNc1ccc([N+](=O)[O-])cc1[N+](=O)[O-],MoleculeNet_HIV
hiv_6756,COc1cc2c(c(OC)c1OC)CCC1(C)C(=O)NN=C21,MoleculeNet_HIV
hiv_16423,Nc1c(S(=O)(=O)O)cc(S(=O)(=O)O)c2ccc(N=Nc3ccc(CCc4ccc(N=Nc5ccc6c(S(=O)(=O)O)cc(S(=O)(=O)O)c(N)c6c5O)cc4S(=O)(=O)O)c(S(=O)(=O)O)c3)c(O)c12.[NaH],MoleculeNet_HIV
hiv_22664,ClCC1(CCl)COC1,MoleculeNet_HIV
hiv_396,O=C(O)C=CCCCCCCCCC(=O)O,MoleculeNet_HIV
hiv_8357,CCOC(=O)c1cc(-c2ccccc2)c(=O)c(OC)nc1-c1ccccc1,MoleculeNet_HIV
hiv_9579,CCCC1C(CCC)C2(OC(=O)C3=C2CCC=C3)C12OC(=O)C1=C2CCC=C1,MoleculeNet_HIV
hiv_23587,c1ccc(C2OCCO2)c(OCCOc2cc(OCCOc3ccccc3C3OCCO3)c(OCCOc3ccccc3C3OCCO3)cc2OCCOc2ccccc2C2OCCO2)c1,MoleculeNet_HIV
hiv_4467,CC(=O)OC1c2ccccc2C2c3ccccc3C1C2(C)C(Cl)(Cl)Cl,MoleculeNet_HIV
hiv_29965,O=C(OCCN=C1c2ccccc2CCc2ccccc21)c1ccccc1,MoleculeNet_HIV
hiv_15259,CCc1cc(CCC(=O)Nc2c(C)cccc2C)n[nH]1,MoleculeNet_HIV
hiv_13791,NC(CCCC(N)P(=O)(O)O)P(=O)(O)O,MoleculeNet_HIV
hiv_5904,S=C1NC(c2ccco2)N2C(=S)NC(c3ccco3)N12,MoleculeNet_HIV
hiv_40256,CC(C)(C)[Si](C)(C)OCC1OC(n2ccc(=O)[nH]c2=O)C(O[Si](C)(C)C(C)(C)C)C1=CCO,MoleculeNet_HIV
hiv_10146,CSc1nc(NC2OCC(O)C(O)C2O)cc(=O)n1C,MoleculeNet_HIV
hiv_21857,C=C(C)CC(C)(c1cc2ccccc2n1C)N1CCOCC1,MoleculeNet_HIV
hiv_1863,O=C1NC(=O)C(=NO)C(=O)N1,MoleculeNet_HIV
hiv_1930,CC(=O)OCC(=O)C1(O)CCC2C3CCC4=CC(=O)CC(SC(C)=O)C4(C)C3CCC21C,MoleculeNet_HIV
hiv_35381,O=c1[nH]c2nc3ccccc3c(=O)n2c1=Cc1cccs1,MoleculeNet_HIV
hiv_13314,O=C(O)Cc1cc(O)nc2c1C(=NO)CCC2,MoleculeNet_HIV
hiv_6748,CCOC(=O)c1cnc2c(ccc3ncccc32)c1NCCCN(CC)CC,MoleculeNet_HIV
hiv_772,CCC1(O)CC(OC2CC(N(C)C)C(OC3CC4OC5CC(=O)C(C)OC5OC4C(C)O3)C(C)O2)c2c(cc3c(c2O)C(=O)c2c(O)ccc(O)c2C3=O)C1C(=O)OC,MoleculeNet_HIV
hiv_33610,COP(=O)(C=Cc1cc(C(=O)OCc2ccccc2)n(S(=O)(=O)c2ccccc2)c1)OC,MoleculeNet_HIV
hiv_25137,O=[N+]([O-])c1ccc(Cl)cc1NN=Cc1ccnc2ccccc12,MoleculeNet_HIV
hiv_38951,COc1ccc2[nH]c3c(c2c1)CC(=O)N1CCCC(C1)CC31OCCCO1,MoleculeNet_HIV
hiv_32723,Cn1c2ccccc2c(=NNc2cccc(C(=O)O)c2)c2ccccc21,MoleculeNet_HIV
hiv_17239,O=C1C(=Cc2ccc3c(c2)OCCO3)CCCC1=Cc1ccc2c(c1)OCCO2,MoleculeNet_HIV
hiv_33169,C=C1C(=O)OC2C1CC1OC2C(C)CCCC2(C)OC2CCC1(C)O,MoleculeNet_HIV
hiv_34930,N#CC(=Cc1ccccc1)C(=O)Nc1nnc(-c2ccccc2)o1,MoleculeNet_HIV
hiv_38353,Cc1cn(C2CC(N(O)C3C4CC5CC(C4)CC3C5)C(CO)O2)c(=O)[nH]c1=O,MoleculeNet_HIV
hiv_38981,Cc1c(C=NNC(=S)Nc2ccc(Cl)cc2)c(=O)n(-c2ccccc2)n1C,MoleculeNet_HIV
hiv_34841,CC(=O)Oc1cc(C=C(C#N)C(=O)NCCCCNC(=O)C(C#N)=Cc2cc(OC(C)=O)c(OC(C)=O)c(OC(C)=O)c2)cc(OC(C)=O)c1OC(C)=O,MoleculeNet_HIV
hiv_133,ClC(Cl)(Cl)C1OCOC(C(Cl)(Cl)Cl)OCO1,MoleculeNet_HIV
hiv_39149,C1=Nc2ccc(cc2)-c2ccc(cc2)N=Cc2ccc(cc2)OCc2cccc(n2)COc2ccc1cc2,MoleculeNet_HIV
hiv_7917,CCOC(=O)C1([Bi](C)C)N=NC(C(=O)OC)=C1C(=O)OC,MoleculeNet_HIV
hiv_459,N#CC1(c2ccccc2)CCOCC1,MoleculeNet_HIV
hiv_24250,COc1ccc(C(C)=NNC(=O)c2ccncc2)c(OC)c1,MoleculeNet_HIV
hiv_16742,N#CC(C(=NNC(N)=S)C(=NNC(N)=S)C(C#N)c1ccccc1)c1ccccc1,MoleculeNet_HIV
hiv_39625,CN(C)c1ccc(C=NCC2CCCN3CCCCC23)cc1,MoleculeNet_HIV
hiv_16751,Cc1c(Cl)ccc2c1NC(=O)C2(O)CC(=O)c1ccc2ccccc2c1,MoleculeNet_HIV
hiv_20007,Cc1ccc(C(=O)Nc2ccc(S(=O)(=O)O)c3cc(S(=O)(=O)O)cc(S(=O)(=O)O)c23)cc1NC(=O)c1cccc(NC(=S)Nc2cccc(C(=O)Nc3cc(C(=O)Nc4ccc(S(=O)(=O)O)c5cc(S(=O)(=O)O)cc(S(=O)(=O)O)c45)ccc3C)c2)c1.[NaH],MoleculeNet_HIV
hiv_33394,CC(=O)Oc1ccn2nc(C)c(Br)c2c1,MoleculeNet_HIV
hiv_13685,O=c1c2ccccc2nc(-c2cccc(Cl)c2)n1NC1OC(CO)C(O)C(O)C1O,MoleculeNet_HIV
hiv_16404,NN=c1c2ccccc2c2ccc3c4ccccc4c(=NN)c3c12,MoleculeNet_HIV
hiv_10237,COC(=O)C1C2CCCN2OC1(C)CO,MoleculeNet_HIV
hiv_28476,O=P1(c2ccccc2)c2ccccc2-c2ccccc21,MoleculeNet_HIV
hiv_14441,COc1ccc2c(-c3cc4ccccc4o3)cc(=O)oc2c1,MoleculeNet_HIV
hiv_681,CN1CCCCCCC1CO,MoleculeNet_HIV
hiv_3875,c1snnc1-c1cnns1,MoleculeNet_HIV
hiv_24445,Cc1cccc2c1Oc1cc(Cl)ccc1C2NC(=O)CCN1CCN(CCO)CC1,MoleculeNet_HIV
hiv_28914,CN(C)c1cc[n+](-c2nc([N-]C(=O)C(F)(F)F)nc3c2ncn3C2CC(O)C(CO)O2)cc1,MoleculeNet_HIV
hiv_37070,COC(=O)c1cc2c(o1)Sc1ccccc1NC2=O,MoleculeNet_HIV
hiv_4534,CCCCCCCCCCCCCCCCSS(=O)(=O)CCCCCCCC,MoleculeNet_HIV
hiv_32143,COC(CN(C(C)=O)C1CCC2(SCCS2)c2[nH]c3ccccc3c21)OC,MoleculeNet_HIV
hiv_14495,CC(=O)[OH+][Co-4](N)(N)(N)(N)N.[O-][Cl+3]([O-])([O-])[OH2+],MoleculeNet_HIV
hiv_20745,O=C(C=Cc1ccc(OCCSCCCCCCCCCCSCCOc2ccc(C=CC(=O)c3ccc(Cl)cc3)cc2)cc1)c1ccc(Cl)cc1,MoleculeNet_HIV
hiv_7589,O=S1(=O)C(c2ccccc2)=C(O)c2cc3ccccc3nc21,MoleculeNet_HIV
hiv_38367,CN1C(=O)CC(=O)N1C(=Cc1ccccc1)c1ccccc1,MoleculeNet_HIV
hiv_2767,Nc1ccc2nc3ccc(O)cc3nc2c1.[Na]S[Na],MoleculeNet_HIV
hiv_2054,CCOC(=O)NC(C)(C)CN(CCO)C(=O)OCC,MoleculeNet_HIV
hiv_37021,CC1C(OCc2ccccc2)COC(=O)N1Cc1ccccc1,MoleculeNet_HIV
hiv_21102,CC(c1ccccc1)[N+](=O)[CH-]c1ccccc1,MoleculeNet_HIV
hiv_36926,[O-][n+]1onc(-c2ccccc2)c1CO,MoleculeNet_HIV
hiv_6179,O=S(CC=CCS(=O)c1ccccc1)c1ccccc1,MoleculeNet_HIV
hiv_16492,O=S(=O)(O)CS(=O)(=O)OCCCl.[NaH],MoleculeNet_HIV
hiv_30035,N#CC(N)=C(C#N)N=CNCCO,MoleculeNet_HIV
hiv_35382,O=c1[nH]c2nc3ccccc3c(=O)n2c1=Cc1ccco1,MoleculeNet_HIV
hiv_11917,COc1ccc(OC(C)C(=O)O)c2c(=O)ccccc12,MoleculeNet_HIV
hiv_32156,COc1cc(C(=O)OC2C(OC)OC3COC(c4ccccc4)OC3C2OC(=O)c2cc(OC)c(OC)c(OC)c2)cc(OC)c1OC,MoleculeNet_HIV
hiv_19214,COC(=O)C(Cc1nc2ccccc2nc1O)C(NO)C(=O)Nc1c(Cl)cc([N+](=O)[O-])cc1Cl,MoleculeNet_HIV
hiv_11976,CCOC(=O)COc1cccc2c1C(=O)CCO2,MoleculeNet_HIV
hiv_40978,CCC1(CCCC=C(c2cc(Cl)c(OC)c(C=O)c2)c2cc(Cl)c(OC)c(CO)c2)OCCO1,MoleculeNet_HIV
hiv_37771,N#CC(C(=O)c1ccccc1F)c1nc2ccccc2[nH]1,MoleculeNet_HIV
hiv_35967,Cc1ccc(OCC2OC(n3cnc4nc(Cl)nc(Cl)c43)CC2Oc2ccc(C)cc2)cc1,MoleculeNet_HIV
hiv_21564,COc1cc(C=C(OC(C)=O)c2ccc3c(c2)OCO3)cc(OC)c1OC,MoleculeNet_HIV
hiv_18760,Cc1nc(-n2nc(-c3ccccc3)cc2-c2ccccc2)sc1C(=O)C=Cc1ccc([N+](=O)[O-])cc1,MoleculeNet_HIV
hiv_34805,NC1N=C(c2ccc(Cl)cc2)C2=C(N1)c1ccccc1CC2,MoleculeNet_HIV
hiv_23505,c1ccc(Nc2nnc(-c3nsc4ccccc34)o2)cc1,MoleculeNet_HIV
hiv_12374,CC(=O)C1(c2ccccc2)CCCN(C)CC1,MoleculeNet_HIV
hiv_30166,O=C(O)CCCc1ccc2c(c1)CC1(C2)Cc2cc3c(cc2C1)CCCC3,MoleculeNet_HIV
hiv_1575,O=[N+]([O-])c1ccc(N=Nc2c(O)c(N=Nc3cc([N+](=O)[O-])cc([N+](=O)[O-])c3O)cc(N=Nc3cc(S(=O)(=O)O)cc4cc(S(=O)(=O)O)cc(O)c34)c2O)cc1,MoleculeNet_HIV
hiv_38091,CSc1c(C#N)c(N)n(-c2ccc(C)cc2)c(=O)c1C#N,MoleculeNet_HIV
hiv_88,CCc1cc[n+]([Mn](SC#N)(SC#N)([n+]2ccc(CC)cc2)([n+]2ccc(CC)cc2)[n+]2ccc(CC)cc2)cc1,MoleculeNet_HIV
hiv_35991,CCOC(=O)c1cc2cc(C)cc(C(=O)c3ccc([N+](=O)[O-])cc3)c2[nH]1,MoleculeNet_HIV
hiv_7362,CN(C)P(=O)(N(C)C)N(C)C.C[Sn](C)(Cl)Cl,MoleculeNet_HIV
hiv_25526,CCOC(=O)C(=Cn1c(=S)[nH]c2ccc([N+](=O)[O-])cc21)C(=O)c1ccccc1,MoleculeNet_HIV
hiv_39265,COC(OC)C1OCC(n2cnc3c(N)ncnc32)C1O,MoleculeNet_HIV
hiv_13581,CC12CCC(=O)CC13CCC2OC(O)C3,MoleculeNet_HIV
hiv_24219,C1CCC(NC2CCCCC2)CC1.CC(O[Si](c1ccccc1)(c1ccccc1)C(C)(C)C)C(NC(=O)OC(C)(C)C)C(=O)O,MoleculeNet_HIV
hiv_4981,Cc1ccc(S(=O)(=O)SCC(=O)c2ccc([N+](=O)[O-])cc2)cc1,MoleculeNet_HIV
hiv_6422,O=C(NN=Cc1cccc2ccccc12)c1cccnc1,MoleculeNet_HIV
hiv_14654,Cc1ccc(S(=O)(=O)O)cc1.N=C(NO)NN=C=C1C(=O)Nc2ccc(F)cc21,MoleculeNet_HIV
hiv_20804,CC1OC2(O)C3CCCN3S(=O)(=O)CCN2C1=O,MoleculeNet_HIV
hiv_9426,O=C1NN2CCN=C2c2ncccc21,MoleculeNet_HIV
hiv_10990,CC(C)([S-])C1N[Ga-]2(NC(C(C)(C)[S-])C(=O)[OH+]2)[OH+]C1=O,MoleculeNet_HIV
hiv_40225,COc1ccc(-c2c(C(=O)Nc3ccccc3)c(-c3ccccc3)n(C3OC(CO)C(O)C(O)C3O)c(=S)c2C#N)cc1,MoleculeNet_HIV
hiv_19530,CC(=NNc1ccccc1)c1sc(-c2nc(C)c(C(C)=NNc3ccccc3)s2)nc1C,MoleculeNet_HIV
hiv_25492,O=C1NC(SC(SC2=NNC3(C(=O)N2)c2ccccc2-c2ccccc23)=C(SC2=NNC3(C(=O)N2)c2ccccc2-c2ccccc23)SC2=NNC3(C(=O)N2)c2ccccc2-c2ccccc23)=NNC12c1ccccc1-c1ccccc12,MoleculeNet_HIV
hiv_6868,O=C1[OH+][Pt-2]2(NC3CCCCC3N2)[OH+]C1=O,MoleculeNet_HIV
hiv_37256,Cc1ccnc2[nH]c3ccccc3c(=O)c12,MoleculeNet_HIV
hiv_22972,c1ccc2[nH]c(CNc3ccc(C4C[Se]N=N4)cc3)nc2c1,MoleculeNet_HIV
hiv_16305,CC(C)(C)CC(C)(C)c1cc2c(O)c(c1)Cc1cc(C(C)(C)CC(C)(C)C)cc(c1O)Cc1cc(C(C)(C)CC(C)(C)C)cc(c1O)Cc1cc(C(C)(C)CC(C)(C)C)cc(c1O)Cc1cc(C(C)(C)CC(C)(C)C)cc(c1O)C2,MoleculeNet_HIV
hiv_5920,CC1=NC(C)CNC(C)(C)CC(C)=NC(C)CNC(C)(C)C1.[O-][Cl+3]([O-])([O-])O,MoleculeNet_HIV
hiv_34316,[N-]=[N+]=Nc1ccc(CNc2cc(O)nc(O)n2)cc1,MoleculeNet_HIV
hiv_32446,O=c1[nH]c(=O)n(COCCO)c2ccsc12,MoleculeNet_HIV
hiv_30518,N=C1Nc2ccccc2Sc2nncn21,MoleculeNet_HIV
hiv_34752,O=C1Cc2c(-c3cccs3)cc(-c3ccccc3)nc2-c2ccccc2N1,MoleculeNet_HIV
hiv_26274,N#CC(=CN1C(=O)C(=Cc2ccc([N+](=O)[O-])cc2)SC1=S)c1nc2ccccc2s1,MoleculeNet_HIV
hiv_2974,Nc1c(N=Nc2ccc(-c3ccc(N=Nc4c(S(=O)(=O)O)cc5cc(S(=O)(=O)O)c(N=Nc6ccccc6)c(O)c5c4N)cc3)cc2)ccc2c(S(=O)(=O)O)cccc12,MoleculeNet_HIV
hiv_21130,CCCCOC(=O)CNC(=O)OCC=CC#CC#CC=CCOC(=O)NCC(=O)OCCCC,MoleculeNet_HIV
hiv_35361,O=C1NC(=S)NC1=Cc1ccc(Cl)cc1,MoleculeNet_HIV
hiv_40820,COc1ccc(-c2csc(=Nc3ccccc3)n2CCCN(C)C)cc1,MoleculeNet_HIV
hiv_6526,COC1CC2CCC(C)C(O)(O2)C(=O)C(=O)N2CCCCC2C(=O)OC(C(C)CC2CCC(O)C(OC)C2)CC(=O)C(C)C=C(C)C(O)C(OC)C(=O)C(C)CC(C)C=CC=CC=C1C,MoleculeNet_HIV
hiv_18204,O=C1C(=Cc2ccccc2)CN(C(=O)C=Cc2ccccc2)CC1=Cc1ccccc1,MoleculeNet_HIV
hiv_40315,COc1ccc(N2C(=O)C3CC4=CC(=O)CC4C32)cc1,MoleculeNet_HIV
hiv_252,CCCCC(CC)COS(=O)(=O)O,MoleculeNet_HIV
hiv_29776,CC(NC(=O)C(N)CC(=O)O)NC(=O)N(C)C(C)(C)C,MoleculeNet_HIV
hiv_40436,CC(C)(C)NC1C2CCC(C)(C1O)C2(C)C,MoleculeNet_HIV
hiv_21320,CC(C)(C)NN=C(C(=O)Nc1cccc(Cl)c1)C1C(=O)Nc2ccccc2S1=O,MoleculeNet_HIV
hiv_36734,O=c1c2cc(S(=O)(=O)Nc3ccc(Cl)cc3Cl)ccc2ncn1NS(=O)(=O)c1cccc2ccccc12,MoleculeNet_HIV
hiv_5317,CCCCNC(C)(C)C(SSSC(c1cccs1)C(C)(C)NCCCC)c1cccs1,MoleculeNet_HIV
hiv_29729,O=C(NCP(=O)(Oc1ccccc1)Oc1ccccc1)OCc1ccccc1,MoleculeNet_HIV
hiv_18524,CCS(=O)(=O)C1(C#N)CCC1(C#N)S(=O)(=O)CC,MoleculeNet_HIV
hiv_29555,I.OCCN(C1=NCCN1)[N+](=Cc1ccc(Cl)cc1)[CH-]c1ccc(Cl)cc1,MoleculeNet_HIV
hiv_11436,COc1ccc(C=c2sc3n(c2=O)NC2(CCCCC2)NN=3)cc1,MoleculeNet_HIV
hiv_36387,COc1ccc2c(c1)C(=O)OCCC2,MoleculeNet_HIV
hiv_40218,O=C(C=Cc1ccc(O)c(O)c1)NCCOC(=O)C=Cc1ccc(O)c(O)c1,MoleculeNet_HIV
hiv_5657,COc1ccc(OC)c(C=Cc2cnnc3ccccc23)c1,MoleculeNet_HIV
hiv_5508,O=C(O)C=CSCCC(=O)O,MoleculeNet_HIV
davis_10427712,Nc1nc(N)c2nc(-c3cccc(O)c3)c(-c3cccc(O)c3)nc2n1,DAVIS_spike_in
hiv_31537,O=C1OC2C(I)C3C4CCC3C2C14,MoleculeNet_HIV
hiv_14302,CC1=CCC23C(C1)OC(Br)(C=CC2(C)O)C3(C)C,MoleculeNet_HIV
hiv_27901,CC1(C)N=C(C2CCCN2C(=O)OCc2ccccc2)OC1=O,MoleculeNet_HIV
hiv_34996,CC1(C)CCCC2(C)C1CCC1(CO1)C2C=CC(C=O)CC=O,MoleculeNet_HIV
hiv_39127,C1OCN2c3nonc3N3COCN4c5nonc5N1C2C43,MoleculeNet_HIV
hiv_39854,Cc1nnc(N)nc1CC=CC(Sc1ccc(Cl)cc1)c1ccccc1,MoleculeNet_HIV
hiv_740,COc1cc2nncc(S)c2cc1OC,MoleculeNet_HIV
hiv_27059,c1ccc(CSC(SCc2ccccc2)c2cccc3ccccc23)cc1,MoleculeNet_HIV
hiv_36836,O=c1[nH]c(=O)n(COCCO)c2ccc(Br)cc12,MoleculeNet_HIV
hiv_5556,CCCC1=Nn2c(n[nH]c2=S)NN1,MoleculeNet_HIV
hiv_34040,CN(C)c1nc2n(CCO)ccnc-2c(=O)n1,MoleculeNet_HIV
hiv_15695,c1ccc(N2CCN(CCCN3CCc4c([nH]c5ccccc45)C3c3cccnc3)CC2)cc1,MoleculeNet_HIV
hiv_35403,N#CC1=C(N)N2C(=O)C(=Cc3ccccc3O)N=C2S1,MoleculeNet_HIV
hiv_20038,Cc1nnc2c3nnc(C)n3c3ccccc3n12,MoleculeNet_HIV
hiv_34709,CCCc1n[nH]c(=O)n1N1C(=O)C=CC1=O,MoleculeNet_HIV
hiv_38459,Cc1c(NC(=S)Nc2ccc(Cl)cc2)c(=O)n(-c2ccccc2)n1C,MoleculeNet_HIV
hiv_1332,O=C1C(CN2CCCCC2)CCCC1CN1CCCCC1,MoleculeNet_HIV
hiv_13504,COc1cc2c(Cc3cc(OCc4ccccc4)ccc3N)nccc2c(OC)c1OC,MoleculeNet_HIV
hiv_37440,O=C(NN=Cc1ccc([N+](=O)[O-])o1)c1ccncc1,MoleculeNet_HIV
hiv_28002,CN1CCC2(CC1)C(=O)N(NC(N)=O)C(=O)C2c1ccccc1,MoleculeNet_HIV
hiv_2965,Cc1cc(NS(=O)(=O)c2ccc(N=Nc3cc(S(=O)(=O)O)c4ccccc4c3O)cc2)ccc1N=Nc1ccc2cc(S(=O)(=O)O)cc(S(=O)(=O)O)c2c1,MoleculeNet_HIV
hiv_15681,O=C(CN1CCN(c2cccc(Cl)c2)CC1)N1CCc2c([nH]c3ccccc23)C1c1cccnc1,MoleculeNet_HIV
hiv_6211,CN1CC(C)(C)C(=O)c2ccccc21,MoleculeNet_HIV
hiv_3286,c1ccc(C2=C(c3ccccc3)N=NC(c3ccccc3)=C(c3ccccc3)N=N2)cc1,MoleculeNet_HIV
hiv_5893,CCOC(=O)C(C)S(=O)(=O)O,MoleculeNet_HIV
hiv_24705,Cl.O=C1CCCCC1CN1CCOCC1,MoleculeNet_HIV
hiv_1923,CCCCCC1OC1CC=CCCCCCCCC(=O)OCC(O)COC(=O)CCCCCCCC=CCC1OC1CCCCC,MoleculeNet_HIV
hiv_12310,CC1(C)CCc2cc3c(cc2O1)OCC1c2cc4c(cc2OC31)OCO4,MoleculeNet_HIV
hiv_8140,Cc1ccc(S(=O)(=O)NC(=O)Nc2sc(=S)c3c(c2C#N)CCCC3)cc1,MoleculeNet_HIV
hiv_16869,CC(C)(C)OC(=O)NC(Cc1ccccc1)CN1CCCC1C(=O)O,MoleculeNet_HIV
hiv_35207,CC1(C)OC(=O)C2(O1)C(=O)C1CCCCC12,MoleculeNet_HIV
hiv_7785,O=[N+]([O-])C(F)(COC(=S)OCC(F)([N+](=O)[O-])[N+](=O)[O-])[N+](=O)[O-],MoleculeNet_HIV
hiv_9003,O=C1CSC(c2ccc(Cl)cc2)N1N1C(=O)CSC1c1ccc(Cl)cc1,MoleculeNet_HIV
hiv_24539,CC=C(C)C(=O)OC1C(O)CC(c2ccc3c(c2O)C(=O)C2=C(O)C4(OC)C(=O)C(C(N)=O)=C(O)C(CC(=O)c5ccccc5O)C4CC2C3(C)OC)OC1C,MoleculeNet_HIV
hiv_40370,Cc1ccc(C)c(COCCOCn2ccc(=N)[nH]c2=O)c1,MoleculeNet_HIV
hiv_24225,CC(C)(C)OC(=O)NCC(=O)NCC(=O)NCC(=O)NCC(=O)O,MoleculeNet_HIV
hiv_8230,CC1=C(CO)C(=O)OC(C(C)C2CCC3C4CC5OC56C(O)C(N5CC5)=CC(=O)C6(C)C4CCC23C)C1,MoleculeNet_HIV
hiv_15488,CC1c2ccc3c(c2C2(O)CC4CCC1N2C4)CC1C3CC(=O)C2CC(O)CCC21C,MoleculeNet_HIV
hiv_41106,Cc1ccc(C=C2CN(C)CC3C(c4ccc(C)cc4)=C(C#N)C(=O)NC23)cc1,MoleculeNet_HIV
hiv_13926,CC1CCC(=[N+](C)[N-]c2ccc([N+](=O)[O-])cc2[N+](=O)[O-])C2CCC(C(C)C(=O)O)C=C12,MoleculeNet_HIV
hiv_23182,COC(=O)CCC(NC(=O)C(C)NC(=O)COC1C(O)C(OC(=O)CCNc2c3ccccc3nc3cccc([N+](=O)[O-])c23)OC(OCc2ccccc2)C1NC(C)=O)C(N)=O,MoleculeNet_HIV
hiv_13021,CCCCN1C=CN2c3nc4cc(C)c(C)cc4n3C(C(=O)OC)=C(C(=O)OC)C12,MoleculeNet_HIV
hiv_22593,O=c1cnn(C2OC(CO)C(F)C2F)c(=O)[nH]1,MoleculeNet_HIV
hiv_7438,Cc1ccc2c(c1)sc1n[nH]c(=S)n12,MoleculeNet_HIV
hiv_457,CCC(N)CS(=O)(=O)O,MoleculeNet_HIV
hiv_32397,CCCc1cc(=O)oc2c3c(cc(OC(C)C)c12)OC(C)C(C)C3=NO,MoleculeNet_HIV
hiv_6340,Cc1c(-c2ccccc2)sc(N)c1C#N,MoleculeNet_HIV
hiv_31571,O=C(NCCCCNCCCNC(=O)c1cc(-c2ccccc2)nc2ccccc12)c1cc(-c2ccccc2)nc2ccccc12,MoleculeNet_HIV
hiv_16606,O=C1CNC(=O)c2c(ncn2C2OC(CO)CC2O)N1,MoleculeNet_HIV
hiv_10098,CCOC(=O)n1c2ccccc2c(=O)n1CCO,MoleculeNet_HIV
hiv_39491,CC(C)=CCCC(C)c1c2nc3ccccc3sc-2c(C)c(=O)c1O,MoleculeNet_HIV
hiv_216,CN(C)c1ccc(C=Cc2ccc3ccccc3[n+]2C)cc1,MoleculeNet_HIV
hiv_33020,COc1cc(C2c3cc(O)c(OC)cc3C=C(C(N)=O)C2C(N)=O)ccc1O,MoleculeNet_HIV
hiv_31804,COc1ccc(NN=C2CCOc3ccc(C)cc3C2=O)cc1,MoleculeNet_HIV
hiv_8450,COC(=O)c1ccc(OCc2nc3ccccc3[nH]2)cc1,MoleculeNet_HIV
hiv_28730,COc1cc(C=C2CC(C)CC(=Cc3ccc(O)c(OC)c3)C2=O)ccc1O,MoleculeNet_HIV
hiv_6117,CCOC(=O)C1(Cc2ccccc2)SCCCS1,MoleculeNet_HIV
hiv_40114,NS(=O)(=O)c1nnc(NC(=O)c2cccc([N+](=O)[O-])c2)s1,MoleculeNet_HIV
hiv_24433,COc1cccc(-c2nc(-c3cnccn3)n(Cc3ccccc3)n2)c1,MoleculeNet_HIV
hiv_14854,O=C(c1ccccc1)C(O)(c1ccccc1)C(c1ccccc1)c1ccccc1,MoleculeNet_HIV
hiv_29751,Cl.OC1CN2CCCC(O)C2C(O)C1O,MoleculeNet_HIV
hiv_6432,CC1(C)NC(=N)NC(=N)N1c1cccc(C=C(C#N)c2ccccc2)c1,MoleculeNet_HIV
hiv_9172,OC1c2cccn2-c2ccccc2SC1c1ccccc1,MoleculeNet_HIV
hiv_6262,O=C(Nc1ccccc1)N1CCC2N(C(=O)Nc3ccccc3)CCC3N(C(=O)Nc4ccccc4)CCC1N23,MoleculeNet_HIV
hiv_39269,N=c1ccn(C2COC(CO)C2O)c(=O)[nH]1,MoleculeNet_HIV
hiv_15073,Nc1nc(N)c(-c2ccccc2)c(C(=O)Nc2nccs2)n1,MoleculeNet_HIV
hiv_8489,COc1nc2cc3c(cc2n2cccc12)oc1ccccc13,MoleculeNet_HIV
hiv_29346,CCOC(=O)CCC(NC(=O)OCc1ccccc1)C(=O)NC(CCC(=O)OCC)C(=O)NC(CCC(=O)OCC)C(=O)NC(CCC(=O)OCC)C(=O)NC(CCC(=O)OCC)C(=O)NC(Cc1ccc([N+](=O)[O-])cc1)C(=O)NC(CCC(=O)OCC)C(=O)NC(CCC(=O)OCC)C(=O)NC(CCC(=O)OCC)C(=O)NC(CCC(=O)OCC)C(=O)NC(CCC(=O)OCC)C(=O)OCC,MoleculeNet_HIV
hiv_3619,CC1(CO)CCCC2(C)C1CCC1CC3C=CC12C1C(=O)OC(=O)C31,MoleculeNet_HIV
hiv_3704,C[N+]12CCCCC1CC(=O)CC2,MoleculeNet_HIV
hiv_15564,Nc1c(-c2nc3ccccc3[nH]2)sc(=S)n1-c1ccccc1,MoleculeNet_HIV
hiv_1800,O=C1C2CC3OC3CC2C(=O)N1CCN1C(=O)C2CC3OC3CC2C1=O,MoleculeNet_HIV
hiv_3161,CC(=O)OC1C2C(CC(C)C3C=CC(=O)C31C)OC(=O)C2C,MoleculeNet_HIV
hiv_32831,Oc1cc(NNc2cccc3ccccc23)nc(O)n1,MoleculeNet_HIV
hiv_39573,Oc1nc2cc(F)c(F)cc2nc1Cc1ccccc1,MoleculeNet_HIV
hiv_14074,CN1CC(=O)N2Cc3ccccc3-n3cccc3C2C1,MoleculeNet_HIV
hiv_608,N=C(NC(=N)Nc1ccc(S(=O)(=O)Nc2cnc3ccccc3n2)cc1)Nc1ccc(Br)cc1,MoleculeNet_HIV
hiv_21280,O=c1[nH]c(=O)n2c3c1ncn3CC=CC2,MoleculeNet_HIV
hiv_25796,CC(O)CC(O)(C(F)(F)F)C(F)(F)F,MoleculeNet_HIV
hiv_6536,O=c1[nH]c(=O)ss1,MoleculeNet_HIV
hiv_36559,COC(=O)CC(CNC(=O)OCc1ccccc1)OCc1ccc(OC)cc1,MoleculeNet_HIV
hiv_10665,CC1=C(C)CP(=O)(c2ccccc2)C1,MoleculeNet_HIV
hiv_35939,Cc1ccc(Nc2nc(O)nc(O)c2N=O)cc1,MoleculeNet_HIV
hiv_7028,Cn1nc(C=Cc2ccccc2)nc2c(=O)n(C)c(=O)nc1-2,MoleculeNet_HIV
hiv_27639,Cl.O=C(CCCN1CCC(Nc2ccccc2)(c2nnnn2C2CCCCC2)CC1)c1ccc(F)cc1,MoleculeNet_HIV
hiv_3789,O=C1C(=O)C(c2ccccc2)Oc2ccccc21,MoleculeNet_HIV
hiv_18087,COc1cccc2c1[OH+][Co-2]1(O)[O+]=C(c3ccncc3)[N-][N+]1=C2,MoleculeNet_HIV
hiv_5135,COC1C=COC2(C)Oc3c(C)c(O)c4c(O)c(c(C=NN5CCCC5)c(O)c4c3C2=O)NC(=O)C(C)=CC=CC(C)C(O)C(C)C(O)C(C)C(OC(C)=O)C1C,MoleculeNet_HIV
hiv_6631,O=C1CCC(N2C(=O)C3CC=CCC3C2=O)C(=O)N1,MoleculeNet_HIV
hiv_26234,O=C(C(=CNC(=S)NC1C(=O)Nc2ccccc21)C(=O)c1ccccc1)c1ccccc1,MoleculeNet_HIV
hiv_31204,CC(C)Cn1cnc2c(NCC(C)O)nc3ccccc3c21,MoleculeNet_HIV
hiv_22112,CC1CC(C)c2c(O)c3c(c(O)c2N1)C(=O)c1ccccc1C3=O,MoleculeNet_HIV
hiv_13549,O=C1NC2(CCCC2)C(=O)C12CCCC2,MoleculeNet_HIV
hiv_23214,Cc1ccc(N2C(=O)C(=C3SC(C(N)=O)=C(N)N3c3ccccc3)SC2=S)cc1,MoleculeNet_HIV
hiv_22246,CC1=CC2c3c(O)cc(-c4cc5ccc(O)cc5o4)cc3OC3(c4ccc(O)cc4O)Oc4cc(O)ccc4C(C1)C23,MoleculeNet_HIV
hiv_35118,c1ccc(-c2cc(-c3ccccc3)nc(-c3ccncc3)c2)cc1,MoleculeNet_HIV
hiv_16343,COc1ccc(C=C(C(C)=O)C(=O)Nc2ccccc2)cc1,MoleculeNet_HIV
hiv_39039,Nc1nc(N)c2cc(Sc3ccc4nc(N)nc(N)c4c3)ccc2n1,MoleculeNet_HIV
hiv_28073,CC#CC(O)(C(=O)OC1CCC2CCC1N2C)C1CCCC1,MoleculeNet_HIV
hiv_28468,O=P1(c2ccccc2)c2ccccc2CCc2ccccc21,MoleculeNet_HIV
hiv_9936,COc1ccc(C2=C(C#N)C(=O)OCCN2C)cc1,MoleculeNet_HIV
hiv_37675,Cc1[nH]c2ncn(N)c(=N)c2c1Cc1ccccc1,MoleculeNet_HIV
hiv_36816,CC1=[O+][Co-4]23(NCCN2CCCNC(=O)c2cccc4cc5ccccc5nc24)([O+]=C(C)C(C)=C(C)[OH+]3)[OH+]C(C)=C1C.[O-][Cl+3]([O-])([O-])[O-],MoleculeNet_HIV
hiv_6481,COc1ccc([N+](=O)[O-])cc1NC(=O)c1ccc2c(c1)C(=O)OC2=O,MoleculeNet_HIV
hiv_39779,O=c1c(=Cc2ccccn2)sc2nc3cc4c(cc3n12)OCCO4,MoleculeNet_HIV
hiv_469,CN1BN(C)BN(C)B1,MoleculeNet_HIV
hiv_5211,O=C(O)c1cc(-c2cccs2)c(C(=O)O)s1,MoleculeNet_HIV
hiv_38306,COc1cccc(N2N=C3c4ccccc4-n4c(nc5ccccc54)C3C2N)c1,MoleculeNet_HIV
hiv_28714,CCOC(=O)CSc1nc(N)c2c(-c3ccc(OC)c(OC)c3)c3c(nc2n1)CCCC3,MoleculeNet_HIV
hiv_16902,Cc1cccc(C(C)(C)C)c1NC(=O)CC1Sc2ccccc2NC1=O,MoleculeNet_HIV
hiv_29520,CCCCCCCCCCCCCCCCP(=O)([O-])OCC[N+](C)(C)C,MoleculeNet_HIV
hiv_37472,c1ccc2c(c1)Cc1cn3ncnc3nc1-2,MoleculeNet_HIV
hiv_23414,c1cnc2c(c1)-n1cccc1C1(CCSC1)NN2,MoleculeNet_HIV
hiv_29815,CNC(=O)C1CCCCNC(=O)CCC(NC(=O)OCc2ccccc2)C(=O)N1,MoleculeNet_HIV
hiv_34155,Cn1c(=O)c2c(no[n+]2[O-])c2ccccc21,MoleculeNet_HIV
hiv_31851,O=C(O)C1(Cc2ccccc2)Cc2cc3c(cc2C1)CCC3,MoleculeNet_HIV
hiv_4336,CCOP(=O)(OCC)C(N)C(C)CC,MoleculeNet_HIV
hiv_18272,CNC1CC2OC(C)(C1OC)n1c3ccccc3c3c4c(c5c6ccccc6n2c5c31)C(=O)NC4O,MoleculeNet_HIV
hiv_22956,N=C1NC2=c3ccccc3=C(c3cnccn3)C2(c2cnccn2)c2ccccc21,MoleculeNet_HIV
hiv_29970,O=C(ON=c1c2ccccc2ccc2ccccc12)c1ccccc1,MoleculeNet_HIV
hiv_40645,Oc1c(C2=NC3CCCCC3N2)ccc2ccccc12,MoleculeNet_HIV
hiv_13815,CC1CCC2(C(=O)O)CCC3(C)C(=CCC4C5(C)CCC(OS(=O)(=O)c6ccccc6)C(C)(C)C5CCC43C)C2C1C,MoleculeNet_HIV
hiv_25754,CCCCCC(C=NNC(N)=S)C(O)(C(F)(F)F)C(F)(F)F,MoleculeNet_HIV
hiv_32017,CCOC(=O)c1ccc(Nc2cnc3cc(C(F)(F)F)ccc3n2)cc1,MoleculeNet_HIV
hiv_27072,COc1ccc(N2C(=O)C3c4[nH]c5ccccc5c4C4CCCCCCCC4C3C2=O)cc1,MoleculeNet_HIV
hiv_35804,Cc1nc2c(O)nc3ccccc3c2o1,MoleculeNet_HIV
hiv_25413,CC(=O)N=C1N(C)C(=Cc2ccc(NC(C)=O)cc2)C(=O)N1C=C1C(=O)Oc2ccccc2C1=O,MoleculeNet_HIV
hiv_14501,O=C(CCl)[OH+][Co-4]12([OH+]C(=O)CCl)(NCCN1)NCCN2.[O-][Cl+3]([O-])([O-])[OH2+],MoleculeNet_HIV
hiv_3155,N=C(NNC(=N)C(F)(F)F)C(F)(F)F,MoleculeNet_HIV
hiv_31610,Cc1sc2[nH]c(=O)oc(=O)c2c1C,MoleculeNet_HIV
hiv_7266,CC(=O)OC1C=CN(C(C)=O)C(SC(C)(C)C)C1(C)O,MoleculeNet_HIV
hiv_36815,CC[N+]1(CC)CCN[Co-4]123([OH+]C(=O)C(=O)[OH+]2)[OH+]C(=O)C(=O)[OH+]3.[K+],MoleculeNet_HIV
hiv_7686,CP1(=O)CC(=O)CCCCC(=O)C1,MoleculeNet_HIV
hiv_5810,CC(=O)OC1(c2ccccc2)OC(=O)C(C)(C)c2ccccc21,MoleculeNet_HIV
hiv_29805,CC(NC(=O)C(Cc1ccc(OC(=O)c2ccccc2)cc1)NC(=O)OC(C)(C)C)C(=O)NCC(=O)NC(Cc1ccccc1)C(=O)NN,MoleculeNet_HIV
hiv_92,C1CCNCC1.S=C(S)N1CCCCC1,MoleculeNet_HIV
hiv_7315,CCn1c2ccc(C(=O)CCCN3CCCCC3)cc2c2cc(C(=O)CCCN3CCCCC3)ccc21,MoleculeNet_HIV
hiv_13356,COS(=O)(O)=[OH+].C[n+]1c2ccccc2c(CNc2ccc(S(=O)(=O)NC(=N)N)cc2)c2ccccc21,MoleculeNet_HIV
hiv_21483,COC(=O)C12c3[nH]c4ccccc4c3CCN1CC(=O)C2C(=O)OCc1ccccc1,MoleculeNet_HIV
hiv_31742,COC(=O)CN(CC(=O)NCCNC(=O)OC(C)(C)C)C1CCCCC1N(CC(=O)OC)CC(=O)OC,MoleculeNet_HIV
hiv_24066,C[N+]1(C)CC(O)CC1C(=O)[O-],MoleculeNet_HIV
hiv_33822,Cc1cc(NS(=O)(=O)c2ccc(Nc3c4ccccc4nc4c(C(=O)NCC#N)cccc34)cc2)no1,MoleculeNet_HIV
hiv_38886,COC(=O)C(Cc1ccccc1)NC(=O)N1CCN(C(=O)NC(Cc2ccccc2)C(=O)OC)CCN(C(=O)NC(Cc2ccccc2)C(=O)OC)CC1,MoleculeNet_HIV
hiv_35132,CC(=O)Nc1ccc(Nc2cc(=O)n(C)c(=O)[nH]2)cc1,MoleculeNet_HIV
hiv_2907,Cc1cc(NC(=O)c2ccc(NC(=O)c3ccc(N)cc3)cc2)ccc1N=Nc1ccc2c(O)c(N=Nc3ccc(S(=O)(=O)O)cc3C)c(S(=O)(=O)O)cc2c1,MoleculeNet_HIV
hiv_40306,CCCCCCCCCc1nn2c(Cc3ccccc3)nnc2s1,MoleculeNet_HIV
hiv_8592,Cc1c(CO)[n+]([O-])c2ccccc2[n+]1[O-],MoleculeNet_HIV
hiv_5511,Cc1ccc(SC=CC(=O)Nc2ccccc2)cc1,MoleculeNet_HIV
hiv_1876,C=C1C2CCC3(CCC4C5(C)CCCC4(CN4CCOC45)C3C2)C1O,MoleculeNet_HIV
hiv_41037,COc1c(Cl)cc(C(=CCNC2CCC3(C)C(CCC4C3CCC3(C)C(C(C)CCCC(C)C)CCC43)C2)c2cc(Cl)c(OC)c(C(=O)O)c2)cc1C(=O)O.N,MoleculeNet_HIV
hiv_1975,Nc1cccc(N=Nc2c(S(=O)(=O)O)cc3cc(Nc4ccc5c(O)c(N=Nc6cccc(N)c6)c(S(=O)(=O)O)cc5c4)ccc3c2O)c1,MoleculeNet_HIV
hiv_27844,COc1ccc(C(C2=C(O)COC2=O)c2cc3c(cc2O)OCO3)cc1OC,MoleculeNet_HIV
hiv_8292,NC(=O)c1c[se]c(C2OC(CO)C(O)C2O)n1,MoleculeNet_HIV
hiv_8618,O=[N+]([O-])c1ccc(NN=C(N=Nc2ccccc2)c2nc3ccccc3[nH]2)c([N+](=O)[O-])c1,MoleculeNet_HIV
hiv_8564,CC(=NNC(=S)N1CC2CCC(CC2)C1)c1cccc[n+]1[O-],MoleculeNet_HIV
hiv_40038,O=C1c2ccccc2-c2c1c(-c1ccccc1)c1n2C2(C(=O)c3ccccc3C2=O)C2C(=O)N(c3ccccc3)C(=O)C12,MoleculeNet_HIV
hiv_7185,CSC1=NC(=O)C2(CCCCC2)N(C)N1,MoleculeNet_HIV
hiv_36439,[O-][N+]1=C(c2ccccc2)C(c2ccccc2)=N1,MoleculeNet_HIV
hiv_3388,NC(=O)C(F)(F)C(N)=O,MoleculeNet_HIV
hiv_27941,CN1CCC(OC(=O)C(O)(c2ccccc2)c2cccc3c2OC(C)(C)C3)CC1,MoleculeNet_HIV
hiv_4800,CN1C2CCC1CC1(C2)SCCS1,MoleculeNet_HIV
hiv_15041,CCN(CC)c1ccc2c(c1)Nc1cc(=C(C#N)C#N)c3ccccc3c1=N2,MoleculeNet_HIV
hiv_8814,O=C(O)CCCCSCCCCCCSCCCCC(=O)O,MoleculeNet_HIV
hiv_35117,c1ccc(-c2cc(-c3ccncc3)cc(-c3ccncc3)n2)cc1,MoleculeNet_HIV
hiv_30855,CC1CN=C(N(C)C(=O)Nc2ccc(Cl)cc2)S1,MoleculeNet_HIV
hiv_4751,CCC1CN2CCc3cc(OC)c(OC)cc3C2CC1CC1NCCc2c1[nH]c1ccc(O)cc21,MoleculeNet_HIV
hiv_12622,OCC1=CC(NC2CC(CO)C(O)C(O)C2O)C(O)C(O)C1O,MoleculeNet_HIV
hiv_326,Cc1c(C(=O)O)c(O)cc2c1C(=O)c1c(O)c(OC3OC(CO)C(O)C(O)C3O)c(O)c(O)c1C2=O,MoleculeNet_HIV
hiv_27359,CC(=O)CCC(=O)CC(O)(C(F)(F)F)C(F)(F)F,MoleculeNet_HIV
hiv_17747,CN(C)c1ccc(C=c2sc3nnc(-c4ccco4)n3c2=O)cc1,MoleculeNet_HIV
hiv_13511,OCc1c(-c2cccc3ccccc23)sc(-c2cccc3ccccc23)c1CO,MoleculeNet_HIV
hiv_200,Oc1nnc(O)c2ncccc12,MoleculeNet_HIV
hiv_32552,CC(C)(C)c1ccc(-c2nc3ccc([N+](=O)[O-])cc3c(=O)o2)cc1,MoleculeNet_HIV
hiv_3502,O=C(Nc1cc(C(=O)Nc2ccc(C3=NCCN3)cc2)cc(C2=NCCN2)c1)c1ccc(C(=O)Nc2cc(C(=O)Nc3ccc(C4=NCCN4)cc3)cc(C3=NCCN3)c2)cc1,MoleculeNet_HIV
hiv_26595,C=C1OC(=O)C2(C(C=CC)C=CC(=O)C2O)C1O,MoleculeNet_HIV
hiv_15578,CN1c2ccccc2N(C)C23N(C)c4ccccc4N(C)C12N(C)c1ccccc1N3C,MoleculeNet_HIV
hiv_31514,Cc1cc(S(=O)(=O)Nc2nnc3cnc4ccccc4n23)c(S)cc1Cl,MoleculeNet_HIV
hiv_5337,COc1cc2cc3c4cc(OC)c(OC)cc4cc[n+]3c(C)c2cc1OC.O=C(O)CS(=O)(=O)O,MoleculeNet_HIV
hiv_22026,COC(=O)C(=O)C(C(=O)C(=O)Nc1ccc(C)cc1)c1nc2ccc(C(=O)c3ccccc3)cc2nc1O,MoleculeNet_HIV
hiv_12313,CC1(C)CCc2cc3c(cc2O1)OCCC3O,MoleculeNet_HIV
hiv_39605,COC(=O)C12C(=O)C(C)C(=O)C1(C)C(C)=CC1C3(C=O)CCC(OC(C)=O)C(C)(C)C3CCC12C,MoleculeNet_HIV
hiv_20964,O=C1C=C(c2ccc(O)cc2)C(O)Cc2ccc(OC3OC(CO)C(O)C(O)C3O)cc2O1.O=C1C=C(c2ccc(O)cc2)C(OC2OC(CO)C(O)C(O)C2O)Cc2ccc(O)cc2O1,MoleculeNet_HIV
hiv_1808,CC1(C)SCC(COC(=O)c2ccccc2)S1,MoleculeNet_HIV
hiv_21634,CCC1CCCCN1CC(C(C)=O)C(c1ccccc1)c1c(O)c2ccccc2oc1=O.Cl,MoleculeNet_HIV
hiv_3761,C(=Nc1cnc2ccccc2c1)c1ccccn1,MoleculeNet_HIV
hiv_3714,c1ccc(CNN2CN(NCc3ccccc3)CN(NCc3ccccc3)C2)cc1,MoleculeNet_HIV
hiv_32534,O=S(=O)(N1CCCCN(S(=O)(=O)C(F)(F)F)CCCN(S(=O)(=O)C(F)(F)F)CCCN(S(=O)(=O)C(F)(F)F)CCCCN(S(=O)(=O)C(F)(F)F)CCCN(S(=O)(=O)C(F)(F)F)CCC1)C(F)(F)F,MoleculeNet_HIV
hiv_39826,CC(=O)Oc1cc2c(n(C)c1=O)-c1ccccc1C2,MoleculeNet_HIV
hiv_24068,C=CC(=O)c1ccc2c(c1)OCCOCCOCCOCCOCCO2,MoleculeNet_HIV
davis_9809715,COC(=O)c1ccc2c(c1)NC(=O)C2=C(Nc1ccc(N(C)C(=O)CN2CCN(C)CC2)cc1)c1ccccc1,DAVIS_spike_in
hiv_12124,COC(=O)C12C34C=CC5(CCC6(C=CC1(CC3)O6)C52C(=O)OC)O4,MoleculeNet_HIV
hiv_18396,c1ccc(COC2(OCc3ccccc3)CC3OC2C2N=NNC32)cc1,MoleculeNet_HIV
hiv_32241,Nc1nc(Cl)cc(NCC2(CO)CC(CCCc3ccccc3)C2)n1,MoleculeNet_HIV
hiv_24181,COC(=O)c1csc(-c2nc(CCNC(=O)OC(C)(C)C)sc2Br)n1,MoleculeNet_HIV
hiv_11309,CC(=O)OCC1OC(NC(=S)NN=C2CC(c3ccccc3)Oc3ccccc32)C(OC(C)=O)C(OC(C)=O)C1OC(C)=O,MoleculeNet_HIV
hiv_35992,CCOC(=O)c1cc2c(C(=O)c3ccc([N+](=O)[O-])cc3)c(C(C)=O)ccc2[nH]1,MoleculeNet_HIV
hiv_15841,CC1CC(O)C2(O)C13CC(OC(=O)C3O)C1(O)C(=O)OCC12C,MoleculeNet_HIV
hiv_28739,O=C(O)c1ccccc1-c1c2cc(Br)c(=O)c(Br)c-2oc2c(Br)c(O)c(Br)cc12.[NaH],MoleculeNet_HIV
hiv_37930,CC(=O)N(C(C)=O)c1ccc(-c2cccs2)oc1=O,MoleculeNet_HIV
hiv_12573,Cc1cc(O)c(C(=O)CC2(O)C(=O)Nc3c(Cl)cc(Cl)cc32)c(=O)o1,MoleculeNet_HIV
hiv_32139,O=C(O)CCSCc1cc(C(=O)Nc2ccc(C=Cc3ccc(NC(=O)c4cc(CSCCC(=O)O)c5ccccc5c4O)cc3S(=O)(=O)O)c(S(=O)(=O)O)c2)c(O)c2ccccc12.[NaH],MoleculeNet_HIV
hiv_11922,COc1ccc(OC(C)=O)c2c1CCC=CC2=O,MoleculeNet_HIV
hiv_40755,Cc1cn(C(Cc2ccccc2)OCCO)c(=O)[nH]c1=O,MoleculeNet_HIV
hiv_137,O=C1O[Al]23(OC1=O)(OC(=O)C(=O)O2)OC(=O)C(=O)O3,MoleculeNet_HIV
hiv_33934,Cc1ccc(S(=O)(=O)[O-])cc1.Cc1ccc(S(=O)(=O)[OH+][Pd-2]23[N+](C)(C)CC[N+]2(C)CC[N+]3(C)C)cc1,MoleculeNet_HIV
hiv_31119,CC(O)C1NC(=O)C(CCCCN)NC(=O)C(Cc2c[nH]c3ccccc23)NC(=O)C(Cc2ccccc2)NC(=O)C2CCCC2NC(=O)C(Cc2ccccc2)NC1=O.O=C(O)C(F)(F)F,MoleculeNet_HIV
hiv_30864,CC1CN=C(N(Cc2ccc(F)cc2)C(=O)Nc2ccc(Cl)cc2)S1,MoleculeNet_HIV
hiv_3290,CC1CN=C(c2ccc(NC(=O)c3ccc(C(=O)Nc4ccc(C5=NCC(C)CN5)cc4)cc3)cc2)NC1,MoleculeNet_HIV
hiv_35787,Nc1cnc2c(c1)c(=O)nc1n2CCS1,MoleculeNet_HIV
hiv_37445,CC1=[N+]2N=C(c3ccccc3)[OH+][Ni-4]234(O)[OH+]C(c2ccccc2)=N[N+]3=C(C)c2cccc1[n+]24,MoleculeNet_HIV
hiv_28995,S=C(NN=Cc1ccccn1)N1CCCCC1,MoleculeNet_HIV
hiv_29941,NC(C(F)(F)F)(C(F)(F)F)P(=O)(c1ccccc1)c1ccccc1,MoleculeNet_HIV
hiv_520,O1[SiH]2[SiH]3O[SiH]3[SiH]3O[SiH]3[SiH]12,MoleculeNet_HIV
hiv_12083,c1ccc(SCCCC(Sc2ccccc2)Sc2ccccc2)cc1,MoleculeNet_HIV
hiv_28195,COc1ccc(OC2OC(CO)C(OCc3ccccc3)C(OCc3ccccc3)C2OCc2ccccc2)cc1,MoleculeNet_HIV
hiv_21546,COc1ccc2c(c1)C(=O)C13CC(C(=O)OCc4ccccc4)C(OC(C)=O)(CCC21)C3,MoleculeNet_HIV
hiv_4430,O=S(=O)(O)OC1CCCCC1Nc1ccccc1,MoleculeNet_HIV
hiv_22252,CCCn1c(SCC)c2cc3cc4ccccc4cc3cc2c1-c1nc(F)nc(F)n1,MoleculeNet_HIV
hiv_36319,CSc1nc(O)c2c(n1)NC(c1ccccc1)CC(c1ccc(Cl)cc1)=N2,MoleculeNet_HIV
hiv_19289,COc1cc(C(=O)C(CO)Oc2ccccc2OC)ccc1O,MoleculeNet_HIV
hiv_32935,O=C(CSSCC(=O)c1ccccc1)c1ccccc1,MoleculeNet_HIV
hiv_1465,CC1SC(=S)N(c2ccc(Cl)cc2)C1=O,MoleculeNet_HIV
hiv_24622,C=CC1CCC[N+]1(CC(=O)OCC)Cc1ccccc1.[Br-],MoleculeNet_HIV
hiv_9414,O=P(O)(O)CCCNO,MoleculeNet_HIV
hiv_24172,COc1ccccc1-n1c(N)c2c(C)c(-c3ccccc3)[nH]c2nc1=S,MoleculeNet_HIV
hiv_14632,CCCCNC(=O)C1C(=O)N(CCCC)C(=O)C1=NN,MoleculeNet_HIV
hiv_317,C=C1C(=O)OC(CCCCCCCCCCCCC)C1C(=O)O,MoleculeNet_HIV
hiv_428,C[N+]1(CCC(C(N)=O)(c2ccccc2)c2ccccc2)CCCC12CCCCC2,MoleculeNet_HIV
hiv_5346,N#CC(C=Cc1ccccc1)Nc1ccccc1N,MoleculeNet_HIV
hiv_10031,O=C(N=C1C(=O)C2(CCCCC2)C2(N=C(c3ccccc3)OC2=O)C12CCCCC2)c1ccccc1,MoleculeNet_HIV
hiv_14083,COc1cc(OC)c(C(=O)c2cccs2)cc1N,MoleculeNet_HIV
hiv_38310,C=C(C(=O)OC)c1cc2ccccc2n1S(=O)(=O)c1ccccc1,MoleculeNet_HIV
hiv_7605,CC[N+]1(CC)CCC(=O)[Pd-2]1(Cl)NC(C)(C)CO,MoleculeNet_HIV
hiv_36108,Cc1oc2nc(N(C)C)nc(NN)c2c1C,MoleculeNet_HIV
hiv_9333,O=S(=O)(O)c1ccc(OCCCCCCCCCCOc2ccc(S(=O)(=O)O)cc2)cc1,MoleculeNet_HIV
hiv_24967,O=C1OC(=C(Cl)c2cccc3ccccc23)c2ccccc21,MoleculeNet_HIV
hiv_25162,CC1CSc2nc3[nH]c(=S)[nH]c3c(=O)n2C1,MoleculeNet_HIV
hiv_30566,O=C1CCCCC1=C1SC(=Nc2ccccc2)C(=Nc2ccccc2)N1c1ccccc1,MoleculeNet_HIV
hiv_31139,COC(=O)C(NC(=O)C(CC(=O)OCc1ccccc1)NC(=O)OCc1ccccc1)C1CCCCC1,MoleculeNet_HIV
hiv_26594,COc1cccc(N2C(=O)C3c4[nH]c5ccccc5c4C4c5ccccc5CCC4C3C2=O)c1,MoleculeNet_HIV
hiv_32948,Cc1ccc(S(=O)(=O)NC(=O)NCCCSSCCCNC(=O)NS(=O)(=O)c2ccc(C)cc2)cc1,MoleculeNet_HIV
hiv_22069,Cc1nc(C(N)=S)sc1C(=O)CC(=NN)C(=O)Nc1cccc(Cl)c1C,MoleculeNet_HIV
hiv_3451,Cn1cnc(=S)c2ccccc21,MoleculeNet_HIV
hiv_19559,Cl.OC(Cc1ccc(Br)cc1)CN1CCC(c2ccccc2)CC1,MoleculeNet_HIV
hiv_22352,CCc1cc(Cc2cc(CC)c(NC(=O)C(=O)CC(=O)c3sc(-c4cccnc4)nc3C)c(CC)c2)cc(CC)c1NC(=O)C(=O)CC(=O)c1sc(-c2cccnc2)nc1C,MoleculeNet_HIV
hiv_12972,Oc1nnc(O)c2nc3c(nc12)c1nc2c(O)nnc(O)c2nc1c1nc2c(O)nnc(O)c2nc31,MoleculeNet_HIV
hiv_35654,CCN(CC)c1ccc2cc(-c3csc(-c4ccc(N(C)C)cc4)n3)c(=O)oc2c1,MoleculeNet_HIV
hiv_16316,CCN(CC)[N+]([O-])=NOC,MoleculeNet_HIV
hiv_23571,CCN(CC)[N+](=O)[N-]OCOC,MoleculeNet_HIV
hiv_24593,COC(=O)C12CSCN1C(=O)C(C(C)=O)=NN2C(=O)C(OC)(c1ccccc1)C(F)(F)F,MoleculeNet_HIV
hiv_10854,CN(C)CCSc1nc(-c2cccs2)c2ccccc2n1,MoleculeNet_HIV
hiv_7831,COc1ccc(CSC2=C(C#N)C(=O)NC3(CCCCC3)S2)cc1,MoleculeNet_HIV
hiv_33573,O=C(CC(=O)N1N=C(N2CCCCC2)CC1c1ccccc1)Nc1ccccc1,MoleculeNet_HIV
hiv_9672,ON=C1CCC(c2ccccc2)CC1,MoleculeNet_HIV
hiv_19303,C=C1N=CNc2c1ncn2C1OC(COC(=O)CCCCCCCCC(=O)OCC2OC(n3cnc4c(O)ncnc43)C(O)C2O)C(O)C1O,MoleculeNet_HIV
hiv_20679,COc1cc2c[n+](C)c3c4cc(OC)c(OC(C)C)cc4ccc3c2cc1OC.[Cl-],MoleculeNet_HIV
hiv_39245,CCC1OC2C(CC=C(C)C)=C3OC(C)(O)C(C)(CC)C(=O)C3=C3OC(=O)C=C1C32,MoleculeNet_HIV
hiv_6111,CCOC(=O)C(=O)c1c([N+](=O)[O-])[nH]c2c(OC)n[n+]([O-])cc12,MoleculeNet_HIV
hiv_30785,CC(c1ccccn1)=[N+]1[N-]C(N)=[S+][AlH3-]12[OH+]B(c1ccccc1)[OH+]2,MoleculeNet_HIV
hiv_5775,O=C(OC1C2CCN(CC2)C1CN1CC=C(c2ccccc2)CC1)C(O)(c1ccccc1)C1CCCC1,MoleculeNet_HIV
hiv_7545,CCC1=C(c2ccc(OC)cc2)CCC2(CCNC2)C1C,MoleculeNet_HIV
hiv_28465,[Cl-].c1ccc2c(c1)Nc1ccccc1[P+]21c2ccccc2Nc2ccccc21,MoleculeNet_HIV
hiv_38227,CC(C(=O)O)C(C)(O)C(=O)O,MoleculeNet_HIV
hiv_32302,CCOP(=O)(CCCC(O)CNc1nc(N)nc(Cl)c1N=Nc1ccc(Cl)cc1)OCC,MoleculeNet_HIV
hiv_28779,N#Cc1[nH]c(=S)[nH]c1N,MoleculeNet_HIV
hiv_18078,COc1cccc2c1[OH+][Cu-5]13(O)([O+]=C(N)[N-][N+]1=C2)[n+]1ccccc1-c1cccc[n+]13,MoleculeNet_HIV
hiv_21954,N=c1sc(=S)[nH]c2sc(Nc3ccccc3)nc12,MoleculeNet_HIV
hiv_24970,O=C(CC(C(=O)c1cccs1)c1ccc2c(c1)OCO2)c1ccc(Br)cc1,MoleculeNet_HIV
hiv_22954,CCOC(=O)C1=C(O)C(=O)c2ccsc2C1=O,MoleculeNet_HIV
hiv_37411,Nc1ncnc2c1ncn2C1C(CO)C(CO)C1(F)F,MoleculeNet_HIV
hiv_9561,COC12C(COC(N)=O)C3=C(C(=O)C(C)=C(NCCc4ccccn4)C3=O)N1CC1NC12,MoleculeNet_HIV
hiv_33873,CC1=C(C)CS(=O)(=O)N(c2ccccc2)C1,MoleculeNet_HIV
hiv_28473,Cc1ccc(Oc2cc(C)ccc2P(=O)(O)O)cc1,MoleculeNet_HIV
hiv_2949,O=C(CNC1=NCCN1)Nc1ccc(NC(=O)c2ccc(C(=O)Nc3ccc(NC(=O)CNC4=NCCN4)cc3)cc2)cc1,MoleculeNet_HIV
hiv_13032,O=S1(=O)CCCCS1,MoleculeNet_HIV
hiv_23160,COc1ccc(C23c4ccc(OC)cc4CC2(c2ccc([N+](=O)[O-])cc2)Cc2cc(OC)ccc23)cc1,MoleculeNet_HIV
davis_11656518,Cn1c(Nc2ccc(C(F)(F)F)cc2)nc2cc(Oc3ccnc(-c4ncc(C(F)(F)F)[nH]4)c3)ccc21,DAVIS_spike_in
hiv_6324,O=c1oc2ccccc2c(O)c1C(CC(=NO)c1ccccc1)c1ccccc1,MoleculeNet_HIV
hiv_39041,N#CCCN(CCC#N)c1ccc(C=C2N=C(c3ccccc3)N(c3ccc(Cl)cc3)C2=O)cc1,MoleculeNet_HIV
hiv_17663,CCOC(=O)C1=C(NC)OCC1=NNC(=O)c1ccccc1O,MoleculeNet_HIV
hiv_31878,CC(C)CC(=O)NC(Nc1ccc(S(=O)(=O)Nc2ncccn2)cc1)(C(F)(F)F)C(F)(F)F,MoleculeNet_HIV
hiv_37870,COc1cc(C=C2CCCc3ccccc3C2=O)cc(OC)c1OC,MoleculeNet_HIV
hiv_15031,O=S(=O)(C=Cc1ccc(F)cc1)Cc1ccc(CS(=O)(=O)C=Cc2ccc(F)cc2)cc1,MoleculeNet_HIV
davis_3038522,COc1cc2c(N3CCN(C(=O)Nc4ccc(OC(C)C)cc4)CC3)ncnc2cc1OCCCN1CCCCC1,DAVIS_spike_in
hiv_4990,O=C1OC(Cl)(C(Cl)(Cl)Cl)C(=O)OC1(Cl)C(Cl)(Cl)Cl,MoleculeNet_HIV
hiv_40952,COc1ccc(C=CC(=O)NCC(NC(=O)C=Cc2ccc(OC)c(OC)c2)C(=O)O)cc1OC,MoleculeNet_HIV
hiv_8961,CSc1c(N(C)C)c(=O)c1=S,MoleculeNet_HIV
hiv_20418,COc1ccc(C(=O)C(c2ccc(OC)cc2)C2C(=O)Oc3ccccc32)cc1,MoleculeNet_HIV
hiv_1819,COc1ccccc1C1C=NNC1,MoleculeNet_HIV
hiv_4241,Cc1ccc(S(=O)(=O)N(CC(=O)O)c2c[nH]c(C(=O)O)c2)cc1,MoleculeNet_HIV
hiv_34288,COC12CCCN1c1ccn(Cc3ccccc3)c(=O)c1C2=O,MoleculeNet_HIV
hiv_14186,O=c1c2ccccc2[nH]c2ccc3c(Cl)n[nH]c3c12,MoleculeNet_HIV
hiv_20364,COC(C(=O)OC1C(=O)N2CCC3CCCC1C32C)c1ccccc1,MoleculeNet_HIV
hiv_28959,CCN1c2nc3ccccc3nc2N(CC)c2nc3ccccc3nc21,MoleculeNet_HIV
hiv_26266,COc1ccc(C=C2SC(=S)N(C=C(C#N)C(=O)c3ccc4ccccc4c3)C2=O)cc1OC,MoleculeNet_HIV
hiv_39260,O=C1CNc2cc(N3CCOCC3)ccc2N1,MoleculeNet_HIV
hiv_33511,COC(=O)c1cncc2c1CC1C3(C(=O)OC)C=NC(C4C(CO)=CCC43)C21C,MoleculeNet_HIV
hiv_9289,COc1ccc(C(c2c(O)c3ccccc3oc2=O)N2CCOCC2)cc1,MoleculeNet_HIV
hiv_25512,COc1c(C(CC(C)C)OC(C)=O)ccc2c1C(=O)OCc1cc(C)cc(O)c1O2,MoleculeNet_HIV
hiv_11775,Cc1ccccc1C1=C(C(=O)Nc2ccc(Cl)c(Cl)c2)NC(=S)NC1N,MoleculeNet_HIV
hiv_21478,CCOC(=O)C12C(C(=O)O)=C(N)CN1CCc1c2[nH]c2ccccc12,MoleculeNet_HIV
hiv_38225,COC(=O)N=[N+]([O-])C(c1ccc(OC)cc1)C1CCCCC1,MoleculeNet_HIV
hiv_40394,CC(=O)OC1CN(S(=O)(=O)c2ccc(C)cc2)CC1C1CCCCC1,MoleculeNet_HIV
hiv_16270,O=S1(=O)C2C=CCC1C(c1ccccc1)CC2,MoleculeNet_HIV
hiv_30387,COc1ccc(C(=O)Sc2c(-c3ccccc3)c(=O)n(-c3ccccc3)c(=S)n2-c2ccccc2)cc1,MoleculeNet_HIV
hiv_24116,COC1(OC)CCCCC2c3cccc(OC(C)=O)c3C21OC(C)=O,MoleculeNet_HIV
hiv_23850,[N-]=[N+]=NC1(N=[N+]=[N-])C(=O)NN=C(c2ccccc2)C1=O,MoleculeNet_HIV
hiv_24903,Cc1ccc(Nc2nc(C)c(C(=O)CC(=NNC(N)=S)C(=O)Nc3ccc(Cl)cc3C)s2)cc1,MoleculeNet_HIV
hiv_14788,O=c1oc2ccccc2[n+](=O)[c-]1-c1ccccc1,MoleculeNet_HIV
hiv_27010,CCOC(=O)C1C(=O)CC1(C)C,MoleculeNet_HIV
hiv_32666,COC(=O)C1(Cc2ccc3c(c2)CCC3)Cc2ccc3c(c2C1)CCC3,MoleculeNet_HIV
hiv_7134,O=c1c(=Cc2ccccc2)sc2nc(-c3ccccc3)nn12,MoleculeNet_HIV
hiv_4518,O=C(O)CN1C(=O)C(=O)c2cc([N+](=O)[O-])ccc21,MoleculeNet_HIV
hiv_2730,COc1cccc(C2CCCC(C#N)C2=N)c1OC,MoleculeNet_HIV
hiv_24768,COc1cc(C2SC(=N)Nc3c2c(C)nn3C(=O)Cc2ccccc2)cc(OC)c1OC,MoleculeNet_HIV
hiv_18026,COc1ccc(NC(=O)CC(=O)NN=Cc2ccc(N(CCC#N)S(C)(=O)=O)cc2)cc1,MoleculeNet_HIV
hiv_25056,Cl.O=C1c2ccccc2Sc2ccccc2N1CCN1CCN(c2ccc(F)cc2)CC1,MoleculeNet_HIV
hiv_28012,CC#CC(O)(C(=O)OC1CCN(C)CC1)C(C)C,MoleculeNet_HIV
hiv_19634,O=C(C[n+]1ccccc1)NNC(=O)C(=Cc1ccc2c(c1)OCO2)NC(=O)c1ccccc1.[Cl-],MoleculeNet_HIV
hiv_26447,CC12CP(=O)(O)CC1C2(Cl)Cl,MoleculeNet_HIV
hiv_7090,O=C1NC(=O)C2(c3ccccc3)CCN1C2=O,MoleculeNet_HIV
hiv_18730,O=C(C=Cc1cccc2ccccc12)c1cccc2ccccc12,MoleculeNet_HIV
hiv_4401,CCCCC1C(=O)N2c3ccccc3-c3ccccc3N2C1=O,MoleculeNet_HIV
hiv_8777,NCCCNCCSSCCNCCCN.O=P(O)(O)O,MoleculeNet_HIV
davis_16038120,COc1cc(N2CCC(N3CCN(C)CC3)CC2)ccc1Nc1ncc(Cl)c(Nc2ccccc2S(=O)(=O)C(C)C)n1,DAVIS_spike_in
hiv_1260,OC1(c2ccccc2)CC(c2ccccc2)c2ccccc2O1,MoleculeNet_HIV
hiv_34887,O=[N+]([O-])C(F)(CCNCC(F)([N+](=O)[O-])[N+](=O)[O-])[N+](=O)[O-],MoleculeNet_HIV
hiv_23560,O=C(NN1C(=O)C(Cl)C1c1ccc(O)cc1)c1ccccc1O,MoleculeNet_HIV
hiv_41027,CC(C)CCCC(C)C1CCC2C3CCC4CC(CCC=C(c5cc(Cl)c(OCc6cccc(B7OC(C)(C)C(C)(C)O7)c6)c(C(=O)OCc6cccc(B7OC(C)(C)C(C)(C)O7)c6)c5)c5cc(Cl)c(OCc6cccc(B7OC(C)(C)C(C)(C)O7)c6)c(C(=O)OCc6cccc(B7OC(C)(C)C(C)(C)O7)c6)c5)CCC4(C)C3CCC12C,MoleculeNet_HIV
hiv_39914,CCOC(=O)Cc1nc2sc(S(N)(=O)=O)nn2c1Br,MoleculeNet_HIV
hiv_3214,CC12CCC3C(CCC4(O)CC(O)CCC34C=O)C1(O)CCC2C1=CC(=O)OC1,MoleculeNet_HIV
hiv_6400,O=S(=O)(C=NN=P(c1ccccc1)(c1ccccc1)c1ccccc1)c1ccccc1-c1ccccc1,MoleculeNet_HIV
hiv_28069,CN1C(CC(O)c2ccccc2)CCCC1CC(O)(c1ccccc1)c1ccccc1.Cl,MoleculeNet_HIV
hiv_38781,CC(=O)Nc1ccc(S(=O)(=O)Nc2ccc(S(=O)(=O)c3ccc(-n4sc5ccccc5c4=O)cc3)cc2)cc1,MoleculeNet_HIV
hiv_19170,CC(=O)c1cccc(NC(=O)C(=O)C(C(=O)NN)c2ccccc2)c1,MoleculeNet_HIV
hiv_13529,O=C1CC(c2c(-c3ccccc3)[nH]c3ccccc23)C(=O)N1c1ccccc1,MoleculeNet_HIV
hiv_2518,Clc1ccc(CNCCCNCc2ccc(Cl)c(Cl)c2)cc1Cl,MoleculeNet_HIV
hiv_4243,CCOC(=O)c1cc(NN=C2CCCNC2=O)c[nH]1,MoleculeNet_HIV
hiv_6650,CCOC(=O)NC(S(=O)(=O)O)S(=O)(=O)O,MoleculeNet_HIV
hiv_4937,O=C1N=NC(=O)c2ccccc21,MoleculeNet_HIV
hiv_20244,CC(=O)[n+]1nc(-c2nc(N)nc(NC3C4CC5CC(C4)CC3C5)n2)oc1-c1ccc(Cl)cc1,MoleculeNet_HIV
hiv_27552,CC1=NN(C(=O)CC(=O)NC(=O)C=Cc2ccccc2)C(=O)C1N=Nc1ccc([N+](=O)[O-])cc1,MoleculeNet_HIV
hiv_37559,O=c1oc2ccccc2n1CCCn1c(=O)oc2ccccc21,MoleculeNet_HIV
hiv_34588,CN1CCN(C2=C(Cl)C3(OCCS3)C(F)(F)C2(F)F)CC1,MoleculeNet_HIV
hiv_25812,Cc1ccccc1OCC1COC(c2ccc(Cl)cc2)O1,MoleculeNet_HIV
hiv_1282,C=CCC(CCC(CC=C)C(=O)O)C(=O)O,MoleculeNet_HIV
hiv_14300,CN(C)CCC(C=Cc1ccccc1)=NNc1c(F)c(F)c(F)c(F)c1F.Cl,MoleculeNet_HIV
hiv_24032,CCN(CC)C(=O)Cc1[nH][nH]c(=O)c1C(=O)N(CC)CC,MoleculeNet_HIV
hiv_36369,COc1ccc2c(c1)C1c3ccccc3CCN1CCC2,MoleculeNet_HIV
hiv_29679,CSCCC(NC(=O)OCc1ccccc1)NC(=O)OCc1ccccc1,MoleculeNet_HIV
hiv_5685,O=c1n(-c2ccccc2)c(=O)n2n1C1C=CC=CC2C2CCC21,MoleculeNet_HIV
hiv_21886,Cc1ccc(S(=O)(=O)NC(=O)C2S(=O)(=O)OCCOS2(=O)=O)cc1,MoleculeNet_HIV
hiv_22613,CCn1c2ccccc2c2c(-c3ccccc3)cc3c(c21)C(=O)N(c1ccccc1)C3=O,MoleculeNet_HIV
hiv_36204,CN(C)c1ccc(C=C(NC(=O)c2ccccc2)c2nn(C)c(=O)o2)cc1,MoleculeNet_HIV
hiv_37918,Cc1ccc(NC(=O)c2cnccn2)c(=O)o1,MoleculeNet_HIV
hiv_11788,CCCC1=C(CC)C(C(=O)Nc2c(C)cccc2C)=NC(S)N1,MoleculeNet_HIV
hiv_11642,O=Cc1ccc(C=O)n1C1CCOC1=O,MoleculeNet_HIV
hiv_23967,CC1SC(=O)SC1C,MoleculeNet_HIV
hiv_7778,CC(Sc1ccccc1)C(=O)N1CCCC1,MoleculeNet_HIV
hiv_33656,Cc1cc(-c2cc(C(C)(C)C)c(O)c(C(C)(C)C)c2)c(C)cc1-c1cc(C(C)(C)C)c(O)c(C(C)(C)C)c1,MoleculeNet_HIV
hiv_35702,Cc1ccc(C2C(C(=O)C(C)(C)C)N2S(=O)(=O)c2ccc(C)cc2)cc1,MoleculeNet_HIV
hiv_3820,OC1(C2(O)CCC2)CCC1,MoleculeNet_HIV
hiv_28268,O=C(NCc1ccccc1)c1cc2ccc(O)c(O)c2cn1,MoleculeNet_HIV
hiv_31892,Cc1n[nH]c(=O)n1Nc1ccccc1,MoleculeNet_HIV
hiv_3986,CCOC(C(=O)N(C)CCN(C)CCc1ccccc1)(c1ccccc1)c1ccccc1,MoleculeNet_HIV
hiv_16114,Cc1cc(CC(O)c2ccc(Cl)c(Cl)c2)nc(O)n1,MoleculeNet_HIV
hiv_20377,Cn1cc(C(=O)c2ccccc2)cc(C(=O)c2ccccc2)c1=O,MoleculeNet_HIV
davis_5494449,Cc1cc(Nc2cc(N3CCN(C)CC3)nc(Sc3ccc(NC(=O)C4CC4)cc3)n2)n[nH]1,DAVIS_spike_in
hiv_20186,Cc1cc(NS(=O)(=O)c2ccc(NC(=O)c3cccc4c(N)c5ccccc5nc34)cc2)no1,MoleculeNet_HIV
hiv_23976,CC(=O)Nc1nnc(S(C)(=O)=O)s1,MoleculeNet_HIV
hiv_38737,O=C1CNc2cc(N3CCN(c4cccc(C(F)(F)F)c4)CC3)ccc2N1,MoleculeNet_HIV
hiv_14172,CC(CO)C1=C(c2c[nH]c3ccccc23)C2C(C)CC(O)C3(C)C(C)CCC(O)C23CC1,MoleculeNet_HIV
hiv_36827,CCCCCCCCCCCCCCCC1C[N+](C)(C)CCOP(C)(=O)O1.[Br-],MoleculeNet_HIV
hiv_8145,NC(=O)C1c2ccccc2C=Cc2ccccc21,MoleculeNet_HIV
hiv_31167,COc1cc2c(cc1OC)C(C1CC1)ON(C)CC2,MoleculeNet_HIV
hiv_39264,CC(=O)OCC1OC(OCCCOP(=O)(OCCC#N)OCC2OC(n3cnc4c(N)ncnc43)C(OC(=O)c3ccccc3)C2OC(=O)c2ccccc2)C(OC(C)=O)C(OC(C)=O)C1OC(C)=O,MoleculeNet_HIV
hiv_21379,CCOC(=O)C1=C(C)C2C3C(=O)NC(=O)C3C1(C)C1C(=O)NC(=O)C21,MoleculeNet_HIV
hiv_15556,CSC(=NC(=O)c1ccccc1Cl)SCCSC(=NC(=O)c1ccccc1Cl)SC,MoleculeNet_HIV
hiv_20124,CCCC[Sn](CCCC)(OC(=O)c1ccc(C)c(N)c1)OC(=O)c1ccc(C)c(N)c1,MoleculeNet_HIV
hiv_23175,CC(=O)O.O=C(CCN1CCCCC1)Nc1ccc2c(c1)C(=O)c1ccc(NC(=O)CCN3CCCCC3)cc1C2=O,MoleculeNet_HIV
hiv_30760,Cc1nc2ccccc2n1C(=O)c1c(F)c(F)c(F)c(F)c1F,MoleculeNet_HIV
hiv_14177,O=C1CNCCNCC(=O)Nc2ccccc2-c2ccccc2N1,MoleculeNet_HIV
hiv_36418,Cc1ccc(Cc2n[nH]c(=O)n2N2C(=O)c3ccccc3C2=O)cc1,MoleculeNet_HIV
hiv_26533,CC1CC(O)c2ccccc2O1,MoleculeNet_HIV
hiv_38717,COc1cccc(CCn2c(N)c(C(=O)O)c3ccc([N+](=O)[O-])cc3c2=O)c1,MoleculeNet_HIV
hiv_1305,CN1CCN(c2nc3c(c(=O)n(C)c(=O)n3C)n2C)CC1,MoleculeNet_HIV
hiv_39937,C=C(C)C1(O)CCCCC1CC(Sc1ccccc1)Sc1ccccc1,MoleculeNet_HIV
hiv_23315,CC1=NN(C(=O)Cc2ccccc2)C(=O)C1=CC=Cc1ccccc1,MoleculeNet_HIV
hiv_32636,O=C1OC(C2Cc3ccc4c(c3C2=O)CCC4)c2ccccc21,MoleculeNet_HIV
hiv_28234,O=C1NN(C2=NNC3(C(=O)N2)c2ccccc2-c2ccccc23)C(c2ccccc2)=NC1=Cc1ccc(O)cc1,MoleculeNet_HIV
hiv_14576,N=CNS(=O)(=O)c1ccc(NC(=O)COC(=O)c2cccc3c(=O)c4ccccc4[nH]c23)cc1,MoleculeNet_HIV
hiv_29763,CC1(C)NC(=O)C(NC(=O)C(N)CC(=O)O)CCCCNC(=O)CCNC1=O,MoleculeNet_HIV
hiv_20205,c1cc(C2OC3CCCN3C2c2ccncc2)ccn1,MoleculeNet_HIV
hiv_26923,C=CCC1(C2=C(C)C(=O)c3ccccc32)CCCS1,MoleculeNet_HIV
hiv_38041,N#Cc1c(-c2ccccc2)cn(C(=O)c2ccccc2)c1N,MoleculeNet_HIV
hiv_24948,O=C1Oc2ccccc2C(=O)C1=CNC(=S)NCCc1ccccc1,MoleculeNet_HIV
hiv_18053,COc1cccc2c1[OH+][Cu-3]1([O+]=C2)[O+]=Cc2cccc(OC)c2[OH+]1,MoleculeNet_HIV
hiv_33150,BrC1(c2ccccc2)C[n+]2c(-c3ccccc3)cc(-c3ccccc3)cc2-c2ccccc21.[Br-],MoleculeNet_HIV
hiv_697,S=C(NNc1ccccc1)SSSC(=S)NNc1ccccc1,MoleculeNet_HIV
hiv_12005,O=C1C=CC(=C(c2ccc(O)cc2)c2c(Br)c(Br)c(Br)c(Br)c2S(=O)(=O)O)C=C1,MoleculeNet_HIV
hiv_20330,CN1CC2CC(=O)CCC2CC1C#N,MoleculeNet_HIV
hiv_4824,CC(=O)C1(N=Nc2ccc(S(=O)(=O)Nc3onc(C)c3C)cc2)CCOC1=O,MoleculeNet_HIV
hiv_23975,Cc1ccc(S(=O)c2cccs2)cc1,MoleculeNet_HIV
hiv_16801,O=C1C(=O)N(c2nccs2)C(=O)C(=O)C1c1nc2ccccc2s1,MoleculeNet_HIV
hiv_19786,Cc1cc(=O)oc2cc(OCc3nc4ccccc4c(=O)n3-c3ccccc3)ccc12,MoleculeNet_HIV
hiv_13694,O=C(O)C(=O)O.O=c1c2cc(Br)ccc2nc(-c2ccccc2Cl)n1NCC1(O)OCC(O)C(O)C1O,MoleculeNet_HIV
hiv_35721,CC(C)(C)[Si](C)(C)OCC1OC(n2ccc(=O)[nH]c2=O)C(=CC#N)C1O[Si](C)(C)C(C)(C)C,MoleculeNet_HIV
hiv_16231,CC(=O)C(=Cc1ccco1)C(=O)Nc1ccccc1,MoleculeNet_HIV
hiv_36488,c1ccc(Cc2n[nH]c(Cc3nc(Cc4ccccc4)n[nH]3)n2)cc1,MoleculeNet_HIV
hiv_31782,O=C(NCCc1c(-c2ccccc2)[nH]c2ccccc12)C(F)(F)C(F)(F)F,MoleculeNet_HIV
hiv_25415,CC(=O)NC1=NC(=Cc2ccc(Cl)cc2)C(=O)N1C=C1C(=O)Oc2ccccc2C1=O,MoleculeNet_HIV
hiv_35767,COc1cc(C=C2C(=O)NC(=O)NC2=O)ccc1OCc1ccccc1,MoleculeNet_HIV
hiv_27815,CN1CC(c2ccccc2)N(CCCCN2CC(c3ccccc3)N(C)CC2c2ccccc2)CC1c1ccccc1,MoleculeNet_HIV
hiv_11856,O=c1c(O)c(O)c1=O,MoleculeNet_HIV
hiv_23611,CC1(C)OC(=S)N(c2ccccc2)C12C=Cc1cc3ccccc3nc1S2,MoleculeNet_HIV
hiv_25967,CN=c1sc2c(n1C)C(=O)c1ccccc1C2=O,MoleculeNet_HIV
hiv_14775,COc1cc2nc(NCCCCCNC(=O)c3ccco3)nc(N)c2cc1OC.Cl,MoleculeNet_HIV
hiv_32824,CC(Nc1cc(=O)n(C)c(=O)[nH]1)c1ccccc1,MoleculeNet_HIV
hiv_9000,O=C1CSC(=Nc2ccccc2)N1c1ccc(-n2c(-c3ccc(N=Cc4ccc(Cl)cc4)cc3)nc3ccccc3c2=O)cc1,MoleculeNet_HIV
hiv_11778,Cc1cccc(C)c1NC(=O)CCCC(=O)CC(=O)C=Cc1ccccc1,MoleculeNet_HIV
hiv_28406,Cc1ccc(S(=O)(=O)NN=C2C(C)(C)CC2(C)C)cc1,MoleculeNet_HIV
hiv_19334,CC(C)(C)OC(=O)c1cc(NC(=S)c2ccccc2)ccc1Cl,MoleculeNet_HIV
hiv_13097,CCCCCCCCCCCCOC(=S)NCCCC,MoleculeNet_HIV
hiv_16153,Cc1ccc(S(=O)(=O)OCC2OC(CCCO)CC([Si](C)(C)C)=CCC2Cl)cc1,MoleculeNet_HIV
hiv_13729,O=C(O)c1ccc2c(c1)C(=O)N(c1ccc(S(=O)(=O)c3ccc(N4C(=O)c5ccc(C(=O)O)cc5C4=O)cc3)cc1)C2=O,MoleculeNet_HIV
hiv_26464,CON=C(C(=O)N(C(=O)C(=NOC)c1csc(NC(c2ccccc2)(c2ccccc2)c2ccccc2)n1)n1cnn(CC(=O)OC(C)(C)C)c1=O)c1csc(NC(c2ccccc2)(c2ccccc2)c2ccccc2)n1,MoleculeNet_HIV
hiv_38449,S=C(NN=CC(=NNC(=S)N1CCCCC1)c1ccccc1)N1CCCCC1,MoleculeNet_HIV
hiv_1599,OCCCN1CCCC12CCCCC2,MoleculeNet_HIV
hiv_979,CC(C)(C)c1ccc(CN2CCN(C(c3ccccc3)c3ccc(Cl)cc3)CC2)cc1,MoleculeNet_HIV
hiv_22215,CC(C)(C)N=NC(C)(C)N=C=O,MoleculeNet_HIV
hiv_9793,c1ccc(-c2csc3[n+]2CCN3)cc1,MoleculeNet_HIV
hiv_8459,O=C1NC(=O)C23CCCCc4cccc(c42)C(=O)C13,MoleculeNet_HIV
hiv_37917,Cc1ccc(NC(=O)c2ccccc2)c(=O)o1,MoleculeNet_HIV
hiv_6206,CNCC(=O)NC(CO)C(=O)NC(CO)C(=O)NC1C(C(N)=O)OC(n2ccc(=N)[nH]c2=O)C(O)C1O,MoleculeNet_HIV
hiv_462,COc1ccc2c(c1OC)CC1COCC21,MoleculeNet_HIV
hiv_962,CCOC(=O)C(CCCC#N)=NO,MoleculeNet_HIV
hiv_35806,Cc1nc2c(=O)n3c4c(cccc4c2o1)CCC3,MoleculeNet_HIV
hiv_3594,N#CC1(C#N)C(C#N)(C#N)C12CCCCC2Cl,MoleculeNet_HIV
hiv_27966,O=C1NCN(c2ccccc2)C12CCN(CCCSc1ccc(F)cc1)CC2,MoleculeNet_HIV
hiv_5460,CN(C)CCCNC(CC#N)CCC#N,MoleculeNet_HIV
hiv_13626,COc1c(CC(C)=O)ccc2c1C(=O)c1ccc(C=O)c(OC(C)=O)c1C2=O,MoleculeNet_HIV
hiv_7598,CC(=O)OC1SC(OC(C)=O)C2OC(=O)OC12,MoleculeNet_HIV
hiv_1703,O=S(=O)(O)CC(O)CCl,MoleculeNet_HIV
hiv_13641,O=C1C=C(N2CCCC2)c2cc(N3CCCC3)ncc2C1=O,MoleculeNet_HIV
hiv_21129,CCCCCCCCCc1ccc(Oc2ccc3c(c2)C2=NC3=NC3=NC(=NC4=NC(=NC5=NC(=N2)c2ccc(Oc6ccc(CCCCCCCCC)cc6)cc25)c2ccc(Oc5ccc(CCCCCCCCC)cc5)cc24)c2cc(Oc4ccc(CCCCCCCCC)cc4)ccc23)cc1,MoleculeNet_HIV
hiv_21275,C=C1CCC(O)C2(C)CCC(C(C)(C)O)C(OC3OC(CO)C(O)C(O)C3O)C12,MoleculeNet_HIV
hiv_40467,COC1CC(COCc2ccccc2)CC(OC)O1,MoleculeNet_HIV
hiv_28056,CN1CN(c2ccccc2)C2(CCN(CCCCCCF)CC2)C1=O.Cl,MoleculeNet_HIV
hiv_36479,CCc1c(-c2ccc(OC)cc2)oc(OC)c(C)c1=O,MoleculeNet_HIV
hiv_4844,CCC1=C(CC2NCCc3ccccc32)CC2c3cc(OC)c(OC)cc3CCN2C1,MoleculeNet_HIV
hiv_28093,COc1ccc2[nH]cc(CN3CCC(CO)(c4ccccc4)CC3)c2c1,MoleculeNet_HIV
hiv_34433,CC(C)C1OC23CCCCC2C(C#N)(C#N)C1(C#N)C(=N)O3,MoleculeNet_HIV
hiv_86,CN(C)C(=S)SSC(=S)N(C)C,MoleculeNet_HIV
hiv_40989,S=C1NCCN1C(=S)NC1CCCCC1,MoleculeNet_HIV
hiv_3785,O=S1(=O)CC2C1C1(c3ccccc3)OC2(c2ccccc2)c2ccccc21,MoleculeNet_HIV
hiv_16731,CC(=NNC(=O)c1ccccc1O)c1c(O)cc(C)oc1=O,MoleculeNet_HIV
hiv_40049,N#Cc1ccc(N2CCOCC2)cc1,MoleculeNet_HIV
hiv_9733,CC1=CC(C)(C)SC(SSSC2=NC(C)=CC(C)(C)S2)=N1,MoleculeNet_HIV
hiv_8020,O=c1c2ccccc2oc2cc3c(c(O)c12)CCCC3,MoleculeNet_HIV
hiv_2277,CC12CCC3C(CCC4CC(O)CCC43C)C1Cc1cc3ccccc3nc12,MoleculeNet_HIV
hiv_15505,CC(C)CC(N)C(=O)NC(Cc1c[nH]cn1)C(=O)NC(CC(N)=O)C(=O)NC(C(=O)NC(CO)C(=O)NC(Cc1ccc(O)cc1)C(=O)NC(CO)C(=O)NC(C)C(=O)NC(CCCCN)C(=O)NC(CC(=O)O)C(=O)NC(CC(C)C)C(=O)O)C(C)O,MoleculeNet_HIV
hiv_24868,CC1=CC(=O)C(=CN2CCNC2=S)C(=O)O1,MoleculeNet_HIV
hiv_11275,O=c1c2cccnc2ncn1CCCN1CCCCC1,MoleculeNet_HIV
hiv_27536,Cn1cc(NC(=O)Nc2cc(C(=O)Nc3cc(C(=O)Nc4cc(C(=O)Nc5ccc6cc(S(=O)(=O)O)cc(S(=O)(=O)O)c6c5)n(C)c4)n(C)c3)n(C)c2)cc1C(=O)Nc1cc(C(=O)Nc2cc(C(=O)Nc3ccc4cc(S(=O)(=O)O)cc(S(=O)(=O)O)c4c3)n(C)c2)n(C)c1.[NaH],MoleculeNet_HIV
hiv_14943,CCOC(=O)C1Cc2ccc(OC)cc2C2=CC(=O)CCC21,MoleculeNet_HIV
hiv_25001,c1csc(-c2cc(-c3cccs3)c(-c3cccs3)s2)c1,MoleculeNet_HIV
hiv_21721,COC(=O)CC12CC(CC(=O)O1)N(C(=O)Nc1ccccc1)O2,MoleculeNet_HIV
hiv_3930,O=C(C[PH](c1ccccc1)(c1ccccc1)c1ccccc1)c1ccc([N+](=O)[O-])cc1,MoleculeNet_HIV
hiv_20026,N.O=C(O)c1cc(Cc2cc(C(c3ccc(O)c(C(=O)O)c3)c3ccc(O)c(C(=O)O)c3)cc(C(=O)O)c2O)ccc1O,MoleculeNet_HIV
hiv_9667,COc1ccc(C(=O)c2ccc(OC)c3ccccc23)c2ccccc12,MoleculeNet_HIV
hiv_22464,CCCCOC(=O)C(=O)C(CC(C(=O)Cc1ccccc1)c1ccccc1)C(=O)C=C(C)C,MoleculeNet_HIV
hiv_30612,O=C(N=C1[Se]C(=Nc2ccccc2)C(=Nc2ccccc2)N1c1ccccc1)c1ccc([N+](=O)[O-])cc1,MoleculeNet_HIV
hiv_9044,O=c1c2ccccc2oc2nc3cc(Cl)ccc3n12,MoleculeNet_HIV
hiv_30584,COc1ccc(N=C2C(=Nc3ccc(OC)cc3)N(S(=O)(=O)c3ccccc3)C(=S)N2c2ccccc2)cc1,MoleculeNet_HIV
hiv_2725,Cc1cc2c(C(C)C)c(O)c(O)c(C=O)c2c(O)c1-c1c(C)cc2c(C(C)C)c(O)c(O)c(C=Nc3ccccc3SSc3ccccc3N)c2c1O,MoleculeNet_HIV
hiv_27231,[O-][n+]1onc2c1C(=NO)CCC2,MoleculeNet_HIV
hiv_26907,CC(=O)C(=[N+]=[N-])C(=O)N(C)CCC#N,MoleculeNet_HIV
hiv_29408,CC[N+]1(C2=C([O-])C(F)(F)C2=O)CCCCC1,MoleculeNet_HIV
hiv_24093,COc1cc(CCCC(O)COc2cccc3c2C2(O)CCCCCC32)cc(OC)c1.O=C(O)C(=O)O,MoleculeNet_HIV
hiv_4040,Cn1c(=O)cc(C=Nc2ccc(O)cc2)c2ccccc21,MoleculeNet_HIV
hiv_19297,Cl.Clc1ccc(CCn2cncn2)c(Cl)c1,MoleculeNet_HIV
hiv_29656,COC(=O)CCc1c(Cc2ccc[nH]2)[nH]c(C(=O)OCc2ccccc2)c1C,MoleculeNet_HIV
hiv_9254,Cc1c(COC(=O)NC(C)C)c(COC(=O)NC(C)C)c2n1CS(=O)C2,MoleculeNet_HIV
hiv_18119,Cl.O=c1oc2c3ccc4ccccc4c3n(CCN3CCOCC3)c2c2ccccc12,MoleculeNet_HIV
hiv_3701,S=c1[nH]nc2scnn12,MoleculeNet_HIV
hiv_6535,Nc1ccc(N=Nc2ccccc2)c(N)n1,MoleculeNet_HIV
hiv_18277,CCCCCCCCCCCCCCCC(=O)OCC1OC(OC)C(NC(=O)N(CCCl)N=O)C(O)C1O,MoleculeNet_HIV
hiv_18718,CC1CCC2(NC1)OC1CC3C4CC=C5C=CCCC5(C)C4CCC3(C)C1C2C,MoleculeNet_HIV
hiv_10287,Cc1cccc(N2C(c3ccccc3)c3ccc(C)cc3NS2=O)c1,MoleculeNet_HIV
hiv_17723,CC(=O)Nc1ccc(C=c2sc3nnc(C=Cc4ccccc4)n3c2=O)cc1,MoleculeNet_HIV
hiv_23432,NC1=c2[nH]c(-c3ccc(Cl)cc3)nc2=NS(=O)(O)=N1,MoleculeNet_HIV
hiv_21844,COC12CCC(C(C(=O)c3ccccc3)=C1C(=O)c1ccccc1)C(O)C2,MoleculeNet_HIV
hiv_36225,Nc1ccc(-c2ncc3cc(-c4cccc(-c5cc6cnc(-c7ccc(N)cc7)nc6c6ccccc56)c4)c4ccccc4c3n2)cc1,MoleculeNet_HIV
hiv_17660,O=C(C=C1NC(=O)CS1)Nc1ccccc1,MoleculeNet_HIV
hiv_13660,CCC1=C(OC)c2ncccc2C(=O)C1=O,MoleculeNet_HIV
hiv_17011,C#CCN(N=O)C(=O)NC(CCCCNC(=O)OCc1ccccc1)C(=O)OCc1ccccc1,MoleculeNet_HIV
hiv_29692,CC(C)(C)OC(=O)NC(Cc1ccc(OC(C)(C)C)cc1)C(=O)NC1CCCC1C(=O)NC(Cc1ccccc1)C(=O)N1CCCC1C(N)=O,MoleculeNet_HIV
hiv_39227,COc1ccc2nc3cc(Cl)ccc3c(NCCCN3CCN(CCCNc4ccc5nnn6c7ccccc7c(=O)c4c56)CC3)c2c1.CS(=O)(=O)O,MoleculeNet_HIV
hiv_22645,S=c1sc2c(n1-c1ccccc1)N=CNC2S,MoleculeNet_HIV
hiv_14505,[Cl-].[N-]=[N+]=[NH+][Co-4](N)(N)(N)(N)[NH+]=[N+]=[N-],MoleculeNet_HIV
hiv_25418,O=C1Oc2ccccc2C(=O)C1=CN1C(=O)C(=Cc2ccc3c(c2)OCO3)SC1=S,MoleculeNet_HIV
hiv_96,N#CNC(=N)N,MoleculeNet_HIV
hiv_11671,COC1CC2C3C(=NNc4ccc([N+](=O)[O-])cc4[N+](=O)[O-])CCC2(C)C3C1,MoleculeNet_HIV
hiv_18989,Cc1cn(C2CC(N=[N+]=[N-])C(COC(=O)C3C(C#N)CC4C5CCC6=CC(=O)C=CC6(C)C5C(O)CC43C)O2)c(=O)[nH]c1=O,MoleculeNet_HIV
hiv_32350,O=[N+]([O-])c1ccc(N=CC=CNc2ccc([N+](=O)[O-])cc2)cc1,MoleculeNet_HIV
hiv_2858,C(=Cc1c[nH]c2ccccc12)c1nccc2ccccc12,MoleculeNet_HIV
hiv_14360,CC(C)=Cc1cc(C(=O)NCCNC(=O)c2cc(C=C(C)C)nc(NC#N)n2)nc(NC#N)n1,MoleculeNet_HIV
hiv_9480,Nc1ccc2c(c1)C(=O)N(OS(=O)(=O)c1ccccc1)C2=O,MoleculeNet_HIV
hiv_21350,CCOC(=O)C=C1Nc2ccccc2-n2nnnc21,MoleculeNet_HIV
hiv_23245,CC(C1CCC2C3CCC4CC5(CCC4(C)C3CCC21C)c1ccccc1C(=O)N5C)N(C)C,MoleculeNet_HIV
hiv_29141,Cn1ccnc1CCc1ccc(F)cc1F,MoleculeNet_HIV
hiv_39029,[Cl-].c1cc2ccc3ccc[n+]4c3c2[n+](c1)[Co-4]412([n+]3cccc4ccc5ccc[n+]1c5c43)[n+]1cccc3ccc4ccc[n+]2c4c31,MoleculeNet_HIV
hiv_37537,COC(=O)C(Cc1c[nH]c2ccccc12)NP(=O)(O)CCC1OC(n2cc(C)c(=O)[nH]c2=O)CC1N=[N+]=[N-],MoleculeNet_HIV
hiv_8480,CP1(=S)CCC2C3=C(CCC21)CC(=O)CC3,MoleculeNet_HIV
hiv_34065,Cc1ccc(S(=O)(=O)N2CCN(CCO)CCN(S(=O)(=O)c3ccc(C)cc3)CCN(CCO)CC2)cc1,MoleculeNet_HIV
hiv_10331,NC(CCC(=O)NCCCC(=O)O)C(=O)O,MoleculeNet_HIV
hiv_16278,O=C1OC2C3Cc4ccccc4N2C1C3,MoleculeNet_HIV
hiv_40239,COc1ccc(S(=O)(=O)c2nnc(S(=O)(=O)Cc3ccccc3)s2)cc1,MoleculeNet_HIV
hiv_25264,Cn1c(=O)c2ccccc2[n+]2c(-c3cccc([N+](=O)[O-])c3)csc12.[Br-],MoleculeNet_HIV
hiv_8560,O=[N+]1C2C3CCC(C3)C2[N+](=O)[Co]12345C1=C2C3C4=C15,MoleculeNet_HIV
hiv_37538,N=C1OC(CN2CCN(c3ccccc3)CC2)CN1C(=S)Nc1ccccc1,MoleculeNet_HIV
hiv_2896,Cc1ccc2[nH]c3nc4cc(C)c(C)cc4nc3c2c1,MoleculeNet_HIV
hiv_10333,NC(CO)C(=O)NCCS(=O)(=O)O,MoleculeNet_HIV
hiv_35330,CCn1cc2c(=O)n3ncn(-c4ccc(Br)cc4)c3nc2n1,MoleculeNet_HIV
hiv_896,O=c1ccc(=O)n(-c2ccc(Br)cc2)[nH]1,MoleculeNet_HIV
hiv_29248,CC(OC(=O)C(Cc1ccccc1)NC(=O)C(Cc1ccccc1)NC(=O)OC(C)(C)C)C(=O)OCc1ccccc1,MoleculeNet_HIV
hiv_30737,CC(=Nc1cc(Cl)cc(Cl)c1)c1ccncc1,MoleculeNet_HIV
hiv_7487,COc1ccc(CN2COc3c(ccc4ccccc34)C2)cc1,MoleculeNet_HIV
hiv_20833,COc1ccc2c(c1)Oc1cc(O)ccc1C2c1ccccc1C(=O)NC(C)c1ccccc1,MoleculeNet_HIV
hiv_8928,Nc1c(S(=O)(=O)O)cc(Nc2ccc(S(=O)(=O)O)c(Nc3nc(Cl)nc(Cl)n3)c2)c2c1C(=O)c1ccccc1C2=O,MoleculeNet_HIV
hiv_26245,CC(=O)NNC(=S)NC=C(C(=O)c1ccccc1)c1ccccc1,MoleculeNet_HIV
hiv_25503,O=c1ccc(-c2ccc(-n3ccnc3)cc2)nn1CCO,MoleculeNet_HIV
hiv_33083,O=C(c1ccc([N+](=O)[O-])cc1)N1CCCC1,MoleculeNet_HIV
hiv_30323,Cl.N=C(N)NN=Cc1c(-c2ccc(Cl)cc2)nc2n1CCS2,MoleculeNet_HIV
hiv_27277,COc1cc2c(cc1OC)C1CC3(CCN1CC2)C(=O)N(c1ccccc1)C(=O)N3C(C)=O,MoleculeNet_HIV
hiv_28863,Cc1c(C)c(C)n(C2OC(CO)C(O)C(O)C2O)c(=S)c1C#N,MoleculeNet_HIV
hiv_14511,O=C1[OH+][Co-4]23(NCCN2)(NCCN3)[OH+]1.[O-]C(O)=[OH+],MoleculeNet_HIV
hiv_18486,c1cnc2nc3n(c2c1)CSC3,MoleculeNet_HIV
hiv_24280,Cn1c(=O)c2nc(N3CCCCC3)cnc2n(C)c1=O,MoleculeNet_HIV
hiv_39080,COCC1OC(N2C(=O)NC(=O)C3C=C4CCCCC4=CC32)C(OC)C1OC,MoleculeNet_HIV
hiv_15601,O=C1CCC(=O)N1CNc1cccc(NCN2C(=O)CCC2=O)c1,MoleculeNet_HIV
hiv_18048,COc1cccc2c1[OH+][Zn-2]1(O)[O+]=C(N)[N-][N+]1=C2,MoleculeNet_HIV
hiv_36136,CC(CCC(=O)OC1CCC2(C)C(CCC3C2CCC2(C)C(C(C)CCc4nc5ccccc5[nH]4)CCC32)C1)C1CCC2C3CCC4CC(O)CCC4(C)C3CCC12C,MoleculeNet_HIV
hiv_15741,c1scc2c1COCCOCCOCCOCCOC2,MoleculeNet_HIV
hiv_24483,CCOC(=O)c1c(SCCN2CCCCC2)n(-c2ccccc2)c(=S)n(-c2ccccc2)c1=O,MoleculeNet_HIV
hiv_35339,O=C1C2=C(SCCS2)C(=O)c2c(Sc3ccc(Cl)cc3)c(Sc3ccc(Cl)cc3)c(Sc3ccc(Cl)cc3)c(Sc3ccc(Cl)cc3)c21,MoleculeNet_HIV
hiv_30074,CCc1cc2c(cc1CCCC(=O)O)CC1(Cc3ccc(C(=O)O)cc3C1)C2,MoleculeNet_HIV
hiv_24510,CN(C(=O)c1ccc(Cl)cc1)C(=S)N1CCN(c2ccccn2)CC1,MoleculeNet_HIV
hiv_5485,CC1(C)COC(C2Cc3ccccc3C(O)(c3ccccc3)C2)=N1,MoleculeNet_HIV
hiv_35258,Cc1ccsc1C=NNc1nc2ccccc2s1,MoleculeNet_HIV
hiv_32039,CCN(CC)c1ccc2cc(C(=O)Nc3nc(C45CC6CC(CC(C6)C4)C5)cs3)c(=O)oc2c1,MoleculeNet_HIV
hiv_14540,CC(C)SC1SCC2C(=O)N(C)C3(CC3C)C(=O)OCC(NC(=O)c3nc4ccccc4cc3O)C(=O)NC(C)C(=O)N(C)C1C(=O)N(C)C1(CC1C)C(=O)OCC(NC(=O)c1nc3ccccc3cc1O)C(=O)NC(C)C(=O)N2C,MoleculeNet_HIV
hiv_18725,CCNCCCCNCCCCNCCCCNCCCCNCC.Cl,MoleculeNet_HIV
hiv_28512,CC1(C)OC(=O)C(C)(C)C(=O)O1,MoleculeNet_HIV
hiv_16269,COc1ccccc1C1SC(c2ccccc2)(c2ccccc2)OC1=O,MoleculeNet_HIV
hiv_28121,S=c1[nH]nc(C23CC4CC(CC(C4)C2)C3)n1-c1ccc(Cl)cc1,MoleculeNet_HIV
hiv_4280,Cc1nc2[nH]c(=O)n(OS(=O)(=O)c3ccccc3)c(=O)c2s1,MoleculeNet_HIV
hiv_4998,COC(=O)CC(O)(CCCC(C)(C)O)C(=O)OC1C(OC)=CC23CCCN2CCc2cc4c(cc2C13)OCO4,MoleculeNet_HIV
hiv_8707,Nc1nc(S)nc2nc3c4ccccc4c4ccccc4c3nc12,MoleculeNet_HIV
hiv_34076,Cl.O=P(O)(O)CN1CCNCCN(CP(=O)(O)O)CCNCC1,MoleculeNet_HIV
hiv_15199,Cc1cccc(C)c1NC(=O)CCCC(=O)C1CCCC1=NNC(=O)C(=O)NN,MoleculeNet_HIV
hiv_11433,CCC1(C)NN=c2sc(=Cc3ccc(OC)cc3)c(=O)n2N1,MoleculeNet_HIV
hiv_40514,COC(=O)c1cc(C#N)[nH]c1-c1ccc(Br)s1,MoleculeNet_HIV
hiv_28033,O=C(OC1CN2CCC1CC2)N(c1ccccc1)c1ccccc1,MoleculeNet_HIV
hiv_11568,O=S1Cc2ccccc2CS1,MoleculeNet_HIV
hiv_18434,O=c1c2ccccc2[se]n1-c1cccnc1,MoleculeNet_HIV
hiv_35341,N#CC(=C1c2cc([N+](=O)[O-])ccc2-c2c1cc([N+](=O)[O-])cc2[N+](=O)[O-])N1CCCCC1,MoleculeNet_HIV
hiv_27141,CCc1ccccc1C(C(=O)NC1CN2CCC1CC2)c1ccsc1,MoleculeNet_HIV
hiv_3737,CC1(C)CN(CCC#N)C(c2ccc([N+](=O)[O-])cc2)O1,MoleculeNet_HIV
hiv_5416,c1ccc(P2CCc3[nH]c4ccccc4c3C2)cc1,MoleculeNet_HIV
hiv_41068,C=C(C)C1CCC2(COC(=O)CC3(CC(=O)O)CCCC3)CCC3(C)C(CCC4C5(C)CCC(OC(=O)CC6(CC(=O)O)CCCC6)C(C)(C)C5CCC43C)C12,MoleculeNet_HIV
hiv_24801,O=C1Oc2ccccc2C(=O)C1=CNC(=S)Nc1ccccc1,MoleculeNet_HIV
hiv_6934,N#Cc1c(N)sc(=S)c2c1CCCC2,MoleculeNet_HIV
hiv_29471,CCOc1ccc(-n2c(=O)c3nn4c(=O)n(-c5ccc(OCC)cc5)c(=O)c4nn3c2=O)cc1,MoleculeNet_HIV
hiv_5434,O=C1N=C2C=CC=CN2CC1O,MoleculeNet_HIV
hiv_35593,CC(=O)N(CN1C(=O)CCC1C(=O)O)c1cccc(O)c1,MoleculeNet_HIV
hiv_29795,CC(C)(C)c1cc2c(c(C(C)(C)C)c1O)CC(=O)O2,MoleculeNet_HIV
hiv_40458,CC(C)N1C2CCCCC2N(C(C)C)[PH]1=O,MoleculeNet_HIV
hiv_32685,ClC1=C(Cc2ccccc2)Cc2ccc3c(c21)CCC3,MoleculeNet_HIV
hiv_4520,O=C(CCNNC(=O)c1ccncc1)NCc1ccccc1,MoleculeNet_HIV
hiv_21298,CCOc1ccccc1NC(=O)C(=O)CC(=O)c1sc(Nc2nnc(-c3ccc(Cl)c(Cl)c3)o2)nc1C,MoleculeNet_HIV
hiv_11318,Cl.O=C(CSc1ncn[nH]1)C[P+](c1ccccc1)(c1ccccc1)c1ccccc1.[Cl-],MoleculeNet_HIV
hiv_36074,N#Cc1c(-c2ccc(Cl)cc2)[nH]c(=O)n(C2OC(CO)C(O)C(O)C2O)c1=O,MoleculeNet_HIV
hiv_1045,CCCCCCCCSc1ncnc2[nH]ncc12,MoleculeNet_HIV
hiv_26381,CCOC(=O)NN(C(=O)OCC)C(=C(c1ccccc1)N1CCOCC1)N(NC(=O)OCC)C(=O)OCC,MoleculeNet_HIV
hiv_25941,O=C1C(=O)C(c2ccccc2)S(=O)(=O)C1c1ccccc1,MoleculeNet_HIV
hiv_36812,O=C(NNC(=S)Nc1ccc(Br)cc1)c1cc(-c2ccccc2)nc2ccccc12,MoleculeNet_HIV
hiv_39771,CCOC(=O)c1sc2nc(SC)nc3c2c1NCN3c1ccccc1Cl,MoleculeNet_HIV
hiv_14563,Cc1cc(C)nc(NS(=O)(=O)c2ccc(NC(=O)c3cccc4c(=O)c5ccccc5[nH]c34)cc2)n1,MoleculeNet_HIV
hiv_32422,COc1ccc(C2C(C#N)=C(S)N(C3OC(COC(C)=O)C(OC(C)=O)C(OC(C)=O)C3OC(C)=O)C(c3ccccc3)=C2C(C)=O)cc1,MoleculeNet_HIV
hiv_22896,CC(=O)OCC1OC(n2ccc(=O)[nH]c2=O)C(OC(C)=O)C(OC(C)=O)C1OC(C)=O,MoleculeNet_HIV
hiv_14552,CN(C)P1(=O)OCC2CCCC2O1,MoleculeNet_HIV
hiv_40452,N=CN=CC(=S)OC1C(=O)N2CCCC23CCCCC13,MoleculeNet_HIV
hiv_14061,COC(=O)C1Cc2c([nH]c3ccccc23)C(c2ccccc2O)N1Cc1ccccc1,MoleculeNet_HIV
hiv_30019,CCCCC1(c2sccc2C(O)(C(F)F)C(F)(F)F)NC(C)(C)CO1,MoleculeNet_HIV
hiv_29360,COC(=O)C(Cc1ccccc1)NC(=O)C(CCC(=O)OCc1ccccc1)NC(=O)OC(C)(C)C,MoleculeNet_HIV
hiv_13152,Cl.OCC1OC(n2cnc(C3=NCC(O)CN3)n2)C(O)C1O,MoleculeNet_HIV
hiv_19651,N=C(N)NN=C(CC1OC(=O)c2ccccc21)c1ccc2ccccc2c1,MoleculeNet_HIV
hiv_7947,Cc1ccc2nc(NC(=S)SSC(=S)Nc3nc4ccc(C)cc4s3)sc2c1,MoleculeNet_HIV
hiv_19670,Nc1c(N=Nc2ccc(S(=O)(=O)c3ccc(N=Nc4cc(S(=O)(=O)O)c5cccc(S(=O)(=O)O)c5c4N)cc3)cc2)cc(S(=O)(=O)O)c2cccc(S(=O)(=O)O)c12.[NaH],MoleculeNet_HIV
hiv_24609,OCC1C(O)C2OC3(CCCC3)OC2CN1OCC=Cc1ccccc1,MoleculeNet_HIV
hiv_37428,Cl.N=C(c1ccc(-c2cn3cc(C(=N)N4CCCC4)ccc3n2)cc1)N1CCCC1,MoleculeNet_HIV
hiv_9549,CC(C)C1N(N2C(=O)CS(=O)(=O)C2C(C)C)C(=O)CS1(=O)=O,MoleculeNet_HIV
hiv_40699,CCOC(=O)c1c(N2CCOCC2)nc(O)c(C(c2c(O)nc(N3CCOCC3)c(C(=O)OCC)c2O)C(C)C)c1O,MoleculeNet_HIV
hiv_15011,CCC(CC(=O)CCC(=O)Nc1ccc(C)c(C)c1)=NNC(=O)c1cc2ccccc2cc1O,MoleculeNet_HIV
hiv_10836,CC(C)(C)c1cc(C(O)(C(F)(F)F)C(F)(F)F)c2c(c1)C(C(F)(F)F)(C(F)(F)F)OC(c1ccccc1)(C(C)(C)C)N2,MoleculeNet_HIV
hiv_7411,CN(C)c1ncnc2c1Cc1ccccc1C(=O)N2C,MoleculeNet_HIV
hiv_29666,COP(C)(=O)C(Cc1c[nH]c2ccccc12)NC(=O)OCc1ccccc1,MoleculeNet_HIV
hiv_30940,NC(CCP(=O)(O)CCC1C=CC=CC1)C(=O)O,MoleculeNet_HIV
hiv_10012,COc1nc2[nH]c(C)cc(=O)c2c2ccccc12,MoleculeNet_HIV
hiv_24572,O=C1CC2C(c3ccccc3)C3C(=O)c4ccccc4NC(=O)C3C2(O)c2ccccc2N1,MoleculeNet_HIV
hiv_22521,COC1=C(C)C(=O)C2C(C)C(c3ccc(OC)c(OC)c3)C2C1=O,MoleculeNet_HIV
hiv_7298,CCN(CC)c1nc(NC2CCCCC2)c2nc(N(CC)CC)nc(NC3CCCCC3)c2n1,MoleculeNet_HIV
hiv_32064,O=c1[nH]n(Cc2ccccc2Cl)c2ccc([N+](=O)[O-])cc12,MoleculeNet_HIV
hiv_1640,Cc1c2ccccc2n[c-](CSCc2ccccc2)[n+]1=O,MoleculeNet_HIV
hiv_32803,OC1c2ccccc2C2C1C(c1ccccc1)C1(Cc3ccccc3C1O)C2c1ccccc1,MoleculeNet_HIV
hiv_10538,O=C(NCCSSCCNC(=O)C(Cc1ccc(O)c(Br)c1)=NO)C(Cc1ccc(O)c(Br)c1)=NO,MoleculeNet_HIV
hiv_22992,CC1(C)OC(CC2(C#N)CC(CCl)OC(C)(C)O2)CC(CC2(C#N)CC(CCl)OC(C)(C)O2)O1,MoleculeNet_HIV
hiv_2644,c1ccc2c(c1)Nc1ccccc1O2,MoleculeNet_HIV
davis_5328940,COc1cc(Nc2c(C#N)cnc3cc(OCCCN4CCN(C)CC4)c(OC)cc23)c(Cl)cc1Cl,DAVIS_spike_in
hiv_29584,CN(NC(=O)c1ccc(Cl)cc1)C1=NCCCCN1.I,MoleculeNet_HIV
hiv_26048,Cc1cc2oc(=O)cc(C)c2c(=O)o1,MoleculeNet_HIV
hiv_2414,CC(=O)Nc1ccc(S(=O)(=O)n2oc(=O)c(-c3ccccc3)c2N)cc1,MoleculeNet_HIV
hiv_20149,CCOC(=O)C1=C(C)NC(=S)NC1c1ccccc1,MoleculeNet_HIV
hiv_37343,O=C(O)C(F)(F)F.c1ccc2cc(CNCCCCNCCCNCc3ccc4ccccc4c3)ccc2c1,MoleculeNet_HIV
hiv_12481,NC(=O)n1ncc(Cl)c(Cl)c1=O,MoleculeNet_HIV
hiv_24991,O=C(C=Cc1cccs1)c1ccc([N+](=O)[O-])cc1,MoleculeNet_HIV
hiv_3386,CCOC(=O)C(F)(F)C(=O)OCC,MoleculeNet_HIV
hiv_22338,[N-]=[N+]=C(C(=O)C(=[N+]=[N-])C(=O)c1ccccc1)C(=O)c1ccccc1,MoleculeNet_HIV
hiv_8033,CC1N=C(SCc2c(F)cccc2Cl)N2C(C)N=C(SCc3c(F)cccc3Cl)N12,MoleculeNet_HIV
hiv_1077,CN(CC(O)C(O)CN(C)C(=S)S)C(=S)S,MoleculeNet_HIV
hiv_2117,O=C(Nc1nccs1)c1ccc(C(=O)Nc2nccs2)cc1,MoleculeNet_HIV
hiv_32073,O=c1c2cc([N+](=O)[O-])ccc2n2n1CCCCC2,MoleculeNet_HIV
hiv_20807,O=C1NCCS(=O)(=O)NC(CC2=CC=CCC2)C(=O)N2CCCC12,MoleculeNet_HIV
hiv_28227,CN(C)CCCOC(=O)C1CC(O)CN1C(=O)c1ccc2c(c1)OCO2.O=C(O)C(=O)O,MoleculeNet_HIV
hiv_27791,CN1CN(c2ccccc2)C2(CCN(Cc3csc4ccccc34)CC2)C1=O,MoleculeNet_HIV
hiv_4387,CCOC(=O)NC1=NCC(C)S1,MoleculeNet_HIV
hiv_32337,NC(Cc1ccc(OCc2ccccc2)cn1)C(=O)O,MoleculeNet_HIV
hiv_25880,CCOC(=O)C(=Cn1c(=S)[nH]c2cc(C)ccc21)C(=O)OCC,MoleculeNet_HIV
hiv_35249,COC(=O)CNC(=O)c1cc(C)cc2c1Oc1c(cc(C)cc1C(=O)NCC(=O)OC)S2,MoleculeNet_HIV
hiv_8482,NC(Cc1ccc[se]1)C(=O)O,MoleculeNet_HIV
hiv_11968,CCOC(=O)c1oc2ccc(OC)c3c2c1CCC3,MoleculeNet_HIV
hiv_2830,NC(=S)NN=CNN=CNNC(N)=S,MoleculeNet_HIV
hiv_36711,Brc1ccc(N=NN2CCCCC2)cc1,MoleculeNet_HIV
hiv_16734,CN1CCN(CCSC2Cc3cc(Cl)ccc3Sc3ccccc32)CC1,MoleculeNet_HIV
hiv_30644,Cn1c2c(c3ccccc31)CCN1C(=O)CN(C(=O)C3CCCCC3)CC21,MoleculeNet_HIV
hiv_37231,Cl.NC1CC(=O)c2sc(I)cc21,MoleculeNet_HIV
hiv_2440,CC(C)=C1C(=O)N(c2ccccc2)N(c2ccccc2)C1=O,MoleculeNet_HIV
hiv_25756,CCCCCC(C=NN)C(O)(C(F)(F)F)C(F)(F)F,MoleculeNet_HIV
hiv_29803,CC(NC(=O)C(Cc1ccc(OC(=O)c2ccccc2)cc1)NC(=O)OC(C)(C)C)C(=O)NCC(=O)NC(Cc1ccccc1)NC(=O)OCc1ccccc1,MoleculeNet_HIV
hiv_9312,COc1cc(C(=O)n2c(=O)oc(=O)c3cc([N+](=O)[O-])ccc32)cc(OC)c1OC,MoleculeNet_HIV
hiv_33913,Cc1nc(Nc2nc3ccccc3[nH]2)nc(Cl)c1CCCl,MoleculeNet_HIV
hiv_10992,CC1=C(O)C(=O)c2cn(C)cc2C1=O,MoleculeNet_HIV
hiv_24381,CC1C2CC3(C(C)C(=O)CC3(O)C13COC3=O)C(O)C(=O)O2,MoleculeNet_HIV
hiv_26496,CCCCn1cnnc1NS(=O)(=O)c1cc(C)c(Cl)cc1SCC(=O)O,MoleculeNet_HIV
hiv_3263,CC(=O)NC1NCCNC1=O,MoleculeNet_HIV
hiv_20415,COC(=O)NN=C(C(=O)Nc1cccc([N+](=O)[O-])c1)c1nc2ccc([N+](=O)[O-])cc2nc1O,MoleculeNet_HIV
hiv_25113,Cc1nn(C(=O)c2ccncc2)c2c1C(c1ccccc1)SC(=N)N2,MoleculeNet_HIV
hiv_19196,COc1ccc(C)cc1-c1cc(Sc2ccccc2)c(-c2cc(C)ccc2OC)o1,MoleculeNet_HIV
hiv_3528,O=c1onc(-c2ccccc2)c2ccccc12,MoleculeNet_HIV
hiv_34950,CCCCC1Sc2cc(OC)cc3nnn(c23)C1=O,MoleculeNet_HIV
hiv_18238,CC1(C)OC2OC(C(O)COC(=O)c3ccccc3)C(F)C2O1,MoleculeNet_HIV
hiv_6770,O=c1n(-c2ccccc2)c(=O)n2n1C1C3C4C5C1C5C2C43,MoleculeNet_HIV
hiv_90,O=S(=O)(O)CCO,MoleculeNet_HIV
hiv_10127,CC(=O)OC1CC2C(=S)Nc3cc4c(cc3C(=O)N2C1)OCO4,MoleculeNet_HIV
hiv_14773,O=C(O)CCC1(Br)CCCCC(Br)C1=O,MoleculeNet_HIV
hiv_7142,CCCCCCCCCCCCCCCCN1c2ccccc2C(C)(C)C12C=Cc1cccc([N+](=O)[O-])c1O2,MoleculeNet_HIV
hiv_17305,O=C(C=Cc1ccccc1)C=Cc1ccccc1O,MoleculeNet_HIV
hiv_6049,CC1(C)CC(=O)C2=C(C1)Nc1ccc(Cl)cc1NC2c1cccc([N+](=O)[O-])c1,MoleculeNet_HIV
hiv_21547,CCOC(=O)C(=O)C=P(c1ccccc1)(c1ccccc1)c1ccccc1,MoleculeNet_HIV
hiv_4774,CC(C)C(O)(C(=O)OCC1=CC[N+]2([O-])CCC(O)C12)C(C)O,MoleculeNet_HIV
hiv_15974,[O+]#C[Cr]12(C#[O+])(C#[O+])[PH](CCP(c3ccccc3)c3ccccc3)(c3ccccc3)CC[PH]1(c1ccccc1)CC[PH]2(c1ccccc1)c1ccccc1,MoleculeNet_HIV
hiv_18188,O=[N+]([O-])c1ccc(NCCSSCCNc2ccc([N+](=O)[O-])cc2[N+](=O)[O-])c([N+](=O)[O-])c1,MoleculeNet_HIV
hiv_8499,CCNCC1c2ccccc2-c2nc3ccccc3nc2-c2ccccc21,MoleculeNet_HIV
hiv_29609,O=[N+]([O-])c1cc2nn[nH]c2c2nonc12,MoleculeNet_HIV
hiv_35054,CS(=O)(=O)CCOC(=O)ON1C(=O)CCC1=O,MoleculeNet_HIV
hiv_12346,CCOC(=O)CC1(c2cccc3ccccc23)OC(=O)c2ccccc21,MoleculeNet_HIV
hiv_15743,c1scc2c1COCCOCCOCCOCCOCCOCCOC2,MoleculeNet_HIV
hiv_4500,O=C1CC(CC(O)C2CCCCC2O)CC(=O)N1,MoleculeNet_HIV
hiv_27590,FC1=C2CCCCCC2SC1(F)F,MoleculeNet_HIV
hiv_9986,CC=CC=Cc1cc2cc3c(c(O)c2c(O)n1)C1(CC3)C(=O)c2c(O)c3c(c(O)c2C1=O)C(=O)C(OC)=CC3=O.[KH],MoleculeNet_HIV
hiv_5659,COc1cc2nc(C=Cc3nc4cc(OC)c(OC)cc4[nH]3)[nH]c2cc1OC,MoleculeNet_HIV
hiv_39975,C#CC(O)C=CC(O)CCCC(O)CC#CC(O)C#CC(O)CCCC(O)C=CCCCC(=O)CCCCCCCCCCCCCCCC(O)C(O)C#CC(=O)O,MoleculeNet_HIV
hiv_30571,O=C(c1ccccc1)N1C(=O)N(c2ccccc2)C(=Nc2ccccc2)C1=Nc1ccccc1,MoleculeNet_HIV
hiv_35641,COc1ccc(C=C(C#N)c2nc(-c3cc4ccccc4oc3=O)cs2)cc1,MoleculeNet_HIV
hiv_119,O=S(=O)(O)CC(S(=O)(=O)O)S(=O)(=O)O,MoleculeNet_HIV
hiv_29499,[N-]=[N+]=Nc1c([N+](=O)[O-])c(=O)n(-c2ccccc2)c2ccccc12,MoleculeNet_HIV
hiv_14936,N#CC1=C(N)Oc2c(ccc3cccnc23)C1c1ccccc1,MoleculeNet_HIV
hiv_29310,O=C1Nc2ccccc2C1=NNC(=S)N1CCCC1,MoleculeNet_HIV
hiv_24573,COC(=O)C1=C(C)C(=O)C2(CCCCCC2C(=O)OC)C1,MoleculeNet_HIV
hiv_39644,Fc1cc(-c2ncc(Cl)cc2Cl)c2cccccc1-2,MoleculeNet_HIV
hiv_21752,CC(=O)OC1CC2C(C)(C)C(=O)C=CC2(C)C2CCC3(C)C(c4ccoc4)C(O)C4OC43C12C,MoleculeNet_HIV
hiv_22477,Cc1nc(C(N)=S)sc1C(C=Cc1ccc(Cl)c(Cl)c1)=NNC(C)(C)C,MoleculeNet_HIV
hiv_3580,O=C(Nc1ccc(Cl)c(Cl)c1)OCCN1c2ccccc2Sc2ccccc21,MoleculeNet_HIV
hiv_25210,O=C(c1ccccc1)N1CCC(Nc2nccs2)O1,MoleculeNet_HIV
hiv_22952,CCOC(=O)C1=C(O)C(=O)c2cc(C)ccc2C1=O,MoleculeNet_HIV
hiv_23220,CCOC(=O)C1=C(N)N(c2ccccc2)C(=C(C#N)c2nc3ccccc3[nH]2)S1,MoleculeNet_HIV
hiv_22681,Cc1ccc(S(=O)(=O)NCCSCCSCCNS(=O)(=O)c2ccc(C)cc2)cc1,MoleculeNet_HIV
hiv_6760,CC[N+]1(CC)CCC(=O)[Pd-2]12[O+]=C(C)CC(C)=[O+]2,MoleculeNet_HIV
hiv_21531,CC1(c2ccc[n+](Cc3ccccc3)c2)OCCO1.[BrH2+],MoleculeNet_HIV
hiv_28367,Nn1c(SCc2nc3ccccc3[nH]2)nnc1-c1ccccc1,MoleculeNet_HIV
hiv_28676,COc1cc2c(cc1OC)C1C3CCCCC3CCN1CC2.Cl,MoleculeNet_HIV
hiv_36069,CC(=O)OCC1OC(Sc2nc(-c3ccc(C)cc3)c(C#N)c(=O)n2C2OC(COC(C)=O)C(OC(C)=O)C(OC(C)=O)C2OC(C)=O)C(OC(C)=O)C(OC(C)=O)C1OC(C)=O,MoleculeNet_HIV
hiv_7144,CC12CCC3C(CCC4=CC(OC5OC(CO)C(O)C(O)C5O)CCC43C=O)C1(O)CCC2c1ccc(=O)oc1,MoleculeNet_HIV
hiv_8929,COc1ccccc1CNCCCCCCNCCSSCCNCCCCCCNCc1ccccc1OC,MoleculeNet_HIV
hiv_8340,CC(=O)NCCSSCCCCS(=O)O,MoleculeNet_HIV
hiv_12301,CCC=Cc1cc2cc[nH]c2c2c1C(C)CC2C,MoleculeNet_HIV
hiv_4750,COC(=O)c1cn2ccc3ccccc3c2c1C(=O)OC,MoleculeNet_HIV
hiv_36844,CC12CC3OC(=O)C1COC14OC5(C2C1=O)C(O)(CCC1C4CC(O)C2(Cl)CC=CC(=O)C12C)C(=O)OC35C,MoleculeNet_HIV
hiv_14445,O=c1n(-c2ccccc2)c(=O)n2n1C1C=CC2C2C(C1)C2(Cl)Cl,MoleculeNet_HIV
hiv_2265,CCN(CC)CCOc1ccc(C(C#N)=Cc2ccc3ccccc3c2)cc1,MoleculeNet_HIV
hiv_19742,CCOC(=O)C1Nc2ccc([N+](=O)[O-])cc2C2c3ccccc3CC12,MoleculeNet_HIV
hiv_22623,CCCCCCCCCCCC1CC(=O)NCCCN(C)CCCCN(C)CCCN1C,MoleculeNet_HIV
hiv_10026,O=C1CC2(CCc3ccccc32)C(=O)N1CN1CCN(c2ccccn2)CC1,MoleculeNet_HIV
hiv_27267,O=c1[nH]c(=S)[nH]n1C(=S)n1[nH]c(=S)[nH]c1=O,MoleculeNet_HIV
hiv_21970,O=S1c2ccc(Cl)cc2CC(SSC2Cc3cc(Cl)ccc3S(=O)c3ccccc32)c2ccccc21,MoleculeNet_HIV
hiv_33946,N=C1NC(=N)c2cc3c(cc21)SCCSCCCSCCS3,MoleculeNet_HIV
hiv_9302,S=c1sc(-c2ccc(Cl)cc2)nn1CSc1nc2ccccc2o1,MoleculeNet_HIV
hiv_3589,CC(C)=C1C(=O)NC(=O)C1C(N)=O,MoleculeNet_HIV
hiv_38189,CC(=NNS(=O)(=O)c1ccc(C)cc1)c1ccccn1,MoleculeNet_HIV
hiv_22314,COC(=O)CC[N+]1=CCC(c2ccccc2)(c2ccccc2)O1,MoleculeNet_HIV
hiv_38324,Cc1cc(-c2ccc(C(=O)C(Cl)(Cl)Cl)[nH]2)on1,MoleculeNet_HIV
hiv_1296,CN(C)N(CCO)CCO,MoleculeNet_HIV
hiv_16750,O=C(c1ccc(Cl)cc1)C1OC12C(=O)Nc1c(Cl)cc(Cl)cc12,MoleculeNet_HIV
hiv_34829,O=c1c2cnccc2cc2c3ccccc3ccn12,MoleculeNet_HIV
hiv_4384,C1=Cc2ccccc2C1=Cc1cc2c3c(c1)CCCN3CCC2,MoleculeNet_HIV
hiv_802,O=C(O)CS(=O)(=O)O,MoleculeNet_HIV
hiv_26525,Br.CN(C)c1nc(=NCc2ccccn2)ss1,MoleculeNet_HIV
hiv_38690,CCCCCC=C1c2ccccc2C=Cc2ccccc21,MoleculeNet_HIV
hiv_2229,COC1C(O)CC(=O)OC(C)CC=CC=CC(OC2CCC(N(C)C)C(C)O2)C(C)CC(CC=O)C1OC1OC(C)C(OC2CC(C)(O)C(O)C(C)O2)C(N(C)C)C1O,MoleculeNet_HIV
hiv_29962,CCCCNC(=O)OCCN=C1c2ccccc2C(Br)C(Br)c2ccccc21,MoleculeNet_HIV
hiv_26238,O=C1NC(=O)C(=CNC(=S)NN=C2C(=O)Nc3ccccc32)C(=O)N1,MoleculeNet_HIV
hiv_20033,Oc1cc2c(cc1C(c1cc3c(cc1O)OCO3)c1cc3c(cc1O)OCO3)OCO2,MoleculeNet_HIV
hiv_37709,CC(=O)OCC1OC(NC(=S)CCSc2nc3ccccc3c(=O)n2-c2ccccc2)C(OC(C)=O)C(OC(C)=O)C1OC(C)=O,MoleculeNet_HIV
davis_5329102,CCN(CC)CCNC(=O)c1c(C)[nH]c(C=C2C(=O)Nc3ccc(F)cc32)c1C,DAVIS_spike_in
hiv_19666,CNN=C(c1nc2ccc([N+](=O)[O-])cc2nc1O)C(O)c1ccc(C(O)C(=NNC)c2nc3ccc([N+](=O)[O-])cc3nc2O)cc1,MoleculeNet_HIV
hiv_4376,CC(=O)OC1CCC2C3CCC4(C)C(=O)CCC4C3C3OC23C1,MoleculeNet_HIV
hiv_6267,ClC1c2ccccc2-c2nsnc2C1Cl,MoleculeNet_HIV
hiv_39592,CC12C3CCC1C(O)C(=O)N2CC3,MoleculeNet_HIV
hiv_38075,CSC(Nc1ccccc1)=C1C(=O)N(c2ccccc2)N=C1C,MoleculeNet_HIV
hiv_5814,CCOC(=O)c1c(-c2cc(OC)c(OC)c(OC)c2)csc1NC(=O)c1ccccc1,MoleculeNet_HIV
hiv_34906,Cc1ccc(C(=O)Nc2ccc(CP(=O)(O)O)cc2)cc1NC(=O)c1cccc(N)c1,MoleculeNet_HIV
hiv_12895,O=C1[OH+][Co-4]234([O+]=C(c5cccs5)C=[N+]2c2ccccc21)[O+]=C(c1cccs1)C=[N+]3c1ccccc1C(=O)[OH+]4,MoleculeNet_HIV
hiv_24378,CC(Oc1ccc(OCC2CCCCC2)cc1)C(=O)NCc1ccco1,MoleculeNet_HIV
hiv_21016,CC(C)(C)C1=NOC2C(NC(=O)c3ccccc3)CCC12,MoleculeNet_HIV
hiv_20379,Cn1cc(C(=O)c2ccccc2)c2ccccc2c1=O,MoleculeNet_HIV
hiv_239,C[Si](C)(CCC(=O)O)O[Si](C)(C)CCC(=O)O,MoleculeNet_HIV
hiv_35857,CCc1nc2ccc(C(F)(F)F)cc2nc1O,MoleculeNet_HIV
hiv_32128,CN(C)CCCNC(=O)c1cn2c(ccc3sc4ccccc4c(=O)c32)n1,MoleculeNet_HIV
hiv_30556,COc1ccc(N=C2SC(=NC(=Nc3ccccc3)SCc3ccccc3)N(c3ccccc3)C2=Nc2ccc(OC)cc2)cc1,MoleculeNet_HIV
hiv_31386,COC(=O)C1C(C(C)C)OC(C(C)C)OC1C(F)(F)F,MoleculeNet_HIV
hiv_30840,CCOC1=NC(C(F)(F)F)(C(F)(F)F)N=C(N2CCCCC2)O1,MoleculeNet_HIV
hiv_38887,COC(=O)C(Cc1ccccc1)NC(=O)N1CCCN(C(=O)NC(Cc2ccccc2)C(=O)OC)CCCN(C(=O)NC(Cc2ccccc2)C(=O)OC)CCC1,MoleculeNet_HIV
hiv_18665,CC(C)=CCCC(C)=CC=NO,MoleculeNet_HIV
hiv_9512,CCOC(=O)CN1C(=O)SC(=C2C(=O)N(C)c3ccc(Br)cc32)C1=O,MoleculeNet_HIV
hiv_25777,c1ccc2c(Nc3ncco3)cccc2c1,MoleculeNet_HIV
hiv_14983,O=C(CC(=O)c1ccccc1)CC(=O)c1ccccc1,MoleculeNet_HIV
hiv_109,N=C1NC(=O)C(c2ccccc2)S1,MoleculeNet_HIV
hiv_26530,CC1C(=O)OC2CC1(C)C1C(=O)C3(O)OC14C(O)(CCC1C3C(O)C=C3CC=CC(=O)C31C)C(=O)OC24C,MoleculeNet_HIV
hiv_3480,CCOC(=O)c1c(N)nnc(-c2ccccc2)c1-c1ccccc1,MoleculeNet_HIV
hiv_16426,Nc1ccc(N=Nc2ccc(CCc3ccc(N=Nc4ccc(N)c5cc(S(=O)(=O)O)ccc45)cc3S(=O)(=O)O)c(S(=O)(=O)O)c2)c2ccc(S(=O)(=O)O)cc12.[NaH],MoleculeNet_HIV
hiv_6648,CC(=O)CCS(=O)(=O)O,MoleculeNet_HIV
hiv_24814,CCCCCCCCNC(=S)NC=C1C(=O)Oc2ccccc2C1=O,MoleculeNet_HIV
hiv_9038,Cc1ccn2c(N=O)c(-c3ccccc3)nc2c1,MoleculeNet_HIV
hiv_17224,O=C1C2CSCC1CN(Cc1ccccc1)C2,MoleculeNet_HIV
hiv_33851,O=C(NCCC1([N+](=O)[O-])CCN(C(=O)c2ccccc2)CC1)c1ccccc1,MoleculeNet_HIV
hiv_31441,O=C(O)CCSCc1cc(C(=O)Nc2ccc(C=Cc3ccc(NC(=O)c4cc(CSCCC(=O)O)c5cccnc5c4O)cc3S(=O)(=O)O)c(S(=O)(=O)O)c2)c(O)c2ncccc12.[NaH],MoleculeNet_HIV
hiv_11797,[N-]=[N+]=NCC(CO)OCn1cc(Cc2cccc(OCc3ccccc3)c2)c(=O)[nH]c1=O,MoleculeNet_HIV
hiv_36158,CN(C)CCNc1ccc(NCCN(C)C)c2c1C(=O)c1ncsc1C2=O,MoleculeNet_HIV
hiv_8223,CC1(C)CC[PH](CC[PH]2(c3ccccc3)CCC(C)(C)c3ccccc32)(c2ccccc2)c2ccccc21,MoleculeNet_HIV
hiv_29199,CC(=NNC(=S)Nc1cccc(Cl)c1)c1ccccn1,MoleculeNet_HIV
hiv_23187,N#Cc1nn(-c2ccc(Cl)cc2)c(=N)c2c(N)n3nc(-c4ccccc4)cc3nc12,MoleculeNet_HIV
hiv_2318,NNc1cnnc(O)c1Cl,MoleculeNet_HIV
hiv_18679,CSC(=NC(=O)c1cccc(Cl)c1)Nc1nccs1.I,MoleculeNet_HIV
hiv_11660,COc1cc2c(cc1OC)-c1c3cc(O)ccc3nn[n+]1CC2.[Cl-],MoleculeNet_HIV
hiv_30101,O=C1c2cc3c(cc2CC1Br)CCC3,MoleculeNet_HIV
hiv_12981,COC(=O)c1cc2c(nc1C)-c1ccccc1OS2(=O)=O,MoleculeNet_HIV
hiv_9806,C=CC1CN2CCC1CC2=NO,MoleculeNet_HIV
hiv_27318,c1cc2c(cc1NC1=NCCO1)CCCC2,MoleculeNet_HIV
hiv_26558,CCC1(c2ccccc2)Sc2ccccc2-n2cccc2C1=O,MoleculeNet_HIV
hiv_38922,CN1CCCC1=C1C(=O)N(c2ccccc2)N=C1c1ccc[nH]1,MoleculeNet_HIV
hiv_26912,CC(=O)C(=[N+]=[N-])C(=O)OCCOC(=O)C(=[N+]=[N-])C(C)=O,MoleculeNet_HIV
hiv_2445,O=c1cc(CO)[nH]cc1O,MoleculeNet_HIV
hiv_19393,CCCCN(CCCC)CC(C(=O)Nc1ccc([N+](=O)[O-])cc1[N+](=O)[O-])C(C)=NNC(=O)c1ccncc1,MoleculeNet_HIV
hiv_40291,CC(C)[Si](OC1=C(C(=O)N(C)c2cccc(Cl)c2)CCCC1)(C(C)C)C(C)C,MoleculeNet_HIV
hiv_39970,C=C(C)C1(O)CCCC1NC(=O)OC(C)(C)C,MoleculeNet_HIV
hiv_30230,COc1cc2c3c(c1)ncn3C(=O)CS2,MoleculeNet_HIV
hiv_38606,c1ccc(Cc2cccc3cc(-c4ccc(-c5ccccc5)cc4)[nH]c23)cc1,MoleculeNet_HIV
hiv_22129,COC1(C)CNCC(C)(C)NC(=O)C(C)(OC)CNCC(C)(C)NC1=O,MoleculeNet_HIV
hiv_21437,CC1(C)CC(=O)C(CC2C(=O)c3ccccc3C2=O)C(=O)C1,MoleculeNet_HIV
hiv_4496,CCOC(=O)C(NNc1ccccc1)C(c1ccccc1)[PH](c1ccccc1)(c1ccccc1)c1ccccc1,MoleculeNet_HIV
hiv_19824,O=C(NCCCOC(=O)CCCCCCCCC(=O)OCCCNC(=O)NC(=O)c1cnc(O)nc1O)NC(=O)c1cnc(O)nc1O,MoleculeNet_HIV
hiv_7599,CC1(C)CCC(c2cc(O)c3c(c2O)C(=O)C=CC3=O)O1,MoleculeNet_HIV
hiv_28131,O=[N+]([O-])c1cc(-c2nnc(C34CC5CC(CC(C5)C3)C4)o2)cc([N+](=O)[O-])c1,MoleculeNet_HIV
hiv_35720,CC(C)(C)[Si](C)(C)OCC1OC(n2ccc(=O)[nH]c2=O)C(O[Si](C)(C)C(C)(C)C)C1(CC#N)Sc1ccccc1,MoleculeNet_HIV
hiv_16135,O=S(=O)(c1ccccc1)C1(Sc2ccccc2)CC(Br)C(Br)C1,MoleculeNet_HIV
hiv_13466,CCOC(=O)c1ccc(C=Cc2cccn2C(=O)OC(C)(C)C)[nH]1,MoleculeNet_HIV
hiv_17873,COC(=O)C1=C(C)N(NC(=O)c2cccc(Cl)c2)C(C)(O)C12CCOC2=O,MoleculeNet_HIV
hiv_37553,O=[N+]([O-])c1cccc2nc3ccccc3c(NCCCNc3c4ccccc4nc4cccc([N+](=O)[O-])c34)c12,MoleculeNet_HIV
hiv_28657,C=C(COC(=O)C(C)C)C1Oc2ccc(C(C)=O)cc2C1OC(=O)C(C)C,MoleculeNet_HIV
hiv_8745,COc1ccccc1C=CC(=O)c1ccccc(=O)c1O,MoleculeNet_HIV
hiv_14117,CC1=CCCC2(C)C(CCC2C(C)C=CC(C)C)c2ccc(cc2C(=O)O)CC(O)CC1,MoleculeNet_HIV
hiv_38707,Cc1ccc(S(=O)(=O)O)cc1.Cn1c2ccccc2n2c3ccccc3c3n[nH]c(=N)c-3c12,MoleculeNet_HIV
hiv_9753,COc1cccc(C(CC(=O)O)=NCCc2c[nH]c3ccccc23)c1C(=O)O,MoleculeNet_HIV
hiv_15322,Cl.O=C(C=Cc1ccc([N+](=O)[O-])o1)N1CCN(Cc2ccccc2)CC1,MoleculeNet_HIV
hiv_4148,C=Cc1cc[n+](CCCCCC[n+]2ccc(C=C)cc2)cc1,MoleculeNet_HIV
hiv_27694,Clc1c(C(Cl)(Cl)Cl)nsc1N1CCCCC1,MoleculeNet_HIV
hiv_11487,O=C(NC(=Cc1cccc([N+](=O)[O-])c1)c1nc2nc(S)nc(O)c2[nH]1)c1ccccc1,MoleculeNet_HIV
hiv_35505,CN(C)CCCNC(=O)CCNC(=O)c1cc(NC(=O)c2cc(NC(=O)c3cc(NC(=O)c4nc(NC(=O)CCCNC(=O)c5cc(NC(=O)c6cc(NC(=O)c7cc(NC(=O)c8nccn8C)cn7C)cn6C)cn5C)cn4C)cn3C)cn2C)cn1C.O=C(O)C(F)(F)F,MoleculeNet_HIV
hiv_25200,CC(=O)N1C(Nc2ccccc2)CCN1c1ccccc1,MoleculeNet_HIV
hiv_38701,C[n+]1c2ccccc2n2c3ccccc3c(NCc3ccco3)c(C#N)c21.Cc1ccc(S(=O)(=O)[O-])cc1,MoleculeNet_HIV
hiv_1704,Cc1n(Cc2ccc([N+](=O)[O-])cc2)c2c([n+]1-c1ccccc1)C(=O)c1ccccc1C2=O,MoleculeNet_HIV
hiv_24018,Cc1ccc(C=NNC2c3cc(Cl)ccc3Nc3nc(O)nc(C)c32)cc1,MoleculeNet_HIV
hiv_14769,O=C(c1ccccc1)c1c(-c2ccccc2)sc2nc3ccccc3nc12,MoleculeNet_HIV
hiv_7091,CC(=O)OCC1Cn2c(c(-c3ccccc3)c(=O)[nH]c2=S)O1,MoleculeNet_HIV
hiv_12135,CC1(C)C(=O)C=CC(=O)C(C)(C)c2ccc(o2)C(C)(C)C(=O)C=CC(=O)C(C)(C)c2ccc1o2,MoleculeNet_HIV
hiv_14064,COC(=O)C1Cc2c([nH]c3ccccc23)C(C2CCCCC2)N1,MoleculeNet_HIV
hiv_6813,COc1cccc2c1C(=O)c1c(O)c3c(c(O)c1C2=O)CC(O)(C(C)=O)CC3OC1CC(N(C)C)C(O)C(C)O1,MoleculeNet_HIV
hiv_26463,CON=C(C(=O)N(C)n1cnnc1)c1csc(NC(c2ccccc2)(c2ccccc2)c2ccccc2)n1,MoleculeNet_HIV
hiv_1356,Cc1ccc2c3c(nsc13)-c1ccccc1C2=O,MoleculeNet_HIV
hiv_39253,CCOC(=O)CCC(NC(=O)c1ccc(Nc2nc3ccccc3nc2C(=O)OCC)s1)C(=O)OCC,MoleculeNet_HIV
hiv_35486,COc1c(C)c2nc3ccccc3nc2c2c(O)ccnc12,MoleculeNet_HIV
hiv_22442,CCCN1CN(C(C(=O)NC2C(=O)N3C2SC(C)(C)C3C(=O)O)c2ccc(O)cc2)CSC1=S,MoleculeNet_HIV
hiv_5795,CC(C)(C)C1COP(=O)(C(C)(C)C)OC1.CC(C)(C)C1COP(=O)(C(C)(C)C)OC1,MoleculeNet_HIV
hiv_40136,Cc1c2c(n(CCc3ccccc3)c1C)N(C)N=C(C#N)S2(=O)=O,MoleculeNet_HIV
hiv_2952,N=c1c2ccccc2c2ccccc2n1O,MoleculeNet_HIV
hiv_14634,NC(=S)NN=C1C(=O)N(CCc2ccccc2)C(=O)C1C(=O)NCCc1ccccc1,MoleculeNet_HIV
hiv_19725,Cl.O=C(O)CCN(CCC(=O)O)CCN(CCC(=O)O)CCC(=O)O,MoleculeNet_HIV
hiv_25629,COC(=O)C1=C(C)C(=O)C23C(CCCCC12)C(=O)C(C(=O)OC)C3C,MoleculeNet_HIV
hiv_36314,O=C(CCc1ccc(O)c(O)c1)NCCc1cc(O)cc(O)c1,MoleculeNet_HIV
hiv_6108,CSc1ncnc2c1C[PH](Cc1ccccc1)(c1ccccc1)CC2,MoleculeNet_HIV
hiv_12296,CC1=CC2CC3(C)OC(C4(C)CCC(C(C)C(=O)O)OO4)CC3C(C)(C)C2CC1,MoleculeNet_HIV
hiv_26272,CC1=CC(=O)C(=CN2C(=O)C(=Cc3cccc(O)c3)SC2=S)C(=O)O1,MoleculeNet_HIV
hiv_21261,O=[N+]([O-])c1cc([N+](=O)[O-])c([O-])c([N+](=O)[O-])c1.c1c2c(cc3c1OCO3)-c1cc3ccc4c(c3c[n+]1CC2)OCO4,MoleculeNet_HIV
hiv_36692,N#Cc1nc(C(CO)N(Cc2ccccc2)C(=O)O)oc1N,MoleculeNet_HIV
hiv_1818,CCOC(=O)C(Cc1ccc(O)cc1)NC(=O)C(CSSCC(NC(=O)OCc1ccccc1)C(=O)NC(Cc1ccc(O)cc1)C(=O)OCC)NC(=O)OCc1ccccc1,MoleculeNet_HIV
hiv_7937,O=C1CCC(=O)N2c3ccccc3-c3ccccc3N12,MoleculeNet_HIV
hiv_8582,N#CC1=C(O)NC(O)=C(C#N)C12C(=O)Nc1ccccc12,MoleculeNet_HIV
hiv_23936,COc1cc(OC)c(C=C2N=C(C)N(Nc3nnc(NN4C(=O)C(=Cc5c(OC)cc(OC)cc5OC)N=C4C)c4ccccc34)C2=O)c(OC)c1,MoleculeNet_HIV
hiv_38700,C[n+]1c2ccccc2n2c3ccccc3c(NCCc3ccccn3)c(C#N)c21.Cc1ccc(S(=O)(=O)[O-])cc1,MoleculeNet_HIV
hiv_6043,O=C1CCCC2=C1C(c1ccncc1)Nc1ccccc1N2,MoleculeNet_HIV
hiv_4045,O=C(O)c1[nH]c2c(O)nc(O)nc2c1Br,MoleculeNet_HIV
hiv_13664,Cc1ccnc2c1C(=O)C(=O)C=C2N1CCOCC1,MoleculeNet_HIV
hiv_1232,COc1ccc2cc1Oc1cc3c(cc1OC)CC[N+](C)(C)C3Cc1ccc(cc1)Oc1c(OC)c(OC)cc3c1C(C2)[N+](C)(C)CC3,MoleculeNet_HIV
hiv_29687,CCC(NC(C)c1ccccc1)C(=O)c1ccc(OCc2ccccc2)c(OCc2ccccc2)c1.Cl,MoleculeNet_HIV
hiv_8220,NCCNCC(O)CO,MoleculeNet_HIV
hiv_31166,C=C(c1ccccc1)C1ON(C)CCc2cc(OC)c(OC)cc21,MoleculeNet_HIV
hiv_32096,CCOC(=O)C(C(=S)Nc1ccccc1)=C(N)N1CCCC1,MoleculeNet_HIV
hiv_5144,COC(=O)C1(C)CCCC2(C)C1CCC13OOC(CC21)C1(C(C)C)OC31,MoleculeNet_HIV
hiv_7103,COc1cc2c(cc1OC)C(CSC)Cc1cc(OC)c(OC)cc1N(C)CCC2,MoleculeNet_HIV
hiv_15672,CC(C)(C)C(=O)OC1COC2C(O)COC12,MoleculeNet_HIV
hiv_31102,c1ncn(C23C4C5C6C4C2C6C53)n1,MoleculeNet_HIV
hiv_32522,COC(=O)C1C=CC(OC2OC(COC(C)=O)C(OC(C)=O)C(OC(C)=O)C2OC(C)=O)n2c(=O)c3ccccc3c(=O)n21,MoleculeNet_HIV
hiv_15297,Oc1ccc2ccccc2c1N=Nc1ccsc1,MoleculeNet_HIV
hiv_34757,COC(c1ccc(C(C)(C)C)cc1)(c1ccc(C(C)(C)C)cc1)c1cc(C(O)(c2cc(C(OC)(c3ccc(C(C)(C)C)cc3)c3ccc(C(C)(C)C)cc3)c(C)cc2C)c2cc(C(OC)(c3ccc(C(C)(C)C)cc3)c3ccc(C(C)(C)C)cc3)c(C)cc2C)c(C)cc1C,MoleculeNet_HIV
hiv_1856,O=C1C2(CCCC13OC3c1ccccc1)OC2c1ccccc1,MoleculeNet_HIV
hiv_40525,O=C(C=Cc1ccc(-c2ccccc2)cc1)c1cccs1,MoleculeNet_HIV
hiv_1086,O=C1C=C(N2CC2)C(=O)C=C1N1CC1,MoleculeNet_HIV
hiv_27020,CCOC(=O)C12OC(CCC1=O)C(C(=O)OC)=C2C(=O)OC,MoleculeNet_HIV
hiv_26779,CCOC(=O)C1=CC(C)(C(=O)OCC)Nc2c(O)nc(N)nc2N1,MoleculeNet_HIV
hiv_38793,CC(C)(Oc1ccc(C2CC2Cl)cc1)C(=O)O,MoleculeNet_HIV
hiv_939,NCC(O)c1ccc(Nc2ccnc3cc(Cl)ccc23)cc1,MoleculeNet_HIV
hiv_3852,CCC1CN2CCc3cc(OC)c(OC)cc3C2CC1CC1c2cc(OC)c(OC)cc2CCN1C(=O)C1CCCN1C(=O)OCc1ccccc1,MoleculeNet_HIV
hiv_22741,CCCCc1c2c(nc3c1CCc1cc4cc5c(nc4nc1-3)-c1nc3c(c(CCCC)c1CC5)CCCC3)CCCC2,MoleculeNet_HIV
hiv_21532,COc1cc(C(C)O)c[n+](Cc2ccccc2)c1.[ClH2+],MoleculeNet_HIV
hiv_6002,NCCCNCCNCCCN,MoleculeNet_HIV
hiv_8468,CC1(C)NC(=O)C2(CC(O)C(O)C(OC(=O)c3ccccc3)C2)O1,MoleculeNet_HIV
hiv_26953,CSc1ccc(C(=O)C(=O)c2ccc(SC)s2)s1,MoleculeNet_HIV
hiv_34385,CCOC(=O)C1C(C)C2(C#N)C(=N)OC1(C)C2(C#N)C#N,MoleculeNet_HIV
hiv_37894,Cn1c(=O)[nH]n(-c2ccc3ccccc3c2)c1=O,MoleculeNet_HIV
hiv_20040,Cc1ccc(S(=O)(=O)OCC2CCC3(C)C(CCC4C3CCC3(C)C(C(C)CCC(=O)O)CCC43)C2)cc1.N,MoleculeNet_HIV
hiv_22690,CS(=O)(=O)OCCCSCCSCCCOS(C)(=O)=O,MoleculeNet_HIV
hiv_13574,CCOC(=O)C1=CC(C(C)CC(=O)CC(=O)O)CC1,MoleculeNet_HIV
hiv_39173,CCN(CC)P1(=S)Oc2ccc3ccccc3c2-c2c(ccc3ccccc23)O1,MoleculeNet_HIV
hiv_8768,CCc1n[nH]c(CC)c1CCCCCCOc1ccc(OC)cc1Cl.CS(=O)(=O)O,MoleculeNet_HIV
hiv_37646,COc1ccc2c(c1)-c1c(c3cc(OC)ccc3n1CCN1CCOCC1)CC2,MoleculeNet_HIV
hiv_36003,Nc1ccc(S(=O)(=O)Nc2nc3ccccc3nc2N2CCCCC2)cc1,MoleculeNet_HIV
hiv_38250,OCC1CCC(n2cnc3c(O)nncc32)O1,MoleculeNet_HIV
hiv_13095,CCCCCCCCCOC(=S)NC,MoleculeNet_HIV
hiv_7250,O=c1oc2c3c4c(cc2c2c1CCC2)CCCN4CCC3,MoleculeNet_HIV
hiv_1060,O=S(=O)(Nc1ccc(NS(=O)(=O)c2ccccc2)c(N2N=N2)c1)c1ccccc1,MoleculeNet_HIV
hiv_20924,Cc1cc(Br)cc(C)c1NC(=O)C(=O)CC(=O)c1sc(-n2nc(-c3ccccc3)cc2-c2ccccc2)nc1C,MoleculeNet_HIV
hiv_16817,O=C(CCc1nnc2sc(=Cc3ccccc3[N+](=O)[O-])c(=O)n12)Nc1cc(Cl)c(Cl)cc1Cl,MoleculeNet_HIV
hiv_25862,CC(C)(CN1CCCCC1)C(=O)CC(SCCS(=O)(=O)O)c1ccc(Cl)c(Cl)c1,MoleculeNet_HIV
hiv_20292,CON(C)C(=O)CCCO,MoleculeNet_HIV
hiv_6100,COC(=O)C12C(=CCP1(C)=O)C(c1ccccc1)=NN2c1ccccc1,MoleculeNet_HIV
hiv_7369,COc1cc(OCc2ccccc2)c(O)cc1-c1coc2cc(OCc3ccccc3)ccc2c1=O,MoleculeNet_HIV
hiv_33780,CCOC(=O)C1=C(C)NC2=C(C(=O)CC(C)(C)C2)C1CCSC,MoleculeNet_HIV
hiv_25489,O=C1N=C(S(=O)(=O)O)NNC12c1ccccc1-c1ccccc12,MoleculeNet_HIV
hiv_18875,CCN=C(NC(=O)c1ccc(F)cc1)SCSC(=NC(=O)c1ccc(F)cc1)NCC,MoleculeNet_HIV
hiv_8574,COc1ccc(CCN2C(=O)CCC3=C2CCCC3=O)cc1OC,MoleculeNet_HIV
hiv_36612,COc1ccc(-c2c(C#N)c(-c3ccc(C)cc3)n(NS(=O)(=O)c3ccccc3)c(=O)c2C#N)cc1,MoleculeNet_HIV
hiv_31679,CSC1=NN=C(SC)NN1,MoleculeNet_HIV
hiv_21048,CSC(c1ccccc1)=[N+]([O-])Cc1ccccc1.I,MoleculeNet_HIV
hiv_330,NC(CO)(CO)CO,MoleculeNet_HIV
hiv_36141,CC1(C)OC(=C(C#N)C#N)C(C#N)=C1C=Cc1ccncc1,MoleculeNet_HIV
hiv_14264,CC1=NN(c2ccccc2)C(=O)C1N=Nc1ccc(Br)c(C)c1,MoleculeNet_HIV
hiv_22214,Cc1nsc2cc(Cl)n(C)c(=O)c12,MoleculeNet_HIV
hiv_7989,CC1=NC(=O)CON1,MoleculeNet_HIV
hiv_24470,CC1(C)CC2(C)CC1CC2NC(=O)CCN1CCOCC1,MoleculeNet_HIV
hiv_20019,O=C(Nc1ccc(Cl)cc1)c1cc2cc(N=Nc3ccccc3Cl)ccc2oc1=O,MoleculeNet_HIV
hiv_36695,O=c1c2ncn(C3CCCO3)c2n(-c2ccccc2)c(=S)n1-c1ccccc1,MoleculeNet_HIV
hiv_23181,CI.O=C(CCC1CCCCN1)Nc1ccc2c(c1)C(=O)c1ccc(NC(=O)CCN3CCCCC3)cc1C2=O,MoleculeNet_HIV
hiv_10050,O=c1c(-c2cccc(O)c2O)coc2cc(OC3OC(CO)C(O)C(O)C3O)ccc12,MoleculeNet_HIV
hiv_5330,C1C2CC3C1C1CN3C21,MoleculeNet_HIV
hiv_32941,c1ccc2cc(SSc3ccc4ccccc4c3)ccc2c1,MoleculeNet_HIV
hiv_20516,CCCCCCCC[Sn](CCCCCCCC)(Oc1c([N+](=O)[O-])cc([N+](=O)[O-])cc1[N+](=O)[O-])Oc1c([N+](=O)[O-])cc([N+](=O)[O-])cc1[N+](=O)[O-],MoleculeNet_HIV
hiv_17641,Cc1cc2c(C)nn(Cc3ccc(Cl)cc3Cl)c2c(C#N)c1C,MoleculeNet_HIV
hiv_19951,CNC(=O)N(C)CN(C)C(=O)NC,MoleculeNet_HIV
hiv_13364,CC12CCC3C(CC=C4CC(O)CCC43C)C1Cc1cn[nH]c1N2,MoleculeNet_HIV
hiv_32303,O=c1ccn(CC2(CO)CCC2)c(=O)[nH]1,MoleculeNet_HIV
hiv_28167,c1cc2nnc1SCCCSc1ccc(nn1)SCCCS2,MoleculeNet_HIV
hiv_35949,Nc1nc(Cl)nc(NCc2ccccc2)n1,MoleculeNet_HIV
hiv_8869,CC[Sn](CC)(SCCS(=O)(=O)O)SCCS(=O)(=O)O.N=C(N)N,MoleculeNet_HIV
hiv_26450,CCN(CC)CCNc1ccc2ncn3c4c(OC)ccc(O)c4c(=O)c1c23,MoleculeNet_HIV
hiv_15937,CC1=C(C(=O)Nc2ccccc2C)C(C=Cc2ccccc2)C(C(=O)Nc2ccccc2C)=C(C)N1,MoleculeNet_HIV
hiv_21232,Cc1ccc2c(c1)-c1c3c(nn1C)-c1ccccc1SC3O2,MoleculeNet_HIV
hiv_1484,O=C(CCCCC(=O)OCC1COCO1)OCC1COCO1,MoleculeNet_HIV
hiv_37893,COc1ccc(-n2c(=O)n(C)c(=O)n2-c2c(C)c(C)c(C)c(C)c2C)cc1,MoleculeNet_HIV
hiv_38035,NNC1=NC(=Cc2ccccc2O)C(=O)N1,MoleculeNet_HIV
hiv_37807,FC(F)(Sc1nc2ccccc2[nH]1)c1nc2ccccc2o1,MoleculeNet_HIV
hiv_19887,O=P(Nc1cccc(Cl)c1)(Oc1ccccc1)N(CCCl)CCCl,MoleculeNet_HIV
hiv_30632,O=C(O)CN(CC(=O)O)Cc1ccn(-c2cccc(-n3ccc(CN(CC(=O)O)CC(=O)O)n3)n2)n1,MoleculeNet_HIV
hiv_10781,CC(=O)C1CCN(c2ccccc2)C1,MoleculeNet_HIV
hiv_12010,Cc1nc(=O)n2c(C)n[nH]c2c1C(=O)O,MoleculeNet_HIV
hiv_20768,CC1=CCP(C(F)(F)F)P(C(F)(F)F)C1,MoleculeNet_HIV
hiv_3488,COc1c2ccoc2cc2oc(=O)ccc12,MoleculeNet_HIV
hiv_28445,CC(=O)NC1c2ccccc2C(C)(C)C12CCC1(CC2)OCCO1,MoleculeNet_HIV
hiv_14522,[N-]=[N+]=[NH+][Co-4](N)(N)(N)(N)[OH+]S(O)=[OH+],MoleculeNet_HIV
hiv_24095,OC12c3ccccc3C1(N1CCOCC1)CCCCC21OCCCO1,MoleculeNet_HIV
hiv_1696,CN1c2ccccc2Oc2ccc3ccccc3c21,MoleculeNet_HIV
hiv_2095,OCC(O)C1OC(c2ccco2)OC(CO)C1O,MoleculeNet_HIV
hiv_27300,Cc1ncc([N+](=O)[O-])n1CCN(C)CCCCn1ccnc1[N+](=O)[O-],MoleculeNet_HIV
hiv_10163,CC1COC(c2cn[nH]c2C(N)=O)C1O,MoleculeNet_HIV
hiv_36915,CCN(C(=O)NC(Cc1ccccc1)C(=O)NC(CC(C)C)C(=O)OC)c1ccccc1,MoleculeNet_HIV
hiv_10880,COc1cccc(C2C(C(=O)O)=C(CO)Oc3cc4c(cc32)OCO4)c1,MoleculeNet_HIV
hiv_7751,Fc1ccc(N(c2nc(Cl)nc(Cl)n2)c2nc(Cl)nc(Cl)n2)cc1,MoleculeNet_HIV
hiv_20831,Cc1nc2cc(N=Nc3c(O)ccc4ccccc34)ccc2[nH]1,MoleculeNet_HIV
hiv_16228,S=c1[nH]nc(C(c2ccccc2)c2ccccc2)[nH]1,MoleculeNet_HIV
hiv_22166,CC(C)(C)C1=CC(=NNC(=S)NCc2ccccc2)C=C(C(C)(C)C)C1=O,MoleculeNet_HIV
hiv_36622,CSC(SC)=C1C(=O)N(c2ccccc2)N=C1C,MoleculeNet_HIV
hiv_2236,Cc1ccc(=O)n(Cc2ccccc2)n1,MoleculeNet_HIV
hiv_31019,N#Cc1cccc(Nc2ccccc2SSc2ccccc2Nc2cccc(C#N)c2)c1,MoleculeNet_HIV
hiv_12063,CC(=O)N(CCN1C(=O)c2ccccc2C1=O)CCN1C(=O)c2ccccc2C1=O,MoleculeNet_HIV
hiv_6268,O=C(Nc1ccc(Cl)cc1)Nc1cccc2nsnc12,MoleculeNet_HIV
hiv_5484,CC1(C)COC(c2ccc(CC(O)c3ccccc3)cc2)=N1,MoleculeNet_HIV
hiv_18999,O=Cc1c(O)c(C(=O)Nc2ccc3[nH]c(=O)[nH]c3c2)cc2ccccc12,MoleculeNet_HIV
hiv_21214,N=c1[nH]c2ccccc2n1CC(=O)NC12CC3CC(CC(C3)C1)C2,MoleculeNet_HIV
hiv_21948,COc1cc(CC(=O)c2ccc3c(c2)OCO3)cc(OC)c1OC,MoleculeNet_HIV
hiv_26281,CC1CCC2C(C(=O)OC3C4CCOC(OC5OC(CO)C(O)C(O)C5O)C4C4(CO)OC34)=COC(OC3OC(CO)C(O)C(O)C3O)C12,MoleculeNet_HIV
hiv_22935,CC1=C(N2CC2)C(=O)c2nc3n(c2C1=O)CCC3O,MoleculeNet_HIV
hiv_28600,C=C(C)C12CC3C(=NO)C(C1)C(C)C(C3=NO)C2(C)O,MoleculeNet_HIV
hiv_17233,Cl.O=C1C(=Cc2ccccc2)CN(C(=O)CCN2CCOCC2)CC1=Cc1ccccc1,MoleculeNet_HIV
hiv_25953,N#Cc1c(O)c(C=Nc2ncccn2)c(=O)n2c1[nH]c1ccccc12,MoleculeNet_HIV
hiv_5986,COC1C=COC2(C)Oc3c(C)c(O)c4c(O)c(c(C=NN5CCCCCCCCCCCCCCC5)c(O)c4c3C2=O)NC(=O)C(C)=CC=CC(C)C(O)C(C)C(O)C(C)C(OC(C)=O)C1C,MoleculeNet_HIV
hiv_11177,CN(C)C(=S)N=c1ssc(=S)n1C1CCCCC1,MoleculeNet_HIV
hiv_33651,CC(C)[Si](OC1CCCC23OC2CC2C(=O)c4c(O)cccc4C(=O)C2(O)C13)(C(C)C)C(C)C,MoleculeNet_HIV
hiv_20820,COc1ccc(C=C2CN(C)Cc3c2nc(N)nc3-c2ccc(OC)cc2)cc1,MoleculeNet_HIV
hiv_35455,CC(C)OC(=O)c1ccc(CCC2=CC(=O)C=CC2=O)cc1,MoleculeNet_HIV
hiv_39606,Nc1nc(N)nc(-c2cccs2)n1,MoleculeNet_HIV
hiv_20983,CC1(C)CCCC2(C)C1CCC1CC(O)C3(C)CCC12C3,MoleculeNet_HIV
hiv_14206,Cc1cc(O)c2c(c1)C(C13Cc4cc(O)c5c(c4C1C=CC(O)C3O)C(=O)c1cccc(O)c1C5=O)OC2=O,MoleculeNet_HIV
hiv_36941,CC(C)C[S+]1C2=C(CC(C)(C)CC2=O)[N-]c2ccccc21,MoleculeNet_HIV
hiv_27064,COc1ccc(N2C(=O)C(=O)N(C)C2=O)c2ccccc12,MoleculeNet_HIV
hiv_1318,O=C1C(CN2CCOCC2)CCCC1CN1CCOCC1,MoleculeNet_HIV
hiv_21901,CC(C)C(OC(=O)c1cc(NC(=S)c2cccn2C)ccc1Cl)C(C)C,MoleculeNet_HIV
hiv_12154,O=C(NCC(O)CNC(=O)C(F)(F)F)C(F)(F)F,MoleculeNet_HIV
hiv_27443,FC1(F)ON2CCc3ccccc3C2C1c1ccccc1,MoleculeNet_HIV
hiv_8290,CCCOC(=O)Nc1ccc2c(c1)c1c3[nH]c(=O)c4cccn4c3ccc1n2CC,MoleculeNet_HIV
hiv_5712,COC(=O)C12C=CC(C1)n1c(=O)n(-c3ccccc3)c(=O)n12,MoleculeNet_HIV
hiv_26278,COc1ccccc1NC(=O)C(=CN1C(=O)C(=Cc2cc(OC)c(OC)c(OC)c2)SC1=S)C(C)=O,MoleculeNet_HIV
hiv_33530,[N-]=[N+]=CC(=O)OC(CCl)CCl,MoleculeNet_HIV
hiv_32425,COc1ccc(C2C(C#N)=C(S)N(C3OC(CO)C(O)C(O)C3O)C(C)=C2C(C)=O)cc1,MoleculeNet_HIV
hiv_19092,O=C1c2c(O)cccc2C(C(=O)CCCCCC(=O)C2c3cccc(O)c3C(=O)c3c(O)cccc32)c2cccc(O)c21,MoleculeNet_HIV
hiv_13857,CCN(CC)CC.O=C1c2ccccc2C(=O)C1(Cl)C1(S(=O)(=O)O)c2ccccc2-c2ccccc21,MoleculeNet_HIV
hiv_29967,O=C(OCCN=c1c2ccccc2ccc2ccccc12)c1ccccc1,MoleculeNet_HIV
hiv_16155,CCCCC=C(C(O)C1(C)OC(=O)N2CCCC21)[Si](C)(C)C,MoleculeNet_HIV
hiv_6428,C=C1CC[N+]2(CC(C)C)CCCC12,MoleculeNet_HIV
hiv_25214,CC(=O)N1C(Nc2cnc3ccccc3c2)CCN1c1ccccc1,MoleculeNet_HIV
hiv_38377,O=[N+]([O-])C(=Cc1cccs1)C(=Cc1cccs1)[N+](=O)[O-],MoleculeNet_HIV
hiv_20985,COC(=O)C1(C)CCCC2(C)C1CCC1C=C(C)C3CCC12C3,MoleculeNet_HIV
hiv_15368,O=C(CC(O)(c1ccccc1)c1ccc(Cl)cc1)NC(=O)c1ccccc1O,MoleculeNet_HIV
hiv_3780,O=C1c2ccccc2C(=O)N1OCCCCON1C(=O)c2ccccc2C1=O,MoleculeNet_HIV
hiv_13954,COc1ccc(-n2cc3c(c2)C(=O)OC3=O)cc1OC,MoleculeNet_HIV
hiv_40987,CCCCCCCCCCCCCCCCCCCCCCNc1ccn(C2CC(OP(=O)(O)OCC3OC(n4cc(C)c(=O)[nH]c4=O)CC3N=[N+]=[N-])C(COP(=O)(O)OCC3CCC(n4ccc(=N)[nH]c4=O)O3)O2)c(=O)n1,MoleculeNet_HIV
hiv_16235,COC(=O)C1(C)C=C(Nc2ccccc2)C(=O)N1c1ccccc1,MoleculeNet_HIV
hiv_1763,CC[N+](C)(CC)CCCC(C)N1C(=O)C2CCCCC2C1=O,MoleculeNet_HIV
hiv_37417,CC[N+](CC)(CC)CC.O=[Re+]12([SH+]CC[SH+]1)[SH+]CC[SH+]2,MoleculeNet_HIV
hiv_26590,Cn1c2ccccc2c2c(-c3ccccc3)cc3c(c21)C(=O)C=CC3=O,MoleculeNet_HIV
hiv_37206,S=C(NN=C(c1ccccc1)c1ccccn1)N(Cc1ccccn1)Cc1ccccn1,MoleculeNet_HIV
hiv_28993,CC1C(c2ccccc2)[OH+][B-](c2ccccc2)(c2ccccc2)N1C,MoleculeNet_HIV
hiv_40462,CC(C)=CCCC(C)=CCCC(C(=O)COCc1ccccc1)P1(=O)OC(C)(C)CN1C(C)(C)C,MoleculeNet_HIV
hiv_28065,COC(=O)C1(OC(=O)Sc2ccccc2)CCN(C)CC1,MoleculeNet_HIV
hiv_39684,CCOC(=O)c1c(O)cn2c1[nH]c1cccc3cccc2c31,MoleculeNet_HIV
hiv_1061,CCCCCCCCCCCCS(=O)(=O)O,MoleculeNet_HIV
hiv_28569,CC(C)(C)C=C=C(C(C)(C)C)P(=O)(O)O,MoleculeNet_HIV
hiv_17766,CN(C)C=Nc1ccn(CCO)c(=O)n1,MoleculeNet_HIV
hiv_34231,O=C1C2CCCCC2C(=O)N1n1c(Cc2ccccc2)n[nH]c1=O,MoleculeNet_HIV
hiv_35171,O=C1c2cccc3cccc(c23)C(=O)N1CCCN1C(=O)c2cccc3cccc(c23)C1=O,MoleculeNet_HIV
hiv_26965,Cc1nc2ccc(Br)cc2c(=O)n1-c1nnc(C(C)(C)C)s1,MoleculeNet_HIV
hiv_11014,O=C(CC1(O)C(=O)Nc2ccccc21)c1ccc(Cl)c(Cl)c1,MoleculeNet_HIV
hiv_7998,COC(=O)C1=CC(=O)N2CCN=C2S1,MoleculeNet_HIV
hiv_8042,CCOC(=O)C1Cc2c(n(C3CCCCC3)c(=O)n(C)c2=O)OC1c1ccccc1,MoleculeNet_HIV
hiv_8018,COC1CC(C)C(OC)c2cc(O)cc(c2O)NC(=O)C(C)=CC=CC(C)C(OC(N)=O)C(C)=CC(C)C1OC,MoleculeNet_HIV
hiv_11153,CN(C)c1nc(=Nc2nnc[nH]2)ss1,MoleculeNet_HIV
hiv_31126,COC(=O)C1(NC(=O)C(Cc2ccccc2)NC(=O)C(NC(=O)C(CCCCNC(=O)OC(C)(C)C)NC(=O)C(Cc2c[nH]c3ccccc23)NC(=O)C(Cc2ccccc2)NC(=O)OCc2ccccc2)C(C)OC(C)(C)C)CCCC1,MoleculeNet_HIV
hiv_20610,COc1ccc2nc3cc(Cl)ccc3c(SCC(=O)Nc3ccccc3-c3ccccc3NC(=O)CSc3c4ccc(Cl)cc4nc4ccc(OC)cc34)c2c1,MoleculeNet_HIV
hiv_5100,CC(=O)c1ccc2c3c(ccc([N+](=O)[O-])c13)C(=O)OC2=O,MoleculeNet_HIV
hiv_20110,O=[N+]([O-])N1C2OC3OC2N([N+](=O)[O-])C2OC3OC21,MoleculeNet_HIV
hiv_8105,CN1C(=O)N(C)C(=O)C(Nc2ccc([N+](=O)[O-])cc2)(SCCO)C1=O,MoleculeNet_HIV
hiv_4639,Cc1cc2nc(-c3ccccc3Cl)[nH]c2cc1C,MoleculeNet_HIV
hiv_10425,COc1cnc2cc(C(=O)O)c3c([N+](=O)[O-])cccc3c2c1,MoleculeNet_HIV
hiv_38824,Cc1ccc(S(=O)(=O)NN=C2C=CC3(CC2)C(=O)N(C)c2ccccc23)cc1,MoleculeNet_HIV
hiv_38585,NC(=S)NN=Cc1cc(CN2CCOCC2)c(N)cn1,MoleculeNet_HIV
hiv_30956,CC(CCOc1c2ccoc2cc2oc(=O)ccc12)C1=CC(=O)C(C)(C)O1,MoleculeNet_HIV
hiv_29448,CC(=O)NC(Cc1c[nH]cn1)C(=O)N1CCCC1C(N)=O,MoleculeNet_HIV
hiv_16583,Cc1cc(Cl)ccc1NC(=O)C(=O)Cc1nc2ccccc2o1,MoleculeNet_HIV
hiv_36295,CCOC(C)=O.CCOc1cc2c(cc1O)CCC1C2CCC2(C)C(OS(=O)OC3CCC4C5CCc6cc(O)c(OCC)cc6C5CCC34C)CCC12,MoleculeNet_HIV
hiv_36266,C=CCC(CC=O)(C(=O)OCC)C(=O)OCC,MoleculeNet_HIV
hiv_11879,CCN1CC2(COC)CCC(=O)C34C5CC6C(OC)CC(O)(C5C6O)C(C(OC)C23)C14,MoleculeNet_HIV
hiv_24367,CCOC(=O)C1=C(C)N2CCCOC2(C)C(C(=O)OC)C1c1cccc([N+](=O)[O-])c1,MoleculeNet_HIV
hiv_19458,Cc1ccc([N+](=O)[O-])cc1NC(=O)C(=O)Cc1cc(=O)oc2cc(O)ccc12,MoleculeNet_HIV
hiv_5471,Cc1ncc2c[n+]([O-])ccn12,MoleculeNet_HIV
hiv_3511,CCSc1nc2c(=S)n(C)c(=S)n(C)c2[nH]1,MoleculeNet_HIV
hiv_14774,N=C1NC2=C(CCCC2)C(c2cccs2)S1,MoleculeNet_HIV
hiv_33432,Cc1cc(OC(=O)NCn2cc(-c3ccccc3)nn2)ccc1Cl,MoleculeNet_HIV
hiv_13367,CC12CCC3C(CCC4=CC(=O)CCC43C)C1CC(C#N)C(=O)N2,MoleculeNet_HIV
hiv_27931,FC1(F)SC2CCCCCCCCCCC2C1(F)F,MoleculeNet_HIV
hiv_22899,Cc1nc2c(=O)[nH]c(=O)n(C)c2nc1O.c1ccncc1,MoleculeNet_HIV
hiv_37024,CC(C)CC1C(OCc2ccccc2)COS(=O)(=O)N1C(C)c1ccccc1,MoleculeNet_HIV
hiv_12966,CCOC(=O)C1NS(=O)(=O)NC(C(=O)OCC)NS(=O)(=O)N1,MoleculeNet_HIV
hiv_41023,CC(C)=CC1CC(C)c2c(O)cc(C)c3c2C1=C(C)C(=O)C3=O,MoleculeNet_HIV
hiv_1510,CN(c1ccc(C(N)=O)cc1)c1c(O)nc2ccccc2c1O,MoleculeNet_HIV
hiv_20632,COc1ccc(Cc2nccc3cc(OC)c(OC)cc23)cc1.Cl,MoleculeNet_HIV
hiv_11897,COc1ccc2c(c1O)C(=O)C(CCC(=O)O)CC2,MoleculeNet_HIV
hiv_8211,Cc1ccc(C2=CC(=Cc3ccc(N(CCC#N)CCC#N)cc3)C(=O)O2)cc1C,MoleculeNet_HIV
hiv_30072,CCc1cc2c(c3c1CCCC3=O)CC1(C2)Cc2cc(CC)c3c(c2C1)C(=O)CCC3,MoleculeNet_HIV
hiv_28041,CN1CN(c2ccccc2)C2(CCN(CCCN(C)c3ccc(F)cc3)CC2)C1=O.Cl,MoleculeNet_HIV
hiv_13953,O=C(O)C(=Cc1ccccc1Cl)S(=O)(=O)c1ccccc1,MoleculeNet_HIV
davis_216239,CNC(=O)c1cc(Oc2ccc(NC(=O)Nc3ccc(Cl)c(C(F)(F)F)c3)cc2)ccn1,DAVIS_spike_in
hiv_34209,Oc1cc(CNC2CCCC2)nc(O)n1,MoleculeNet_HIV
hiv_36170,O=c1oc2ccccc2c(O)c1Cc1cccc(Cc2c(O)c3ccccc3oc2=O)c1,MoleculeNet_HIV
hiv_15706,C=CC1(CC)C(=NO)C(CC)(CC)C(=O)N1O,MoleculeNet_HIV
hiv_26647,CC1=C(C(=O)OC2CC3CCC2(C)C3(C)C)C2Nc3ccccc3N(C)C2O1,MoleculeNet_HIV
hiv_11790,CC1=C(c2cc(C(=O)Nc3nccs3)nc(NC#N)n2)Sc2ccccc2N1,MoleculeNet_HIV
hiv_6769,N#CC12C3C4C5C3C1C(C42)n1c(=O)n(-c2ccccc2)c(=O)n15,MoleculeNet_HIV
hiv_24748,O=C1C(=Cc2ccc(O)cc2)N=C(c2ccccc2)N1n1c(-c2ccccc2)nc2ccccc2c1=O,MoleculeNet_HIV
hiv_20570,Cc1cc(C)c(-c2noc(-c3ccccc3)c2C2=NCCN2)c(C)c1,MoleculeNet_HIV
hiv_196,CC1C(=O)N2C(=O)C(C)C(C)C(=O)N2C(=O)C1C,MoleculeNet_HIV
hiv_38322,O=C1CC(c2ccc[nH]2)=NN1c1ccccc1,MoleculeNet_HIV
hiv_11933,C#CC[N+](C)(CC#C)CC#C.[Br-],MoleculeNet_HIV
hiv_37156,Fc1ccc(C=C2COCC3=C2NC(=S)NC3c2ccc(F)cc2)cc1,MoleculeNet_HIV
hiv_26210,COP(=O)(OC)N(C)[Si](C)(C)C,MoleculeNet_HIV
hiv_11963,CCCCCCCCCCCCCCCC(=O)NCC(COP(=O)([O-])OCC[N+](C)(C)C)OCC,MoleculeNet_HIV
hiv_40426,O=C1C(O)C2C(O)OC3C2N1CC3[Si](c1ccccc1)(c1ccccc1)c1ccccc1,MoleculeNet_HIV
hiv_21403,CCC1(CC(=O)N(C)C)C=CCN(C(=O)Oc2ccccc2)C1,MoleculeNet_HIV
hiv_10646,NS(=O)(=O)c1ccc(Nc2c3ccccc3nc3ncccc23)cc1,MoleculeNet_HIV
hiv_15274,COC(=O)c1c[nH]c2nc(N3CCOCC3)nn2c1=O,MoleculeNet_HIV
hiv_22111,C=C1C2CCC(C)(C)C1CCC(=O)C2C(=O)OC,MoleculeNet_HIV
hiv_19110,O=C1C2=C(c3ccccc31)C(c1ccccc1Cl)N1C(=O)CCSC1=N2,MoleculeNet_HIV
hiv_16098,COC(=O)N(CC1C=CCCC1)c1ccccc1I,MoleculeNet_HIV
hiv_40533,Cn1c(-c2cccs2)cc(-c2cccs2)c1-c1cccs1,MoleculeNet_HIV
hiv_15851,COC(=O)C1(CCSc2ccccc2)CCCC1=O,MoleculeNet_HIV
hiv_3876,CN(C)c1ccc2nc3c(C(=O)O)cc(O)c(O)c3[o+]c2c1,MoleculeNet_HIV
hiv_27199,CC1(C)CC(C#Cc2ccccc2)CC(C)(C)N1O,MoleculeNet_HIV
hiv_6897,CC1OC(CC(=O)O)CC2=C1C(=O)c1c(O)cccc1C2=O,MoleculeNet_HIV
hiv_36270,C=CCC(CCC(C)=O)(C(=O)OCC)C(=O)OCC,MoleculeNet_HIV
hiv_40694,Nc1cc(N2CCOCC2)nc(=O)n1-c1ccc(Cl)cc1,MoleculeNet_HIV
hiv_18834,Cc1ccc(N=NC(C(=O)c2ccccc2)C(=O)c2ccccc2)cc1,MoleculeNet_HIV
hiv_21733,O=C(O)c1cc2ccc(Cl)cc2c(O)c1C1=CCCCC1,MoleculeNet_HIV
hiv_6871,Cn1c(=O)[nH]c(O)c(N=O)c1=O,MoleculeNet_HIV
hiv_3013,CC(C)(C)C1=CC(=Cc2cc(C(C)(C)C)c(O)c(C(C)(C)C)c2)C=C(C(C)(C)C)C1=O,MoleculeNet_HIV
hiv_36726,O=C(CNc1ccccn1)Nn1cnc2ccc(S(=O)(=O)Nc3ccccn3)cc2c1=O,MoleculeNet_HIV
hiv_28340,COc1ccc(-c2c(C#N)c(S)nc3c2CCC3)cc1,MoleculeNet_HIV
hiv_3193,Cc1ccc2c(ccc(C=Cc3ccc(O)c4ncccc34)[n+]2C)c1,MoleculeNet_HIV
hiv_27041,OCC1COc2cc(Cl)c(Cl)cc2O1,MoleculeNet_HIV
hiv_3282,Cc1nccn1Cc1c(N)nc(N)nc1O,MoleculeNet_HIV
hiv_354,N=C(N)N.O=S(=O)(O)O,MoleculeNet_HIV
hiv_32292,NC(=O)c1ncn(CC2(CO)CCC2)n1,MoleculeNet_HIV
hiv_1467,CC12CCC(O1)C1C(=O)OC(=O)C12,MoleculeNet_HIV
hiv_27762,Cl.O=C(CCCN1CCc2[nH]c3cc(F)ccc3c2C1)c1ccc(F)cc1,MoleculeNet_HIV
hiv_13013,COC(=O)C=C(CNC(=O)OCc1ccccc1)c1ccccc1,MoleculeNet_HIV
hiv_5478,CCC(Cc1ccccc1)C1=NC(C)(C)CC(C)O1,MoleculeNet_HIV
hiv_7840,CN(C)c1nc(N(C)C)n2nc(-c3ccccc3[N+](=O)[O-])nc2n1,MoleculeNet_HIV
hiv_17185,O=C1NC(=O)C(=Cc2ccc(F)cc2)C(=O)N1,MoleculeNet_HIV
hiv_19599,N#CCCN(c1ccc(C=C2N=C(c3ccc(Cl)cc3)OC2=O)cc1)S(=O)(=O)c1ccccc1,MoleculeNet_HIV
hiv_10539,O=C1NC(=O)c2c1c1cnn(-c3ccccc3)c1n1cccc21,MoleculeNet_HIV
hiv_3715,COc1ccc2c(c1)CCC2=CCC1(C)C(=O)CCC1=O,MoleculeNet_HIV
hiv_21085,COP1(=O)OCC(C)(C)CO1,MoleculeNet_HIV
hiv_10591,CCCC(C=NNC(=N)N)=NNC(=N)N.O=S(=O)(O)O,MoleculeNet_HIV
hiv_12782,CC1=NN(C(=O)c2ccc([N+](=O)[O-])cc2)C(=O)C1N=Nc1ccccc1C(=O)O,MoleculeNet_HIV
hiv_9128,O=C1C(=Cc2ccccc2)CCCC12C(c1ccccc1)N2Cc1ccccc1,MoleculeNet_HIV
hiv_13653,COC1=CC(=O)c2cc(C)cc(-c3cc4ccc(=O)oc4cc3OC)c2C1=O,MoleculeNet_HIV
hiv_39972,Cc1cc[n+]([Pt-2]([OH+][N+](=O)[O-])([OH+][N+](=O)[O-])[n+]2ccc(C)cc2)cc1,MoleculeNet_HIV
hiv_13604,COc1cc(C(=C2SCCS2)c2nccc3cc(OC)c(OC)cc23)c([N+](=O)[O-])cc1OC,MoleculeNet_HIV
hiv_41109,CN1CC(=Cc2cccs2)C2=NN(c3ccccc3)C(c3cccs3)C2C1,MoleculeNet_HIV
hiv_8898,Cc1nc2c(cnn2C)cc1CCc1ccccc1,MoleculeNet_HIV
hiv_35224,COC(=O)C1Cc2ccc(OC)c(c2)OCCC(=O)N1,MoleculeNet_HIV
hiv_25866,O=C1OCC(Cc2ccc3c(c2)OCO3)C1Cc1cccc(O)c1,MoleculeNet_HIV
hiv_23568,Cn1c(=O)c2c(nc(C[N+]3([O-])CCOCC3)n2C)n(C)c1=O,MoleculeNet_HIV
hiv_8090,CC(C)OC1NC(=O)Oc2ccccc21,MoleculeNet_HIV
davis_11984591,COc1cc(Nc2ncc(F)c(Nc3ccc4c(n3)NC(=O)C(C)(C)O4)n2)cc(OC)c1OC.O=S(=O)(O)c1ccccc1,DAVIS_spike_in
hiv_39359,COc1ccc(NC(=O)c2c(NC(C)=O)c(C#N)c3n2CCC3)cc1,MoleculeNet_HIV
hiv_20283,CC1(C)COC(c2cccc3c2C(=O)c2cccc(Cl)c2-3)=N1,MoleculeNet_HIV
hiv_27894,CCCCCCCCCCCCC1NC(=N)N2CCCC2=C1C(=O)OC,MoleculeNet_HIV
hiv_30580,COc1ccc(N2C(=O)C(=O)N(c3ccc(N=Nc4ccccc4)cc3)C2=S)cc1,MoleculeNet_HIV
hiv_31383,O=C(Nc1noc(-c2ccccc2)n1)c1ccccc1CNc1noc(-c2ccccc2)n1,MoleculeNet_HIV
hiv_34403,CC1CC(=O)N(N(C)C)C(C#N)(C#N)C1(C#N)C#N,MoleculeNet_HIV
hiv_26444,CCOP1(=O)CC(C)=C(Cl)C(OC)C1,MoleculeNet_HIV
hiv_21523,Cl.NN=C(CCN1CCCC1)CC(c1ccccc1)c1c(O)c2ccccc2oc1=O,MoleculeNet_HIV
hiv_12616,CC(C)(C)c1nc2c(o1)C(=Nc1ccccc1)c1ccccc1C2=O,MoleculeNet_HIV
hiv_2255,N=C(NN)c1ccc(NC(=O)c2ccc(C(=O)Nc3ccc(C(=N)NN)cc3)cc2)cc1,MoleculeNet_HIV
hiv_5252,O=C1c2ccccc2C(=O)C1(Cl)C(Cl)c1ccc([N+](=O)[O-])cc1,MoleculeNet_HIV
hiv_9097,Cn1c2ccccc2c2nnc(NN=Cc3ccc([N+](=O)[O-])o3)nc21,MoleculeNet_HIV
hiv_16921,O=C(C=Cc1cccc2ccccc12)c1ccc(Br)cc1,MoleculeNet_HIV
hiv_31088,CC(=O)N(C)SCC(NC(=O)C(Cc1ccccc1)NC(=O)OCc1ccccc1)C(=O)NC(Cc1ccccc1)C(=O)NC(Cc1c[nH]c2ccccc12)C(=O)NC(CCCCNC(=O)OCc1ccccc1)C(=O)NC(C(=O)NC(CSN(C)C(C)=O)C(=O)NC(C(N)=O)C(C)OCc1ccccc1)C(C)OCc1ccccc1,MoleculeNet_HIV
hiv_7978,CC1NC(=O)C2Cc3ccc(O)c(c3)Oc3cccc(c3)C(O)C(C(=O)N2C)N(C)C(=O)C(C)NC(=O)C(Cc2ccc(O)c(O)c2)N(C)C(=O)C(C)NC1=O,MoleculeNet_HIV
hiv_7586,CCOC(=O)C=C1SC(N2CCCCC2)C(=O)N1CC,MoleculeNet_HIV
hiv_7880,O=C1C2=C(C(=O)c3c(O)ccc(O)c31)C(O)C(O)C(O)C2,MoleculeNet_HIV
hiv_19197,COc1ccc(C)cc1-c1ccc(-c2cc(C)ccc2OC)o1,MoleculeNet_HIV
hiv_12407,N#Cc1c(C(N)=O)ncn1Cc1ccccc1,MoleculeNet_HIV
hiv_5352,Nc1ccc([N+](=O)[O-])cc1N=CC=Cc1ccccc1,MoleculeNet_HIV
hiv_12628,OCC1OC2c3ccccc3COC2C1OCc1ccccc1,MoleculeNet_HIV
hiv_28833,CN(C)N1C(=O)SC(=Cc2ccc([N+](=O)[O-])cc2)C1=O,MoleculeNet_HIV
hiv_16115,O=C(C=C1Nc2ccccc2C(=O)N1c1ccc(Cl)cc1)c1ccncc1,MoleculeNet_HIV
hiv_30533,O=C(N=Nc1ccccc1Cl)NNc1ccccc1Cl,MoleculeNet_HIV
hiv_34346,N#CC(c1ccccc1)N(CCCCCCN(C(=O)c1ccccc1)C(C#N)c1ccccc1)C(=O)c1ccccc1,MoleculeNet_HIV
hiv_21063,CCOC(=O)C1=C(OC(OCC)C(C)[Se]c2ccccc2)CCC1,MoleculeNet_HIV
hiv_3144,OC(c1ccccc1)(c1ccccc1)C1CC1c1ccncc1,MoleculeNet_HIV
hiv_40195,COc1cc(C=C2C(=O)N(Cc3ccccc3)C(c3ccccc3)S2(=O)=O)cc(OC)c1OC,MoleculeNet_HIV
hiv_8763,NC(=O)C1=CC2C3C=CC2(O)C(=O)OC3O1,MoleculeNet_HIV
hiv_9370,COc1cc2oc3cc(=O)cc4oc(-c5ccccc5)cc(c2c2c1CCC(c1ccccc1)O2)c43,MoleculeNet_HIV
hiv_28029,CCC1C(OC(=O)CC(O)(c2ccccc2)c2ccccc2)C2CCN1CC2,MoleculeNet_HIV
hiv_6867,CN(C)CNc1ncnc2onc(-c3ccccc3)c12,MoleculeNet_HIV
hiv_34388,CCOC(=O)C1C(c2ccccc2)C2(C#N)C(=N)OC1(C)C2(C#N)C#N,MoleculeNet_HIV
hiv_13506,CCC1CC(=O)c2c(cc3c(c2O)C(=O)c2ccccc2C3=O)C1(C#N)C(=O)OC(C)(C)C,MoleculeNet_HIV
hiv_18331,CC1=C(C)C2(OC1=O)C(O)C(C)C1(O)CCC3C4CC=C5CC=CC(=O)C5(C)C4CC2(O)C31C,MoleculeNet_HIV
hiv_14528,CCOC(=O)NC(=O)c1cn(C(CC)COC(=O)NCCCCCCNC(=O)OCC(CC)n2cc(C(=O)NC(=O)OCC)c(=O)[nH]c2=O)c(=O)[nH]c1=O,MoleculeNet_HIV
hiv_6626,CC(=O)OCC1C(OC(C)=O)CC2CCC1N2C#N,MoleculeNet_HIV
hiv_1175,c1ccc(-c2nc3sc(-c4ccccn4)nc3s2)nc1,MoleculeNet_HIV
hiv_2182,CCN(CC)CCn1c(C)nc2c1C(=O)c1nc(C)n(CCN(CC)CC)c1C2=O,MoleculeNet_HIV
hiv_32743,N=C(N)NS(=O)(=O)c1ccc(NNc2c3ccccc3nc3c(C(=O)Nc4ccc(S(=O)(=O)NC(=N)N)cc4)cccc23)cc1,MoleculeNet_HIV
hiv_20164,O=C(O)C1OCCOCCOC(C(=O)O)C(C(=O)O)OCCOCCOC1C(=O)O,MoleculeNet_HIV
hiv_3122,Oc1c(C(Nc2cccc3cccnc23)c2ccccc2)ccc2cccnc12,MoleculeNet_HIV
hiv_34140,O=C1C(=CNc2ccc([N+](=O)[O-])cc2)C(=O)N(c2ccccc2)C(=O)N1c1ccccc1,MoleculeNet_HIV
hiv_3623,CSc1nnc(CF)c(O)n1,MoleculeNet_HIV
hiv_5824,O=C(NCCCC1C2CCC(C2)C1CNC(=O)Nc1cccc(Cl)c1)Nc1cccc(Cl)c1,MoleculeNet_HIV
hiv_36233,O=C1N=C2NOC(=O)N=C2NO1,MoleculeNet_HIV
hiv_29787,CC(C)CC(C(N)=O)C(=O)NC(Cc1ccccc1)NC(=O)CNC(=O)C(C)NC(=O)C(N)Cc1ccc(O)cc1.O=C(O)C(F)(F)F,MoleculeNet_HIV
hiv_32791,c1ccc(CNC23C4C5CC6C7C5C2C7C(NCc2ccccc2)(C64)N3Cc2ccccc2)cc1,MoleculeNet_HIV
hiv_28014,OC1(c2ccccc2)CC2CCC(C1)N2CCCC(O)(c1ccccc1)c1ccccc1,MoleculeNet_HIV
hiv_4550,O=C1C(O)=C(C(CCc2ccccc2)C2=C(O)C(=O)c3ccccc3C2=O)C(=O)c2ccccc21,MoleculeNet_HIV
hiv_25445,CSc1nc(C)c2c(n1)SCC2,MoleculeNet_HIV
hiv_35467,O=C(OCc1ccccc1)C1OC1C(=O)OCc1ccccc1,MoleculeNet_HIV
hiv_40203,COc1ccc(NC(C)=O)cc1N1C(=O)C(=Cc2cccc(Oc3ccccc3)c2)S(=O)(=O)C1c1ccccc1,MoleculeNet_HIV
hiv_34834,CCOC(=O)C1=NN(c2ccc(C)cc2)C2(c3ccccc3)C=C(c3ccccc3)N(C)CCN12,MoleculeNet_HIV
hiv_28674,COc1cc2c(cc1OC)C1CCc3ccccc3CN1CC2,MoleculeNet_HIV
hiv_9645,OCC1C(CO)C2CC1C1N=NN(c3ccccc3)C21,MoleculeNet_HIV
hiv_35799,Cn1nc2ccc([N+](=O)[O-])c(Cn3nnc4ccccc43)c2n1,MoleculeNet_HIV
hiv_8525,CC(c1ccccc1)N1OC1(c1ccccc1)c1ccccc1,MoleculeNet_HIV
hiv_32911,c1ccc(SSc2ccccn2)nc1,MoleculeNet_HIV
hiv_5068,COC1C=COC2(C)Oc3c(C)c(O)c4c(O)c(c(C=NN5CCOCC5)c(O)c4c3C2=O)NC(=O)C(C)=CC=CC(C)C(O)C(C)C(O)C(C)C(O)C1C,MoleculeNet_HIV
hiv_37988,CC1=NNC(=O)C1C1CC(c2c[nH]c3ccccc23)=NN=C1Cl,MoleculeNet_HIV
hiv_23662,Cc1ccc(-n2cc(C(=N)NO)c3ccccc3c2=O)cc1,MoleculeNet_HIV
hiv_3396,CC1(C)OC2CC3C4CC(F)C5=CC(=O)C=CC5(C)C4(F)C(O)CC3(C)C2(C(=O)CO)O1,MoleculeNet_HIV
hiv_18173,O=C(CC1NCCS1)OCc1ccc(Br)cc1,MoleculeNet_HIV
hiv_33049,COC(=O)C1SCC2C(=O)N(c3ccccc3)C(=O)N21,MoleculeNet_HIV
hiv_27508,COC(=O)c1c(C(=O)OC)c2ccccn2c1-c1cc(OC)c(Br)c(=O)o1,MoleculeNet_HIV
hiv_20178,C1COCCSC2=C(SCCO1)SC(=C1SC3=C(SCCOCCOCCS3)S1)S2,MoleculeNet_HIV
hiv_286,C1CN2CCOB(O1)OCC2,MoleculeNet_HIV
hiv_39523,c1ccc(Nn2c(CCCCCCCCc3nnc(COc4ccccc4)n3Nc3ccccc3)nnc2COc2ccccc2)cc1,MoleculeNet_HIV
hiv_8231,CC1=CC(=O)C(=O)C2=C1OC1(C2)C(C)CCC2C3(C)CCC(O)C(C)(C)C3CCC21C,MoleculeNet_HIV
hiv_34855,Fc1cccc(F)c1C1SCc2nc3cc4ccccc4cc3n21,MoleculeNet_HIV
hiv_9738,Oc1ccc(O)c2c1N=NC21c2ccccc2Oc2ccccc21,MoleculeNet_HIV
hiv_7024,CC(=O)OC1C=C(C=O)C(O)(C=O)C2(C)CCCC(C)(C)C12,MoleculeNet_HIV
hiv_27572,Nc1ncnc2c1nnn2C1C=CC(COS(N)(=O)=O)C1,MoleculeNet_HIV
hiv_3645,CC12CCC(=O)C=C1CCC1C2CCC2(C)C1CCC2(O)C1(O)CCC2C3CCC4=CC(=O)CCC4(C)C3CCC21C,MoleculeNet_HIV
hiv_7891,O=C1NC(=O)C2(CCC(O)C2)c2ccncc21,MoleculeNet_HIV
hiv_2298,Cc1ccc2[nH]c3c(c2c1)[n+]([O-])c1ccccc1[n+]3[O-],MoleculeNet_HIV
hiv_37344,O=C(O)C(F)(F)F.c1ccc(CNCCCCNCCCNCc2ccccc2)cc1,MoleculeNet_HIV
hiv_37345,O=C(OCc1ccccc1)N(CCCCN(CCCNCc1ccccc1)C(=O)OCc1ccccc1)CCCNCc1ccccc1,MoleculeNet_HIV
hiv_33977,NC(=O)Cc1ncn(-c2ccccc2)n1,MoleculeNet_HIV
hiv_20586,O=C(C=Cc1ccc(Br)cc1)c1ccc(NCc2nc3ccccc3[nH]2)cc1,MoleculeNet_HIV
hiv_33501,O=C1C(=Cc2ccc(Br)s2)NC(=S)N1c1ccccc1,MoleculeNet_HIV
hiv_27030,CC1(C)CC(=O)C2=C(C1)OC1=C(C(=O)CC(C)(C)C1)C2CC(c1ccccc1)c1ccc(O)c(O)c1O,MoleculeNet_HIV
hiv_16918,COc1cc(C=Nc2nncs2)ccc1O,MoleculeNet_HIV
hiv_2554,CN1C(=S)NC2C(O)C(O)C(CO)OC21,MoleculeNet_HIV
hiv_16948,C=C1C(=O)C23C(O)CC4C(C)(C)CCCC4(COC(C)=O)C2C(O)CC1C3O,MoleculeNet_HIV
hiv_37200,CC(C)(C)c1ccc2c(c1)CNCCNCc1cc(C(C)(C)C)ccc1OCC1(CO2)COc2ccc(C(C)(C)C)cc2CNCCNCc2cc(C(C)(C)C)ccc2OC1,MoleculeNet_HIV
hiv_1147,O=c1cc(-c2ccccc2)ss1,MoleculeNet_HIV
hiv_31963,CCN(CC)CCCn1c(=O)c2ccccc2n2c3c(=O)n(C)c(=O)n(C)c3nc12,MoleculeNet_HIV
hiv_16233,Cc1cccc(C)c1NC(=O)C(C#N)C1=C(Cl)C(=O)c2ccccc2C1=O,MoleculeNet_HIV
hiv_33976,Cc1ccc(NC=O)c(-c2c(N)nc(S)nc2O)c1,MoleculeNet_HIV
hiv_6379,Oc1nc(S)nc(SCc2c(Cl)c(Cl)c(Cl)c(Cl)c2Cl)n1,MoleculeNet_HIV
hiv_24452,CCOc1ncn(-c2ccc(NC(=S)NC34CC5CC(CC(C5)C3)C4)cc2)n1,MoleculeNet_HIV
hiv_23686,COC(=O)C(C)N(C)C(=O)C(CC(N)=O)N(C)C(=O)C1CCCN1C(=O)C(C(C)C)N(C)C(=O)C(C(C)C)N(C)C(=O)C(Cc1ccccc1)N(C)C(=O)C(NC(=O)OC(C)(C)C)C(C)C,MoleculeNet_HIV
hiv_38723,CN(C)CCCNC(=O)c1cc(NC(=O)c2cc(NC(=O)c3cc(NC(=O)c4ccc(C(=O)Nc5cc(C(=O)Nc6cc(C(=O)Nc7cc(C(=O)NCCCN(C)C)n(C)c7)n(C)c6)n(C)c5)cc4)cn3C)cn2C)cn1C,MoleculeNet_HIV
hiv_37726,COc1ccc(-n2c(=O)n(-c3ccccc3)c(=O)n2-c2ccc(OC)cc2)cc1,MoleculeNet_HIV
hiv_27671,O=[N+]([O-])C(Cl)=C(NCCO)C(Cl)=C(Cl)Cl,MoleculeNet_HIV
hiv_3269,O=P1(O)c2ccccc2Oc2ccccc21,MoleculeNet_HIV
hiv_21997,Cc1ccc(S(=O)(=O)N2c3ccccc3C3CCC=CC32)cc1,MoleculeNet_HIV
hiv_35790,CC1CCC(C(C)C)C(Oc2nnc(C3OC(CO)C(O)C3O)o2)C1,MoleculeNet_HIV
hiv_38034,CN(C)c1ccc(C=C2C(=O)N(c3ccccc3)N(c3ccccc3)C2=O)cc1,MoleculeNet_HIV
hiv_1143,CCOC(=O)C(=NO)C(=O)CC(C)C,MoleculeNet_HIV
hiv_15871,CC(C)(C)OCC1N(C(COCc2ccccc2)c2ccccc2)C(=O)C1(C)C,MoleculeNet_HIV
hiv_39348,Cc1cc2c(cc1C)C(=O)C1(C2)Cc2c(C)ccc(C)c2C1=O,MoleculeNet_HIV
hiv_33219,CC(=O)OCC1OC(SC2=NC(=O)C(=Cc3ccccc3)S2)C(OC(C)=O)C(OC(C)=O)C1OC(C)=O,MoleculeNet_HIV
hiv_32159,CN(C)c1ccc(-c2ccc(N(C)C)c3n[se]nc23)c2n[se]nc12,MoleculeNet_HIV
hiv_1682,CN1C(=S)Nc2ncn(C)c2S1(=O)=O,MoleculeNet_HIV
hiv_7706,N#CC1=C(C#N)N=Cc2ccccc2NCCNc2ccccc2C=N1,MoleculeNet_HIV
hiv_20626,COc1ccc(Nc2nc3c(N)cc(C(F)(F)F)cc3nc2-c2ccccc2)cc1,MoleculeNet_HIV
hiv_21250,CC(=O)NC1C(OCc2ccccc2)OC(COC(=O)CCCCCCCCCCNC(=O)CCNc2ccc([N+](=O)[O-])c3[nH]c4ccc(O)cc4c(=O)c23)C(O)C1OC(C)C(=O)NC(C(=O)NC(CCC(=O)O)C(N)=O)C(C)C,MoleculeNet_HIV
hiv_26850,Cc1ccc(CS(=O)(=O)CN=C2Sc3ccccc3NC2=CC(=O)c2ccc(Cl)cc2)cc1,MoleculeNet_HIV
hiv_5941,COc1cc2nc(CCc3nc4cc(OC)c(OC)cc4[nH]3)[nH]c2cc1OC,MoleculeNet_HIV
hiv_39320,COc1ccc2c(=O)c3ccoc3[nH]c2c1,MoleculeNet_HIV
hiv_35632,N=c1oc2ccccc2cc1-c1nc(O)c2ccccc2n1,MoleculeNet_HIV
hiv_3294,c1cnc2nc3c4ccccc4c4ccccc4c3nc2c1,MoleculeNet_HIV
hiv_11742,O=C(NC(=Cc1cccc([N+](=O)[O-])c1)c1nc2cc([N+](=O)[O-])ccc2[nH]1)c1ccccc1,MoleculeNet_HIV
hiv_37774,N#Cc1c(NCCc2ccc(F)cc2)c2ccccc2n2c1nc1ccccc12,MoleculeNet_HIV
hiv_9027,C=C1C(O)C2(O)OCC34C(CC5C(C)=CC(=O)C(O)C5(C)C23)OC(=O)C(OC(=O)CC=C(C)CCCCC)C14,MoleculeNet_HIV
hiv_18957,CC(=O)c1cccc(NC(=O)C(=O)C(C(=O)c2ccccc2F)C2OC(=O)c3ccccc32)c1,MoleculeNet_HIV
hiv_21660,Cc1ccc(S(=O)(=O)OCC23CCC(CC2)C2CC23)cc1,MoleculeNet_HIV
hiv_625,CC1Nc2c(ccc3ncccc23)C(=O)N1Nc1ccccc1,MoleculeNet_HIV
hiv_14830,N[Co-4](N)(N)(N)(N)[NH+]1N=NC(C(=O)[O-])=N1.[Cl-],MoleculeNet_HIV
hiv_441,O=S(=O)(O)c1ccc(NN(c2c(O)ccc3ccccc23)S(=O)(=O)O)cc1,MoleculeNet_HIV
hiv_22726,CCCCc1c2c(nc3c1CCCC3=O)CCCC2,MoleculeNet_HIV
hiv_16290,Cn1c(=O)c2nc3sc4c(n3c2n(C)c1=O)C(=O)c1ccccc1C4=O,MoleculeNet_HIV
hiv_15789,CC(C)=[N+]1[OH+][W+2]12345(C#[O+])(C#[O+])C1=C2[C-]3C4=C15,MoleculeNet_HIV
hiv_3931,O=C(CCCC(=O)NN=Cc1ccc(O)c(O)c1)NN=Cc1ccc(O)c(O)c1,MoleculeNet_HIV
hiv_37303,COC1(OC)c2occc2C(=N)c2ccc(=O)oc21,MoleculeNet_HIV
hiv_13312,BrC1=CC=C2NC=CC3=CC=NC1C32,MoleculeNet_HIV
hiv_4106,O=C(Nc1ccc([N+](=O)[O-])cc1)N(c1cc(Cl)ccn1)C1CCCCC1,MoleculeNet_HIV
hiv_7974,O=C(CCSSCCC(=O)ON1C(=O)CCC1=O)ON1C(=O)CCC1=O,MoleculeNet_HIV
hiv_22575,Cc1occc1C(=S)Nc1ccc(Cl)c(C=NOC2CCCC2)c1,MoleculeNet_HIV
hiv_36251,Cc1cc(C2(c3cc(C)c(O)c4ncccc34)OC(=O)c3ccccc32)c2cccnc2c1O,MoleculeNet_HIV
hiv_7348,O=C1Oc2ccccc2C(=O)C1=C1SSC(c2ccccc2)=C1c1ccccc1,MoleculeNet_HIV
hiv_20233,CCC(C)C1NC(=O)C2CCCN2C(=O)C(CC(O)CCl)OC(=O)CCNC(=O)C(C)N(C)C(=O)C(C(C)C)N(C)C1=O,MoleculeNet_HIV
hiv_14545,CCOc1ccc(N=Cc2ccc3cc(C)ccc3n2)cc1,MoleculeNet_HIV
hiv_36536,CCCCCCCCCCCCCCCCNc1nc(=O)n(C2CC(N=[N+]=[N-])C(CO)O2)cc1C,MoleculeNet_HIV
hiv_31447,Cc1oncc1N=C1C=C(O)C(=O)c2ccccc21,MoleculeNet_HIV
hiv_24905,O=C(NC(=S)Nc1ncc([N+](=O)[O-])s1)c1ccccc1C(=O)NC(=S)Nc1ncc([N+](=O)[O-])s1,MoleculeNet_HIV
hiv_38627,CCON1CC(C(=O)OC)=C(O)C1=O,MoleculeNet_HIV
hiv_5030,COC1C=COC2(C)Oc3c(C)c(O)c4c(O)c(c(C=NN5CCNCC5)c(O)c4c3C2=O)NC(=O)C(C)=CC=CC(C)C(O)C(C)C(O)C(C)C(OC(C)=O)C1C,MoleculeNet_HIV
hiv_5652,CCCc1nn2c(-c3ccccc3)nnc2o1,MoleculeNet_HIV
hiv_27776,OC1(c2ccccc2)C2CCN(CC2)C1CN1CCOCC1,MoleculeNet_HIV
hiv_10314,O=C(O)CCSSCCCCCS(=O)O.[NaH],MoleculeNet_HIV
hiv_13534,O=Cc1cn(C(=O)c2ccccc2)c2ccccc12,MoleculeNet_HIV
hiv_39483,CC(C)=CCCC(C)C1=C(O)C(O)C(C)=C2N=C(c3ccccc3)C(=O)OC21,MoleculeNet_HIV
hiv_35810,O=C(CCc1ccccc1)ON1C(=S)C(c2ccccc2)(c2ccccc2)N=C1Sc1ccccc1,MoleculeNet_HIV
hiv_15280,CC1=C(C)CC2(CCCCC2=O)S(=O)C1,MoleculeNet_HIV
hiv_20166,O=NN1CCN=C1c1ccc([N+](=O)[O-])cc1,MoleculeNet_HIV
hiv_20992,CCN(CC)Cc1cc(Nc2ccnc3ccc4nn(C)nc4c23)ccc1O.Cl,MoleculeNet_HIV
hiv_29462,NC(=O)c1cnc2sc3ccccc3n2c1=O,MoleculeNet_HIV
hiv_36665,Cc1ccc2nc(CN3CCCC(O)C3)cc(=O)n2c1,MoleculeNet_HIV
hiv_1012,O=C1c2ccccc2C(=O)c2c1nnn2-c1ccccc1,MoleculeNet_HIV
hiv_5489,CC(=O)OC1C=CS(=O)(=O)C1,MoleculeNet_HIV
hiv_38329,C=CCN1CCC(O)(c2cc(C(=O)OCC)[nH]c2-c2cc(C)no2)C1,MoleculeNet_HIV
hiv_37009,C=CCC(NCc1ccccc1)C(OCc1ccccc1)C1COC(C)(C)O1,MoleculeNet_HIV
hiv_30104,COC(O)C(=O)c1c2c(cc3c1CCC3)CCC2,MoleculeNet_HIV
hiv_38874,N#CCCN(CCCCN(CCC#N)C(=O)Nc1ccccc1)C(=O)Nc1ccccc1,MoleculeNet_HIV
hiv_13525,Nc1c2ncn(C3OC(CO)CC3F)c2nc[n+]1[O-],MoleculeNet_HIV
hiv_33606,CCOP(=O)(OCC)Oc1c(OC)c2[nH]c(C(=O)OC)cc2c2c(C(=O)O)c[nH]c12,MoleculeNet_HIV
hiv_40179,COc1ccc(N2C(=O)C(=Cc3cccc(Oc4ccccc4)c3)SC2c2ccccc2)cc1,MoleculeNet_HIV
hiv_532,CC12C=CC(=O)C=C1CCC1C3CCC(O)(C(=O)CO)C3(C)CC(O)C12F,MoleculeNet_HIV
hiv_10202,CSC1=Nc2cc3c(cc2C(=O)N2CC(O)CC12)OCO3,MoleculeNet_HIV
hiv_26031,CC(=O)Nc1ccc(C=C2SC(=S)N(C=C(c3ccccc3)S(=O)Cc3ccccc3)C2=O)cc1,MoleculeNet_HIV
hiv_15260,N#CCc1ccc(C(C#N)C(CCCC(=O)Nc2cccc([N+](=O)[O-])c2)=NNC(=O)NN)cc1,MoleculeNet_HIV
hiv_13816,CC1CCC23CCC4(C)C5(C)CCC6C(C)(C)C(=O)CCC6(C)C5C=CC4(OC2=O)C3C1C,MoleculeNet_HIV
hiv_16451,ON=C1CCCCC1C(NO)c1ccccc1,MoleculeNet_HIV
hiv_37751,CN(C)CCON=C1C=C2CCC3C(CCC4(C)C(O)CCC34)C2(C)CC1,MoleculeNet_HIV
hiv_14890,O=S1c2ccccc2N=C(c2ccc3ccccc3c2)CC1c1ccccc1F,MoleculeNet_HIV
hiv_19291,NC(Cc1ccccc1)c1nccs1,MoleculeNet_HIV
hiv_655,CC(=O)OC1CCC2(C)C(CCC3C2CCC2(C)C3CC3OC4(CCC(C)CO4)C(C)C32)C1,MoleculeNet_HIV
hiv_5183,COc1cc2c(cc1OC)C(=O)Cc1ccc(OC)c(OC)c1CN(C)CC2,MoleculeNet_HIV
hiv_11401,CC(C)c1cccc2sc(NC(=O)C(=O)CC(=O)c3ccc(F)cc3)nc12,MoleculeNet_HIV
hiv_10398,C[n+]1c(C=NNC(=O)c2ccc(C(=O)NN=Cc3cn4ccccc4[n+]3C)cc2)cn2ccccc21.Cc1ccc(S(=O)(=O)[O-])cc1,MoleculeNet_HIV
hiv_20603,Nc1ccc(Sc2c3ccccc3nc3ccccc23)cc1,MoleculeNet_HIV
hiv_5528,N#CC(C#N)=C1CCN2CCCc3cccc1c32,MoleculeNet_HIV
hiv_24100,CC1(c2cccc(C3CC4(CCC3=O)OCCCCO4)c2)OCCO1,MoleculeNet_HIV
hiv_8439,CCN(CC)CCOC(=O)c1c(C)oc2cc3c(C(=O)OCCN(CC)CC)c(C)oc3cc12,MoleculeNet_HIV
hiv_18335,CCCCCCCCCCOCC(COCCOCC(COCCCCCCCCCC)OS(=O)(=O)O)OS(=O)(=O)O.[NaH],MoleculeNet_HIV
hiv_9897,C=C=C(CCCC)C(=O)O,MoleculeNet_HIV
hiv_34436,N#Cc1c(O)nc2c(c1C#N)CCCC2,MoleculeNet_HIV
hiv_38058,N#Cc1c(O)n(-c2ccccc2)c(=O)c2c(=N)[nH][nH]c12,MoleculeNet_HIV
hiv_39005,CC(NC(=O)C1CC1(C)CO)c1cccc2ccccc12,MoleculeNet_HIV
hiv_28122,Nn1c(C23CC4CC(CC(C4)C2)C3)n[nH]c1=S,MoleculeNet_HIV
hiv_2799,CC(C)CCCC(C)C1CCC2C3CCC4CC5(CCC4(C)C3CCC12C)NCCCS5,MoleculeNet_HIV
hiv_40877,Brc1ccc2c(-c3csc(-c4c[nH]c5cc(Br)ccc45)n3)c[nH]c2c1,MoleculeNet_HIV
hiv_465,CC1=CC(C)=Nc2cc(Cl)ccc2N1,MoleculeNet_HIV
hiv_423,CC1(C)SSC(C)(C)SS1,MoleculeNet_HIV
hiv_17403,C=C1C2CCC3(C4CC5C6(C)CCCC5(C(O4)N4CCOC46)C3C2)C1OC(C)=O,MoleculeNet_HIV
hiv_943,c1ccc2c(c1)CCN(NCCN1CCCC1)C2,MoleculeNet_HIV
hiv_7223,CN1Cc2c(N)cccc2C(c2ccccc2)C1.O=C(O)C=CC(=O)O,MoleculeNet_HIV
hiv_18838,N#CCCN(CCC#N)c1ccc(C(Sc2ccccc2)C(NC(=O)c2cc([N+](=O)[O-])ccc2Cl)C(=O)Sc2ccccc2)cc1,MoleculeNet_HIV
hiv_24612,COc1ccc(C2SC(C)C(=O)N2c2nc(-c3nc(-c4ccc(Cl)cc4)cs3)cs2)cc1,MoleculeNet_HIV
hiv_26528,Br.CN(C)c1nc(=NCc2ccncc2)ss1,MoleculeNet_HIV
hiv_32100,Cn1cnc(N2CCCC2)c(C#N)c1=O,MoleculeNet_HIV
hiv_31009,CCOC(=O)C(C)(C)C=CC(Cl)=C(Cl)Cl,MoleculeNet_HIV
hiv_35181,CN1C(=O)NC(=Cc2ccc(S(=O)(=O)NN=Cc3ccccc3)cc2)C1=O,MoleculeNet_HIV
hiv_39123,CC(=O)c1c(O)cc(O)c(-c2c(C)cc(O)c3c2C(=O)c2cccc(O)c2C3=O)c1O,MoleculeNet_HIV
hiv_39247,CCC1OC2C(CC=C(C)C)=C3OC(C)(O)C(C)(CC)C(OC(C)=O)C3=C3OC(=O)C=C1C32,MoleculeNet_HIV
hiv_6465,C=CCN(CC=C)C(=O)Nc1ccc(C(=O)NN=Cc2cccc(OC)c2OC)cc1,MoleculeNet_HIV
hiv_18399,CC(=O)OC1CCN2C(=O)C=CC(OCc3ccccc3)C12,MoleculeNet_HIV
hiv_6802,C(=Cc1nc2ccccc2s1)c1ccc2c(c1)OCO2,MoleculeNet_HIV
hiv_37729,CN(C)C(=O)N1NC(c2ccccc2)C1c1ccccc1,MoleculeNet_HIV
davis_16722836,Cc1cnc(Nc2ccc(OCCN3CCCC3)cc2)nc1Nc1cccc(S(=O)(=O)NC(C)(C)C)c1,DAVIS_spike_in
hiv_8504,Clc1ccc2c(NCCCCCCNc3ccnc4cc(Cl)ccc34)ccnc2c1,MoleculeNet_HIV
hiv_21921,CCCCC1(OC(=O)CCC(=O)O)CCC2(CCC(C)C(CC=C(C)C=CC(O)C(C)C=CC(=O)O)O2)OC1CCC(C)=CC(=O)O,MoleculeNet_HIV
hiv_10700,COc1ccc(C23OCN(c4ccccc4)C2(c2ccc(OC)cc2)c2ccccc2N3C)cc1,MoleculeNet_HIV
hiv_22769,C1CSCCSCCCSC2CCCCC2SC1,MoleculeNet_HIV
hiv_21978,CCOC(=O)C1=C(C)N(c2ccccc2)C2=C(C(=O)N(c3ccccc3)C2c2ccccc2)C1c1ccccc1,MoleculeNet_HIV
hiv_36670,Cc1ccc2c(N(CCO)CCO)cc(-c3ccccc3)nc2n1,MoleculeNet_HIV
hiv_5667,CNC(=O)OCC1=CC(=O)C(C)=CC1=O,MoleculeNet_HIV
hiv_4602,CC1CCc2[nH]nc(CC3CC(=O)NC(=O)C3)c2C1,MoleculeNet_HIV
hiv_18363,COc1cccc(OC)c1C=NN1C(=O)c2ccccc2C1=O,MoleculeNet_HIV
hiv_40285,C=CC1(C)OC2(CCN(C(=O)OCC)CC2)OC1C,MoleculeNet_HIV
hiv_32431,CC(=O)OCC1OC(n2c3c(cc(C#N)c2=O)CCCCCC3)C(OC(C)=O)C(OC(C)=O)C1OC(C)=O,MoleculeNet_HIV
hiv_4199,COc1cc2nncc(Sc3cnc4ccccc4n3)c2cc1OC,MoleculeNet_HIV
hiv_37524,CSc1nn(C)cc2ncnc1-2,MoleculeNet_HIV
hiv_28896,O=C(NC1CCN(Cc2ccccc2)CC1)c1ccccc1I,MoleculeNet_HIV
hiv_14803,O=C(O)c1ccc(O)c(N=Nc2cc(S(=O)(=O)O)c3ccccc3c2O)c1,MoleculeNet_HIV
hiv_33699,O=c1[nH]c(=O)n(C2CC(O)C(COP(=O)(On3nnc4ccccc43)N3CCCCC3)O2)cc1F,MoleculeNet_HIV
hiv_35044,Cc1noc(NS(=O)(=O)c2ccc(N)cc2)c1C,MoleculeNet_HIV
hiv_18046,COc1cccc2c1[OH+][Ni-2]1(O)[O+]=C(N)[N-][N+]1=C2,MoleculeNet_HIV
hiv_21503,CC1(C)C(=NNC(=S)NN)C(C)(C)C1=NNC(=S)NN,MoleculeNet_HIV
hiv_34244,O=c1[nH]nc(-c2ccccc2)n1N=Cc1ccccc1O,MoleculeNet_HIV
hiv_23166,CN1C(=O)CN2C(Cl)(Cl)C2(c2ccccc2)c2cc(Cl)ccc21,MoleculeNet_HIV
hiv_9997,O=c1nc2n(cc1F)C1OC(CCl)C(O)C1O2,MoleculeNet_HIV
hiv_7678,COc1nc(N)c2c3c([nH]c2c1C#N)C(C)(C)c1ccccc1N3C,MoleculeNet_HIV
hiv_31747,CC(C)(C)OC(=O)NC1CC=CCC1NC(=O)OC(C)(C)C,MoleculeNet_HIV
hiv_3855,COC(=O)CC1C(=O)OC23CCC1C2(C)CCC1C3CCC2CC(OC(C)=O)CCC21C,MoleculeNet_HIV
hiv_7201,C=C1CCC(OC(C)=O)C2(C)C(OC(C)=O)CC3OC3(C)C2C(OC(C)=O)C2C(C)C(=O)OC2C1Cl,MoleculeNet_HIV
hiv_25870,COc1cc(CC2COC(=O)C2Cc2ccc(O)c(OC)c2)ccc1O,MoleculeNet_HIV
hiv_40584,c1csc(-c2cc(-c3ccsc3)cs2)c1,MoleculeNet_HIV
hiv_30638,CC1(C)OCC(C2OC3OC(C)(C)OC3C2c2ccccc2)O1,MoleculeNet_HIV
hiv_14018,O=[N+]([O-])c1ccccc1S(=O)(=O)Oc1ccc(-c2ccccc2)cc1,MoleculeNet_HIV
hiv_36558,COC(=O)CC1(CNC(=O)OCc2ccccc2)OCCO1,MoleculeNet_HIV
hiv_38694,O=C(Nc1nc2ccccc2s1)c1cc([N+](=O)[O-])ccc1Cl,MoleculeNet_HIV
hiv_25397,CC(=O)OC(Cn1cncn1)(Cn1cncn1)c1ccc(Cl)cc1Cl,MoleculeNet_HIV
hiv_38214,COc1ccc(C2=CC(C(C)=C(C(N)=O)C(N)=O)C=C(c3ccc(Br)cc3)C2)c(OC)c1,MoleculeNet_HIV
hiv_25042,CC1(C)C2CC(=O)C1(C)C(OCc1ccccc1)C2,MoleculeNet_HIV
hiv_4680,CN1CCCC1CCNc1nc(C(Cl)(Cl)Cl)nc2cc(Cl)ccc12,MoleculeNet_HIV
hiv_35528,CC(C)OP(=O)(OC(C)C)C(C(F)(F)F)C(F)(F)F,MoleculeNet_HIV
hiv_36873,COc1ccccc1C(=O)NCC1CCCN2CCCCC12,MoleculeNet_HIV
hiv_1650,N#CC(=C(c1ccccc1)c1ccccn1)c1ccc(Cl)cc1,MoleculeNet_HIV
hiv_25284,NC(=O)C(=CN1C(=O)CC(=O)NC1=S)C(N)=O,MoleculeNet_HIV
hiv_4047,CC1(N)COP(=O)(NCc2ccccc2)OC1,MoleculeNet_HIV
hiv_13089,CCCCCCCCCCCCC(Br)C(=O)NCC(N)=O,MoleculeNet_HIV
hiv_7911,CC(N)C(=O)NC1C2C(=C(O)CC(O)C2O)C(=O)OC1(C)C(Cl)Cl,MoleculeNet_HIV
hiv_17877,COC(=O)C1=C(C)N(NC(=O)Nc2ccccc2)C2(N)N(NC(=O)Nc3ccccc3)C(C)=C(C(=O)OC)C12C(=O)OC,MoleculeNet_HIV
hiv_26043,COc1ccccc1NC(=S)NC=C1C(=O)NC(=O)NC1=O,MoleculeNet_HIV
hiv_15953,O=c1c(=Cc2ccccc2[N+](=O)[O-])sc2nc3ccccc3n12,MoleculeNet_HIV
hiv_10453,COC(=O)CC1(C)CCC2(OC(CC(C)=O)C3C(C)(C)CCCC32C)O1,MoleculeNet_HIV
hiv_15575,CCN(CC)c1ccc(N=Nc2ccc(-c3nc4cccnc4o3)cc2)cc1,MoleculeNet_HIV
hiv_39513,c1ccc(OCc2nnc(CCCCCCCCc3nnc(COc4ccccc4)o3)o2)cc1,MoleculeNet_HIV
hiv_10264,NC(Cc1ccccc1)C(=O)OCN1C(=O)C2C3C=CC(C2C1=O)C1C2C(=O)N(COC(=O)C(N)Cc4ccccc4)C(=O)C2C31.O=C(O)C(O)C(O)C(O)C(O)CO.[Na]Cl,MoleculeNet_HIV
hiv_2437,CCCC(C)(O)CN,MoleculeNet_HIV
hiv_15140,CCCCCCCCCC1CC(=O)OC2=C1C(=O)CCC2,MoleculeNet_HIV
hiv_6725,Oc1cc2ccc3c(c2cc1O)CCc1cn[nH]c1-3,MoleculeNet_HIV
hiv_16055,CC1(C)NNC(=S)NC1=O,MoleculeNet_HIV
hiv_7571,CCOC(=O)Cc1csc2nc(-c3ccccc3)nn12,MoleculeNet_HIV
hiv_25203,CC(=O)N1C(OC(C)C)CC(C)N1c1ccccc1,MoleculeNet_HIV
hiv_15420,O=C1CC(C2(O)C(=O)Nc3ccc([N+](=O)[O-])cc32)c2ccccc21,MoleculeNet_HIV
hiv_22970,O=[N+]([O-])c1ccc(N2N=C(c3ccc(NCc4nc5ccccc5[nH]4)cc3)CC2c2ccco2)cc1,MoleculeNet_HIV
hiv_9525,O=C(Cc1nc2ccccc2[nH]1)NN=C1SCC(=O)N1c1ccc(Cl)cc1,MoleculeNet_HIV
hiv_9604,O=C(CC1=NC2NN(c3ccccc3)C(=O)C2=C1CC(=O)c1ccccc1)c1ccccc1,MoleculeNet_HIV
hiv_1456,O=C(C=Cc1ccccc1)c1ccc(-c2cccc(-c3ccccc3)c2)cc1,MoleculeNet_HIV
hiv_19546,O=C1CCC2(c3ccc(Cl)cc3)Nc3ccc(Cl)cc3N12,MoleculeNet_HIV
hiv_9550,O=C1CSCN1N1CSCC1=O,MoleculeNet_HIV
hiv_16985,O=C(NNC(=O)c1cc(C=Cc2cccc([N+](=O)[O-])c2)nc(S)n1)Nc1ccc(Cl)cc1,MoleculeNet_HIV
hiv_19533,COc1ccc(CNc2nc3c(NC(C)=O)cc(C(F)(F)F)cc3nc2-c2ccccc2)cc1OC,MoleculeNet_HIV
hiv_32712,Cc1cc(NS(=O)(=O)c2ccc(NC(=O)c3ccc4nc5ccccc5c(Nc5ccc(S(=O)(=O)NC(=N)N)cc5)c4c3)cc2)no1,MoleculeNet_HIV
hiv_8952,COC12C(COC(N)=O)C3=C(C(=O)C(C)=C(N4CCCC4)C3=O)N1CC1NC12,MoleculeNet_HIV
hiv_19300,COc1c(Br)cc(Br)c(OC)c1-c1ccc[nH]1,MoleculeNet_HIV
hiv_30830,CCOC(NC(=O)CC)(C(F)(F)F)C(F)(F)F,MoleculeNet_HIV
hiv_8305,CN(C)C1C(O)=C(C(=O)NC[N+]23CCO[B-]2(c2ccc(Cl)cc2)OCC3)C(=O)C2(O)C(O)=C3C(=O)c4c(O)cccc4C(C)(O)C3CC12,MoleculeNet_HIV
hiv_32428,CC(=O)OCC1OC(n2c3c(cc(C#N)c2=S)CCCCC3)C(OC(C)=O)C(OC(C)=O)C1OC(C)=O,MoleculeNet_HIV
hiv_27485,COC(=O)N1C2C(CC1(C)C(=O)OC)c1ccccc1N2S(=O)(=O)c1ccccc1,MoleculeNet_HIV
hiv_21413,Cc1ccsc1C(=S)Nc1ccc(Cl)c(C=NOC(C)C)c1,MoleculeNet_HIV
hiv_21619,CC(=NNC(=N)N)C(CN(C)C)C(c1ccccc1)c1c(O)c2ccccc2oc1=O.Cl,MoleculeNet_HIV
hiv_34333,COc1ccc(C(C#N)NCCCCCCNC(C#N)c2ccc(OC)cc2)cc1,MoleculeNet_HIV
hiv_39248,CCC1OC2C(CC=C(C)C)=C3OC(C)(O)C(C)(CC)C(OC(=O)c4ccccc4)C3=C3OC(=O)C=C1C32,MoleculeNet_HIV
hiv_4730,CCOC(=O)C(C)(C)C(OP(=O)(CC)OCC)=C(C)C,MoleculeNet_HIV
hiv_30201,O=C1c2ccccc2CC12Cc1cc3c(cc1C2=O)CCC3,MoleculeNet_HIV
hiv_22390,CS(=O)(=O)CSCSSCS(C)(=O)=O,MoleculeNet_HIV
hiv_20525,CC(=O)NC(CCCN(Cc1ccccc1)C(=O)N(CCCl)N=O)C(=O)NCc1ccccc1,MoleculeNet_HIV
hiv_40448,CC1(C)COC(c2cccc(C3=NC(C)(C)CO3)c2Br)=N1,MoleculeNet_HIV
hiv_21335,NN=C(CC1OC(=O)c2ccccc21)c1ccco1,MoleculeNet_HIV
hiv_12341,CCCCSC1CCSc2c1ccc1ccccc21,MoleculeNet_HIV
hiv_26176,N=C1NN(c2ccccc2)C(=O)C1=CNC(=S)NN=C1C(=O)Nc2ccccc21,MoleculeNet_HIV
hiv_20822,NC(=S)N1N=C2CCCCCCC2C1c1ccccc1,MoleculeNet_HIV
hiv_40325,CN(C)CCOc1ccc(-c2c(Oc3ccccc3)c(=O)oc3ccccc23)cc1,MoleculeNet_HIV
hiv_13256,COC(=O)c1c(-c2ccccc2)sc(-c2cccc3ccccc23)c1C(=O)OC,MoleculeNet_HIV
hiv_35457,COc1cc(C(=O)OC2CC(C)=CCC3(C)CCC(O)(C(C)C)C23)ccc1O,MoleculeNet_HIV
hiv_2150,Cc1ccc(C)n1CCN1CCNCC1,MoleculeNet_HIV
hiv_21239,O=C1C(=Cc2ccccc2Cl)COc2ccc(Br)cc21,MoleculeNet_HIV
hiv_35002,CN(C)CCNC1=Nc2ccccc2C(=O)N2CSCC12,MoleculeNet_HIV
hiv_28299,N#Cc1c(O)c(N=Nc2ccccc2F)c(=O)n2c1[nH]c1ccccc12,MoleculeNet_HIV
hiv_12216,CC1=CC(O)(c2ccc(-c3ccccc3Cl)cc2)OC1=O,MoleculeNet_HIV
hiv_8969,COc1ccc2c(c1)-c1nn(CCCN(C)C)c3ccc([N+](=O)[O-])c(c13)N2.CS(=O)(=O)O,MoleculeNet_HIV
hiv_12654,COC(=O)C([Se]c1c(C)cc(C)cc1C)=C([Se]c1c(C)cc(C)cc1C)C(=O)OC,MoleculeNet_HIV
hiv_27280,CSc1n(N)cn[n+]1CC(=O)OC(C)(C)C.[I-],MoleculeNet_HIV
hiv_35448,O=C1c2ccccc2C(=O)c2c(NCCNC(=O)C3CCCN3)ccc(NCCNC(=O)C3CCCN3)c21,MoleculeNet_HIV
hiv_31934,C=CC(C)C(O)c1c(O)c2c(c3c(CCC)cc(=O)oc13)OC(C)(C)C=C2,MoleculeNet_HIV
hiv_21328,O=C(Cc1nc2ccc(C(=O)c3ccccc3)cc2nc1O)C(=O)Nc1nc2ccccc2[nH]1,MoleculeNet_HIV
hiv_17078,O=C1C2Nc3ccccc3SC2C(=O)N1c1cccc([N+](=O)[O-])c1,MoleculeNet_HIV
hiv_23348,O=C1C2CCC(C2)C12CC1(c3ccccc3)C(=O)c3ccccc3N1O2,MoleculeNet_HIV
hiv_30915,O=C(O)CSC(NC(=O)C(C(F)(F)F)C(F)(F)F)(C(F)(F)F)C(F)(F)F,MoleculeNet_HIV
hiv_12525,O=S(=O)([O-])[OH+][Fe-2]12Oc3c(Cl)cc(Cl)cc3C=[N+]1[N-]c1cccc[n+]12,MoleculeNet_HIV
hiv_5371,COC(=O)C12C3=C(C(=NO)C=CC3=NO)C(c3ccccc31)c1ccccc12,MoleculeNet_HIV
hiv_4546,N=C1NNC(=O)C1N=Nc1ccc(S(=O)(=O)Nc2nccs2)cc1,MoleculeNet_HIV
hiv_16739,COc1ccc(C(=O)C(c2ccc(OC)cc2)C2(O)C(=O)Nc3c2ccc(Cl)c3C)cc1,MoleculeNet_HIV
hiv_11270,O=c1c2cccnc2ncn1CCN1CCCC1,MoleculeNet_HIV
hiv_12358,COc1ccc(C(=O)O)c(Cc2cccc3ccccc23)c1,MoleculeNet_HIV
hiv_30647,C=CC1(c2ccc(-c3ccccc3)cc2)OCCO1,MoleculeNet_HIV
hiv_12480,Cc1ccc(-c2nc(SCC(=O)O)n[nH]2)cc1,MoleculeNet_HIV
hiv_33405,NNC(=O)c1ccc(-n2nnc(C(=O)NN)c2C(=O)NN)cc1,MoleculeNet_HIV
hiv_36667,Cc1ccc2nc(CN(CCO)CCO)cc(=O)n2c1,MoleculeNet_HIV
hiv_19906,O=C(C#Cc1ccccc1)Nc1ccccc1CC(c1c[nH]c2ccccc12)c1c[nH]c2ccccc12,MoleculeNet_HIV
hiv_19679,Cc1ccc(N=Nc2ccc(O)c(=O)cc2)cc1,MoleculeNet_HIV
hiv_31300,COc1cc(C2C3C(=O)c4ccccc4C3C(c3cc(OC)c(OC)c(OC)c3)C23Cc2ccccc2C3=O)cc(OC)c1OC,MoleculeNet_HIV
hiv_14428,O=C(CCc1cc(-c2ccccc2)nc(S)n1)Nc1ccccc1[N+](=O)[O-],MoleculeNet_HIV
hiv_35695,CC(=O)OC(C=Cc1ccccc1)=C(OC(C)C)C1=C(c2ccccc2)SCCCSC1=O,MoleculeNet_HIV
hiv_41015,O=C(Nc1ccccc1)c1cc(S(=O)(=O)Nc2nc3cccnc3[nH]2)c(SSc2cc(Cl)c(C(=O)Nc3ccccc3)cc2S(=O)(=O)Nc2nc3cccnc3[nH]2)cc1Cl,MoleculeNet_HIV
hiv_15770,COc1ccc(C2N3CCCCC3C3c4[nH]c5ccccc5c4CCN32)c(OC)c1,MoleculeNet_HIV
hiv_2323,CCOc1cnn(-c2ccccc2)c(=O)c1Cl,MoleculeNet_HIV
hiv_34354,CCC(C#N)NC(=O)NC(C#N)CC,MoleculeNet_HIV
hiv_20993,Cn1nc2ccc3nccc(NCCNCCO)c3c2n1,MoleculeNet_HIV
hiv_8466,CCS1=C(C(C)=O)C(=O)OC(C)C1,MoleculeNet_HIV
hiv_33379,CC1(C)C2CCC1(CS(=O)(=O)Nc1ccccc1)C(=O)C2,MoleculeNet_HIV
hiv_31137,CC(C)(C)OC(=O)CC(NC(=O)OC(C)(C)C)C(=O)NC1CCCCC1C(=O)OCc1ccccc1,MoleculeNet_HIV
hiv_35135,Nc1nc(NCc2ccccc2)cc(NCc2ccccc2)n1,MoleculeNet_HIV
hiv_23068,Cc1ccc2c(c1)NC(=O)C(N=[N+]=[N-])(c1ccccc1)C2=O,MoleculeNet_HIV
hiv_32216,Nc1nc(Cl)cc(NC2(CO)CCC2)n1,MoleculeNet_HIV
hiv_39328,OC(c1ccc(C(F)(F)F)cc1)C(F)(F)c1nc2ccccc2o1,MoleculeNet_HIV
hiv_3208,O=S(=O)(SSS(=O)(=O)c1ccc(Cl)c(Cl)c1)c1ccc(Cl)c(Cl)c1,MoleculeNet_HIV
hiv_5925,Cc1ccc(S(=O)(=O)SS(=O)(=O)c2ccc(C)cc2)cc1,MoleculeNet_HIV
hiv_32520,Nc1cc2ncnn2c(SCC(=O)NN=CC(Br)=Cc2ccccc2)n1,MoleculeNet_HIV
hiv_12538,COc1ccc(Cc2nn(C3OC(COC(C)=O)C(OC(C)=O)C(OC(C)=O)C3OC(C)=O)c(=S)n(-c3ccc(OC)cc3)c2=O)cc1,MoleculeNet_HIV
hiv_2254,COC(=O)c1ccc(N2CCOS(=O)OCC2)cc1OC(=O)c1ccccc1,MoleculeNet_HIV
davis_10184653,CN(C)CC=CC(=O)Nc1cc2c(Nc3ccc(F)c(Cl)c3)ncnc2cc1OC1CCOC1,DAVIS_spike_in
hiv_3220,S=c1sc2ccccc2n1CNc1ccccc1Cl,MoleculeNet_HIV
hiv_13614,CC(C)C1NC(=O)C(Cc2ccccc2)NC(=O)C2NC(=O)C(Cc3ccccc3)NC(=O)C3CCCN3C(=O)CNC(=O)C(Cc3ccccc3)NC(=O)C3CNCCCCC(C(=O)O)NC(=O)C4NC(=O)C(CC(N)=O)NC(=O)CNC(=O)C(C(O)C(=O)O)NC(=O)C(CSCC(NC(=O)C(CCC(N)=O)NC(=O)C(CCCNC(=N)N)NC(=O)C(N)CSC4C)C(=O)NC(CSC2C)C(=O)N3)NC1=O,MoleculeNet_HIV
hiv_19913,O=C(O)c1ccc(C2C3C=CC(C3)C2[N+](=O)[O-])cc1,MoleculeNet_HIV
hiv_28777,CC1OC(c2c(O)ccc3ccccc23)CC(N(C)C)C1O,MoleculeNet_HIV
hiv_26547,CC(=O)OC1C(CN2CCOC2=O)OC(n2cc(C)c(=O)[nH]c2=O)C1OC(C)=O,MoleculeNet_HIV
hiv_27857,CC(C)(C)OC(=O)NC(Cc1ccccc1)C(O)=C(C#N)c1ccc([N+](=O)[O-])cc1,MoleculeNet_HIV
hiv_13174,CC1Oc2ccc(C(=O)CC(C(=O)O)c3ccc4c(c3)OCO4)cc2O1,MoleculeNet_HIV
hiv_878,CC(C)OC(=S)SSC(=S)NCCNC(=S)SSC(=S)OC(C)C,MoleculeNet_HIV
hiv_22118,COC(=O)CC1NC(=O)C1C(C)(OC)OC,MoleculeNet_HIV
hiv_35785,COc1ccc(C(=NOCCCC(=O)O)c2cccs2)cc1,MoleculeNet_HIV
hiv_17021,COc1cccc(NC(=O)CC(=O)N2N=C(n3ccc4ccccc43)CC2c2ccccc2)c1,MoleculeNet_HIV
hiv_23579,CCCc1c(C(=O)OCC)[nH]c(-c2ccc(-c3[nH]c(C(=O)OCC)c(CCC)c3C(=O)OCC)o2)c1C(=O)OCC,MoleculeNet_HIV
hiv_26895,CC#CCCCC1(C)CCNC1=S,MoleculeNet_HIV
hiv_25236,CC1=C(C(=O)Nc2cccc3c2C(=O)NC3=O)CC(C(=O)Nc2cccc3c2C(=O)NC3=O)=C(C)N1,MoleculeNet_HIV
hiv_573,CCCCOC(=O)CC(C(=O)OCCCC)C(C(=O)OCCCC)P(=O)(OCCCC)OCCCC,MoleculeNet_HIV
hiv_35645,Cc1nc(-c2cc3c(ccc4ccccc43)oc2=O)cs1,MoleculeNet_HIV
hiv_13307,COC(=O)c1cc2c3ccccc3n(C(C)=O)c2cn1,MoleculeNet_HIV
hiv_1052,CCC(=O)C1(c2cccc(OC)c2)CCN(C)CC1,MoleculeNet_HIV
hiv_12138,CC1(C)C(=O)C=CC(=O)C(C)(C)C(=O)C=CC(=O)C(C)(C)C(=O)C=CC(=O)C(C)(C)C(=O)C=CC1=O,MoleculeNet_HIV
hiv_4589,CC1OC(OCC2OC(Oc3ccc4c(=O)c(-c5ccc6c(c5)OCO6)coc4c3)C(O)C(O)C2O)C(O)C(O)C1O,MoleculeNet_HIV
hiv_34002,CC(C)[Si]1(C(C)C)OCC2OC(n3c(C(=O)c4ccccc4)cc(=O)[nH]c3=O)CC2O[Si](C(C)C)(C(C)C)O1,MoleculeNet_HIV
hiv_3021,COCN1CCC2N(COC)CCC3N(COC)CCC1N23,MoleculeNet_HIV
davis_6918454,O=C(NOCC1CC1)c1ccc(F)c(F)c1Nc1ccc(I)cc1Cl,DAVIS_spike_in
hiv_17024,COc1cc2c(cc1O)CN1CCC23C=CC(O)CC13,MoleculeNet_HIV
hiv_34550,N#CC1=C(N)Oc2cc(O)cc(O)c2C1c1ccccc1,MoleculeNet_HIV
hiv_5841,N#CC12C(=N)CCC1C1CC2C2C3C=CC(C3)C12,MoleculeNet_HIV
hiv_26330,CC1(C)C(O)c2ccccc2OC1N1CCN(C2Oc3ccccc3C(O)C2(C)C)CC1,MoleculeNet_HIV
hiv_23920,COc1cccc(NC(=O)CSc2nnc(-c3ccc(N=Cc4ccc(Cl)cc4)cc3)o2)c1,MoleculeNet_HIV
hiv_9841,CN(C)c1ccc(C=Cc2ccnc3ccc4ccccc4c23)cc1,MoleculeNet_HIV
hiv_19139,O=C(Nc1cccc(Cl)c1)C(=O)C(C(=O)c1ccc2ccccc2c1)C1OC(=O)c2ccccc21,MoleculeNet_HIV
hiv_21338,COc1cc(C(O)C(=O)c2cnc3cc([N+](=O)[O-])ccc3n2)ccc1O,MoleculeNet_HIV
hiv_40273,Cc1cn(C2CC3C(COC(CCN=[N+]=[N-])N3O)O2)c(=O)[nH]c1=O,MoleculeNet_HIV
hiv_38175,Cc1cc2c(c(C=NCc3ccccc3)c1)OC1(C=C2)Oc2ccccc2C(=O)N1C,MoleculeNet_HIV
hiv_21888,O=S1(=O)OCCOS(=O)(=O)C1Br,MoleculeNet_HIV
hiv_29210,CC1=NC2(CCCCC2)N(Cl)C(=O)C1SC#N,MoleculeNet_HIV
hiv_27298,CCN(CCCl)c1cc(C(=O)NCCCN(C)CCCNC(=O)c2cc(N(CC)CCCl)c([N+](=O)[O-])cc2[N+](=O)[O-])c([N+](=O)[O-])cc1[N+](=O)[O-].Cl,MoleculeNet_HIV
hiv_18879,CSC1=C(C#N)C(c2ccccc2)CC(=O)N1,MoleculeNet_HIV
hiv_8442,CCCCCCCCC(=O)N1SC(NC(=O)OC)=Nc2ccccc21,MoleculeNet_HIV
hiv_32572,CSc1cc2[n+]3c(c1)-c1cccc[n+]1[Co-4]314([n+]3ccccc3-2)[n+]2ccccc2-c2cc(SC)cc([n+]21)-c1cccc[n+]14.[O-][Cl+3]([O-])([O-])[O-],MoleculeNet_HIV
hiv_3169,CN1CC2=C(NCNS2(=O)=O)N(C)C1,MoleculeNet_HIV
hiv_10735,C=C(CCCCOCOCCOC)[Si](C)(C)C,MoleculeNet_HIV
hiv_19372,CCN=C(C#N)NCC,MoleculeNet_HIV
hiv_37613,CC1CCC(=Cc2ccc(F)cc2)C2=C1C(c1ccc(F)cc1)n1c(sc(=Cc3cccc(Br)c3)c1=O)=N2,MoleculeNet_HIV
hiv_34093,CCOC(=O)c1ccc(OCc2nc3cc(C(F)(F)F)ccc3nc2-c2ccccc2)cc1,MoleculeNet_HIV
hiv_32575,CSc1cc2[n+]3c(c1)-c1cccc[n+]1[Zn-4]314([n+]3ccccc3-2)[n+]2ccccc2-c2cc(SC)cc([n+]21)-c1cccc[n+]14.[O-][Cl+3]([O-])([O-])[O-],MoleculeNet_HIV
hiv_5148,O=c1cnn(C2OC(CO)C(O)C2O)c(=S)[nH]1,MoleculeNet_HIV
hiv_32477,O=c1[nH]nc(-c2ccccc2)n1Nc1ccccc1,MoleculeNet_HIV
hiv_26472,COc1cc2c(c(OC)c1)C(C)=NC(C)C2,MoleculeNet_HIV
hiv_5128,CC(=O)C(O)N1C(=O)C=CC1=O,MoleculeNet_HIV
hiv_34281,CCCCNC(=S)Nc1nc(C(=O)NNC(=S)NCc2ccccc2)cs1,MoleculeNet_HIV
hiv_14703,Cc1ccc2[nH]c(Sc3c([N+](=O)[O-])ncn3C)nc2c1,MoleculeNet_HIV
hiv_34969,O=C1CC(c2ccccc2)n2c(nc3ccccc32)N1,MoleculeNet_HIV
hiv_27583,Cc1cn(C2CC3C(CON3C)O2)c(=O)[nH]c1=O,MoleculeNet_HIV
hiv_29686,CCOC(=O)C(CCCC(C(=O)OCC)C(=O)OCC)C(=O)OCC,MoleculeNet_HIV
hiv_2331,O=c1c(Cl)c(N2CCCCC2)cnn1-c1ccccc1,MoleculeNet_HIV
hiv_4021,CN1CCN(CCC=C2c3ccccc3Sc3ccc(S(=O)(=O)N(C)C)cc32)CC1,MoleculeNet_HIV
hiv_16522,CC1=C[NH+]([Ir-3]([ClH+])([PH](C)(C)C)([PH](C)(C)C)[PH](C)(C)C)c2ccccc21,MoleculeNet_HIV
hiv_36526,CCOC(=O)c1[nH]cc(C)c1-c1cccn1-c1ccc(Cl)cc1[N+](=O)[O-],MoleculeNet_HIV
hiv_24603,Cc1cn(C(CO)OC(CO)CN(O)C2C3CC4CC(C3)CC2C4)c(=O)[nH]c1=O,MoleculeNet_HIV
hiv_4647,FC(F)(F)c1cc(Cl)c2ccc3ccccc3c2n1,MoleculeNet_HIV
hiv_10445,COC(=O)c1nn(-c2ccc(Cl)cc2)c2nc3ccccc3c-2c1C(=O)OC,MoleculeNet_HIV
hiv_8510,CC1C2Cc3ccc(O)cc3C1(C)CCN2CCC(=O)c1ccccc1,MoleculeNet_HIV
hiv_22584,COc1cc2c(cc1OC)C(C(CO)CO)N(CC(O)CCl)CC2,MoleculeNet_HIV
hiv_18206,CC(=O)CC[N+](C)(C)C.[I-],MoleculeNet_HIV
hiv_13295,COC(=O)C(=O)OC1(C(C)=O)CC2(c3ccccc3)OC1(c1ccccc1)c1ccccc12,MoleculeNet_HIV
hiv_38816,CN(C(=O)C1=CCC2(CC1)OCCO2)c1ccccc1I,MoleculeNet_HIV
hiv_20696,COc1cc2c(cc1O)CC[n+]1cc3c(OC)c(OC)ccc3cc1-2.[Cl-],MoleculeNet_HIV
hiv_24592,Sc1ncc2c(n1)C1c3ccccc3C2c2ccccc21,MoleculeNet_HIV
hiv_15027,Cc1ccc(NC(=O)CCC(CC(=O)C(C)(C)C)=NNc2ccc([N+](=O)[O-])cc2[N+](=O)[O-])cc1C,MoleculeNet_HIV
hiv_17141,O=C1[OH+][Ni-4]234([O+]=C(c5ccco5)C=[N+]2c2ccccc21)[O+]=C(c1ccco1)C=[N+]3c1ccccc1C(=O)[OH+]4,MoleculeNet_HIV
hiv_40639,C=CCOc1cccc(C2(O)c3ccccc3C3=NCCCN32)c1.Cl,MoleculeNet_HIV
hiv_14922,O=C(CCn1[nH]c(=O)c(Cl)c(Cl)c1=O)NNC(=O)C[n+]1ccccc1.[Cl-],MoleculeNet_HIV
hiv_2116,O=C(Nc1cccc(-c2nc3ccccc3[nH]2)c1)c1ccc(C(=O)Nc2cccc(-c3nc4ccccc4[nH]3)c2)cc1,MoleculeNet_HIV
hiv_19577,COc1ccc(C(c2c(O)c3ccccc3n(-c3ccccc3)c2=O)c2c(O)c3ccccc3n(-c3ccccc3)c2=O)cc1,MoleculeNet_HIV
hiv_7080,Cn1c(=O)c2nc(-c3ccc(Cl)c(Cl)c3)c(-c3ccc(Cl)c(Cl)c3)nc2n(C)c1=O,MoleculeNet_HIV
hiv_1721,Cc1cc(=O)c2c(o1)-c1c(cc(O)c(O)c1C(=O)O)OC2,MoleculeNet_HIV
hiv_7209,O=C(CNN1C(=O)CSC1=Nc1cccc2ccccc12)c1cccc2c1Nc1ccccc1S2,MoleculeNet_HIV
hiv_37341,COC(=O)[n+]1cc2c3ccccn3c(N(C)C)[n+]2c2ccccc21.[O-][Cl+3]([O-])([O-])[O-],MoleculeNet_HIV
hiv_4048,O=C1c2cccc3cccc(c23)C(=O)N1O,MoleculeNet_HIV
hiv_24534,COC(=O)C1(C)CCC2(C)CCC3(C)C4CCC5(COC(C)=O)C(C)C(=O)CCC5C4(C)CCC3(C)C2C1,MoleculeNet_HIV
hiv_9736,COC(=O)c1cc2ccccc2c(=O)s1,MoleculeNet_HIV
hiv_24641,CCOc1ccc(C2Oc3c(cccc3OC)C=C2[N+](=O)[O-])cc1OCC,MoleculeNet_HIV
hiv_2135,O=C1OC(=O)C2=C1CCc1ccccc12,MoleculeNet_HIV
hiv_2635,COC(=O)C1C(=O)C(C(=O)OC)C2CCC1N2C,MoleculeNet_HIV
hiv_7178,[O-][n+]1c(CCl)nc2ccccc2c1-c1ccccc1F,MoleculeNet_HIV
hiv_3840,CCCC1C(=O)N2C(N(C)C)=Nc3ccc(C)cc3N2C1=O,MoleculeNet_HIV
hiv_38163,N#CC1=C2Sc3ccccc3N2C(c2ccccc2)C2COC(=O)C12,MoleculeNet_HIV
hiv_4203,CCc1ccc(C2=C(O)C(=O)C(c3ccc(CC)cc3)=C(O)C2=O)cc1,MoleculeNet_HIV
hiv_2649,O=C1c2cccc3cccc(c23)C(=O)N1c1nccs1,MoleculeNet_HIV
hiv_31442,CC(=O)NCCc1c[nH]c2ccc(Cl)cc12,MoleculeNet_HIV
hiv_15459,Cc1cc(C)nc(NS(=O)(=O)c2ccc(NC(=O)c3cccc4c(Nc5ccc(S(=O)(=O)Nc6nc(C)cc(C)n6)cc5)c5ccc(Cl)cc5nc34)cc2)n1,MoleculeNet_HIV
hiv_32957,C(=Cc1ccccc1)C=Nc1ccc(SSc2ccc(N=CC=Cc3ccccc3)cc2)cc1,MoleculeNet_HIV
hiv_17075,Cc1cc(O)nc(CNC(=O)c2cccc3ccccc23)n1,MoleculeNet_HIV
hiv_27220,O=C1NCCCc2nonc21,MoleculeNet_HIV
hiv_25546,N#CC(C#N)=Cn1ccc(=O)[nH]c1=S,MoleculeNet_HIV
hiv_15057,Nc1nc[n+](Cc2ccccc2)c2ncn(Cc3ccccc3)c12.[Br-],MoleculeNet_HIV
hiv_37662,O=C(NC(=Cc1ccccc1O)C1NC(Cc2c[nH]c3ccccc23)C(=O)O1)c1ccccc1,MoleculeNet_HIV
hiv_18275,COc1ccc2c(c1)NC1(O)c3ccccc3C(=O)C21O,MoleculeNet_HIV
hiv_16109,NCCCNCCCCN(CCCN)[N+](=O)[N-]O,MoleculeNet_HIV
hiv_14483,O=C1C(=Cc2ccccc2)CN(C(=O)Oc2ccc(Cl)cc2)CC1=Cc1ccccc1,MoleculeNet_HIV
hiv_34347,N#CC(c1ccccc1)N(CCOCCOCCN(C(=O)c1ccccc1)C(C#N)c1ccccc1)C(=O)c1ccccc1,MoleculeNet_HIV
hiv_26565,O=C(OCc1ccccc1)C1(N2CN(C3(C(=O)OCc4ccccc4)CCCC3)CN(C3(C(=O)OCc4ccccc4)CCCC3)C2)CCCC1,MoleculeNet_HIV
hiv_2342,O=c1c(SCc2ccccc2)c(N2CCOCC2)cnn1-c1ccccc1,MoleculeNet_HIV
hiv_7519,O=C(NC(=O)c1c(F)cccc1F)Nc1ncc(Br)cc1Br,MoleculeNet_HIV
hiv_9532,O=C1CC2COc3ccc(O)cc3C2=NN1c1ccccc1,MoleculeNet_HIV
hiv_23256,CCC1NC(N=Nc2ccc([N+](=O)[O-])cc2)(P(=O)(OC(C)C)OC(C)C)OC1=O,MoleculeNet_HIV
hiv_12088,CC1(C(=O)Nc2ccc3ccccc3c2)CC2(C)CC(C)(C1)C(O)NC2=O,MoleculeNet_HIV
hiv_25873,COc1cc(C2c3cc4c(cc3C(O)C3COC(=O)C23)OCO4)cc(OC)c1O,MoleculeNet_HIV
hiv_34997,ONC1=Nc2ccccc2C(=S)N2CSCC12,MoleculeNet_HIV
hiv_779,CC(NCCNC(C)c1cccnc1)c1cccnc1,MoleculeNet_HIV
hiv_22872,CN(Cc1ccccc1)C(=NC#N)N(Cc1ccccc1)Cc1ccccc1,MoleculeNet_HIV
hiv_34355,C=CCN1C(N)=C(C#N)C(C#N)(C#N)C1CCC,MoleculeNet_HIV
hiv_32515,C=C1C(=O)OC2CC3(COC(C)=O)C=COC=C(COC(=O)C(C)C)C3CC12,MoleculeNet_HIV
hiv_3776,Cn1cc2c(=O)n(OS(=O)(=O)c3ccccc3)c(=O)nc-2[nH]1,MoleculeNet_HIV
hiv_26012,O=c1ccn(C=Cc2nc3ccccc3nc2O)c(=S)[nH]1,MoleculeNet_HIV
hiv_25353,CC1=C(c2ccc(C)cc2)NC(=S)C(C)C(c2ccc(C)cc2)=N1,MoleculeNet_HIV
hiv_34901,NC(Cc1ccc(S(=O)(=O)O)cc1)C(=O)NC(Cc1ccc(S(=O)(=O)O)cc1)C(=O)NC(Cc1ccc(S(=O)(=O)O)cc1)C(=O)NC(Cc1ccc(S(=O)(=O)O)cc1)C(=O)O.[NaH],MoleculeNet_HIV
hiv_35001,O=C1c2ccccc2-n2nnnc2C2CSCN12,MoleculeNet_HIV
hiv_24223,CSCCCNC(=O)c1csc(C(CSC)NC(=O)CCNC(=O)C(NC(=O)OCC(Br)(Br)Br)C(C)O)n1,MoleculeNet_HIV
hiv_21439,O=C(CCC1C(=O)NC(=S)NC1=O)c1ccc2ccccc2c1,MoleculeNet_HIV
hiv_16088,O=C1CCN2C(=O)CCN12,MoleculeNet_HIV
hiv_22451,COc1ccc(NC(=O)C(CC2=Nc3ccc([N+](=O)[O-])cc3NC2O)=NNC(=O)C[N+](C)(C)C)c(OC)c1.[ClH2+],MoleculeNet_HIV
hiv_14913,CC(C)(C)NNC(=O)CCn1[nH]c(=O)c(Cl)c(Cl)c1=O,MoleculeNet_HIV
hiv_10941,N=C1N=C(c2cc(Cl)ccc2O)CC(c2ccccc2)N1,MoleculeNet_HIV
hiv_12629,CC(NC(=O)C(C)NC(=O)C(CC(N)=O)NC(=O)CN)C(=O)NC(CO)C(=O)NC(C)C(=O)NC(CCCNC(=N)N)C(N)=O,MoleculeNet_HIV
hiv_4416,N=C(N)NCCCC(N)C(=O)O.NC(CCC(=O)O)C(=O)O,MoleculeNet_HIV
hiv_4207,Cn1c(N)c(N=Nc2ccc(S(=O)(=O)Nc3nccs3)cc2)c(=O)n(C)c1=O,MoleculeNet_HIV
hiv_19926,CC1SC2(CC3CCC2(C)C3(C)C)OC1=O,MoleculeNet_HIV
hiv_7117,Cn1c(=O)c2nc(-c3cccnc3)cnc2n(C)c1=O,MoleculeNet_HIV
hiv_1319,O=C1C(CN(Cc2ccccc2)Cc2ccccc2)CCCC1CN(Cc1ccccc1)Cc1ccccc1,MoleculeNet_HIV
hiv_31144,CC(NNC(=O)c1ccncc1)c1cccc(C(F)(F)F)c1,MoleculeNet_HIV
hiv_6985,c1ccc2oc(NCCSSCCNc3nc4ccccc4o3)nc2c1,MoleculeNet_HIV
hiv_10859,N.[N-]=[N+]=[N+]=C1CC(n2ccc(=N)[nH]c2=O)OC1COP(=O)(O)OP(=O)(O)OP(=O)(O)O,MoleculeNet_HIV
hiv_5961,Cc1ccc(S(=O)(=O)OC2CCN(C)CC2)cc1,MoleculeNet_HIV
hiv_14976,O=C(Cc1ccccc1)NC(=O)Nc1ccccc1,MoleculeNet_HIV
hiv_7525,COC1=CC2C3Cc4c(-c5cc(OC)c(O)c6c5CC5C7C=C(OC)C(=O)CC67CCN5C)cc(OC)c(O)c4C2(CCN3C)CC1=O.O=C(O)C(O)C(O)C(=O)O,MoleculeNet_HIV
hiv_8923,Clc1nc(Cl)nc(Nc2ncccn2)n1,MoleculeNet_HIV
hiv_24418,NC(=O)NN=C1CCCc2ccccc21,MoleculeNet_HIV
hiv_35703,Cc1c(NC(=O)CSC(=S)N(C)C)c(=O)n(-c2ccccc2)n1C,MoleculeNet_HIV
hiv_37120,CC12CCC(C(C(O)C3CCCCC3)C1=O)C2(C)C,MoleculeNet_HIV
hiv_15656,OCC(O)C(OC1OC(CO)C(O)C(O)C1O)c1nn(-c2ccccc2)c2nc3cc(Cl)ccc3nc12,MoleculeNet_HIV
hiv_35466,CCCCCCCCC=CCCCCCCC(F)C(=O)O,MoleculeNet_HIV
hiv_36437,Cn1c(=O)n2c(-c3ccccc3)c(-c3ccccc3)n2c1=O,MoleculeNet_HIV
hiv_6994,O=S(=O)(NCCSSCCNS(=O)(=O)c1cccs1)c1cccs1,MoleculeNet_HIV
hiv_5086,COC1C=COC2(C)Oc3c(C)c(O)c4c(O)c(c(C=NN(c5ccccc5)c5ccccc5)c(O)c4c3C2=O)NC(=O)C(C)=CC=CC(C)C(O)C(C)C(O)C(C)C(OC(C)=O)C1C,MoleculeNet_HIV
hiv_24222,CSCCCNC(=O)C(CSC)NC(=O)c1csc(CCNC(=O)C(NSc2ccccc2[N+](=O)[O-])C(C)O)n1,MoleculeNet_HIV
hiv_7861,CN(C)CCNC(=O)c1noc2c1CSc1ccccc1-2,MoleculeNet_HIV
hiv_12299,CC(=CC1C=C(C)C2CCC(C)C2C12OC(=O)C(C)=C2O)CCCc1ccoc1,MoleculeNet_HIV
hiv_3950,CCC(=O)OCNC(=O)NNC(=O)CCCC(=O)NNC(=O)NCOC(=O)CC,MoleculeNet_HIV
hiv_20629,O=C(c1ccccc1)c1ccc(OCCOc2ccc(Nc3ccccc3)cc2)cc1,MoleculeNet_HIV
hiv_18649,O=C1C2ON(c3ccccc3)C(c3ccccc3Cl)C2C(=O)N1c1ccc(Cc2ccc(N3C(=O)C4ON(c5ccccc5)C(c5ccccc5Cl)C4C3=O)cc2)cc1,MoleculeNet_HIV
hiv_10153,COc1ccc(S(=O)(=O)O)cc1N=NC(=NNc1cc(S(=O)(=O)O)ccc1OC)C(=O)Nc1ccccc1.[NaH],MoleculeNet_HIV
hiv_19401,CN(C)CC(C(Cc1ccccc1)=NNC(=O)C[n+]1ccccc1)c1ccccc1.[Cl-],MoleculeNet_HIV
hiv_40336,O=C1CCC2COC(c3ccccc3)N12,MoleculeNet_HIV
hiv_31953,CC(=O)OC1C(OC(=O)CC(C)(O)CC(=O)O)CC2(C)C3=C(CCC2C1(C)C)C1(C)CCC(C2CCC(C(C)(C)O)OC2O)C1(C)C(O)C3,MoleculeNet_HIV
hiv_10347,CSC(SC)(C(=O)O)c1cc(-c2c(Cl)cccc2Cl)no1,MoleculeNet_HIV
hiv_1673,Cc1cc(-c2ccc(N=Nc3c(S(=O)(=O)O)cc4cc(S(=O)(=O)O)cc(N)c4c3O)c(C)c2)ccc1N=Nc1cc(S(=O)(=O)O)c2ccccc2c1O,MoleculeNet_HIV
hiv_16841,N#CCC(=O)N1CCCOCCC1,MoleculeNet_HIV
hiv_4506,CC1C(=O)c2cc3c(cc2CCN(C)Cc2c1ccc1c2OCO1)OCO3,MoleculeNet_HIV
hiv_31856,COC(=O)C1(Cc2ccc3c(c2)CCC3)Cc2cc3c(cc2C1=O)CCC3,MoleculeNet_HIV
hiv_39288,COc1ccc(CC2Cc3ccccc3CCN2)cc1OC.Cl,MoleculeNet_HIV
hiv_13544,O=C1NC2(CCCCC2)C2CCCCCC12,MoleculeNet_HIV
hiv_5633,COC1C=COC2(C)Oc3c(C)c(O)c4c(O)c(c(C=NN5CCCCCCCCCCCC5)c(O)c4c3C2=O)NC(=O)C(C)=CC=CC(C)C(O)C(C)C(O)C(C)C(OC(C)=O)C1C,MoleculeNet_HIV
hiv_39422,Cc1cc(Cl)cc(S)c1S(=O)(=O)Nc1nnc2c3ccccc3cnn12,MoleculeNet_HIV
hiv_1458,OC(CNc1ncccn1)c1ccccc1,MoleculeNet_HIV
hiv_15292,CCCCCC=C(c1cc(Br)cc(C(=O)O)c1OC)c1cc(Br)cc(C(=O)O)c1OC.N,MoleculeNet_HIV
hiv_28462,Cc1ccc2c(c1)Nc1cc(C(F)(F)F)ccc1[PH]2=O,MoleculeNet_HIV
hiv_3142,CCN1C(=O)C(=O)C(CC)(CC)C1=O,MoleculeNet_HIV
hiv_37673,NNC1=NC(=Cc2ccco2)C(=O)N1,MoleculeNet_HIV
hiv_34718,CCc1n[nH]c(=O)n1N1C(=O)C2CCCCC2C1=O,MoleculeNet_HIV
hiv_16379,Cl.Cn1cc(NC(=O)c2cc(NC(=O)CCCCCCCCCC(=O)Nc3cc(C(=O)Nc4cc(C(=O)NCCC(=N)N)n(C)c4)n(C)c3)cn2C)cc1C(=O)NCCC(=N)N,MoleculeNet_HIV
hiv_9654,O=C(C=Cc1ccc(Cl)cc1Cl)c1cccs1,MoleculeNet_HIV
hiv_21599,COC(=O)C1C(C(=O)OC)C2(OC)c3ccccc3-c3ccccc3C12,MoleculeNet_HIV
hiv_37173,O=C(CCc1ccc(O)cc1)NCCCNC(=O)CCc1ccc(O)cc1,MoleculeNet_HIV
hiv_25281,CC(=O)C(=CNC(=S)Nc1ccc(S(N)(=O)=O)cc1)C(=O)Nc1ccccc1C,MoleculeNet_HIV
hiv_9363,O=c1ccn(C2C=C(CO)C(O)C2O)c(=O)[nH]1,MoleculeNet_HIV
hiv_16068,O=C1CCC(=O)N2CCCCN12,MoleculeNet_HIV
hiv_33184,O=[N+]([O-])C(=C(Cl)NCCO)C(Cl)=C(Cl)Br,MoleculeNet_HIV
hiv_6354,S=C1SCN(C(c2ccccc2)c2ccccc2)CN1C(c1ccccc1)c1ccccc1,MoleculeNet_HIV
hiv_23844,c1ccc([Sn](Sc2ccccn2)(c2ccccc2)c2ccccc2)cc1,MoleculeNet_HIV
hiv_11863,N=C(c1ccccc1)N(c1ccccc1)c1ccccc1,MoleculeNet_HIV
hiv_13059,O=C(ON=C1CCCCC1=Cc1ccccc1)c1ccccc1,MoleculeNet_HIV
hiv_40264,O=c1ccn(C2OC(CN(O)CCC3C(CO)OC(n4ccc(=O)[nH]c4=O)C3O)C(O)C2O)c(=O)[nH]1,MoleculeNet_HIV
hiv_17018,Cc1cn(C2C(CO)C(CO)C2(C)C)c(=O)[nH]c1=O,MoleculeNet_HIV
hiv_31062,CC(C)(C)OC(=O)NCCCCC(NC(=O)OCC1c2ccccc2-c2ccccc21)C(=O)N1CCCC1C(=O)NCC(N)=O,MoleculeNet_HIV
hiv_5401,C1CN2CCC1C1(C2)SSC2(CN3CCC2CC3)S1.Cl,MoleculeNet_HIV
hiv_12518,O=C(CC1=Nc2nnc(CCCCCCCc3nnc4n3C(=O)C(CC(=O)c3ccccc3)=N4)n2C1=O)c1ccccc1,MoleculeNet_HIV
hiv_3106,CN(N=NN(C)c1ccccc1)c1ccccc1,MoleculeNet_HIV
hiv_273,c1ccc(N2N=C3N(c4ccccc4)C2N3c2ccccc2)cc1,MoleculeNet_HIV
hiv_19279,C=CCc1cc(OC)c2c(c1)C(O)CC(c1ccc(OC)c(OC)c1)O2,MoleculeNet_HIV
hiv_382,O=S(=O)(O)c1ccc(N=Nc2cc(S(=O)(=O)O)c3ccccc3c2O)c2ccccc12,MoleculeNet_HIV
hiv_40893,C=C1CN(S(=O)(=O)c2ccc(C)cc2)CCCN(CC2CC2)CCCN(S(=O)(=O)c2ccc(C)cc2)C1.Cl,MoleculeNet_HIV
hiv_30152,CC(NC(=O)C(N)CCC(=O)O)C(=O)NCP(=O)(O)O,MoleculeNet_HIV
hiv_27054,CCOC(=O)N1CCN(C(=O)Nc2cccc3ccccc23)CC1,MoleculeNet_HIV
hiv_22348,OC1CCCCC1C1CCCC(C2CCCCC2O)C1O,MoleculeNet_HIV
hiv_28366,c1ccc(-c2nnc(SCc3nc4ccccc4[nH]3)o2)cc1,MoleculeNet_HIV
hiv_25802,CC(=O)O.NCCN1CC2CCC(CC2)C1,MoleculeNet_HIV
hiv_2856,C1CNCCN1.Oc1cc(Cl)c(Cl)cc1Cl,MoleculeNet_HIV
hiv_27653,CC(=O)OC12c3ccccc3C(c3ccccc31)C1C(=O)N(c3ccccc3O)C(=O)C12,MoleculeNet_HIV
hiv_26263,CCOC(=O)C1=NN(c2ccccc2)C(=O)C1=CN1C(=O)CC(=O)NC1=S,MoleculeNet_HIV
hiv_15117,Cc1ccc2c3c(c(C)nc2c1)C(=O)c1ccccc1-3,MoleculeNet_HIV
hiv_27634,N=C(N)N1CCC(N2CCOCC2)CC1.O=S(=O)(O)O,MoleculeNet_HIV
hiv_22843,O=C(CC1C(=O)c2ccccc2C1=C1C(=O)c2ccccc2C1=O)c1ccccc1,MoleculeNet_HIV
hiv_471,Cc1ccc(C=C2CCOC2=O)cc1,MoleculeNet_HIV
hiv_15454,Cc1cc(NS(=O)(=O)c2ccc(NC(=O)c3cccc4c(Nc5ccc(S(=O)(=O)Nc6cc(C)on6)cc5)c5ccccc5nc34)cc2)no1,MoleculeNet_HIV
hiv_7573,O=C(Cn1ccnc1[N+](=O)[O-])NCc1ccccc1,MoleculeNet_HIV
hiv_36232,c1ccc2c(c1)C1=Nc3ccc(cc3)-c3nc4ccc(cc4o3)N=C3N=C(Nc4ccc5nc(oc5c4)-c4ccc(cc4)NC2=N1)c1ccccc13,MoleculeNet_HIV
hiv_10849,Cc1cnc(SCCN(C)C)nc1-c1cccs1,MoleculeNet_HIV
hiv_31229,CCC(C=Cc1ccccc1)=NNC(=S)NN=C(C=Cc1ccccc1)CC,MoleculeNet_HIV
hiv_9036,C=C(C)C(C(=O)OC(c1ccccc1)c1ccccc1)N1C(=O)C(NC(=O)COc2ccccc2)C1SSC(C)(C)C,MoleculeNet_HIV
hiv_7451,O=C1COC(c2ccccc2O)=NN1Cc1ccccc1,MoleculeNet_HIV
hiv_28155,CN1CC(=Cc2ccc(Cl)cc2)C2=C(C1)C(c1ccc(Cl)cc1)NC(=S)N2.Cl,MoleculeNet_HIV
hiv_9123,O=c1oc2c(-c3ccccc3)nnc(O)c2c2c1CCCC2,MoleculeNet_HIV
hiv_27146,O=C(NCCCCCCCN1CCCCCC1)C1c2ccccc2-c2ccccc21,MoleculeNet_HIV
hiv_39382,CN1C(=S)N2CCCCCCCC2C(C#N)=C1N,MoleculeNet_HIV
hiv_25648,CC(=Cc1ccccc1)C=C1NC(=S)NC1=O,MoleculeNet_HIV
hiv_38305,N#Cc1c(N2CCC(O)C2)c2ccccc2n2c1nc1ccccc12,MoleculeNet_HIV
hiv_24144,O=S1(=O)c2ncn(COCCO)c2N=C2NC(c3ccccc3)=[O+][Ag-][NH+]21,MoleculeNet_HIV
hiv_35988,c1cc2cc(Cc3ccc4[nH]ccc4c3)ccc2[nH]1,MoleculeNet_HIV
hiv_6860,COC1=C(C2=C(OC)C(=O)c3cc4c(c(O)c3C2=O)C(=O)OC(C)C4)C(=O)c2c(cc3c(c2O)C(=O)OC(C)C3)C1=O,MoleculeNet_HIV
hiv_8170,O=[N+]([O-])c1ccc(CSSCc2ccc([N+](=O)[O-])cc2)cc1,MoleculeNet_HIV
hiv_7753,C=C1SC(=Nc2cccc(OC)c2)N(c2nc(Cl)nc(Cl)n2)C12CCCCC2,MoleculeNet_HIV
hiv_22365,O=C(C=Cc1ccccc1)CCC1C(=O)c2ccccc2C1=O,MoleculeNet_HIV
hiv_15637,O=C([OH+][Mn+](C#[O+])(C#[O+])(C#[O+])(C#[O+])C#[O+])C(F)(F)F,MoleculeNet_HIV
hiv_40301,CCC1=CC(OCc2ccccc2)C(CCN(Cc2ccccc2)C(=O)OCc2ccccc2)C1,MoleculeNet_HIV
hiv_38196,CCOC(=O)C[n+]1cccc(C2(c3cc4ccccc4[nH]3)OCCO2)c1.[Br-],MoleculeNet_HIV
hiv_31817,COc1cc2c(c([N+](=O)[O-])c1)NC(=O)CC(C)S2,MoleculeNet_HIV
hiv_11849,NC(=O)c1ncn2c1NC(=O)CC2,MoleculeNet_HIV
hiv_36367,Cc1cc2[nH]c3nc(=N)nc(NS(=O)(=O)c4cc(C)c(Cl)cc4S)n3c2cc1C,MoleculeNet_HIV
hiv_8141,O=c1oc2ccccc2n1Cc1ccc(Cl)cc1,MoleculeNet_HIV
hiv_7497,Cc1ccc(S(=O)(=O)Sc2nnnn2-c2ccccc2)cc1,MoleculeNet_HIV
hiv_2399,C1CCC(N=C(NC2CCCCC2)N2CCOCC2)CC1,MoleculeNet_HIV
hiv_33136,COC(=O)c1ccccc1C1CN=NC12Cc1ccc3c(c1C2=O)CCC3,MoleculeNet_HIV
hiv_30311,ClCCCCCc1c2nc(c(CCCCCCl)c3ccc([nH]3)c(CCCCCCl)c3nc(c(CCCCCCl)c4ccc1[nH]4)C=C3)C=C2,MoleculeNet_HIV
hiv_6549,COC1CC(CC(C)O)CN(C#N)CCc2c1[nH]c1ccccc21,MoleculeNet_HIV
hiv_19370,Cc1ccc(NC(=O)CC(=O)n2nc(-c3ccccc3)c(N=Nc3ccccc3C(=O)O)c2-c2ccccc2)cc1,MoleculeNet_HIV
hiv_29379,O=C1C=CC(=O)c2c1ccc1c3ccccc3n(CCCCCCCCCCCCn3c4ccccc4c4ccc5c(c43)C(=O)C=CC5=O)c21,MoleculeNet_HIV
hiv_34982,Cn1c(COC(=O)Nc2ccccc2)c(COC(=O)Nc2ccccc2)c2ccc3cc(Cl)c(Cl)cc3c21,MoleculeNet_HIV
hiv_30548,S=C1SC(=Nc2ccccc2)C(=Nc2ccccc2)N1c1ccc2ccccc2c1,MoleculeNet_HIV
hiv_37230,Cc1cc2c(s1)C(N)CC2=O.Cl,MoleculeNet_HIV
hiv_15334,ON=C1C(=Cc2ccc(OCc3ccccc3)cc2)CCCC1C(NO)c1ccc(OCc2ccccc2)cc1,MoleculeNet_HIV
hiv_25706,Clc1ccc(C(SCc2ccccc2)SCc2ccccc2)cc1,MoleculeNet_HIV
hiv_13143,O=C(c1ccccn1)c1nc(-c2ccc(Cl)c(Cl)c2)nc2ccc(Cl)cc12,MoleculeNet_HIV
hiv_37856,CCN1C(=O)CSC1=NNC(=O)CSc1nc2ccccc2c(=O)n1CC,MoleculeNet_HIV
hiv_12639,O=C1C(c2ccc(Br)cc2)=[N+]([O-])c2ccccc21,MoleculeNet_HIV
hiv_14447,CC1(O)OC(=O)c2ccc3ccccc3c21,MoleculeNet_HIV
hiv_13260,COc1cc2c(cc1OC)C(C1C(=O)CC(C)(C)CC1=O)NCC2,MoleculeNet_HIV
hiv_13389,c1ccc(-c2sc(-c3ccccc3)c3c2C(c2ccccc2)c2c(-c4ccccc4)sc(-c4ccccc4)c2C3c2ccccc2)cc1,MoleculeNet_HIV
hiv_21080,CC1(O)C=CC2CCC1C2O,MoleculeNet_HIV
hiv_19245,N#Cc1cc([N+](=O)[O-])ccc1NC(=O)C(=NN)C(C(=O)c1ccc(Cl)c(Cl)c1)C1OC(=O)c2ccccc21,MoleculeNet_HIV
hiv_12230,CCCCCCC(C)CCCCCCCCCCC(=O)O,MoleculeNet_HIV
hiv_28171,CC1CC(=O)C2(C)C3(C)OC3CCC2(O)C12CC(c1ccoc1)OC2=O,MoleculeNet_HIV
hiv_26941,N=C(N)C1CN(CCCCCCCCCCN2CC(C(=N)N)C(=O)NC2=O)C(=O)NC1=O,MoleculeNet_HIV
hiv_21840,CCCCCCCCCCCCCCCCCCOCC(C[N+]1(C)CCC(O)CC1)OCC.[Br-],MoleculeNet_HIV
hiv_28563,CC1(C)OP(=O)(O)C=C1Sc1ccc([N+](=O)[O-])cc1[N+](=O)[O-],MoleculeNet_HIV
hiv_38958,O=C(NNC(=O)c1ccccc1O)c1cccc(Br)c1,MoleculeNet_HIV
hiv_40345,CCCCCCCCCCCCCCCCCCNc1nc(=O)n(C2CC(OC(C)=O)C(COP(=O)(O)OCC3CCC(n4ccc(NC(=O)CCCCCCCCCCCCCCC)nc4=O)O3)O2)cc1F,MoleculeNet_HIV
hiv_3916,Cc1ccc(C(CO)(CO)OC(CO)(CO)c2ccc(C)c(C)c2)cc1C,MoleculeNet_HIV
hiv_35674,Cc1ccc(C)n1-c1ccccc1C1C=Cn2c3c1c(=O)c(OC(C)C)c(OC(C)C)c-3n[nH]c2=O,MoleculeNet_HIV
hiv_16432,C#CCN(N=O)C(=O)NCCCCC(NC(=O)OCc1ccccc1)C(=O)OCc1ccccc1,MoleculeNet_HIV
hiv_18572,CN(C)CCNC(=O)c1cc([N+](=O)[O-])cn1C.Cl,MoleculeNet_HIV
hiv_14865,O=C(C(c1ccccc1)c1ccccc1)C(O)(c1ccccc1)c1ccccc1,MoleculeNet_HIV
hiv_12152,N#CC(C#N)=c1[nH]c2cccc3c2-c2c(cccc2c3=C(C#N)C#N)[nH]1,MoleculeNet_HIV
hiv_21915,CC1(C)CC(C=C2OC(=O)c3ccccc32)=C(C(N)=O)C(=O)O1,MoleculeNet_HIV
hiv_21419,O=C1CCC(Cl)=CC2CCCN12,MoleculeNet_HIV
hiv_13302,[O-]c1c2c(nn1-c1ccccc1)c1ccccc1c[n+]2Cc1ccccc1,MoleculeNet_HIV
hiv_7696,Cc1ccc(SSC(=S)Nc2ccccc2)cc1,MoleculeNet_HIV
hiv_26820,Cl.Oc1c(CN2CCOCC2)ccc2cccnc12,MoleculeNet_HIV
hiv_28648,CO.COc1ccc(NCc2cnc3nc(N)nc(N)c3c2C)cc1,MoleculeNet_HIV
hiv_24620,CC1C(c2ccccc2)[OH+][B-]([FH+])(c2ccccc2)N1C,MoleculeNet_HIV
hiv_11665,C(=NCCN=Cc1cccc2ccccc12)c1cccc2ccccc12,MoleculeNet_HIV
hiv_25268,COc1ccccc1C=C1SC(NNc2nc(C)c(C(C)=O)s2)=NC1=O,MoleculeNet_HIV
hiv_12990,FC(F)(F)c1nc(-c2ccccc2)oc1Sc1oc(-c2ccccc2)nc1C(F)(F)F,MoleculeNet_HIV
hiv_30067,c1ccc2c(c1)c1c(n2CCOCCN2CCCC2)CCCC1,MoleculeNet_HIV
hiv_7602,C=CC1(C)CCC2C(=CCC3C(C)(COC4OC(C(=O)O)C(O)C(O)C4O)C(O)CCC23C)C1.C=CC1(C)CCC2C(=CCC3C2(C)CC(O)C(O)C3(C)COC2OC(C(=O)O)C(O)C(O)C2O)C1,MoleculeNet_HIV
hiv_18723,CC1(O)CCC23CC1CC2CC(OC(=O)c1ccccc1)C1C(C)(C(=O)O)CCCC13C,MoleculeNet_HIV
hiv_27084,O=C1C=CC(=O)c2c1ccc1c3ccccc3n(CCCCCCCCn3c4ccccc4c4ccc5c(c43)C(=O)C=CC5=O)c21,MoleculeNet_HIV
hiv_31036,COc1cc2c(c3c1C(O)C(C)C(C)O3)C=CC(C)(C)O2,MoleculeNet_HIV
hiv_34927,OC1(c2ccccc2)CSc2ncnn21,MoleculeNet_HIV
hiv_11658,COCN1C(=O)C2CC(C=CC(N)=O)=CN2C(=O)c2ccccc21,MoleculeNet_HIV
hiv_34114,C=C1CC2OC3C4C(CC(C)C(OC(C)=O)C24)C(C)COC3(C)C(OC(=O)CCCCCCC)CC1O,MoleculeNet_HIV
hiv_1053,C1CC[N+]2(C1)CC[N+]1(CCCC1)CC2,MoleculeNet_HIV
hiv_25083,CC(CCC(=O)O)C1CCC2C3C(O)CC4CC(O)CCC4(C)C3CC(O)C12C,MoleculeNet_HIV
hiv_3539,CC1CC[Si](C)(C)CC12C(=O)NC(=O)NC2=O,MoleculeNet_HIV
hiv_22893,Nc1nc(O)c2ncn(C3CC(CO)C(CO)C3)c2n1,MoleculeNet_HIV
hiv_17909,O=C(COc1ccc(Cl)cc1)N1N=C(c2ccc([N+](=O)[O-])o2)CC1(O)c1ccccc1,MoleculeNet_HIV
hiv_9287,COc1cc(C(c2c(O)c3ccccc3oc2=O)c2c(O)c3ccccc3oc2=O)cc(OC)c1O,MoleculeNet_HIV
hiv_8647,CCOC(=O)Nc1nc2c([N+](=O)[O-])c(Br)n(C)c2s1,MoleculeNet_HIV
hiv_18114,O=C1c2ccccc2C(=O)C1(O)c1c[nH]c2ccccc12,MoleculeNet_HIV
hiv_29596,COc1cc(C2C3=C(COC3=O)OC(C)(C)Oc3cc4c(cc32)OCO4)cc(OC)c1O,MoleculeNet_HIV
hiv_35384,O=C1NC(N2CCOCC2)=NC1=Cc1ccccc1,MoleculeNet_HIV
hiv_21938,CCC1CN2CCc3c([nH]c4ccccc34)C2CC1CCO,MoleculeNet_HIV
hiv_6058,COc1ccccc1N1CCCSC1=Nc1ccccc1,MoleculeNet_HIV
hiv_21299,NC(=S)Nc1nnc(-c2ccc(-c3nnc(NC(N)=S)o3)cc2)o1,MoleculeNet_HIV
hiv_38301,Cn1c2ccccc2n2c(=O)c3cc([N+](=O)[O-])ccc3c(C#N)c12,MoleculeNet_HIV
hiv_13938,CC12CCC3(OCCO3)C(OC(=O)c3ccccc3)=C1CCC21OCCO1,MoleculeNet_HIV
hiv_34917,Cc1ccc(Cc2n[nH]c(=O)n2N=CCCC=Nn2c(Cc3ccc(C)cc3)n[nH]c2=O)cc1,MoleculeNet_HIV
hiv_24448,Cc1cccc2c1Oc1cc(Cl)ccc1C2NC(=O)CCN1CCCCC1,MoleculeNet_HIV
hiv_1838,OCC(O)C(O)c1cnn(-c2ccccc2)n1,MoleculeNet_HIV
hiv_10544,Cc1c(NC(=O)CCl)c(=O)oc2c(C)c3occc(=O)c3cc12,MoleculeNet_HIV
hiv_8987,Cc1nnc2c3nccnc3c(Cl)nn12,MoleculeNet_HIV
hiv_30420,CCOC(=O)c1sc2c(c1OC(=O)c1ccccc1)c(=O)n(-c1ccccc1)c(=S)n2-c1ccccc1,MoleculeNet_HIV
hiv_37223,CN1Cc2cc3cc4c(cc3nc2N(C)C1)OCCO4,MoleculeNet_HIV
hiv_5751,Cn1nnn2c(-c3ccccc3)nnc12,MoleculeNet_HIV
hiv_430,CN(C)C1C(O)=C(C(N)=O)C(=O)C2(O)C(O)=C3C(=O)c4c(O)cccc4C(C)(O)C3C(O)C12,MoleculeNet_HIV
hiv_1670,COc1cc(OC)c2c(=O)cc(-c3ccncc3)oc2c1,MoleculeNet_HIV
hiv_32748,Cc1cc(=O)n2nc(CN3CCCCC3)sc2n1,MoleculeNet_HIV
hiv_32616,COC(=O)c1c(CC(Cc2ccc3c(c2)CCCC3)C(=O)O)ccc2c1CCCC2,MoleculeNet_HIV
hiv_11511,O=S(=O)(C1=CC(S(=O)(=O)c2ccccc2)COC1)c1ccccc1,MoleculeNet_HIV
hiv_15238,O=C1c2ccccc2C(=CC=C2c3ccccc3Sc3ccccc32)c2ccccc21,MoleculeNet_HIV
hiv_33341,O=C(O)C1CCCN1C(=O)c1ccccn1,MoleculeNet_HIV
hiv_23133,O=C1OC2(OC2c2ccccc2)c2ccccc21,MoleculeNet_HIV
hiv_9937,COC(=O)Nc1nc2cc(C(=O)c3ccc[nH]3)ccc2[nH]1,MoleculeNet_HIV
hiv_26592,COc1cccc(N2C(=O)C3c4[nH]c5ccccc5c4C4CCCC4C3C2=O)c1,MoleculeNet_HIV
hiv_14165,Cn1ncc2c(Nc3ccc(Cl)cc3)c3ccccc3nc21,MoleculeNet_HIV
hiv_37295,CCOc1ccc(C(=O)C=C2Nc3ccccc3NC2=CC(=O)c2ccc(OCC)cc2)cc1,MoleculeNet_HIV
hiv_8829,CC(=O)OCC(OC(C)=O)C(Cl)CCl,MoleculeNet_HIV
hiv_22237,CC(C)=CCc1c(-c2ccc(O)cc2O)oc2c3c(cc(O)c2c1=O)OC(C)(C)C=C3,MoleculeNet_HIV
hiv_33099,CCC1CCC2C(CCC3(C)C(O[N+](=O)[O-])CCC23)C1C(C)=O,MoleculeNet_HIV
hiv_7581,COCCCNC1=C(C#N)C(=O)NC(c2cccc([N+](=O)[O-])c2)S1,MoleculeNet_HIV
hiv_4372,O=C1CC2c3c(OCc4ccccc4)cccc3OC2O1,MoleculeNet_HIV
hiv_33245,O=C1C=CCC(C=CCC(O)CC(O)C=Cc2ccccc2)O1,MoleculeNet_HIV
hiv_22586,O=C1NC2OC(CO)C(O)C2O1,MoleculeNet_HIV
hiv_5098,O=S(=O)(C1CCCCC1)N1N=NC2CCCCC21,MoleculeNet_HIV
hiv_19943,N#CN=C(NCc1ccccc1)NCc1ccccc1,MoleculeNet_HIV
hiv_36958,O=c1c2ncn(C3CC(O)C(CO)O3)c2nnn1Cc1ccccc1[N+](=O)[O-],MoleculeNet_HIV
hiv_31408,COc1cc2c(c(O)c1OC)C(O)C1CCC(=O)N1C2c1ccc2c(c1)OCO2,MoleculeNet_HIV
hiv_24375,CC(Oc1ccc(OCC2CCCCC2)cc1)C(=O)N(CCO)CCO,MoleculeNet_HIV
hiv_1034,C[N+](C)(C)CCCCCCCCCC[N+](C)(C)C,MoleculeNet_HIV
hiv_37699,CCOC(=O)C(=NNc1ccc(-n2c(C)nc3ccccc3c2=O)cc1)C(C)=O,MoleculeNet_HIV
hiv_16050,COC=CCCCO,MoleculeNet_HIV
hiv_24153,C=CCC(N(C)C(=O)C(Cc1ccccc1)NC(=O)OCc1ccccc1)P(=O)(Oc1ccccc1)Oc1ccccc1,MoleculeNet_HIV
hiv_16953,O=C1OCC(C(=O)c2cccc(O)c2)C1=O,MoleculeNet_HIV
hiv_19817,Cc1ccc(C2=C(c3ccccc3)C(O)(c3ccccc3)C(c3ccccc3)=C2c2ccc(C)cc2)cc1,MoleculeNet_HIV
hiv_23226,Cc1nc(O)c2c(n1)N(c1ccccc1)C(=C(C#N)c1nc3ccccc3[nH]1)S2,MoleculeNet_HIV
hiv_28266,O=C(OCCc1ccccc1)c1cc2cc(O)c(O)cc2cn1,MoleculeNet_HIV
hiv_2231,CN(C)C1C(O)=C(C(=O)NCNC2(C(=O)O)CCCC2)C(=O)C2(O)C(O)=C3C(=O)c4c(O)cccc4C(C)(O)C3CC12,MoleculeNet_HIV
hiv_3337,Nc1nc(N)c(CCCCc2ccccc2)c(N)n1,MoleculeNet_HIV
hiv_36426,O=C1C(=Cc2ccccc2)CCCC1=Cc1ccc(O)c(CN2CCCCC2)c1,MoleculeNet_HIV
hiv_10405,O=C1N2CCCSC2=NC1(c1ccccc1)c1ccccc1,MoleculeNet_HIV
hiv_1594,Cc1c(C)c(CC(=O)N2CC2)c(C)c(C)c1CC(=O)N1CC1,MoleculeNet_HIV
hiv_23575,NCc1ccccc1-c1c2nc(c(-c3ccccc3CN)c3ccc([nH]3)c(-c3ccccc3CN)c3nc(c(-c4ccccc4CN)c4ccc1[nH]4)C=C3)C=C2,MoleculeNet_HIV
hiv_38515,COC(C(=O)OCC1C2OC(c3cc4c(cc32)OCO4)C1COC(C)=O)(c1ccccc1)C(F)(F)F,MoleculeNet_HIV
hiv_11404,O=C1C(=O)N(c2cc(Cl)ccc2Cl)C(=O)C(=O)C1c1nc2ccccc2s1,MoleculeNet_HIV
hiv_8668,Cc1ccc(S(=O)(=O)Oc2ccc3oc4c(CO)ccc(NCCN(C)C)c4c(=O)c3c2)cc1,MoleculeNet_HIV
hiv_14285,N#Cc1sc2nc3c(c(-c4ccccc4)c2c1N)CCCC3,MoleculeNet_HIV
hiv_7168,COC(=O)C1c2c(C)cc3n2C(C=CC3)C1C(=O)OC,MoleculeNet_HIV
hiv_27963,CCC(=O)C(CCN1CCC(N2C(=O)C(CCC#N)c3ccccc32)CC1)(c1ccccc1)c1ccccc1,MoleculeNet_HIV
hiv_6244,Cc1ccc2c(c1)Nc1ccccc1C(=O)N2,MoleculeNet_HIV
hiv_28788,Cc1ccc(-n2cc(-c3ccc(Cl)cc3)c3c2N=CN2N=C(c4ccco4)NC32)cc1,MoleculeNet_HIV
hiv_25403,CC(=O)C=c1[nH]c(=CC=Cc2ccccc2)c(=O)n1C=C1C(=O)Oc2ccccc2C1=O,MoleculeNet_HIV
hiv_10873,CN1CCN(C2=[S+][Cu-3]3([S+]=C(N4CCN(C)CC4)[SH+]3)[SH+]2)CC1,MoleculeNet_HIV
hiv_35211,COc1cc(C(c2ccc3c(c2)OCO3)C2SCCCS2)cc(OC)c1OC,MoleculeNet_HIV
hiv_16505,O=S1c2ccccc2N=C(c2cccc3ccccc23)CC1c1cccc2ccccc12,MoleculeNet_HIV
hiv_36699,COCn1cnc2c(=O)n(-c3ccc(OC)cc3)c(=S)n(-c3ccc(OC)cc3)c21,MoleculeNet_HIV
hiv_28322,c1ccc2nc3c(nc2c1)sc1nc2ccccc2n13,MoleculeNet_HIV
hiv_19568,Cc1ncc([N+](=O)[O-])n1CCNC(=O)CCCCCn1ccnc1[N+](=O)[O-],MoleculeNet_HIV
hiv_22608,COc1ccc(N2C(=O)C3c4[nH]c5ccccc5c4C4CCCCCCCCCCC4C3C2=O)cc1,MoleculeNet_HIV
hiv_21055,CC(C)=CC1CC(=[N+]=[N-])C(=O)C1(C)C,MoleculeNet_HIV
hiv_3168,CNc1nc(SC)nc2c1S(=O)(O)=NC=N2,MoleculeNet_HIV
hiv_25191,Oc1nc2ccccc2c2oc3ccccc3c12,MoleculeNet_HIV
hiv_24678,O=C1CN(c2cccc(Cl)c2)C(=O)CN1CCN1CC(=O)N(c2cccc(Cl)c2)CC1=O,MoleculeNet_HIV
hiv_1398,CC(CC(=O)O)C(N)C(=O)O,MoleculeNet_HIV
hiv_14057,CCOC(=O)C12CN(C34CC5CC(CC(C5)C3)C4)CC(C(=O)OCC)(C1=O)C(c1ccccc1)OC2c1ccccc1,MoleculeNet_HIV
hiv_7171,CC(=O)n1nc(C)c(-c2onc3ccc(Cl)cc23)c1C,MoleculeNet_HIV
hiv_22567,CNC(=O)CN(CC(N)=O)C(=O)NC,MoleculeNet_HIV
hiv_10609,O=C(O)CN(CCOCCOCCN(CC(=O)O)CC(=O)O)CC(=O)O,MoleculeNet_HIV
hiv_17072,O=C(C=C1Nc2ccc([N+](=O)[O-])cc2NC1O)c1cccc([N+](=O)[O-])c1,MoleculeNet_HIV
hiv_33465,Cn1c2nc(=Nc3ccc(Cl)cc3)[n+]3ccc4ccccc4c3c-2c([O-])n1-c1ccccc1,MoleculeNet_HIV
hiv_40842,CC(C)(C)[Si](C)(C)OCC1OC(n2ccc(=O)[nH]c2=O)CC1=NO,MoleculeNet_HIV
hiv_4209,Cc1nnc(NS(=O)(=O)c2ccc(N=Nc3c(N)n(C)c(=O)n(C)c3=O)cc2)s1,MoleculeNet_HIV
hiv_12169,c1ccc(P(=Nc2ccccc2N=P(c2ccccc2)(c2ccccc2)c2ccccc2)(c2ccccc2)c2ccccc2)cc1,MoleculeNet_HIV
hiv_31282,O=C(Cc1nccc2c1[nH]c1ccccc12)OC1C#CCSCC#CC=C1,MoleculeNet_HIV
hiv_7249,CCN(CC)c1ccc2cc(-c3nc4ccccc4n3C)c(=O)oc2c1,MoleculeNet_HIV
hiv_22101,Nc1nc(Cl)c2ncn(C3CC=C(CO)CC3)c2n1,MoleculeNet_HIV
hiv_23674,CCOP(=O)(CC(C)P(=O)(OCC)OCC)OCC.CC[Sn](Cl)(Cl)CC,MoleculeNet_HIV
hiv_16552,CC(C)(C)C[PH]1(CC(C)(C)C)CC[PH](CC(C)(C)C)(CC(C)(C)C)[Pd-2]1([ClH+])[ClH+],MoleculeNet_HIV
hiv_20966,COC(=O)C1(C)CCCC2(C)C1CCC1=CC3(C(C)C)CCC12OO3,MoleculeNet_HIV
hiv_31983,CSc1nc2c(=O)oc(-c3ccccc3)nc2s1,MoleculeNet_HIV
hiv_15486,COC12CC3CCC(C(C)c4ccc5c(c41)CC1C5CC(O)C4CC(O)CCC41C)N2C3,MoleculeNet_HIV
hiv_8821,COc1ccc(C2CN(C(=O)c3ccccc3)N=C(c3ccccc3)O2)cc1,MoleculeNet_HIV
hiv_34657,Cc1ccc(C(=O)C=C2Nc3ccccc3NC2=O)c(C)c1,MoleculeNet_HIV
hiv_2232,CN1CCC(OC(c2ccccc2)c2ccc(Cl)cc2)C1.O=C(O)C=CC(=O)O,MoleculeNet_HIV
hiv_6936,CC1=CC2OC3CC4OC(=O)C=CC=CC(C(C)O)OCC(O)C5(C)OC5C(=O)OCC2(CC1O)C4(C)C31CO1,MoleculeNet_HIV
hiv_34843,O=C(NCCCCCCCCCCNC(=O)c1cc(O)c(O)c(O)c1)c1cc(O)c(O)c(O)c1,MoleculeNet_HIV
hiv_37982,CC1=NNC(=O)C1C1CC(c2c[nH]c3ccccc23)=NNC1=O,MoleculeNet_HIV
hiv_25974,COC(=O)C(C#N)=CN1CCNC1=S,MoleculeNet_HIV
hiv_40625,Oc1c2cc(Cl)cc1COCc1cc(Cl)cc(c1O)COCc1cc(Cl)cc(c1O)COC2,MoleculeNet_HIV
hiv_9141,S=C1N(c2ccc(Br)cc2)C2=Nc3ccccc3SC(=C2N=Nc2ccccc2)N1c1ccc(Cl)cc1,MoleculeNet_HIV
hiv_15849,Cc1c(N2CCOCC2)nc2ccc(Cl)cc2c1-c1ccccc1,MoleculeNet_HIV
hiv_24564,COc1ccc(C2CC(=O)NCCCNCCCCNCCCN2)cc1,MoleculeNet_HIV
hiv_35652,COc1ccc(-c2nc(-c3cc4c(ccc5ccccc54)oc3=O)cs2)cc1,MoleculeNet_HIV
hiv_32070,O=[N+]([O-])c1ccc2[nH]nc(OCc3ccccc3Cl)c2c1,MoleculeNet_HIV
hiv_33478,CC(=O)OCC1OC(Nc2ccc3nc(C)n(-c4ccccc4)c(=O)c3c2)C(OC(C)=O)C(OC(C)=O)C1OC(C)=O,MoleculeNet_HIV
hiv_22825,CCN(CC)C(=S)SCC(=O)Nc1nc2c(s1)CCCC2,MoleculeNet_HIV
hiv_37995,ClC1=NN=C(c2c[nH]c3ccccc23)CC1NCc1ccccc1,MoleculeNet_HIV
hiv_3344,O=C(O)c1c2ccccc2nc2nc(O)nc(O)c12,MoleculeNet_HIV
hiv_15388,O=[PH](O)c1ccsc1,MoleculeNet_HIV
hiv_13852,O=C1CC2C(=O)N(Cc3ccccc3)C1C=C2S(=O)(=O)c1ccccc1,MoleculeNet_HIV
hiv_10413,CCC12OCC(C)(C)N1OC(=O)N2c1ccccc1,MoleculeNet_HIV
hiv_28744,O=C1OCc2c(O)nc(O)nc21,MoleculeNet_HIV
hiv_27096,COc1cccc(C=[N+]2[N-]C(c3ccncc3)=[O+][Cu+2]23(O)(O)([OH+]C(C)=O)[n+]2cccc4ccc5ccc[n+]3c5c42)c1,MoleculeNet_HIV
hiv_14490,N#C[SH+][Co-4](N)(N)(N)(N)N.O=S([O-])(O)=[OH+],MoleculeNet_HIV
hiv_35690,CC(=O)Oc1c2oc3ccc(Cl)cc3c(=O)c2c(O)c2ccsc12,MoleculeNet_HIV
hiv_33454,O=NN=c1o[n-][n+](CCc2ccccc2)c1Cc1c(=NN=O)o[n-][n+]1CCc1ccccc1,MoleculeNet_HIV
hiv_5357,S=C1NC(C=Cc2ccccc2)Nc2ccccc21,MoleculeNet_HIV
hiv_29235,O=c1c(-c2c(-c3ccccc3)oc3ccc(Cl)cc3c2=O)c(-c2ccccc2)oc2ccc(Cl)cc12,MoleculeNet_HIV
hiv_120,O=S1(=O)CCCc2c1ccc1ccccc21,MoleculeNet_HIV
hiv_12107,OC1c2ccccc2C2(O)C1C(c1ccccc1)C(c1ccccc1)C2(O)c1ccccc1,MoleculeNet_HIV
hiv_29324,C[N+]1(CCCl)CCc2cccc([N+](=O)[O-])c2C1.[Cl-],MoleculeNet_HIV
hiv_39160,O=c1n(CCCN2CCN(c3cccc(Cl)c3)CC2)nc2n1-c1ccc3ccccc3c1SC2,MoleculeNet_HIV
hiv_4559,S=c1sc2ccccc2n1CCSSCCn1c(=S)sc2ccccc21,MoleculeNet_HIV
hiv_38551,Nc1sccc1S(=O)(=O)c1ccsc1N,MoleculeNet_HIV
hiv_32175,COc1cc(C=NNC2=NCCCN2)ccc1O.I,MoleculeNet_HIV
hiv_6888,Cc1cccc2c1C(=O)N(CC[PH](c1ccccc1)(c1ccccc1)c1ccccc1)C2=O,MoleculeNet_HIV
hiv_1520,NC(=O)c1ccc(N=Nc2c(O)nc3ccccc3c2O)cc1,MoleculeNet_HIV
hiv_4,O=S(=O)(O)CCS(=O)(=O)O,MoleculeNet_HIV
hiv_11405,COc1ccc2nc(NC(=O)C(=O)C(C#N)c3ccc(Cl)c(Cl)c3)sc2c1,MoleculeNet_HIV
hiv_25177,C[PH](C)(C)[Ir-3]1([PH](C)(C)C)([PH](C)(C)C)NC(Cc2ccc(O)cc2)C(=O)[OH+]1.[Cl-],MoleculeNet_HIV
hiv_38016,CSC(Cc1ccc2c(c1)Sc1ccccc1O2)=[N+]1CCOCC1.[I-],MoleculeNet_HIV
hiv_6350,O=C1c2ccccc2C2NCCCN12,MoleculeNet_HIV
hiv_11313,Cn1c(=N)[nH]c2c3ccc(O)nc3ccc21,MoleculeNet_HIV
hiv_2931,Nc1nc(O)c2c(n1)C(=O)NC2,MoleculeNet_HIV
hiv_39825,CCOC(=O)C(=[N+]=[N-])C(=O)CSC#N,MoleculeNet_HIV
hiv_4143,C#CC(OC(=O)NC1CCCCC1)(c1ccccc1)c1ccccc1,MoleculeNet_HIV
hiv_31103,c1nncn1C12C3C4C5C3C1C5C42,MoleculeNet_HIV
hiv_30044,N#Cc1ncn(-c2ccccc2)c1N,MoleculeNet_HIV
hiv_40026,COc1cc(C=CC(=O)OCC23OC2C(OC2OC(C)C(O)C(O)C2O)C2C=COC(OC4OC(CO)C(O)C(O)C4O)C23)ccc1O,MoleculeNet_HIV
hiv_3277,O=C1C2N=NN(c3ccccc3)C2C(=O)N1c1ccccc1,MoleculeNet_HIV
hiv_9378,CN(C)CCSC1=Nc2ccc(Cl)cc2C(c2ccccc2Cl)=NC1.O=C(O)C=CC(=O)O,MoleculeNet_HIV
hiv_1956,CCCCCCCCCCCCCCCCCCN1CN(CO)C(=O)N(CO)C1,MoleculeNet_HIV
hiv_37172,O=C(NCCCNC(=O)c1ccc2c(O)c(O)ccc2c1)c1ccc2c(O)c(O)ccc2c1,MoleculeNet_HIV
hiv_35281,C1C[N+]23CCC[N+]4(C1)CC[SH+][Pd-2]24[SH+]CC3,MoleculeNet_HIV
hiv_14446,c1ccc(C2OC3(CCCC4CC43)OC2c2ccccc2)cc1,MoleculeNet_HIV
hiv_21848,COC(=O)C(=Cc1cc(OC)c(OC)c(OC)c1-c1cc2c(cc1C1(C)OCCS1)OCO2)C(=O)OC,MoleculeNet_HIV
hiv_22878,O=C1C(=Cc2cccs2)C(=O)N(CCc2ccccc2)S(=O)(=O)N1CCc1ccccc1,MoleculeNet_HIV
hiv_4183,O=S(=O)(O)CCS,MoleculeNet_HIV
hiv_9011,C[N+]1=[O+][Cu-5]2345[O+]=[N+](C)[N-]N2c2ccccc2[S+]3CC[S+]4c2ccccc2N5[N-]1,MoleculeNet_HIV
hiv_38669,Cc1nc2c(sc3nc4c(cc32)CCC4)c(=O)o1,MoleculeNet_HIV
hiv_5732,Brc1ccc(N2N=NC3CNCC32)cc1,MoleculeNet_HIV
hiv_30553,O=C1c2ccccc2C(=O)N1N=C1SC(=Nc2ccccc2)C(=Nc2ccccc2)N1c1ccccc1,MoleculeNet_HIV
hiv_40725,CCCc1noc(C(F)(F)Sc2ncccn2)n1,MoleculeNet_HIV
hiv_12309,CCOCc1cc(=O)c2cc3c(cc2o1)OC(C)(C)CC3,MoleculeNet_HIV
hiv_21670,CCCCCCCCOCC(COC(=O)CCCCCCC)OC(=O)CCCCCCC,MoleculeNet_HIV
hiv_33735,N.O=[N+]([O-])c1ccc(OP(=O)(O)OCC2OC(CP(=O)(O)O)C(O)C2O)cc1,MoleculeNet_HIV
hiv_38174,Cc1cc2c(c(C=Nc3ccc(N(C)C)cc3)c1)OC1(C=C2)Oc2ccccc2C(=O)N1C,MoleculeNet_HIV
hiv_3053,CC1(C)C[N+](C)(C)C2(CCCC2)O1.[O-][Cl+3]([O-])([O-])O,MoleculeNet_HIV
hiv_6258,O=C1c2cccc3cc([N+](=O)[O-])cc(c23)C(=O)N1Cc1ccccc1,MoleculeNet_HIV
hiv_38664,N1=C2NONC2=NC2N=C3NONC3=NC12,MoleculeNet_HIV
hiv_39653,N=C(N)NC(P(=O)(O)O)P(=O)(O)O.[NaH],MoleculeNet_HIV
hiv_39333,Cc1ccc2c(c1C)C(=O)C1(C2)Cc2ccc3c(c2C1=O)CCC3,MoleculeNet_HIV
hiv_23451,O=C1c2nc3n(c2C(=O)c2c1nc1n2CCC1)CCC3,MoleculeNet_HIV
hiv_8256,CC1CCCN2C(=O)CN(c3ccccc3)CC(=O)N12,MoleculeNet_HIV
hiv_359,OCCCN(CCO)CCN(CCCO)CCCO,MoleculeNet_HIV
hiv_9331,CN1CCN(c2c(C(=O)Nc3ccc([N+](=O)[O-])cc3)cc([N+](=O)[O-])cc2[N+](=O)[O-])CC1,MoleculeNet_HIV
hiv_3289,O=C1c2cc(Oc3ccccc3)c(S(=O)(=O)O)c(S(=O)(=O)O)c2C(=O)c2c(O)ccc(O)c21,MoleculeNet_HIV
hiv_10329,Cc1ccc(S(=O)(=O)O[IH2](C#CC(C)(C)C)c2ccccc2)cc1,MoleculeNet_HIV
hiv_14183,O=C1CCCCCCCCCC(=O)Nc2ccccc2-c2ccccc2N1,MoleculeNet_HIV
hiv_35555,CCOC(=O)C(NC(=O)c1cccc(Cl)c1)(Nc1cccc(C)c1)C(F)(F)F,MoleculeNet_HIV
hiv_685,[N-]=[N+]=C(S(=O)(=O)O)S(=O)(=O)O,MoleculeNet_HIV
hiv_36928,[O-][n+]1onc(-c2ccccc2)c1CN1CCOCC1,MoleculeNet_HIV
hiv_38745,CCOC(=O)c1cc(C2(O)CCN(CC(C)CC)C2=O)c(-c2cc(C)no2)[nH]1,MoleculeNet_HIV
hiv_33958,CCOC(=O)C=CCCO[Si](C)(C)C(C)(C)C,MoleculeNet_HIV
hiv_19677,Nc1c(S(=O)(=O)O)cc2cc(S(=O)(=O)O)ccc2c1N=Nc1ccc(S(=O)(=O)c2ccc(N=Nc3c(N)c(S(=O)(=O)O)cc4cc(S(=O)(=O)O)ccc34)cc2)cc1.[NaH],MoleculeNet_HIV
hiv_11997,O=C(NC(=O)c1cn(CCNCCO)c(=O)[nH]c1=O)OCc1ccccc1,MoleculeNet_HIV
hiv_85,OC1COCOC1C(O)C1OCOCC1O,MoleculeNet_HIV
hiv_1761,CCCCCCCCCC1OC(CCCCCCCCC)OC(CCCCCCCCC)O1,MoleculeNet_HIV
hiv_32129,S=c1sc2nc(Cl)nc(Cl)c2s1,MoleculeNet_HIV
hiv_33387,COc1ccc(P2(=S)OC(C)(C)C(C)(C)O2)cc1,MoleculeNet_HIV
hiv_35047,O=[N+]([O-])c1ccc2c3c(cccc13)S(=O)(=O)O2,MoleculeNet_HIV
hiv_388,Nc1c(N=Nc2ccc([N+](=O)[O-])cc2)c(S(=O)(=O)O)cc2cc(S(=O)(=O)O)c(N=Nc3ccccc3)c(O)c12,MoleculeNet_HIV
hiv_2109,N=C1NC(=O)C(CC(=O)c2ccc(Cl)cc2)S1,MoleculeNet_HIV
hiv_39417,O=C(O)C1CC(c2ccc(F)cc2)=Nc2ccc(F)cc2S1,MoleculeNet_HIV
hiv_5165,C1CC[N+]23CCCC(C2)C3C1.Cc1ccc(S(=O)(=O)O)cc1,MoleculeNet_HIV
hiv_38023,FC(F)(F)c1cccc(C=[N+]2N=C(c3ccncc3)[OH+][Cu-3]23[OH+]C(c2ccncc2)=N[N+]3=Cc2cccc(C(F)(F)F)c2)c1,MoleculeNet_HIV
hiv_35490,CC=CC(=O)N1C(=O)OCC1c1ccccc1,MoleculeNet_HIV
hiv_6933,CCc1cccc(CC)c1N1C(=O)C2=C(SCCCS2)C1=O,MoleculeNet_HIV
hiv_38126,COC(=O)C1Cc2c([nH]c3ccccc23)-c2[nH]c3ccccc3c2CC(NC(C)=O)C(=O)NCC(=O)N1,MoleculeNet_HIV
hiv_37464,c1ccc2c(c1)nc1nc3c(cn12)CCCC3,MoleculeNet_HIV
hiv_19788,Cc1cc(=O)oc2cc(OC(=Cc3ccc(O)cc3)c3nc4ccccc4c(=O)o3)ccc12,MoleculeNet_HIV
hiv_25887,CCCCCCCCCCCCCCCCCCNC(=S)NC=C(C(N)=O)C(N)=O,MoleculeNet_HIV
hiv_14956,COc1ccc2c(c1O)C1=CC(=O)CCC13CCN(C)C3C2,MoleculeNet_HIV
davis_11427553,O=C(c1ccc(C=Cc2n[nH]c3ccccc23)cc1)N1CCNCC1,DAVIS_spike_in
hiv_40941,N=c1ccn(C2OC(COC(=O)c3ccccc3)C(OC(=O)c3ccccc3)C2I)c(=O)[nH]1,MoleculeNet_HIV
hiv_33227,COc1c(-c2ccc3c(c2)OCO3)oc2cc3c(c(OC)c2c1=O)OCO3,MoleculeNet_HIV
hiv_22012,O=C(Nc1ccc(Cl)c(Cl)c1)C(=O)C(C1OC(=O)c2ccccc21)[N+](=O)[O-],MoleculeNet_HIV
hiv_12006,COc1ccc(C(c2ccc(C(C)C)cc(OC)c2=O)c2ccc(C(C)C)cc(OC)c2=O)cc1,MoleculeNet_HIV
hiv_26388,CC(NC(=O)CNC(=O)C(N)CO)C(=O)NC(CCC(=O)O)C(=O)NC(CCC(=O)O)C(=O)NC(CO)C(=O)NC(CCCCN)C(=O)NC(CCC(=O)O)C(=O)NC(CCC(N)=O)C(=O)NC(CO)C(=O)N1CCCC1C(=O)NC(CC(N)=O)C(=O)NC(C)C(=O)NC(Cc1cnc[nH]1)C(=O)NC(CO)C(=O)O,MoleculeNet_HIV
hiv_35286,CCOC(=O)c1nnsc1NC(=O)NCCCCCCn1c(=O)n(CCCCCCNC(=O)Nc2snnc2C(=O)OCC)c(=O)n(CCCCCCNC(=O)Nc2snnc2C(=O)OCC)c1=O,MoleculeNet_HIV
hiv_5764,O=C1[OH+][Cu-4]234NC1CS[S+]2CC(N3)C(=O)[OH+]4,MoleculeNet_HIV
hiv_40237,CCc1nn(S(=O)(=O)c2ccc(C)cc2)c2c1CS(=O)(=O)CC2,MoleculeNet_HIV
hiv_19891,COc1cc(C(Cc2ccccc2)NC(C)=O)oc(=O)c1,MoleculeNet_HIV
hiv_9057,COC1C(N)C(OC2C(Oc3cccc4c(O)c5c(=O)oc6ccc(C)c7c(=O)oc(c34)c5c67)OC(C)C(O)C2(C)O)OC(C)C1O,MoleculeNet_HIV
hiv_14019,O=[N+]([O-])c1ccccc1OS(=O)(=O)c1ccccc1,MoleculeNet_HIV
hiv_40083,CN(C)c1nc(N(C)C)nc(N(C)C23CC4CC(CC(C4)C2)C3)n1,MoleculeNet_HIV
hiv_3834,CS(=O)(=O)OCCCNCCCOS(C)(=O)=O,MoleculeNet_HIV
hiv_36398,COc1cccc(CCCNC(=O)Cc2ccccc2CO)c1,MoleculeNet_HIV
hiv_27547,CC[N+]1(CC)CCN[Pd-2]12[n+]1ccccc1-c1cccc[n+]12.[O-][Cl+3]([O-])([O-])O,MoleculeNet_HIV
hiv_38313,COC(=O)c1nn2ccc3ccccc3c2c1C(=O)OC,MoleculeNet_HIV
hiv_33564,N#CCc1nc(Cc2ccccc2)n[nH]1,MoleculeNet_HIV
hiv_37281,N#CC1=C(C#N)C(=C(C#N)C(C#N)C#N)NC1=N.[NaH],MoleculeNet_HIV
hiv_33433,CC1CCC(C(C)C)C(OC(=O)NCn2cc(-c3ccccc3)nn2)C1,MoleculeNet_HIV
hiv_27295,CNC(=O)c1cc2nc3ccccc3c(=O)n2c2ccccc12,MoleculeNet_HIV
hiv_16647,O=C(O)c1ccc(CS(=O)(=O)c2ccccc2)c([N+](=O)[O-])c1,MoleculeNet_HIV
hiv_37090,COc1ccc2c(c1)c1c(n2CCN(C)C)-c2cccc(OC)c2CC1,MoleculeNet_HIV
hiv_24168,CC1(C(=O)O)CCC2(C)CCC3(C)C(=CCC4C5(C)CCC(=O)C(C)(C)C5CCC43C)C2C1,MoleculeNet_HIV
hiv_6824,ClCC[N+]12CC[N+](CCCl)(CC1)C2,MoleculeNet_HIV
hiv_33197,N#Cc1c2c(c(-c3cccs3)n(C3OC(CO)C(O)C(O)C3O)c1=S)CCc1ccccc1-2,MoleculeNet_HIV
hiv_34074,O=C(OCc1ccccc1)N1CCNCCNCC1,MoleculeNet_HIV
hiv_40627,Cc1cc2c(O)c(c1)CN(CC(=O)O)Cc1cc(C)cc(c1O)CN(CC(=O)O)Cc1cc(C)cc(c1O)CN(CC(=O)O)C2,MoleculeNet_HIV
hiv_26506,Cc1cc(S(=O)(=O)Nc2nc(N)nc(N3N=CCC3C)n2)c(S)cc1Cl,MoleculeNet_HIV
hiv_22128,CC(C)C1CNC2N1C(=O)C2(C)OCc1ccccc1,MoleculeNet_HIV
hiv_7503,CC1CC2Oc3ccc(Cl)cc3C(=O)N2O1,MoleculeNet_HIV
hiv_3419,CC1(C)OC2OC(COC(=S)SSC(=S)OCC3OC4OC(C)(C)OC4C4OC(C)(C)OC34)C3OC(C)(C)OC3C2O1,MoleculeNet_HIV
hiv_12104,O=C1c2ccccc2C2(Br)C(=O)c3ccccc3C12,MoleculeNet_HIV
hiv_11677,CC(C)(O)C1CCC2(C)CCCC(O)C2C1,MoleculeNet_HIV
hiv_1656,COc1ccc(-c2cncc(-c3ccc(OC)c(OC)c3)c2)cc1OC,MoleculeNet_HIV
hiv_33363,C1=CC2C=CC(C=C1)P2c1ccccc1,MoleculeNet_HIV
hiv_14361,Nc1nc(S)nc(C(=O)Nc2ccc(Cl)c(Cl)c2)c1-c1ccc(Cl)cc1,MoleculeNet_HIV
hiv_12503,N#CCCn1c(CCC(=O)Nc2ccc(Cl)cc2Cl)n[nH]c1=S,MoleculeNet_HIV
hiv_35712,CS(=O)C(C1=NOC(c2ccccc2)C1c1ccccc1)C(O)C1COC(C)(C)O1,MoleculeNet_HIV
hiv_14145,C(=C1CCCCC([n+]2ccccc2)=N1)c1ccccc1.Cc1ccc(S(=O)(=O)[O-])cc1,MoleculeNet_HIV
hiv_25950,COC(=O)c1c(O)c(C#N)c2[nH]c3ccccc3n2c1=O,MoleculeNet_HIV
hiv_20063,O=C(O)C12C3CCC(C3)C1(C(=O)O)C1CCC2C1,MoleculeNet_HIV
hiv_1807,OCC12CCCC(CO)(COC1)C2O,MoleculeNet_HIV
hiv_37242,COC(=O)C1C2NC(=S)NC1(C)Oc1ccccc12,MoleculeNet_HIV
hiv_1441,NN=C(c1ccccc1)c1ccc([N+](=O)[O-])cc1,MoleculeNet_HIV
hiv_15895,CC1=C2OCS(=O)C2C2C(=O)N(c3ccccc3)C(=O)C2C1,MoleculeNet_HIV
hiv_8153,O=[N+]([O-])c1ccc(-[n+]2ccc3ccccc3c2)c([N+](=O)[O-])c1,MoleculeNet_HIV
hiv_40830,CC1(C)C(=NO)C2(C#N)CCC1C2,MoleculeNet_HIV
hiv_28938,Cc1c(N=Nc2ccc(Cl)cc2)c(C)n(C2OC(CO)C(O)C(O)C2O)c(=S)c1C#N,MoleculeNet_HIV
hiv_4419,O=C(O)C=CS(=O)(=O)O,MoleculeNet_HIV
hiv_12472,COc1cc2c(c(OC)c1)C1(CC(CC#N)C2)SCCS1,MoleculeNet_HIV
hiv_3833,Cn1ncc2c(N(N)CCO)nc(-c3ccc([N+](=O)[O-])o3)nc21,MoleculeNet_HIV
hiv_20643,COc1ccc2c(c1)CC1c3c(ccc(OC)c3O)CC2N1C,MoleculeNet_HIV
hiv_36512,O=S1(=O)CCN(Cc2ccccc2)C1=NS(=O)(=O)c1ccc(Cl)cc1,MoleculeNet_HIV
hiv_26180,COc1ccc(NC(=O)C(=CN2C(=O)CC(=O)NC2=S)C(C)=O)cc1,MoleculeNet_HIV
hiv_26599,c1ccc2c(c1)cc1c3[nH]c4ccccc4c3ccn21,MoleculeNet_HIV
hiv_16019,CC=C(C1CC2c3[nH]c4ccccc4c3CCN2C(=O)C1C(=O)OCC)[Si](C)(C)C,MoleculeNet_HIV
hiv_5140,ON=C1CCCCC1=CC=Cc1ccccc1,MoleculeNet_HIV
hiv_11448,COc1ccccc1NC(=O)C1=C(C)NC(C)=C(C(=O)Nc2ccccc2OC)C1c1cccc2c1OCO2,MoleculeNet_HIV
hiv_27503,Nc1c(Cl)c([N+](=O)[O-])cc2c1OCCCCO2,MoleculeNet_HIV
hiv_5411,O=c1ssc2ccccc12,MoleculeNet_HIV
hiv_5549,CC1CCC2CC(=O)NC(=O)CC12,MoleculeNet_HIV
hiv_27714,O=C1CCCC2=C1CC1=C(CCCC1=O)N2c1ccccc1,MoleculeNet_HIV
hiv_30377,O=C(O)CCOCCCCCCCCCl,MoleculeNet_HIV
hiv_38587,CCOC(=O)C1(C(=O)OCC)CC(=O)C2(C1)OCCC1OC(=O)CC12,MoleculeNet_HIV
hiv_24698,CCN1CCC(O)(C=Cc2ccc(Cl)c(Cl)c2)C(C(=O)C=Cc2ccc(Cl)c(Cl)c2)C1.Cl,MoleculeNet_HIV
hiv_3633,CC1(C)OC2=C(CC1Br)C(=O)C(=O)c1ccccc12,MoleculeNet_HIV
hiv_22719,Oc1ccccc1C=Nc1ccccc1N=Cc1ccccc1O,MoleculeNet_HIV
hiv_15130,COc1ccc2cc1-c1cc(ccc1O)CC1NCCc3cc4c(cc31)Oc1c(c(OC)c(OC)c3c1C(C2)N(C)CC3)O4,MoleculeNet_HIV
hiv_26333,CC(C)C1CCC2(C)CC3C(CO)CC(O)C3C(C)(O)CC=C12,MoleculeNet_HIV
hiv_18492,CC12CCC(=O)N1c1ccccc1N2,MoleculeNet_HIV
hiv_37954,Cn1ccc(C(=O)NCCCCCNC(=O)c2ccn(C)c(=O)c2O)c(O)c1=O,MoleculeNet_HIV
hiv_6365,S=C1SCN(C2CCCCCCCCCCC2)CN1C1CCCCCCCCCCC1,MoleculeNet_HIV
hiv_6293,CS(=O)(=O)NOCCCCONS(C)(=O)=O,MoleculeNet_HIV
hiv_4636,Nc1ccc(F)cc1-c1nc2ccc(F)cc2c2nc3ccccc3n12,MoleculeNet_HIV
hiv_2622,Cc1cccc(NP2(=O)NCCCN2)c1,MoleculeNet_HIV
hiv_5882,CC1C(N2CCCCC2)N(C(=O)c2ccccc2)SC12c1ccccc1-c1ccccc12,MoleculeNet_HIV
hiv_24716,COc1ccc2c(c1OC)C(=O)N1C2=Cc2c(cc3c(c2OC)OCO3)CC1N(C)C,MoleculeNet_HIV
hiv_14265,CC1=NOC(=O)C1N=Nc1ccc(Br)c(C)c1,MoleculeNet_HIV
hiv_20959,Cc1cc(C)n(-c2c(O)ccc(O)c2-n2nc(C)cc2C)n1,MoleculeNet_HIV
hiv_1968,CCOC(=O)C1C2CCC(O2)C1C(=O)O,MoleculeNet_HIV
hiv_10090,Cc1ccc(S(=O)(=O)NC(=O)NC2=NC(C)(C)N(c3ccc(Cl)c(Cl)c3)C(=N)N2)cc1,MoleculeNet_HIV
hiv_23367,COC1C=CC23c4cc5c(cc4COC2(O)CN(C)C3C1)OCO5,MoleculeNet_HIV
hiv_28125,Fc1ccccc1-c1nn2c(C34CC5CC(CC(C5)C3)C4)nnc2s1,MoleculeNet_HIV
hiv_22332,COC(=O)C(CCCC1(c2ccccc2)OCCO1)C(C)=O,MoleculeNet_HIV
hiv_31772,O=C(NCCc1c[nH]c2ccccc12)C1CCCCC1,MoleculeNet_HIV
hiv_22125,COC(=O)CC(C(C(=O)OC)C(=O)OC)N1C(=O)OC(c2ccccc2)C1c1ccccc1,MoleculeNet_HIV
hiv_30577,O=C1C(=O)N(C23CC4CC(CC(C4)C2)C3)C(=S)N1c1ccccc1,MoleculeNet_HIV
hiv_27232,O=[N+]([O-])C1([N+](=O)[O-])CC2(Cc3c1no[n+]3[O-])OCCO2,MoleculeNet_HIV
hiv_23277,O=C1C2C=CC(n3[nH]c(=O)n(Cc4ccccc4)c3=O)CC2C(=O)N1c1ccc(Br)cc1,MoleculeNet_HIV
hiv_5604,COc1ccc2c(c1)C(=O)C13CC(C(=O)N(C)C)C(OC(C)=O)(CCC21)C3,MoleculeNet_HIV
hiv_321,O=c1c2cc3c(=O)n(O)c(=O)c3cc2c(=O)n1O,MoleculeNet_HIV
hiv_21750,Cl.Cn1c2c3ccccc3nc-2cc2ccccc21,MoleculeNet_HIV
hiv_2053,C=CCOCC(O)CNCC(O)COCC=C,MoleculeNet_HIV
hiv_39724,CCOC(=O)C1(C#N)C2(C#N)C(=N)NC(ON=C(C)C)(ON=C(C)C)C21C#N,MoleculeNet_HIV
davis_16007391,CCN(CCO)CCCOc1ccc2c(Nc3cc(CC(=O)Nc4cccc(F)c4)[nH]n3)ncnc2c1,DAVIS_spike_in
hiv_23807,CC(=O)OC1CCC2(C)C(=CCC3C2CCC2(C)C(c4nc(-c5ccccc5)cs4)CCC32)C1,MoleculeNet_HIV
hiv_25157,COc1ccc(-c2nc(Nc3ccccc3)sc2Cc2sc(Nc3ccccc3)nc2-c2ccc(OC)cc2)cc1,MoleculeNet_HIV
hiv_37502,N=C(N)NS(=O)(=O)c1ccc(NCc2cccc3c(=O)c4ccc(Cl)cc4oc23)cc1,MoleculeNet_HIV
hiv_3116,c1ccc([PH](CCCCCC[PH](c2ccccc2)(c2ccccc2)c2ccccc2)(c2ccccc2)c2ccccc2)cc1,MoleculeNet_HIV
hiv_8416,N#CC1C2C1C1C=CC2n2c(=O)n(-c3ccccc3)c(=O)n21,MoleculeNet_HIV
hiv_31307,COc1ccc(C(=NO)c2ccccc2-c2nc3ccccc3c(=O)n2-c2ccc(S(=O)(=O)Nc3ccccn3)cc2)cc1C,MoleculeNet_HIV
hiv_9960,O=[N+]([O-])c1ccc(C2=Nc3ccccc3N=C(c3ccccc3O)C2)cc1,MoleculeNet_HIV
hiv_36750,COc1ccc(C2CC(c3c(O)ccc4ccccc34)=NN2c2ccc([N+](=O)[O-])cc2[N+](=O)[O-])cc1OC,MoleculeNet_HIV
hiv_37199,Nc1cccc(C#Cc2cccc(C#Cc3cccc(N)n3)n2)n1,MoleculeNet_HIV
hiv_25331,COc1ccc2c(c1)C1=NCCN(CCO)c3ccc([N+](=O)[O-])c(c31)N2,MoleculeNet_HIV
davis_176167,Cn1cc(C2=C(c3cn(C4CCN(Cc5ccccn5)CC4)c4ccccc34)C(=O)NC2=O)c2ccccc21,DAVIS_spike_in
hiv_35100,CC(CCc1ccccc1)NCC(O)n1c(N=NN(C)C)nc2c1c(=O)n(C)c(=O)n2C,MoleculeNet_HIV
hiv_31940,O=C1C2=Nc3ccccc3C(O)(C(=O)O)N2c2ccccc21,MoleculeNet_HIV
hiv_12709,CC(=O)C1CCC2C3CCC4c5nn(-c6ccccc6)nc5CCC4(C)C3CCC12C,MoleculeNet_HIV
hiv_30656,CCOC(=O)Cn1c(=O)c2nc(SC)sc2n(-c2ccc(C)cc2)c1=S,MoleculeNet_HIV
davis_11364421,CCC1C(=O)N(C)c2cnc(Nc3ccc(C(=O)NC4CCN(C)CC4)cc3OC)nc2N1C1CCCC1,DAVIS_spike_in
hiv_13004,NC(CSCCCO)C(=O)O,MoleculeNet_HIV
hiv_25979,CC(=O)Nc1ccc(C=C2C(=O)NC(=S)N2C=C(C#N)c2ccc([N+](=O)[O-])cc2)cc1,MoleculeNet_HIV
hiv_20640,COc1ccc(CCC2NCCc3cc(OC)c(OC)cc32)cc1.Cl,MoleculeNet_HIV
hiv_37460,N=c1[nH]n2cc3c(nc2c1N=Nc1ccccc1)CCC3,MoleculeNet_HIV
hiv_29258,COC(=O)C(Cc1c[nH]c2ccccc12)NC(=O)C(Cc1c[nH]c2ccccc12)NC(=O)C(Cc1c[nH]c2ccccc12)NC(=O)C(Cc1c[nH]c2ccccc12)NC(=O)C(Cc1c[nH]c2ccccc12)NC(=O)C(Cc1c[nH]c2ccccc12)NC(=O)OC(C)(C)C,MoleculeNet_HIV
hiv_9724,CCCCCOC(=S)SSSC(=S)OCCCCC,MoleculeNet_HIV
hiv_25749,NN=C(CC(O)(C(F)(F)Cl)C(F)(F)Cl)CC(O)(C(F)(F)Cl)C(F)(F)Cl,MoleculeNet_HIV
hiv_40393,CCC1(Cc2ccc(OC)c(OC)c2)C=[N+]([O-])OC(OC2CCCC2(c2ccccc2)c2ccccc2)C1OC(C)=O,MoleculeNet_HIV
hiv_21588,CCOC(=O)C1c2[nH]c3ccccc3c2CCN1C(=O)c1ccc(OC)o1,MoleculeNet_HIV
hiv_25438,Cc1c(CCCl)c(N=[N+]=[N-])n2c(nc3ccccc32)c1C#N,MoleculeNet_HIV
hiv_31622,O=[N+]([O-])c1ccc2c(c1)c1nn2CCCCOc2nn(c3ccc([N+](=O)[O-])cc23)CCCCO1,MoleculeNet_HIV
hiv_25390,COC12C=CC(CC1)C(C)(C)C2=O,MoleculeNet_HIV
hiv_15211,CCCCCCCCCCCc1c(O)c(O)cc2nc3ccc(Sc4ccccc4)cc3nc12,MoleculeNet_HIV
hiv_10423,COc1ccc(C(=O)CCC2(C)OCCO2)cc1OC,MoleculeNet_HIV
hiv_24490,CCOC(=O)c1sc2c(c1O)c(=O)n(-c1ccccc1)c(=S)n2-c1ccccc1,MoleculeNet_HIV
hiv_13153,Cl.N=C(N)c1csc(C2OC(CO)C(O)C2O)n1,MoleculeNet_HIV
hiv_22590,CCOC(=O)C1(C#N)C(c2ccccc2)CC(O)(c2ccc(Cl)cc2)C(C(=O)c2ccc(Cl)cc2)C1c1ccccc1,MoleculeNet_HIV
hiv_38987,COc1ccc(C=CC(=O)c2nc3ccccc3[nH]2)cc1,MoleculeNet_HIV
hiv_4851,CC(C)(O)CCC(=O)C(C)(O)C1CCC2(C)C3CC=C4C(CC(O)C(O)C4(C)C)C3(C)C(=O)CC12C,MoleculeNet_HIV
hiv_26296,CC(=O)C(=Cn1c(=S)sc2ccccc21)C(=O)Nc1ccccc1,MoleculeNet_HIV
hiv_15986,CCCCC1OC2OC3(C)CCC4C(C)CCC(C1C)C24OO3,MoleculeNet_HIV
hiv_776,CN(CCN(C)CC(=O)O)CC(=O)O,MoleculeNet_HIV
hiv_32141,COCCN(C(=O)c1ccccc1)C1CCC2(SCCS2)c2[nH]c3ccccc3c21,MoleculeNet_HIV
hiv_4029,CN1C(c2ccccc2)(c2ccccc2)c2ccccc2S1(=O)=O,MoleculeNet_HIV
hiv_26413,CC(=O)C12CC(C#N)(N3CCCCCC3)C1C=Cc1ccccc12,MoleculeNet_HIV
hiv_26776,CCOC(=O)C1=CC(C)(C(=O)OCC)Nc2c(nc(OC)n(C)c2=O)N1,MoleculeNet_HIV
hiv_37482,COc1cc2cc(C(=O)N3CC(CCl)c4ccc([N+](C)(C)Cc5ccccc5[N+](=O)[O-])cc43)[nH]c2c(OC)c1OC.[Cl-],MoleculeNet_HIV
hiv_38252,FC(F)(F)c1ccc(C2=NS(c3ccccc3)=NC(c3ccc(C(F)(F)F)cc3)=NS(c3ccccc3)=N2)cc1,MoleculeNet_HIV
hiv_13214,CCOC1C2c3cc(OC)c(OC)cc3CC(C#N)(c3ccccc32)N1C(=O)c1ccccc1,MoleculeNet_HIV
hiv_20665,COc1cc2cccc(N=Cc3c(Br)ccc(OC)c3OC(C)C)c2cc1OC,MoleculeNet_HIV
hiv_21297,CCOc1ccc(N=C(NC(=O)c2ccccc2)SC)cc1.I,MoleculeNet_HIV
hiv_21739,Cc1no[n+]([O-])c1C=NNS(=O)(=O)c1ccccc1,MoleculeNet_HIV
hiv_3923,NNC(=O)NP(=O)(NC(=O)NN)NC(=O)NN,MoleculeNet_HIV
hiv_23801,COc1ccc(CC(N)C(=O)N2CC(CO)CC(n3cnc4c(N(C)C)ncnc43)C2)cc1,MoleculeNet_HIV
hiv_40905,C=C1CN(S(=O)(=O)c2ccc(C)cc2)CCCN(Cc2ccccc2)CCN(S(=O)(=O)c2ccc(C)cc2)C1.Cl,MoleculeNet_HIV
hiv_4400,Cc1ccc(S(=O)(=O)NC(=O)NCCSSCCNC(=O)NS(=O)(=O)c2ccc(C)cc2)cc1,MoleculeNet_HIV
hiv_7864,O=C(O)CCC(=O)OCCNCCOC(=O)CCC(=O)O,MoleculeNet_HIV
hiv_39693,Cc1cn(C2CC(C)(CO)N(C)O2)c(=O)[nH]c1=O,MoleculeNet_HIV
hiv_10008,CN1Cc2ccccc2C2C(c3ccccc3)=NN(c3ccccc3)C21,MoleculeNet_HIV
hiv_27839,COc1ccc(C2C3=C(COC3=O)Oc3cc4c(cc32)OCO4)c(OC)c1,MoleculeNet_HIV
hiv_25890,CCOC(=O)C(=CNC(=S)Nc1c(C)cccc1C)C(=O)c1ccccc1,MoleculeNet_HIV
hiv_33926,N=c1ncn2c(nc3ccccc32)[nH]1,MoleculeNet_HIV
hiv_9010,C[N+]1=[O+][Co-4]2345[O+]=[N+](C)[N-]N2c2ccccc2[S+]3CC[S+]4c2ccccc2N5[N-]1,MoleculeNet_HIV
hiv_8610,NC(=O)c1ncn2c(=O)n(CCCl)nnc12,MoleculeNet_HIV
hiv_7732,S=C(Nc1ccc(Cl)c(Cl)c1)N1c2ccccc2-n2cccc2C1c1cccnc1,MoleculeNet_HIV
hiv_19970,COc1ccc(S(=O)(=O)NN=C(C)CN2C(=O)c3ccccc3C2=O)cc1OC,MoleculeNet_HIV
hiv_4592,C[N+]12C(=O)CC3OCC=C4C[N+]5(C)CCC6(c7ccccc71)C2C3C4CC65O,MoleculeNet_HIV
hiv_25911,O=C(NCc1ccccc1)C(=Cc1ccc2c(c1)OCO2)NC(=O)c1ccccc1,MoleculeNet_HIV
hiv_20856,Cc1cc(N(CCC#N)CCC#N)ccc1C=C1N=C(C=Cc2ccccc2)N(c2ccc(S(N)(=O)=O)cc2)C1=O,MoleculeNet_HIV
hiv_40091,O=C(c1ccco1)n1c2ccc(Br)cc2c2nc3ccccc3nc21,MoleculeNet_HIV
hiv_1977,Cc1ccccc1N=Nc1c(S(=O)(=O)O)cc2cc(NC(=O)Nc3ccc4c(O)c(N=Nc5ccc6cc(S(=O)(=O)O)ccc6c5)c(S(=O)(=O)O)cc4c3)ccc2c1O,MoleculeNet_HIV
hiv_34963,Cc1nn(C2=NCCN2)c(O)c1C,MoleculeNet_HIV
hiv_10320,COc1c(CCl)cc(-c2cc(=O)c3ccccc3s2)cc1CCl,MoleculeNet_HIV
hiv_9410,N#Cc1c(N)nc2c(c(-c3ccc(Cl)cc3)nn2-c2ccccc2)c1C#N,MoleculeNet_HIV
hiv_7984,C=CC(=O)NCCSSCCNC(=O)C=C,MoleculeNet_HIV
hiv_40438,COC(=O)CP1(=O)OC2C(C3CCC2(C)C3(C)C)N1c1cc(C(F)(F)F)cc(C(F)(F)F)c1,MoleculeNet_HIV
hiv_33176,CN1C(=O)C2CCC(=O)N2c2cccnc21,MoleculeNet_HIV
hiv_35731,[Na+].c1ccc2c(c1)[SH+][Pb]1([SH+]2)[SH+]c2ccccc2[SH+]1,MoleculeNet_HIV
hiv_38159,Cc1nc(O)c2sc3nc4ccccc4n3c2n1,MoleculeNet_HIV
hiv_38687,O=S(=O)(c1ccc(NC2=NC(c3ccc(O)cc3)(c3ccccc3O)c3ccccc32)cc1)c1ccc(NC2=NC(c3ccc(O)cc3)(c3ccccc3O)c3ccccc32)cc1,MoleculeNet_HIV
hiv_5815,O=C1NC2(CCCCC2)C(=O)N1CCN(CCCl)CCCl,MoleculeNet_HIV
hiv_26611,CC1C(=O)OC2CCC3(C)C(=O)OC4OC5(c6ccoc6)CC1(O)C2(C)C43O5,MoleculeNet_HIV
hiv_24494,CN1CCN(C(=S)N(C)C(=O)c2ccco2)CC1,MoleculeNet_HIV
hiv_40255,CC(C)(C)[Si](C)(C)OC1C(=O)C(CO)OC1n1ccc(=O)[nH]c1=O,MoleculeNet_HIV
hiv_25247,COC(=O)c1cc(C(=O)OC)c(CC(=NNC(=O)C[N+](C)(C)C)C(=O)Nc2cccc(C(F)(F)F)c2)nc1CC(=NNC(=O)C[N+](C)(C)C)C(=O)Nc1cccc(C(F)(F)F)c1.[Cl-],MoleculeNet_HIV
hiv_10484,COc1c(OC)c(C2(O)C(=O)N(C)c3ccccc32)c(OC)c(OC)c1C1(O)C(=O)N(C)c2ccccc21,MoleculeNet_HIV
hiv_8124,O=C(Nc1ccccc1)c1c(O)nc(S)nc1O,MoleculeNet_HIV
hiv_33436,O=C(Cn1cc(Br)c(=O)[nH]c1=O)c1ccc(-c2ccccc2)cc1,MoleculeNet_HIV
hiv_3241,CC(C)(N)C(=O)NC1C(=O)N2C1SC(C)(C)C2C(=O)O,MoleculeNet_HIV
hiv_15075,N#CC(C(=O)CCCC(=O)Nc1ccc(Cl)cc1Cl)c1ccccc1,MoleculeNet_HIV
hiv_21934,OCc1ccc2[n+](c1)CCC1c3ccccc3NC21.[Br-],MoleculeNet_HIV
hiv_40508,Cc1cc(C#N)c(Nc2c(C)cccc2[N+](=O)[O-])s1,MoleculeNet_HIV
hiv_39373,CC=CC=Nc1c(C#N)c2n(c1C(=O)Nc1ccccc1)CCCC2,MoleculeNet_HIV
hiv_24998,Cn1c(-c2cccs2)cc(-c2ccsc2)c1-c1ccsc1,MoleculeNet_HIV
hiv_35975,CC(=O)Oc1ccccc1C(=O)Nc1ccc(S(=O)(=O)c2ccc(NC(=O)c3ccccc3OC(C)=O)cc2)cc1,MoleculeNet_HIV
hiv_34585,CCC1C2OC(=O)C(C)C2C2(O)CC(C3CC(C)C(=O)O3)N3CCCCC12C3=O,MoleculeNet_HIV
hiv_7980,N=c1[nH]c2c(s1)CCC2,MoleculeNet_HIV
hiv_21557,O=Cc1ccc2c(c1-c1c(C=O)ccc3c1OCO3)OCO2,MoleculeNet_HIV
hiv_3425,O=C(Nc1ccc(S(=O)(=O)Nc2ncccn2)cc1)c1ccc(C(=O)Nc2ccc(S(=O)(=O)Nc3ncccn3)cc2)cc1,MoleculeNet_HIV
hiv_36145,CCOC(=O)CN1C(=O)NC(C)(c2ccccc2)C1=O,MoleculeNet_HIV
hiv_21920,COc1ccc(C(C2=C(O)CC(C)OC2=O)C2=C(O)CC(C)OC2=O)cc1,MoleculeNet_HIV
hiv_13797,CC(C)CC(NC(=O)C(CO)NC(=O)C(CCCCN)NC(=O)C(CCCCN)NC(=O)C(NC(=O)CNC(=O)C(C)NC(=O)C(CCCNC(=N)N)NC(=O)C(NC(=O)C(N)C(C)C)C(C)C)C(C)C)C(=O)O,MoleculeNet_HIV
hiv_8986,CC(=O)O.Nc1nc(O)nc2nc3c(nc12)-c1cccc2cccc-3c12.O=S(=O)(O)O,MoleculeNet_HIV
hiv_6524,CCN(CC)CCOC(=O)C(Cc1cccc2ccccc12)CC1CCCO1.O=C(O)C(=O)O,MoleculeNet_HIV
hiv_18391,CCOC(=O)NC1C(CC(=O)OC)OC2OC(C)(C)OC21,MoleculeNet_HIV
hiv_21410,COc1ccc2c(c1)C(O)(C(F)(F)F)c1cc(C(=O)C(F)(F)F)c3ccccc3c1N2,MoleculeNet_HIV
hiv_10277,CC1(C)OC2C(COCc3ccccc3)=CC(n3ccc(=O)[nH]c3=O)C2O1,MoleculeNet_HIV
hiv_8409,Cc1n[nH]c2c1NC(=O)OCC2,MoleculeNet_HIV
hiv_40331,CCOC1OC(COC(=O)C(C)(C)C)C(O)CC1n1cc(C)c(=O)[nH]c1=O,MoleculeNet_HIV
hiv_5582,COc1ccc(C=Cc2nc3ccccc3nc2C=Cc2ccc(OC)c(OC)c2)cc1OC,MoleculeNet_HIV
hiv_15612,N#Cc1cccc(NC(=O)c2ccc(C(=O)O)c(C(=O)c3ccc(C(=O)O)c(C(=O)Nc4cccc(C#N)c4)c3)c2)c1,MoleculeNet_HIV
hiv_32589,N#CC1(C#N)NC(c2ccccc2)C(C#N)(C#N)NC1c1ccccc1,MoleculeNet_HIV
hiv_28417,C=C1C2CC3CCC2C(OC(=O)c2ccccc2C(=O)O)C13,MoleculeNet_HIV
hiv_10470,O=C1C2CN(Cc3ccccc3)CC2C(=O)N1c1ccccc1,MoleculeNet_HIV
hiv_17655,CCOC(=O)C1=C(Nc2ccc(Cl)c(Cl)c2)OCC1=NNC(=O)Cc1ccccc1,MoleculeNet_HIV
hiv_23997,CN1N=C2NCCNC3=NN(C)C(=NCCN=C1S2)S3,MoleculeNet_HIV
hiv_13608,CC(=O)N1CCC2(c3ccccc3N(C(C)=O)C2c2ccc(O)cc2)C1C(=O)O,MoleculeNet_HIV
hiv_37719,N#CC1(C#N)C(c2ccccc2)C=CC(c2ccc([N+](=O)[O-])cc2)C1(C#N)C#N,MoleculeNet_HIV
hiv_40727,COc1cc2c(cc1OC)C(=O)N1CCCC1CS2,MoleculeNet_HIV
hiv_12800,COc1cc(O)c2c(c1C)C(C)(O)c1c(C)coc1C2=O,MoleculeNet_HIV
hiv_10289,COC(=O)C1=C(C(=O)OC)NC=C2CCCC2=N1,MoleculeNet_HIV
hiv_36283,CC(C)c1c(O[Si](C(C)C)(C(C)C)C(C)C)cc2c(c1O)CCC1C(C)(C)CCCC21C,MoleculeNet_HIV
hiv_2969,CC(=O)Nc1cc(N=Nc2ccc(N=Nc3ccc(NC(=O)c4ccc(N)cc4)cc3C)cc2C)c(S(=O)(=O)O)cc1N=Nc1cccc(C(=O)O)c1,MoleculeNet_HIV
hiv_24092,COc1cccc2c1C1OC(=O)NC1CCCCC2,MoleculeNet_HIV
hiv_34164,Oc1nc2ccc(Cl)cc2c2oc(-c3ccccc3)nc12,MoleculeNet_HIV
hiv_9722,CCOC(=S)SSSC(=S)OCC,MoleculeNet_HIV
hiv_15056,O=C1CCCCCCCCCCOC(=O)CCCCCCCCCCO1,MoleculeNet_HIV
hiv_6420,Clc1ccc2nc(-c3ccc(Cl)c(Cl)c3)cc(-c3ccccc3)c2c1,MoleculeNet_HIV
hiv_22282,CCCCNS(=O)(=O)c1ccc(-c2ccc3c(c2)-c2ccc(S(=O)(=O)NCCCC)cc2S3(=O)=O)cc1,MoleculeNet_HIV
hiv_35521,CC1(C)OCC2OC3(c4nc(C#N)c(N)o4)OC(C)(C)OC3C2O1,MoleculeNet_HIV
hiv_7180,Cc1cc(C2C(=O)c3ccccc3C2=O)cc(C)c1O,MoleculeNet_HIV
hiv_12887,O=C(C=Nc1ccccc1S)c1ccco1,MoleculeNet_HIV
hiv_32838,O=C(O)c1ccc(NNc2cc(O)nc(O)n2)cc1,MoleculeNet_HIV
hiv_37575,O=C(CN1CCOCC1)c1ccc2c(c1)oc(=O)n2CCN1CCCC1,MoleculeNet_HIV
hiv_14365,CC(C)CC1=[N+]=C(NC#N)N=C(CCC(=O)Nc2ccccc2[N+](=O)[O-])C1,MoleculeNet_HIV
hiv_27060,FC(F)(F)c1nc2cc(Cl)c(SSc3cc4[nH]c(C(F)(F)F)nc4cc3Cl)cc2[nH]1,MoleculeNet_HIV
hiv_19286,C=C1CC(c2ccc(O)c(OC)c2)Oc2c(OC)cccc21,MoleculeNet_HIV
hiv_14092,O=c1c2ccccc2oc2nccnc12,MoleculeNet_HIV
hiv_17969,O=C(O)CCCc1cc2c(s1)-c1cccc3cccc-2c13,MoleculeNet_HIV
hiv_5859,CN1CCC2(CC1)C(=O)N(Cc1ccccc1)C(=O)C2c1ccccc1,MoleculeNet_HIV
hiv_22971,O=C1CSC(c2ccccc2)C1C(=O)c1ccc(NCc2nc3ccccc3[nH]2)cc1,MoleculeNet_HIV
hiv_26978,Cc1cn(C2CC(N=[N+]=[N-])C(COP(=O)(OCC(=O)c3ccccc3)OCC(=O)c3ccccc3)O2)c(=O)[nH]c1=O,MoleculeNet_HIV
hiv_27604,FC1(F)[Se]C2C3CCC(C3)C2C1(F)F,MoleculeNet_HIV
hiv_13524,COc1cccc(-c2nccc3c(OCc4ccccc4)c(OC)c(OC)cc23)c1,MoleculeNet_HIV
hiv_38194,O=C(CC(c1ccccc1)C(C(=O)c1ccncc1)C(CC(=O)c1ccncc1)c1ccccc1)c1ccncc1,MoleculeNet_HIV
hiv_942,Oc1ccc(CCC2CCNc3ccccc32)cc1,MoleculeNet_HIV
hiv_6605,O=c1oc2ccccc2c(O)c1-c1cccc2ccccc12,MoleculeNet_HIV
hiv_33611,COC(=O)c1cc(C=CC(=O)Cc2ccccc2)cn1S(=O)(=O)c1ccccc1,MoleculeNet_HIV
hiv_8931,CCC(C=CC1OC(=O)C=CC1C)=CC(C)CC=CC(C)=CC(CO)C(=O)C(C)C(O)C(C)CC(C)=CC(=O)O,MoleculeNet_HIV
hiv_15137,O=C(CCCCCCCCCCc1ccccc1)C1=C(O)CC(O)CC1=O,MoleculeNet_HIV
hiv_34304,Cc1ccc(Nc2nc(O)c3cc[nH]c3n2)cc1,MoleculeNet_HIV
hiv_14749,CCC(C)C(NC(=O)C(N)CCC(=O)O)C(=O)NC(CCCCN)C(=O)NCC(=O)NC(C(=O)NC(C(=O)NC(CC(N)=O)C(=O)NC(CC(C)C)C(=O)NCC(=O)NC(CCCCN)C(=O)O)C(C)O)C(C)O,MoleculeNet_HIV
hiv_23191,O=S(=O)(c1ccccc1)n1cnc(CCc2ccccc2)n1,MoleculeNet_HIV
hiv_708,O=C(O)O,MoleculeNet_HIV
hiv_4448,O=C1NC(=O)C(=C2CCCCC2)N1,MoleculeNet_HIV
hiv_10182,O=P1(c2ccccc2)C=C(c2ccccc2)NC(c2ccccc2)=C1,MoleculeNet_HIV
hiv_14722,Cn1cnc([N+](=O)[O-])c1Sc1nccn1-c1ccccc1,MoleculeNet_HIV
hiv_29307,COc1ccccc1NC(=S)NN=C(C)c1cccc(C(C)=NNC(=S)Nc2ccccc2OC)n1,MoleculeNet_HIV
hiv_13400,COC(=O)C(Cc1c[nH]c2ccccc12)NC(=O)C(Cc1c[nH]c2ccccc12)NC(=O)OCc1ccccc1,MoleculeNet_HIV
hiv_2946,O=C1OC2(CCCCC2)c2ccccc21,MoleculeNet_HIV
hiv_37391,Cc1ccc(Cl)c2c(=O)c3ccc([N+](=O)[O-])cc3sc12,MoleculeNet_HIV
hiv_24562,COc1ccc(C2CC(=O)N3CCCC3N2)cc1,MoleculeNet_HIV
hiv_33473,O=c1c(-c2ccc(Cl)cc2)nnc2n(Cc3ccccc3)c3ccccc3n12,MoleculeNet_HIV
hiv_2158,O=C(Nc1ccc(C2=NCCN2)cc1)c1cccc(NC(=S)Nc2ccc(C3=NCCN3)cc2)c1,MoleculeNet_HIV
hiv_11107,COC(=O)c1sc(=NC(=S)N2CCCCC2)sc1C(=O)OC,MoleculeNet_HIV
hiv_10850,Cc1cnc(SCCN2CCN(C)CC2)nc1-c1cc2ccccc2s1,MoleculeNet_HIV
hiv_1536,Oc1cc(SCc2ccccc2Cl)nc(O)n1,MoleculeNet_HIV
hiv_7375,COc1ccc(C2OCC3C(c4ccc(OC)c(OC)c4)OCC23)cc1OC.COc1ccc(C2OCC3C(c4ccc(OC)c(OC)c4)OCC23)cc1OC,MoleculeNet_HIV
hiv_22109,O=C(Nc1ccc2c(O)cc(S(=O)(=O)O)cc2c1)Nc1ccc2c(O)cc(S(=O)(=O)O)cc2c1.[NaH],MoleculeNet_HIV
hiv_39396,O=C(O)CN1CCN2CCOCCOCCN(CC1)CCN(CC(=O)O)CC2,MoleculeNet_HIV
hiv_26481,c1csc(-c2sc(-c3ccsc3)cc2Cc2ccsc2)c1,MoleculeNet_HIV
hiv_38369,CC(=C(c1ccccc1)c1ccccc1)N1C(=O)CC(=O)N1C,MoleculeNet_HIV
hiv_1303,COC(C(=O)C(O)C(C)O)C1Cc2cc3cc(OC4CC(OC(C)=O)C(OC5CC(O)C(OC)C(C)O5)C(C)O4)cc(O)c3c(O)c2C(=O)C1OC1CC(OC2CC(OC3CC(C)(O)C(OC(=O)C(C)C)C(C)O3)C(O)C(C)O2)C(O)C(C)O1,MoleculeNet_HIV
hiv_22474,Cc1ccc([N+](=O)[O-])cc1NC(=O)C(=O)C1CCC2=C(Sc3ccccc3N2)C1=O,MoleculeNet_HIV
hiv_27487,Clc1cccc(Cl)c1C1SCc2nc3ncccc3n21,MoleculeNet_HIV
hiv_5869,CCNC(=N)SCCS(=O)(=O)O,MoleculeNet_HIV
hiv_1215,O=C1Nc2ccc(cc2)Cc2ccc(cc2)NC(=O)N2CCN(CC2)C(=O)Nc2ccc(cc2)Cc2ccc(cc2)NC(=O)N2CCN1CC2,MoleculeNet_HIV
hiv_2385,Cn1cc(C(N)=O)ccc1=N,MoleculeNet_HIV
hiv_29423,CC(C)(C)OC(=O)NC(Cc1ccc(O)cc1)C(=O)NC(CCCCN)C(=O)NC(Cc1ccc(O)cc1)C(=O)NC(CCCCN)C(=O)ON1C(=O)CCC1=O,MoleculeNet_HIV
hiv_17759,CC1(O)N2CCCC1(c1ccccc1)CC2,MoleculeNet_HIV
hiv_7409,CN1C(=O)c2ccccc2Cc2c(NCc3ccccc3)ncnc21,MoleculeNet_HIV
hiv_28695,COc1ccc(CCn2nccc2C)cc1.Cl,MoleculeNet_HIV
hiv_7701,Cn1ccc(=NN=c2ccn(C)c3ccccc23)c2ccccc21,MoleculeNet_HIV
hiv_18853,COC(=O)N1CC(=O)C(C(=O)NC23CC4CC(CC(C4)C2)C3)C1,MoleculeNet_HIV
hiv_902,CSS(C)(=O)=O,MoleculeNet_HIV
hiv_33565,CCOC(=O)NN=C(CC)OCC,MoleculeNet_HIV
hiv_21753,CCN(CC)CCCCC1CCN(CC(=O)N2c3ccccc3NC(=O)CC2C)CC1,MoleculeNet_HIV
hiv_12414,CN1CC(=O)N(C)c2ncn(Cc3ccccc3)c2C1=O,MoleculeNet_HIV
hiv_15603,O=C1NC(=O)C(c2ccccc2)O1,MoleculeNet_HIV
hiv_16730,N#CC(C(=O)C(=NN)C(C#N)c1ccc(Cl)cc1)c1ccc(Cl)cc1,MoleculeNet_HIV
hiv_26886,CN1CNc2[nH]c(=N)n(C)c(=O)c2C1,MoleculeNet_HIV
hiv_16681,O=C(O)c1ccc(CSc2ccc([N+](=O)[O-])cc2)cc1,MoleculeNet_HIV
hiv_41100,COc1ccc(C=C2CN(C)CC3C2=NN(c2ccccc2)C3c2ccc(OC)cc2)cc1,MoleculeNet_HIV
hiv_39126,Sc1ncc(-c2cncc(-c3cnc(S)nc3)n2)cn1,MoleculeNet_HIV
hiv_7137,COc1ccc2c(c1)C1CCN(C)CC1OC2=O,MoleculeNet_HIV
hiv_9792,Br.Clc1ccc(C2=CSC3=NCCN23)cc1,MoleculeNet_HIV
hiv_8870,CCCC[Sn](CCCC)(SCCS(=O)(=O)O)SCCS(=O)(=O)O.N=C(N)N,MoleculeNet_HIV
hiv_5980,CN1Cc2ccccc2C=Cc2ccccc21,MoleculeNet_HIV
hiv_6983,Cc1cc(NCCCCCCCNc2cc(C)nc3cc(N)ccc23)c2ccc(N)cc2n1,MoleculeNet_HIV
hiv_28248,COc1cc(C2c3cc4c(cc3OC(N3CCOCC3)C2C)OCO4)ccc1O,MoleculeNet_HIV
hiv_39691,O=C(N=C1OC(CN2CCOCC2)CN1C(=O)Nc1ccccc1)Nc1ccccc1,MoleculeNet_HIV
hiv_38875,COC(=O)C(Cc1ccccc1)NC(=O)N(CCC#N)CCCCN(CCC#N)C(=O)NC(Cc1ccccc1)C(=O)OC,MoleculeNet_HIV
hiv_9473,CCC(=O)N1C(=O)C(C)C23c4cccc([N+](=O)[O-])c4C(=O)N2CCCN13,MoleculeNet_HIV
hiv_15278,CC=CCC(C)C(OS(=O)(=O)O)C1C(=O)NC(CC)C(=O)N(C)CC(=O)N(C)C(CC(C)C)C(=O)NC(C(C)C)C(=O)N(C)C(CC(C)C)C(=O)NC(C)C(=O)NC(C)C(=O)N(C)C(CC(C)C)C(=O)N(C)C(CC(C)C)C(=O)N(C)C(C(C)C)C(=O)N1C.[NaH],MoleculeNet_HIV
hiv_28066,CCOC(CCCN1CCC2(CC1)C(=O)N(C)CN2c1ccccc1)(OCC)c1ccc(F)cc1,MoleculeNet_HIV
hiv_26235,CC(=O)C(=CNC(N)=S)C(C)=O,MoleculeNet_HIV
hiv_20155,Cc1cn(C2CCC(CO)(CO)CC2O)c(=O)[nH]c1=O,MoleculeNet_HIV
hiv_22216,CN1C(=S)CSc2ccccc21,MoleculeNet_HIV
hiv_33522,COCCOC(=O)C(C)=[N+]=[N-],MoleculeNet_HIV
hiv_31443,S=C(NN=Cc1ccccn1)NN=Cc1ccccn1,MoleculeNet_HIV
hiv_1850,O=C1NC(=O)C2(CC2)C(=O)N1,MoleculeNet_HIV
hiv_24823,Cc1cccc(NS(=O)(=O)c2ccc3c(c2)OCCOCCOCCOCCO3)c1,MoleculeNet_HIV
hiv_8544,COc1ccc(CC2=CC(=NO)C(C)=CC2=O)cc1,MoleculeNet_HIV
hiv_1453,O[Si](c1ccc(C(F)(F)F)cc1)(c1cccc(C(F)(F)F)c1)c1cccc(C(F)(F)F)c1,MoleculeNet_HIV
hiv_31893,O=c1[nH]nc(Cc2ccccc2)n1Nc1ccccc1,MoleculeNet_HIV
hiv_212,C1COCCN1.S=C(S)N1CCOCC1,MoleculeNet_HIV
hiv_20341,Cc1ccc(N(C(=O)CC(=O)NN=Cc2ccccc2O)C(=O)c2ccccc2)cc1,MoleculeNet_HIV
hiv_3470,CC1(C)SC(N)=N[B-]12OC(=O)CC(=O)O2,MoleculeNet_HIV
hiv_4410,COc1cc2c(cc1OC)C13CC[N+]4(C)CC5=CCOC6CC(=O)N2C1C6C5CC34O,MoleculeNet_HIV
hiv_16386,C=C1C(C(=O)OC)C2(C)C(C(=O)OC)C(=O)C(C(=O)OC)C2(CCC)C1C(=O)OC,MoleculeNet_HIV
hiv_5356,S=C1NC(c2ccccc2)Nc2ccccc21,MoleculeNet_HIV
hiv_19927,COC(=O)C1C2C=CC(C2)C1(C(=O)OC)S(=O)CC12CCC(CC1O)C2(C)C,MoleculeNet_HIV
hiv_16898,CC1=C(C(=O)NCc2ccccc2)C(c2ccco2)C(C(=O)NCc2ccccc2)=C(C)N1,MoleculeNet_HIV
hiv_1514,COC1=C(N)C(=O)c2nc(-c3nc(C(=O)O)c(C)c(-c4ccc(OC)c(OC)c4O)c3N)ccc2C1=O,MoleculeNet_HIV
hiv_24211,COC1OC(C)C(=NO)C2OC(C)(C)OC12,MoleculeNet_HIV
hiv_38919,COC1CCN(N(C)C)O1,MoleculeNet_HIV
hiv_19908,CC1(C)c2ccccc2N2OC3C(=O)N(c4ccccc4)C(=O)C3C21c1ccccc1,MoleculeNet_HIV
hiv_5102,CC(=O)OC1(C)C=CC(=NS(=O)(=O)c2ccc(C)cc2)c2ccccc21,MoleculeNet_HIV
hiv_33607,CCOP(=O)(OCC)OC1c2[nH]ccc2-c2cc(C(=O)OC)[nH]c2C1OC,MoleculeNet_HIV
hiv_32448,CC(=O)OCCOCn1c2c(c(=O)[nH]c1=O)CCC2,MoleculeNet_HIV
hiv_36483,CCc1n[nH]c(=O)n1N=Cc1c(O)ccc2ccccc12,MoleculeNet_HIV
hiv_13756,CC12C(=O)N(CCN)C(=O)C1C1c3ccccc3C2c2ccccc21,MoleculeNet_HIV
hiv_4832,O=C(O)C1C(C(=O)O)C2C=CC1C21CCCC1,MoleculeNet_HIV
hiv_8807,CC(=O)SCCCn1c(=O)n(CCCSC(C)=O)c(=O)n(CCCSC(C)=O)c1=O,MoleculeNet_HIV
hiv_23701,Cc1cc(O)nc(NNC(C#N)c2ccc(O)cc2)n1,MoleculeNet_HIV
hiv_19015,O=C(NCCCl)SCCO,MoleculeNet_HIV
hiv_36706,FC(F)(F)c1ccc(N=NN2CCCC2)cc1,MoleculeNet_HIV
hiv_33549,CCOC(=O)C1C(=O)CC(C)(O)C(C(=O)OCC)C1c1ccc(N(C)C)cc1,MoleculeNet_HIV
hiv_8613,O=C1OCC2=Nc3cccc4cccc(c34)N12,MoleculeNet_HIV
hiv_33300,COC(=O)c1ccccc1C=C1Cc2c(C)cc(C)cc2C1=O,MoleculeNet_HIV
hiv_13743,O=[N+]([O-])C1(CO)COC2(OC1)c1ccccc1-c1ccccc12,MoleculeNet_HIV
hiv_27741,O=C1NCC2(CCN(Cc3ccccc3)CC2)N1,MoleculeNet_HIV
hiv_3661,CN1CCc2c(sc(N)c2C#N)C1,MoleculeNet_HIV
hiv_39136,COc1ccc2c(O)c(S(=O)(=O)c3ccc(C)cc3)c(=O)oc2c1OC,MoleculeNet_HIV
hiv_28608,Cc1ccc(Nc2n[nH]c(NS(=O)(=O)c3cc(C)c(Cl)cc3S)n2)cc1,MoleculeNet_HIV
hiv_15382,O=C(Cc1nc2ccccc2c(=O)n1-c1c(Cl)cccc1Cl)c1ccncc1,MoleculeNet_HIV
hiv_121,CCOC(=O)C(CCCCS(=O)(=O)O)C(=O)OCC,MoleculeNet_HIV
hiv_29999,Br.CN1C(C)(C)C(Br)C(=O)C(Br)C1(C)C,MoleculeNet_HIV
hiv_4850,Cc1cc(O)c2c(c1)OC1(C)CCC3C(C)(C)CCCC34COC2C14,MoleculeNet_HIV
davis_176870,C#Cc1cccc(Nc2ncnc3cc(OCCOC)c(OCCOC)cc23)c1,DAVIS_spike_in
hiv_8514,O=C1CCSC(=O)N1c1ccccc1,MoleculeNet_HIV
hiv_32384,COc1ccc(NS(=O)CCCc2ccccc2)cc1,MoleculeNet_HIV
hiv_26879,CCOC(=O)c1cc(-c2cc(OC)c(OC)c([N+](=O)[O-])c2)c([N+](=O)[O-])n1C,MoleculeNet_HIV
hiv_2300,COc1ccc(OC)c(N=Nc2cc(OC)c(N=Nc3c(O)nc4ccccc4c3O)cc2Cc2ccccc2C(=O)O)c1,MoleculeNet_HIV
hiv_28409,Cc1ccc(S(=O)(=O)NN=C2CC3C4CCC3C2C4)cc1,MoleculeNet_HIV
hiv_35066,CCCOc1cc2c(c3oc(=O)cc(CCC)c13)C(=O)C(C)C(C)O2,MoleculeNet_HIV
hiv_5042,COC1C=COC2(C)Oc3c(C)c(O)c4c(O)c(cc(OCC(=O)N(C)C5CCCCC5)c4c3C2=O)NC(=O)C(C)=CC=CC(C)C(O)C(C)C(O)C(C)C(OC(C)=O)C1C,MoleculeNet_HIV
hiv_29427,Cl.NC(Cc1ccc(OCc2ccccc2)cc1)C(=O)NC(Cc1ccccc1)C(=O)ON1C(=O)CCC1=O,MoleculeNet_HIV
hiv_29297,CC(=O)N1N(c2ccc([N+](=O)[O-])cc2)C(=O)C1(C)C,MoleculeNet_HIV
hiv_7294,C=CC(C)(C)C12CC3C(=O)NC(=Cc4c[nH]cn4)C(=O)N3C1Nc1ccccc12,MoleculeNet_HIV
hiv_19125,COC(=O)C(NC(=O)c1ccccc1)C(c1c(O)cc(O)cc1O)P(=O)(OC)OC,MoleculeNet_HIV
hiv_29045,COc1ccc(NC2Oc3cc4c(cc3C(c3cc(OC)c(OC)c(OC)c3)C2C)OCO4)cc1,MoleculeNet_HIV
hiv_15180,N#CC(C(=NNC(=O)C(=O)NN)C(=O)Nc1nc([N+](=O)[O-])cs1)c1ccc(Cl)cc1,MoleculeNet_HIV
hiv_9810,C=C1C2CCC3(CCC4C5(C)CCCC4(CN(CC)C5)C3C2)C1O,MoleculeNet_HIV
hiv_6899,CC(=O)OC1CCC2(C)C(C1)CC(OC(C)=O)C1C2CC(OC(C)=O)C2(C)C(C(C)CC(=O)C(=O)c3ccccc3)CCC12,MoleculeNet_HIV
hiv_9994,COC(=O)NC1(NC(=O)OC)NC(=O)c2cc(OC)c(OC)c(OC)c2N1,MoleculeNet_HIV
hiv_1416,S=C1CC(=S)NC(=S)N1,MoleculeNet_HIV
hiv_15236,CN(C)c1ccc(C(=CC=C2c3ccccc3C(=O)c3ccccc32)c2ccc(N(C)C)cc2)cc1,MoleculeNet_HIV
hiv_15709,O=C(C(=Cc1ccccc1)c1ccccc1)N1c2ccccc2CC1c1c[nH]c2ccccc12,MoleculeNet_HIV
hiv_12710,CC12CCC(=O)C=C1CCC1C2CCC2(C)c3nn(-c4ccccc4)nc3CC12,MoleculeNet_HIV
hiv_12423,Br.CCOC(=O)CC12CCCNC1(C)CCc1ccccc12,MoleculeNet_HIV
hiv_8383,Cc1ccc(S(=O)(=O)NC(=O)n2ccnc2C)cc1,MoleculeNet_HIV
hiv_38156,N#Cc1sc2nc3ccccc3n2c1N,MoleculeNet_HIV
hiv_6694,N#Cc1cnc2nc1NCCCCCCC2,MoleculeNet_HIV
hiv_36521,Cc1cc(C)c(P2C(=C(O[Si](C(C)C)(C(C)C)C(C)C)C(C)(C)C)C2(c2ccccc2)c2ccccc2)c(C)c1,MoleculeNet_HIV
hiv_21490,CCOC(=O)C1C(=O)C(=O)N2CCc3c([nH]c4ccccc34)C12,MoleculeNet_HIV
hiv_20319,O=C1C2C3CC(C4C5C=CC(C5)C34)C2C2C3CC(C12)C1C2C=CC(C2)C31,MoleculeNet_HIV
hiv_8372,CCOC(=O)C1=CNc2ccccc2NC1=N,MoleculeNet_HIV
hiv_18739,Cc1ccc(C(=O)C=Cc2ccco2)cc1,MoleculeNet_HIV
hiv_5679,C(=C(C[PH](c1ccccc1)(c1ccccc1)c1ccccc1)c1ccccc1)c1ccccc1,MoleculeNet_HIV
hiv_18673,NNC(=O)C(=O)NN=C(C(Cl)(Cl)CO)C(Cl)(Cl)CO,MoleculeNet_HIV
hiv_9433,CCCNCC(O)COc1ccc2c3c(c(=O)oc2c1)CCC3,MoleculeNet_HIV
hiv_378,CCCCCCCCCCCCCOC(=O)CC(C(=O)OCCCCCCCCCCCCC)S(=O)(=O)O,MoleculeNet_HIV
hiv_25073,O=S(=O)(N=S(Nc1ccccc1)C(F)(F)Cl)c1ccccc1,MoleculeNet_HIV
hiv_61,C1C[S+]2CC[S+]1CC2,MoleculeNet_HIV
hiv_1243,O=C(C[n+]1ccncc1)c1ccc2c(c1)CCCC2,MoleculeNet_HIV
hiv_26648,CCCC(=O)OCC(COC(=O)CCC)OC(=O)CCC,MoleculeNet_HIV
hiv_19652,Cc1nc(-n2nc(-c3ccccc3)cc2-c2ccccc2)sc1C(C=Cc1ccc([N+](=O)[O-])cc1)=NNC(=O)c1ccncc1,MoleculeNet_HIV
hiv_11868,ON=C(c1ccccc1)N1CCCCC1,MoleculeNet_HIV
hiv_32188,I.O=C(NNC1=NCCN1)c1ccco1,MoleculeNet_HIV
hiv_18082,COc1cccc2c1[OH+][Ni-3]13([S+]=C(Nc4ccccc4)[N-][N+]1=C2)[n+]1ccccc1-c1cccc[n+]13,MoleculeNet_HIV
hiv_7010,CC(=O)Oc1ccc2c3c4nc5ccccc5nc4cc(OC(C)=O)c3n(C)c2c1,MoleculeNet_HIV
hiv_36385,COc1ccc2c(c1)CCN=C2c1ccccc1CCCCl.Cl,MoleculeNet_HIV
hiv_843,Clc1ccc2c(c1)N(CCCN1CCCC13CCCCC3)c1ccccc1S2,MoleculeNet_HIV
hiv_23044,c1cnc2c(c1)-n1cccc1C1(CCOCC1)NN2,MoleculeNet_HIV
hiv_1512,O=C1c2ccccc2C(=O)c2cc(N=Nc3c(O)ccc4ccccc34)ccc21,MoleculeNet_HIV
hiv_18868,O=C(N=C(Nc1ccccc1)SCSC(=Nc1ccccc1)NC(=O)c1ccccc1F)c1ccccc1F,MoleculeNet_HIV
hiv_14764,CN=S(=O)(CC1(O)CC2OC1C1OC(C)(C)OC21)c1ccccc1,MoleculeNet_HIV
hiv_14463,CC(C)(O)C1CCC23CCCC(=O)C2(C1)C3,MoleculeNet_HIV
hiv_32407,CC(C)=CCN1c2ccccc2C2(CC=C(C)C)CCN(C)C12,MoleculeNet_HIV
davis_208908,CS(=O)(=O)CCNCc1ccc(-c2ccc3ncnc(Nc4ccc(OCc5cccc(F)c5)c(Cl)c4)c3c2)o1,DAVIS_spike_in
hiv_21488,CCOC(=O)C12c3[nH]c4ccccc4c3CCN1CC1=NOC(=O)C12,MoleculeNet_HIV
hiv_31275,O=C(C(Cl)=C(N1CCOCC1)N1CCOCC1)C(Cl)Cl,MoleculeNet_HIV
hiv_34174,O=C1C(Br)=C(C2=CC(=P(c3ccccc3)(c3ccccc3)c3ccccc3)C=C2)C(=O)C(Br)=C1C1=CC(=P(c2ccccc2)(c2ccccc2)c2ccccc2)C=C1,MoleculeNet_HIV
hiv_35206,COC1OC2COC(C)(C)OC2C2OC(C)(C)OC12,MoleculeNet_HIV
hiv_1882,O=C1CCC(=O)N1C(c1ccccc1)(c1ccccc1)c1ccccc1,MoleculeNet_HIV
hiv_40914,CCN1C(=O)c2cc(OC)c(OC)cc2C(=O)C12OC(=O)c1cc3c(cc12)OCO3,MoleculeNet_HIV
hiv_31470,Brc1ccc(C2CC3(c4ccccc4)ON=C(c4ccccc4)N3c3ccccc3S2)cc1,MoleculeNet_HIV
hiv_3643,O=C1OC(=C(Cl)Cl)C2C3c4ccccc4C(c4ccccc43)C12,MoleculeNet_HIV
hiv_14197,O=C1C2=C(NC(c3ccccc3)C(c3ccccc3)N2)C(=O)c2ccccc21,MoleculeNet_HIV
hiv_6039,CN1CCCCC1CCN1c2ccccc2Sc2ccc(S(C)=O)cc21,MoleculeNet_HIV
hiv_15298,COc1ccc(C2c3cc(OC)c(OC)cc3C(Cc3ccc([N+](=O)[O-])cc3)C2c2ccc([N+](=O)[O-])cc2)cc1OC,MoleculeNet_HIV
hiv_2351,O=c1c(SCc2ccc(Cl)c(Cl)c2)c(SCc2ccc(Cl)c(Cl)c2)cnn1-c1ccccc1,MoleculeNet_HIV
hiv_15178,NNC(=O)C(=O)NN=C1CCCC1C(=O)CCC(=O)Nc1cccc(Cl)c1,MoleculeNet_HIV
hiv_39240,Cc1sc(N)c(S(=O)(=O)c2ccccc2)c1C,MoleculeNet_HIV
hiv_17702,Nc1nc(O)c2c(ncn2CC(O)COC(=O)c2ccccc2)n1,MoleculeNet_HIV
hiv_4469,CCCCSC1=NCCCS1,MoleculeNet_HIV
hiv_32953,Cl.NC(CSSCC(N)C(=O)Nc1ccc2ccccc2c1)C(=O)Nc1ccc2ccccc2c1,MoleculeNet_HIV
hiv_39431,O=C(Nc1ccccc1)c1cc(S(=O)(=O)Nc2n[nH]c(=O)n2-c2ccccc2)c(S)cc1Cl,MoleculeNet_HIV
hiv_3245,Cc1cc2c(c(O)n1)C(=O)OC2,MoleculeNet_HIV
hiv_38749,CCOC(=O)c1cc2c([nH]1)c(OC(C)=O)cc1c2ccn1Cc1ccccc1,MoleculeNet_HIV
hiv_37442,c1cc(C2=NN[Ni-2]3(NN=C(c4ccncc4)[OH+]3)[OH+]2)ccn1,MoleculeNet_HIV
hiv_14487,N[Co-4](N)(N)(N)(N)[OH+]C(=O)C(=O)[O-].[O-][Cl+3]([O-])([O-])O.[O-][Cl+3]([O-])([O-])O,MoleculeNet_HIV
hiv_32246,Nc1nc(Cl)cc(NCC2(CO)CC=CC2)n1,MoleculeNet_HIV
hiv_13370,CC(C)CCCC(C)C1CCC2C3CCC4N=C5NOC=C5CC4(C)C3CCC12C,MoleculeNet_HIV
hiv_16030,C=C(CCCCCOCOCCOC)[Si](C)(C)C,MoleculeNet_HIV
hiv_9576,CCOC(=O)c1nnc(-c2ccccc2)nc1Cl,MoleculeNet_HIV
hiv_15520,Cc1ccc(C(=O)Nc2ccc(S(=O)(=O)O)c3cc(S(=O)(=O)O)cc(S(=O)(=O)O)c23)cc1N.[NaH],MoleculeNet_HIV
hiv_9164,Brc1ccc2c(ccc3nc4nnnn4nc32)c1,MoleculeNet_HIV
hiv_14233,Cc1cc2c(c(C(N)=O)c1C)-c1cccc(F)c1C2=O,MoleculeNet_HIV
hiv_29608,Cc1noc(C)c1-n1nc2ccc3nonc3c2n1,MoleculeNet_HIV
hiv_26455,O=C(O)Cn1ncn(NC(=O)Cc2ccccc2)c1=S,MoleculeNet_HIV
hiv_14825,CC1=NN=N[NH+]1[Co-4](N)(N)(N)(N)N.[Cl-],MoleculeNet_HIV
hiv_28005,CCCC#CC(O)(C(=O)OC1CCN(C)CC1)C1CCCCC1,MoleculeNet_HIV
hiv_10183,CCN(CC)P1(=O)C=C(C)C2C1C1C=C(C)C2P1(=O)N(CC)CC,MoleculeNet_HIV
hiv_19509,CC1(C)CC(=O)C(C(=O)C(=O)NC2=C(Cl)C(=O)c3ccccc3C2=O)C(=O)C1,MoleculeNet_HIV
hiv_13951,CC1(C)CC(=O)c2c(oc3cc(O)c(O)cc23)C1,MoleculeNet_HIV
hiv_30517,N=C1Nc2ccccc2Sc2nccn21,MoleculeNet_HIV
hiv_18692,CC(=NO)c1sc(-n2nc(-c3ccccc3)cc2-c2ccccc2)nc1C,MoleculeNet_HIV
hiv_6948,CC(=O)OC1CSS(=O)CC1OC(C)=O,MoleculeNet_HIV
hiv_12995,CCSC1(C)C(=O)c2ccccc2C(=O)C1(C)O,MoleculeNet_HIV
hiv_24717,CC1CCCCCC2CC(=O)CC2C(=O)CCC(=O)O1,MoleculeNet_HIV
hiv_31129,NC(Cc1ccccc1)C(=O)NC(Cc1ccccc1)NC(=O)C(Cc1c[nH]c2ccccc12)C(=O)O.O=C(O)C(F)(F)F,MoleculeNet_HIV
hiv_35808,O=C(CCc1ccccc1)ON1C(=S)NC(c2ccccc2)(c2ccccc2)C1=S,MoleculeNet_HIV
hiv_4619,CCOC(=O)CN(c1sc(C)c(CC)c1C(=O)OCC)S(=O)(=O)c1ccc(C)cc1,MoleculeNet_HIV
hiv_5360,c1ccc(CCC2=Nc3ccccc3CO2)cc1,MoleculeNet_HIV
hiv_15080,O=C(CCC(=O)C1Cc2ccccc2C1=O)Nc1cccc(C(F)(F)F)c1,MoleculeNet_HIV
hiv_28950,NC1CC2NC3CCCCC3NC2CC1N,MoleculeNet_HIV
hiv_4160,CN(C)c1c(-c2ccccc2)cc(-c2ccccc2)nc1O,MoleculeNet_HIV
hiv_19720,Cn1c(=O)ccc2cc(C(=O)c3ccccc3)ccc21,MoleculeNet_HIV
hiv_31041,CCOC(=O)C1=NN(c2ccc(Cl)cc2)C2=CC(C)=NN(C)C(=S)N21,MoleculeNet_HIV
hiv_3198,C1CCN(CCCSSCCCN2CCCCC2)CC1,MoleculeNet_HIV
hiv_15289,N#Cc1ccc(C=NC23CC4CC(CC(C4)C2)C3)cc1,MoleculeNet_HIV
hiv_33921,N#Cc1cnc(-n2[nH]c3c(c2=O)CCCC3)nc1O,MoleculeNet_HIV
hiv_38373,CC1(C)CC(=O)c2c(nc3ccc4ccccc4c3c2-c2ccc(NC(=O)CCCCC(=O)Nc3ccc(-c4c5c(nc6ccc7ccccc7c46)CC(C)(C)CC5=O)cc3)cc2)C1,MoleculeNet_HIV
hiv_3082,O=C(O)C1CSC(c2cccs2)N1,MoleculeNet_HIV
hiv_4404,O=P(c1ccccc1)(c1ccccc1)N1N=NNC1=Cc1ccc(Cl)cc1,MoleculeNet_HIV
hiv_4461,COc1ccc(C2SC(=S)N(Cc3ccc(Cl)cc3)N2Cc2ccc(Cl)cc2)cc1,MoleculeNet_HIV
hiv_2374,O=C1NC(=O)C(=Cc2ccc(F)cc2)N1,MoleculeNet_HIV
hiv_38064,CSc1n[nH]c2c1c(C)nn2-c1ccccc1,MoleculeNet_HIV
hiv_37436,O=C(NN=Cc1ccccn1)c1ccncc1,MoleculeNet_HIV
hiv_39799,CCC1CCN=C(Cn2cc(C)c(=O)[nH]c2=O)N1.Cl,MoleculeNet_HIV
hiv_24020,CC(=O)NC(CS)C(=O)[OH+][Pt-2](N)(N)[OH+]C(=O)C(CS)NC(C)=O,MoleculeNet_HIV
hiv_22780,C1CSCC2COCC(CSCCS1)S2,MoleculeNet_HIV
hiv_10843,CN(C)CCSc1ccc(-c2ccc(-c3ccc(SCCN(C)C)cc3)nn2)cc1,MoleculeNet_HIV
hiv_40502,COC(=O)C(Cc1ccccc1)N1OC12CCCCC2NC(=O)OC(C)(C)C,MoleculeNet_HIV
hiv_19411,CC(CC(=O)Nc1ccc([N+](=O)[O-])cc1)=NNc1ccc([N+](=O)[O-])cc1[N+](=O)[O-],MoleculeNet_HIV
hiv_35889,COC(=O)c1c(C)cc(OC(=O)c2c(C)cc(O)c(C=NNc3ccccc3)c2O)c(C)c1O,MoleculeNet_HIV
hiv_34563,C=C(C)C1Cc2oc(cc2C(=O)OC)C(C(=C)C)C2C=C(C(=O)O2)C(O)C1O,MoleculeNet_HIV
hiv_38182,O=[N+]([O-])c1cccnc1-n1cnc2ccccc21,MoleculeNet_HIV
hiv_1498,NS(=O)(=O)c1cc2c(cc1C(F)(F)F)NCNS2(=O)=O,MoleculeNet_HIV
hiv_29788,COC(=O)C1(NC(=O)C(CC(=O)OCc2ccccc2)NC(=O)OC(C)(C)C)CC1,MoleculeNet_HIV
hiv_23811,CCCOc1csc(C2CCC3C4CC=C5CC(OC(C)=O)CCC5(C)C4CCC23C)n1,MoleculeNet_HIV
hiv_40915,CC(=O)Nc1cccc(S(=O)(=O)c2cccc(NC(=O)c3ccccc3SC(=O)CCCC[n+]3ccccc3)c2)c1.[Br-],MoleculeNet_HIV
hiv_8426,CCOC(=O)CC1(C)SCCN1C(=O)OCC,MoleculeNet_HIV
hiv_38937,CCOC(=O)c1cc(C2=CCNC2=O)c(-c2cc(C)no2)[nH]1,MoleculeNet_HIV
hiv_2564,Nc1nc(N)c(-c2cccc(C(F)(F)F)c2)c(Cc2cccc(C(F)(F)F)c2)n1,MoleculeNet_HIV
hiv_40717,FC(F)(Oc1ccccc1)c1nc2ccccc2o1,MoleculeNet_HIV
hiv_17697,O=C(Nc1nc(O)c2c(ncn2CCI)n1)c1ccccc1,MoleculeNet_HIV
hiv_39604,CC(C)CCCC(C)C1CCC2C3CCC4CC(NC(=O)C=C(c5cc(Cl)c(O)c(C(=O)O)c5)c5cc(Cl)c(O)c(C(=O)O)c5)CCC4(C)C3CCC12C.N,MoleculeNet_HIV
hiv_12909,CC1NC(=O)CNC(=O)CNC(=O)C(Cc2ccc(O)cc2)NC(=O)C(C(C)C)NC(=O)C(C)NC1=O,MoleculeNet_HIV
hiv_1133,CCOC(=O)NC(O)C(Cl)(Cl)Cl,MoleculeNet_HIV
hiv_37366,O=C(c1ccco1)N1CCCN(C(=O)c2ccco2)C1=S,MoleculeNet_HIV
hiv_31196,Cc1cccc(N(CCC#N)S(=O)(=O)c2ccccc2)c1,MoleculeNet_HIV
hiv_10863,OCCN(CCO)c1nc(N2CCCCC2)c2nc(N(CCO)CCO)nc(N3CCCCC3)c2n1,MoleculeNet_HIV
hiv_21131,CCCCOC(=O)CNC(=O)OCCCCC#CC#CCCCCOC(=O)NCC(=O)OCCCC,MoleculeNet_HIV
hiv_5414,COc1ccc(C=Cc2ccc3ccccc3n2)c(OC)c1,MoleculeNet_HIV
hiv_36299,O=S(=O)(O)c1cc(O)c(N=NC2S(=O)(=O)OCCOS2(=O)=O)c2ccccc12,MoleculeNet_HIV
hiv_40434,CC(C)(C)N=C1C(=O)C2(C)CCC1C2(C)C,MoleculeNet_HIV
hiv_31662,CC(=O)OC1CN(OCC2OC(OC(C)=O)C(OC(C)=O)C(OC(C)=O)C2OC(C)=O)CC(OC(C)=O)C1OC(C)=O,MoleculeNet_HIV
hiv_32532,O=C1C(=Cc2ccc([N+](=O)[O-])cc2)N(S(=O)(=O)c2ccccc2)c2ncccc21,MoleculeNet_HIV
hiv_36160,CS[c-]1c(C)[n+]([O-])c2cc(Cl)c(Cl)cc2[n+]1=O,MoleculeNet_HIV
hiv_23140,O=C1NC2OC(CO)C(O)C(O)C2O1,MoleculeNet_HIV
hiv_16794,O=C1OCCOCCOC(=O)c2cccc(n2)C(=O)OCCOCCOC(=O)c2cccc1n2,MoleculeNet_HIV
hiv_31885,CCOC(=O)C(NC(=O)c1ccccc1)(N1CCN(c2cc3c(cc2F)c(=O)c(C(=O)O)cn3CC)CC1)C(F)(F)F,MoleculeNet_HIV
hiv_24894,O=C1C=C(Nc2cccnc2)c2ccccc2C1=NO,MoleculeNet_HIV
hiv_1997,CC12COP(OC1)OC2,MoleculeNet_HIV
hiv_3945,CCOC1(OCC)C([N+](=O)[O-])=CC(=[N+]([O-])[O-])C=C1[N+](=O)[O-],MoleculeNet_HIV
hiv_5503,NC(CSS(=O)(=O)CC(N)C(=O)O)C(=O)O,MoleculeNet_HIV
hiv_38517,CC(=O)Oc1c2c(c(CC=C(C)C)c3c1C(=O)C1=CC4CC5C(C)(C)OC(CC=C(C)C(=O)O)(C4=O)C15O3)OC(C)(CCC=C(C)C)C=C2,MoleculeNet_HIV
hiv_31948,COc1ccc(CC2COC(=O)C2Cc2ccc3c(c2)OCO3)cc1OC,MoleculeNet_HIV
hiv_28517,O=C1CC23CCC4(CC2CCCC3O1)OCCO4,MoleculeNet_HIV
hiv_14160,Cc1ccc(C(=O)ON=C2CCCCC2CN(C)C)cc1.Cl,MoleculeNet_HIV
hiv_30515,COc1ccc2c(c1)nc1n2C(=N)Nc2ccccc2S1,MoleculeNet_HIV
hiv_36097,COc1ccccc1NC(=O)CC(=O)N1N=C(N(c2ccccc2)c2ccccc2)CC1c1ccccc1,MoleculeNet_HIV
hiv_39263,CC(=O)OCC1OC(OCCCOP(=S)(OCCC#N)OCC2OC(n3ccc(=N)[nH]c3=O)C(OC(=O)c3ccccc3)C2OC(=O)c2ccccc2)C(OC(C)=O)C(OC(C)=O)C1OC(C)=O,MoleculeNet_HIV
hiv_8908,CC(=O)OCCN1CCOC(O)(c2cccc(C(F)(F)F)c2)C1,MoleculeNet_HIV
hiv_34506,O=C(N(O)c1ccccc1Cl)C(O)(c1ccccc1)c1ccccc1,MoleculeNet_HIV
hiv_32421,CC(=O)OCC1OC(N2C(C)=C(C(C)=O)C(c3ccco3)C(C#N)=C2S)C(OC(C)=O)C(OC(C)=O)C1OC(C)=O,MoleculeNet_HIV
hiv_22715,C=CCc1ccc(Oc2cc(CC=C)c3c(c2O)OC(CO)C3c2ccc(O)c(-c3cc(CC=C)ccc3O)c2)cc1,MoleculeNet_HIV
hiv_8354,O=C(O)CC1C(=O)OC2C3COC(=O)c4cc(O)c(O)c(O)c4-c4c(cc(O)c(O)c4O)C(=O)OC2C(OC(=O)c2cc(O)c(O)c4c2C1C(O)C(=O)O4)C(OC(=O)c1cc(O)c(O)c(O)c1)O3,MoleculeNet_HIV
hiv_38882,NCCN(CCN(C(=O)Nc1ccccc1)c1ccccc1)C(=O)Nc1ccccc1,MoleculeNet_HIV
hiv_25493,O=C(O)C(SC1=NNC2(C(=O)N1)c1ccccc1-c1ccccc12)SC1=NNC2(C(=O)N1)c1ccccc1-c1ccccc12,MoleculeNet_HIV
hiv_5224,O=C1OC(=O)c2c(O)cc(=O)c(O)cc21,MoleculeNet_HIV
hiv_29291,CC(C)c1cc(C(C)C)c(B(c2ccccc2)c2ccccc2)c(C(C)C)c1B(c1ccccc1)c1ccccc1,MoleculeNet_HIV
hiv_38573,C=CCOc1ccc(C2c3c(n[nH]c3O)CC(C)(O)C2C(=O)OC)cc1OC,MoleculeNet_HIV
hiv_14128,Nc1nc(Cl)cc(NCCCCCCCCNc2cc(Cl)nc(N)n2)n1,MoleculeNet_HIV
hiv_5226,CN1CCN(CCSSCCN2CCN(C)CC2)CC1,MoleculeNet_HIV
hiv_4405,COc1ccc2c(c1)CCN1C2CCN2C(=O)CCC21,MoleculeNet_HIV
hiv_14592,O=C1N(c2ccc(Cl)cc2)C(=O)C2(SC=NN2Cc2ccccc2)N1c1ccc(Cl)cc1,MoleculeNet_HIV
hiv_34483,Cc1nc2ccccc2n1COC(Cn1ccnc1)c1ccc(Cl)cc1Cl,MoleculeNet_HIV
hiv_2754,Clc1nnc(-c2ccccc2)s1,MoleculeNet_HIV
davis_24889392,CC(C)(C)c1cc(NC(=O)Nc2ccc(-c3cn4c(n3)sc3cc(OCCN5CCOCC5)ccc34)cc2)no1,DAVIS_spike_in
hiv_1557,N=C(NN=Cc1ccc(Cl)cc1)C(=N)NN=Cc1ccc(Cl)cc1,MoleculeNet_HIV
hiv_40850,CC(C)(C)[Si](C)(C)OC1C(n2ccc(=O)[nH]c2=O)OC(COC(c2ccccc2)(c2ccccc2)c2ccccc2)C1(CC#N)Sc1ccccc1,MoleculeNet_HIV
hiv_2215,Cc1c2ccccc2n[c-](CS(=O)(=O)c2ccccc2)[n+]1=O,MoleculeNet_HIV
hiv_19189,Cc1cn2cc(-c3ccncc3)nc2s1,MoleculeNet_HIV
hiv_32592,COC(=O)c1cccc(OC)c1C#Cc1c(OC)cccc1OC,MoleculeNet_HIV
hiv_29439,CC(C)(C)OC(=O)[N+](=[N-])C(=O)C1CCC(=O)N1C(=O)OCc1ccccc1,MoleculeNet_HIV
hiv_38546,CCCCn1c(C)c(C)c2c1NN=C(C#N)S2(=O)=O,MoleculeNet_HIV
hiv_24835,COC(=O)C1(Cc2ccc3ccccc3c2)CCCCCCN1C(=O)c1ccccc1,MoleculeNet_HIV
hiv_4756,COc1cc2c(cc1O)CN1Cc3c(ccc(OC)c3O)C2C1,MoleculeNet_HIV
hiv_9055,C1=C(C2CCCC3C4CC(CN23)C2CCCCN2C4)CCC2C3CC(CN12)C1CCCCN1C3,MoleculeNet_HIV
hiv_12233,CCCCCCCCCCC(C)CCCCCCC(=O)O,MoleculeNet_HIV
hiv_36630,CC(=O)C(=CNc1c(C)n(C)n(C)c1=O)C(=O)c1ccccc1,MoleculeNet_HIV
hiv_31281,O=[N+]([O-])C(C(Cl)=C(Cl)Br)=C(N1CCCCC1)N1CCCCC1,MoleculeNet_HIV
hiv_32595,CC(=O)OCC1OC(c2nc3ccccc3s2)=CC(OC(C)=O)C1OC(C)=O,MoleculeNet_HIV
hiv_38705,N#CC(c1nc2ccccc2s1)c1ncccc1[N+](=O)[O-],MoleculeNet_HIV
hiv_39154,Cc1[nH]c(-c2ccccc2)c(O)c1C(=O)OC1CC(C)CCC1C(C)C,MoleculeNet_HIV
hiv_19205,CCOC(OC(C)=O)C1C=CC(C)N(c2ccc([N+](=O)[O-])cc2)O1,MoleculeNet_HIV
hiv_21802,O=S(=O)(O)c1cc(N=Nc2ccc(C=Cc3ccc(N=Nc4cc(S(=O)(=O)O)c5cccnc5c4O)cc3S(=O)(=O)O)c(S(=O)(=O)O)c2)ccc1C=Cc1ccc(N=Nc2cc(S(=O)(=O)O)c3cccnc3c2O)cc1S(=O)(=O)O.[NaH],MoleculeNet_HIV
hiv_7524,COC1=CC(O)(CC(N)=O)c2ccccc2C1=O,MoleculeNet_HIV
hiv_30579,NS(=O)(=O)c1ccc(N2C(=O)C(=O)N(c3ccccc3)C2=S)cc1,MoleculeNet_HIV
hiv_13259,CC12CCC3C(CCC4C(=NO)C(=O)C(=NO)CC43C)C1CC(=NO)C2=O,MoleculeNet_HIV
hiv_12484,Oc1ccc(-c2nc(=S)[nH][nH]2)cc1,MoleculeNet_HIV
hiv_33733,Fc1ccc(Oc2nc3ccccc3nc2-c2ccccc2)cc1,MoleculeNet_HIV
hiv_308,O=[N+]([O-])c1ccc(S(=O)(=O)NN=Cc2ccco2)cc1,MoleculeNet_HIV
hiv_36201,O=C(Nc1ccccc1C(=O)NCc1ccccc1)C(=Cc1ccccc1)NC(=O)c1ccccc1,MoleculeNet_HIV
hiv_30759,O=C(c1c(F)c(F)c(F)c(F)c1F)n1c(=O)[nH]c2ccccc21,MoleculeNet_HIV
hiv_3104,CSc1nnc2c(=O)n(C)c(=O)n(C)c2n1,MoleculeNet_HIV
hiv_16718,Cc1nnc(NN=C2C(=O)Nc3ccccc32)n1N,MoleculeNet_HIV
hiv_39258,C#CCNC(CCCNC(=N)N)C(=O)O,MoleculeNet_HIV
hiv_7794,O=c1[nH]c2ccccc2n1C1CCN(CCOc2ccccc2)CC1,MoleculeNet_HIV
hiv_28390,CSC1(SC)CCCCCCCCCCC1,MoleculeNet_HIV
hiv_18421,Clc1ccc(N=Nc2nc3ccccc3nc2N=Nc2ccc(Cl)cc2Cl)c(Cl)c1,MoleculeNet_HIV
hiv_12053,Cn1ccnc1C(c1nccn1C)C(C)(C)[N+](=O)[O-],MoleculeNet_HIV
hiv_13734,O=C(O)c1c2c(c(C(=O)O)c3ccccc13)-c1ccccc1-2,MoleculeNet_HIV
hiv_30592,O=C(c1ccccc1)N1C(=S)N=C(Nc2ccccc2)C1=Nc1ccccc1,MoleculeNet_HIV
hiv_4970,O=S1(=O)CC2(N3CCCCC3)CCCCC21,MoleculeNet_HIV
hiv_7539,S=C1SC2(CCCC2)NC2=C1CCC2,MoleculeNet_HIV
hiv_40944,CC(C)CCCC(C)C1CCC2C3CCC4CC(NC(=O)CC=C(c5cc(Cl)c(O)c(C(=O)O)c5)c5cc(Cl)c(O)c(C(=O)O)c5)CCC4(C)C3CCC12C.N,MoleculeNet_HIV
hiv_6263,N=C1SCCS1,MoleculeNet_HIV
hiv_10063,CCOC(=O)C1C(=O)C(C(=O)OC)C2CCCC3CCCC1N32,MoleculeNet_HIV
hiv_31122,CC(C)C(NC(=O)C(Cc1ccccc1)NC(=O)C1CCCC1NC(=O)C(N)Cc1ccc(O)cc1)C(N)=O.O=C(O)C(F)(F)F,MoleculeNet_HIV
hiv_5417,CCCCCCCCCCCCCCCC(=O)OCC1OC(CO)(OC2OC(CO)C(O)C(O)C2O)C(O)C1O,MoleculeNet_HIV
hiv_13101,CCCCCCCCCCCCNC(=S)OC,MoleculeNet_HIV
hiv_4913,CN1C2c3ccccc3C3C4c5ccccc5C(C31)C(C2[N+](=O)[O-])N4C,MoleculeNet_HIV
hiv_4915,CCOC(=O)C(Cc1cc(=O)n(C)c2ccccc12)=NNc1ccc([N+](=O)[O-])cc1[N+](=O)[O-],MoleculeNet_HIV
hiv_8824,COC1=C(c2c[nH]c3ccc(CC=C(C)C)cc23)C(=O)C(OC)=C(c2c[nH]c3ccc(CC=C(C)C)cc23)C1=O,MoleculeNet_HIV
hiv_603,COc1ccc(CN(CCN(C)C)c2ccccn2)cc1.Cn1c(=O)c2nc(Br)[nH]c2n(C)c1=O,MoleculeNet_HIV
hiv_14916,O=C1OC(CC(=O)c2ccc(Cl)c(Cl)c2)C(Cl)=C1Cl,MoleculeNet_HIV
hiv_38472,COc1cc2c(cc1OC)C1Cc3cc(OC)c(OC)cc3C(C2)O1,MoleculeNet_HIV
hiv_26435,O=C(Cc1ccccc1)NNc1nc(NNC(=O)c2ccncc2)nc(Nc2cccc(Cl)c2)n1,MoleculeNet_HIV
hiv_29490,[N-]=[N+]=NC1=CC(=O)c2cccc3cccc1c23,MoleculeNet_HIV
hiv_3735,O=C(O)C12CC=CCC1(C(=O)O)CC=CC2,MoleculeNet_HIV
hiv_40585,c1cc2c3ccsc3c3sccc3c2s1,MoleculeNet_HIV
hiv_15019,COc1cc(C(=O)CC(CCC(=O)Nc2ccccc2[N+](=O)[O-])=NNC(=O)C(N)=O)ccc1O,MoleculeNet_HIV
hiv_5705,O=C1OCCN1N1C(=O)CC2(CCCCC2)C1=O,MoleculeNet_HIV
hiv_33845,NC(=O)CCN(CCC(N)=O)CCC(N)=O,MoleculeNet_HIV
hiv_2436,Cn1c(=O)c2ncnnc2n(C)c1=O,MoleculeNet_HIV
hiv_1118,O=C(NC(O)C(Cl)(Cl)Cl)NC(O)C(Cl)(Cl)Cl,MoleculeNet_HIV
hiv_25531,NC(=O)C(=CNC(=S)NN=C1C(=O)Nc2ccccc21)C(N)=O,MoleculeNet_HIV
hiv_26904,CCOC(=O)C1C=C1C(C)(C)O,MoleculeNet_HIV
hiv_10016,Cc1nc2c(nc1C)C(=O)C1=C(C2=O)C2C=CC1CC2,MoleculeNet_HIV
hiv_16178,O=C(CC1C(=O)Nc2ccccc2S1=O)Nc1cc(Cl)ccc1Cl,MoleculeNet_HIV
hiv_7033,CCOC(=O)c1cn2ccccc2c(C(=O)c2cccnc2)c1=N,MoleculeNet_HIV
hiv_38604,c1ccc(-c2ccc(-c3cc4ccccc4[nH]3)cc2)cc1,MoleculeNet_HIV
hiv_14494,N[Co-4](N)(N)(N)(N)[OH+]C(=O)CCl.[O-][Cl+3]([O-])([O-])O,MoleculeNet_HIV
hiv_19002,CC(C)(C)C1=CC(=C(P(=O)(O)O)P(=O)(O)O)C=C(C(C)(C)C)C1=O.[NaH],MoleculeNet_HIV
hiv_22355,Cc1ccc(NC(=O)C(Cc2cc(=O)oc3cc(O)ccc23)=NNC(C)(C)C)cc1C,MoleculeNet_HIV
hiv_8057,N=C(N)SCc1ccc2nsnc2c1,MoleculeNet_HIV
hiv_25856,CSC1NC(c2ccc(Cl)cc2)=C(C#N)C(=O)N1C1OCC(OC(C)=O)C(OC(C)=O)C1OC(C)=O,MoleculeNet_HIV
hiv_24689,Nc1nc(O)c2ncn(C3COC(CO)O3)c2n1,MoleculeNet_HIV
hiv_1182,C1C2OC2C2C1C1CC2C2OC12,MoleculeNet_HIV
hiv_33806,O=C(OC12CC3CC(CC(C3)C1)C2)c1ccc(NCc2cc(O)ccc2O)cc1,MoleculeNet_HIV
hiv_36819,CCCc1cc(=O)oc2c3c(cc(OS(=O)(=O)c4ccc(C)cc4)c12)OC(C)C(C)C3=O,MoleculeNet_HIV
hiv_18365,O=c1cc2ccccc2nn1Cc1cccc(Cl)c1,MoleculeNet_HIV
hiv_11339,CC(C)(C)C1CCC(C[Se]c2ccc(Cl)cc2)([N+](=O)[O-])CC1,MoleculeNet_HIV
hiv_18121,CC(C)N(CCn1c2c3ccccc3ccc2c2oc(=O)c3ccccc3c21)C(C)C.Cl,MoleculeNet_HIV
hiv_19471,O=C(C=CC1C(=O)NC(=O)NC1=O)CC(=O)C(=O)Nc1cc(Cl)c(Cl)cc1Cl,MoleculeNet_HIV
hiv_31642,Oc1cc(-c2ccc(Cl)cc2)cn2c1nc1ccccc12,MoleculeNet_HIV
hiv_6401,COC1OC2COC(c3ccccc3)OC2C2NC(=N)N([N+](=O)[O-])C12OS(C)(=O)=O,MoleculeNet_HIV
hiv_38841,CC1(C)CC23CC(C)(C)c4cccc(c42)OCc2ccc4ccc5ccc(nc5c4n2)COc2cccc1c23,MoleculeNet_HIV
hiv_40551,c1ccc(-c2cc(-c3cccs3)c(-c3cccs3)s2)cc1,MoleculeNet_HIV
hiv_37385,CCOC(=O)c1c(NS(=O)(=O)c2ccc(C)cc2)sc2c1CCCC2,MoleculeNet_HIV
hiv_36172,O=c1oc2ccccc2c(O)c1C(c1ccc2c(c1)Cc1ccccc1-2)c1c(O)c2ccccc2oc1=O,MoleculeNet_HIV
hiv_26992,O=C(Nc1nccs1)c1c(O)nc2sccn2c1=O,MoleculeNet_HIV
hiv_1451,O=[N+]([O-])C1=C(c2ccccc2)SC=C(c2ccccc2)S1,MoleculeNet_HIV
hiv_14180,CCN1C(=O)CCCCC(=O)Nc2ccccc2-c2ccccc21,MoleculeNet_HIV
hiv_19760,CCOC(=O)C1Nc2ccc(Cl)cc2C2CCCC12,MoleculeNet_HIV
hiv_12900,CC1=CC2=C(OCO1)C(=O)c1ccccc1C2=O,MoleculeNet_HIV
hiv_34318,Nc1nc(Cl)cc(N=Nc2ccccc2)n1,MoleculeNet_HIV
hiv_22582,CCOC(=O)C1C(c2ccc(Br)cc2)N(Cc2ccccc2)C(c2ccc(Br)cc2)C(C(=O)OC)S1(=O)=O,MoleculeNet_HIV
hiv_7364,Cc1cc(Cl)n2nc(-c3ccc(Cl)cc3)nc2n1,MoleculeNet_HIV
hiv_20362,CC1=C(c2ccccc2)CON(c2ccccc2)C1,MoleculeNet_HIV
hiv_13969,CC1C(=O)N=C2C(=CN(Cc3ccccc3)c3ccccc32)C(=O)N1C,MoleculeNet_HIV
hiv_5777,CN(C)c1ccc(N=Nc2ccc3c(c2)C(=O)c2ccccc2C3=O)cc1,MoleculeNet_HIV
hiv_7775,CC1=CC(=O)N2Cc3cc(Cl)ccc3N=C2N1,MoleculeNet_HIV
hiv_35751,CC(=Nc1ccncc1)C(C)=Nc1ccncc1,MoleculeNet_HIV
hiv_39210,CC(=O)O.Nc1nc(N)c(C2=CCNCC2)c(O)n1,MoleculeNet_HIV
hiv_7672,Cc1cc2c(cc1Br)C1(C)CCC(C)C1(C)O2,MoleculeNet_HIV
hiv_21178,CCc1ccc(Cc2ccc(CC)c(NC(=O)C(=O)Cc3nc4ccccc4nc3C)c2CC)c(CC)c1NC(=O)C(=O)Cc1nc2ccccc2nc1C,MoleculeNet_HIV
hiv_23995,CNC(=S)N(C)C(=S)Nn1c(=O)c(C)nn(C)c1=S,MoleculeNet_HIV
hiv_31801,O=C(O)C(C(C(=O)O)P(=O)(O)O)P(=O)(O)O,MoleculeNet_HIV
hiv_38609,c1ccc2c(c1)SC1=C(SC(=C3SC4=C(S3)Sc3ccccc3S4)S1)S2,MoleculeNet_HIV
hiv_4004,CC1C2Cc3ccc(O)cc3C1(C)CCN2CC1CC1,MoleculeNet_HIV
hiv_5883,CCOC1OC(c2ccccc2)=NS(=O)(=O)C1(C)C,MoleculeNet_HIV
hiv_11300,CCNCC(O)COc1ccc2c(c1)[n+]([O-])nc(N)[n+]2[O-].Cl,MoleculeNet_HIV
hiv_2322,S=c1[nH]c2c(S)nnc(S)c2n1Cc1ccccc1,MoleculeNet_HIV
hiv_19036,N#CCCN(c1ccc(C=Nc2nc(-c3ccccc3)cs2)cc1)S(=O)(=O)c1ccccc1,MoleculeNet_HIV
hiv_39457,Nc1ccc2nc(-c3ccccn3)c(-c3ccccn3)nc2c1,MoleculeNet_HIV
hiv_27973,C=C(CN(CC)CC)C1(c2ccccc2)CC2(CCCC2)C(=O)O1,MoleculeNet_HIV
hiv_20930,O=C(Nc1ccc(Cl)cc1Cl)c1cc(=NO)c2ccc(O)cc2o1,MoleculeNet_HIV
hiv_12596,Cc1cc2c(=O)cc(-c3ccc(C(F)(F)F)cc3)oc2c(C(=O)O)c1C,MoleculeNet_HIV
hiv_10887,CCC(=O)C(C)C(=O)C(=O)NCCNC(=O)C(=O)C(C)C(=O)CC,MoleculeNet_HIV
hiv_16401,Oc1ccc(C2Oc3cc4c5c(c3C2c2cc(O)cc(O)c2)C2c3cc(c(O)cc3OC2c2ccc(O)cc2)C2c3c(cc(O)cc3C5C(c3ccc(O)cc3)O4)OC2c2ccc(O)cc2)cc1,MoleculeNet_HIV
hiv_20717,O=C1CC2C(C=CC23CC3)N1O,MoleculeNet_HIV
hiv_10132,O=S1(=O)CCC2=CC(C(F)(F)F)=CC(C(F)(F)F)=CN21,MoleculeNet_HIV
hiv_26074,COC(=O)C(C#N)=CNC(=S)C(N)=S,MoleculeNet_HIV
hiv_1699,c1ccc(N2N=NC3C4CC(C32)C2C4N=NN2c2ccccc2)cc1,MoleculeNet_HIV
hiv_29428,CC(C)CC(NC(=O)C(CCC(=O)OCc1ccccc1)NC(=O)OC(C)(C)C)C(=O)NC(COCc1ccccc1)C(=O)NC(Cc1ccccc1)C(=O)O,MoleculeNet_HIV
hiv_15000,Oc1nc(CC(O)(c2ccc(C(F)(F)F)cc2)c2ccc(Cl)c(Cl)c2)cc(-c2ccccc2)n1,MoleculeNet_HIV
hiv_23870,N#CNC(=NCCc1c[nH]c2ccccc12)Oc1ccccc1,MoleculeNet_HIV
hiv_34845,O=C(NCCCCCCCCNC(=O)c1cc(O)c(O)c(O)c1)c1cc(O)c(O)c(O)c1,MoleculeNet_HIV
hiv_10608,c1ccc(-c2ccccn2)nc1,MoleculeNet_HIV
hiv_36480,Cc1ccc(-n2c(C)n[nH]c2=O)cc1,MoleculeNet_HIV
hiv_6181,O=C1NC2C3CC(c4ccccc43)C12,MoleculeNet_HIV
hiv_4393,O=C1N(c2ccccc2)N=C(c2ccccc2)C12CC2,MoleculeNet_HIV
hiv_30384,CCOC(=O)c1c(SCCO)n(-c2ccccc2)c(=S)n(-c2ccccc2)c1=O,MoleculeNet_HIV
hiv_1221,Cc1cccc(C)c1NC(=O)CN(CC(C)C)CC(O)COc1ccccc1,MoleculeNet_HIV
hiv_35254,Cc1ccsc1C=NNC1=NCCN1,MoleculeNet_HIV
hiv_37670,N=c1c2c(-c3ccccc3)c[nH]c2ncn1N,MoleculeNet_HIV
hiv_19564,CC(=NO)c1ccc2c(c1)C(=NO)c1cc(C(C)=NO)ccc1-2,MoleculeNet_HIV
hiv_23033,Oc1ccc2ccccc2c1CN1CCOCC1,MoleculeNet_HIV
hiv_8617,CCOc1ccc(C(C)c2cc3c(cc2OC)OCO3)cc1,MoleculeNet_HIV
hiv_34646,Cc1cc2nn(C3CCCCO3)nc2cc1C,MoleculeNet_HIV
hiv_15146,C[Si](C)(c1ccccc1)C1CC(=O)CC(=O)C1,MoleculeNet_HIV
hiv_28996,S=C(NN=Cc1ccccn1)N1CCCCCC1,MoleculeNet_HIV
hiv_6573,O=C(CCl)N1CCC(CC2(c3cc4ccccc4[nH]3)OCCO2)CC1,MoleculeNet_HIV
hiv_3378,CC1=CCC(=O)C2(C)C1C(O)C1OC3CC(c4ccoc4)C(C)=C3C1(C)C2CC(=O)O,MoleculeNet_HIV
hiv_4665,COc1cc2nc3c(nc2cc1OC)-c1ccccc1C3=O,MoleculeNet_HIV
hiv_4688,CC(C)=C1C2CCC1C1CSCC21,MoleculeNet_HIV
hiv_13988,O=C1c2ccccc2C(=O)c2c1ccc1c2[nH]c2ccccc21,MoleculeNet_HIV
hiv_35661,N=c1oc2ccc(Cl)cc2cc1C(=O)Nc1ccccc1,MoleculeNet_HIV
hiv_16284,Cc1ccc(S(=O)(=O)N(C)CC(=O)c2ccccc2)cc1,MoleculeNet_HIV
hiv_8190,N#Cc1cc2cc3c4c(c2oc1=O)CCCN4CCC3,MoleculeNet_HIV
davis_9926791,CC1CCN(C(=O)CC#N)CC1N(C)c1ncnc2[nH]ccc12,DAVIS_spike_in
hiv_19452,COC(=O)C(CC1=C(O)Nc2ccccc2N1)C(=NNC(N)=O)C(=O)Nc1ccccc1C,MoleculeNet_HIV
hiv_36879,O=C(O)C1CC(C2CCCCN2)CN2CCCCC12,MoleculeNet_HIV
hiv_28304,COc1cccc(N2CCc3c(C)c(C#N)c4nc5ccccc5n4c32)c1,MoleculeNet_HIV
hiv_2884,CCOC(=O)CC(NCCSS(=O)(=O)O)C(=O)OCC,MoleculeNet_HIV
hiv_1788,O=C(C[n+]1ccccc1)c1ccc(O)c(O)c1,MoleculeNet_HIV
hiv_12079,c1ccc(SC2CCCO2)cc1,MoleculeNet_HIV
hiv_28836,CCOC(=O)c1c(N=P(c2ccccc2)(c2ccccc2)c2ccccc2)nnc(-c2ccccc2)c1-c1ccccc1,MoleculeNet_HIV
hiv_10888,Nc1nc(O)c2c(n1)NCC(COP(=O)(O)OP(=O)(O)O)=N2,MoleculeNet_HIV
hiv_9021,O=c1oc2ccccc2c(O)c1C(c1ccc2c(c1)OCO2)N1CCOCC1,MoleculeNet_HIV
hiv_36539,C1=NN=C2N3CN4CCN5CN6CN7CCN(C3)[Cu-5]457([NH+]12)[NH+]1C=NN=C61,MoleculeNet_HIV
hiv_38284,CCCCCCOc1ccc(C(=O)NOCc2ccccc2)cc1,MoleculeNet_HIV
hiv_39909,C1=CSSC=CSSC=CSSC=CSS1,MoleculeNet_HIV
hiv_25038,B.CC(=O)OC1CN2CCC1CC2,MoleculeNet_HIV
hiv_40817,CCOC(=O)c1c2ccccc2n2c(=O)n(C)nnc12,MoleculeNet_HIV
hiv_27218,NN=C1C(=NO)CCc2nonc21,MoleculeNet_HIV
hiv_16870,COC(=O)C1=C(C(=O)C(Cc2ccccc2)NC(=O)c2ccccc2)CCC1,MoleculeNet_HIV
hiv_23965,O=S(=O)(N=S(c1ccc(Cl)cc1)c1ccc(Cl)cc1)c1ccccc1,MoleculeNet_HIV
hiv_8407,Cc1n[nH]c2c1NC(=O)OC2,MoleculeNet_HIV
hiv_10622,Cc1nc(-[n+]2nc(-c3ccncc3)nn2-c2ccccc2)sc1C.[Br-],MoleculeNet_HIV
hiv_33713,N=C1NC(=O)C(Cc2c[nH]c3ccccc23)N1C(=O)OCc1ccccc1,MoleculeNet_HIV
hiv_913,O=C(O)C1S[Bi](SC(C(=O)O)C(S[Bi]2SC(C(=O)O)C(C(=O)O)S2)C(=O)O)SC1C(=O)O,MoleculeNet_HIV
hiv_14806,CC(=O)Oc1cc(OC(C)=O)c(Oc2cc(OC(C)=O)c(Oc3cc(OC(C)=O)c(OC(C)=O)c(OC(C)=O)c3)c(OC(C)=O)c2)c(OC(C)=O)c1,MoleculeNet_HIV
hiv_12913,CC1(C)C2CCC13CS(=O)(=O)N=C3C2,MoleculeNet_HIV
hiv_13128,CC1=CC(C)(c2c[nH]c3ccccc23)CC(C)(C)c2c1[nH]c1ccccc21,MoleculeNet_HIV
hiv_23768,O=C(c1cccnc1)[N+]1=[C-]c2ccc[o+]2[Ni-2]12[N+](C(=O)c1cccnc1)=[C-]c1ccc[o+]12,MoleculeNet_HIV
hiv_17874,CCOC(=O)C12CCCC1(O)N(NC(=O)c1cccc(Cl)c1)C(C)=C2C(=O)OC,MoleculeNet_HIV
hiv_21122,N#Cc1ccc(Oc2cccc(Oc3ccccc3)c2)cc1C#N,MoleculeNet_HIV
hiv_26223,O=C(C(=Cn1c(=S)[nH]c2ccc([N+](=O)[O-])cc21)C(=O)c1ccccc1)c1ccccc1,MoleculeNet_HIV
hiv_29470,CCCn1c(=O)c2nn3c(=O)n(CCC)c(=O)c3nn2c1=O,MoleculeNet_HIV
hiv_29208,CC(=O)c1sc(=N)n(-c2c(C)cccc2C)c1C,MoleculeNet_HIV
hiv_21926,CC(=O)n1c2ccccc2c2nc3nc(Oc4ccc(C)cc4)c4ccccc4c3cc21,MoleculeNet_HIV
hiv_13802,CC1C=C(OC(=O)c2ccccc2)C(=O)C(n2cc(F)c(=O)[nH]c2=O)O1,MoleculeNet_HIV
hiv_40593,Cn1c(-c2ccccc2)cc(-c2ccc3c(c2)OCO3)c1-c1ccsc1,MoleculeNet_HIV
hiv_1668,Oc1nnc(O)c2nc(Nc3ccccc3)ncc12,MoleculeNet_HIV
hiv_19392,COc1ccc(-c2oc(C=Nc3ccccc3)c([N+](=O)[O-])c2-c2ccc(OC)c(OC)c2)cc1OC,MoleculeNet_HIV
hiv_4020,COC1OC2COC(c3ccccc3)OC2C2OC(=S)OC12,MoleculeNet_HIV
hiv_5567,Cc1cn(C2C=CC(CO)O2)c(=O)[nH]c1=O,MoleculeNet_HIV
hiv_3655,COc1cc2ccccc2ccc1=NO,MoleculeNet_HIV
hiv_27393,CC(C)=NOC(=O)Nc1cccc2c1OCO2,MoleculeNet_HIV
hiv_35252,Cc1cc2c(c(C(=O)NCC(=O)NC(C)C(=O)OCc3ccccc3)c1)Oc1c(cc(C)cc1C(=O)NCC(=O)NC(C)C(=O)OCc1ccccc1)S2,MoleculeNet_HIV
hiv_23773,CC12CCC3=C(CSC4=C3CSc3ccccc34)C1=CCCC2=O,MoleculeNet_HIV
hiv_40754,Cc1cn(C2CCC(C=NO)O2)c(=O)[nH]c1=O,MoleculeNet_HIV
hiv_16089,CCOC1OC(=O)C2C(c3ccccc3)=NOC12,MoleculeNet_HIV
hiv_10339,COc1ccc(C2Oc3cc(OC)ccc3C(=O)C2c2ccccc2)cc1,MoleculeNet_HIV
hiv_23455,COC(=O)c1ccc(OCc2ccc3oc(=O)c(-c4ccccc4)nc3c2)cc1,MoleculeNet_HIV
hiv_27985,CC(=O)CC1(OC(=O)C2C(C=C(C)C)C2(C)C)C(=O)Nc2ccccc21,MoleculeNet_HIV
hiv_1644,Cc1c2ccccc2n[c-](CSc2ccc(Cl)cc2)[n+]1=O,MoleculeNet_HIV
hiv_13670,O=C1C=C(N2CCCC2)c2ncccc2C1=O,MoleculeNet_HIV
hiv_10351,O=C(Nc1ccccc1C(=O)Nc1nccs1)c1ccccc1,MoleculeNet_HIV
hiv_32667,COC(=O)C1(Cc2ccccc2)Cc2ccccc2C1O,MoleculeNet_HIV
hiv_3362,Nc1nc(N)c(CCCCc2ccccc2)c(Cc2ccccc2)n1,MoleculeNet_HIV
hiv_8146,COC(=O)C1(C)CCCC2(C)C3=CC(=O)C4(C(C)C)OC4C3(O)CCC12,MoleculeNet_HIV
hiv_12515,CCC(=O)C(C)C1=Nc2nnc(CCCCCCCc3nnc4n3C(=O)C(C(C)C(=O)CC)=N4)n2C1=O,MoleculeNet_HIV
hiv_34004,COc1ccc(C(OCC2OC3(COC(c4ccccc4)(c4ccc(OC)cc4)c4ccc(OC)cc4)C(Oc4nc(=O)ccn43)C2O)(c2ccccc2)c2ccc(OC)cc2)cc1,MoleculeNet_HIV
hiv_13956,O=Cc1ccc(-c2ccc(-c3ccc(C=O)s3)o2)s1,MoleculeNet_HIV
hiv_21626,CC(=NNS(=O)(=O)c1ccc(C)cc1)C(CN(C)C)C(c1ccccc1)c1c(O)c2ccccc2oc1=O.Cl,MoleculeNet_HIV
hiv_39782,CSc1nc(Nc2cccc(C(F)(F)F)c2)c2c(=N)[nH]n(C)c2n1,MoleculeNet_HIV
hiv_6014,Cn1c2ccccc2c2nnc(S)nc21,MoleculeNet_HIV
hiv_10861,O=C1C=CSc2ccccc2N1,MoleculeNet_HIV
hiv_22710,c1cc2nnsc2s1,MoleculeNet_HIV
hiv_27511,Cc1cnc(NCCCN(C)C)c2c1[nH]c1ccc3ccccc3c12.O=C(O)C=CC(=O)O,MoleculeNet_HIV
hiv_23536,Cc1cc(O)nc(NN2C(Cl)C(=O)C2c2ccc(Cl)cc2)n1,MoleculeNet_HIV
hiv_3628,Cc1csc2[nH]c3ccccc3[n+]12.[O-][Cl+3]([O-])([O-])O,MoleculeNet_HIV
hiv_14699,C=C1C(O)C2(C(=O)N1OC)C(=CCC)C=CC(=O)C2O,MoleculeNet_HIV
hiv_23948,c1ccc2c(c1)nc(NC1CCCC1)c1nc(C3CCCC3)[nH]c12,MoleculeNet_HIV
hiv_36666,Cc1ccn2c(=O)cc(CN3CCOCC3)nc2c1,MoleculeNet_HIV
hiv_26583,C=CCc1c(O)c2nsnc2c2nsnc12,MoleculeNet_HIV
hiv_18729,C=CC1C(OC2OC(CO)C(O)C(O)C2O)OC=C(C(=O)OC)C1CC=O,MoleculeNet_HIV
hiv_12830,C=C1C(=O)OC2C1CCC(C)C1(O)C(O)CC(=O)C21C,MoleculeNet_HIV
hiv_8344,Nc1nc(-c2ccc(Cl)cc2)nc2sc3c(c12)CCCCC3,MoleculeNet_HIV
hiv_11245,O=C(Nc1ccccc1-c1nn(C(=S)Nc2ccccc2)c(=S)n(C(=S)Nc2ccccc2)c1=O)C(F)(F)F,MoleculeNet_HIV
hiv_37966,COC(=O)C1=CC(=O)OC1(OO)c1ccc(Br)cc1,MoleculeNet_HIV
hiv_20097,Nc1c2c(nc3ccccc13)CCCC2.O=C1OC(C(O)CO)C(O)=C1O,MoleculeNet_HIV
hiv_18484,Cl.O=C1OC(CCCl)(c2ccccc2)CC1CN1CCOCC1,MoleculeNet_HIV
hiv_25196,[N-]=[N+]=NC1(c2ccccc2)C(=O)c2cccc3c4ccccc4n(c23)C1=O,MoleculeNet_HIV
hiv_11807,CC(C=CC1=C(C)CCCC1(C)C)=CC1CC(N(C)C)=CC(=O)O1,MoleculeNet_HIV
hiv_7924,CCCCCCCCCCCCCCCC[n+]1ccc2c(c1)Sc1cc[n+](CCCCCCCCCCCCCCCC)cc1S2,MoleculeNet_HIV
hiv_20596,Cc1nc2nn(Cc3ccccc3)cc2c(=O)o1,MoleculeNet_HIV
hiv_33954,O=C1c2ccccc2-c2nccc3ccnc1c23,MoleculeNet_HIV
hiv_40007,O=C(NN1C(=O)C=CC1=O)c1ccccc1Nc1ccccc1C(=O)NN1C(=O)C=CC1=O,MoleculeNet_HIV
hiv_34726,CCOC(=O)n1[nH]c(=O)n(-c2ccccc2)c1=O,MoleculeNet_HIV
hiv_21035,CC(C)C(=S)N(C)O,MoleculeNet_HIV
hiv_27403,CC(C)CCC[Pb](CCCC(C)C)(CCCC(C)C)OC(=O)C(Cl)(Cl)Cl,MoleculeNet_HIV
hiv_7442,Cc1ccc2c(c1)sc1nnc(C)n12,MoleculeNet_HIV
hiv_3581,O=C(O)C(CCSSCCC(Nc1ccc([N+](=O)[O-])cc1[N+](=O)[O-])C(=O)O)Nc1ccc([N+](=O)[O-])cc1[N+](=O)[O-],MoleculeNet_HIV
hiv_34989,N#CC1(c2ccccc2)CCN(C2(c3ccccc3)CCCCC2)CC1,MoleculeNet_HIV
hiv_3431,COc1ccc2c(c1)OCC(O)(c1ccccc1)C2=O,MoleculeNet_HIV
hiv_15572,O=C1CSC(Cc2nc3ccccc3[nH]2)=N1,MoleculeNet_HIV
hiv_22914,CC(CCC1SC1(C)C)C1CCC2(C)C3=C(CCC12C)C1(C)CCC(O)C(C)(C)C1CC3,MoleculeNet_HIV
hiv_967,CCCCCCCCCCCCCCCCN1CCCCCC1=O,MoleculeNet_HIV
hiv_33371,CC1(C)C=C(S(=O)(=O)c2ccccc2)Oc2ccccc2O1,MoleculeNet_HIV
hiv_5174,Cc1cc(NS(=O)(=O)c2ccc(N)cc2)no1,MoleculeNet_HIV
hiv_35394,C1CCNCC1.O=C1NC(=S)NC1=Cc1ccccc1O,MoleculeNet_HIV
hiv_16214,COC(=O)CSc1nnc(-c2ccc(O)c([N+](=O)[O-])c2)[nH]1,MoleculeNet_HIV
hiv_24158,N#CC(=C(S)Nc1ccccc1)c1nc2ccccc2[nH]1,MoleculeNet_HIV
hiv_575,COc1ccc2nc3c(c(NCCCN(C)C)c2c1)CCCC3,MoleculeNet_HIV
hiv_10986,Clc1cc(I)c2c3c1ccc[n+]3[Ga-3]13([OH+]2)([OH+]c2c(I)cc(Cl)c4ccc[n+]1c24)[OH+]c1c(I)cc(Cl)c2ccc[n+]3c12,MoleculeNet_HIV
hiv_41039,CC(=O)Oc1cc(-c2oc3cc(OC(C)=O)c(C4OC(CO)C(O)C(O)C4O)c(OC(C)=O)c3c(=O)c2O)c(OC(C)=O)cc1O,MoleculeNet_HIV
hiv_28780,O=C(Nc1nc2c(O)ncnc2s1)c1ccccc1,MoleculeNet_HIV
hiv_15129,O=c1c2ccccc2sc2nc(CCl)nn12,MoleculeNet_HIV
hiv_15509,CC(C)CC(NC(=O)C(Cc1c[nH]cn1)NC(=O)C(CC(N)=O)NC(=O)C(NC(=O)C(CO)NC(=O)C(Cc1ccc(O)cc1)NC(=O)C(CO)NC(=O)C(C)NC(=O)C(N)CCCCN)C(C)O)C(=O)O,MoleculeNet_HIV
hiv_2464,NCCN1C(=O)c2ccccc2C1(O)c1ccccc1,MoleculeNet_HIV
hiv_15785,c1ccc([N+]2=N[NH+](c3ccccc3)[Mo+2]23456C2=C3[C-]4C5=C26)cc1,MoleculeNet_HIV
hiv_20755,O=C(C=Cc1ccc(OCC(=O)N2CCN(c3ccccc3)CC2)cc1)c1ccccc1,MoleculeNet_HIV
hiv_6233,O=C1c2cccc3cc([N+](=O)[O-])cc(c23)C(=O)N1C(Cc1ccccc1)c1ccccc1,MoleculeNet_HIV
hiv_2915,Cc1ccc(S(=O)(=O)NC(=N)NCCCC(NC(=O)OCc2ccccc2)C(=O)NC2CCC3C4CC=C5CC(O)CCC5(C)C4CCC23C)cc1,MoleculeNet_HIV
hiv_6127,N=C(CSSCC(=N)NCCCCCSC12CC3CC(CC(C3)C1)C2)NCCCCCSC12CC3CC(CC(C3)C1)C2.O=S(=O)(O)O,MoleculeNet_HIV
hiv_31120,CC(OC(C)(C)C)C(NC(=O)C(CCCCNC(=O)OC(C)(C)C)NC(=O)C(Cc1c[nH]c2ccccc12)NC(=O)C(Cc1ccccc1)NC(=O)OCC1c2ccccc2-c2ccccc21)C(=O)NC(Cc1ccccc1)C(=O)NC1CCCC1C(=O)OCc1ccccc1,MoleculeNet_HIV
hiv_10999,CC1=CC2Cc3ccoc3C(C)(C)C2CC1,MoleculeNet_HIV
hiv_22724,O=C1NCCCC12CCCNC2=O,MoleculeNet_HIV
hiv_3438,Cc1cc(C(=C2C=CC(=N)C=C2)c2ccc(N)cc2)ccc1N,MoleculeNet_HIV
hiv_38734,COc1ccc(C(=O)N2CCN(c3ccc4[nH]c(=O)oc4c3)CC2)cc1,MoleculeNet_HIV
hiv_39827,CC1(CC(=O)OC(C#C[Si](C)(C)C)Cc2ccccc2)OCCO1,MoleculeNet_HIV
hiv_12013,O=C(Nc1c(O)nc(O)nc1C(=O)NC1CCCCC1)c1ccc(Cl)cc1,MoleculeNet_HIV
hiv_8279,O=C1CN(CCO)CC(=O)N2Cc3ccccc3CN12,MoleculeNet_HIV
hiv_37050,CSC1=NC(=Cc2cccs2)C(=O)N1CN1CCCCC1,MoleculeNet_HIV
hiv_40995,O=C(c1ccccc1)N1CCN(C(=S)N(C(=O)c2ccccc2)c2ccccc2)C1=S,MoleculeNet_HIV
hiv_14856,CCOC(=O)C(C(=O)c1ccccc1)C(=O)c1ccccc1,MoleculeNet_HIV
hiv_8552,NC(=O)C1=NOC(C(N)=O)C1C1OC(CO)C(O)C1O,MoleculeNet_HIV
hiv_10601,[N-]=[N+]=NC12CC3C4CC5CC3C(C1)C(C5)C4C2,MoleculeNet_HIV
hiv_15606,N#Cc1cccc(N2C(=O)c3ccc(C(=O)c4ccc5c(c4)C(=O)N(c4cccc(C#N)c4)C5=O)cc3C2=O)c1,MoleculeNet_HIV
hiv_31067,COC(=NC(C)C)NC(C)C,MoleculeNet_HIV
hiv_31395,CC(C)(O)C1=CC=CCCCCCCCCCC1,MoleculeNet_HIV
hiv_18480,O=C(c1ccccc1)N1C2C3CC(OCc4ccccc4)(OCc4ccccc4)C(O3)C21,MoleculeNet_HIV
hiv_3219,Cn1c(=O)c2nc3c(=O)n(C)c(=O)n(C)c3nc2n(C)c1=O,MoleculeNet_HIV
hiv_18965,CCOc1ccc2nc(NC(=O)C(=O)C(C(=O)c3ccccc3F)C3OC(=O)c4ccccc43)sc2c1,MoleculeNet_HIV
hiv_23789,CC(C)CCCC(C)C1CCC2C3CCC4CC(CCCC(c5cc(Cl)c(O)c(C(=O)O)c5)c5cc(Cl)c(O)c(C(=O)O)c5)CCC4(C)C3CCC12C.N,MoleculeNet_HIV
hiv_40546,O=C(CCC(=O)c1ccsc1)c1ccsc1,MoleculeNet_HIV
hiv_35611,COc1ccc(NC(C)=O)cc1C1CCC(=O)N1,MoleculeNet_HIV
hiv_36140,COc1ccc(-c2nc(N3CCCC3)no2)cc1,MoleculeNet_HIV
hiv_9288,O=c1oc2ccccc2c(O)c1C(c1ccc2c(c1)OCO2)N1CCCC1,MoleculeNet_HIV
hiv_18134,N#Cc1cn(-c2c3ccccc3nc3ccccc23)c(=O)[nH]c1=O,MoleculeNet_HIV
hiv_22790,C1CSCCCSCCCSCCCSCCCSCCCSCCCSCCCSC1,MoleculeNet_HIV
hiv_13061,ON=C1CCCCC1=Cc1ccccc1,MoleculeNet_HIV
hiv_19851,N#CC(=Cc1ccsc1)C(=O)c1ccccc1,MoleculeNet_HIV
hiv_11770,Cc1cc2c(cc1CO)N1Cc3cc(C)c(CO)cc3N(C2)C1,MoleculeNet_HIV
hiv_17678,O=C(Nc1nc(O)c2c(ncn2CCOC(=O)c2ccccc2)n1)c1ccccc1,MoleculeNet_HIV
hiv_875,c1ccc(CNc2nnc(NCc3ccccc3)c3c2ncn3Cc2ccccc2)cc1,MoleculeNet_HIV
hiv_29986,CC12CCCC3(CC(OC(=O)c4ccccc4)C(C)(C)C3C(O)C1)C2,MoleculeNet_HIV
hiv_7724,O=C1OCc2c1cc1cc3c(cc1c2-c1ccc2c(c1)OCO2)OCO3,MoleculeNet_HIV
hiv_36000,Cc1cccc(Nc2nc3ccccc3nc2NS(=O)(=O)c2ccc(N)cc2)c1,MoleculeNet_HIV
hiv_34517,CC(C)CCC1(O)OC2CC3C4CCC5CC(=O)C=CC5(C)C4CCC3(C)C2C1C,MoleculeNet_HIV
hiv_25478,O=C(Nc1ccccc1)C(=O)C(C(=O)c1ccccc1)C(c1ccccc1)c1ccccc1,MoleculeNet_HIV
hiv_22230,COC(=O)C1C=CCON2CCc3c(n(S(=O)(=O)c4ccccc4)c4ccccc34)C12,MoleculeNet_HIV
hiv_33702,O=C1CSC(c2ccc([N+](=O)[O-])cc2)N1c1nc(-c2ccc3c(c2)CCCC3)cs1,MoleculeNet_HIV
hiv_16067,Cc1ccc(Oc2ccc(C(=O)c3cccc(C(=O)c4ccc(Oc5ccc(C)cc5)cc4)n3)cc2)cc1,MoleculeNet_HIV
davis_11234052,Cc1cc2c(F)c(Oc3ncnn4cc(OCC(C)O)c(C)c34)ccc2[nH]1,DAVIS_spike_in
hiv_32013,O=c1c2cc(-c3ccccc3)sc2nc2n1N=C(c1ccccc1)CS2,MoleculeNet_HIV
hiv_1442,O=[N+]([O-])c1ccc(CSCc2ccc([N+](=O)[O-])cc2)cc1,MoleculeNet_HIV
hiv_15673,C(=NNc1ccccc1)c1nc2ccccc2nc1C=NNc1ccccc1,MoleculeNet_HIV
hiv_35145,COC(=O)C1=C2Nc3ccccc3CC23CCN2CCCC(C(C)OC(=O)C=C(C)C)(C1)C23,MoleculeNet_HIV
hiv_9632,Cn1c2ccccc2c(=O)c2c(O)cc3c(c21)CC(C1(C)CO1)O3,MoleculeNet_HIV
hiv_16381,CC(C)(C)OC(=O)C1C(=O)C(C(=O)OC(C)(C)C)C23CCCCCCCCCCC12C(C(=O)OC(C)(C)C)C(=O)C3C(=O)OC(C)(C)C,MoleculeNet_HIV
hiv_16577,Oc1ccccc1C=Cc1csnn1,MoleculeNet_HIV
hiv_36555,Cc1ccc(S(=O)(=O)OCCC2CN(C(=O)OCc3ccccc3)C(C)(C)O2)cc1,MoleculeNet_HIV
hiv_14660,O=c1nc2occc2cn1C1CC(O)C(CO)O1,MoleculeNet_HIV
hiv_8528,N#CC1(c2ccccc2)C(c2ccccc2)CC(O)(c2ccccc2)C(C(=O)c2ccccc2)C1c1ccccc1,MoleculeNet_HIV
hiv_17737,CC1=C(C(=O)Nc2c(C)cccc2C)C(c2ccccc2Cl)C(C(=O)Nc2c(C)cccc2C)=C(C)N1,MoleculeNet_HIV
hiv_19316,O=C(Cc1ccccc1)NN=C(c1nc2ccc([N+](=O)[O-])cc2nc1O)C(O)c1ccccc1Cl,MoleculeNet_HIV
hiv_16264,CC(C)(c1ccccc1)C(C)(C)c1nc(-c2ccccc2)cc(-c2ccccc2)n1,MoleculeNet_HIV
hiv_2222,Cc1c2ccccc2n[c-](CN2CCCCC2)[n+]1=O,MoleculeNet_HIV
hiv_11451,CC1=C(C(=O)Nc2ccccc2)C(c2cccc3ccccc23)C(C(=O)Nc2ccccc2)=C(C)N1,MoleculeNet_HIV
hiv_32158,Cc1c2ncccc2cc2oc3ccccc3c(=O)c12,MoleculeNet_HIV
hiv_31607,COCn1c2ccc(OC(C)=O)cc2c2c(=O)oc(C)nc21,MoleculeNet_HIV
hiv_40117,NS(=O)(=O)c1nnc(NC(=O)Nc2ccc(Cl)c(Cl)c2)s1,MoleculeNet_HIV
hiv_17951,O=C(NC(=O)c1cn(C2OC(CO)C(O)C2O)c(=O)[nH]c1=O)OCc1ccccc1,MoleculeNet_HIV
hiv_43,CC1CC(C)(C)OB(OC(C)CC(C)(C)OB2OC(C)CC(C)(C)O2)O1,MoleculeNet_HIV
hiv_18123,CN1CCN(CCn2c3c4ccccc4ccc3c3oc(=O)c4ccccc4c32)CC1.Cl,MoleculeNet_HIV
hiv_7569,CC1(C)CC2C=C(C=O)C3(C=O)CC3(C)C2C1,MoleculeNet_HIV
hiv_36720,O=C(CNc1c(Cl)cccc1Cl)NC1C=Cc2ccc(S(=O)(=O)Nc3c(Cl)cccc3Cl)cc2C1=O,MoleculeNet_HIV
hiv_12168,N#Cc1cnsc1,MoleculeNet_HIV
hiv_7330,CCOC(=O)c1c(C)cc(C)nc1S[Sn](Br)(Br)Sc1nc(C)cc(C)c1C(=O)OCC,MoleculeNet_HIV
hiv_16010,COC(=O)C1=C2c3ccccc3-c3ccccc3C2(O)C(C(=O)OC)C1=O,MoleculeNet_HIV
hiv_22241,CC(=O)Oc1ccc(-c2oc3c(C4C=C(C)CC(c5ccc(OC(C)=O)cc5OC(C)=O)C4C(=O)c4ccc(OC(C)=O)c(CC=C(C)C)c4OC(C)=O)c(OC(C)=O)cc(O)c3c(=O)c2CC=C(C)C)c(OC(C)=O)c1,MoleculeNet_HIV
hiv_2000,CCO.COc1cccc(C(O)C(CN2CCCCC2)CN2CCCCC2)c1,MoleculeNet_HIV
hiv_5576,Cc1c(C#N)c2nc(C(=O)c3ccc(Br)cc3)cc(-c3ccc(Br)cc3)n2c1C,MoleculeNet_HIV
hiv_15404,COC(=O)C1=C(O)C(O)=C(C(=O)OC)C1.[NaH],MoleculeNet_HIV
hiv_17894,Cc1[nH]c(=O)[nH]c1C(=O)c1ccc(-n2ccnc2)cc1,MoleculeNet_HIV
hiv_14303,CC1=C(Br)CC23C(C1)OC(Br)(C=CC2(C)O)C3(C)C.CC1=CCC23C(C1)OC(Br)(C=CC2(C)O)C3(C)C.CC1=CCC23C(C1)OC(Br)(C=CC2(C)O)C3(C)C,MoleculeNet_HIV
hiv_2923,O=C(CNC(=O)Nc1ccc(NC(=O)NCC(=O)Nc2ccc(C3=NCCN3)cc2)cc1)Nc1ccc(C2=NCCN2)cc1,MoleculeNet_HIV
hiv_22808,CCn1c(SC(C)C(=O)c2c(C)n(C)n(-c3ccccc3)c2=O)nc2ccccc2c1=O,MoleculeNet_HIV
hiv_27404,CC[Pb](CC)(CC)OC(=O)C(F)(F)F,MoleculeNet_HIV
hiv_3035,CC1CC(C)(C)S(=O)(=O)O1,MoleculeNet_HIV
hiv_18342,COc1ccc2c(c1)OC1(OCCO1)C1C2CCC2(C)C1CCC21OCCO1,MoleculeNet_HIV
hiv_20949,CN1S(=O)(=O)N(C)P12(N=P(CP(=NP13(N(C)S(=O)(=O)N1C)N(C)S(=O)(=O)N3C)(c1ccccc1)c1ccccc1)(c1ccccc1)c1ccccc1)N(C)S(=O)(=O)N2C,MoleculeNet_HIV
hiv_26504,Cc1cc(S(=O)(=O)Nc2nc(N)nc(N(C)C)n2)c(SC(C(=O)O)c2ccccc2)cc1Cl,MoleculeNet_HIV
hiv_20957,O=c1[nH]c(=O)n(C2CC(O)C(CO)O2)cc1C#Cc1cc(C(F)(F)F)cc(C(F)(F)F)c1,MoleculeNet_HIV
hiv_40286,CCOC(=O)N1CCC2(CC1)CC(Sc1ccccc1)(C(C)=O)C(C)O2,MoleculeNet_HIV
hiv_7932,COc1ccc(C23Oc4cc(OC)cc(OC)c4C2(O)C(O)C(C(=O)N(C)C)C3c2ccccc2)cc1,MoleculeNet_HIV
hiv_14181,CN(C)CCCN1C(=O)CCC(=O)Nc2ccccc2-c2ccccc21,MoleculeNet_HIV
hiv_21117,CC(C)(c1ccc(Oc2ccc(C#N)c(C#N)c2)cc1)c1ccc(Oc2ccc(C#N)c(C#N)c2)cc1,MoleculeNet_HIV
hiv_17728,Cc1cccc(-c2nnc3sc(=Cc4ccc5c(c4)OCO5)c(=O)n23)c1,MoleculeNet_HIV
hiv_2756,CC1(O)CCC2(CCC(C)(O)CC2=O)C(=O)C1,MoleculeNet_HIV
hiv_2087,CC(=O)C(C(c1ccccc1)N1CCCc2ccccc21)N1CCOCC1,MoleculeNet_HIV
hiv_37560,CCCCN=C(c1ccccc1)N1CCOCC1,MoleculeNet_HIV
hiv_32079,CC(=O)OCC1On2nnnc2C(OC(C)=O)C(OC(C)=O)C1OC(C)=O,MoleculeNet_HIV
hiv_36271,CCN(CC)C(=O)CCCCCCCCC1CO1,MoleculeNet_HIV
hiv_39658,C=CCn1c(-c2ccc([N+](=O)[O-])cc2)csc1=NC(P(=O)(O)O)P(=O)(O)O,MoleculeNet_HIV
hiv_18780,CC(=O)Nc1ccc(C=CC(=O)c2sc(C(N)=S)nc2C)cc1,MoleculeNet_HIV
hiv_11893,O=C1CCC2COc3ccc(O)c1c32,MoleculeNet_HIV
hiv_30390,O=C(Sc1c(-c2ccccc2)c(=O)n(-c2ccccc2)c(=S)n1-c1ccccc1)c1ccco1,MoleculeNet_HIV
hiv_33956,CCOC(=O)C=CC(CC)O[Si](C(C)C)(C(C)C)C(C)C,MoleculeNet_HIV
hiv_18092,COc1cccc2c1[OH+][U]134(=O)(=O)(O)(O)([O+]=C(c5ccncc5)[N-][N+]1=C2)[O+]=C(c1ccncc1)[N-][N+]3=Cc1cccc(OC)c1[OH+]4,MoleculeNet_HIV
hiv_734,OC(CNc1ccccn1)c1ccccc1,MoleculeNet_HIV
hiv_38144,c1ccc2c(c1)NC1c3[nH]c4ccccc4c3CCC21,MoleculeNet_HIV
hiv_13997,CCC(O)C1Cc2c(C)cc3c(c2O1)C(=O)c1ccccc1C3=O,MoleculeNet_HIV
hiv_4457,Clc1ccc(NN(c2ccccc2)c2ccc(Cl)cc2)cc1,MoleculeNet_HIV
hiv_18392,CC(=O)OC1(C#N)CC2OC1C1NC21.Cc1ccc(S(=O)(=O)O)cc1,MoleculeNet_HIV
hiv_35817,O=c1cnn(C2OC(CO)C(O)C(F)C2O)c(=O)[nH]1,MoleculeNet_HIV
hiv_37886,COc1cc(-c2nc(N)c(C#N)c3c2CCS(=O)(=O)c2ccc(C)cc2-3)cc(OC)c1OC,MoleculeNet_HIV
hiv_36463,COc1cc2c(cc1O)C1C(O2)c2c(OC)cc3c(c2OC1(C)C)CCC(C)(C)O3,MoleculeNet_HIV
hiv_24121,CC(=O)Nc1ccc(C(=O)NN2C(=O)CSC2c2ccccc2)cc1,MoleculeNet_HIV
hiv_10943,Nc1c(C(=O)Nc2ccccc2)[n+]([O-])c2ccccc2[n+]1[O-],MoleculeNet_HIV
hiv_20552,CN1CCN=C1c1nnn(-c2ccc([N+](=O)[O-])cc2)c1-c1ccccc1,MoleculeNet_HIV
hiv_8238,CC(C)n1c2c(c3ccccc3c1=O)C(=O)c1ccccc1-2,MoleculeNet_HIV
hiv_40058,CC(C)CCCC(C)C1CCC2C3CCC4CC(CCC=C(c5cc(Cl)c(OCc6ccc(C(=O)O)cc6)c(C(=O)O)c5)c5cc(Cl)c(OCc6ccc(C(=O)O)cc6)c(C(=O)O)c5)CCC4(C)C3CCC12C,MoleculeNet_HIV
hiv_33188,O=[N+]([O-])C(=C(Cl)Cl)C(Cl)=C(Cl)Br,MoleculeNet_HIV
hiv_39046,N#CCCN(CCC#N)c1ccc(C=C2N=C(c3ccccc3)N(NC(=O)c3ccncc3)C2=O)cc1,MoleculeNet_HIV
hiv_18378,O=C1Cc2ccccc2N1N=Cc1ccc(O)cc1,MoleculeNet_HIV
hiv_26429,COC(=O)C1(C)CCCC2(C)C1CCC13C=C(C(C)C)C(CC1=O)CC32,MoleculeNet_HIV
hiv_21486,C=CCC(C(=O)OCC)C1NCCc2c1[nH]c1ccccc21,MoleculeNet_HIV
hiv_30763,O=C(c1c(F)c(F)c(F)c(F)c1F)n1c(=S)n(C(=O)c2c(F)c(F)c(F)c(F)c2F)c2ccccc21,MoleculeNet_HIV
hiv_9211,CN1C(=O)C(=C2SC(=O)N(CN3CCCCC3)C2=O)c2cc(Br)ccc21,MoleculeNet_HIV
hiv_9845,CN(C)c1ccc(N=Nc2ccc(C=Cc3ccnc4ccccc34)cc2)cc1,MoleculeNet_HIV
hiv_18184,CCN(CC)C(=O)C(C)=O,MoleculeNet_HIV
hiv_13484,CC=C1CN(C)C2Cc3c([nH]c4ccccc34)C(c3cc4c5c([nH]c4cc3OC)C3(C(=O)OC)CC4CC(CC)C3N(CC5)C4)CC1C2C(=O)OC,MoleculeNet_HIV
hiv_36728,O=C(CN(c1ccc(S(=O)(=O)O)cc1)c1ccc(S(=O)(=O)O)cc1)Nn1cnc2ccc(S(=O)(=O)N(c3ccc(S(=O)(=O)O)cc3)c3ccc(S(=O)(=O)O)cc3)cc2c1=O,MoleculeNet_HIV
hiv_25561,CC1(C)CC(=O)C(=CNC(=S)NCCc2ccccc2)C(=O)C1,MoleculeNet_HIV
hiv_8501,CCOC(=O)C(Cl)=C1SN(C(=O)OCC)N=C1C,MoleculeNet_HIV
hiv_21202,COC(=O)C1CC2C=CC=CC(=O)C2(C)C1,MoleculeNet_HIV
hiv_1994,CC(=O)NC(=N)NC#N,MoleculeNet_HIV
hiv_36275,COC1=C(C)C(=O)c2c(c(COC(N)=O)c3n2CC(OC(C)=O)C3OC(C)=O)C1=O,MoleculeNet_HIV
hiv_20649,CN1C(=O)c2ccccc2C(C(=O)O)C1c1ccc2c(c1)OCO2,MoleculeNet_HIV
hiv_15951,O=C1C(=Cc2ccc3c(c2)OCO3)SC2C=Nc3ccccc3N12,MoleculeNet_HIV
hiv_4822,CC(=O)C1(N=Nc2ccc(S(=O)(=O)Nc3ccccn3)cc2)CCOC1=O,MoleculeNet_HIV
hiv_36829,O=c1[nH]c(=O)n(COCc2ccccc2)c2ccccc12,MoleculeNet_HIV
hiv_39380,Cn1c(=N)c(C#N)c2n(c1=S)CCCCCCC2,MoleculeNet_HIV
hiv_5843,ClC=CC[N+]12CN3CN(CN(C3)C1)C2,MoleculeNet_HIV
hiv_29105,O=C(CC(NC(=O)OCc1ccccc1)C(=O)NC1Cc2ccccc2C1=O)OCc1ccccc1,MoleculeNet_HIV
hiv_12994,CC(NC1CC1)c1ccccc1.Cl,MoleculeNet_HIV
hiv_27435,CCC(C)(C)C(CC(O)(C(F)(F)F)C(F)(F)F)=NO,MoleculeNet_HIV
hiv_2588,O=C(Nc1ccc(Cl)cc1)Nc1ccc(Cl)c(Cl)c1,MoleculeNet_HIV
hiv_36344,CN(C)C(=O)c1nnsc1NN=O,MoleculeNet_HIV
hiv_37351,Clc1c2ncccc2cc2nn[nH]c12,MoleculeNet_HIV
hiv_12292,CCOC(=O)NC(=O)c1cn(CCCOC(=O)CCCCCCCCC(=O)OCCCn2cc(C(=O)NC(=O)OCC)c(=O)[nH]c2=O)c(=O)[nH]c1=O,MoleculeNet_HIV
hiv_11234,CC(C)c1cccc2sc(NC(=O)C(=O)C(C#N)c3cccc4ccccc34)nc12,MoleculeNet_HIV
hiv_6515,O=[N+]([O-])c1ccc(-c2nc(N(CCO)CCO)c3ccccc3n2)o1,MoleculeNet_HIV
hiv_11176,CN(C)C(=S)Nc1nnc(Nc2ccccc2)s1,MoleculeNet_HIV
hiv_1697,Cc1cc2c(C(C)C)c(O)c(O)c(C=Nc3cccc(C(F)(F)F)c3)c2c(O)c1-c1c(C)cc2c(C(C)C)c(O)c(O)c(C=Nc3cccc(C(F)(F)F)c3)c2c1O,MoleculeNet_HIV
hiv_8761,COc1ccc2[nH]c(C[PH](c3ccccc3)(c3ccccc3)c3ccccc3)cc2c1,MoleculeNet_HIV
hiv_7196,COc1cc(Cc2nnc(N)nc2O)cc(OC)c1OC,MoleculeNet_HIV
hiv_37834,CCOC(=O)c1nc2c3c(ncn2n1)Oc1c(c(-c2ccccc2)nn1-c1ccccc1)C3c1ccc(Cl)cc1,MoleculeNet_HIV
hiv_36311,O=c1oc2cc(O)ccc2c(O)c1C(c1cccnc1)c1c(O)c2ccc(O)cc2oc1=O,MoleculeNet_HIV
hiv_3861,CCOC(=O)NP(=O)(NC1CCCCC1)NC1CCCCC1,MoleculeNet_HIV
hiv_24296,CCCCCCCC(=O)OCC(C[As](=O)(O)O)OC(=O)CCCCCCC,MoleculeNet_HIV
hiv_33832,COC(=O)OCC1C=CC(n2cnc3c(Cl)nc(N)nc32)CC1,MoleculeNet_HIV
hiv_13588,CC12CCC(=O)C(OC(=O)c3ccc([N+](=O)[O-])cc3)=C1CCC2=O,MoleculeNet_HIV
hiv_23138,CCOC(=O)c1ccc(-n2c(SCC)nc3sc(C)c(C)c3c2=O)cc1,MoleculeNet_HIV
hiv_37029,Cc1ccc(C=C2NC(=S)N(CN3CCOCC3)C2=O)cc1,MoleculeNet_HIV
hiv_27833,COc1ccccc1C1c2cc3c(cc2OC2(OC)COC(=O)C12)OCO3,MoleculeNet_HIV
hiv_3461,CCOP(=O)(N=C(C(C)C)N(C)C)OCC,MoleculeNet_HIV
hiv_334,O=C1NCCN1N=Cc1ccc([N+](=O)[O-])o1,MoleculeNet_HIV
hiv_2752,O=C(O)CSCCCCSCC(=O)O,MoleculeNet_HIV
hiv_3792,COc1ccc(C2(OC)Oc3ccccc3-c3nc4ccccc4nc32)cc1,MoleculeNet_HIV
hiv_3001,CC1(C)C(=O)c2cc3ccccc3nc2-c2ccccc21,MoleculeNet_HIV
hiv_38454,CN(C)C(=S)NN=C(C(=NNC(=S)N(C)C)c1ccccn1)c1ccccn1,MoleculeNet_HIV
hiv_34407,CCCCN1C(=N)C2(C#N)C(CCC)C(CC)C1C2(C#N)C#N,MoleculeNet_HIV
hiv_24444,Cc1cccc2c1Oc1ncccc1C2NC(=O)CN(C)C,MoleculeNet_HIV
hiv_30928,FC(F)(F)C(C1=NC(C(F)(F)F)(C(F)(F)F)N=C(N2CCOCC2)O1)C(F)(F)F,MoleculeNet_HIV
hiv_36742,Cc1nc2ccc(S(=O)(=O)Nc3nccs3)cc2c(=O)n1NS(=O)(=O)c1nccs1,MoleculeNet_HIV
hiv_585,COc1ccc2nc(CC(=N)c3ccc(N(C)C)cc3)ccc2c1,MoleculeNet_HIV
hiv_34480,NC(=O)SCC(=O)Nc1ccc2cccc3c2c1CC3,MoleculeNet_HIV
hiv_15670,[N-]=[N+]=Nc1ccc(S(=O)(=O)Oc2cc(OS(=O)(=O)c3ccc(N=[N+]=[N-])cc3)cc(OS(=O)(=O)c3ccc(N=[N+]=[N-])cc3)c2)cc1,MoleculeNet_HIV
hiv_29638,CCOC(=O)C(Cc1cn(S(=O)(=O)c2ccc(C)cc2)cn1)P(=O)(OCC)OCC,MoleculeNet_HIV
hiv_837,COC1CNC(N)=[O+][Hg-](Cl)C1,MoleculeNet_HIV
hiv_3016,CC(F)(C(N)=O)C(N)=O,MoleculeNet_HIV
hiv_19021,CCNc1c(C(=O)N(CC)CC)c(O)nc2ncccc12,MoleculeNet_HIV
hiv_4528,CCCCCCCCCCCCCCCCSS(C)(=O)=O,MoleculeNet_HIV
hiv_39451,Cc1c(C)c2c(c(N)c1C#N)C(=O)N(NC(=S)Nc1ccccc1)C2=O,MoleculeNet_HIV
hiv_39861,COc1cc(C=Cc2nc(NC(=S)Nc3ccccc3)nnc2C)cc(OC)c1OC,MoleculeNet_HIV
hiv_1791,O=C1c2ccccc2-c2cc(N3C(=O)C=CC3=O)ccc21,MoleculeNet_HIV
hiv_13532,O=C1CC(c2n[nH]c3ccccc23)C(=O)N1c1ccccc1,MoleculeNet_HIV
hiv_16614,C=C1C2CCC3C45COC(CC4=O)C(C)(C)C5=C(O)C(=O)C3(C2)C1OC(C)=O,MoleculeNet_HIV
hiv_27135,Cl.O=C(NCCCN1CC2CCCC2C1)C(c1ccccc1)c1ccccc1,MoleculeNet_HIV
hiv_2310,O=S(=O)(O)c1cc2onnc2c2ccccc12,MoleculeNet_HIV
hiv_28201,O=c1oc2ncccc2n1Cc1ccc([N+](=O)[O-])cc1,MoleculeNet_HIV
hiv_12338,C[PH](C)(C)[Ir+]12([PH](C)(C)C)([PH](C)(C)C)C3=C1CCC(Cc1ccccc1)[C-]2CC3,MoleculeNet_HIV
hiv_12858,CC(C)C1NC(=O)CC(c2ccccc2)N(N=O)C1c1ccccc1,MoleculeNet_HIV
hiv_30071,CCc1cc2c(c3c1CCCC3=O)CC1(Cc3ccc(C(=O)OC)cc3C1)C2,MoleculeNet_HIV
hiv_37569,O=C(CN1CCN(c2ccccc2)CC1)c1ccc2[nH]c(=O)oc2c1,MoleculeNet_HIV
hiv_36090,O=C1Nc2ccccc2NC1C1OC(c2ccccc2)=CC1=O,MoleculeNet_HIV
hiv_3391,CCCCN=Cc1c(O)c(O)c(C(C)C)c2cc(C)c(-c3c(C)cc4c(C(C)C)c(O)c(O)c(C=NCCCC)c4c3O)c(O)c12,MoleculeNet_HIV
hiv_6657,COC1C=COC2(C)Oc3c(C)c(OC(C)=O)c4c(c3C2=O)C(=O)C=C(NC(=O)C(C)=CC=CC(C)C(OC(C)=O)C(C)C(O)C(C)C(OC(C)=O)C1C)C4=O,MoleculeNet_HIV
hiv_3850,N#CC1C(=O)NC(=O)C(C#N)C12CCCC(C(F)(F)F)C2,MoleculeNet_HIV
hiv_12250,CCCCCCCCOCC(O)CO,MoleculeNet_HIV
hiv_28588,N#CCCC1(CCC#N)CCCCCCCCC(CCC#N)(CCC#N)C(=O)C1=O,MoleculeNet_HIV
hiv_4475,O=C1CCC2CCC(=O)N12,MoleculeNet_HIV
hiv_23935,COc1ccc(C=C2N=C(c3ccccc3)N(Nc3nnc(NN4C(=O)C(=Cc5ccc(OC)cc5)N=C4c4ccccc4)c4ccccc34)C2=O)cc1,MoleculeNet_HIV
hiv_17799,CCOC(=O)C1=C(Nc2cccc3ccccc23)OCC1=NNC(=O)c1ccccc1O,MoleculeNet_HIV
hiv_20579,CCOC(=O)C(C(=O)c1ccccc1)=C1NC(C(=O)OCC)CS1,MoleculeNet_HIV
hiv_9898,OCCN1c2ccccc2Sc2ccccc21,MoleculeNet_HIV
hiv_15159,CCCCCCCCCC(=O)Oc1cccc2onc(C)c12,MoleculeNet_HIV
hiv_5706,O=C1OCCN1N1C(=O)CC2(CCN(Cc3ccccc3)CC2)C1=O,MoleculeNet_HIV
hiv_28358,O=c1c2ccccc2n2c(-c3ccccc3O)nnc2n1-c1ccccc1,MoleculeNet_HIV
hiv_1566,N=C(NN=C(c1ccccc1)c1ccc(N)cc1)C(=N)NN=C(c1ccccc1)c1ccc(N)cc1,MoleculeNet_HIV
hiv_5770,O=C1C2CCN(CC2)C1CNC1(c2ccccc2)CCCCC1,MoleculeNet_HIV
hiv_3038,O=c1c2c(sc3ccccc13)CCC2,MoleculeNet_HIV
hiv_26713,COc1cccc(C2ON=C(c3ccccc3)N2C23CC4CC(CC(C4)C2)C3)c1,MoleculeNet_HIV
hiv_538,OCn1nnc2ccccc21,MoleculeNet_HIV
hiv_20937,COc1ccc(NC(=O)C(Cc2nc3ccccc3nc2O)=NO)c(OC)c1,MoleculeNet_HIV
hiv_31534,CCN(c1ccccc1)c1nc(N)nc(NS(=O)(=O)c2cc(C)c(Cl)cc2S)n1,MoleculeNet_HIV
hiv_9353,C[n+]1c(-c2ccc(C=NNc3n[nH]c(=S)n3N=Cc3ccc(-c4cn5ccccc5[n+]4C)cc3)cc2)cn2ccccc21,MoleculeNet_HIV
hiv_4811,O=C(c1cccc(Cl)c1)c1c(O)c2ccccc2oc1=O,MoleculeNet_HIV
hiv_27198,C1=CC2=CC=CC3c4nc5ccc6ccccc6c5nc4C(=C1)C23,MoleculeNet_HIV
hiv_26644,CC1(C)[C-](CBr)[N+](=O)C(C)(C)N1O,MoleculeNet_HIV
hiv_31993,CCCCOC(=O)OC1CCC2(C)CC3CCC2(OO3)C1(C)C,MoleculeNet_HIV
hiv_14125,O=c1nc(-c2ccccc2)c2c3c(cccn13)CCC2,MoleculeNet_HIV
hiv_2875,CCC1(CC2CCCN(C)C2)c2ccccc2Sc2ccccc21.O=C(O)C(=O)O,MoleculeNet_HIV
hiv_5707,O=C1CC2CCC(C1)N2CC1COc2ccccc2O1,MoleculeNet_HIV
hiv_32375,Nc1c([N+](=O)[O-])cc([N+](=O)[O-])c(-c2nnc(-c3c([N+](=O)[O-])cc([N+](=O)[O-])c(N)c3[N+](=O)[O-])s2)c1[N+](=O)[O-],MoleculeNet_HIV
hiv_3734,O=C1C(=O)N2CCCCc3cccc1c32,MoleculeNet_HIV
hiv_10926,CC(=O)OC1CC2CCCC2C2C(=O)OC(=O)C12,MoleculeNet_HIV
hiv_2012,CNP1(NC)=NP(NC)(NC)=NP(NC)(NC)=NP(NC)(NC)=N1,MoleculeNet_HIV
hiv_20203,CS(=O)(=O)OCCN1CCN(C(=O)c2ccc(Cl)c3c(Nc4ccc(S(=O)(=O)NC(=N)N)cc4)c4ccccc4nc23)CC1,MoleculeNet_HIV
hiv_25937,Cc1ccc(C=C2Sc3scc(-c4ccccc4)[n+]3C2=O)cc1.[Cl-],MoleculeNet_HIV
hiv_6314,CNC1=N[N+]2=CCSCC2(C)S1,MoleculeNet_HIV
hiv_38479,COc1cc2c(cc1OC)C1CNC(C2)c2cc(OC)c(OC)cc21,MoleculeNet_HIV
hiv_35837,Cc1c(C#N)c(=N)oc2ccccc12,MoleculeNet_HIV
hiv_12687,O=C1NC(=O)C2C1c1[nH]c3ccccc3c1C1CCCC12,MoleculeNet_HIV
hiv_36485,CCc1n[nH]c(=O)n1NC(=O)c1ccccc1C(=O)O,MoleculeNet_HIV
hiv_581,CN(C)c1ccc(C=NN(Cc2ccccc2)c2ccccc2)cc1,MoleculeNet_HIV
hiv_15069,Cc1c(C(=O)Nc2ccc(Cl)cc2)nc(N)nc1-c1cccc(Cl)c1,MoleculeNet_HIV
hiv_22974,Cc1nc2cc(Nc3ccccc3C(=O)O)ccc2s1,MoleculeNet_HIV
hiv_9061,N=c1ccc2c(nc3cccc[c-]3[n+]2=O)n1Cc1ccncc1,MoleculeNet_HIV
hiv_22342,CC(C)(C)[Si](C)(C)OCCC1CC2(S(=O)(=O)C3=CC=C=C=C3)ON1CC2S(=O)(=O)c1ccccc1,MoleculeNet_HIV
hiv_38300,COc1ccc(-c2c(N)n(-c3cc(OC)cc(OC)c3)c(=O)c3cc([N+](=O)[O-])ccc23)cc1,MoleculeNet_HIV
hiv_33179,O=C(COc1cc(=O)oc2ccccc12)c1ccccc1,MoleculeNet_HIV
hiv_4548,COc1cc(C(C2=C(O)C(=O)c3ccccc3C2=O)C2=C(O)C(=O)c3ccccc3C2=O)cc(Br)c1O,MoleculeNet_HIV
hiv_13078,Oc1nc2c(c3ccccc13)CCc1ccccc1-2,MoleculeNet_HIV
hiv_13365,CC12CCC3C(CCC4=CC(=O)CCC43C)C1Cc1cn[nH]c1N2,MoleculeNet_HIV
hiv_21502,COc1cc(-c2cc(-c3cc([N+](=O)[O-])c(C=NNC(=O)c4ccncc4)o3)ccc2OC)ccc1C,MoleculeNet_HIV
hiv_18699,CCOC(=O)Cc1nc(Nc2ccc(F)c(Cl)c2)c2c3c(sc2n1)CCCC3,MoleculeNet_HIV
hiv_34415,COC1(OC)NC(=N)C2(C#N)C(=NN(C)C)CC(C)C12C#N,MoleculeNet_HIV
hiv_14170,C=C1CCC2(C)C(C)CCC(O)C2(CCC=C(C)C)C1Cc1c[nH]c2ccccc12,MoleculeNet_HIV
hiv_13082,COc1cc2c(cc1OC)CC(=O)Nc1cc(OC)c(OC)cc1CC2,MoleculeNet_HIV
hiv_28893,O=C(C=C(N=P(c1ccccc1)(c1ccccc1)c1ccccc1)C(F)(F)C(F)(F)C(F)(F)C(F)(F)C(F)(F)C(F)(F)C(F)(F)F)c1ccccc1,MoleculeNet_HIV
hiv_20624,CCOC(=O)CCC(NC(=O)c1ccc(NC(OC)c2nc3cc(C(F)(F)F)ccc3nc2-c2ccccc2)cc1)C(=O)OCC,MoleculeNet_HIV
hiv_2493,Cl[Pd-4]12([S+]=c3nc[nH]c4[nH]cnc34)([S+]=C3N=CNc4[nH]c[n+]1c43)[S+]=C1N=CNc3[nH]c[n+]2c31,MoleculeNet_HIV
hiv_23430,NC1=c2[nH]c(-c3ccc([N+](=O)[O-])o3)nc2=NS(=O)(O)=N1,MoleculeNet_HIV
hiv_11674,CC12CCC(=O)CC1CCC(O)C2Br,MoleculeNet_HIV
hiv_35768,COc1cccc(CC2C(=O)NC(=O)NC2=O)c1,MoleculeNet_HIV
hiv_18856,COc1ccc(C2OC(=O)c3ccc4ccccc4c32)c(C)c1,MoleculeNet_HIV
hiv_22198,CCOP(=O)(OCC)C1=NC=CC=CC1n1c(-c2ccccc2)nn(CC)c1=O,MoleculeNet_HIV
hiv_5129,O=C(OCCC[PH](c1ccccc1)(c1ccccc1)c1ccccc1)c1ccccc1,MoleculeNet_HIV
hiv_23543,O=C1C(Cl)N(c2ccccc2Cl)C1c1c[nH]c2ccccc12,MoleculeNet_HIV
hiv_2492,c1ccc2sc(SN3CCOCC3)nc2c1,MoleculeNet_HIV
hiv_9739,CC(C)OC=C1CCc2ccccc2C1=O,MoleculeNet_HIV
hiv_26947,OC(c1ccsc1)c1cc2ccccc2s1,MoleculeNet_HIV
hiv_34491,COc1ccc(C2N(c3ccc(F)c([N+](=O)[O-])c3)C(=O)N3C(c4ccc(OC)cc4)N(c4ccc(F)c([N+](=O)[O-])c4)C(=O)N23)cc1,MoleculeNet_HIV
hiv_29357,COC(=O)C(Cc1ccccc1OC)NC(=O)C(CC(=O)OCc1ccccc1)NC(=O)OCc1ccccc1,MoleculeNet_HIV
hiv_29994,[I-].c1ccc([P+](CCCCCCCC[P+](c2ccccc2)(c2ccccc2)c2ccccc2)(c2ccccc2)c2ccccc2)cc1,MoleculeNet_HIV
hiv_34819,O=c1cc(N2CCOCC2)n2c(ccc3ccccc32)n1,MoleculeNet_HIV
hiv_7981,CCN(CCN1C(=O)C2CCCCC2C1=O)c1ccc(N=O)c(C)c1,MoleculeNet_HIV
hiv_12522,CCc1cc(C(=O)OC)cn1C(=N)c1ccc(Cl)cc1,MoleculeNet_HIV
hiv_7231,O=CC(O)C(O)C(O)C1O[Pt-2]2(NC3CCCCC3N2)OC1=O,MoleculeNet_HIV
hiv_37695,O=c1c2ccccc2nc2[nH][nH]c(=S)n12,MoleculeNet_HIV
hiv_9606,O=C1OC2C(O)COC23OC(O)CCC13O,MoleculeNet_HIV
hiv_4217,CC1=NN(c2ccccc2)C(=O)C1N=Nc1ccc(S(=O)(=O)Nc2cc(C)nc(C)n2)cc1,MoleculeNet_HIV
hiv_26186,O=C1Nc2ccccc2C1=NNC(=S)NC=C(c1ccccc1)S(=O)Cc1ccccc1,MoleculeNet_HIV
hiv_14867,O=C(O)C(=C(c1ccccc1)c1ccc(Cl)cc1)c1ccccc1,MoleculeNet_HIV
hiv_482,CSSC(SC)SC,MoleculeNet_HIV
hiv_15126,CCOC(=O)c1nn2c(nc1=O)sc1ccc3ccccc3c12,MoleculeNet_HIV
hiv_27380,Cc1cc(N(C)c2ccccc2)nc(N(C)c2ccccc2)n1,MoleculeNet_HIV
hiv_19305,O=C(CCCCCCCCC(=O)OCCCn1cc(C(=O)NC(=O)OCc2ccccc2)c(=O)[nH]c1=O)OCCCn1cc(C(=O)NC(=O)OCc2ccccc2)c(=O)[nH]c1=O,MoleculeNet_HIV
hiv_1418,O=[N+]([O-])c1ccc(N2CCOS(=O)OCC2)cc1,MoleculeNet_HIV
hiv_25998,COC(=O)C(C#N)=CNC(=S)NNC(C)=O,MoleculeNet_HIV
hiv_41013,Cc1cc(S(=O)(=O)NC2=Nc3ccccc3C(c3ccccc3)N2)c(S)cc1Cl,MoleculeNet_HIV
hiv_20139,CCCC[Sn](CCCC)(OC(=O)C=Cc1ccccc1F)OC(=O)C=Cc1ccccc1F,MoleculeNet_HIV
hiv_12732,CC1(C(=O)O)CCC2(C)CCC3(C)C(=CC(=O)C4C5(C)CCC(OC6OC(C(=O)O)C(O)C(O)C6OC6OC(C(=O)O)C(O)C(O)C6O)C(C)(C)C5CCC43C)C2C1.NCCCCN,MoleculeNet_HIV
hiv_16942,COc1ccc2c(c1OC)C(C=C(c1ccccc1)c1ccccc1)CN(C)C2,MoleculeNet_HIV
hiv_21321,NC(=O)NN=C(Cc1nc2ccc(C(=O)c3ccccc3)cc2nc1O)C(=O)Nc1ccc(C(F)(F)F)cc1[N+](=O)[O-],MoleculeNet_HIV
hiv_24148,O=C1OC2C(O)COC2(O)C1(O)C(C[N+](=O)[O-])c1ccc(Cl)cc1,MoleculeNet_HIV
hiv_397,CC(=O)C(C)(CCC(=O)O)CCC(=O)O,MoleculeNet_HIV
hiv_2304,Nc1ccc2cc(S(=O)(=O)O)cc(O)c2c1N=Nc1ccc(-c2ccc(N=Nc3c(S(=O)(=O)O)cc4cc(S(=O)(=O)O)c(N=Nc5ccc([N+](=O)[O-])cc5)c(N)c4c3O)cc2)cc1,MoleculeNet_HIV
hiv_10173,O=S(=O)(c1ccccn1)c1nc2ccccc2s1,MoleculeNet_HIV
hiv_25452,Cc1cc(O)c2c(c1)C(C1OC(CO)C(O)C(O)C1O)c1cc(O)cc(O)c1C2=O,MoleculeNet_HIV
hiv_36040,CC(C)(C)OC(=O)N(CCCCNC(=O)OCc1ccccc1)CCCNC(=O)OCc1ccccc1,MoleculeNet_HIV
hiv_39741,CN(C)CCn1[nH]c(=N)c2nc3cc(C(F)(F)F)ccc3nc21,MoleculeNet_HIV
hiv_25550,Cl.Cn1c(SSc2c(-c3ccc(Cl)cc3)[nH]c(=N)n2C)c(-c2ccc(Cl)cc2)[nH]c1=N,MoleculeNet_HIV
hiv_28741,O=[N+]([O-])c1ccc2c(c1)NC(O)C(O)N2,MoleculeNet_HIV
hiv_1793,CC(C)CN(CC(C)C)C(=O)C(Br)C(Br)C(=O)O,MoleculeNet_HIV
hiv_1231,CCOC(=O)C(c1c(O)c2ccccc2oc1=O)c1c(O)c2ccccc2oc1=O,MoleculeNet_HIV
hiv_18183,COC(=O)C(CSSCC(NC(=O)CNC(=O)c1ccccc1)C(=O)OC)NC(=O)CNC(=O)c1ccccc1,MoleculeNet_HIV
hiv_738,c1ccc(Cn2cc(CCc3ccncc3)c3ccccc32)cc1,MoleculeNet_HIV
hiv_19031,Cc1cc(N(CCC#N)CCC#N)ccc1C=C1N=C(c2ccccc2)N(N)C1=O,MoleculeNet_HIV
hiv_8022,CC1=CC2OC3CC(OC(=O)C=CC=CC(OCCC4=CC(=O)OC4)C(C)O)C(C)(C2(CO)CC1)C31CO1,MoleculeNet_HIV
hiv_5527,NN=C1CCN2CCCc3cccc1c32,MoleculeNet_HIV
hiv_8537,C=Cc1c(Cl)nc(C)c(C)c1-c1ccc(OC)c(OC)c1OCc1ccccc1,MoleculeNet_HIV
hiv_21278,OC1=CN=C(C2CC2)Oc2ccccc21,MoleculeNet_HIV
hiv_9728,O=C1C=CC(c2ccccc2)(c2ccccc2)O1,MoleculeNet_HIV
hiv_15920,CCOC(=O)Cc1csc(Nc2ccc(OCC)cc2)n1,MoleculeNet_HIV
hiv_1661,c1cc2n(n1)CCN2,MoleculeNet_HIV
hiv_7217,CCCCCC1c2c(cc(C)nc2O)OC(O)C1CCCC,MoleculeNet_HIV
hiv_9282,CN1c2ccccc2S(=O)(=O)n2c(CCc3ccccc3)nnc21,MoleculeNet_HIV
hiv_2533,CCC1NC2CC3(C(=O)N(OC)c4ccccc43)C3CC1C2CO3,MoleculeNet_HIV
hiv_1497,S=P1(Oc2ccccc2)OCCO1,MoleculeNet_HIV
hiv_25831,COC(=O)C(CO)NC(=O)OC(C)(C)C,MoleculeNet_HIV
hiv_24037,c1ccc(C2=NN(c3ccccc3)C3(S2)SC(c2ccccc2)(c2ccccc2)c2ccccc23)cc1,MoleculeNet_HIV
hiv_34956,COCC1OCCN1C,MoleculeNet_HIV
hiv_19277,Cc1ccc(C(=O)Nc2ccc(S(=O)(=O)O)c3cc(S(=O)(=O)O)cc(S(=O)(=O)O)c23)cc1NC(=S)Nc1cc(C(=O)Nc2ccc(S(=O)(=O)O)c3cc(S(=O)(=O)O)cc(S(=O)(=O)O)c23)ccc1C.[NaH],MoleculeNet_HIV
hiv_35160,O=S(c1ccc(Cl)cc1)c1ccccc1C1=NCCN1,MoleculeNet_HIV
hiv_16036,C=CC(CCC(C)OC(CCC)OCC)[Si](C)(C)C,MoleculeNet_HIV
hiv_24986,O=C(C=Cc1cccs1)c1ccsc1,MoleculeNet_HIV
hiv_33103,O=c1[nH]nc(Cc2ccccc2)n1N=Cc1cccnc1,MoleculeNet_HIV
hiv_29027,CC1C(NNc2ccccc2)Oc2cc3c(cc2C1c1ccccc1O)OCO3,MoleculeNet_HIV
hiv_35995,O=C(Nn1cnn2c(=O)c3ccccc3nc2c1=O)c1ccccc1,MoleculeNet_HIV
hiv_10369,CC(=O)ONc1nn2cc(-c3ccccc3)nc2s1,MoleculeNet_HIV
hiv_22175,O=C1CSc2ccncc2N1,MoleculeNet_HIV
hiv_28107,CC(C)OP(=O)(OC(C)C)C(C[Sn](C)(C)Br)P(=O)(OC(C)C)OC(C)C,MoleculeNet_HIV
hiv_2796,COc1cc2c(cc1OC)C13CC[N+]4(C)CC5CCOC6CCN2C1C6C5CC34,MoleculeNet_HIV
hiv_3994,COc1cc(C[N+]23CC[N+](Cc4cc(OC)cc(OC)c4)(CC2)C3)cc(OC)c1,MoleculeNet_HIV
hiv_26780,CC(=O)OC1COC(Nc2[nH]c(=N)n(C)c(=O)c2N=O)C(OC(C)=O)C1OC(C)=O,MoleculeNet_HIV
hiv_12701,O=C1NC2CCC(C2)C1c1ccccc1,MoleculeNet_HIV
hiv_14940,O=C1N(O)C2(C=CCCC2)C(=NO)C12CCCCC2,MoleculeNet_HIV
hiv_7289,O=C1NCCN1C(=O)Nc1ccc(S(=O)(=O)c2ccc([N+](=O)[O-])cc2)cc1,MoleculeNet_HIV
hiv_23872,NC(=O)NC1=NC(Cc2ccccc2)C(=O)N1Cc1ccccc1,MoleculeNet_HIV
hiv_31474,c1ccc(C2=NOC3(c4ccccc4)CC(c4cccs4)Sc4ccccc4N23)cc1,MoleculeNet_HIV
hiv_33988,CCc1ccc(Nc2cc(=O)n(C)c(SCc3ccccc3)n2)cc1,MoleculeNet_HIV
hiv_39823,COC(=O)c1cc(OS(=O)(=O)C(F)(F)F)c(=O)n2c1CCCC2,MoleculeNet_HIV
hiv_4831,CC1C=C2c3ccccc3CC2C2C(=O)OC(=O)C12,MoleculeNet_HIV
hiv_34966,Oc1c(Cc2ccccc2)c(-c2ccccc2)nn1C1=NCCN1,MoleculeNet_HIV
hiv_32967,CC(C)(C)[N+]([O-])=[N+]([O-])C(C)(C)C,MoleculeNet_HIV
hiv_3928,C=CCOc1cc2c(ccc1=O)-c1c(cc(OC)c(OC)c1OC)CCC2NC(C)=O,MoleculeNet_HIV
hiv_13933,CC1=C2CCC(O)CC2(C)C(O)C1C,MoleculeNet_HIV
hiv_21916,CC1(C)OC(=O)C(C#N)=C1C=Cc1coc2ccc(Cl)cc2c1=O,MoleculeNet_HIV
hiv_16729,Cc1cc(Cl)cc2c1NC(=O)C2(O)CC(=O)c1ccco1,MoleculeNet_HIV
hiv_23374,OC1COc2c3ccccc3nn2C1,MoleculeNet_HIV
hiv_37936,Cc1cc(-c2ccccn2)oc(=O)c1NC(=O)c1ccccc1,MoleculeNet_HIV
hiv_35030,Brc1ccc(-c2csc3c2-n2cccc2C3=[N+]2CCCC2)cc1.O=P([O-])(Cl)Cl,MoleculeNet_HIV
hiv_41120,Cc1ccc2[nH]c3c(c2c1)C1CCC(C(C)(C)C)CC1C1C(=O)N(c2ccc(Oc4ccccc4)cc2)C(=O)C31,MoleculeNet_HIV
hiv_35229,OC1C=C2CCN3Cc4cc5c(cc4C(C1O)C23)OCO5,MoleculeNet_HIV
hiv_39792,Clc1ccc(-c2nc3cc(C45CC6CC(CC(C6)C4)C5)ccc3[nH]2)cc1,MoleculeNet_HIV
hiv_35869,CN1CCCCC1c1ccc(-c2cccnc2)nc1.Cl,MoleculeNet_HIV
davis_10127622,Cn1cnc2c(F)c(Nc3ccc(Br)cc3Cl)c(C(=O)NOCCO)cc21,DAVIS_spike_in
hiv_28031,CC1(C)OC(=O)CC12CCN(Cc1ccccc1)CC2,MoleculeNet_HIV
hiv_37056,Cc1cn(C2CC([Se]c3ccccc3)C(CO)O2)c(=O)[nH]c1=O,MoleculeNet_HIV
hiv_26127,N#CC(=CN1CCNC1=S)C(=O)c1ccc2ccccc2c1,MoleculeNet_HIV
hiv_31592,COC(=O)C(Cc1ccccc1)NP(=O)(O)OCC1OC(n2ccc(=N)[nH]c2=O)C(O)C1O,MoleculeNet_HIV
hiv_10994,CC1C=CC2(C)CCC(C(C)(C)O)C2C(O)CC(C)(O)C=CC1,MoleculeNet_HIV
hiv_29607,O=[N+]([O-])c1ccc(-n2nc3ccc4nonc4c3n2)cc1,MoleculeNet_HIV
hiv_9350,C(=NNC1=NCCN1)c1ccc(-c2cn3cc(C=NNC4=NCCN4)ccc3n2)cc1,MoleculeNet_HIV
hiv_40762,COP1(=O)NCc2ncccc2O1,MoleculeNet_HIV
hiv_7565,Cn1nnnc1SCC1=C(C(=O)O)N2C(=O)C(NC(=O)C(OC=O)c3ccccc3)C2SC1,MoleculeNet_HIV
hiv_29651,c1cc2nnc1SCCSCCSCCSc1ccc(nn1)SCCSCCSCCS2,MoleculeNet_HIV
hiv_41076,Cc1cn(C2OC(CO[Si](C)(C)C(C)(C)C)C3(OC3C(=O)NO)C2O[Si](C)(C)C(C)(C)C)c(=O)[nH]c1=O,MoleculeNet_HIV
hiv_4229,COc1cc2c(cc1OC)C(Cc1ccccc1NC(=O)c1ccc(C(=O)Nc3ccccc3CC3c4cc(OC)c(OC)cc4CCN3C)cc1)N(C)CC2,MoleculeNet_HIV
hiv_25728,OC(CC=NN=CCC(O)(C(F)(F)Cl)C(F)(F)Cl)(C(F)(F)Cl)C(F)(F)Cl,MoleculeNet_HIV
hiv_39979,CCOC(=O)c1cnn2c1ncc1c(=O)n(NC(N)=O)ccc12,MoleculeNet_HIV
hiv_29102,O=C(CC(NC(=O)OCc1ccccc1)C(=O)NC1Cc2ccccc2OC1=O)OCc1ccccc1,MoleculeNet_HIV
hiv_28781,COc1ccc2c(c1)OCC1c3cc(O)c4c(OC)cccc4c3OC21,MoleculeNet_HIV
hiv_10279,S=C(SSC(=S)N(Cc1ccccc1)Cc1ccccc1)N(Cc1ccccc1)Cc1ccccc1,MoleculeNet_HIV
hiv_32066,O=c1[nH]n(Cc2ccccn2)c2ccc([N+](=O)[O-])cc12,MoleculeNet_HIV
hiv_19306,O=S1(=O)CCCS(=O)(=O)C(c2ccccc2)=C1c1ccccc1,MoleculeNet_HIV
hiv_1904,Cc1cc(=O)c2c(o1)-c1ccccc1C(c1ccccc1)c1ccccc1-2,MoleculeNet_HIV
hiv_8206,Cc1ccc(C(=O)NC2C(=O)NC(C(C)C)C(=O)N3CCCC3C(=O)N(C)CC(=O)N(C)C(C(C)C)C(=O)OC2C)c2c1Oc1c(c(C(=O)NC3C(=O)NC(C(C)C)C(=O)N4CCCC4C(=O)N(C)CC(=O)N(C)C(C(C)C)C(=O)OC3C)c3nc(-c4ccccc4)c(=O)oc3c1C)N2,MoleculeNet_HIV
hiv_14977,O=C(CC(=O)Nc1ccccc1)Nc1ccccc1,MoleculeNet_HIV
hiv_8842,COCC(O)COn1c(=O)[c-](C#N)[n+](=O)c2ccccc21,MoleculeNet_HIV
hiv_30149,CSC1=C(c2ccc(C)cc2)N(c2ccccc2)C(=O)C(=O)N(c2ccccc2)C(c2ccc(C)cc2)=C(SC)SS1,MoleculeNet_HIV
hiv_32709,Cc1cc(C)nc(NS(=O)(=O)c2ccc(NC(=O)c3ccc4nc5ccccc5c(Nc5ccc(S(N)(=O)=O)cc5)c4c3)cc2)n1,MoleculeNet_HIV
hiv_2528,N#CC(F)(F)C(F)(F)C(F)(F)C(F)(F)C(F)(F)C(F)(F)C(F)(F)F,MoleculeNet_HIV
hiv_29613,O=[N+]([O-])c1ccc(-n2nc3ccc4c(no[n+]4[O-])c3[n+]2[O-])c([N+](=O)[O-])c1,MoleculeNet_HIV
hiv_14462,COC(=O)C1OC2(CCCC3CC32)OC1C(=O)OC,MoleculeNet_HIV
hiv_38868,N#CCCN(CCCN(C(=O)Nc1ccc(NC(=O)N(CCCN(CCC#N)C(N)=O)c2ccccc2)cc1)c1ccccc1)C(N)=O,MoleculeNet_HIV
hiv_8025,c1ccc(SC2=C(Sc3ccccc3)CC2)cc1,MoleculeNet_HIV
hiv_14526,N[Co-4](N)(N)(N)(O)O.[O-][Cl+3]([O-])([O-])O,MoleculeNet_HIV
hiv_31871,CCOC(=O)C(NC(=O)CC)(Nc1ccc(S(=O)(=O)Nc2ccc(OC)nn2)cc1)C(F)(F)F,MoleculeNet_HIV
hiv_9591,COC=Nc1cn2c(n1)CN=C2,MoleculeNet_HIV
hiv_28606,CC(C)CNC(=O)CCc1cccc2c1oc1c(CCN)cccc12,MoleculeNet_HIV
hiv_40932,COC(=O)c1cc2cc3c(c(O)c2c(=O)o1)OC1(Oc2c(O)c4c(c(O)c2C1OC1CC(OC)C(O)C(C)O1)C(=O)C=C(OC)C4=O)C(O)C3,MoleculeNet_HIV
hiv_22849,N#CC(=Cc1ccc2[nH]ccc2c1)C(=O)c1ccc(O)c(O)c1,MoleculeNet_HIV
hiv_12136,CC1(C)C(=O)CCC(=O)C(C)(C)c2ccc(o2)C(C)(C)C(=O)CCC(=O)C(C)(C)c2ccc1o2,MoleculeNet_HIV
hiv_32804,Oc1cc(NCC2CCCCC2)nc(O)n1,MoleculeNet_HIV
hiv_6777,Cn1c(=O)n2n(c1=O)C1C3C4C3C3C5(COCC135)C42,MoleculeNet_HIV
hiv_22887,O=C1C(Cl)C2c3cc4ccccc4nc3Oc3ccccc3N12,MoleculeNet_HIV
hiv_9641,Cn1c(=O)c2nsnc2n(C)c1=O,MoleculeNet_HIV
hiv_18851,Cc1nc(Cl)nc2c1C(=O)Nc1ccccc1N2,MoleculeNet_HIV
hiv_33967,CC=CC(O[Si](C)(C)C(C)(C)C)C(O)C=CC(=O)OCC,MoleculeNet_HIV
hiv_5386,c1ccc(C2=C(c3ccccc3)C23SCCS3)cc1,MoleculeNet_HIV
hiv_1928,Brc1ncnc2c1ncn2C1CCCS1,MoleculeNet_HIV
hiv_11418,N#CCC(=O)NN=C1C(=O)N(c2ccc(Cl)cc2)C(=O)C(=O)C1c1nc2ccccc2s1,MoleculeNet_HIV
hiv_28859,CC(=O)OCC1OC(n2c(-c3ccccc3)c(C)c(C)c(C#N)c2=S)C(OC(C)=O)C(OC(C)=O)C1OC(C)=O,MoleculeNet_HIV
hiv_7656,CCC12C[N+]3([O-])CCc4c([nH]c5ccccc45)C(C(=O)OC)(c4cc5c(cc4OC)N(C)C4C(O)(C(=O)OC)C(OC(C)=O)C6(CC)C=CCN7CCC54C76)CC(C3)C1O2,MoleculeNet_HIV
hiv_10504,COC(=O)C12CN(C)CC(C(=O)OC)(C1=O)C(c1ccccc1)OC2c1ccccc1,MoleculeNet_HIV
hiv_12613,CC(=O)NC1CC2Oc3ccc(C)cc3C(C)(O2)C1O,MoleculeNet_HIV
hiv_8570,O=C(Cn1cc[n+](CC(OCc2ccc(Cl)cc2Cl)c2ccc(Cl)cc2Cl)c1)c1ccc(F)cc1,MoleculeNet_HIV
hiv_38548,Cc1c2c(n(CC(c3ccccc3)c3ccccc3)c1C)NN=C(C#N)S2(=O)=O,MoleculeNet_HIV
hiv_31842,Cc1ccc2c(c1)C(=O)C(=C1CCc3ccc(C)cc31)C2,MoleculeNet_HIV
hiv_38103,CSC12C3C(=O)N(C)C(=O)C3C(C)(C(=O)N1C)C(=O)N2c1ccccc1,MoleculeNet_HIV
hiv_14789,CC1C(O)=C(O)c2ccccc2N1O,MoleculeNet_HIV
hiv_11699,CC1=CC(=O)CCC2(C)C(OC=O)CCC12,MoleculeNet_HIV
hiv_14889,Fc1ccccc1C1CC(C(c2ccccc2)c2ccccc2)=Nc2ccccc2S1,MoleculeNet_HIV
hiv_20747,O=C(C=Cc1ccc(OCCCCCCCCCCOc2ccc(C=CC(=O)c3ccc(Cl)cc3)cc2)cc1)c1ccc(Cl)cc1,MoleculeNet_HIV
hiv_21530,O=C(O)c1ccc(-c2ccc(-c3cc(=S)sc(=O)[nH]3)cc2)cc1,MoleculeNet_HIV
hiv_25844,CCCCCc1cc(CCCC)sc1-c1ccco1,MoleculeNet_HIV
hiv_31999,CC(C)CCCC(C)C1CCC2C3CC=C4CC(OC(=O)OC5CCC6(C)CC7C=CC6(OO7)C5(C)C)CCC4(C)C3CCC12C,MoleculeNet_HIV
hiv_39427,Cc1cc(S(=O)(=O)N2CCNNC2=O)c(S)cc1Cl,MoleculeNet_HIV
hiv_1527,O=C(Nc1ccc2cc(S(=O)(=O)O)ccc2c1)c1ccc(N=Nc2cc(S(=O)(=O)O)c3ccccc3c2O)cc1,MoleculeNet_HIV
hiv_18059,COc1cccc2c1[OH+][Ni-2]1(O)[S+]=C(Nc3ccccc3)[N-][N+]1=C2,MoleculeNet_HIV
hiv_19268,CC(C)C(=O)N1Cc2cc(Cl)cc(Cl)c2OC(=O)c2ccccc21,MoleculeNet_HIV
hiv_11281,O=C(O)c1cc(=O)c2c([nH]c3ccccc32)s1,MoleculeNet_HIV
hiv_11605,O=S(O)CCCCSSCC(O)C(O)CSSCCCCS(=O)O.[NaH],MoleculeNet_HIV
hiv_36042,CC(=O)N(CCCCNC(=O)C(F)(F)F)CCCNC(=O)C(F)(F)F,MoleculeNet_HIV
hiv_33562,Cc1ccc(-c2n[nH]c(CC#N)n2)cc1,MoleculeNet_HIV
hiv_6326,COc1ccc(OC)c(-c2csc(=O)s2)c1,MoleculeNet_HIV
hiv_9022,CN(C)c1ccc(C(c2cc3c(cc2O)OCO3)N2CCOCC2)cc1,MoleculeNet_HIV
davis_24180719,CCCS(=O)(=O)Nc1ccc(F)c(C(=O)c2c[nH]c3ncc(Cl)cc23)c1F,DAVIS_spike_in
hiv_15705,O=C1C2C(C(=O)N1c1ccc(Br)cc1)C1([N+](=O)[O-])C=C3c4ccccc4N(c4ccccc4)C32C2C(=O)N(c3ccc(Br)cc3)C(=O)C21,MoleculeNet_HIV
hiv_32540,CC(C)(C)c1ccc(O)c(C(O)c2ccccn2)c1,MoleculeNet_HIV
hiv_40140,OCC(O)C(O)C(O)C(O)C1SCCCS1,MoleculeNet_HIV
hiv_11504,CC1=NC(C(=O)O)Cc2c1[nH]c1ccccc21,MoleculeNet_HIV
hiv_31577,O=C(NCCCCCCNC(=O)c1cc(-c2ccccc2)nc2ccccc12)c1cc(-c2ccccc2)nc2ccccc12,MoleculeNet_HIV
hiv_36528,CCOC(=O)c1[nH]cc(C)c1-c1ccn(-c2ccccc2)c1,MoleculeNet_HIV
hiv_9681,Oc1ncc(SSc2cnc(O)nc2O)c(O)n1,MoleculeNet_HIV
hiv_12883,Cc1nc(=N)[nH]n1C1OCC(O)C(O)C1O,MoleculeNet_HIV
hiv_609,CCCCC(CC)CCC(CCC(CC)CCCC)S(=O)(=O)O,MoleculeNet_HIV
hiv_7107,O=C1C[N+]2(Cc3ccccc3)CCC1CC2,MoleculeNet_HIV
hiv_19917,CN1CC2(CCCCC2)C(O)C12C=CCCC2,MoleculeNet_HIV
hiv_7186,CC1(C)NNC(SCc2ccccc2)=NC1=O,MoleculeNet_HIV
hiv_6946,CCCNC(=S)NN1C2CSC1CS2,MoleculeNet_HIV
hiv_32527,[Se]=P(c1ccccc1)(c1ccccc1)c1ccc(C(c2ccccc2)=P(c2ccccc2)(c2ccccc2)c2ccccc2)cc1,MoleculeNet_HIV
hiv_8939,O=C1CC2(CC=CCC23OCCO3)CC(CI)O1,MoleculeNet_HIV
hiv_21487,C=CCC1C(=O)C(C(=O)OC)N2CCc3c([nH]c4ccccc34)C12,MoleculeNet_HIV
hiv_24436,COc1cccc(-c2nc(-c3cnccn3)n(CC=Cc3ccccc3)n2)c1,MoleculeNet_HIV
hiv_18885,CC1(C)COC(C23C4C5C2C2C3C4C52I)=N1,MoleculeNet_HIV
hiv_6885,COc1ccc(-c2c(N)cnc(C(=O)O)c2C)c(O)c1OC,MoleculeNet_HIV
hiv_1564,Cc1ccc(NCC2(N=Cc3ccccc3)OC(CO)C(O)C2O)cc1,MoleculeNet_HIV
hiv_21462,N=C(N)NN=Cc1oc(-c2ccc(S(=O)(=O)O)o2)c(-c2ccc(S(=O)(=O)O)o2)c1[N+](=O)[O-],MoleculeNet_HIV
hiv_23500,COc1ccc(-c2nnc(-c3nsc4ccccc34)o2)cc1,MoleculeNet_HIV
hiv_30560,CCOC(=O)C(C(=O)OCC)=C1SC(=Nc2ccccc2)C(=Nc2ccccc2)N1c1ccccc1,MoleculeNet_HIV
hiv_7915,O=C(O)Cc1ccc(-c2cn3c(n2)sc2ccccc23)cc1,MoleculeNet_HIV
hiv_36452,CC(C)(C)n1c(=O)n(-c2ccccc2)n(C(C)(C)C)c1=O,MoleculeNet_HIV
hiv_29702,COC(=O)C(C)(C)NC(=O)C(Cc1ccccc1)NC(=O)C(C)(C)NC(=O)OCc1ccccc1,MoleculeNet_HIV
hiv_29449,CNC(=O)C1CCCN1C(=O)C(Cc1c[nH]cn1)NC(=O)C1CCC(=O)N1,MoleculeNet_HIV
hiv_7030,CN1C(=O)C(O)(Cc2nccc3ccccc23)c2ccccc21,MoleculeNet_HIV
hiv_32944,Cc1cc(SSc2cc(C)c3ccccc3n2)nc2ccccc12,MoleculeNet_HIV
hiv_35897,CC(=O)O.CC(=O)OC(=C(C#N)C#N)c1nccnc1C(C)=O,MoleculeNet_HIV
hiv_101,C=C(C)CS(=O)(=O)O,MoleculeNet_HIV
hiv_29819,CN1N=C(c2ccncc2)OC1c1cccc(F)c1,MoleculeNet_HIV
hiv_12098,CC12CCCCC1(C)C2Sc1ccccc1,MoleculeNet_HIV
hiv_36732,O=c1c2cc(S(=O)(=O)Nc3ccccc3Cl)ccc2ncn1NS(=O)(=O)c1ccc(Br)cc1,MoleculeNet_HIV
hiv_21163,Cc1ccc(NC(=O)C(=O)C2C(=O)NC(=O)NC2=O)cc1C,MoleculeNet_HIV
hiv_30768,CC(=O)NCCC1CN(C(=O)C=CI)c2ccccc21,MoleculeNet_HIV
hiv_34105,O=C(C=Cc1ccc(C=CC(=O)c2ccc(O)cc2)cc1)c1ccc(O)cc1,MoleculeNet_HIV
hiv_36478,CCc1c(O)cc(=O)oc1-c1ccc(OC)c(OC)c1,MoleculeNet_HIV
hiv_1139,O=S(c1ccc(Cl)cc1)S(=O)c1ccc(Cl)cc1,MoleculeNet_HIV
hiv_22781,C1CSCCSCCS1,MoleculeNet_HIV
hiv_13519,COc1ccc(-c2[nH]c3ccccc3c2CCNS(=O)(=O)c2ccc(C)cc2)cc1,MoleculeNet_HIV
hiv_2009,CCC(C)c1c(NC(=O)c2ccccc2)o[nH]c1=O,MoleculeNet_HIV
hiv_19525,C[N+](C)(C)CC(=O)NN=C(C(=O)Nc1ccc(Br)cc1)C1C(=O)NC(=O)NC1=O,MoleculeNet_HIV
hiv_34912,NC(Cc1ccc(S(=O)(=O)O)cc1)C(=O)NC(CCCCNC(=O)NCCCCC(NC(=O)C(N)Cc1ccc(S(=O)(=O)O)cc1)C(=O)NC(Cc1ccc(S(=O)(=O)O)cc1)C(=O)O)C(=O)NC(Cc1ccc(S(=O)(=O)O)cc1)C(=O)O.[NaH],MoleculeNet_HIV
hiv_7653,Cc1nnc(SCC2=C(C(=O)O)N3C(=O)C(NC(=O)Cn4cc(Cl)c(=O)c(Cl)c4)C3SC2)s1,MoleculeNet_HIV
hiv_33888,O=[N+]([O-])c1ccc2ncccc2c1CCc1c([N+](=O)[O-])ccc2ncccc12,MoleculeNet_HIV
hiv_34577,C[n+]1cccc2ccc(OC(=O)c3ccccc3)cc21.[I-],MoleculeNet_HIV
hiv_5579,COc1cccc(C=Cc2nccc3ccccc23)c1OC,MoleculeNet_HIV
hiv_31964,CCN(CC)CCCn1c(=O)c2cccnc2n2c3c(=O)n(C)c(=O)n(C)c3nc12,MoleculeNet_HIV
hiv_1430,Cc1cccc(CC(=O)c2ccccc2)n1,MoleculeNet_HIV
hiv_30011,OC1CC2CCC(C1)S2,MoleculeNet_HIV
hiv_14443,CC1C(=O)CC2OC3CC(C)(Cl)C(Br)CC31C2(C)C,MoleculeNet_HIV
hiv_34204,N=C1NCC(CN2CCCC2)O1,MoleculeNet_HIV
hiv_1660,CC(=O)NC(CCC(=O)C=[N+]=[N-])C(=O)O,MoleculeNet_HIV
hiv_15686,Clc1cccc(N2CCN(CCN3CCc4c([nH]c5ccccc45)C3c3cccnc3)CC2)c1,MoleculeNet_HIV
hiv_29243,CC(C)(N=NC(C)(C)C1=NCCN1)C1=NCCN1,MoleculeNet_HIV
hiv_25608,CC12CC(c3ccccc3)Nc3ccccc3N1C(c1ccccc1)=NO2,MoleculeNet_HIV
hiv_2900,Cc1cc(NC(=O)c2ccc(N)cc2)ccc1N=Nc1ccc2c(O)c(N=Nc3ccc(S(=O)(=O)O)cc3C)c(S(=O)(=O)O)cc2c1,MoleculeNet_HIV
hiv_24108,COc1cccc2c1C1(O)C2CCCCCCCCCC12OCCCO2,MoleculeNet_HIV
hiv_6759,CCCCC(=O)N1C(=O)C(=CN(C)C)c2cc(C=O)ccc21,MoleculeNet_HIV
hiv_32304,O=c1ccn(CC2(CO)CC(Cc3ccccc3)C2)c(=O)[nH]1,MoleculeNet_HIV
hiv_16118,O=C1c2c(c(-c3ccccc3)c(-c3ccccc3)c(-c3ccccc3)c2-c2ccccc2)C(=O)N1c1cccc(Br)c1,MoleculeNet_HIV
hiv_30185,O=Cc1c2c(cc3c1CC1(C3)Cc3cc4c(c(C=O)c3C1)CCCC4)CCCC2,MoleculeNet_HIV
hiv_15537,Cn1nc(-c2ccccc2)c2c(C=Cc3ccc(F)cc3)onc2c1=O,MoleculeNet_HIV
hiv_6663,O=C1C2C3CCC(C3)C2C(=O)C2C3CCC(C3)C12,MoleculeNet_HIV
hiv_1321,NC(=O)C(O)C(O)C(N)=O,MoleculeNet_HIV
hiv_15998,CC1c2c(n(C)c3ccccc23)C2CCC3(CO3)C1N2Cc1ccccc1,MoleculeNet_HIV
hiv_8467,Cc1c(-c2cnccn2)ssc1=S,MoleculeNet_HIV
hiv_39609,CCOC(=O)c1c(NC(=O)c2ccccc2)c(C#N)c2n1CCCCC2,MoleculeNet_HIV
hiv_25581,CCN1C(=O)C(=CNc2ccccc2)SC1=NNc1nc(C)cs1,MoleculeNet_HIV
hiv_16293,N#Cc1ccc(Sc2nc3ccccc3[nH]2)cc1,MoleculeNet_HIV
hiv_21763,COc1ccc(CCN(C)C2CCC(C#N)(c3ccc(OC)c(OC)c3)CC2)cc1OC.Cl,MoleculeNet_HIV
hiv_9499,Cc1ccc2c(c1)sc(C)[n+]2CCO,MoleculeNet_HIV
hiv_32549,COc1cc2c(c(OC)c1OC)C(=O)C1C2N1C(N)=O,MoleculeNet_HIV
hiv_29736,C=[N+](CNC(=O)CNC(=O)C(Cc1ccc([N+](=O)[O-])cc1)NC(=O)OC(C)(C)C)C(=O)CNC(=O)C(Cc1ccc([N+](=O)[O-])cc1)NC(=O)OC(C)(C)C,MoleculeNet_HIV
hiv_27469,c1ccc2c(c1)SCCC2NC1=NCCO1,MoleculeNet_HIV
hiv_39848,COC(=O)C1=C(C(=O)OC)C2(c3ccccc3)c3ccccc3C(=O)C1N2C1CCCCC1,MoleculeNet_HIV
hiv_22799,CCCNC(=S)NNC(=O)CSc1nc(-c2ccccc2)c(-c2ccccc2)[nH]1,MoleculeNet_HIV
hiv_24498,CN1CCN(C(=S)N(C(=O)c2ccc(Cl)cc2)c2ccccc2)CC1,MoleculeNet_HIV
hiv_13278,O=C1C2C(C(=O)N1c1ccccc1)C1c3ccccc3C2C2C(=O)N(c3ccccc3)C(=O)C21,MoleculeNet_HIV
hiv_33676,C[N+](C)(C)C(CSSCC(C(O)=[OH+])[N+](C)(C)C)C(=O)[O-],MoleculeNet_HIV
hiv_13287,CN(C)c1ccc(C=Cc2ccc(C=Cc3ccc(N(C)C)cc3)cc2)cc1,MoleculeNet_HIV
hiv_5821,Clc1ccc2sc3c(c2c1)CCNC3,MoleculeNet_HIV
hiv_1377,O=C(Oc1ccccc1)N(CCO)C(c1ccccc1)C(O)c1ccccc1,MoleculeNet_HIV
hiv_26477,C[n+]1ccccc1.O=C(Nc1ccc(S(=O)(=O)c2ccc(NC(=O)c3cc(S(=O)(=O)O)ccc3O)cc2)cc1)c1cc(S(=O)(=O)O)ccc1O.[Cl-].[NaH],MoleculeNet_HIV
hiv_729,CN1CCN(CCCN2c3ccccc3Sc3ccc(Cl)cc32)CC1,MoleculeNet_HIV
hiv_9085,CCOC(=O)Nc1cc(NC(C)C(=NO)c2ccccc2)c([N+](=O)[O-])c(N)n1,MoleculeNet_HIV
hiv_3068,COc1ccc(-c2[nH]c3ccccc3c2-c2ccc(OC)cc2)cc1,MoleculeNet_HIV
hiv_29136,C=CCC12CC(C=CC13OCCO3)OC(=O)C2C,MoleculeNet_HIV
hiv_30792,CCCCCCOP(=O)(OCCCCCC)C(NC(=O)OCC)(C(F)(F)F)C(F)(F)F,MoleculeNet_HIV
hiv_21813,C1=C2CN3CCC45c6ccccc6N6CCC(OC1)C(C2CC34)C65,MoleculeNet_HIV
hiv_15614,N#Cc1cccc(N2C(=O)C3C4C=CC(C3C2=O)C2C(=O)N(c3cccc(C#N)c3)C(=O)C42)c1,MoleculeNet_HIV
hiv_4121,CC(=O)N1C(=O)C(=NNc2ccccc2[N+](=O)[O-])c2ccccc21,MoleculeNet_HIV
hiv_7414,NC1=NS(=O)(O)=NC(N)=C1N=Nc1cccc(Cl)c1,MoleculeNet_HIV
hiv_22818,COc1ccccc1OCc1nnc(SCC(=O)O)n1-c1ccccc1,MoleculeNet_HIV
hiv_1281,Cn1cnc([N+](=O)[O-])c1SSc1c([N+](=O)[O-])ncn1C,MoleculeNet_HIV
hiv_13024,CN1Cc2ccccc2C2(COc3ccccc3C2=O)C1,MoleculeNet_HIV
hiv_38521,CC=C1CC(C(=O)OC)N(C(=O)OCc2ccccc2)C1=S,MoleculeNet_HIV
hiv_26136,COc1ccc(C=CC(=NNC(=O)NN=C(C=Cc2ccc(OC)cc2)C(C)C)C(C)C)cc1,MoleculeNet_HIV
hiv_13205,O=S1C(c2ccccc2)c2c(-c3ccccc3)sc(-c3ccccc3)c2C1c1ccccc1,MoleculeNet_HIV
hiv_20826,NC(=O)c1cccc(C2OC(COP(=O)(O)O)C(O)C2O)c1.[NaH],MoleculeNet_HIV
hiv_15220,CCCCCCCCCCCc1c2oc3ccccc3nc-2cc(Nc2ccccc2O)c1=O,MoleculeNet_HIV
hiv_21152,O=C(NC1CCCCC1)NC12CC3CC(CC(F)(C3)C1)C2,MoleculeNet_HIV
hiv_5170,O=C1CSCC(=O)O1,MoleculeNet_HIV
hiv_13310,c1ccc(COc2ccc3[nH]c4c(ncc5[nH]c6ccccc6c54)c3c2)cc1,MoleculeNet_HIV
hiv_18217,CC(C)C1NC(=O)c2ccccc2S1,MoleculeNet_HIV
hiv_35107,COc1ccc(-c2cc(-c3ccncc3)nc(N)c2-c2ccc(F)cc2)cc1,MoleculeNet_HIV
hiv_25393,CC1=C(C)SC(=C2Sc3[nH+]c(O)nc(O)c3S2)S1.CCCC[N+](CCCC)(CCCC)CCCC,MoleculeNet_HIV
hiv_8193,Nc1ccc(S(=O)(=O)Nc2cnc3c(Cl)cccc3n2)cc1,MoleculeNet_HIV
hiv_13202,O=c1c(Sc2c(O)c3ccccc3c3ccccc3c2=O)c(O)c2ccccc2c2ccccc12,MoleculeNet_HIV
hiv_24613,CN1CCN(c2nc3cc(F)ccc3n3cccc23)CC1,MoleculeNet_HIV
hiv_3504,CCOc1ccc2nc(NC(=O)C3C4CCC(O4)C3C(=O)O)sc2c1,MoleculeNet_HIV
hiv_1487,C1CC(C2OCOC3COCOC32)OO1,MoleculeNet_HIV
hiv_12471,C[Si](C)(C)OC1(C#N)C2C3CC4C2C(=O)C2C4C3C21,MoleculeNet_HIV
hiv_1748,C=C(C)C1=NC(C)(C)CC1=C(C)C,MoleculeNet_HIV
hiv_8602,O=c1c2ccccc2nc(-c2ccccc2)n1-c1nccs1,MoleculeNet_HIV
hiv_5048,COC1C=COC2(C)Oc3c(C)c(O)c4c(O)c(cc(OCC(=O)N(C)Cc5ccccc5)c4c3C2=O)NC(=O)C(C)=CC=CC(C)C(O)C(C)C(O)C(C)C(OC(C)=O)C1C,MoleculeNet_HIV
hiv_36881,CSc1ncc2c(C#N)c3sc4ccccc4n3c(=O)c2n1,MoleculeNet_HIV
hiv_10312,c1ccc(-c2nc3n(n2)CCC(c2ccccc2)S3)cc1,MoleculeNet_HIV
hiv_37601,N#Cc1ncoc1N,MoleculeNet_HIV
hiv_11499,Cc1cc(C(c2cc(C)c(O)c(C(=O)O)c2)c2cc(C)c(O)c(C(=O)O)c2)cc(C(=O)O)c1O,MoleculeNet_HIV
hiv_18137,CCOC(=O)c1cc(C=CC(C)=CC(=O)OC)oc1C,MoleculeNet_HIV
hiv_6134,NC1(CSS(=O)(=O)O)CCN1,MoleculeNet_HIV
hiv_5575,CCOC(=O)CCCN(c1[nH]c(C)c(C)c1C#N)S(=O)(=O)c1ccc(C)cc1,MoleculeNet_HIV
hiv_30839,CCCC(Cl)=NOC(NC(=O)OCC)(C(F)(F)F)C(F)(F)F,MoleculeNet_HIV
hiv_9149,S=C1N(c2ccc(Cl)cc2)C2=C(N=Nc3cc(Cl)ccc3Cl)C(=NCCN2)N1c1ccccn1,MoleculeNet_HIV
hiv_40698,CCOC(=O)c1c(N2CCCC2)nc(O)c(C(c2ccco2)c2c(O)nc(N3CCCC3)c(C(=O)OCC)c2O)c1O,MoleculeNet_HIV
hiv_40189,COc1ccccc1N1C(=O)C(=Cc2cc(OC)c(OC)c(OC)c2)S(=O)(=O)C1c1ccccc1,MoleculeNet_HIV
hiv_33544,Nc1nc(N)c2c(-c3ccccc3)ccnc2n1,MoleculeNet_HIV
hiv_34223,CC1(C)C2CC1C(Cc1ccccc1CC1c3cc(-c4ccccn4)ncc3C3CC1C3(C)C)c1cc(-c3ccccn3)ncc12,MoleculeNet_HIV
hiv_32239,Nc1nc(Cl)cc(NCC2(CO)CC(Cc3ccccc3)C2)n1,MoleculeNet_HIV
hiv_15370,Cc1nc(O)nc(CC(O)(c2ccccc2)c2ccccc2)c1-c1ccccc1,MoleculeNet_HIV
hiv_7510,O=C1OCCOCCOCCOCCOCCOCCOC(=O)c2cccc1n2,MoleculeNet_HIV
hiv_32469,COC(=O)C1COC(=O)N1,MoleculeNet_HIV
hiv_9401,CCOC(=O)C=C1CCCn2c1ncc(C(=O)OCC)c2=O,MoleculeNet_HIV
hiv_9266,C[n+]1c(COc2ccc(C=NN3CCN(N=Cc4ccc(OCc5cn6ccccc6[n+]5C)cc4)CC3)cc2)cn2ccccc21.Cc1ccc(S(=O)(=O)O)cc1,MoleculeNet_HIV
hiv_28842,O=C(Cc1ccccc1)NC1COC(=O)C2CCCN2C(=O)C2CCCN2C1=O,MoleculeNet_HIV
hiv_25261,CC(=O)c1sc2[n+](c1C)C(=O)C(=Cc1ccccc1Cl)S2,MoleculeNet_HIV
hiv_2918,Cc1n[nH]c(=S)n1NC=O,MoleculeNet_HIV
hiv_23753,C=CCn1c(=S)sc2c(C(=O)OCC)c3c(C)cc(C)cn3c2c1=O,MoleculeNet_HIV
hiv_2375,O=C1CCS(=O)(=O)O1,MoleculeNet_HIV
hiv_383,O=S(=O)(O)c1ccc(N=Nc2ccc(N=Nc3cccc4ccccc34)c(S(=O)(=O)O)c2)cc1,MoleculeNet_HIV
hiv_20024,N.O=C(O)C1=CC(=C(c2ccc(O)c(C(=O)O)c2)c2cc(Cc3ccc(O)c(C(=O)O)c3)c(O)c(C(=O)O)c2)C=CC1=O,MoleculeNet_HIV
hiv_20713,Cn1cc(-c2ccc3c4ccccc4n(C)c3c2)c2ccccc21,MoleculeNet_HIV
hiv_34306,CCCCc1ccc(Nc2nc(Cl)c3c(ncn3COCCOC(C)=O)n2)cc1,MoleculeNet_HIV
hiv_14189,CCN(CC)CSc1nc2ccccc2o1,MoleculeNet_HIV
hiv_16497,CC[N+](CC)(CC)CC.N#CC(C#N)=C[C-](C#N)C#N,MoleculeNet_HIV
hiv_12774,O=C(O)CC(O)(CC(=O)O)C(=O)O,MoleculeNet_HIV
hiv_9766,N#CC(=Cc1ccccc1)c1ccc(F)cc1,MoleculeNet_HIV
hiv_18833,O=C(O)Cn1ccc(=O)c2ccc([N+](=O)[O-])cc21.[NaH],MoleculeNet_HIV
hiv_15232,CN(C)c1ccc2c(c1)-c1cc(N(C)C)ccc1C2=CC=C1C(=O)c2ccccc2C1=C(C#N)C#N,MoleculeNet_HIV
hiv_37426,Br.C(=Cc1ccc(-c2cn3cc(C=CC=NNC4=NCCN4)ccc3n2)cc1)C=NNC1=NCCN1,MoleculeNet_HIV
hiv_14108,CC(C)C1=CC2=CC=C3C(C)(C)CC(=O)OC3(C)CC2=C(O)C1=O,MoleculeNet_HIV
hiv_40209,CC(=O)Oc1ccc(C=CC(=O)OC2CCCCC2OC(=O)C=Cc2ccc(OC(C)=O)c(OC(C)=O)c2)cc1OC(C)=O,MoleculeNet_HIV
hiv_12989,C[Si](C)(C)N=C1N2C(=NC1(C(F)(F)F)C(F)(F)F)Sc1ccccc12,MoleculeNet_HIV
hiv_23362,O=C(c1ccccc1)c1nnn(Cc2ccccc2Cn2nnc(C(=O)c3ccccc3)c2C(=O)c2ccccc2)c1C(=O)c1ccccc1,MoleculeNet_HIV
hiv_40900,C=C1CN(S(=O)(=O)c2ccc(C)cc2)CCCN(C2CCCC2)CCCN(S(=O)(=O)c2ccc(C)cc2)C1.Cl,MoleculeNet_HIV
hiv_33027,Cc1ccc2c(=O)c3cccc(CC(=O)O)c3[nH]c2c1C.[NaH],MoleculeNet_HIV
hiv_32783,CCOC(=O)C1=C(O)C2C3CC4C2C(O)=C(C(=O)OCC)C2C1C3C42,MoleculeNet_HIV
hiv_27120,O=C1C(=Cc2ccc([N+](=O)[O-])cc2)C(=O)N(c2ccccc2)C1c1ccccc1,MoleculeNet_HIV
hiv_21728,CCOC(=O)c1c(NNc2ccccc2)nc2ccccc2c1-c1ccccc1,MoleculeNet_HIV
hiv_22701,CCOC(=O)CCCSCCCC(=O)CCCSCCCC(=O)OCC,MoleculeNet_HIV
hiv_20467,N=c1nc(NC(=O)C2=Nc3cc(Cl)c(S(N)(=O)=O)cc3S(=O)(O)=N2)[nH][nH]1,MoleculeNet_HIV
hiv_966,CC(O)CCC(=O)NCCS(=O)(=O)O,MoleculeNet_HIV
hiv_28165,N#Cc1cc2c(cc1C#N)C(Nc1cccc(N)n1)=NC2=Nc1cccc(N)n1,MoleculeNet_HIV
hiv_37349,CCOC(=O)c1nc2cc(N3CCOCC3)c(F)cc2nc1O,MoleculeNet_HIV
hiv_36789,COc1cc(CCC(=O)CC(=O)CCc2ccc(O)c(OC)c2)ccc1O,MoleculeNet_HIV
hiv_7955,CCCCNC(=NP(=O)(NCCCC)NCCCC)NC,MoleculeNet_HIV
hiv_40553,Cn1c(-c2cccs2)cc(-c2cccs2)c1-c1ccco1,MoleculeNet_HIV
hiv_13602,N#CC1(Cc2ccc(N)cc2)c2ccccc2C=CN1C(=O)c1ccccc1,MoleculeNet_HIV
hiv_27501,CC(=O)NC(=O)NC1=NCCC(=O)N1CCc1c[nH]c2ccccc12,MoleculeNet_HIV
hiv_17895,CCSc1nc2n(c(=S)n1)CCN2C.I,MoleculeNet_HIV
hiv_20575,COc1ccc(C(=O)C=C2Nc3ccccc3N2C)cc1,MoleculeNet_HIV
hiv_5523,NC(=S)NN=Cc1cc2c3c(c1)CCCN3CCC2,MoleculeNet_HIV
hiv_23114,CC1(C)OCN(c2ccc(S(N)(=O)=O)cc2)Cn2c1nc1ccccc12,MoleculeNet_HIV
hiv_3248,N=c1c2c(ncn1N)CCN(Cc1ccccc1)C2,MoleculeNet_HIV
hiv_4455,COc1ccc(CNNCc2ccc(OC)cc2)cc1,MoleculeNet_HIV
hiv_9035,N=c1ccn(C2OC(CO)C(OP(=O)(O)O)C2O)c(=O)[nH]1.N=c1ccn(C2OC(COP(=O)(O)O)C(O)C2O)c(=O)[nH]1,MoleculeNet_HIV
hiv_36778,Oc1nc(-c2ccccc2)nc2c1sc1nc3ccccc3n12,MoleculeNet_HIV
hiv_40081,C1C2CC3CC1CC(Nc1nc(NC45CC6CC(CC(C6)C4)C5)nc(NC45CC6CC(CC(C6)C4)C5)n1)(C2)C3,MoleculeNet_HIV
hiv_8087,S=C1CC(N2CCCC2)=Nc2ccccc2N1,MoleculeNet_HIV
hiv_34539,O=C(CCc1ccc(O)cc1)NCCc1cccc(OCc2ccccc2)c1,MoleculeNet_HIV
hiv_11815,CCOC(=O)CC1C(=O)CC2CC(C)CC(=O)C21CCC#N,MoleculeNet_HIV
hiv_4449,O=C1NC(=O)C(Cc2ccccc2Cl)N1,MoleculeNet_HIV
hiv_14712,Cc1cc(C)cc(Sc2c([N+](=O)[O-])ncn2C)c1,MoleculeNet_HIV
hiv_5862,S=C1SC2(CCCCCC2)NC2=C1CCCCC2,MoleculeNet_HIV
hiv_40105,S=c1[nH]nc(Cn2c3ccc(Br)cc3c3nc4ccccc4nc32)o1,MoleculeNet_HIV
hiv_841,CC1CC2OC(=O)C3(C)C2C(OC3(C)O)C2(C)C(=O)C=CC12,MoleculeNet_HIV
hiv_30569,Cn1c(=Nc2ccccc2[N+](=O)[O-])sc2ccccc21,MoleculeNet_HIV
hiv_7270,Cc1[nH]cc2c1C(c1ccccc1F)=NCC(=O)N2,MoleculeNet_HIV
hiv_18076,COc1cccc2c1[OH+][Ni-4]13(O)([O+]=C(N)[N-][N+]1=C2)[n+]1cccc2ccc4ccc[n+]3c4c21,MoleculeNet_HIV
hiv_35194,O=C1c2ccccc2-c2nc(-c3ccccc3)cc3c2c1nc1ccccc13,MoleculeNet_HIV
hiv_35795,Nc1ncnc2c1ncn2-c1ccc([N+](=O)[O-])cn1,MoleculeNet_HIV
hiv_10575,CSc1nc(NC(=O)c2ccccc2Cl)n[nH]1,MoleculeNet_HIV
hiv_13810,C=C1c2[nH]c3c([N+](=O)[O-])c(OC)ccc3c2CCN1C(C)=O,MoleculeNet_HIV
hiv_33044,C=CCC1(OC(C)=O)C(=O)C(=O)OC1C1COC(C)(C)O1,MoleculeNet_HIV
hiv_18925,O=C1C(Br)=CC2C3C=CC(Br)(C3=O)C12,MoleculeNet_HIV
hiv_17104,CC1=NC(=Cc2ccc(Br)cc2)C(=O)O1,MoleculeNet_HIV
hiv_13263,CC1C=CC2COC(=O)C2=CC1c1ccccc1,MoleculeNet_HIV
hiv_9535,CNC(=O)OCc1c(COC(=O)NC)c2n(c1C)CSC2,MoleculeNet_HIV
hiv_18634,O=C1C2ON=C(c3ccccc3)C2C(=O)N1c1ccc(Cc2ccc(N3C(=O)C4ON=C(c5ccccc5)C4C3=O)cc2)cc1,MoleculeNet_HIV
hiv_31535,Cn1c2c(c3ccccc31)CCN=C2C1CCCOC1=O,MoleculeNet_HIV
hiv_28262,COc1cc(C2c3cc4c(cc3OC(N3CCCCC3)C2C)OCO4)cc(OC)c1OC,MoleculeNet_HIV
hiv_22134,COC1(C)C(=O)N2C1N(C(=O)OC(C)(C)C)CC2(C)C,MoleculeNet_HIV
hiv_210,O=C(Oc1cccc2cccnc12)c1ccccc1,MoleculeNet_HIV
hiv_37126,O=C(OCC(OC(=O)c1ccccc1)C1CC(C2(O)CCCCC2)C(=O)O1)c1ccccc1,MoleculeNet_HIV
hiv_12505,S=c1nc(COc2ccc(Cl)cc2)[nH][nH]1,MoleculeNet_HIV
hiv_1610,CC(=O)OC(C)(C)C=CC(=O)C(C)(O)C1C(O)CC2(C)C3CC=C4C(CC(O)C(=O)C4(C)C)C3(C)C(=O)CC12C,MoleculeNet_HIV
hiv_20817,C.N=C1CSC2=NC3=C(CCCC3=Cc3ccccc3)C(c3ccccc3)N12,MoleculeNet_HIV
hiv_37246,Br.CC12CC(c3ccccc3O1)N1CCCCSC1=N2,MoleculeNet_HIV
hiv_27411,C=CCCC(=O)CC(O)(C(F)(F)F)C(F)(F)F,MoleculeNet_HIV
hiv_28721,O=C(O)c1cc(N=Nc2ccc(S(=O)(=O)Nc3ccccn3)cc2)ccc1O,MoleculeNet_HIV
hiv_31338,O=C(NCCNCCCNC(=O)c1cc(-c2ccccc2)nc2ccccc12)c1cccc(O)c1O,MoleculeNet_HIV
hiv_33389,COc1ccc(P2(=S)Oc3ccccc3-c3ccccc3O2)cc1,MoleculeNet_HIV
hiv_38831,CN1C(=O)C(CCO)(C(C)(C)C)c2ccccc21,MoleculeNet_HIV
hiv_1631,CN(C)C1C(O)=C(C(=O)NCN2CCCC2)C(=O)C2(O)C(O)=C3C(=O)c4c(O)cccc4C(C)(O)C3CC12,MoleculeNet_HIV
davis_5287969,CN1CCC(c2c(O)cc(O)c3c(=O)cc(-c4ccccc4Cl)oc23)C(O)C1,DAVIS_spike_in
hiv_18529,Clc1ccc(C2=NOC(C3CCCCC3)C2)cc1,MoleculeNet_HIV
hiv_35658,N=c1oc2ccc([N+](=O)[O-])cc2cc1C(=O)NCc1ccccc1,MoleculeNet_HIV
hiv_8721,CCn1cc(C(=O)O)c(=O)c2cc3c(cc21)CCO3,MoleculeNet_HIV
hiv_31902,Clc1ccc(C2=Cc3nc2c(-c2ccccc2)c2ccc([nH]2)c(-c2ccccc2)c2nc(c(-c4ccccc4)c4ccc([nH]4)c3-c3ccccc3)C=C2)cc1,MoleculeNet_HIV
hiv_37854,CCn1c(SCC(=O)NNC(=S)Nc2ccc(C)cc2)nc2ccccc2c1=O,MoleculeNet_HIV
hiv_4201,CCOC(=O)Nc1cc(Nc2ccc(Cl)cc2)c2nc(-c3ccc(Cl)cc3)c(-c3ccc(Cl)cc3)nc2n1,MoleculeNet_HIV
hiv_8934,CC1=[N+]2[N-]C(N3CC4CCC(CC4)C3)=[S+][Pt-4]2(Cl)(Cl)(Cl)[n+]2ccccc21,MoleculeNet_HIV
hiv_21428,COC(=O)c1ccccc1NC(=O)C(=O)CC(=O)CC(c1ccccc1)c1c(O)c2ccccc2oc1=O,MoleculeNet_HIV
hiv_22594,N=c1cnn(C2OC(CO)C(F)C2F)c(=O)[nH]1,MoleculeNet_HIV
hiv_32240,Nc1nc(Cl)cc(NCC2(CO)CC(CCc3ccccc3)C2)n1,MoleculeNet_HIV
hiv_436,CCN(CC)CCCOP(=O)(OCCCN(CC)CC)OCCCN(CC)CC,MoleculeNet_HIV
hiv_11757,O=C(NC(=Cc1c(O)ccc2ccccc12)c1nc2ccccc2[nH]1)c1ccccc1,MoleculeNet_HIV
hiv_13471,COc1cc2c3c(c1OC)-c1cc(O)ccc1CC3NCC2,MoleculeNet_HIV
hiv_2878,CNCCC=C1c2ccccc2CCc2ccccc21,MoleculeNet_HIV
hiv_20909,CC#COP(=O)(OCC)OCC,MoleculeNet_HIV
hiv_8045,Cc1cc(S)c2cc3c(cc2n1)OCO3,MoleculeNet_HIV
hiv_32236,COC1(OC)CC(CO)(CNc2cc(Cl)nc(N)n2)C1,MoleculeNet_HIV
hiv_4911,CSc1s[s+]c(SC)c1-c1ccccc1,MoleculeNet_HIV
hiv_15207,CC1=C2C(c3ccccc3)C3C=CC2(c2ccccc23)N(C(=O)C(c2ccccc2)c2ccccc2)C1=O,MoleculeNet_HIV
hiv_5132,C=CCNC(=O)C(O)C(O)C(=O)NCC=C,MoleculeNet_HIV
davis_3081361,COc1cc2c(Nc3ccc(Br)cc3F)ncnc2cc1OCC1CCN(C)CC1,DAVIS_spike_in
hiv_764,O=S(=O)(O)C(O)CC=C(C(O)S(=O)(=O)O)C(O)S(=O)(=O)O,MoleculeNet_HIV
hiv_39668,Cc1cn(C2CC([N+]([O-])=NNc3ccc([N+](=O)[O-])cc3)C(CO)O2)c(=O)[nH]c1=O,MoleculeNet_HIV
hiv_13177,COc1ccc(Br)c(CN2CCc3ccccc32)c1OS(=O)(=O)c1ccc(C)cc1.Cl,MoleculeNet_HIV
hiv_17681,Nc1nc(O)c2c(ncn2CC(O)CO)n1,MoleculeNet_HIV
hiv_1427,O=c1c2ccccc2oc2cc(C(O)c3ccccc3)ccc12,MoleculeNet_HIV
hiv_18389,O=C1NC2C3CC(OCc4ccccc4)(OCc4ccccc4)C2OC3O1,MoleculeNet_HIV
hiv_39956,CC(NC1CCCC1(O)C#Cc1ccc2c(c1)OCO2)c1ccccc1,MoleculeNet_HIV
hiv_13272,CC(=O)OC1(C)CC(O)C2(O)C=COC(OC3OC(CO)C(O)C(O)C3O)C12,MoleculeNet_HIV
hiv_28989,c1ccc([B-]2(c3ccccc3)[OH+]CCc3cccc[n+]32)cc1,MoleculeNet_HIV
hiv_36445,CC(C)(C)Nc1noc(=O)n1C(C)(C)C,MoleculeNet_HIV
hiv_30524,COc1ccc(C=c2sc3n(c2=O)C(c2ccccc2)C2(O)CCCCC2N=3)cc1,MoleculeNet_HIV
hiv_31305,CC(C)(Cc1ccccc1)Cc1cc(O)ccc1O,MoleculeNet_HIV
hiv_7020,FC(F)(F)c1ccc2c3c(c4c(c2n1)OCN(Cc1ccc(Cl)cc1Cl)C4)CN(Cc1ccc(Cl)cc1Cl)CO3,MoleculeNet_HIV
hiv_13985,O=C1C2C3C=C4c5ccccc5N(c5ccccc5)C4(C2C(=O)N1Cc1ccccc1)C1C(=O)N(Cc2ccccc2)C(=O)C31,MoleculeNet_HIV
hiv_3882,O=c1[nH]c2cnn(-c3ccccc3)c2c(=O)n1O,MoleculeNet_HIV
hiv_20179,OCC1OC(Oc2cc(O)cc(CCc3ccc(O)c(O)c3)c2)C(O)C(O)C1O,MoleculeNet_HIV
hiv_20849,Cc1cc(N(CCC#N)CCC#N)ccc1C=C(NC(=O)C=Cc1ccccc1)C(N)=O,MoleculeNet_HIV
hiv_879,COC(=S)SSC(=S)NCCN(CCNC(=S)SSC(=S)OC)C(=S)SSC(=S)OC,MoleculeNet_HIV
hiv_13041,Cc1[nH]nc2c1C(=O)C=C(N(CCO)c1ccccc1)C2=O,MoleculeNet_HIV
hiv_21186,N#Cc1ccccc1NC(=O)C(=NNc1ccc([N+](=O)[O-])cc1)C1C(=O)NC(=O)NC1=O,MoleculeNet_HIV
hiv_11181,CN(C)C(=S)N=c1ssc(=S)n1Cc1ccco1,MoleculeNet_HIV
hiv_33196,O=C(C1OC1c1ccc(Br)cc1O)C12CC3CC(CC(C3)C1)C2,MoleculeNet_HIV
davis_17755052,CS(=O)(=O)N1CCN(Cc2cc3nc(-c4cccc5[nH]ncc45)nc(N4CCOCC4)c3s2)CC1,DAVIS_spike_in
hiv_775,C1CN(SSN2CCSCC2)CCS1,MoleculeNet_HIV
hiv_28198,COc1ccc(CCN2CCOCC2)cc1.Cl,MoleculeNet_HIV
hiv_20956,N=S(c1ccccc1[N+](=O)[O-])c1ccccc1[N+](=O)[O-],MoleculeNet_HIV
hiv_18294,Cc1cc(O)c2c(c1)CC(O)C1=C2C(=O)c2c(O)ccc(OC3CC(O)C(OC4CC(OC5CCC(OC6CC(O)C(OC7CC(OC8CCC(O)C(C)O8)C(O)C(C)O7)C(C)O6)C(C)O5)C(O)C(C)O4)C(C)O3)c2C1=O,MoleculeNet_HIV
hiv_23721,CCOC(=O)c1ccn2c(c1)c(C#N)c1nc3ccccc3nc12,MoleculeNet_HIV
hiv_24279,CCCCCCCCCCCCCCCCCCNC(=O)OCC(CNS(=O)(=O)CCC[n+]1cccc2ccccc21)COC.[I-],MoleculeNet_HIV
hiv_17406,CC1=Nc2c(O)nc(S)nc2NC(c2c(Cl)cccc2Cl)C1,MoleculeNet_HIV
hiv_12042,O=C1C(c2ccccc2)=C(c2ccccc2)C(c2ccccc2)C1=C1C(=O)C(c2ccccc2)=C(c2ccccc2)C1c1ccccc1,MoleculeNet_HIV
hiv_416,O=C1NC(=O)C(c2ccccc2)(c2ccccc2)N1,MoleculeNet_HIV
hiv_12114,Br.CCC1=C(C)C(=Cc2[nH]c(C(Br)Br)c(CC)c2C)N=C1C(Br)Br,MoleculeNet_HIV
hiv_30338,COC(=O)C1=CON2C3CC4CC(C3)CC(C4)C12C,MoleculeNet_HIV
hiv_12619,CCC(C)C1NC(=O)C2CCCN2C(=O)CNC(=O)C(C)NC(=O)C(Cc2ccccc2)NC(=O)C(C(C)C)NC1=O,MoleculeNet_HIV
hiv_26065,COc1ccc(NC(=O)C(=CN2C(=O)C(=CC(C)=Cc3ccccc3)SC2=S)C(C)=O)cc1,MoleculeNet_HIV
hiv_2547,[Se]=c1[nH]c2ccccc2o1,MoleculeNet_HIV
hiv_1576,Cc1cc(-c2ccc(N=Nc3c(N)c(C)cc(S(=O)(=O)O)c3N)c(C)c2)ccc1N=Nc1ccc(O)c(C(=O)O)c1,MoleculeNet_HIV
hiv_31092,CC(=O)OCC(OC(C)=O)C(OC(C)=O)C1OCC2CC(C1OC(C)=O)N(Cc1ccccc1)O2,MoleculeNet_HIV
hiv_28784,CCOC=Nc1c(C#N)c(-c2ccc(Cl)cc2)cn1-c1ccc(C)cc1,MoleculeNet_HIV
hiv_28637,NN=C1CC(c2ccccc2)Oc2ccccc21,MoleculeNet_HIV
hiv_8492,CC1(C)Nc2cc3c(cc2-n2cccc21)oc1ccccc13,MoleculeNet_HIV
hiv_20868,CSc1nc2c(c(O)c(C)c(=O)n2C2OCC(OC(C)=O)C(OC(C)=O)C2OC(C)=O)c(=O)n1C,MoleculeNet_HIV
hiv_10491,O=S(=O)(O)C(O)C(F)(F)C(F)(F)C(F)(F)C(F)(F)C(O)S(=O)(=O)O.[NaH],MoleculeNet_HIV
hiv_31045,CCN1c2ccccc2NC(=S)c2c(-c3ccccc3)n[nH]c21,MoleculeNet_HIV
hiv_11900,CC(=O)Oc1cccc2c1C(=O)C(Br)(Br)CCC2,MoleculeNet_HIV
hiv_2658,CC(=O)C1=C(O)C(N)C2Cc3c(c(O)c4c(O)c(C)ccc4c3C)C(=O)C2(O)C1=O.CCCCCCCCCCCCOS(=O)(=O)O,MoleculeNet_HIV
hiv_1270,C#CC1(O)CCC2C3CCC4=CCCCC4C3CCC21C,MoleculeNet_HIV
hiv_29261,O=C(CNC(=O)OCc1ccccc1)NCCCCC(NC(=O)OCc1ccccc1)C(=O)NC(CCCCNC(=O)CNC(=O)OCc1ccccc1)C(=O)OCc1ccccc1,MoleculeNet_HIV
hiv_2877,CN(C)CCC=C1c2ccccc2C(C)(C)c2ccccc21,MoleculeNet_HIV
hiv_18970,Cc1nc(Nc2nnc(-c3cc([N+](=O)[O-])cc([N+](=O)[O-])c3C)o2)sc1C(=O)CC(=O)Cc1nc2ccc(Cl)cc2nc1O,MoleculeNet_HIV
hiv_25744,CCOC(CNCCC(=O)OC)OCC,MoleculeNet_HIV
hiv_2857,O=C(O)c1ccc2c[n+]3ccccc3cc2c1,MoleculeNet_HIV
hiv_3566,C1CCC(OCC2(COC3CCCCO3)CCCCO2)OC1,MoleculeNet_HIV
hiv_3119,c1ccc([PH](CCCCCCCCCC[PH](c2ccccc2)(c2ccccc2)c2ccccc2)(c2ccccc2)c2ccccc2)cc1,MoleculeNet_HIV
hiv_4880,O=C(Nc1cccc2ccccc12)N1CCCC(Br)C1,MoleculeNet_HIV
hiv_22759,COc1cc(C=Nc2ccc(C(C)C)cc2)cc(OC)c1OC,MoleculeNet_HIV
hiv_22773,C1CCC2SSC3CCCCC3SSC2C1,MoleculeNet_HIV
hiv_9358,CC(=O)N1CCCN(C)C1=N[N+](=O)[O-],MoleculeNet_HIV
hiv_29237,O=c1cc(-c2ccccc2)oc2c(-c3cc(Cl)cc4c(=O)cc(-c5ccccc5)oc34)cc(Cl)cc12,MoleculeNet_HIV
hiv_29185,CCNC(=S)NN=C(c1ccccc1)c1ccccn1,MoleculeNet_HIV
hiv_22400,CN(C)CC1CCCCCCCCCCCCC(CN(C)C)C1=O.Cl,MoleculeNet_HIV
hiv_11097,N#CC(C(=O)CCC(=O)Nc1ccc(Cl)cc1)c1ccc(Cl)cc1,MoleculeNet_HIV
hiv_22236,N=C1c2ccccc2C(=O)c2c(NCCNCCO)ccc(O)c21,MoleculeNet_HIV
hiv_16883,Cc1ccc(NC(=O)OCC(COc2ccc(Cl)cc2)OC(=O)Nc2ccc(C)cc2)cc1,MoleculeNet_HIV
hiv_26529,Br.COc1cc(CN=c2nc(N(C)C)ss2)cc(OC)c1OC,MoleculeNet_HIV
hiv_12082,O=CCCCC(Sc1ccccc1)Sc1ccccc1,MoleculeNet_HIV
hiv_25583,COc1ccc(-n2cnn3c(=O)c4cn[nH]c4nc23)cc1,MoleculeNet_HIV
hiv_13827,CSc1nc2c([nH]c(=N)n2C2OC(CO)C(O)C(O)C2O)c(=O)n1C,MoleculeNet_HIV
hiv_27088,COC1(Nc2ccc(C=O)cc2)C(=O)c2ccccc2OC1(OC)c1ccc([N+](=O)[O-])cc1,MoleculeNet_HIV
hiv_26371,Cc1nc(-n2[nH]c(C)c(CCO)c2=O)nc(O)c1CCO,MoleculeNet_HIV
hiv_7893,CCCC[As](CCCC)SC1CCC2(C)C(=CCC3C4CCC(=O)C4(C)CCC32)C1,MoleculeNet_HIV
hiv_6757,COc1cc2c(c(OC)c1OC)-c1oncc1CC2,MoleculeNet_HIV
hiv_14091,CN1N=CSC12C(=O)N(c1ccccc1)C(=O)N2c1ccccc1,MoleculeNet_HIV
hiv_13642,COC1=C(C)C(=O)C(=O)c2ccccc21,MoleculeNet_HIV
hiv_5908,COc1cccc(C2NC(=S)N3C(c4cccc(OC)c4)NC(=S)N23)c1,MoleculeNet_HIV
hiv_40682,COC(=O)C12CSCC1CC(c1cccc3ccccc13)N2,MoleculeNet_HIV
hiv_28339,CCc1c(-c2ccccc2)nc(S)c(C#N)c1C,MoleculeNet_HIV
hiv_13320,O=C1OCc2c1cc1cc3c(cc1c2-c1ccc2c(c1)OCO2)OCO3.O=C1OCc2cc3cc4c(cc3c(-c3ccc5c(c3)OCO5)c21)OCO4,MoleculeNet_HIV
hiv_11484,NC(=Cc1ccc(C=C(NC(=O)c2ccccc2)c2nc3c([nH]2)C(=O)c2ccccc2C3=O)cc1)c1nc2c([nH]1)C(=O)c1ccccc1C2=O,MoleculeNet_HIV
hiv_39275,NC(=O)c1csc(C2(O)COC(CO)C2O)n1,MoleculeNet_HIV
hiv_40779,COC(=O)C1(C(=O)OC)N=C(C)OC1c1ccoc1,MoleculeNet_HIV
hiv_35881,COc1ccc(C(Nc2nc(O)c3ncn(COCCOP(=O)(OCOC(=O)C(C)(C)C)OCOC(=O)C(C)(C)C)c3n2)(c2ccccc2)c2ccccc2)cc1,MoleculeNet_HIV
hiv_38440,CC(=NNc1ccc2ccccc2n1)c1ccccn1,MoleculeNet_HIV
hiv_14709,Cn1cnc([N+](=O)[O-])c1Sc1nc2ccccc2o1,MoleculeNet_HIV
hiv_25355,NCCCNCCCCN1CC1,MoleculeNet_HIV
hiv_33095,COC(=O)C1C2CCC3(C)C(OC(C)=O)CCC3C2CCC1C1(C)SCCS1,MoleculeNet_HIV
hiv_36337,CCOC(=O)c1c(Sc2ccc([N+](=O)[O-])cc2[N+](=O)[O-])nc2c3ccccc3ccn12,MoleculeNet_HIV
hiv_36318,COc1nc2c(c(=O)n1C)N=C(c1ccc(Cl)cc1)CC(c1ccccc1)N2,MoleculeNet_HIV
hiv_24416,Cl.O=C1CCCCCCCCCCC1CN1CCCCC1,MoleculeNet_HIV
hiv_21850,COC(=O)C1(C(=O)OC)CC(=O)c2cc3c(cc2-c2c(cc(OC)c(OC)c2OC)C1)OCO3,MoleculeNet_HIV
hiv_33658,COC(=O)C(NC(=O)C12CCC(C)(C(=O)O1)C2(C)C)c1cc(C(C)(C)C)c(O)c(C(C)(C)C)c1,MoleculeNet_HIV
hiv_16463,CCCCCCCCCCC(O)C1CCC(C(O)CCC(O)C2CCC(CCCCCCCC(O)CC3=CC(C)OC3=O)O2)O1,MoleculeNet_HIV
hiv_12116,O=C(O)c1ccccc1C1c2ccc(Cl)cc2Oc2cc(Cl)ccc21,MoleculeNet_HIV
hiv_6388,COc1ccc(OC)c(NC(=S)NN=Cc2cccc3ccccc23)c1,MoleculeNet_HIV
hiv_11178,Br.CCOC(CN=c1nc(N(C)C)ss1)OCC,MoleculeNet_HIV
hiv_8106,CCN(CC)C1CS(=O)(=O)OC(c2ccccc2)=C1C,MoleculeNet_HIV
hiv_21075,CCOC(OC1=C(C#N)CCCC1)C(C)[Se]c1ccccc1,MoleculeNet_HIV
hiv_22609,COc1ccc(C2CC3C(=O)N(c4ccc(OC)cc4)C(=O)C3c3[nH]c4ccccc4c32)cc1,MoleculeNet_HIV
hiv_28990,CC1C(c2ccccc2)[OH+][B-](c2ccccc2)(c2ccccc2)[N+]1(C)C,MoleculeNet_HIV
hiv_28321,Cn1c(=O)c2c(nc3sc4nc5ccccc5nc4n32)n(C)c1=O,MoleculeNet_HIV
hiv_13247,O=c1[c-](-c2ccccc2)[se]c(-c2ccccc2)[n+]1-c1ccccc1,MoleculeNet_HIV
hiv_18508,Cc1ncc([N+](=O)[O-])n1CCNC(=O)CCCn1ccnc1[N+](=O)[O-],MoleculeNet_HIV
hiv_12724,CCCCN1C(C)C=CC(C)[S+]1[O-],MoleculeNet_HIV
davis_11338033,O=C(NC1CCNCC1)c1[nH]ncc1NC(=O)c1c(Cl)cccc1Cl,DAVIS_spike_in
hiv_33330,O=c1[nH]nc(-c2ccc3ccccc3c2)[nH]1,MoleculeNet_HIV
hiv_32850,CC1(C)CCCC2CC2CCC(C)(C)C1=O,MoleculeNet_HIV
hiv_13371,CC(C)CCCC(C)C1CCC2C3CCC4Nc5[nH]ncc5CC4(C)C3CCC12C,MoleculeNet_HIV
hiv_26755,Cl.NC1c2c(Br)sc(N3CCCC3)c2C(=O)C1O,MoleculeNet_HIV
hiv_18207,CN(C)CC1CCCC1=NOC(=O)c1ccccc1.Cl,MoleculeNet_HIV
hiv_29103,CC(C)(C)OC(=O)NNC(=O)C1Cc2ccccc2OC1=O,MoleculeNet_HIV
hiv_38650,CN(C)c1ccc(C2SCC(=O)N2c2ccc(Oc3ccc(Cl)cc3)c(Cl)c2)cc1,MoleculeNet_HIV
hiv_14926,C[N+]1(CCNP(=S)(NCC[N+]2(C)Cc3c(ccc4c3OCO4)C3C(O)Cc4cc5c(cc4C32)OCO5)NCC[N+]2(C)Cc3c(ccc4c3OCO4)C3C(O)Cc4cc5c(cc4C32)OCO5)Cc2c(ccc3c2OCO3)C2C(O)Cc3cc4c(cc3C21)OCO4.O,MoleculeNet_HIV
hiv_26357,N.O=C(O)c1cc(C(=C(c2cc(Cl)c(O)c(C(=O)O)c2)c2cc(Cl)c(O)c(C(=O)O)c2)c2cc(Cl)c(O)c(C(=O)O)c2)cc(Cl)c1O,MoleculeNet_HIV
hiv_21871,CC=C1CN2CCc3c([nH]c4ccccc34)C2CC1C(=O)OC,MoleculeNet_HIV
hiv_5673,O=C(c1ccccc1)C1C(C(=O)c2ccccc2)N1Cc1ccccc1,MoleculeNet_HIV
hiv_37499,O=c1c2ccc(Cl)cc2oc2c(CNc3ccc(S(=O)(=O)Nc4ncccn4)cc3)cccc12,MoleculeNet_HIV
hiv_13451,CSc1cccc(-n2c3nc(=O)n(C)c(=O)c-3nc3ccccc32)c1,MoleculeNet_HIV
hiv_28522,C=CC1(O)CCCC2(C)C(=O)CCC12C,MoleculeNet_HIV
hiv_35128,COc1ccc(Cc2c(N)nc(O)nc2O)cc1,MoleculeNet_HIV
hiv_26699,CCOc1c(OC)cc(-c2nc3n(n2)C(=O)C(CC)S3)cc1OC,MoleculeNet_HIV
hiv_20355,CCC1=CCN(c2cc(C)ccn2)OC1c1ccc(OC)cc1,MoleculeNet_HIV
hiv_853,Sc1nnnc2ccccc12,MoleculeNet_HIV
hiv_8565,CC(=NNC(=S)N1CCCCCC1)c1cccc[n+]1[O-],MoleculeNet_HIV
hiv_9253,CC(C)NC(=O)OCc1c(COC(=O)NC(C)C)c(-c2ccc(Cl)c(Cl)c2)n2c1CS(=O)(=O)C2,MoleculeNet_HIV
hiv_39018,COCOCC1CCCN1CN1CCCC1COCOC,MoleculeNet_HIV
hiv_18859,CC1=CCC2CC1C(C(=O)c1c[nH]c3ccccc13)=NC2(C)C,MoleculeNet_HIV
hiv_621,CC(C)N1CSC(=S)NCCNC(=S)SC1,MoleculeNet_HIV
hiv_37356,CC1(C)OC(=O)c2cc(C(=CCCO)c3cc(Cl)c4c(c3)C(=O)OC(C)(C)O4)cc(Cl)c2O1,MoleculeNet_HIV
hiv_6252,O=C1c2cccc3cc([N+](=O)[O-])cc(c23)C(=O)N1Cc1cccnc1,MoleculeNet_HIV
hiv_27850,Nc1ccccc1CN1C(=O)c2ccccc2C1=O,MoleculeNet_HIV
hiv_2286,C1CN(SSN2CCOCC2)CCO1,MoleculeNet_HIV
hiv_9152,COC(=O)C1=NC(=N)N=C(C(=O)OC)C12C(=O)Cc1ccccc12,MoleculeNet_HIV
hiv_7040,CN1C(=O)C23CCCN2C(=O)C1(C)SC(=N)S3,MoleculeNet_HIV
hiv_11666,C=C1C2CCCC1C1(S(C)(=O)=O)CCCCC21O,MoleculeNet_HIV
hiv_14492,CCCCC(=O)[OH+][Co-4](N)(N)(N)(N)N.[O-][Cl+3]([O-])([O-])O,MoleculeNet_HIV
hiv_15877,CN(C(=O)C1=CCCCCC1)c1ccccc1Br,MoleculeNet_HIV
hiv_28961,Nc1nc2cc3nc(N)c(N)nc3cc2nc1N,MoleculeNet_HIV
hiv_23242,CC(=O)OC1C(N(C)C(=O)c2ccccc2)CCC2(C)C3CCC4(C)C(CC(O)C4C(C)N(C)C)C3CCC12,MoleculeNet_HIV
hiv_4660,Cc1ccc2c(c1)nc1c3ccccc3[nH]n21,MoleculeNet_HIV
hiv_21375,CN1N=C(Nc2ccccc2)Sc2c1cnn(-c1ccccc1)c2=O,MoleculeNet_HIV
hiv_28811,O=c1[nH]c(=O)n(C2CC(O)C(CO)O2)cc1OCc1ccccc1,MoleculeNet_HIV
hiv_15599,O=C(c1ccc(F)cc1)c1cccc(C(=O)c2ccc(F)cc2)n1,MoleculeNet_HIV
hiv_7462,Cc1ccc(Nc2cccc3c2C(=O)c2cccc(Nc4ccc(C)cc4S(=O)(=O)O)c2C3=O)c(S(=O)(=O)O)c1,MoleculeNet_HIV
hiv_22358,C=C1NC(=O)C(CC(C(=O)C(=O)Nc2c(C)cccc2C(C)(C)C)C(=O)c2ccc3ccccc3c2)C(=O)N1,MoleculeNet_HIV
hiv_37388,CCOC(=O)c1c(NC(=S)Nc2ccc(C)cc2)sc2c1CCN(C)C2,MoleculeNet_HIV
hiv_38504,O=C1C(=Cc2ccc(OC(=O)c3ccccc3)cc2)CCCC1=Cc1ccc(OC(=O)c2ccccc2)cc1,MoleculeNet_HIV
hiv_14194,C=C1c2[nH]c3ccccc3c2CC(C(=O)O)N1C(O)c1ccc(S(=O)(=O)O)cc1,MoleculeNet_HIV
hiv_8760,O=c1oc2c(ccc3nc(-c4ccccc4)sc32)c(N2CCOCC2)c1Cl,MoleculeNet_HIV
hiv_33700,CCN(CC)S(=O)(=O)c1ccc2c(c1)C(=O)[OH+][Cu-2](O)[OH+]2,MoleculeNet_HIV
hiv_24079,OC12CCC3(O)c4ccccc4C3C1c1ccccc12,MoleculeNet_HIV
hiv_1478,O=[N+]([O-])c1ccc(NN=C2C=C(S(=O)(=O)O)c3ccccc3C2=NNc2ccc([N+](=O)[O-])cn2)nc1,MoleculeNet_HIV
hiv_35866,CCCCCCCCCCCCCCCC(=O)OCC1CCC[N+]2(C)CCCCC12.[I-],MoleculeNet_HIV
hiv_37510,CN1CCN(c2c(Cl)cc(Cl)c3[nH]c4ccccc4c(=O)c23)CC1,MoleculeNet_HIV
hiv_4932,Cc1cc(O)oc(=O)c1,MoleculeNet_HIV
hiv_11028,CCOC(=O)C1=C(C)Nc2ccccc2S1,MoleculeNet_HIV
hiv_15621,CC(=NNS(=O)(=O)c1ccc(C)cc1)c1ccc[n+]([O-])n1,MoleculeNet_HIV
hiv_33286,CC12CN3CC(C)(C)[NH+]4C(=O)C(C)(CN5CC(C)(C)[NH+](C1=O)[Ni-2]534)OCCCCCCCCCCOC1(C)CN3CC(C)(C)[NH+]4C(=O)C(C)(CN5CC(C)(C)[NH+](C1=O)[Ni-2]354)OCCCCCCCCCCO2,MoleculeNet_HIV
hiv_32881,CC1=NN(C(=O)CC(=O)Nc2ccccc2C)C(=O)C1N=Nc1ccc(S(=O)(=O)c2ccc(N=NC3C(=O)N(C(=O)CC(=O)Nc4ccccc4C)N=C3C)cc2)cc1,MoleculeNet_HIV
hiv_31894,Cc1n[nH]c(=O)n1N=Cc1ccccc1,MoleculeNet_HIV
hiv_23878,CC(C)=O.FC(F)(F)C1=[O+][Rh+2]234[O+]=C(C(F)(F)F)[OH+][Rh+2]2([O+]=C(C(F)(F)F)[OH+]3)([O+]=C(C(F)(F)F)[OH+]4)[OH+]1,MoleculeNet_HIV
hiv_35543,Cc1ccnc(NC(NC(=O)c2ccccc2)(C(F)(F)F)C(F)(F)F)c1,MoleculeNet_HIV
hiv_17816,COc1cccc(C2C(C(=O)Nc3cc(=O)n(C)c(=O)n3C)=C(C)NC(C)=C2C(=O)Nc2cc(=O)n(C)c(=O)n2C)c1O,MoleculeNet_HIV
hiv_35202,O=C1C(=Cc2ccc(O)c(CN3CCCCC3)c2)CCCC1=Cc1ccc(O)c(CN2CCCCC2)c1,MoleculeNet_HIV
hiv_22039,NNC(=S)NN=C(C(=O)Nc1ccc(Cl)c(Cl)c1)C(C1OC(=O)c2ccccc21)[N+](=O)[O-],MoleculeNet_HIV
hiv_7560,C=C1C(=O)OC2C=C(CO)C(OC(C)=O)CC(O)C(C)=CC(OC(=O)C(C)CC)C12,MoleculeNet_HIV
hiv_4952,CC1(C)OC(=O)C2C3C=CC(C2C(=O)O)C31,MoleculeNet_HIV
hiv_15181,Cc1ccc(NC(=O)CCCC(CC(=O)c2ccc(Br)cc2)=NNC(=O)CC#N)cc1,MoleculeNet_HIV
hiv_8135,O=C(NCc1cc(CNC(=O)c2cccc(O)c2O)cc(CNC(=O)c2cccc(O)c2O)c1)c1cccc(O)c1O,MoleculeNet_HIV
hiv_29867,COC(=O)CNC(=O)Nc1cc(N2C(=O)ON3C2C(C)(C)N(O)C3(C)C)ccc1C,MoleculeNet_HIV
hiv_18233,CC1(O)C(=O)N(Cc2ccccc2)c2ccccc21,MoleculeNet_HIV
hiv_9165,COC(=O)C=Cc1cc(=O)n2c(nc3ccccc32)s1,MoleculeNet_HIV
hiv_19573,COc1ccc(C(c2c(O)c3ccccc3n(C)c2=O)c2c(O)c3ccccc3n(C)c2=O)cc1,MoleculeNet_HIV
hiv_15947,O=c1c(=Cc2cccc3ccccc23)sc2nc3ccccc3n12,MoleculeNet_HIV
hiv_27108,CC(=O)[OH+][Cu-4]12(Oc3ccccc3C=[N+]1c1ccc(S(=O)(=O)Nc3ncccn3)cc1)Oc1ccccc1C=[N+]2c1ccc(S(=O)(=O)Nc2ncccn2)cc1,MoleculeNet_HIV
hiv_15842,CC1C2(O)CC34CC(=O)OC3(CC(O)C4C)C1(C)CO2,MoleculeNet_HIV
hiv_35863,c1cnc2c(SCC3CCCN4CCCCC34)cccc2c1,MoleculeNet_HIV
hiv_31832,O=C(O)c1ccccc1C=C1Cc2cc3c(cc2C1=O)CCC3,MoleculeNet_HIV
hiv_28605,CC12CC3CCC(=NO)C(C1)C3(N1CCOCC1)CC2=NO,MoleculeNet_HIV
hiv_9273,CCN1C2=NCCN2S(=O)(=O)c2ccccc21,MoleculeNet_HIV
hiv_5540,COc1ccc(C2CCc3cc4c(cc3C2=NOC(C)=O)OCO4)cc1OC,MoleculeNet_HIV
hiv_17896,O=C1CCCN(c2ccccc2)N1,MoleculeNet_HIV
hiv_3707,OC12CCC[N+]1(Cc1ccccc1)CCC2.[O-][Cl+3]([O-])([O-])O,MoleculeNet_HIV
hiv_7100,c1ccc2c(c1)nc1n2CC2(CS1)CSc1nc3ccccc3n1C2,MoleculeNet_HIV
hiv_3588,N#CSC1CCCCCCC1SC#N,MoleculeNet_HIV
hiv_11215,COc1ccc(NC(=O)CC2SC(Nc3ccccc3C)=NC2=O)c([N+](=O)[O-])c1,MoleculeNet_HIV
hiv_17823,CC1=Nc2ccccc2NC(c2ccoc2)C1,MoleculeNet_HIV
hiv_8871,C[Sn](C)(SCCS(=O)(=O)O)SCCS(=O)(=O)O,MoleculeNet_HIV
hiv_33518,O=C1c2cccc3cc([N+](=O)[O-])cc(c23)C(=O)N1Nc1ccc([N+](=O)[O-])cc1[N+](=O)[O-],MoleculeNet_HIV
hiv_17162,O=[N+]([O-])c1ccc(C(Cl)C(Cl)c2ccc(C(Cl)C(Cl)c3ccc([N+](=O)[O-])cc3[N+](=O)[O-])cc2)c([N+](=O)[O-])c1,MoleculeNet_HIV
hiv_28317,CC(=O)OC(OC(C)=O)c1c2ccccc2cc2ccccc12,MoleculeNet_HIV
hiv_27729,COC(=O)C1=C(C(=O)OC)SC(=C2c3ccsc3-c3sccc32)S1,MoleculeNet_HIV
hiv_11060,O=C(O)C(Cl)=C(Cl)C(=O)NC1C2CC3CC(C2)CC1C3,MoleculeNet_HIV
hiv_7567,O=C(O)c1ccccc1P12(OC(=O)c3ccccc31)OC(=O)c1ccccc12,MoleculeNet_HIV
hiv_13104,CNC(=S)OCCC(C)CCCC(C)C,MoleculeNet_HIV
hiv_2245,Sc1nncc(SCc2ccccc2)c1SCc1ccccc1,MoleculeNet_HIV
hiv_16486,CC(C)N(C(C)C)[P-]1(Br)[Mn+]2(C#[O+])(C#[O+])(C#[O+])[H-][Mn+]12(C#[O+])(C#[O+])C#[O+],MoleculeNet_HIV
hiv_6705,C=C1C(=O)C23C(O)C1CCC2C12COC3(O)C(O)C1C(C)(C)CCC2O,MoleculeNet_HIV
hiv_38231,CCOC(=O)NNC(=O)NCCCCNC(=O)NNC(=O)OCC,MoleculeNet_HIV
hiv_4152,O=S(=O)(SC1=NCCN1)c1ccccc1,MoleculeNet_HIV
hiv_39414,O=C(O)CCN1CCN(CCC(=O)O)CCN(CCC(=O)O)CC1,MoleculeNet_HIV
hiv_27715,O=C1CCCC2=C1CC1=C(CCCC1=O)N2c1cccc2ccccc12,MoleculeNet_HIV
hiv_27967,CCC(=O)N(c1ccccc1)C1CCN(CCc2cccs2)CC1,MoleculeNet_HIV
hiv_22413,COc1c(OC)c(N)c2cc(C)c(=O)c(C)cc2c1N,MoleculeNet_HIV
hiv_6592,Cc1nc(O)nc(O)c1C=CC(=O)NC(CO)CS(=O)Cc1ccccc1,MoleculeNet_HIV
hiv_30680,COc1cc(CN(C)N2C(=O)c3cccc4cc([N+](=O)[O-])cc(c34)C2=O)cc(OC)c1OC,MoleculeNet_HIV
hiv_24067,C=C(C)C1CC=C(C)CCCC2(CCC3=C(CC(C(=C)C)CC=C(C)CCC3)O2)C(=O)C1,MoleculeNet_HIV
hiv_27971,O=C1OCOC2(CCCC2)C1c1ccccc1,MoleculeNet_HIV
hiv_1092,COc1ccc(C2CC(=O)c3c(O)cc(OC4OC(CO)C(O)C(O)C4OC4OC(C)C(O)C(O)C4O)cc3O2)cc1O,MoleculeNet_HIV
hiv_30939,NC(CCCCCP(=O)(c1ccccc1)C1C=CC=CC1)C(=O)O,MoleculeNet_HIV
hiv_10499,CN(CCC(N)CC(=O)NC1C=CC(n2ccc(=N)[nH]c2=O)OC1C(=O)O)C(=N)N,MoleculeNet_HIV
hiv_37493,Cn1c(NS(=O)(=O)c2ccccc2)nc2ccccc21,MoleculeNet_HIV
hiv_38376,O=[N+]([O-])C(=Cc1cccc2ccccc12)C(=Cc1cccc2ccccc12)[N+](=O)[O-],MoleculeNet_HIV
hiv_19078,CCN(CC)CCOc1ccc(C(=C2CCCCC2)c2ccc(OCCN(CC)CC)cc2)cc1,MoleculeNet_HIV
hiv_19247,CNN=C(Cc1occc(=O)c1O)C(=O)Nc1ccc(C)c(C)c1,MoleculeNet_HIV
hiv_36769,COc1ccc(C2SCC(=O)N2NC2=NC(=O)CC(=O)N2)cc1,MoleculeNet_HIV
hiv_26551,CCOC(=O)N1CCC2C(=C(C)C(C)C3=C2C(=O)c2ccccc2C3=O)C1,MoleculeNet_HIV
hiv_12650,COc1ccc(C2Oc3c(c(O)cc4c3C(c3ccc(O)cc3O)C(O)C(c3ccc(O)c(O)c3)O4)CC2O)cc1O,MoleculeNet_HIV
hiv_34325,N#CC(NCCc1ccccc1)c1ccc(C(C#N)NCCc2ccccc2)cc1,MoleculeNet_HIV
hiv_40634,OC1(c2ccc(Cl)cc2)c2ccccc2-c2nc3ccccc3n21,MoleculeNet_HIV
hiv_28061,CCC(C)N1CN(c2ccccc2)C2(CCN(CC3COc4ccccc4O3)CC2)C1=O.Cl,MoleculeNet_HIV
hiv_35023,Cc1sc2c(c1C)C(=O)c1cccn1-2,MoleculeNet_HIV
hiv_24838,Cc1ccc2c(c1)[nH]c(=S)n2C=C1C(=O)CC(C)(C)CC1=O,MoleculeNet_HIV
hiv_31636,CC(=O)c1nc2ccccc2n1CC(=O)c1ccc([N+](=O)[O-])cc1,MoleculeNet_HIV
hiv_39219,COc1ccc2[nH]c3c(C)c4ccnc(NCCCN(C)CCCNc5ccc([N+](=O)[O-])c6[nH]c7ccccc7c(=O)c56)c4c(C)c3c2c1.CS(=O)(=O)O,MoleculeNet_HIV
hiv_29773,CC(NC(=O)NC(C)(C)C)NC(=O)C(N)CC(=O)O,MoleculeNet_HIV
hiv_36237,c1ccc2c(c1)c(N1CCCCC1)cc1nc3c(cc(N4CCCCC4)c4ccccc43)nc12,MoleculeNet_HIV
hiv_31716,COc1cc(C2SCC(=O)N2c2ccc(-c3ccc(-n4c(-c5ccccc5)nc5ccccc5c4=O)cc3)cc2)cc(OC)c1OC,MoleculeNet_HIV
hiv_8122,CN1C(=O)CC(=O)N(c2ccccc2)c2cc(Cl)ccc21,MoleculeNet_HIV
hiv_22176,CCCCCCCCCCCCNC1(C)CNCCCNCCNCCCNC1,MoleculeNet_HIV
hiv_18090,COc1cccc2c1[OH+][Zn-2]1(O)[O+]=C(c3ccncc3)[N-][N+]1=C2,MoleculeNet_HIV
hiv_3120,O=P1(N2CCCCC2)OCC2(CO1)COP(=O)(N1CCCCC1)OC2,MoleculeNet_HIV
hiv_7401,O=C1C2CCC(N1c1ccc(F)cc1)n1c(=O)n(-c3ccccc3)c(=O)n12,MoleculeNet_HIV
hiv_38679,CC1=CCC2CC1NC(=O)CCOCCC(=O)NC2(C)C,MoleculeNet_HIV
hiv_8508,O=C1NC2C(=CC(O)C(O)C2O)c2cc3c(cc21)OCO3,MoleculeNet_HIV
hiv_12829,C=C1C(=O)OC2C1C(OC(C)CCC)C(O)C(C)C(O)C1OC1(C)C2O,MoleculeNet_HIV
hiv_5195,O=S(CC(O)c1ccccc1)c1ccccc1,MoleculeNet_HIV
hiv_28098,NC(=O)CNC(=O)C1CC(OCCC(=O)O)CN1C(=O)OCc1ccccc1,MoleculeNet_HIV
hiv_4391,Cn1c(=O)[nH]c2c(c1=O)CCCS2,MoleculeNet_HIV
hiv_13321,CCOC(C)=O.O=C1OC(=O)c2c1cc1cc3c(cc1c2-c1ccc2c(c1)OCO2)OCO3,MoleculeNet_HIV
hiv_15714,Cc1[nH]c2ccccc2c1C1Cc2ccccc2N1C(=O)C(C#N)=Cc1ccccc1,MoleculeNet_HIV
hiv_21856,OC(c1cc2ccccc2[nH]1)C(O)(c1cc2ccccc2[nH]1)c1cc2ccccc2[nH]1,MoleculeNet_HIV
hiv_18246,O=C1CSSCC(=O)NCCCN1,MoleculeNet_HIV
hiv_36193,Cn1c(N)c(C=CC(=O)Oc2ccccc2)c(=O)n(C)c1=O,MoleculeNet_HIV
hiv_10586,CCC(=NNC(=N)N)C(CC)=NNC(=N)N.O=S(=O)(O)O,MoleculeNet_HIV
hiv_27721,COc1ccc(C2C3=C(CCCC3=O)N(c3ccccc3)C3=C2C(=O)CCC3)cc1,MoleculeNet_HIV
hiv_4903,CC(=O)CC(OC(C)=O)C1=CCC2C(CC1C)OC(=O)C2C,MoleculeNet_HIV
hiv_9170,COC(=O)C1NC(C)(C(=O)OC)C2C(=O)NC(=O)C12,MoleculeNet_HIV
hiv_29221,CC(C)(C)OC(=O)C1C(=CCBr)CN1C(=O)OC(C)(C)C,MoleculeNet_HIV
hiv_7738,Clc1cccc(NC2=NCCN=C(Nc3cccc(Cl)c3)SS2)c1,MoleculeNet_HIV
hiv_20457,N=c1[nH][nH]c(=N)n1NC(=O)C(=O)Nc1ccc([N+](=O)[O-])cc1,MoleculeNet_HIV
hiv_11941,O=C([O-])c1ccc([I+]c2ccccc2)cc1,MoleculeNet_HIV
hiv_3427,O=P1(Oc2ccccc2)Nc2cc(Cl)ccc2S1,MoleculeNet_HIV
hiv_1113,CCCCCC[N+]1(C)CC2C3C=CC(C3)C2C1,MoleculeNet_HIV
hiv_9559,Cc1nn(-c2ccccc2)c(=O)n2c1nc1ccccc12,MoleculeNet_HIV
hiv_23873,CC1(C)OC2C(CO)OC(N=C(NC#N)Oc3ccccc3)C2O1,MoleculeNet_HIV
hiv_7528,CC12C=C3CC(OC(=O)c4ccccc4)CCC3(O1)c1ccccc12,MoleculeNet_HIV
hiv_20904,Cn1c(=O)c(C(=O)NC(=O)NCCCCCOC(=O)CCCCCCCCCCC(=O)OCCCCCNC(=O)NC(=O)c2cn(Cc3ccccc3)c(=O)n(C)c2=O)cn(Cc2ccccc2)c1=O,MoleculeNet_HIV
hiv_31807,Cc1ccc2c(c1)C(=O)c1[nH]c3ccc(F)cc3c1CO2,MoleculeNet_HIV
hiv_27922,C=C(Br)CN=CN(C)C,MoleculeNet_HIV
hiv_11127,CC(=O)Oc1ccc2c(=O)c(C(C)=O)coc2c1,MoleculeNet_HIV
hiv_24482,CC(C)C1=CC23CCC4C(C)(C(=O)O)CCCC4(C)C2CC1C1C(=O)N(CCCCCCN2C(=O)C4C5CC6C7(C)CCCC(C)(C(=O)O)C7CCC6(C=C5C(C)C)C4C2=O)C(=O)C13.[NaH],MoleculeNet_HIV
hiv_27629,COc1cc2c(c(OC)c1OC)-c1ccc(O)cc1C(NC(C)=O)CC2,MoleculeNet_HIV
davis_24779724,Cn1cc(-c2ccc3nnc(Sc4ccc5ncccc5c4)n3n2)cn1,DAVIS_spike_in
hiv_34443,CC(C)(C)OC(=O)NCC(=O)NC1CC(=NO)c2sccc21,MoleculeNet_HIV
hiv_9902,O=S1(=O)OCCCO1,MoleculeNet_HIV
hiv_15862,CC1=C(C2CC(C)CC(OCOCc3ccccc3)O2)C(C)(C)CCC1,MoleculeNet_HIV
hiv_34277,O=C(NNS(=O)(=O)c1ccccc1)c1csc(NC(=S)NC2CCCCC2)n1,MoleculeNet_HIV
hiv_8780,CC1(C)C(=O)NC(=O)c2ccccc21,MoleculeNet_HIV
hiv_1570,O=[N+]([O-])c1cc(Cl)c(O)c(N=Nc2cc(S(=O)(=O)O)c3cccc4c3c2N=NN4)c1,MoleculeNet_HIV
hiv_3108,Cn1c(=O)[nH]c2c([nH]c(=O)c(=O)n2C)c1=O,MoleculeNet_HIV
hiv_21191,COc1c2c(c(OC)c3c(=O)cc(CC(=NNC(=O)C[n+]4ccccc4)C(=O)Nc4cc(C)ccc4C)oc13)OCO2.[Cl-],MoleculeNet_HIV
hiv_19607,O=S(=O)(c1ccccc1)c1nccs1,MoleculeNet_HIV
hiv_32169,CN(N=Cc1ccc2ccccc2c1)C1=NCCCN1.I,MoleculeNet_HIV
hiv_36621,COc1ccc(N2C(=O)C(C#N)=C(SC)C(C#N)C2=O)cc1,MoleculeNet_HIV
hiv_38913,CCOC(=O)c1cc(C2(O)CCN(Cc3ccccc3)C2=O)c(-c2cc(C)no2)[nH]1,MoleculeNet_HIV
hiv_39115,COc1cc2cc(C(=O)N3CC(CCl)c4c3cc(NC(=O)OCc3ccc([N+](=O)[O-])cc3)c3ccccc43)[nH]c2c(OC)c1OC,MoleculeNet_HIV
hiv_12728,CCCCCCCCCCCCCC(=O)OC1C(C)C2(O)C(C=C(CO)CC3(O)C(=O)C(C)=CC32)C2C(C)(C)C12OC(C)=O,MoleculeNet_HIV
hiv_13561,CN(C)CC[N+]([O-])=C(c1ccccc1)C12CC3CC(CC(C3)C1)C2,MoleculeNet_HIV
hiv_10882,COc1ccccc1C1c2cc3c(cc2OC(O)(CO)C1C(=O)O)OCO3.COc1ccccc1C1c2cc3c(cc2OC2(O)COC(=O)C12)OCO3,MoleculeNet_HIV
hiv_4707,Cn1cnc(N)c1S(=O)(=O)Nc1ccccc1Cl,MoleculeNet_HIV
hiv_17433,Cc1[nH]ccp1,MoleculeNet_HIV
hiv_9403,COC1=CC(=O)C(C#CCOCc2ccccc2)=CC1=O,MoleculeNet_HIV
hiv_22306,O=C1Cn2nc(C(=O)c3ccccc3C#Cc3ccccc3)c(-c3ccccc3)c2-c2ccccc21,MoleculeNet_HIV
hiv_28075,CN1CCC(OC(=O)C(O)(c2ccccc2)c2ccns2)CC1,MoleculeNet_HIV
hiv_28293,Cc1cc(-c2ccccc2)c2ccc3c(-c4ccccc4)cc(C)[n+]4c3c2[n+]1[Cu-3]41[n+]2c(C)cc(-c3ccccc3)c3ccc4c(-c5ccccc5)cc(C)[n+]1c4c32.O=C1OC(C(O)C[O-])C(O)=C1O,MoleculeNet_HIV
hiv_29313,O=C1Nc2ccccc2C1=NNC(=S)Nc1ccccc1Cl,MoleculeNet_HIV
hiv_29368,CC(NC(=O)OC(C)(C)C)C(=O)NC(Cc1ccccc1)C(=O)NCC(=O)ON=C1CCCC1,MoleculeNet_HIV
hiv_40658,O=C(CCCCCCCCC(=O)N1C(=O)CC(=O)N(c2ccc(Cl)cc2)C1=S)N1C(=O)CC(=O)N(c2ccc(Cl)cc2)C1=S,MoleculeNet_HIV
hiv_33268,[N-]=[N+]=Nc1ccc2c(c1)Sc1ccccc1N2CCCCN1CCN(C(=O)CCNC(=O)Cc2ccc(C(=O)c3ccccc3)cc2)CC1,MoleculeNet_HIV
hiv_16620,CCOC(=O)C1CC(C(=O)OCC)(c2ccccc2)CCC1=O,MoleculeNet_HIV
hiv_19949,COCN1COCN(COC)C1=O,MoleculeNet_HIV
hiv_5018,CCOC(=O)c1cnc2cc(OCC3CC3)c(OCC3CC3)cc2c1O,MoleculeNet_HIV
hiv_16041,CCCCC=C(CCCNC=O)[Si](C)(C)C,MoleculeNet_HIV
hiv_34823,Cn1cc(-c2ccc(CCOC3CCCCO3)cc2)c2c(C#N)cccc21,MoleculeNet_HIV
hiv_5225,O=c1c2ccccc2c2nccc3c4ccccc4n1c32,MoleculeNet_HIV
hiv_3234,CNc1ccc(C=C2C=CC=C2)cc1,MoleculeNet_HIV
hiv_14796,N=C1NCC(c2ccccn2)C1c1ccc(F)cc1,MoleculeNet_HIV
hiv_13270,N#CC(OC1OC(COC(=O)C=Cc2ccc(O)c(O)c2)C(O)C(O)C1O)c1ccccc1,MoleculeNet_HIV
hiv_7821,O=C1CSC(=S)N1N1C(=O)CSC1=S,MoleculeNet_HIV
hiv_27982,CCC1C(OC(=O)C(O)(c2ccccc2)c2ccccc2)C(C)(C)C1N1CCCCC1,MoleculeNet_HIV
hiv_35337,CC(C)NC(=NC#N)NS(=O)(=O)c1cnccc1Nc1ccc(Cl)cc1,MoleculeNet_HIV
hiv_33784,CSC(SC)=C1CC(=O)Nc2ccccc2C1=O,MoleculeNet_HIV
hiv_13732,N#CC1(C2SCCS2=O)C2=C(C(=O)c3ccccc3C2=O)N2CCCC21,MoleculeNet_HIV
hiv_21841,CCCCCCCCCCCCCCCCOCC(CP(=O)([O-])OCC[n+]1ccccc1)OC,MoleculeNet_HIV
hiv_35586,O=C(N=C1SCCN1C(=O)C(C(F)(F)F)C(F)(F)F)C(C(F)(F)F)C(F)(F)F,MoleculeNet_HIV
hiv_34648,COc1ccc(C2=C(Cl)c3cc(OC)c(OC)cc3C2=O)cc1OC,MoleculeNet_HIV
hiv_250,N=c1[nH]ncs1,MoleculeNet_HIV
hiv_39955,CC(Sc1ccccc1)=C1CCCN(Cc2ccccc2)C1.O=C(O)C(=O)O,MoleculeNet_HIV
hiv_39397,O=C(O)CN1CCN2CCCCCCCCN(CC1)CCN(CC(=O)O)CC2,MoleculeNet_HIV
hiv_17914,O=C(COc1ccccc1Cl)N1N=C(c2ccc(Cl)cc2)CC1(O)c1ccccc1,MoleculeNet_HIV
hiv_22456,O=C(NC1=C(Cl)C(=O)c2ccccc2C1=O)C(=O)c1c(O)c2ccccc2oc1=O,MoleculeNet_HIV
hiv_3095,CC1(C)Oc2cc3oc(=O)ccc3c3c2C2C1CCC(C)(O3)C2O,MoleculeNet_HIV
hiv_11070,CC(C)(C)c1n[nH]cc1CCC(=O)Nc1ccc(Cl)cc1Cl,MoleculeNet_HIV
hiv_11191,COC1=CC2(c3ccccc3)C(=CC1=O)CCN2C(=O)c1ccccc1,MoleculeNet_HIV
hiv_37584,Cn1c(=O)sc2cc(C(=S)N3CCC(Cc4ccccc4)CC3)ccc21,MoleculeNet_HIV
hiv_36498,CCc1nnc(CC)n1-n1c(Cc2ccccc2)n[nH]c1=O,MoleculeNet_HIV
hiv_11858,COc1c(OC2OC(CO)C(O)C(O)C2O)cc2c(c1OC)-c1ccc(SC)c(=O)cc1C(NC(C)=O)CC2,MoleculeNet_HIV
hiv_31576,O=C(NCCCCCCCCNC(=O)c1cc(-c2ccccc2)nc2ccccc12)c1cc(-c2ccccc2)nc2ccccc12,MoleculeNet_HIV
hiv_11749,O=C(NC(=Cc1ccc(Oc2ccc(Cl)c(Cl)c2)cc1)c1nc2ccccc2[nH]1)c1ccccc1,MoleculeNet_HIV
hiv_3706,CN1CCCCCC(=NO)C(=NO)CCCCC1,MoleculeNet_HIV
hiv_15938,CCOC(=O)CC1=CSC2=NCCN12,MoleculeNet_HIV
hiv_21104,CC(c1ccccc1)N1CC(C)(c2ccccc2)N(O)C(c2ccccc2)C1C,MoleculeNet_HIV
hiv_30226,COc1cc(N)c2c(c1)SCC(=O)N2,MoleculeNet_HIV
hiv_19962,CC(CN1C(=O)c2ccccc2C1=O)=NNS(=O)(=O)c1ccc2ccccc2c1,MoleculeNet_HIV
hiv_21279,OC1=CN=C(c2ccccc2)Oc2ccccc21,MoleculeNet_HIV
hiv_34424,CCC1OC2(C)CC(C#N)(C#N)C1(C#N)C(=N)O2,MoleculeNet_HIV
hiv_2071,O=C1C2C3C=CC(O3)C2C(=O)N1N=CC(O)C(O)C(O)C(O)CO,MoleculeNet_HIV
hiv_2110,CN1C(=O)C(C(C)(C)C2SC(=S)N(C)C2=O)SC1=S,MoleculeNet_HIV
hiv_14791,C[C-]1C(=O)C(=O)c2ccccc2[N+]1=O,MoleculeNet_HIV
hiv_27476,C=C(Br)CN(CC(=C)Br)C(C)=O,MoleculeNet_HIV
hiv_10520,CC(=O)[OH+][Zn-2]12[OH+]c3c(C)ncc(CO)c3C=[N+]1[N-]C(N)=[S+]2,MoleculeNet_HIV
hiv_3058,Nc1nc(SCc2ccccc2)c2ncn(CCO)c2n1,MoleculeNet_HIV
hiv_20663,O=C(O)c1cc(-c2ccccc2O)nc2ccccc12,MoleculeNet_HIV
hiv_16071,OCC[N+]12CCCN1CCC2.[Br-],MoleculeNet_HIV
hiv_3056,Cc1ccc(S(=O)(=O)SCCCSS(=O)(=O)c2ccc(C)cc2)cc1,MoleculeNet_HIV
hiv_18863,O=C(O)CC1OC(=O)C(Br)=C1O,MoleculeNet_HIV
hiv_37758,CC(c1ccccc1)n1c(N)c(-c2ccccn2)c2ccc([N+](=O)[O-])cc2c1=O,MoleculeNet_HIV
hiv_33604,COC(=O)c1cc(-c2c[nH]cc2C(=O)OCc2ccccc2)cn1S(=O)(=O)c1ccc(C)cc1,MoleculeNet_HIV
hiv_11128,CCCCCCCCCCCc1noc2c1C(=O)C(O)CC2,MoleculeNet_HIV
hiv_1801,CC1CN1P(=O)(OCCC#N)N1CC1C,MoleculeNet_HIV
hiv_13617,CCCCCCCCCCCCCCCC[N+](C)(C)CCCS(=O)(=O)[O-],MoleculeNet_HIV
hiv_26137,Cl.O=C(C=Cc1ccccc1)CCN1CCCCC1,MoleculeNet_HIV
hiv_2834,COc1ccc2oc(=S)[nH]c2c1,MoleculeNet_HIV
hiv_28438,O=C(O)c1cccc(S(=O)(=O)NN2C(=O)CSC2c2c(O)ccc3ccccc23)c1,MoleculeNet_HIV
hiv_27468,O=C(O)CCC1C(=O)C2CCN1CC2,MoleculeNet_HIV
hiv_13681,Nn1c(-c2cccc(Cl)c2)nc2ccccc2c1=O,MoleculeNet_HIV
hiv_16846,[Cl-].c1ccc([P+](Cc2csnn2)(c2ccccc2)c2ccccc2)cc1,MoleculeNet_HIV
hiv_23656,O=c1n(CCCCn2c(=O)n(CC3CS3)c3ccccc32)c2ccccc2n1CC1CS1,MoleculeNet_HIV
hiv_25374,CC1CNc2cccc3[nH]c(=S)n(c23)C1,MoleculeNet_HIV
hiv_33503,O=C(O)c1ccccc1Sc1ccc(C=C2NC(=S)N(c3ccccc3)C2=O)s1,MoleculeNet_HIV
hiv_26228,N#CC(=Cn1ccc(=O)[nH]c1=S)C(=O)c1ccc2ccccc2c1,MoleculeNet_HIV
hiv_20809,CC1=CC=NN2C(=O)C(C)C2C1,MoleculeNet_HIV
hiv_6069,CCNC(=N)C(C)SS(=O)(=O)O,MoleculeNet_HIV
hiv_5016,CN(C)Cc1cc(C23CC4CC(CC(C4)C2)C3)cc(-c2ccccc2)c1O,MoleculeNet_HIV
hiv_34195,CCCCCCOC(=O)c1[nH]c(=O)n(CCCCCC)c(=O)c1NC(=O)CNc1ccc2c(=O)c3ccccc3[nH]c2c1,MoleculeNet_HIV
hiv_18463,O=c1nc(NC(c2ccccc2)(c2ccccc2)c2ccccc2)ccn1CCNCCn1ccc(NC(c2ccccc2)(c2ccccc2)c2ccccc2)nc1=O,MoleculeNet_HIV
hiv_15461,N=C(N)NS(=O)(=O)c1ccc(Nc2c3ccccc3nc3c(C(=O)Nc4ccc(S(N)(=O)=O)cc4)cccc23)cc1,MoleculeNet_HIV
hiv_1370,CN(C)CCS(=O)(=O)O,MoleculeNet_HIV
hiv_11607,O=S(O)CCCCSSCCCCSSCCCCS(=O)O.[NaH],MoleculeNet_HIV
hiv_25606,O=C1CC2(c3ccccc3)ON=C(c3ccccc3)N2c2ccccc2N1,MoleculeNet_HIV
hiv_9992,COC(=O)NC1=Nc2ccccc2C(=O)NN1,MoleculeNet_HIV
hiv_399,N#CN(CS(=O)(=O)O)C(=N)N,MoleculeNet_HIV
hiv_35830,CCOC(=O)C1=C(N)N2C(=NC3CCCCC32)N=C1,MoleculeNet_HIV
hiv_3379,COC(=O)C1(C)C=CC(=O)C2(C)C1C(O)C1OC3CC(c4ccoc4)C(C)=C3C1(C)C2CC(=O)O,MoleculeNet_HIV
hiv_4867,O=c1c(-c2ccccc2)c(S)sc(S)c1-c1ccccc1,MoleculeNet_HIV
hiv_14000,O=C1OC2(c3ccccc3Oc3ccccc32)c2ccccc21,MoleculeNet_HIV
hiv_40112,NS(=O)(=O)c1nnc(NC(=O)C23CC4CC(CC(C4)C2)C3)s1,MoleculeNet_HIV
hiv_11942,BrC(Br)=C1C(=C(Br)Br)C(Br)C1Br,MoleculeNet_HIV
hiv_31657,CC(=O)OC1CC2C(OC(C)=O)C=C3CC(C)(C(=O)C(O)C(=C1C)C2(C)C)C(O)CC3OC(=O)C(O)C(c1ccccc1)N(C)C,MoleculeNet_HIV
hiv_38699,CC(NC(=O)Cn1c(Cl)nc2ccccc21)c1ccccc1,MoleculeNet_HIV
hiv_35271,Cc1ccc(C=NNc2nncc3ccccc23)s1,MoleculeNet_HIV
hiv_22939,CCC(=O)OC1CCn2c1nc1c2C(=O)C(C)=C(NC(C)=O)C1=O,MoleculeNet_HIV
hiv_26334,CCOC1SC(SC)=NN1C(=O)C(OC(C)=O)C(OC(C)=O)C(OC(C)=O)C(OC(C)=O)C(=O)N1N=C(SC)SC1OCC,MoleculeNet_HIV
hiv_16084,O=C1OCCC1C(O)C1c2ccccc2-c2ccccc21,MoleculeNet_HIV
hiv_25716,CC(=O)CC(O)(C(F)(F)Cl)C(F)(F)Cl,MoleculeNet_HIV
hiv_26541,CCSc1[nH]c(NC(=S)NC(=O)c2ccccc2Cl)c(C(N)=O)c1C(N)=O,MoleculeNet_HIV
hiv_14611,CC1=NC(=Cc2c(O)ccc3ccccc23)C(=O)O1,MoleculeNet_HIV
hiv_39163,N=c1ccn(C2CC(O)C(COP(=O)(S)OC3CC(n4ccc(=N)[nH]c4=O)OC3CO)O2)c(=O)[nH]1,MoleculeNet_HIV
hiv_28269,O=C(NCCc1ccccc1)c1cc2ccc(O)c(O)c2cn1,MoleculeNet_HIV
hiv_39186,COc1ccc(-c2c(-c3ccccc3)c(C)c3ccccn23)cc1,MoleculeNet_HIV
hiv_31930,CNC(=O)OCc1cnc([N+](=O)[O-])n1C,MoleculeNet_HIV
hiv_25584,COCOc1ccc(C(=O)C(C)c2ccc(OCOC)cc2OCOC)c(O)c1,MoleculeNet_HIV
hiv_14981,O=C(c1ccccc1)c1cccc(C(=O)c2ccccc2)c1,MoleculeNet_HIV
hiv_36518,Cc1c(C(=O)O)n2cnnc2c2ccccc12,MoleculeNet_HIV
hiv_33671,Cc1c2c(c(-c3c4c(c(C)c5c3[OH+][Re+](C#[O+])(C#[O+])(C#[O+])(C#[O+])[OH+]5)OCO4)c3c1[OH+][Re+](C#[O+])(C#[O+])(C#[O+])(C#[O+])[OH+]3)OCO2,MoleculeNet_HIV
hiv_16096,COC(=O)N1CC2CC=CC(C2)c2ccccc21,MoleculeNet_HIV
hiv_38602,O=C1NC(C(CCCCCO)OC(=O)c2ccccc2)CO1,MoleculeNet_HIV
hiv_8591,COC1=CC2(C=CC1=O)CCC(=O)O2,MoleculeNet_HIV
hiv_25680,CCN(CC)CCn1c(Cc2ccc(OC)cc2)nc2ccccc21,MoleculeNet_HIV
hiv_37754,COc1cc(OC)cc(-n2c(N)c(-c3nc4ccccc4s3)c3ccc([N+](=O)[O-])cc3c2=O)c1,MoleculeNet_HIV
hiv_21761,CC(C)=CC(C(O)c1ccccc1)S(=O)(=O)c1nccn1C,MoleculeNet_HIV
hiv_25769,OC(C1CCC=NN1C(O)(C(F)(F)F)C(F)(F)F)(C(F)(F)F)C(F)(F)F,MoleculeNet_HIV
hiv_6898,O=C(Cn1c(=O)ccc2ccccc21)Cn1c(=O)ccc2ccccc21,MoleculeNet_HIV
hiv_953,CCOC(=O)C1(c2ccccc2)CCN(CC(=O)c2ccccc2)CC1,MoleculeNet_HIV
hiv_20135,CC[Sn](CC)(OC(=O)c1ccccc1OC)O[Sn](CC)(CC)OC(=O)c1ccccc1OC,MoleculeNet_HIV
hiv_27148,CCC1(O)N=C(c2ccccc2)c2ccccc2-n2cccc21,MoleculeNet_HIV
hiv_26645,CC1(C)C(=O)N(O)C(C)(C)N1O,MoleculeNet_HIV
hiv_31613,COCn1c(C)c(C)c2c(=O)oc(=O)[nH]c21,MoleculeNet_HIV
hiv_24441,OCC1OC(n2nc(-c3ccccc3)nc2-c2cnccn2)C(O)C1O,MoleculeNet_HIV
hiv_7718,CC1(C)CCCC(C)(C2CCC3(C)C2C(O)CC2C4(C)CCC(O)C(C)(C)C4C(O)CC23C)O1,MoleculeNet_HIV
hiv_8765,O=C(Nc1cccc(NC(=O)c2nnn[nH]2)n1)c1nnn[nH]1,MoleculeNet_HIV
hiv_13538,CC(=O)OC12CCCCC1C1(CCCC1)NC2=O,MoleculeNet_HIV
hiv_37290,CC(=O)n1nc(-c2[nH]c(C)c(-c3nn(C(C)=O)c(=S)o3)c2C)oc1=S,MoleculeNet_HIV
hiv_1003,CC(CO)S(=O)(=O)O,MoleculeNet_HIV
hiv_2434,CCC=NNC(=N)N.O=P(O)(O)O,MoleculeNet_HIV
hiv_30893,CCOP(C)(=O)OC(C(F)(F)F)C(F)(F)F,MoleculeNet_HIV
davis_9929127,COc1c(Cl)cc2c([nH]c3cnccc32)c1NC(=O)c1cccnc1C,DAVIS_spike_in
hiv_33156,COc1cccc(C(=O)NC2C(O)C(CO)OC2n2cnc3c(N)ncnc32)c1,MoleculeNet_HIV
hiv_37415,COC1OC(CCC2NC(CO)C(O)C(O)C2O)C(O)C(O)C1O.Cl,MoleculeNet_HIV
hiv_39736,N=C1OC(CN2CCN(c3ccccc3)CC2)CN1C(=O)Nc1ccccc1,MoleculeNet_HIV
hiv_32282,Nc1nc(Cl)cc(OCC2(O)CC(COC(=O)c3ccccc3)C2)n1,MoleculeNet_HIV
hiv_27925,CC1(C)CC(C2=NCCO2)CC(C)(C)N1,MoleculeNet_HIV
hiv_15751,Cn1c2c(c3ccccc31)CCN(CCCN1CCN(c3cccc(Cl)c3)CC1)C2=O,MoleculeNet_HIV
hiv_7123,N=c1nnn(N)[nH]1,MoleculeNet_HIV
hiv_10490,O=S(=O)(O)C(O)C(F)(F)C(F)(F)C(F)(F)F.[NaH],MoleculeNet_HIV
hiv_25367,COc1ccc2oc3c(C)cc4c(OC)nnc(OC)c4c3c2c1,MoleculeNet_HIV
hiv_15594,Cc1ccc(C(=O)Nc2ccc(S(=O)(=O)O)c3cc(S(=O)(=O)O)cc(S(=O)(=O)O)c23)cc1NC(=O)c1cccc(N)c1.[NaH],MoleculeNet_HIV
hiv_25013,Br.C[n+]1c(-c2ccc(C=NNc3ccnc(NN=Cc4ccc(-c5cn6ccsc6[n+]5C)cc4)n3)cc2)cn2ccsc21.[Br-],MoleculeNet_HIV
davis_123631,COc1cc2ncnc(Nc3ccc(F)c(Cl)c3)c2cc1OCCCN1CCOCC1,DAVIS_spike_in
hiv_27124,O=C1c2c[nH]nc2C(c2ccccc2)N1c1ccccc1,MoleculeNet_HIV
hiv_7337,N=C(N)N1CCNc2ccccc2C1.O=[N+]([O-])O,MoleculeNet_HIV
hiv_24794,Cc1ccc2c(c1)[nH]c(=S)n2C=C1C(=O)Oc2ccccc2C1=O,MoleculeNet_HIV
hiv_22822,c1ccc2[nH]c(C3=NCCS3)nc2c1,MoleculeNet_HIV
hiv_16627,Cc1ccc(S(=O)(=O)N=C2C=C(C(C)(C)C)C(=O)C(C(C)(C)C)=C2)cc1,MoleculeNet_HIV
hiv_38428,CC1(C)OC2COC(C)(C)OC(C3SCCCS3)C2O1,MoleculeNet_HIV
hiv_28594,N#CCCC1(CCC#N)CCCCCCC(CCC#N)(CCC#N)C(=O)C1=O,MoleculeNet_HIV
hiv_23950,CC1(C)OC2C3OC(C(Cl)(Cl)Cl)=NC3C(I)C(N3C(=O)c4ccccc4C3=O)C2O1,MoleculeNet_HIV
hiv_5262,[O-][Cl+3]([O-])([O-])O.c1ccc2c(c1)[nH]c1c3ccccc3[s+]cc21,MoleculeNet_HIV
hiv_22761,Cc1ccc(S(=O)(=O)N2CCCSCCSCCCN(S(=O)(=O)c3ccc(C)cc3)CC2)cc1,MoleculeNet_HIV
hiv_31002,N#CC(c1cc2c(cc1Br)OCO2)N1CCOCC1,MoleculeNet_HIV
hiv_5838,CC(C)(C)N1OC2(CCCCC2)n2c(=O)c3ccccc3c(=O)n2C1c1ccccc1,MoleculeNet_HIV
hiv_21549,O=c1ccc2ccccc2c2ccccc12,MoleculeNet_HIV
hiv_4219,CC1=NN(c2ccccc2)C(=O)C1N=Nc1ccc(S(=O)(=O)Nc2ccccn2)cc1,MoleculeNet_HIV
hiv_30822,CCC(=O)NC(Nc1cc(C)on1)(C(F)(F)F)C(F)(F)F,MoleculeNet_HIV
hiv_37871,COc1ccc(C=C2CCS(=O)(=O)c3ccc(C)cc3C2=O)cc1OC,MoleculeNet_HIV
hiv_29684,CCC(C(=O)c1ccc(OC)c(OC)c1)N(C(=O)C(F)(F)F)C(C)c1ccccc1,MoleculeNet_HIV
hiv_37359,O=C(c1ccc(Cl)cc1Cl)N(C(=O)N1CCCCC1)c1ccccc1,MoleculeNet_HIV
hiv_7792,O=C(O)P(=O)(O)O,MoleculeNet_HIV
hiv_756,CC(=O)Nc1ccc(S(=O)(=O)NN=Cc2ccc(C)cc2)cc1,MoleculeNet_HIV
hiv_28913,Cc1ccc(-n2cc(-c3ccc(Cl)cc3)c3c(NN=C4SCC(=O)N4C)ncnc32)cc1,MoleculeNet_HIV
hiv_35075,NC(=O)C1N=NSC1NC(=O)c1ccc([N+](=O)[O-])cc1,MoleculeNet_HIV
hiv_33753,CC1CCN(c2nnc(Cl)cc2C(=O)c2ccccc2)CC1,MoleculeNet_HIV
hiv_13957,S=C1SCC2CCCN12,MoleculeNet_HIV
hiv_32680,COC(=O)c1c2c(cc3c1CC1(C3)Cc3ccc4c(c3C1=O)CCC4)CCC2,MoleculeNet_HIV
hiv_15959,CC1C=CC(=O)C(n2cc(F)c(=O)[nH]c2=O)O1,MoleculeNet_HIV
hiv_7721,CN1C(=O)NC2(C1=O)C(=O)N(C)C(=O)N2C,MoleculeNet_HIV
hiv_8054,CC1(C)CC[P+](CCC[P+]2(c3ccccc3)CCC(C)(C)c3ccccc32)(c2ccccc2)c2ccccc21.F[P-](F)(F)(F)(F)F,MoleculeNet_HIV
hiv_21854,O=C(C(=O)c1cc2ccccc2[nH]1)c1cc2ccccc2[nH]1,MoleculeNet_HIV
hiv_6839,COc1ccc(C=C2N=C(c3ccccc3)OC2=O)c(OCc2ccccc2)c1,MoleculeNet_HIV
hiv_3639,O=S1(=O)CCC(Br)c2ccccc2C1,MoleculeNet_HIV
hiv_22739,CCCCc1c2c(nc3c1CCc1cc(C=O)c(N)nc1-3)C(=Cc1ccccc1)CCC2.Cl,MoleculeNet_HIV
hiv_6972,COC(CCC(C)C1OC23CC(OC(=O)CC(C(C)O)OC(=O)CC(O)(O2)C(C)CC3(C)C)C1C)c1cccc(O)c1,MoleculeNet_HIV
hiv_8790,CC1(C)C2CCC(C2)C1C=C1SC(=S)NC1=O,MoleculeNet_HIV
hiv_22679,CCOC(=O)C1CSCCSC1,MoleculeNet_HIV
hiv_33092,CC1CCC(=O)C(C(=O)CC2CC(=O)N(C)C(=O)C2)C1,MoleculeNet_HIV
hiv_23435,O=C1CC(=O)N(CCc2ccccc2)S(=O)(=O)N1CCc1ccccc1,MoleculeNet_HIV
hiv_23056,Cn1c(NC(=O)NC23CC4CC(CC(C4)C2)C3)nc2ccccc21,MoleculeNet_HIV
hiv_14839,O=S(=O)([O-])c1ccc([N+]2=Cc3ccccc3[OH+][Co-2]23[OH+]c2ccccc2C=[N+]3c2ccc(S(=O)(=O)[O-])cc2)cc1,MoleculeNet_HIV
hiv_819,S=C1NCCNC(=S)SS1,MoleculeNet_HIV
hiv_4672,NC(=O)C1=CN(Cc2ccc(F)cc2)c2ccccc2C1S(=O)(=O)O,MoleculeNet_HIV
hiv_15910,O=C(CCn1[nH]c(=O)c(Cl)c(Cl)c1=O)NOCCCc1ccccc1,MoleculeNet_HIV
hiv_25031,CC1(C)C2C=CC1(C)C1(CC2)OCCO1,MoleculeNet_HIV
hiv_14957,C(=Cc1ccnc2ccccc12)c1ccnc2ccccc12,MoleculeNet_HIV
hiv_3197,CSc1nc2[nH]c(=O)n(OS(=O)(=O)c3ccccc3)c(=O)c2n1C,MoleculeNet_HIV
hiv_22140,CC1NC(=O)c2cc(O)n(C)c(=O)c21,MoleculeNet_HIV
hiv_27522,Cc1nn(-c2nc(O)c3c(n2)CCCC3)c(O)c1CCO,MoleculeNet_HIV
hiv_6686,COc1cc(CC2c3cc(OC)c(OC)cc3CC[N+]2(C)C)c(Oc2cc(CC3c4cc(OC)c(OC)cc4CC[N+]3(C)C)ccc2OC)cc1OC,MoleculeNet_HIV
hiv_13035,CC(C)(C)c1cc(COc2c3sc(=S)sc3c(OCc3cc(C(C)(C)C)cc(C(C)(C)C)c3)c3sc(=S)sc23)cc(C(C)(C)C)c1,MoleculeNet_HIV
hiv_27385,c1cc(NC2=NCCO2)c2c(c1)OCO2,MoleculeNet_HIV
hiv_6456,Cc1ccc([N+](=O)[O-])cc1NC(=O)N1CCCCC1C,MoleculeNet_HIV
hiv_37273,COC(=O)c1cc(=O)n(-c2ccc3nn(C)nc3c2)cc1C(=O)OC,MoleculeNet_HIV
hiv_36543,C=C1c2nc3ccccc3n2C=C(c2ccccc2)N1c1ccc(C)cc1,MoleculeNet_HIV
hiv_18464,COCCOCCOCCOCCOCCOCCOCCOCCOCCOCCOCCOCCOCCOCCOCCOCCOCC(=O)N(CCn1ccc(NC(c2ccccc2)(c2ccccc2)c2ccccc2)nc1=O)CCn1cnc2nc(NC(=O)c3ccccc3)nc(O)c21,MoleculeNet_HIV
hiv_18428,CCCCCCCCCCCCCCCCCCn1[se]c2ccccc2c1=O,MoleculeNet_HIV
hiv_38438,Clc1cc(NN=C(c2ccccc2)c2ccccn2)ncn1,MoleculeNet_HIV
hiv_30943,C=C1C(=O)OC2C1CC(O)C(C)=CCCC1(C)OC21,MoleculeNet_HIV
hiv_1900,Nc1ccc2c(c1)C(N)c1ccccc1-2,MoleculeNet_HIV
hiv_24307,CSC1(C)CC2C(CC1N1CCCCC1)C2(C)C,MoleculeNet_HIV
hiv_8358,CCOC(=O)c1cc(-c2ccccc2)c(OC)c(=O)nc1-c1ccccc1,MoleculeNet_HIV
hiv_34940,CC1(C)SC(CN)NC1C(=O)OC(c1ccccc1)c1ccccc1,MoleculeNet_HIV
hiv_22910,Cc1c(C=NN(C)C)oc2c1cc(O)c1ncccc12,MoleculeNet_HIV
hiv_33091,CC(C)(C)C1CCC(O)C(C(O)CC2CC(=O)N(c3ccccc3)C(=O)C2)C1,MoleculeNet_HIV
hiv_2165,C#CC1(O)CCC2C3CC(O)C45CC4CCC5(C)C3CCC21C,MoleculeNet_HIV
davis_11667893,CC1(C)CNc2cc(NC(=O)c3cccnc3NCc3ccncc3)ccc21,DAVIS_spike_in
hiv_32590,COC(=N)C1(C#N)NC(c2ccsc2)C(C#N)(C#N)NC1c1ccsc1,MoleculeNet_HIV
hiv_30945,C=C1C(=O)OC2C1CC(O)C1(C)OC1CCC1(C)OC21,MoleculeNet_HIV
hiv_11288,Cc1cc2c3c(c1)C(=O)CCN3CCC2=O,MoleculeNet_HIV
hiv_4772,c1ccc([PH](Cc2cccc3c2Cc2ccccc2-3)(c2ccccc2)c2ccccc2)cc1,MoleculeNet_HIV
hiv_3394,CC(=O)C1CCC2C3C=CC4=CC(=O)CCC4(C)C3CCC12C,MoleculeNet_HIV
hiv_1912,C(=Cc1ccccc1)C=NCCCCCCN=CC=Cc1ccccc1,MoleculeNet_HIV
hiv_18084,COc1cccc2c1[OH+][Cu-4]13([S+]=C(Nc4ccccc4)[N-][N+]1=C2)[n+]1ccccc1-c1cccc[n+]13,MoleculeNet_HIV
hiv_28498,CC=CC1(OC(=O)c2ccccc2)CC2CCCCC21,MoleculeNet_HIV
hiv_8133,CC1=CC(C)(C)N=C2SC(COc3ccccc3)=NN12,MoleculeNet_HIV
hiv_13360,CC(=O)OC1CCC2(C)C(=CCC3C4Cc5cnn(-c6ccccc6)c5NC4(C)CCC32)C1,MoleculeNet_HIV
hiv_29854,O=C1CC(c2ccoc2)NC(=O)N1CCCl,MoleculeNet_HIV
hiv_25148,Cc1nc(Nc2ccc(Cl)c(Cl)c2)sc1C(=O)C=Cc1ccc2c(c1)OCO2,MoleculeNet_HIV
hiv_14993,O=C(NC(=O)C(C(=O)c1ccccc1)c1ccccc1)c1ccccc1,MoleculeNet_HIV
hiv_40684,O=C(c1ccc(Cl)cc1Cl)N(C(=O)N1CCC(c2ccccc2)CC1)c1ccccc1,MoleculeNet_HIV
hiv_26921,C=C=C(CC1CCCCC1=O)S(=O)(=O)c1ccccc1,MoleculeNet_HIV
hiv_39236,Cc1c(S(=O)(=O)c2ccccc2)c(N)n(Cc2ccccc2)c1C,MoleculeNet_HIV
hiv_26142,O=C(c1ccco1)N(Cc1ccco1)C(=S)Nc1ccccc1,MoleculeNet_HIV
hiv_34822,O=C1NCCN1N=Cc1c(Cl)n(-c2ccccc2)c2ccccc12,MoleculeNet_HIV
hiv_34731,CCC1(CC)C(=O)NN(C(=O)c2ccccc2)C1=O,MoleculeNet_HIV
hiv_39379,Cc1nc2c(C#N)c3n(c2c(=O)o1)CCCC3,MoleculeNet_HIV
hiv_24402,CC(=O)OCC1OC(OC2C(COC(C)=O)OC(Sc3ccccc3C)C(OC(C)=O)C2OC(C)=O)C(OC(C)=O)C(OC(C)=O)C1OC(C)=O,MoleculeNet_HIV
hiv_7563,CN(C)CCNC(c1ccccc1)C(O)c1ccccc1,MoleculeNet_HIV
hiv_32203,I.S=C(NNC1=NCCCCN1)Nc1ccccc1,MoleculeNet_HIV
hiv_25098,C=C(CCCC(C)=CC=CC1(C)CCCc2ccoc21)CC(=O)O,MoleculeNet_HIV
hiv_39142,C=CCC1C(=O)Nc2cccc3ncn(c23)C1=O,MoleculeNet_HIV
hiv_7722,Nc1ccc(Cn2ccc3c4c(N)nc(N)nc4ccc32)cc1,MoleculeNet_HIV
hiv_26938,C1CCN(C2=[S+][Ru][SH+]2)CC1,MoleculeNet_HIV
hiv_21910,CC1(C)OC(=O)C(C#N)=C1C=C1OC(=O)c2ccccc21,MoleculeNet_HIV
hiv_32104,N#Cc1c(N2CCCC2)ncn(-c2ccccc2)c1=S,MoleculeNet_HIV
hiv_9313,CN1C(=O)C(=C2SC(=O)N(CNc3ccc(Br)cc3)C2=O)c2ccccc21,MoleculeNet_HIV
hiv_7388,N=C1N=C2OC3C(O)C(CO)OC3N2CN1,MoleculeNet_HIV
hiv_14857,OC1(C2(O)c3ccccc3-c3ccccc32)c2ccccc2-c2ccccc21,MoleculeNet_HIV
hiv_37705,CC(=O)OCC1OC(NC(=S)Nn2c(-c3ccccc3)nc3ccccc3c2=O)C(OC(C)=O)C(OC(C)=O)C1OC(C)=O,MoleculeNet_HIV
hiv_11430,N#CCC(=O)NN=C1C(=O)NC(=O)C(=O)C1c1nc2ccccc2s1,MoleculeNet_HIV
hiv_28542,O=C(C=Cc1cc(O)c(O)cc1O)OCCc1ccccc1,MoleculeNet_HIV
hiv_1530,O=C(Nc1ccc(N=Nc2ccc(S(=O)(=O)O)cc2)cc1)c1ccc(N=Nc2ccc3c(S(=O)(=O)O)cccc3c2O)cc1,MoleculeNet_HIV
hiv_36238,O=c1c2c(sc3ccccc13)NCN(CCc1ccccc1)C2,MoleculeNet_HIV
hiv_38682,COC(=O)CSC(=S)Nc1nnc(NC(=S)SCOC(C)=O)n1C(=S)SCC(=O)OC,MoleculeNet_HIV
hiv_30359,CCOC(=O)CCc1cn2cc(Br)nc(OC)c2n1,MoleculeNet_HIV
hiv_18085,COc1cccc2c1[OH+][Cu-4]13([S+]=C(Nc4ccccc4)[N-][N+]1=C2)[n+]1cccc2ccc4ccc[n+]3c4c21,MoleculeNet_HIV
hiv_342,O=C1CSC(=O)N1,MoleculeNet_HIV
hiv_5799,CC(C)(C)C1COP(=S)(c2ccccc2)OC1,MoleculeNet_HIV
hiv_30432,N#CCCN(CCC#N)CCN(CCN(CCC#N)CCC#N)CCN(CCC#N)CCC#N,MoleculeNet_HIV
hiv_33047,Cn1nc2c(c1N)Cc1c(nn(C)c1N)-c1ccccc1-2,MoleculeNet_HIV
hiv_4237,BrC1CN2CC(Br)CN2C1,MoleculeNet_HIV
hiv_5092,COc1cccc(C2=CCCCCC2)c1OC,MoleculeNet_HIV
hiv_13099,CCCCCCCCCCNC(=S)OC,MoleculeNet_HIV
hiv_33057,CCOP(=O)(O)C(Nc1ccc(N=Nc2ccccc2)cc1)c1cccc(C(Nc2ccc(N=Nc3ccccc3)cc2)P(=O)(O)OCC)c1.[NaH],MoleculeNet_HIV
hiv_18559,CN1C(=O)CC2(C)c3cc(C=O)ccc3N(C)C12,MoleculeNet_HIV
hiv_4759,COc1ccc(S(C)=NS(=O)(=O)c2ccc(C)cc2)cc1,MoleculeNet_HIV
hiv_34852,N#CC1(C#N)NC(c2cccnc2)C(C#N)(C#N)NC1c1cccnc1,MoleculeNet_HIV
hiv_24029,COc1nc(NC2OCC(O)C(O)C2O)c(NC2OCC(O)C(O)C2O)c(=O)n1C,MoleculeNet_HIV
hiv_23229,O=C1CSC(C(=Cc2ccc(Cl)cc2)c2nc3ccccc3[nH]2)=N1,MoleculeNet_HIV
hiv_1274,CN(N=O)C(=O)NC(C=O)C(O)C(O)C(O)CO,MoleculeNet_HIV
hiv_37914,CC1(C)[N+]([O-])=[N+]([O-])C1(C)C,MoleculeNet_HIV
hiv_29501,[N-]=[N+]=Nc1c(Cc2ccccc2)c(Cl)nc2ccccc12,MoleculeNet_HIV
hiv_8339,CC(=O)NCCSSSCCNC(C)=O,MoleculeNet_HIV
hiv_10660,CC(=O)OCC1OC(Nc2[nH]c(=O)n(C)c(=O)c2N=O)C(OC(C)=O)C(OC(C)=O)C1OC(C)=O,MoleculeNet_HIV
hiv_23206,COc1ccc(C=NNC(=O)c2sc(=S)n(-c3ccccc3)c2N)cc1,MoleculeNet_HIV
hiv_17812,CCc1ccccc1NC(=O)C1=C(C)NC(C)=C(C(=O)Nc2ccccc2CC)C1c1ccc2c(c1)OCO2,MoleculeNet_HIV
hiv_34796,CCC(Cl)=NOC(=O)NCc1ccc(F)cc1,MoleculeNet_HIV
hiv_4144,Cc1ccc(S(=O)(=O)SC(=Nc2ccccn2)Nc2ccccn2)cc1,MoleculeNet_HIV
hiv_21897,C=C1C(=O)C=C2C=C3C(=O)C(C)(C)CC3(O)C12C,MoleculeNet_HIV
hiv_37572,O=c1[nH]c2ccc(CC(=S)N3CCN(c4ccccc4)CC3)cc2o1,MoleculeNet_HIV
hiv_39291,Cc1ccc(S(=O)CC2(C(F)F)NC(=O)NC2=O)cc1,MoleculeNet_HIV
hiv_38002,CN(C)CCCN1C(=S)N(CCCN(C)C)c2c3ccccc3nc3c([N+](=O)[O-])ccc1c23.Cl,MoleculeNet_HIV
hiv_37141,COC(=O)C=CCOCC1C2CCC(=O)C21,MoleculeNet_HIV
hiv_30055,COc1ccccc1-n1cnc2c1=NC(C)(C)NC=2C(N)=O,MoleculeNet_HIV
hiv_36962,CC1C=C2C3CC(C)(C(=O)O)CCC3(C)CCC2(C)C2(C)CCC3C(C)(C)C(OC(=O)c4cccc5c(=O)c6ccccc6[nH]c45)CCC3(C)C12,MoleculeNet_HIV
hiv_29701,CC(=O)NC(CCCCNC(=O)OC(C)(C)C)C(=O)O,MoleculeNet_HIV
hiv_23306,CC1=NN(C(=O)c2ccc(Cl)cc2)C(=O)C1=Cc1ccco1,MoleculeNet_HIV
hiv_16100,CC1=C(O[Si](C(C)C)(C(C)C)C(C)C)C2CC1C1C(=O)N(c3ccccc3)C(=O)C21,MoleculeNet_HIV
hiv_22248,Fc1nc(F)nc(-c2c3ccccc3c3n2CCS3)n1,MoleculeNet_HIV
hiv_4819,C1CCN2CC34CC(CC5CCCN(C6CCCC3N6)C54)C2C1,MoleculeNet_HIV
hiv_27758,Cl.Fc1ccc2c3c([nH]c2c1)CCNC3,MoleculeNet_HIV
hiv_9248,COc1cccc2sc(-n3c(C)nc4ccccc4c3=O)nc12,MoleculeNet_HIV
hiv_29354,CC(C)(C)OC(=O)NC(CSSCC(NC(=O)OC(C)(C)C)C(=O)O)C(=O)O,MoleculeNet_HIV
hiv_16787,N#CC(C(=O)C(=NNc1nc(=S)[nH]n1N)C(C#N)c1ccccc1)c1ccccc1,MoleculeNet_HIV
hiv_28826,CN(C)c1ccc(NC2=NC(=Nc3ccccc3)C(=Nc3ccccc3)S2)cc1,MoleculeNet_HIV
hiv_10632,CCCCCCCCCCCCCC(=O)NCC(=O)NC(CO)C(=O)NC(CO)C(=O)NC(CCCCN)C(=O)NC(CO)C(=O)NC(CCCCN)C(=O)N1CCCC1C(=O)NC(CCCCN)C(=O)NC(CC(=O)O)C(=O)N1CCCC1C(=O)NC(CO)C(=O)NC(CCC(N)=O)C(=O)NC(CCCNC(=N)N)C(=O)NC(CCCNC(=N)N)C(=O)NC(CCCNC(=N)N)C(=O)NC(Cc1ccc(O)cc1)C(N)=O,MoleculeNet_HIV
hiv_23784,NNc1nnc(-c2ccccc2)nc1Cc1ccccc1,MoleculeNet_HIV
hiv_24588,BrC1=CCC23CC=C(Br)C4CC2(COC3)CC1O4,MoleculeNet_HIV
hiv_12364,O=C1OC(c2cccc(C(F)(F)F)c2)(c2cccc(C(F)(F)F)c2)c2ccc3ccccc3c21,MoleculeNet_HIV
hiv_2097,O=C(Nc1ncnc2c1ncn2C1CC(OC(=O)c2ccc([N+](=O)[O-])cc2)C(COC(=O)c2ccc([N+](=O)[O-])cc2)O1)c1ccccc1,MoleculeNet_HIV
hiv_23217,C=CCN1C(=C2SC(=S)N(c3ccc(C)cc3)C2=O)Sc2c(O)ncnc21,MoleculeNet_HIV
hiv_26114,N#CC(=CNC(=S)NN=C1C(=O)Nc2ccccc21)C(=O)c1ccc2ccccc2c1,MoleculeNet_HIV
hiv_36871,C=CC(C)(C)NC(C(=O)N1CCCC1c1nc(-c2nc(C(=O)OCC=C(C)C)c(C)o2)c(C)o1)C(C)C,MoleculeNet_HIV
hiv_29446,CC(NC(=O)C(Cc1c[nH]cn1)NC(=O)C1CCC(=O)N1)C(N)=O,MoleculeNet_HIV
hiv_34200,O=C1CC(c2ccco2)C2(C(=O)NC(=O)NC2=O)C(c2ccco2)C1,MoleculeNet_HIV
hiv_16996,O=C(CC(=O)c1ccccc1)C(=O)Nc1ccc(Cl)cc1,MoleculeNet_HIV
hiv_39565,CC1CCC2(OC1)OC1CC3C4CCC5CC(OC6OC(CO)C(OC7OC(CO)C(O)C(O)C7O)C(O)C6OC6OC(C)C(O)C(O)C6O)C(O)CC5(C)C4CCC3(C)C1C2C,MoleculeNet_HIV
hiv_17164,O=C1NC(c2ccc(O)cc2)C2CCC1C2,MoleculeNet_HIV
hiv_39596,Oc1c([Si](c2ccccc2)(c2ccccc2)c2ccccc2)cc2ccccc2c1-c1c(O)c([Si](c2ccccc2)(c2ccccc2)c2ccccc2)cc2ccccc12,MoleculeNet_HIV
hiv_36504,CC1(C)CC(=O)C2(CC(CSc3ccccc3)C(CS(=O)(=O)c3ccccc3)C2)C(=O)C1,MoleculeNet_HIV
hiv_29804,CCOC(=O)C(CCSC)(CCSC)C(=O)OCC,MoleculeNet_HIV
hiv_30234,Cc1ccc(SCC(OCn2cnc3c(Cl)nc(N)nc32)C(C)F)cc1,MoleculeNet_HIV
hiv_36230,O=C1OC2c3ccccc3C(=O)C2(c2ccccc2)N1c1ccccc1,MoleculeNet_HIV
hiv_10198,CC1=CC2=C(C(N)=O)C(=O)OC2(C)C(c2ccccc2)C1,MoleculeNet_HIV
hiv_40780,COC(=O)C1(C(=O)OC)N=C(C)OC1C(C)C,MoleculeNet_HIV
hiv_31302,CC1(C)COC(c2cccc(C(O)c3ccc(Cl)cc3)c2)=N1,MoleculeNet_HIV
hiv_18340,COP(=O)(CC(=O)C1OC(C)(C)OC1C(O)COCc1ccccc1)OC,MoleculeNet_HIV
hiv_12880,Cc1cc(O)c2cnncc3c(O)cc(C)c4c(=O)oc5c(CO)c(O)c(C(=O)O)c(cnncc6c(C(=O)O)c(O)c(CO)c7oc(=O)c1c2oc67)c5oc34,MoleculeNet_HIV
hiv_37694,O=c1[nH]c2ccccc2c(=O)n1N=Cc1ccc(O)cc1,MoleculeNet_HIV
hiv_32545,Cc1cccc(C(O)c2ccncc2)c1O,MoleculeNet_HIV
hiv_39109,CC1=COC2OC3(C)CCC4C(C)CCC1C24O3,MoleculeNet_HIV
hiv_9366,COC(=O)c1noc2c1CSC1=C2CS(=O)(=O)c2ccccc21,MoleculeNet_HIV
hiv_4936,O=C1CC(=O)Nc2ccccc2N1,MoleculeNet_HIV
hiv_30454,COc1cc(C2c3cc4c(cc3OC(NNS(=O)(=O)c3ccc(C)cc3)C2C)OCO4)cc(OC)c1O,MoleculeNet_HIV
hiv_30440,CCCCCCCCCCCCCCCCOP(=O)(O)OCC(NC(C)=O)C(=O)O.N,MoleculeNet_HIV
hiv_39519,Nn1c(CCCCCCCCc2nnc(COc3ccc(Cl)cc3)n2N)nnc1COc1ccc(Cl)cc1,MoleculeNet_HIV
hiv_32500,CC(C)OP(=O)(OC(C)C)C(C(C)C)N(C)C(F)=NC(F)(F)F,MoleculeNet_HIV
hiv_5729,O=C(Nc1nc(Cl)nc(Cl)n1)N1CCOCC1,MoleculeNet_HIV
hiv_27343,O=C1c2ccc3cc(CCl)cc(O)c3c2C(=O)c2cccc(O)c21,MoleculeNet_HIV
hiv_75,CC(=O)OC1C(OC(C)=O)C(OC(C)=O)C2(CO2)C(OC(C)=O)C1OC(C)=O,MoleculeNet_HIV
hiv_30948,O=C(O)c1cc(O)nc(O)c1N=Nc1ccc(C=Cc2ccc(N=Nc3c(C(=O)O)cc(O)nc3O)cc2S(=O)(=O)O)c(S(=O)(=O)O)c1.[NaH],MoleculeNet_HIV
hiv_4869,O=C1C(c2ccccc2)CS(=O)(=O)CC1c1ccccc1,MoleculeNet_HIV
hiv_19850,CC1(C)OC(=O)C(c2ccsc2)C(=O)O1,MoleculeNet_HIV
hiv_30609,CN(C)c1ccc(NN=C2SC(=Nc3ccccc3)C(=Nc3ccccc3)S2)cc1,MoleculeNet_HIV
hiv_25811,I.N=C(N)NCCN1CCCCCc2ccccc21,MoleculeNet_HIV
hiv_1000,NCCCCCC(=O)O,MoleculeNet_HIV
hiv_34747,O=C1CC2(CCC(O)(c3ccc4ccccc4c3)C(C(=O)c3ccc4ccccc4c3)C2)C(=O)c2ccccc2N1,MoleculeNet_HIV
hiv_27451,CCN(CC)CCC1CCCCN1CC(=O)N1c2ccccc2NC(=O)c2ccccc21,MoleculeNet_HIV
hiv_10134,N#Cc1cnn2cc[nH]c12,MoleculeNet_HIV
hiv_27341,O=C(O)CCCCCCCCCCCO,MoleculeNet_HIV
hiv_20777,CC(C)OP(=O)(CP(=O)(OC(C)C)OC(C)C)OC(C)C.C[Sn](Br)(Br)Br,MoleculeNet_HIV
hiv_19080,O=C1CCC(=O)c2ccccc2N1,MoleculeNet_HIV
hiv_1097,O=C1NC(=S)SC1=Cc1ccco1,MoleculeNet_HIV
hiv_21315,Cc1cccc(C)c1NC(=O)C(=O)Nn1c(NN)nc2ccccc2c1=O,MoleculeNet_HIV
hiv_25925,O=C1NC(=Cc2ccc(C=C3NC(=O)N(CN4CCCCC4)C3=O)cc2)C(=O)N1CN1CCCCC1,MoleculeNet_HIV
hiv_1974,Cc1cc(N=Nc2c(O)nc3ccccc3c2O)ccc1N=Nc1ccc(C(=O)N(C)C)cc1,MoleculeNet_HIV
hiv_34106,Nc1ncnc2oc(-c3cccs3)nc12,MoleculeNet_HIV
hiv_24560,COc1ccc(C2CC(=O)N2)cc1,MoleculeNet_HIV
hiv_36880,CSc1ncc2c(C#N)c3n(C)c4ccccc4n3c(=O)c2n1,MoleculeNet_HIV
hiv_37986,CC1=NNC(=O)C1C(CC(=NO)c1c[nH]c2ccccc12)C(=O)O,MoleculeNet_HIV
hiv_11373,ClC1c2ccccc2C2(c3ccccc3)OOC1(c1ccccc1)O2,MoleculeNet_HIV
hiv_20485,Cn1c2c(cc(-c3ccccc3)c1=O)COc1ccccc1-2,MoleculeNet_HIV
hiv_12890,C1=[N+]2c3ccccc3[SH+][Ni-4]234([O+]=C1c1ccco1)[O+]=C(c1ccco1)C=[N+]3c1ccccc1[SH+]4,MoleculeNet_HIV
hiv_24275,Cl.Cn1cc(N)cc1C(=O)Nc1ccc(S(=O)(=O)O)c2cc(S(=O)(=O)O)ccc12.[NaH],MoleculeNet_HIV
hiv_12760,ClC[Si]12OCCN(CCO1)CCO2,MoleculeNet_HIV
hiv_22676,Cc1ccc(S(=O)(=O)N2CCCSCC2)cc1,MoleculeNet_HIV
hiv_33704,CCN(CC)CCON=C1CCC2C3CC=C4CC(O)CCC4(C)C3CCC12C,MoleculeNet_HIV
hiv_13353,COS(=O)(O)=[OH+].C[n+]1c2ccccc2c(CNC(CS)C(=O)O)c2ccccc21,MoleculeNet_HIV
hiv_8622,Cc1ccc(S(=O)(=O)C(CCC(=O)c2ccccc2)(CCC(=O)c2ccccc2)[N+](=O)[O-])cc1,MoleculeNet_HIV
hiv_1719,CC12CCC(OC3OC(CO)C(O)C(O)C3O)CC1CCC1C2CCC2(C)C(C3=CCOC3=O)CCC12O,MoleculeNet_HIV
hiv_35351,CN1CCN(C(=S)N2CCN(C)CC2)CC1,MoleculeNet_HIV
hiv_15607,C#Cc1cccc(N2C(=O)c3c(c(-c4ccccc4)c(-c4ccc(Cc5ccc(-c6c(-c7ccccc7)c7c(c(-c8ccccc8)c6-c6ccccc6)C(=O)N(c6cccc(C#C)c6)C7=O)cc5)cc4)c(-c4ccccc4)c3-c3ccccc3)C2=O)c1,MoleculeNet_HIV
hiv_14054,CC(=O)OC1(C)OC(=O)C(CC(C)C)N1[N+](=O)[O-],MoleculeNet_HIV
hiv_15665,CC(=O)c1c2c(cc3c1CC1(C3)Cc3cc4c(c(C(C)=O)c3C1)CCC4)CCC2,MoleculeNet_HIV
hiv_23647,CCOC(=O)c1ccccc1NN1C(=O)C=CC1=O,MoleculeNet_HIV
hiv_1635,CC12SC3(C)SC(C)(S1)SC(C)(S2)S3,MoleculeNet_HIV
hiv_21210,O=P(O)(OCC(O)O)OCC(O)O,MoleculeNet_HIV
hiv_15079,Cc1ccc(NC(=O)CCC(=O)C2CC(=O)CCC2=O)cc1C,MoleculeNet_HIV
hiv_31006,COC(=O)C1(C(=O)OC)CC(=O)c2c(OC(=O)c3cccc(OC)c3C#N)ccc(OC(=O)c3cccc(OC)c3C#N)c2C1,MoleculeNet_HIV
hiv_21558,Oc1cc(C2OCCCO2)cc(O)c1O,MoleculeNet_HIV
hiv_28160,COCCCCCCCCCCC(=O)O,MoleculeNet_HIV
hiv_31614,COCn1c(C)c(C)c2c(=O)oc(N(C)C)nc21,MoleculeNet_HIV
hiv_24862,Oc1ccc(-c2csc(NNC3=NCC(=Cc4ccc5c(c4)OCO5)S3)n2)cc1O,MoleculeNet_HIV
hiv_13144,COC(=O)c1nc(-c2ccc(Cl)c(Cl)c2)nc2ccccc12,MoleculeNet_HIV
hiv_21743,COc1c(O)c2c(c(O)c1C(C)C)C(=O)C(O)=C1C(C)(C)CCCC12C,MoleculeNet_HIV
hiv_37255,Cc1ccnc2sc3ccccc3c(=O)c12,MoleculeNet_HIV
hiv_7174,C=C1CC2(CCOc3ccc(Cl)cc32)OC1=O,MoleculeNet_HIV
hiv_26682,CCN(CC)CCn1ncc2c3c(=O)c4cccnc4n(CCN(CC)CC)c3ccc21,MoleculeNet_HIV
hiv_32287,Nc1nc(Cl)cc(OCC2(CO)CC(OCc3ccccc3)C2)n1,MoleculeNet_HIV
hiv_20926,N#Cc1cc([N+](=O)[O-])ccc1NC(=O)C(=O)Nn1c(=S)[nH]c2ccccc2c1=O,MoleculeNet_HIV
hiv_377,CCCCCCCCOC(=O)CC(C(=O)OCCCCCCCC)S(=O)(=O)O,MoleculeNet_HIV
davis_10138260,Cc1[nH]c(C=C2C(=O)Nc3ccc(F)cc32)c(C)c1C(=O)NCC(O)CN1CCOCC1,DAVIS_spike_in
hiv_24072,O=C1C2=C(CCCCC2)C2CCCCC12O,MoleculeNet_HIV
hiv_1192,Oc1cc2[nH]cnc2c(O)n1,MoleculeNet_HIV
hiv_8517,CC1=Nc2ccccc2SC2(C1)C(C1COC(C)(C)O1)OC1OC(C)(C)OC12,MoleculeNet_HIV
hiv_1794,c1ccc(C2COC(c3ccc4c(c3)OCO4)O2)cc1,MoleculeNet_HIV
hiv_6029,O=c1cc(-c2cccs2)ss1,MoleculeNet_HIV
hiv_37489,COC(=O)C1=C(C)NC2=C(C(=O)c3ccccc32)C1c1cn(-c2ccccc2)nc1-c1ccccc1,MoleculeNet_HIV
hiv_3350,O=C(O)CCCCC1CCSS1,MoleculeNet_HIV
hiv_10801,CCOC(=O)C(C)(NC(=O)c1ccc(NCc2ccc3nc(NC(=O)c4ccccc4)nc(NC(=O)c4ccccc4)c3c2)cc1)C(=O)OCC,MoleculeNet_HIV
hiv_20153,CCOC(=O)C1=C(C)N(C2OC(COC(=O)c3ccccc3)C(OC(=O)c3ccccc3)C2OC(=O)c2ccccc2)C(=S)NC1c1ccccc1,MoleculeNet_HIV
hiv_5857,COC1C=COC2(C)Oc3c(C)c(O)c4c(O)c(c(C=NN5CCN(Cc6cccc(C(F)(F)F)c6)CC5)c(O)c4c3C2=O)NC(=O)C(C)=CC=CC(C)C(O)C(C)C(O)C(C)C(OC(C)=O)C1C,MoleculeNet_HIV
hiv_4342,N#CC(=C(Cc1ccc(F)cc1)NP(=O)(c1ccccc1)c1ccccc1)c1ccc(F)cc1,MoleculeNet_HIV
hiv_24041,Nc1ccccc1C(=O)C(Br)C(Br)c1ccc2c(c1)OCO2,MoleculeNet_HIV
hiv_17863,CCOC(=O)Cn1c(=O)n(C)c(=O)c2[nH]cnc21,MoleculeNet_HIV
hiv_5198,O=C(O)c1sccc1-c1cccc2ccccc12,MoleculeNet_HIV
hiv_20731,Cc1ccc([N+](=O)[O-])c2c(NCCNC(=O)Cn3ccnc3[N+](=O)[O-])ccnc12.Cl,MoleculeNet_HIV
hiv_11912,O=c1c2cc3c(cc2c2cccc4ccn1c42)OCO3,MoleculeNet_HIV
hiv_30744,N=c1[nH][n+](CC(=O)c2ccccc2)c2sc(-c3ccccc3)nn12.[Br-],MoleculeNet_HIV
hiv_35613,CCSCC1OC2OC3C(CSCC)OC(OC4C(CSCC)OC(OC5C(CSCC)OC(OC6C(CSCC)OC(OC7C(CSCC)OC(OC8C(CSCC)OC(OC1C(OS(=O)(=O)O)C2OS(=O)(=O)O)C(OS(=O)(=O)O)C8OS(=O)(=O)O)C(OS(=O)(=O)O)C7OS(=O)(=O)O)C(OS(=O)(=O)O)C6OS(=O)(=O)O)C(OS(=O)(=O)O)C5OS(=O)(=O)O)C(OS(=O)(=O)O)C4OS(=O)(=O)O)C(OS(=O)(=O)O)C3OS(=O)(=O)O,MoleculeNet_HIV
hiv_9183,C=C(C)C(=O)NC(=N)NC#N,MoleculeNet_HIV
hiv_2874,CN(C)CCCCC1c2ccccc2Sc2ccccc21.O=C(O)C(=O)O,MoleculeNet_HIV
hiv_24096,O=C1c2ccccc2CCCCCCCCCCC12OCCCO2,MoleculeNet_HIV
hiv_991,O=S1OCC2(CO1)COS(=O)OC2,MoleculeNet_HIV
hiv_2208,Cc1c2ccccc2n[c-](CN2CCOCC2)[n+]1=O,MoleculeNet_HIV
hiv_17411,O=S1Nc2c(Cl)cc(Cl)c(Cl)c2S1,MoleculeNet_HIV
hiv_30717,Cc1ccc(-c2cc(-c3ccco3)c(C#N)c(S)n2)cc1,MoleculeNet_HIV
hiv_17815,CCOC(=O)C1=C(C)N(Cc2ccccc2)C(C)=C(C(=O)OCC)C1c1ccccc1O,MoleculeNet_HIV
hiv_28019,CCC#CC(O)(C(=O)OC1CC2CCC(C1)N2C)c1ccccc1,MoleculeNet_HIV
hiv_14930,CN1CNC2C(=O)CCC2c2ccccc21,MoleculeNet_HIV
hiv_26071,N#CC(=CN1C(=O)C(=Cc2ccc([N+](=O)[O-])cc2)SC1=S)C(N)=O,MoleculeNet_HIV
hiv_14851,CC(=O)OC1CCCCC1c1ccccc1,MoleculeNet_HIV
hiv_8241,Cn1cc(C2NC(=O)c3ccccc3N2)c2ccccc21,MoleculeNet_HIV
hiv_27234,O=[n+]1onc2[c-]1-c1nonc1CC2,MoleculeNet_HIV
hiv_25054,Cl.O=C1c2ccccc2Sc2ccccc2N1CCCCN1CCN(c2ccc(F)cc2)CC1,MoleculeNet_HIV
hiv_26022,CC(=NNC(=O)C(C#N)=Cc1ccc(N(CCC#N)CCC#N)cc1)c1ccccc1,MoleculeNet_HIV
hiv_25845,c1ccc(-c2sc(-c3cccs3)cc2Cc2cccs2)cc1,MoleculeNet_HIV
hiv_37308,COc1cccc2c(NNc3ccccc3)c3ccc([N+](=O)[O-])cc3nc12,MoleculeNet_HIV
hiv_41059,CC1(C)CC(=O)C2=C(C1)NC(SCC(=O)O)=C(C#N)C2c1ccc(Br)cc1,MoleculeNet_HIV
hiv_37457,N=c1[nH]n2cc3c(nc2c1N=Nc1ccc(Cl)cc1)-c1ccccc1CC3,MoleculeNet_HIV
hiv_30145,CC(C)CC(NC(=O)C(Cc1ccccc1)NC(=O)C(COCc1ccccc1)NC(=O)OC(C)(C)C)C(=O)OCc1ccccc1,MoleculeNet_HIV
hiv_21504,CN(C)CC(C(Cc1ccccc1)=NNC(=O)c1ccncc1)c1ccccc1,MoleculeNet_HIV
hiv_12653,O=C1OC(=O)C([Se]c2ccccc2)=C1[Se]c1ccccc1,MoleculeNet_HIV
hiv_34,Nc1nc(O)c2nn[nH]c2n1,MoleculeNet_HIV
hiv_36150,COc1ccc(C(OCC2OC(n3ccc(Oc4c(F)c(F)c(F)c(F)c4F)nc3=O)CC2OP(OCCC#N)N(C(C)C)C(C)C)(c2ccccc2)c2ccc(OC)cc2)cc1,MoleculeNet_HIV
hiv_26670,Cc1nc(SCC(=O)Nc2ccccc2)c2sc(=S)n(-c3ccccc3)c2n1,MoleculeNet_HIV
hiv_4859,CC1=CC(C)C(=O)N(CCN2CCOCC2)C(C)=C1,MoleculeNet_HIV
hiv_6753,Nc1ncnc2c1C=C(B(O)O)B(O)N2,MoleculeNet_HIV
hiv_39895,CC1=C(C)C(=O)C(C2=C(C3=CC(=O)C(C)=C(C)C3=O)C(=O)C(C)=C(C)C2=O)=CC1=O,MoleculeNet_HIV
hiv_29447,CC(NC(=O)C1CCC(=O)N1)C(=O)N1CCCC1C(N)=O,MoleculeNet_HIV
hiv_22875,O=C(C1C(c2ccccc2)N1C(c1ccccc1)c1ccccc1)C1C(c2ccccc2)N1C(c1ccccc1)c1ccccc1,MoleculeNet_HIV
hiv_31269,CC1C2CC(C(S(=O)(=O)N3CCOCC3)C2=NO)C1(C)C,MoleculeNet_HIV
hiv_2757,ClC1=NSC(Cl)=NS1,MoleculeNet_HIV
hiv_6494,COC1=NCN=C2SC=C(N)N=C12,MoleculeNet_HIV
hiv_2885,O=S(=O)(O)SCCNCC(O)C(O)CNCCSS(=O)(=O)O,MoleculeNet_HIV
hiv_33288,CN(CC(=O)Nc1ccccc1C(=O)O)c1ccccc1,MoleculeNet_HIV
hiv_10853,CN(C)CCSc1nnc(-c2cccs2)c2ccccc12,MoleculeNet_HIV
hiv_28434,Nc1ccc(C2SCC(=O)N2NS(=O)(=O)c2cccc(C(=O)O)c2)cc1,MoleculeNet_HIV
hiv_9685,COc1ccccc1C1(c2ccccc2OC)OC(=O)c2ccccc21,MoleculeNet_HIV
hiv_1684,CC(CSC(=N)N)C(N)=O,MoleculeNet_HIV
hiv_34359,Cc1ccc(N2C(N)=C(C#N)C(C#N)(C#N)C2c2ccccc2)cc1,MoleculeNet_HIV
hiv_35678,CCN(CC)c1c(-c2c(N(CC)CC)c(OC(C)=O)c3sccn3c2=O)c(=O)n2ccsc2c1OC(C)=O,MoleculeNet_HIV
hiv_19273,CC1(C)OC2CC3COC(=O)C3CC2O1,MoleculeNet_HIV
hiv_9562,C[N+]1=C(c2ccc[nH]2)CC(C(=O)O)CC1,MoleculeNet_HIV
hiv_15555,CCCCCCC(C=NO)C(C)(O)CCC,MoleculeNet_HIV
hiv_40647,CC1(C)COC(c2ccccc2-c2ccccc2)=N1,MoleculeNet_HIV
hiv_40883,CCCc1cc(O)nc2c3c(c4c(c12)OC(C)(C)C=C4)OC(C)C(C)C3O,MoleculeNet_HIV
hiv_38993,CC12c3c4ccc(C=O)c3Oc3ccc(C=O)c(c31)Oc1ccc(C=O)c(c12)O4,MoleculeNet_HIV
hiv_22856,CC(=O)OC1CC2C3(C)CC4OC(C)(O)CC(C)C4C3(C)CCC23CC32CCC(OC3OCC(O)C(O)C3O)C(C)(C)C12,MoleculeNet_HIV
hiv_8285,O=C1CN(CCCN2CCOCC2)CC(=O)N2Cc3ccccc3CN12,MoleculeNet_HIV
hiv_36744,COc1ccc(C2CC(c3c(O)ccc4ccccc34)=NN2)cc1OC,MoleculeNet_HIV
hiv_29974,CCOC(=O)CON=c1c2ccccc2ccc2ccccc12,MoleculeNet_HIV
hiv_23394,O=C(O)CN1CCSc2ccccc2CN(CC(=O)O)CCSc2ccccc2C1,MoleculeNet_HIV
hiv_8111,CC(=NNC(=S)N1CCN(c2ccccn2)CC1)c1cccc(C)n1,MoleculeNet_HIV
hiv_35165,Cc1ccc(S(=O)(=O)N2CCN3C(=O)c4ccccc4C32c2ccc(F)cc2)cc1,MoleculeNet_HIV
hiv_10955,Cc1noc(NS(=O)(=O)c2ccc(N=c3c4ccccc4n(-c4ccccc4)c4ccccc34)cc2)c1C,MoleculeNet_HIV
hiv_12536,Cc1cc(C)c(S(=O)(=O)O)c(C)c1.c1ccc2c(c1)C1NC2c2ccccc21,MoleculeNet_HIV
hiv_28052,C=C(C)C(O)(C(=O)OC1C2CCN(CC2)C1C)c1ccccc1,MoleculeNet_HIV
hiv_40287,CCOC(=O)N1CCC2(CC1)CC(C(C)=O)(c1ccccc1)C(C)O2,MoleculeNet_HIV
hiv_26497,Cc1cc(S(=O)(=O)Nc2cc(=N)[nH][nH]2)c(SCc2nc(N)nc(N(C)C)n2)cc1Cl,MoleculeNet_HIV
hiv_4285,c1ccc(N2CC3CSc4ccc5ccccc5c4C3=N2)cc1,MoleculeNet_HIV
hiv_2425,O=C(Nc1ccc(C(=O)Nc2ccc(C3=NCCCN3)cc2)cc1)Nc1ccc(C2=NCCCN2)cc1,MoleculeNet_HIV
hiv_7743,CC1COB(c2ccccc2)OCC(C)N1CNC(=O)C1=C(O)C(N(C)C)C2CC3C(=C(O)C2(O)C1=O)C(=O)C1C(O)=CC=CC1C3(C)O,MoleculeNet_HIV
hiv_27705,CC1C(C)(C)C23CC12C1(OCCO1)C3Br,MoleculeNet_HIV
hiv_31869,CC(C)=CCOc1cc(NC(=S)c2ccsc2C)ccc1Cl,MoleculeNet_HIV
hiv_32751,Cc1cc(=O)n2nc(CSc3nnc(Sc4cc(O)ccc4O)s3)sc2n1,MoleculeNet_HIV
hiv_28222,O=C(O)C(=O)O.O=C(OCCN1CCOCC1)C1CC(O)CN1C(=O)c1ccc2c(c1)OCO2,MoleculeNet_HIV
hiv_27098,COc1cccc2c1[OH+][Pd-2]1(O)[O+]=C(c3ccccc3O)[N-][N+]1=C2,MoleculeNet_HIV
hiv_23203,Cc1nc(O)c2sc(=S)n(-c3ccccc3)c2n1,MoleculeNet_HIV
hiv_37282,CCOC(=O)C1=CNC(=C(C)C(=O)OC)SC1C(=O)OCC,MoleculeNet_HIV
hiv_12469,OC12OC3(c4ccc(C(F)(F)F)cc4)C4C5CC(C6C5C3C61)C42,MoleculeNet_HIV
hiv_6593,OCC1OC(n2ccc3c2ncn2cnnc32)C(O)C1O,MoleculeNet_HIV
hiv_33355,CCOC(=O)Nn1c(CC#N)nnc1Cc1ccccc1,MoleculeNet_HIV
hiv_2584,CN(C)c1ccc(C(=C2C=CC(=[N+](C)C)C=C2)c2c(O)c(S(=O)(=O)O)cc3cc(S(=O)(=O)O)ccc23)cc1,MoleculeNet_HIV
hiv_35617,CC(CCCN1CCCCC1)C1CCC2C3CCC4CC(O)CCC4(C)C3CCC12C.Cl,MoleculeNet_HIV
hiv_23654,Cn1c(=O)n(C2(C)CSC2)c2ccccc21,MoleculeNet_HIV
hiv_25441,Cc1c2c(n3c(nc4ccccc43)c1C#N)SCC2,MoleculeNet_HIV
hiv_702,O=C(CSCC(=O)NN=Cc1ccccc1)NN=Cc1ccccc1,MoleculeNet_HIV
hiv_27749,Cl.O=C(CCCN1CCC2(CC1)NC(=O)c1ccccc1O2)c1ccc(F)cc1,MoleculeNet_HIV
hiv_7945,CC(=O)Nc1nnc(SSc2nnc(NC(C)=O)s2)s1,MoleculeNet_HIV
hiv_2467,CN=C(c1ccc(NC(=O)c2ccc(C(=O)Nc3ccc(C(=NC)N4CCOCC4)cc3)c(Cl)c2)cc1)N1CCOCC1,MoleculeNet_HIV
hiv_20894,O=S1(O)=NN=C(NCc2ccc(F)cc2)c2ccccc21,MoleculeNet_HIV
hiv_5711,Nc1nccc2c1ncn2C1OC(CO)C(O)C1O,MoleculeNet_HIV
hiv_1588,CCN(Cc1cccc(S(=O)(=O)O)c1)c1ccc(C(=C2C=CC(=[N+](CC)Cc3cccc(S(=O)(=O)O)c3)C=C2)c2ccccc2)cc1,MoleculeNet_HIV
hiv_4650,c1ccc(-c2nc3nc4ccccc4nc3nc2-c2cccnc2)nc1,MoleculeNet_HIV
hiv_15917,CC(CCn1[nH]c(=O)ccc1=O)=NNc1ccc([N+](=O)[O-])cc1[N+](=O)[O-],MoleculeNet_HIV
hiv_20715,O=C1CC2C(CCC23CCCC3)N1,MoleculeNet_HIV
hiv_35006,O=C1c2cc(Cl)ccc2N=C(NC2CCCC2)C2CSCN12,MoleculeNet_HIV
hiv_18175,CCOC(=O)C=CSCCC(=O)OC,MoleculeNet_HIV
hiv_813,c1ccc(N2CCN(c3ccccn3)CC2)nc1,MoleculeNet_HIV
hiv_38400,CCC(C)C(NC(=O)C(CCCCN)NC(=O)CNC(=O)C(NC(=O)C(NC(=O)C(NC(=O)C(Cc1ccccc1)NC(=O)C(C)NC(=O)C(CCCNC(=N)N)NC(=O)CNC(=O)C1CCCN1C(=O)CNC(=O)C(CCCNC(=N)N)NC(=O)C(CCC(N)=O)NC(=O)C(NC(=O)C(CCCNC(=N)N)NC(=O)C(NC(=O)C(COC1OC(CO)C(O)C(O)C1NC(C)=O)NC(=O)C(CCCCN)NC(=O)C(CCCNC(=N)N)NC(=O)C(NC(=O)C(CC(N)=O)NC(=O)C(N)CC(N)=O)C(C)O)C(C)CC)C(C)CC)C(C)C)C(C)OC1OC(CO)C(O)C(O)C1NC(C)=O)C(C)CC)C(=O)NCOC#N,MoleculeNet_HIV
hiv_33056,CCOP(=O)(O)C(Nc1ccc(N=Nc2ccccc2)cc1)c1ccc(C(Nc2ccc(N=Nc3ccccc3)cc2)P(=O)(O)OCC)cc1.[NaH],MoleculeNet_HIV
hiv_8966,COc1cc2c(c(OC)c1OC)-c1ccc(SC)c(=O)cc1C(NC(=O)c1ccccc1)CC2,MoleculeNet_HIV
hiv_2294,O=c1[nH]n(CCc2ccccn2)c(=O)c2ccccc12,MoleculeNet_HIV
hiv_10595,N#Cc1c(-c2ccc(Cl)c(Cl)c2)c(-c2ccc(Cl)c(Cl)c2)nn(CC(=O)O)c1=O,MoleculeNet_HIV
hiv_36822,O=c1cc[nH]c(=O)n1C1CCC(CO)O1,MoleculeNet_HIV
hiv_33778,O=[N+]([O-])c1cc([N+](=O)[O-])c(O)c([N+](=O)[O-])c1.OC1CCN2CCCC12,MoleculeNet_HIV
hiv_3568,CC1(c2ccc3ccccc3c2)OC(=O)c2cccc(F)c21,MoleculeNet_HIV
hiv_36886,N#CC(c1nc2ccccc2s1)c1nc2ccccc2nc1Cl,MoleculeNet_HIV
hiv_15016,NC(=O)NN=C(CCC(=O)N(Cc1ccccc1)Cc1ccccc1)CC(=O)c1ccc(F)cc1,MoleculeNet_HIV
hiv_20440,CC(=O)c1ccc(NC(=O)C(=O)C(C(=O)C=Cc2ccccc2)C2OC(=O)c3ccccc32)cc1,MoleculeNet_HIV
hiv_31602,CC(=O)Oc1ccc2c(c1)c1c(=O)oc(C)nc1n2Cc1ccccc1,MoleculeNet_HIV
hiv_1921,CC(NCCCCNC(C)C(=O)O)C(=O)O,MoleculeNet_HIV
hiv_7679,CCn1c2c(c3ccccc31)CCSC2(C)CCN(C)C,MoleculeNet_HIV
hiv_23886,CC(=O)Nc1ccc(-c2nnc(SCC(=O)Nc3ccc([N+](=O)[O-])cc3)o2)cc1,MoleculeNet_HIV
hiv_7335,O=C1OCCCCCCOC(=O)c2ccccc2SSc2ccccc21,MoleculeNet_HIV
hiv_26093,N=C1NN(c2ccccc2)C(=O)C1=CNC(=S)C(N)=S,MoleculeNet_HIV
hiv_38766,CC1(C)CC(=O)c2c(nc3c(ccc4ccccc43)c2-c2ccc(NC(=O)CCCCCCCCC(=O)Nc3ccc(-c4c5c(nc6c4ccc4ccccc46)CC(C)(C)CC5=O)cc3)cc2)C1,MoleculeNet_HIV
hiv_28843,CC1OC2(O)C3CCCN3C(=O)N(Cc3ccccc3)N2C1=O,MoleculeNet_HIV
hiv_31309,COc1ccc(C(=NO)c2ccccc2-c2nc3ccccc3c(=O)n2-c2ccc(S(=O)(=O)Nc3nccs3)cc2)cc1C,MoleculeNet_HIV
hiv_22846,O=C1CCCCC1=C1C(=O)Nc2cc(F)ccc21,MoleculeNet_HIV
hiv_6148,CCCCN1C(=O)N(c2ccc(OCC)cc2)C2N(CCCC)C1C(C)(C)C2(C)C,MoleculeNet_HIV
hiv_36403,O=C(C=Cc1ccc2c(c1)OCO2)NCc1ccco1,MoleculeNet_HIV
hiv_39750,COC(=O)c1ccc(CON=C(c2ccccc2)c2cccnc2)cc1,MoleculeNet_HIV
hiv_28243,COc1cccc(C2c3cc4c(cc3OC(N3CCCC3)C2C)OCO4)c1OC,MoleculeNet_HIV
hiv_22292,C=CCCCC12CCCc3cccc(c31)NC2=O,MoleculeNet_HIV
hiv_6636,CC12C(=O)N(C3CCC(=O)NC3=O)C(=O)C1C1CCC2C1,MoleculeNet_HIV
hiv_37593,N#Cc1nc(C2SCCCS2)oc1N,MoleculeNet_HIV
hiv_25573,CCOC(=O)C(=CN1CC(=O)NC1=S)C(=O)OCC,MoleculeNet_HIV
hiv_11823,CCOC(=O)C=C1C(CCCOCc2ccccc2)C2CCCC23CC2(CCN13)OCCO2,MoleculeNet_HIV
hiv_13267,CCOC(=O)C1=CC(C(=O)OCC)C2C=CC1N2C(=O)OC,MoleculeNet_HIV
hiv_1826,CN(C)C=C1C=CC=C1,MoleculeNet_HIV
hiv_18097,O=S(=O)(O)c1cc(N=Nc2ccc(S(=O)(=O)c3ccc(N=Nc4cc(S(=O)(=O)O)c5cccnc5c4O)cc3)cc2)c(O)c2ncccc12.[NaH],MoleculeNet_HIV
hiv_6996,CP1(=S)CC(Cl)=C2CCCCC21,MoleculeNet_HIV
hiv_5168,O=C1CN=C(c2ccccn2)c2cc(Cl)ccc2N1,MoleculeNet_HIV
hiv_36510,S=C(Nc1ccc2c(c1)oc1ccccc12)c1cccs1,MoleculeNet_HIV
hiv_24827,COc1ccc2c(c1)OCC1c3ccc(OCc4ccccc4)cc3OC21,MoleculeNet_HIV
hiv_25005,C[n+]1c(-c2ccc(C=NN=Cc3ccc(-c4cn5ccccc5[n+]4C)cc3)cc2)cn2ccccc21.[Br-],MoleculeNet_HIV
hiv_39365,COc1ccc(NC(=O)c2c(NC(=O)CN3CCOCC3)c(C#N)c3n2CCC3)cc1,MoleculeNet_HIV
hiv_3100,O=C1C(C2CCCCC2)CCCC1(CO)CO,MoleculeNet_HIV
hiv_23343,O=C1C2ON3c4ccccc4C(=O)C3(c3ccccc3)C2C(=O)N1c1ccccc1,MoleculeNet_HIV
hiv_884,Cc1ccc(S(=O)(=O)OCCOS(=O)(=O)c2ccc(C)cc2)cc1,MoleculeNet_HIV
hiv_14005,CCCCCCCCCCCCCc1nn[nH]n1,MoleculeNet_HIV
hiv_40030,c1c[nH]c(-c2ccc(-c3ccc[nH]3)c3nsnc23)c1,MoleculeNet_HIV
hiv_24355,COP12(OC)NC(=O)OC1(C(F)(F)F)c1ccccc1O2,MoleculeNet_HIV
hiv_34876,CC(=O)OC1C(OCc2cc(=O)oc3c4c(c5c(c23)OC(C)(C)CC5)OC(C)C(C)C4O)OC(CO)C(O)C1O,MoleculeNet_HIV
hiv_2676,CCCCCCCCCCCCCCCCC(C(=O)O)C(=O)O,MoleculeNet_HIV
hiv_30594,S=C1C(=Nc2ccccc2)N(c2ccccc2)C(=Nc2cccc[n+]2Cc2ccccc2)N1c1ccccc1.[Br-],MoleculeNet_HIV
hiv_36148,COC(=O)C1=C(C(=O)OC)SC2(S1)C(C(=O)OC)=C(C(=O)OC)Sc1c2ssc1=O,MoleculeNet_HIV
hiv_7574,N=c1ccn2c(n1)OC1C(OC(=O)C34CC5CC(CC(C5)C3)C4)C(COC(=O)C34CC5CC(CC(C5)C3)C4)OC12,MoleculeNet_HIV
hiv_11069,Cc1cc(Cl)ccc1NC(=O)CCCC(=O)C(C(=O)c1ccccc1)c1ccccc1,MoleculeNet_HIV
hiv_5477,CC1CC(C)(C)N=C(C(C)CC2CCCCC2)O1,MoleculeNet_HIV
hiv_32811,Oc1cc(NNc2ccc3ccccc3c2)nc(S)n1,MoleculeNet_HIV
hiv_36944,CCOC(=O)c1sc2nc(SC)nc3c2c1N=CN3c1ccccc1Cl,MoleculeNet_HIV
hiv_15711,O=C(C#Cc1ccccc1)N1c2ccccc2CC1c1c[nH]c2ccccc12,MoleculeNet_HIV
hiv_31078,O=C(NC1C(=O)NC(CCc2ccccc2)NC1=O)OCc1ccccc1,MoleculeNet_HIV
hiv_11076,CCCc1onc(CCC(=O)N(Cc2ccccc2)Cc2ccccc2)c1CC,MoleculeNet_HIV
davis_44150621,CC(O)C(=O)O.CN1CCN(c2ccc3c(c2)NC(=C2C(=O)N=c4cccc(F)c4=C2N)N3)CC1.O,DAVIS_spike_in
hiv_21968,CO.COc1cc2c(cc1OC)C(=O)C(C1=C(SC(=N)N)C(=O)c3cc(OC)c(OC)cc31)C2,MoleculeNet_HIV
hiv_35639,CCCCCCc1cc2cc(-c3csc(CC#N)n3)c(=O)oc2cc1O,MoleculeNet_HIV
hiv_2948,O=C(CCCl)N1CCN(C(=O)CCCl)c2c1c1ccccc1c1ccccc21,MoleculeNet_HIV
hiv_36619,COc1cccc(NC(=O)c2c(SC)c(C#N)c(=O)n(N)c2N)c1,MoleculeNet_HIV
hiv_32010,COc1ccc(C2=Nn3c(nc4sc(C)c(C)c4c3=O)SC2)cc1,MoleculeNet_HIV
hiv_30241,Cc1ccc(S(=O)CC(CF)OCn2cc(C)c(=O)[nH]c2=O)cc1,MoleculeNet_HIV
hiv_33615,CC(C)[Si](OC1=CCCC2NC(=O)C(Cc3ccc([N+](=O)[O-])cc3)C12C)(C(C)C)C(C)C,MoleculeNet_HIV
hiv_13745,O=C(C(=O)N1CC2C=CC1CC2)c1c[nH]c2ccccc12,MoleculeNet_HIV
hiv_15742,c1scc2c1COCCOCCOCCOCCOCCOC2,MoleculeNet_HIV
hiv_38080,CSC1=C(C(=O)Nc2ccccc2)C(=N)NC1=O,MoleculeNet_HIV
hiv_27597,FC(F)(F)C1(C(F)(F)F)C2CCC3(CC(F)(F)C(F)(F)S3)C1C2,MoleculeNet_HIV
davis_156414,C=CC(=O)Nc1cc2c(Nc3ccc(F)c(Cl)c3)ncnc2cc1OCCCN1CCOCC1,DAVIS_spike_in
hiv_18783,Cc1ccc(C=CC(=O)c2sc(-c3cccnc3)nc2C)cc1,MoleculeNet_HIV
hiv_5915,NN=C(C=C1C(=O)Nc2ccccc21)c1ccccc1,MoleculeNet_HIV
hiv_18398,O=C(OCc1ccccc1)N1N=NC2C3CC(OCc4ccccc4)(OCc4ccccc4)C(O3)C21,MoleculeNet_HIV
hiv_20984,C=CC1(C)CCC2(O)C(CCC3C(C)(COC(=O)CC(=O)OC)CCCC32C)C1,MoleculeNet_HIV
hiv_11224,CC(C)c1ccccc1NC(=O)C(=O)Cc1nc2ccccc2s1,MoleculeNet_HIV
hiv_31283,COc1ccc2c(c1)OCC1c3cc(NC(=O)c4ccccc4)c(OCc4ccccc4)cc3N(S(=O)(=O)c3ccccc3)C21,MoleculeNet_HIV
hiv_12044,CCOC(=O)c1c(C)c(C)n2c1NC(=O)C2,MoleculeNet_HIV
hiv_21418,CCOC(=O)c1c2ccc(C=CC(=O)OC)ccc-2c(C(=O)OCC)c1N,MoleculeNet_HIV
hiv_12802,OC1CC(O)OC(c2ccccc2)C1,MoleculeNet_HIV
hiv_28388,Cc1ccc(S(=O)(=O)NN=C2CCCCCCCCCCC2)cc1,MoleculeNet_HIV
hiv_33358,c1ccc(COCC23CCN(Cc4ccccc4)C(CC(OCc4ccccc4)C2)S3)cc1,MoleculeNet_HIV
hiv_39547,O=C(CCCCCCCCC(=O)NN1C(=O)C(=Cc2ccc(O)c(O)c2)SC1c1c(O)ccc2ccccc12)NN1C(=O)C(=Cc2ccc(O)c(O)c2)SC1c1c(O)ccc2ccccc12,MoleculeNet_HIV
hiv_3781,CC1(C)OC2OC(COC(=O)c3ccccc3)C(=O)C2O1,MoleculeNet_HIV
hiv_15639,[O+]#C[Ru+]123([O-])(C#[O+])C4=C1C1CC4C2=C13,MoleculeNet_HIV
hiv_39680,CCOC(=O)C1CCN2CN(c3ccc(OC)cc3)N=C(c3ccccc3)C12c1ccccc1,MoleculeNet_HIV
hiv_304,Nc1ccc2c(c1)N[Cu-3]1(Nc3cc(N)ccc3O1)O2,MoleculeNet_HIV
hiv_9498,CCOC(=O)c1sc(C(=O)OCC)c2c1-c1cccc3cccc-2c13,MoleculeNet_HIV
hiv_14647,COc1ccccc1C(=O)N(Cc1ccccc1)c1ccc(Cl)c(C(=O)OC(C)C)c1,MoleculeNet_HIV
hiv_35958,COC(=O)c1ccc(Nc2nc(O)c3nc[nH]c3n2)cc1,MoleculeNet_HIV
hiv_6197,O=C(CSc1cc(-c2ccc(Cl)cc2)s[s+]1)c1ccccc1,MoleculeNet_HIV
hiv_12968,O=C1[OH+][Pt-2]2(NC3CCCCC3N2)[OH+]P1(=O)[O-].[Na+],MoleculeNet_HIV
hiv_23334,COc1ccc2c3ccc4c(c3n(C)c2c1)C(=O)C=CC4=O,MoleculeNet_HIV
hiv_38178,CC1(C)OC(=O)N(c2ccccc2)C12C=Cc1cc([N+](=O)[O-])cc([N+](=O)[O-])c1O2,MoleculeNet_HIV
hiv_35919,Cc1ccc(Cc2nn(C)c(=O)n2N)cc1,MoleculeNet_HIV
hiv_13649,Cc1nc2c(nc1C)C(=O)C(Br)=CC2=O,MoleculeNet_HIV
hiv_31809,[N-]=[N+]=NCC1OCC(O)C(OCc2ccccc2)C1OCc1ccccc1,MoleculeNet_HIV
hiv_12000,CCOC(=O)C1=C2c3cccnc3-c3ccccc3N2C(C(=O)OCC)C1C(=O)OCC,MoleculeNet_HIV
hiv_12711,COc1ccc2c(C3(O)CCNCC3)c[nH]c2c1,MoleculeNet_HIV
hiv_6915,Sc1ccc(Nc2c3ccccc3nc3ccccc23)cc1,MoleculeNet_HIV
hiv_10465,O=C1COC(C(=O)c2ccccc2)C(=O)N1,MoleculeNet_HIV
hiv_21609,CC(=NNc1ccccc1)C(CN(C)C)C(c1ccccc1)c1c(O)c2ccccc2oc1=O.Cl,MoleculeNet_HIV
hiv_24147,CC12N=NNC1C(=O)NC2=O,MoleculeNet_HIV
hiv_13941,OCC1C2C=CC(O2)C1CO,MoleculeNet_HIV
hiv_39111,C=C1C(OO)OC2OC3(C)CCC4C(C)CCC1C24O3,MoleculeNet_HIV
hiv_39148,C1=Nc2ccc(cc2)N=Cc2ccc(cc2)OCc2cccc(n2)COc2ccc1cc2,MoleculeNet_HIV
hiv_3922,CC1(C)C(=C(C#N)C#N)C(C)(C)C1=C(C#N)C#N,MoleculeNet_HIV
hiv_24804,Cn1c(=S)[nH]c2c(Cl)cc(Cl)cc2c1=O,MoleculeNet_HIV
hiv_7387,COC(=N)CCSSCCC(=N)OC,MoleculeNet_HIV
hiv_34045,Cc1c(OCc2cccc3ccccc23)ccc2c(O)cc(=S)oc12,MoleculeNet_HIV
hiv_20260,Brc1cc(C2OCCCO2)ccc1OCc1ccccc1,MoleculeNet_HIV
hiv_8648,CCOC(=O)c1cc2sc(NC(=O)c3cccs3)nc2o1,MoleculeNet_HIV
hiv_12160,N#CC(C#N)=C(C(C#N)C#N)C(C#N)C#N.[NaH],MoleculeNet_HIV
hiv_31840,O=C1CCCc2ccc3c(c21)CC1(Cc2cc4c(cc2C1)CCCC4)C3,MoleculeNet_HIV
hiv_25381,CC(=O)OC1CC2C(=O)C(=O)C1(C)C2(C)C,MoleculeNet_HIV
hiv_26115,CCc1cccc(CC)c1NC(=S)NC=C(C#N)S(=O)(=O)c1ccc(C)cc1,MoleculeNet_HIV
hiv_24012,C#CC1(O)CCC2C3CCc4cc(Oc5nc(F)nc(-n6c(C)nc7cc8ccccc8cc76)n5)ccc4C3CCC21C,MoleculeNet_HIV
hiv_20468,COC(=O)C(C(=O)C(=O)Nc1n[nH]c(=S)[nH]1)c1csc(-n2nc(-c3ccccc3)cc2-c2ccccc2)n1,MoleculeNet_HIV
hiv_16048,C=C(C)CCNCCC=C[Si](C)(C)C,MoleculeNet_HIV
hiv_17844,CC1=[N+]2[N-]C(N)=[S+][Ga-3]234([S+]=C(N)[N-][N+]3=C(C)c2cccc[n+]24)[n+]2ccccc21.[Cl-],MoleculeNet_HIV
hiv_25909,O=C(NC1CCCCC1)C(=Cc1ccccc1)NC(=O)c1ccccc1,MoleculeNet_HIV
hiv_34391,CC1=NN(C(=O)CC(=O)Nc2ccccc2Cl)C(=O)C1N=Nc1ccc(C(=O)O)cc1,MoleculeNet_HIV
hiv_21622,Cl.O=C(NN=C(CCN1CCCC1)CC(c1ccccc1)c1c(O)c2ccccc2oc1=O)c1ccncc1,MoleculeNet_HIV
hiv_19976,COc1ccc2c(c1)C1(C=N2)CCN(C(C)=O)CC1,MoleculeNet_HIV
hiv_17056,CCCCCC1C2C(=O)NC(=O)C1C(=O)NC2=O,MoleculeNet_HIV
hiv_17212,CC1(C)OC(=O)C(=Cc2cccc(F)c2)C(=O)O1,MoleculeNet_HIV
hiv_16207,C=CCNC1=C(C(=O)OCC)C(=O)CO1,MoleculeNet_HIV
hiv_4082,O=C(Nc1cccc2nsnc12)c1ccc(C(=O)Nc2cccc3nsnc23)cc1,MoleculeNet_HIV
hiv_38332,O=C(O)c1c(-c2ccccc2)nn2c1ccc1ccccc12,MoleculeNet_HIV
hiv_32080,CCN(CC)C(=S)SC1C(=O)NC(=O)NC1=O,MoleculeNet_HIV
hiv_25690,Cl.O=C(N1CCN(CCO)CC1)N1c2ccccc2Sc2ccccc21,MoleculeNet_HIV
hiv_10855,CN1CCN(CCSc2nnc(-c3ccc4ccccc4c3)c3ccccc23)CC1,MoleculeNet_HIV
hiv_1317,CN(C)CC1CCCC(CN2CCCCC2)C1=O,MoleculeNet_HIV
hiv_39723,N#CC(C#N)=C1C(=O)NC(N)=C1C#N,MoleculeNet_HIV
hiv_32853,CC1(C)CCCCCCC2CC2CCCCCC(C)(C)C1=O,MoleculeNet_HIV
hiv_4943,NCC1OC(OC2C(N)CC(N)C(O)C2OC2OC(CO)C(O)C2O)C(N)C(O)C1O,MoleculeNet_HIV
hiv_2733,Cc1cc(C(=O)c2ccccc2)c2oc(-c3ccccc3)c(Cl)c(=O)c2c1,MoleculeNet_HIV
hiv_10261,CC1(C)CCC(C)(C)c2cc(NC(=O)c3ccc(C(=O)O)cc3)ccc21,MoleculeNet_HIV
hiv_25897,COc1ccc(C=C2C(=O)N=C(NC(C)=O)N2C)cc1OC,MoleculeNet_HIV
hiv_20258,O=C1CC2CCCC(=O)C23CCCC13,MoleculeNet_HIV
hiv_22251,CCCCCCn1c(SCC)c2ccccc2c1-c1nc(F)nc(F)n1,MoleculeNet_HIV
hiv_2494,CCCCOP(=O)(OCCCC)OP(=O)(OCCCC)OCCCC,MoleculeNet_HIV
hiv_5665,CCC1=C2C(=O)c3ccccc3C2=C(C)S(=O)(=O)O1,MoleculeNet_HIV
hiv_37361,O=C(c1cccs1)N(C(=O)N1CCCCC1)c1ccccc1,MoleculeNet_HIV
hiv_8993,Cc1nnc2c([N+](=O)[O-])c(N)c(Cl)nn12,MoleculeNet_HIV
hiv_35238,CC1SC(c2c(F)cccc2Cl)n2c1nc1ccccc12,MoleculeNet_HIV
hiv_33743,[O-][Cl+3]([O-])([O-])O.c1ccc(C2=NN2c2ccccc2)cc1,MoleculeNet_HIV
hiv_13637,O=C1C=C(N2CCOCC2)c2cnccc2C1=O,MoleculeNet_HIV
hiv_4450,COC(=O)N1C2C3CC4C2C4C3N1C(=O)OC,MoleculeNet_HIV
hiv_31519,Cc1cc(C(F)(F)F)cc(-n2[nH]c(NS(=O)(=O)c3cc(C)c(Cl)cc3S)nc2=N)n1,MoleculeNet_HIV
hiv_10276,O=c1c2cncnc2sc2nc3ccccc3n12,MoleculeNet_HIV
hiv_24377,COc1ccc(NC(=O)C(C)Oc2ccc(OCC3CCCCC3)cc2)cc1,MoleculeNet_HIV
hiv_39101,O=c1[nH]c(=O)n(Cc2ccccc2)cc1B(O)O,MoleculeNet_HIV
hiv_7920,CC1=CC2OC3C(O)C(O)C(C)(C34CO4)C2(C(=O)O)CC1,MoleculeNet_HIV
hiv_36404,COc1cc2c(cc1OC)CCc1cc(OC)c(OC)cc1CC2,MoleculeNet_HIV
hiv_28586,CC1(C)CS(=O)(=O)CC(C)(C)C(=NN)C1=NN,MoleculeNet_HIV
hiv_21081,O=C(Nc1cc([N+](=O)[O-])cc([N+](=O)[O-])c1)OC1C2CCC1C1OC1C2,MoleculeNet_HIV
hiv_37996,COc1ccc2c(c1)-c1nc(=O)n(CCCN(C)C)c3ccc([N+](=O)[O-])c(c13)N2.Cl,MoleculeNet_HIV
hiv_34760,CC1=C2C3=C(C)C(=O)C(C)(C)CCC3(C)C2(C)CCC(C)(C)C1=O,MoleculeNet_HIV
hiv_5683,O=C(O)C1OC(Oc2ccc3oc4ccccc4c(=O)c3c2)C(O)C(O)C1O,MoleculeNet_HIV
hiv_7889,CC1CC2C3CCC4=CC(=O)C=CC4(C)C3(F)C(O)CC2(C)C1(O)C(=O)CO.Cc1cc(NS(=O)(=O)c2ccc(N=Nc3cc(N=Nc4ccc(S(=O)(=O)Nc5cc(C)nc(C)n5)cc4)c4c(NC(=O)C(Cl)Cl)cccc4c3OC(=O)C(Cl)Cl)cc2)nc(C)n1,MoleculeNet_HIV
hiv_9167,O=c1cc(N2CCOCC2)n2ccccc2n1,MoleculeNet_HIV
hiv_7324,CC1OC(CC(=O)O)Cc2c(O)c3c(c(O)c21)C(=O)C=C(C1=CC(=O)c2c(O)c4c(c(O)c2C1=O)CC(CC(=O)O)OC4C)C3=O,MoleculeNet_HIV
hiv_34183,O=C(Cn1nc(Br)c(Br)c1Br)c1ccccc1,MoleculeNet_HIV
hiv_39788,CCOC(=O)c1sc2nc(SC)nc(N3CCCCC3)c2c1N,MoleculeNet_HIV
hiv_31185,O=c1oc2cc(=Cc3ccccn3)c(=O)c3cccc1c3-2,MoleculeNet_HIV
hiv_21052,C=CC1(C)CCC2=C(CCC3C(C)(C(=O)OC)CCCC23C)C1=O,MoleculeNet_HIV
hiv_831,CCN(CC)CCOc1ccc(C(O)(Cc2ccc(OC)cc2)c2ccccc2)cc1,MoleculeNet_HIV
hiv_3272,CCC(F)(C(N)=O)C(=O)O,MoleculeNet_HIV
hiv_7306,c1ccc2c(c1)cnc1c3ccccc3nn21,MoleculeNet_HIV
hiv_9798,CCCCCCCCCCCC(O)S(=O)(=O)O,MoleculeNet_HIV
hiv_2264,CCN(CC)CCOc1ccc(C(C#N)=Cc2cccc3ccccc23)cc1,MoleculeNet_HIV
hiv_18521,Brc1ccccc2cc(-c3ccccc3)nc1-2,MoleculeNet_HIV
hiv_23612,O=C(OCC1OC(OC(=O)c2cc(O)c(O)c(O)c2)C(OC(=O)c2cc(O)c(O)c(O)c2)C(OC(=O)c2cc(O)c(O)c(O)c2)C1OC(=O)c1cc(O)c(O)c(O)c1)c1cc(O)c(O)c(O)c1,MoleculeNet_HIV
hiv_35319,O=C1CCC(=O)N1n1c(Cc2ccccc2)n[nH]c1=O,MoleculeNet_HIV
hiv_3719,CCOC(=O)C=CCP(=O)(OCC)OCC,MoleculeNet_HIV
hiv_31287,COc1ccc2c(c1)OCC1c3cc(NS(=O)(=O)c4ccccc4)cc(OCc4ccccc4)c3OC21,MoleculeNet_HIV
hiv_6656,COC1C=COC2(C)Oc3c(C)c(O)c4c(O)c(c(C5SCCS5)c(O)c4c3C2=O)NC(=O)C(C)=CC=CC(C)C(O)C(C)C(O)C(C)C(O)C1C,MoleculeNet_HIV
hiv_13514,COc1cc2c(-c3onc4ccc(OCc5ccccc5)cc34)nccc2c(OC)c1OC,MoleculeNet_HIV
hiv_16764,CC(=NNC(=O)c1ccccc1O)C1=C(C)NC(C)=C(C(C)=NNC(=O)c2ccccc2O)C1C,MoleculeNet_HIV
hiv_23738,COc1ccc(C2SC(=Cc3ccc(OC)cc3OC)C(=O)N2NC(=O)Cc2ccccc2)cc1,MoleculeNet_HIV
hiv_32829,Cn1c(NNc2ccccc2)cc(=O)[nH]c1=O,MoleculeNet_HIV
hiv_53,CCOC(=S)SCCSC,MoleculeNet_HIV
hiv_37741,c1ccc(C2ON2CCCN2OC2c2ccccc2)cc1,MoleculeNet_HIV
hiv_16268,c1ccc(C2NC(c3ccccc3)N3C(c4ccccc4)N23)cc1,MoleculeNet_HIV
hiv_36955,CC(Cc1ccccc1)Nc1ncnc2c1ncn2C1OC(CO)CC1O,MoleculeNet_HIV
hiv_2007,CCC(C)c1c(N)o[nH]c1=O,MoleculeNet_HIV
hiv_8147,CCNC(=O)OCc1cnc(C)c(O)c1COC(=O)NCC,MoleculeNet_HIV
hiv_10081,CS1(C)=NC(=O)c2cc([N+](=O)[O-])ccc2N=1,MoleculeNet_HIV
hiv_4724,O=C1NN=C2CCCCCCC12,MoleculeNet_HIV
hiv_39166,c1cc(CSP234N5CCN2CCN3CCN4CC5)ccc1CSP123N4CCN1CCN2CCN3CC4,MoleculeNet_HIV
hiv_39314,COC(=O)CN1SC2(SC13C(C)(C)C(=O)C3(C)C)C(C)(C)C(=O)C2(C)C,MoleculeNet_HIV
hiv_116,CCN(CC)CC.O=C(Nc1ccc(Cl)cc1)P(=O)(O)c1ccccc1,MoleculeNet_HIV
hiv_13373,CC(=O)OC1CCC2(C)C(=CCC3C4Cc5cc6ccccc6nc5NC4(C)CCC32)C1,MoleculeNet_HIV
hiv_11935,BrC(Br)([P+](c1ccccc1)(c1ccccc1)c1ccccc1)[P+](c1ccccc1)(c1ccccc1)c1ccccc1.[Br-],MoleculeNet_HIV
hiv_9536,CNC(=O)OCc1c(COC(=O)NC)c2n(c1C)CS(=O)(=O)C2,MoleculeNet_HIV
hiv_14792,C=C(C(=C)P(=S)(c1ccccc1)c1ccccc1)P(=S)(c1ccccc1)c1ccccc1,MoleculeNet_HIV
hiv_29585,CN(NC(=O)c1cccs1)C1=NCCCCN1.I,MoleculeNet_HIV
hiv_30704,Cn1c(CCC2(C)Cc3ccccc3C(=O)O2)cc2ccccc2c1=O,MoleculeNet_HIV
davis_9884685,Oc1cccc(-c2nc(N3CCOCC3)c3oc4ncccc4c3n2)c1,DAVIS_spike_in
hiv_37382,CCOC(=O)c1c(NC(=O)c2cccs2)sc2c1CCC2,MoleculeNet_HIV
hiv_2531,NCCSSCCCCSSCCN,MoleculeNet_HIV
hiv_12921,O=C(O)C(NS(=O)(=O)c1ccc([N+](=O)[O-])cc1)c1ccccc1,MoleculeNet_HIV
hiv_24157,N#CC(c1nc2ccccc2[nH]1)=c1sc(=Cc2ccc(Cl)cc2)c(=O)n1-c1ccccc1,MoleculeNet_HIV
hiv_7063,Cn1c(=O)c2nc(-c3ccccc3)nnc2n(C)c1=O,MoleculeNet_HIV
hiv_4220,CC1=NN(c2ccccc2)C(=O)C1N=Nc1ccc(S(=O)(=O)Nc2ncccn2)cc1,MoleculeNet_HIV
hiv_39769,CCOC(=O)c1sc2nc(SC)nc3c2c1NCN3C,MoleculeNet_HIV
hiv_3418,CC1(C)OCC(C2OC3OC(C)(C)OC3C2OC(=S)SSC(=S)OC2C(C3COC(C)(C)O3)OC3OC(C)(C)OC32)O1,MoleculeNet_HIV
hiv_10427,CC1(C)OC(=O)C=CC2(C)C1CC(=O)C1(C)C2CCC2(C)C(c3ccoc3)OC(=O)C3OC321,MoleculeNet_HIV
hiv_39308,c1cc2cc(c1)CN1CCNCCN(CCNCC1)Cc1cccc(c1)CN1CCNCCN(CCNCC1)C2,MoleculeNet_HIV
hiv_17163,O=C1C2C=CC(C2)C(c2ccc(O)cc2)N1O,MoleculeNet_HIV
hiv_40642,OC1(c2ccc(-c3ccccc3)cc2)c2ccccc2C2=NCCN21,MoleculeNet_HIV
hiv_9349,C[n+]1c(-c2ccc(C=NNC(=O)c3ccc(C(=O)NN=Cc4ccc(-c5cn6ccccc6[n+]5C)cc4)cc3)cc2)cn2ccccc21.Cc1ccc(S(=O)(=O)O)cc1,MoleculeNet_HIV
hiv_2982,Cc1cc(N=Nc2ccccc2)ccc1NCS(=O)(=O)O,MoleculeNet_HIV
hiv_19242,N#Cc1ccccc1NC(=O)C(=NN)C(C(=O)c1ccncc1)C1OC(=O)c2ccccc21,MoleculeNet_HIV
hiv_24759,CC1=NC(=Cc2cc(Br)cc(Br)c2)C(=O)N1n1c(-c2ccccc2)nc2ccccc2c1=O,MoleculeNet_HIV
hiv_14488,NC(=O)[OH+][Co-4](N)(N)(N)(N)N.[IH2+],MoleculeNet_HIV
hiv_6527,COc1ccc2nc3cc(Cl)ccc3c(NCCC[N+](C)(C)CCCCCCCCCCCCCCCC[N+](C)(C)CCCNc3c4ccc(Cl)cc4nc4ccc(OC)cc34)c2c1,MoleculeNet_HIV
hiv_6361,N#Cc1cccc(N(C(=O)c2ccccc2)c2ccccc2)n1,MoleculeNet_HIV
hiv_31522,Cc1cc(S(=O)(=O)NC(=NN)NCCc2ccccc2)c(S)cc1Cl,MoleculeNet_HIV
hiv_14065,COC(=O)C1CC2c3c(c4ccccc4n3C)CC(C1=O)N2C,MoleculeNet_HIV
hiv_25443,Cc1c2c(n3c(nc4ccccc43)c1C#N)NCC2,MoleculeNet_HIV
hiv_24186,CON(C)C(=O)C(C)NC(=O)OC(C)(C)C,MoleculeNet_HIV
hiv_36848,CNc1ccccc1S(=O)(=O)c1ccccc1C(F)(F)F,MoleculeNet_HIV
hiv_9163,N#Cc1n[nH]c2[nH]c(=S)sc(=N)c12,MoleculeNet_HIV
hiv_34777,COc1cc2ccc1OCc1cccc(n1)COc1ccc(cc1OC)C=NCCNCCNCCN=C2,MoleculeNet_HIV
hiv_5557,Oc1ccc2ccccc2c1C1=NN2C(=S)NNC2=NN1,MoleculeNet_HIV
hiv_27768,Cl.O=C(CCCN1CCC2(CC1)C(=O)NC(=O)N2c1ccccc1)c1ccc(F)cc1,MoleculeNet_HIV
hiv_9750,C[N+](C)(Cc1ccco1)c1ccccc1,MoleculeNet_HIV
hiv_39828,Cc1ccc(S(=O)(=O)N2CCc3cc(O)c([N+](=O)[O-])cc32)cc1,MoleculeNet_HIV
hiv_12898,NC1CCCCC1.O=P(O)(O)C(CSc1ccccc1)P(=O)(O)O,MoleculeNet_HIV
hiv_2546,O=C(CNC(=O)c1cnc2ccccc2n1)NCCCNC(=O)CNC(=O)c1cnc2ccccc2n1,MoleculeNet_HIV
hiv_14875,Cc1ccc2nc(NC(=O)C(=O)C(C#N)c3nc4ccccc4s3)sc2c1,MoleculeNet_HIV
hiv_21135,Nc1c([N+](=O)[O-])nc(Cl)c2nncn12,MoleculeNet_HIV
hiv_24693,COc1ccc(C(=CCC(C)C2CCC3C4C(OC(C)=O)CC5CC(OC(C)=O)CCC5(C)C4CC(OC(C)=O)C23C)c2ccc(OC)cc2)cc1,MoleculeNet_HIV
hiv_6231,Cc1cccnc1NC(=S)Nc1ccccc1Cl,MoleculeNet_HIV
hiv_1219,CC1=C(CO)C2=[N+]3C1=Cc1c(CO)c(C)c4n1[Fe-3]31(Cl)n3c(c(C)c(CCC(=O)O)c3=CC3=[N+]1C(=C4)C(C)=C3CCC(=O)O)=C2,MoleculeNet_HIV
hiv_27186,CC(=O)O.ON=C1CCCCC1NO,MoleculeNet_HIV
hiv_2536,ClC(Cl)=CC(Cl)(Cl)C(Cl)(Cl)C(Cl)(Cl)Cl,MoleculeNet_HIV
hiv_31539,CSC1(C(=O)O)C2CCC3C2CCC31,MoleculeNet_HIV
hiv_7285,Cc1nnc(SCC2=C(C(=O)O)N3C(=O)C(NC(=O)Cn4cnnn4)C3SC2)s1,MoleculeNet_HIV
hiv_39010,C=CC(OCOCC[Si](C)(C)C)C(CC)OC(CCCOC(=O)C(C)(C)C)OC,MoleculeNet_HIV
hiv_8059,COc1ccccc1C1=NC(C)(C)CO1,MoleculeNet_HIV
hiv_12234,CCCCCCCCCCC(=O)CCCCCCC(=O)O,MoleculeNet_HIV
hiv_28917,c1ccc(-c2sc(-c3ccccc3)c3c2C2CCC3C2)cc1,MoleculeNet_HIV
hiv_15054,O=C(NCCCCCCNC(=O)c1cnc2ccccc2n1)c1cnc2ccccc2n1,MoleculeNet_HIV
hiv_13701,CCOC(=O)N1N=NC2C1C1CC(C#N)(OC(C)=O)C2O1,MoleculeNet_HIV
hiv_21541,COc1ccc2c(c1)C(=O)C1CC(=O)CCC21,MoleculeNet_HIV
hiv_20969,COC(=O)C1(C)CCCC2(C)C3CC4OOC3(C=C4C(C)(C)O)CCC12,MoleculeNet_HIV
hiv_27674,CC(C)(C)NC(NC(C)(C)C)=C(C=C(Cl)[N+](=O)[O-])[N+](=O)[O-],MoleculeNet_HIV
hiv_3242,C(=Cc1ccnc2ccccc12)c1cccnc1,MoleculeNet_HIV
hiv_36111,Cc1oc2nc(N(C)C)n3nnnc3c2c1C,MoleculeNet_HIV
hiv_36282,CC(CO[Si](C)(C)C(C)(C)C)c1c(O[Si](C(C)C)(C(C)C)C(C)C)cc2c3c(ccc2c1O)C(C)(C)CCC3,MoleculeNet_HIV
hiv_10709,COc1ccc(C(OCC2OC(N3CN4C(=NC3=O)N(C(=O)C(C)C)C(OC(=O)C(C)C)C4OC(=O)C(C)C)CC2OP(OC)N(C(C)C)C(C)C)(c2ccccc2)c2ccc(OC)cc2)cc1,MoleculeNet_HIV
hiv_13039,Cc1nc(C(N)=O)c(N)n1CCN1CCN(C(=O)CCCCCCCCCCNC2N=CNc3[nH]cnc32)CC1,MoleculeNet_HIV
hiv_3899,OC1=Nc2ccc3c4c(ccc1c24)C(O)=N3,MoleculeNet_HIV
hiv_22619,O=C(O)c1ccccc1-n1nc(C(=O)O)c(N=Nc2ccc(C=Cc3ccc(N=Nc4c(C(=O)O)nn(-c5ccccc5C(=O)O)c4O)cc3S(=O)(=O)O)c(S(=O)(=O)O)c2)c1O.[Na+],MoleculeNet_HIV
hiv_22607,COc1ccc(N2C(=O)C3c4[nH]c5ccccc5c4C4CCCCCCC4C3C2=O)cc1,MoleculeNet_HIV
hiv_14514,CC(C)CC(=O)[OH+][Co-4](N)(N)(N)(N)[OH+]C(=O)CC(C)C.[O-][Cl+3]([O-])([O-])O,MoleculeNet_HIV
hiv_21396,COc1cc(C(C)O)c[n+](CCC2CNc3ccccc32)c1.[Br-],MoleculeNet_HIV
hiv_26163,CC1=NN(c2ccccc2)C(=O)C1=CN1CC(=O)NC1=S,MoleculeNet_HIV
hiv_33775,O=c1ccn(C2CC2CO)c(=O)[nH]1,MoleculeNet_HIV
hiv_38661,O=P1(N2CCOCC2)OCCO1,MoleculeNet_HIV
hiv_4235,O=C1C(O)=C(Nc2ccc(Cl)cc2)C(=O)c2ccccc21,MoleculeNet_HIV
hiv_14664,CSC1=N[N+]2=CC(c3ccccc3)=[N+]3N=C(NC(C)C(=O)O)[SH+][Ni-2]23[SH+]1,MoleculeNet_HIV
hiv_9296,CC(=O)O.CCNC(=O)C1CCCN1C(=O)C(CCCNC(=N)N)NC(=O)C(CC(C)C)NC(=O)C(Cc1c[nH]c2ccccc12)NC(=O)C(Cc1ccc(O)cc1)NC(=O)C(CO)NC(=O)C(Cc1c[nH]c2ccccc12)NC(=O)C(Cc1c[nH]cn1)NC(=O)C1CCC(=O)N1,MoleculeNet_HIV
hiv_6974,CCCOC(=O)C(F)C(Br)C(=O)OCCC,MoleculeNet_HIV
hiv_26156,Cc1ccc(S(=O)(=O)C(C#N)=CNS(=S)c2ccncc2)cc1,MoleculeNet_HIV
hiv_17407,O=C(C=Cc1c(O)ccc2ccccc12)c1ccc2ccccc2c1,MoleculeNet_HIV
hiv_631,O=C(O)C=CCCCCC(=O)O,MoleculeNet_HIV
hiv_2376,Cc1ccccc1S(=O)(=O)OC1NS(=O)(=O)c2ccccc21,MoleculeNet_HIV
hiv_9682,NC(CCC(=O)NC(CS)C(=O)NCC(=O)O)C(=O)O,MoleculeNet_HIV
hiv_28442,O=C1C(=Nc2ccc(Nc3ccccc3)cc2)Oc2ccccc21,MoleculeNet_HIV
hiv_26801,Brc1ccc(OCc2ccccc2)c2ccccc12,MoleculeNet_HIV
hiv_24049,COC(=O)c1cc2ccc(O)c(O)c2cn1.Cl,MoleculeNet_HIV
hiv_31959,CC(=O)OCC12C(OC(C)=O)CC(C)C3(CC(c4ccoc4)OC3=O)C1CCC(OC(C)=O)C21CO1,MoleculeNet_HIV
hiv_24668,Cn1c2ccccc2c2ccc3c(c21)C(=O)c1ccc2c4ccccc4n(C)c2c1C3=O,MoleculeNet_HIV
hiv_8801,O=[N+]([O-])c1ccc(NN=C2CCCCC(=NNc3ccc([N+](=O)[O-])cc3[N+](=O)[O-])CS(=O)(=O)C2)c([N+](=O)[O-])c1,MoleculeNet_HIV
hiv_7303,CC1(C)CCCC2(C)C1CCC1(C)OC3=CC(=O)C(O)=CC3=CC12,MoleculeNet_HIV
hiv_13462,CC12SC(C)(c3c[se]cc31)C1C(=O)N(c3ccccc3)C(=O)C12,MoleculeNet_HIV
hiv_28789,CCCCCCCCCCN(CCCCCCCCCC)C(=O)COc1c2cc(C(C)(C)C)cc1Cc1cc(C(C)(C)C)cc(c1OCC(=O)N(CCCCCCCCCC)CCCCCCCCCC)Cc1cc(C(C)(C)C)cc(c1OCC(=O)N(CCCCCCCCCC)CCCCCCCCCC)Cc1cc(C(C)(C)C)cc(c1OCC(=O)N(CCCCCCCCCC)CCCCCCCCCC)C2,MoleculeNet_HIV
hiv_22744,CCCCc1c2c(nc3c1CCC(=Cc1ccccc1)C3=O)CCCC2,MoleculeNet_HIV
hiv_27287,N#Cc1ccc(CSC2=C(c3ccc(Cl)cc3)SC(=C3SC(SCc4ccc(C#N)cc4)=C(c4ccc(Cl)cc4)S3)S2)cc1,MoleculeNet_HIV
hiv_22073,COc1cccc(OC)c1NC(=O)C(=O)Nn1c(NNC(=O)c2ccncc2)nc2ccccc2c1=O,MoleculeNet_HIV
hiv_1065,c1ccc2c(c1)nnn2CN1CCOCC1,MoleculeNet_HIV
hiv_38198,c1cncc(C2(c3cc4ccccc4[nH]3)COCO2)c1,MoleculeNet_HIV
hiv_8343,O=C(CN1C(=O)c2cccc3c(Br)ccc(c23)C1=O)c1ccc(Cl)cc1,MoleculeNet_HIV
hiv_20905,C=CCn1cc(C(=O)NC(=O)NCCCCCOC(=O)CCCCCCCCCCC(=O)OCCCCCNC(=O)NC(=O)c2cn(CC=C)c(=O)n(C)c2=O)c(=O)n(C)c1=O,MoleculeNet_HIV
hiv_3313,CS(=O)(=O)OC1C(COC(=O)c2ccccc2)OC2C1Oc1nc(=O)ccn12,MoleculeNet_HIV
hiv_15241,CCCSSC1NC(=O)C1NC(=O)COc1ccccc1,MoleculeNet_HIV
hiv_4375,CCOC(=O)C1CSSCC(N)C(=O)N1,MoleculeNet_HIV
hiv_35226,COC(=O)c1c2n(c3ccccc13)CC1OC(C)(C)OC21,MoleculeNet_HIV
hiv_36294,Cl.O=C(NCCc1ccccn1)c1ccc2cc(C(=O)N3CC(CCl)c4ccc([N+](=O)[O-])cc43)[nH]c2c1,MoleculeNet_HIV
hiv_7096,COc1cc2c(cc1OC)C(C1c3cc(OC)c(OC)cc3-c3c(OC)c(OC)cc4c3C1N(C)CC4)C1c3c(cc(OC)c(OC)c3-2)CCN1C,MoleculeNet_HIV
hiv_17657,CCOC(=O)C1=C(Nc2ccc(Cl)c(Cl)c2)OCC1=NNS(=O)(=O)c1ccc(C)cc1,MoleculeNet_HIV
hiv_4216,CC1=NN(c2ccccc2)C(=O)C1N=Nc1ccc(S(=O)(=O)Nc2nnc(C)s2)cc1,MoleculeNet_HIV
hiv_4972,O=S1(=O)CC(c2ccccc2)(c2ccccc2)Nc2ccccc21,MoleculeNet_HIV
hiv_25899,CC(=O)NC1=NC(=O)C(=Cc2ccc3c(c2)OCO3)N1C,MoleculeNet_HIV
hiv_27562,NC(=O)c1ncn(C2CCC(CP(=O)(O)O)C2)c1N,MoleculeNet_HIV
hiv_27293,O=C(Nc1ccc(Cl)cc1Cl)c1cc2nc3ccccc3c(=O)n2c2ccccc12,MoleculeNet_HIV
hiv_40690,N#CC(C(=O)Nc1ccc(Cl)cc1)=C(N)N1CCOCC1,MoleculeNet_HIV
hiv_27391,COc1ccc2c3c1OC1C4(OC)CCC5(CC4C(C)(C)O)C(C2)N(C)CCC315,MoleculeNet_HIV
hiv_8904,O=c1oc2ccccc2c2c1SC(c1ccncc1)C2,MoleculeNet_HIV
hiv_26738,c1ccc(C2C3=C(c4ccccc4CC3)N3c4cc5c(cc4=NC34CCCCC24)Nc2ccccc2N=5)cc1,MoleculeNet_HIV
hiv_23791,CC(C)CCCC(C)C1CCC2C3CCC4CC(CC=C(c5cc(Cl)c(O)c(C(=O)O)c5)c5cc(Cl)c(O)c(C(=O)O)c5)CCC4(C)C3CCC12C.N,MoleculeNet_HIV
hiv_2496,Nc1ccc2c(c1)C(=P(c1ccccc1)(c1ccccc1)c1ccccc1)c1ccccc1-2,MoleculeNet_HIV
hiv_10393,O=[N+]([O-])c1ccc(-c2cn(-c3ccc(Cl)cc3)cn2)cc1,MoleculeNet_HIV
hiv_6195,O=c1c2[nH]c3cccc(Cl)c3c2cnn1-c1ccc(F)cc1,MoleculeNet_HIV
hiv_11192,O=C(CCC(=O)Nc1cccc(Cl)c1)CC(=O)c1ccc(F)cc1,MoleculeNet_HIV
hiv_7193,COc1cc(Cc2nnc(Nc3ccccc3)nc2O)cc(OC)c1OC,MoleculeNet_HIV
hiv_39438,Cc1cc(S(=O)(=O)NC2=Nc3cccc(F)c3CN2)c(S)cc1Cl,MoleculeNet_HIV
hiv_8677,O=c1c2ccccc2c(=O)n2n1C1CCC2C1,MoleculeNet_HIV
hiv_33931,CCc1c(O)n(Cc2ccccc2)c(=S)n(Cc2nc3ccccc3[nH]2)c1=O,MoleculeNet_HIV
hiv_9391,OCC1OC(n2cnc3c2N=CNCC3O)C(Cl)C1O,MoleculeNet_HIV
hiv_30164,CCc1ccc2c(c1)CC1(C2)Cc2cc3c(cc2C1)C(=O)CC3,MoleculeNet_HIV
hiv_29973,O=C(ON=C1c2ccccc2C(Br)C(Br)c2ccccc21)c1cc([N+](=O)[O-])cc([N+](=O)[O-])c1,MoleculeNet_HIV
hiv_20814,CC1=NN2C(=O)CSC2=NC(C)(C)C1,MoleculeNet_HIV
hiv_14286,CC12CCC3c4ccc(OS(=O)(=O)O)cc4CCC3C1CCC2O.[NaH],MoleculeNet_HIV
hiv_13557,[N-]=[N+]=Nc1ccc(CCN2CCN(c3cccc(C(F)(F)F)c3)CC2)cc1I,MoleculeNet_HIV
hiv_28934,CC(=O)OCC1OC(n2c(-c3ccccc3)c(N=Nc3ccc(Cl)cc3)c(C)c(C#N)c2=S)C(OC(C)=O)C(OC(C)=O)C1OC(C)=O,MoleculeNet_HIV
hiv_180,CCC(C)OC(=O)c1ccccc1C(=O)O.COc1cc2c(cc1OC)C13CCN4CC5=CCOC6CC(=O)N2C1C6C5C4C3,MoleculeNet_HIV
hiv_32939,O=c1nc(SSc2ccn(C3OC(CO)C(O)C3O)c(=O)n2)ccn1C1OC(CO)C(O)C1O,MoleculeNet_HIV
hiv_35900,CCOC(=O)C1(C(N)=O)C(=O)c2ccncc2C1=O,MoleculeNet_HIV
hiv_37353,CC(=O)Oc1c(C)c2c(c3ccccc13)OC(C)(C)C2,MoleculeNet_HIV
hiv_5358,N#CC1CC(c2cccs2)Nc2ccccc2N1,MoleculeNet_HIV
hiv_2259,COc1ccc(C=Cc2ccnc3ccccc23)cc1OC,MoleculeNet_HIV
hiv_18525,c1ccc(C2=NOC3C4CCC(C4)C23)cc1,MoleculeNet_HIV
hiv_2980,O=P(N1CC1)(N1CC1)N1CCN(P(=O)(N2CC2)N2CC2)CC1,MoleculeNet_HIV
hiv_26509,Cc1cc2c(cc1Cl)SC(NN(C)C)=NS2(=O)=O,MoleculeNet_HIV
hiv_22303,C=CCCC1CCCNC1=S,MoleculeNet_HIV
hiv_17512,CC(=O)CC(=O)N(CCN(C(=O)CC(C)=O)c1ccccc1)c1ccccc1,MoleculeNet_HIV
hiv_34230,O=C1C2CC=CCC2C(=O)N1n1c(-c2ccccc2)n[nH]c1=O,MoleculeNet_HIV
hiv_35313,Cc1ccc(Cc2nn(C)c(=O)n2-n2cccc2)cc1,MoleculeNet_HIV
hiv_4346,CCN(CC)C(=S)S[Bi](SC(=S)N(CC)CC)SC(=S)N(CC)CC,MoleculeNet_HIV
hiv_27138,Cl.O=C(NCCCCN1CC2CCCC2C1)C(C1CCCCC1)C1CCCCC1,MoleculeNet_HIV
hiv_38167,CC(=O)O[IH2]1NC(=O)c2ccccc21,MoleculeNet_HIV
hiv_928,CC1OC(OC2C(O)C(O)C(NC(=N)N)C(O)C2NC(=N)N)C(OC2OC(CO)C(O)C(O)C2N(C)N=O)C1(O)C=O,MoleculeNet_HIV
hiv_12896,NC1CCCCC1.O=C(O)C1(P(=O)(O)O)CC1,MoleculeNet_HIV
hiv_2276,CC12CCC(O)CC1=CCC1C2CCC2(C)C3=NN=CC3CC12,MoleculeNet_HIV
hiv_15112,O=C(CCC(=O)Nc1ccc(Cl)cc1)CC(=O)c1ccc2ccccc2c1,MoleculeNet_HIV
hiv_18245,O=C(CSc1ccc([N+](=O)[O-])cc1[N+](=O)[O-])NCCNC(=O)CSc1ccc([N+](=O)[O-])cc1[N+](=O)[O-],MoleculeNet_HIV
hiv_39402,O=C(O)CN1CCNCCN(CC(=O)O)CCN(CC(=O)O)CCNCC1,MoleculeNet_HIV
hiv_39047,Cc1c(N2C(=O)C(=Cc3ccc(N(CCC#N)CCC#N)cc3)N=C2c2ccccc2)c(=O)n(-c2ccccc2)n1C,MoleculeNet_HIV
hiv_28519,O=C1CC23CCC4(CC2=CCCC3O1)OCCO4,MoleculeNet_HIV
hiv_29025,COc1ccc(C2c3cc4c(cc3OC(NNC(N)=O)C2C)OCO4)cc1,MoleculeNet_HIV
hiv_19637,CN(C)c1ccc(C=C(C(=O)O)c2csc(-c3nc(C(=Cc4ccc(N(C)C)cc4)C(=O)O)cs3)n2)cc1,MoleculeNet_HIV
hiv_8375,COc1ccc(-c2cc(C(=O)Nc3cc(C(F)(F)F)cc(C(F)(F)F)c3)c3ccccc3n2)cc1,MoleculeNet_HIV
hiv_33011,Oc1ccccc1C=Nc1ccc(SSc2ccc(N=Cc3ccccc3O)cc2)cc1,MoleculeNet_HIV
hiv_36306,BrC1C2(SCCS2)C2CC(c3ccccc32)C12SCCS2,MoleculeNet_HIV
hiv_2278,Oc1ncc2[nH]c(=S)[nH]c2n1,MoleculeNet_HIV
hiv_36243,O=C1c2ccccc2C(=Nc2ccc3ccccc3c2)C1(C1=C(c2ccccc2)C(=Nc2ccc3ccccc3c2)c2ccccc21)c1ccccc1,MoleculeNet_HIV
hiv_2004,O=C(O)CNCCCCCCNCC(=O)O,MoleculeNet_HIV
hiv_12799,CCOC(=O)NC(=O)c1cn(CCCCCCCCCCC(=O)NCCCN2CCN(CCCNC(=O)CCCCCCCCCCn3cc(C(=O)NC(=O)OCC)c(=O)[nH]c3=O)CC2)c(=O)[nH]c1=O,MoleculeNet_HIV
hiv_8957,Nc1ccc(S(=O)(=O)NCCSSCCNS(=O)(=O)c2ccc(N)cc2)cc1,MoleculeNet_HIV
hiv_35043,Cc1nc(NS(=O)(=O)c2ccc(N)cc2)oc1C,MoleculeNet_HIV
hiv_89,N=c1[nH][nH]c(=N)[nH]1,MoleculeNet_HIV
hiv_6981,CC1CC[PH](c2ccccc2)(c2ccccc2)c2c1ccc1ccccc21,MoleculeNet_HIV
hiv_13925,CCOC(=O)C1(C)CCC(C(C(=O)O)C(=O)O)CC1=O,MoleculeNet_HIV
hiv_960,CCCCOP(=S)(OCCCC)SC1(SC)SSC=C1CC(C)(C)C,MoleculeNet_HIV
hiv_22508,COC1=CC(=O)C2C3COc4ccccc4C3C2C1=O,MoleculeNet_HIV
hiv_618,COC(=S)SSC(=S)NCCNC(=S)SSC(=S)OC,MoleculeNet_HIV
hiv_33376,CC(C)(C)OC(=O)NCCC1SC2C=CC1C2,MoleculeNet_HIV
hiv_27145,O=C(NCCCCN1CCCCCC1)C1c2ccccc2-c2ccccc21,MoleculeNet_HIV
hiv_8555,Cc1cc(=O)oc2c1cc(OCC(=O)OCCN1CCCCC1)c1occ(C)c12,MoleculeNet_HIV
hiv_14543,CN(N=Cc1cccc2cccnc12)c1ccccc1,MoleculeNet_HIV
hiv_3375,CC(C1=C(O)C(=O)c2ccccc2C1=O)C1=C(O)C(=O)c2ccccc2C1=O,MoleculeNet_HIV
hiv_8659,COc1cccc2c1C(=O)c1c(O)c3c(c(O)c1C2=O)CC(O)(C(=O)CO)CC3OC1CC(N2CCOCC2)C(O)C(C)O1,MoleculeNet_HIV
hiv_28352,O=c1c2ccccc2nc(NN=Cc2ccc([N+](=O)[O-])cc2)n1-c1ccccc1,MoleculeNet_HIV
hiv_39921,O=C(O)c1cccc(OCCOc2cccc(C(=O)O)c2[N+](=O)[O-])c1[N+](=O)[O-],MoleculeNet_HIV
hiv_12235,CCCCCCCCCCCCCCC(C)CCC(=O)O,MoleculeNet_HIV
hiv_32147,CCC1(O)CN(CCOC)C2CC1C(=O)c1[nH]c3ccccc3c12,MoleculeNet_HIV
hiv_23941,Cc1ccc(S(=O)(=O)c2c(N)n(CCN(C)C)c3nc4ccccc4nc23)cc1,MoleculeNet_HIV
hiv_16797,COc1c2c3c4c(c(OC)c(=O)c5c(O)cc(OC)c(c6c(OC)cc(O)c(c1=O)c63)c54)C(C(C)=O)C(C)(O)C2,MoleculeNet_HIV
hiv_37354,CC(=O)Oc1c(C)c2c(c3ncccc13)OC(C)C2,MoleculeNet_HIV
hiv_37039,O=C1C(=Cc2ccc(O)cc2)NC(=S)N1CN1CCCCC1,MoleculeNet_HIV
hiv_2741,O=C(O)c1cc(-c2ccccc2)c(-c2ccccc2)cc1C(c1ccccc1)c1ccccc1,MoleculeNet_HIV
hiv_40062,CC(C)CCCC(C)C1CCC2C3CCC4CC(CCC=C(c5cc(Cl)c(OCc6ccc([N+](=O)[O-])cc6)c(C(=O)OCc6ccc([N+](=O)[O-])cc6)c5)c5cc(Cl)c(OCc6ccc([N+](=O)[O-])cc6)c(C(=O)OCc6ccc([N+](=O)[O-])cc6)c5)CCC4(C)C3CCC12C,MoleculeNet_HIV
hiv_39678,CC(C)(C)[Si](C)(C)OCC1=C(CC#N)C(O[Si](C)(C)C(C)(C)C)C(n2ccc(=O)[nH]c2=O)O1,MoleculeNet_HIV
hiv_17136,CC(=Nc1ccccc1S)c1c(O)ccc2c(C)cc(=O)oc12,MoleculeNet_HIV
hiv_18930,CC(C)c1cccc(C(C)C)c1NC1=CC(=O)C(=O)c2ccccc21,MoleculeNet_HIV
hiv_34465,Cc1cc(N(CCC#N)CCC#N)ccc1C(N=Nc1ccc(C(=O)O)cc1)=NNC(=O)c1ccccc1,MoleculeNet_HIV
hiv_38422,O=C1CC(Sc2ccccc2)C2(OCCO2)C2ON3CCCCC3C12,MoleculeNet_HIV
hiv_3842,OCCN1CC2CCCC1O2,MoleculeNet_HIV
hiv_12110,COC(=O)C1=C(C(=O)OC)C2(C(=O)OC)OC1(OC)C(C1(C(=O)OC)C(C(=O)OC)=C1C(=O)OC)=C2C(=O)OC,MoleculeNet_HIV
hiv_24977,O=C(C=Cc1cccs1)c1ccc(Cl)s1,MoleculeNet_HIV
hiv_13405,COc1cc2c(cc1OC)C1C=NC(C(=O)O)(C2)c2ccccc21,MoleculeNet_HIV
hiv_21358,C(C=CN1CCCC1)=Cc1nc(N2CCCC2)c2ccccc2n1,MoleculeNet_HIV
hiv_498,Nc1c(S(=O)(=O)O)cc2cc(S(=O)(=O)O)ccc2c1N=Nc1ccc(-c2ccc(N=Nc3c(N)c(S(=O)(=O)O)cc4cc(S(=O)(=O)O)ccc34)c(S(=O)(=O)O)c2)cc1,MoleculeNet_HIV
hiv_15526,Cn1nc(-c2ccccc2)c(C(=O)C=Cc2ccc(F)cc2)c(N2CCOCC2)c1=O,MoleculeNet_HIV
hiv_3036,CC(=O)OC1=C(C)S(=O)(=O)c2ccccc21,MoleculeNet_HIV
hiv_28698,NC(=S)NN=C1c2ccccc2CCC1CCC1(O)CCc2ccccc2C1=O,MoleculeNet_HIV
hiv_27617,CC(NC1=NCCO1)c1ccccc1Cl,MoleculeNet_HIV
hiv_19678,O=C(Nc1ccc2c(O)c(N=Nc3ccc(S(=O)(=O)O)cc3)c(S(=O)(=O)O)cc2c1)Nc1ccc2c(O)c(N=Nc3ccc(S(=O)(=O)O)cc3)c(S(=O)(=O)O)cc2c1.[NaH],MoleculeNet_HIV
hiv_37495,O=S(=O)(Nc1nc2ccccc2n1S(=O)(=O)c1ccccc1)c1ccccc1,MoleculeNet_HIV
hiv_14737,CC(C)CC(N)C(=O)NC(Cc1ccc(O)cc1)C(=O)NC(CCC(=O)O)C(=O)N1CCCC1C(=O)NC(CO)C(=O)NC(Cc1ccc(O)cc1)C(=O)NC(C)C(=O)N1CCCC1C(=O)NC(CC(N)=O)C(=O)NC(Cc1cnc[nH]1)C(=O)NC(Cc1ccccc1)C(=O)O,MoleculeNet_HIV
davis_6450551,CNC(=O)c1ccccc1Sc1ccc2c(C=Cc3ccccn3)n[nH]c2c1,DAVIS_spike_in
hiv_4161,NCCCCC(=O)NC(CCCCNC(=O)OCc1ccccc1)C(=O)NCCCCC(=O)NC(CCCCNC(=O)OCc1ccccc1)C(=O)NCCCCC(=O)NC(CCCCNC(=O)OCc1ccccc1)C(=O)NCCCCC(=O)NC(CCCCNC(=O)OCc1ccccc1)C(=O)NCCCCC(=O)NC(CCCCNC(=O)OCc1ccccc1)C(=O)NCCCCC(=O)NC(CCCCNC(=O)OCc1ccccc1)C(=O)NCCCCC(=O)NC(CCCCNC(=O)OCc1ccccc1)C(=O)O,MoleculeNet_HIV
hiv_5740,CCN(CCCCOC(=O)c1ccc(OC)c(OC)c1)C(C)Cc1ccc(OC)cc1,MoleculeNet_HIV
hiv_3946,O=C(Cc1ccccc1)ONC(CCCCNC(=O)OCc1ccccc1)C(=O)Nc1ccc(Cc2ccc(NC(=O)C(CCCCNC(=O)OCc3ccccc3)NC(=O)OCc3ccccc3)cc2)cc1,MoleculeNet_HIV
hiv_22035,O=C1C=C(Nc2ccc(S(=O)(=O)Nc3nccs3)cc2)c2ccccc2C1=O,MoleculeNet_HIV
hiv_20533,O=C1Cc2ccccc2CCc2ccccc21,MoleculeNet_HIV
hiv_18113,O=C1c2ccccc2C2(O)NC(=S)N(c3ccccc3)C12O,MoleculeNet_HIV
hiv_8590,C=C1C(=O)OC2CC(C)C3C=CC(=O)C3(C)C(OC(=O)CCCC(=O)OC3C4C(=C)C(=O)OC4CC(C)C4C=CC(=O)C43C)C12,MoleculeNet_HIV
hiv_28703,CCCCCCCCCCCCCCCC1(OC)C[N+](C)(C)CCO1.[I-],MoleculeNet_HIV
hiv_31393,O=C(O)c1nc(-c2ccccc2)ncc1-c1nnnn1-c1ccccc1,MoleculeNet_HIV
hiv_27375,c1ccc2c(c1)-c1ccccc1C2NC1=NCCO1,MoleculeNet_HIV
hiv_32896,O=C(NCC(F)([N+](=O)[O-])[N+](=O)[O-])N(CC(F)([N+](=O)[O-])[N+](=O)[O-])CC(F)([N+](=O)[O-])[N+](=O)[O-],MoleculeNet_HIV
hiv_35979,Cc1nc2ccccc2c(=O)n1N=Cc1ccc(N(C)C)cc1,MoleculeNet_HIV
hiv_39435,Cc1cc(S(=O)(=O)NC2=Nc3cccc4cccc(c34)N2)c(S)cc1Cl,MoleculeNet_HIV
hiv_2299,CC(=O)Nc1cc(S(=O)(=O)O)cc2c(N=Nc3ccc(C(=O)Nc4ccc(N=Nc5ccc(S(=O)(=O)O)cc5)cc4)cc3)c(S(=O)(=O)O)cc(O)c12,MoleculeNet_HIV
hiv_39702,CC(C)(C)C1=NC(=P(c2ccccc2)(c2ccccc2)c2ccccc2)C(=O)O1,MoleculeNet_HIV
hiv_23603,Cc1ccc(NCC(=O)N2CC(=O)Nc3ccccc32)c(C)c1,MoleculeNet_HIV
hiv_6095,O=C1c2ccccc2C(=O)N1N1C(=O)C2C3CCC(O3)C2C1=O,MoleculeNet_HIV
hiv_4246,CCCC(=O)C1=C(O)C(C)(C)C(O)=C(Cc2c(O)c(C)c(O)c(C(=O)CCC)c2O)C1=O,MoleculeNet_HIV
hiv_27944,CC(=O)n1c(=O)n(C2CCN(CCCC(=O)c3ccc(F)cc3)CC2)c2ccccc21,MoleculeNet_HIV
hiv_12256,Cc1ccc(S(=O)(=O)OCCOCCOCCOCCOCCOS(=O)(=O)c2ccc(C)cc2)cc1,MoleculeNet_HIV
hiv_7327,O=C(O)c1cc(=O)c2cc3c(cc2o1)OCc1ccccc1-3,MoleculeNet_HIV
hiv_37135,CCOC(=O)C12C3CCC1C2C(=O)C3,MoleculeNet_HIV
hiv_8925,C[n+]1c(-c2ccc(C=NNC(=O)C(=O)NN=Cc3ccc(-c4cn5ccccc5[n+]4C)cc3)cc2)cn2ccccc21,MoleculeNet_HIV
hiv_24625,C=C=C(C)C(=O)N(C(C)C)C(C)C,MoleculeNet_HIV
hiv_29652,c1ccc2c3nnc(c2c1)SCCSCCCSCCS3,MoleculeNet_HIV
hiv_28700,O=C(NN=C1CCCCC1)NN=C1CCCCC1,MoleculeNet_HIV
hiv_8892,CN1N=Nc2ccccc2C1(O)c1ccc(F)cc1,MoleculeNet_HIV
hiv_1962,Cc1ccccc1OP(=S)(Oc1ccccc1C)Oc1ccccc1C,MoleculeNet_HIV
hiv_2625,Oc1ccccc1C(Nc1nc2ccccc2s1)c1ccc2cccnc2c1O,MoleculeNet_HIV
hiv_13298,COc1cc2c3c(c1OC)C(=NOS(=O)(=O)c1ccc(C)cc1)CC3N(S(=O)(=O)c1ccc(C)cc1)CC2,MoleculeNet_HIV
hiv_34009,CC(C)[Si]1(C(C)C)OCC2OC(n3ccc(=O)[nH]c3=O)C([Se]c3ccccc3)C2O[Si](C(C)C)(C(C)C)O1,MoleculeNet_HIV
hiv_8119,Nc1ncnc2c1ncn2C1OC(COC2C(O)C(OC3OC(CO)C(O)C(O)C3N)C(O)C(OS(=O)(=O)O)C2OC(=O)C(N)CO)C(O)C1O,MoleculeNet_HIV
hiv_6826,CC1CCN(SSc2nc3ccccc3s2)CC1,MoleculeNet_HIV
hiv_7616,CN(C)C(=O)NC1(N(C)C)CC1,MoleculeNet_HIV
hiv_13883,O=S1C(=c2ccc(=C3Sc4ccccc4S3)cc2)Sc2ccccc21,MoleculeNet_HIV
hiv_8355,O=C1C=CC(=Nc2nc3c4ccccc4c4ccccc4c3[nH]2)c2ccccc21,MoleculeNet_HIV
hiv_32573,CSc1cc2[n+]3c(c1)-c1cccc[n+]1[Ni-4]314([n+]3ccccc3-2)[n+]2ccccc2-c2cc(SC)cc([n+]21)-c1cccc[n+]14.[O-][Cl+3]([O-])([O-])[O-],MoleculeNet_HIV
hiv_11077,COc1ccc(NC(=O)CCC(CC(=O)c2ccco2)=NNC(N)=S)cc1,MoleculeNet_HIV
hiv_33652,CC(C)CCCC(C)C1CCC2C3CCC4CC(CCC=C(c5cc(Cl)c(OC(=O)c6ccccc6)c(C(=O)O)c5)c5cc(Cl)c(OC(=O)c6ccccc6)c(C(=O)O)c5)CCC4(C)C3CCC12C.[NaH],MoleculeNet_HIV
hiv_37236,Cn1c(=O)c2c(nc3sc4ncccc4c(=O)n32)n(C)c1=O,MoleculeNet_HIV
hiv_29937,CCOP1(=O)N=C(NC#N)N(C)C1(C)C,MoleculeNet_HIV
hiv_7416,N=C1NS(=O)(=O)Nc2nn(-c3ccccc3)nc21,MoleculeNet_HIV
hiv_8037,C=C=CC(C)(O)c1ccc(-c2ccccc2)cc1,MoleculeNet_HIV
hiv_14386,O=[W](=O)(O)O.[NaH],MoleculeNet_HIV
hiv_31729,COc1ccc(C2SCC(=O)N2c2ccc(-n3c(-c4ccccc4)nc4ccccc4c3=O)cc2)cc1,MoleculeNet_HIV
hiv_22913,COC(=O)C=C(C)CCC1SC1(C)C,MoleculeNet_HIV
hiv_40650,O=C1c2ccccc2C2(c3ccc(Cl)cc3)NCc3ccccc3CN12,MoleculeNet_HIV
hiv_33855,Cl.NCCC1([N+](=O)[O-])C=CN=CC1,MoleculeNet_HIV
hiv_312,CC1CCCN1c1ccnc2cc(Cl)ccc12,MoleculeNet_HIV
hiv_385,Cc1c(C2(c3cc(Br)c(O)c(Br)c3C)OS(=O)(=O)c3ccccc32)cc(Br)c(O)c1Br,MoleculeNet_HIV
hiv_31412,COc1cc2c(c(O)c1OC)C(=O)C1CCC(=O)N1C2,MoleculeNet_HIV
hiv_25942,O=C1C(=Cc2cccc(O)c2)SC(=S)N1C=Cc1nc2ccccc2nc1O,MoleculeNet_HIV
hiv_39597,CCC1(Cc2ccc(OC)c(OC)c2)[CH-][N+](=O)OC(OCc2ccccc2)C1OC(C)=O,MoleculeNet_HIV
hiv_16971,Clc1ccc(Cl)c2[s+]snc12.[Cl-],MoleculeNet_HIV
hiv_1395,O=c1oc2ccccc2c(O)c1Sc1c(O)c2ccccc2oc1=O,MoleculeNet_HIV
hiv_5288,O=C1CC2c3[nH]c4ccccc4c3CCN2C2=C1CCCC2,MoleculeNet_HIV
hiv_3452,c1ccc(Oc2ncnc3ccccc23)cc1,MoleculeNet_HIV
hiv_30973,Cc1cc(=O)n2nc(SCc3ccccc3)sc2n1,MoleculeNet_HIV
hiv_39113,C=C1C(O)OC2OC3(C)CCC4C(C)CCC1C24OO3,MoleculeNet_HIV
hiv_37775,N#Cc1c(Cl)c2cccnc2n2c1nc1ccccc12,MoleculeNet_HIV
hiv_6390,COc1cccc(N2C(=O)CC(Sc3ccccc3N)C2=O)c1,MoleculeNet_HIV
hiv_24360,CC1(C)OC(COP2OCCO2)C(COP2OCCO2)O1,MoleculeNet_HIV
hiv_38553,Cc1oc2c(c1C)S(=O)(=O)C(C#N)=C(c1ccccc1)N2,MoleculeNet_HIV
hiv_35105,Cc1cc(C)n(-c2nc(-c3ccccc3)cs2)n1,MoleculeNet_HIV
hiv_38260,COc1ccc(-n2cnc3c(NC(CCSC)C(=O)O)ncnc32)cc1,MoleculeNet_HIV
hiv_29913,COc1ccc(C=C2CSCC(=Cc3ccc(OC)c(OC)c3OC)C2=O)c(OC)c1OC,MoleculeNet_HIV
hiv_17414,O=C(C=Cc1ccccc1Cl)NC1C=Nc2ccc([N+](=O)[O-])cc2NC1,MoleculeNet_HIV
hiv_6739,O=C1c2ccccc2C(=O)N1CCCC[PH](c1ccccc1)(c1ccccc1)c1ccccc1,MoleculeNet_HIV
hiv_11958,COC(=O)CCC1=NOC(CC2CC(CCC(=O)OC)=NO2)C1,MoleculeNet_HIV
hiv_21543,C=C(Br)CC12CC3(CCC1c1ccc(OC)cc1C2=O)OCCO3,MoleculeNet_HIV
hiv_24505,O=C(c1cccs1)N(C(=S)N1CCN(c2ccccc2)CC1)C1CCCCC1,MoleculeNet_HIV
hiv_4269,NCCSSSSCCN,MoleculeNet_HIV
hiv_29654,c1ccc2c3nnc(c2c1)SCCSCCSc1nnc(c2ccccc12)SCCSCCS3,MoleculeNet_HIV
hiv_12496,Cc1ccc(NC(=O)CCc2nnc3sc(=CC=Cc4ccccc4)c(=O)n23)cc1,MoleculeNet_HIV
hiv_21284,O=C(O)C=Cc1ccc(Oc2ccccc2C(=O)O)o1,MoleculeNet_HIV
hiv_23942,Nc1c(S(=O)(=O)c2ccc(Cl)cc2)c2nc3ccccc3nc2n2ccnc12,MoleculeNet_HIV
hiv_26126,CCc1cccc(C(C)(C)C)c1NC(=S)NC=C(C#N)C(=O)c1ccc2ccccc2c1,MoleculeNet_HIV
hiv_34894,O=S(=O)(O)c1cc(S(=O)(=O)O)c2c(Nc3ccnc4ccccc34)ccc(S(=O)(=O)O)c2c1.[NaH],MoleculeNet_HIV
hiv_21433,O=C(Nc1ccccc1[N+](=O)[O-])C(=NNc1cccc(Cl)c1)c1c(O)c2ccccc2oc1=O,MoleculeNet_HIV
hiv_21595,COC(=O)C1=C(C(=O)OC)C2(OC(C)=O)c3ccccc3-c3ccccc3C12,MoleculeNet_HIV
hiv_39780,CNc1nc(SC)nc2c1c(=N)[nH]n2C,MoleculeNet_HIV
hiv_33234,COc1cc2oc(-c3ccc4c(c3)OCO4)c(OC)c(=O)c2c(OC)c1O,MoleculeNet_HIV
hiv_17053,O=C1NC(=O)C2C(=O)NC(=O)C1C2(c1ccccc1)c1cc[nH]c1,MoleculeNet_HIV
hiv_17518,CC1CC(c2ccccc2)=Nc2ccccc2S1(=O)=O,MoleculeNet_HIV
hiv_3031,CC1CCC2(NC1)OC1CC3C4CC=C5CC(OC6OC(CO)C(O)C(OC7OC(CO)C(O)C(O)C7O)C6OC6OC(C)C(O)C(O)C6O)CCC5(C)C4CCC3(C)C1C2C,MoleculeNet_HIV
hiv_17893,c1ccc2c(c1)cc1n2CC2CN=NC12,MoleculeNet_HIV
hiv_13912,CC1=C2C3OC(=O)C(C)C3C(O)CC2(C)C(=O)CC1,MoleculeNet_HIV
hiv_19265,O=S(c1ccccc1)C1CC2C3CC4C2C4C31,MoleculeNet_HIV
hiv_40857,CCc1c(Cc2ccccc2)n(COCCO[Si](C)(C)C(C)(C)C)c(=O)[nH]c1=O,MoleculeNet_HIV
hiv_18671,CCC(=O)NN=C(C=Cc1cccc(O)c1)c1sc(Nc2ccc(C)cc2[N+](=O)[O-])nc1C,MoleculeNet_HIV
hiv_4726,CCCCCCSCC(NC(=O)CCC(N)C(=O)O)C(=O)NCC(=O)O,MoleculeNet_HIV
hiv_34372,N#Cc1c(C#N)c(-c2cccc([N+](=O)[O-])c2)n(-c2ccccc2)c1N,MoleculeNet_HIV
hiv_657,OCC(O)C1O[Sb](O)(O)(O)OC1C(O)CO,MoleculeNet_HIV
hiv_8413,CC(C)=CCCC1(C)C=Cc2c(ccc3c(C)noc23)O1,MoleculeNet_HIV
hiv_28593,N#CCCC1(CCC#N)CCCCCCC(CCC#N)(CCC#N)C(O)C1O,MoleculeNet_HIV
hiv_1859,Cc1nn(C)c(=O)[nH]c1=O,MoleculeNet_HIV
hiv_28166,c1cc2nnc1SCCCSc1ccc(nn1)SCCCSc1ccc(nn1)SCCCS2,MoleculeNet_HIV
hiv_9125,COC(=O)c1nc(S)nc(C(=O)OC)c1C(=O)C=Cc1ccccc1,MoleculeNet_HIV
hiv_20027,N.O=C(O)c1cc(Cc2cc(C(=O)O)c(O)c(C(=O)c3ccc(O)c(C(=O)O)c3)c2)ccc1O,MoleculeNet_HIV
hiv_14815,N#Cc1c2c(c(Cl)n3c1nc1ccccc13)CCCC2,MoleculeNet_HIV
hiv_29857,O=C1CC(c2ccc(Cl)cc2)NC(=O)N1CCCl,MoleculeNet_HIV
hiv_21208,CCN(CC)c1ccc2c(c1)Oc1ccc(N(CC)CC)cc1C21Oc2ccccc2-c2c1c1ccccc1n2CC,MoleculeNet_HIV
hiv_18552,CCOC(=O)C=Cc1ccc2c(c1)OC(c1ccc(O)c(OC)c1)C(CO)O2,MoleculeNet_HIV
hiv_18307,c1ccc(P(c2ccccc2)c2ccc(P(c3ccccc3)c3ccccc3)nn2)cc1,MoleculeNet_HIV
hiv_35213,O=C1NC(C(=O)O)C(c2ccc(OCc3ccccc3)cc2)O1,MoleculeNet_HIV
hiv_6319,NC(=O)NN=C1CSSC1,MoleculeNet_HIV
hiv_33438,N#CC=C(NC(=O)Nc1ccccc1)N1CCCC1,MoleculeNet_HIV
hiv_35935,Cc1ccc(OCC2OC(n3cnc4c(Cl)nc(N)nc43)CC2Oc2ccc(C)cc2)cc1,MoleculeNet_HIV
hiv_16420,Nc1c(N=Nc2ccc(C=Cc3ccc(N=Nc4cc(S(=O)(=O)O)c5ccccc5c4N)cc3S(=O)(=O)O)c(S(=O)(=O)O)c2)cc(S(=O)(=O)O)c2ccccc12.[NaH],MoleculeNet_HIV
hiv_10089,COc1ccc(C(=O)C(CN2CCOCC2)CN2CCOCC2)cc1.Cl,MoleculeNet_HIV
hiv_7164,Cc1ccc(S(=O)(=O)OC2C(O)C(CO)OC2n2c(Br)c(C(N)=O)c3c(N)ncnc32)cc1,MoleculeNet_HIV
hiv_28631,CC(N)C(O)CC=CCC=CCC=CCC=CCC=CCC=CCCCCCCC(O)C(C)N,MoleculeNet_HIV
hiv_28582,C1CCCCC2(CCCCCCCCC3(CCC1)SCCS3)SCCS2,MoleculeNet_HIV
hiv_29149,C=C1CC(Cn2cc(C)c(=O)[nH]c2=O)(c2ccc(-c3ccccc3)cc2)OC1=O,MoleculeNet_HIV
hiv_39533,NNc1nnc(CCCCCCCCc2nnc(NN)n2N)n1N,MoleculeNet_HIV
hiv_20920,O=C(Nc1c(Cl)cc([N+](=O)[O-])cc1Cl)C(=O)C(C(=O)c1ccncc1)C1OC(=O)c2ccccc21,MoleculeNet_HIV
hiv_21738,C[c-]1c(C=NNS(=O)(=O)c2ccccc2)no[n+]1=O,MoleculeNet_HIV
hiv_34983,CN1CC=C(C#CC(C)(C)O)CC1.O=C(O)C(=O)O,MoleculeNet_HIV
hiv_22587,COC(=O)c1c(-c2ccccc2)c(C(O)c2ccccc2)n2ccccc12,MoleculeNet_HIV
hiv_24547,Cc1ccc(-c2cc(-c3ccco3)nc(N)n2)o1,MoleculeNet_HIV
hiv_17698,COc1ccc(C(=O)Nc2ccn(CCOC(=O)c3ccc(OC)cc3)c(=O)n2)cc1,MoleculeNet_HIV
hiv_11551,COC(=O)C1CSC(=S)N1C(=O)CC1CC=CCC1CC(=O)Sc1ccccc1,MoleculeNet_HIV
hiv_19766,O=C1c2ccccc2C(=O)c2nc3c(O)cccc3cc21,MoleculeNet_HIV
hiv_8511,NCCCNc1ccc2c3c(nn2CCNCCO)-c2c(O)ccc(O)c2C(=O)c13,MoleculeNet_HIV
hiv_7301,Cc1c(C)c2c(c3c1OC(C)(C)CC3)CCC(C)(C)O2,MoleculeNet_HIV
hiv_27463,N#CSCC(Cl)=CCl.N#CSCC(Cl)=CCl,MoleculeNet_HIV
hiv_39934,O=C1CCC2(CC1CC(Sc1ccccc1)Sc1ccccc1)OCCO2,MoleculeNet_HIV
hiv_4953,O=C(C(=C1SSC(=C(C(=O)c2ccccc2)c2ccccc2)S1)c1ccccc1)c1ccccc1,MoleculeNet_HIV
hiv_7948,COC(=O)C1(C)OS(=O)(=O)c2ccccc21,MoleculeNet_HIV
hiv_12231,CCC(O)CCCCCCCCCCCCCCC(=O)O,MoleculeNet_HIV
hiv_23982,CCOC(=O)N(c1ccccc1)N(CC)C(=O)C(C)=NNc1ccc([N+](=O)[O-])cc1,MoleculeNet_HIV
hiv_12623,CN1NC2(CCCCC2)ON=C1c1ccccc1,MoleculeNet_HIV
hiv_18537,O=[N+]([O-])c1cccc(C2=NOC3CCCC23)c1,MoleculeNet_HIV
hiv_14085,Cc1nn(-c2ccccc2)c2nc(N3CCOCC3)nnc12,MoleculeNet_HIV
hiv_31549,CC(=O)OC1CN(OCc2ccccc2)CC(OC(C)=O)C1OC(C)=O,MoleculeNet_HIV
hiv_17315,C=CC1(c2ccccc2Cl)NC(=COCC)CO1,MoleculeNet_HIV
hiv_32752,Cc1cc(=O)n2nc(CSc3n[nH]c(=N)s3)sc2n1,MoleculeNet_HIV
hiv_15610,O=C1C(c2ccccc2)=C(c2ccccc2)C(c2ccc(CCCCCCc3ccc(C4=C(c5ccccc5)C(=O)C(c5ccccc5)=C4c4ccccc4)cc3)cc2)=C1c1ccccc1,MoleculeNet_HIV
hiv_5504,CNCCSSCCN,MoleculeNet_HIV
hiv_10007,Nc1ccc2c(c1)Oc1ccc(N)cc1O2,MoleculeNet_HIV
hiv_7886,CC(=NNC(=[Se])N1CC2CCC(CC2)C1)c1ccccn1,MoleculeNet_HIV
hiv_6502,C=C(C)C1CCC2=CC(CC3(C)OC3c3cc(C(=O)OC)c(o3)C1)OC2=O,MoleculeNet_HIV
hiv_8274,O=C1CN(Cc2ccc(Cl)cc2)CC(=O)N2Cc3ccccc3CN12,MoleculeNet_HIV
hiv_40440,CCC(C(=O)C(=O)C(CC)P1(=O)OC(C)(C)CN1C(C)(C)C)P1(=O)OC(C)(C)CN1C(C)(C)C,MoleculeNet_HIV
hiv_17520,Cc1ccc(S(=O)(=O)NC(=O)Nc2nc(Cl)cc(Cl)n2)cc1,MoleculeNet_HIV
hiv_34404,COC1(OC)NC(=N)C2(C#N)C(C)CC(=O)N(N(C)C)C12C#N,MoleculeNet_HIV
hiv_40072,O=C1c2c(O)cc(O)cc2OC12c1c(cc(O)c3c1OC(c1ccc(O)cc1)C(O)C3)OC2c1ccc(O)cc1,MoleculeNet_HIV
hiv_36800,Cl.O=C(C=Cc1ccccc1)CCN1CCCC1,MoleculeNet_HIV
hiv_20174,CN1CC(=CC=Cc2ccccc2)C(=O)C(=CC=Cc2ccccc2)C1.Cl,MoleculeNet_HIV
hiv_4962,O=S(=O)(Cc1ccccc1)CS(=O)(=O)Cc1ccccc1,MoleculeNet_HIV
hiv_3935,CCOC(=O)C(C)(c1c[nH]c2ccccc12)c1c[nH]c2ccccc12,MoleculeNet_HIV
hiv_35009,O=C1c2cc(Cl)ccc2-n2c(noc2=O)C2CSCN12,MoleculeNet_HIV
hiv_16325,CC1CN1c1c(C(=O)C=Cc2ccccc2)c(-c2ccccc2)nn(C)c1=O,MoleculeNet_HIV
hiv_8132,CC(C)C1=C(O)C(=O)C2=C(C1=O)C(OC=O)C(O)C1C(C)(C)CCCC21C,MoleculeNet_HIV
hiv_12519,CC(O)C(NC(=O)c1ccccc1)C(=O)N(Cc1ccccc1)Cc1ccccc1,MoleculeNet_HIV
hiv_20970,N#CC1([N+](=O)[O-])C=C1c1ccccc1,MoleculeNet_HIV
hiv_418,CN(C)P(=O)(OP(=O)(N(C)C)N(C)C)N(C)C,MoleculeNet_HIV
hiv_37325,O=C1CCCCCC1=Cc1ccc([N+](=O)[O-])cc1,MoleculeNet_HIV
hiv_29464,N#Cc1c2c(c(N)oc1=O)C(c1ccccc1)CC(=O)N2,MoleculeNet_HIV
hiv_9207,OC1=C2Nc3ccccc3N=C2OC1c1ccncc1,MoleculeNet_HIV
hiv_28313,Cc1nn(-c2ncc(C(=O)O)c(O)n2)c(O)c1CCO,MoleculeNet_HIV
hiv_28354,CCOC(=O)Cc1nnc2n(-c3ccccc3)c(=O)c3ccccc3n12,MoleculeNet_HIV
hiv_14304,C=C1C=CC2(Br)OC3CC(C)(Cl)C(Br)CC13C2(C)C,MoleculeNet_HIV
hiv_10963,NCCCCNc1ccc2c(O)nnc(O)c2c1,MoleculeNet_HIV
hiv_27163,COc1ccc(-c2cc3c(nn2)-c2ccccc2C3=O)cc1,MoleculeNet_HIV
hiv_12736,COC(=O)c1ccc(Cl)cc1NC(=O)C1CCCCC1,MoleculeNet_HIV
hiv_8138,COC(=O)c1cc(=O)nc(NN)s1,MoleculeNet_HIV
hiv_10477,COc1cc2c(c(C3(O)C(=O)N(C)c4ccccc43)c1OC)OCO2,MoleculeNet_HIV
hiv_40064,CC(CCC1(O)OC2CC3C4CC=C5CC(OC6OC(CO)C(O)C(OC7OC(CO)C(O)C(O)C7O)C6OC6OC(C)C(O)C(O)C6O)CCC5(C)C4CCC3(C)C2C1C)COC1OC(CO)C(O)C(O)C1O,MoleculeNet_HIV
hiv_27134,Cl.O=C(NCCCCCN1CCC2(CCCCC2)CC1)C(C1CCCCC1)C1CCCCC1,MoleculeNet_HIV
hiv_8165,COC(=O)C(CSSCC(C(=O)NC(Cc1ccccc1)C(=O)NCC(=O)OC(C)(C)C)N1C(=O)CCC1=O)NC(=O)OCc1ccccc1,MoleculeNet_HIV
hiv_27969,CN1CCC(O)(OC(=O)C(c2ccccc2)C2(O)CCCC2)CC1,MoleculeNet_HIV
hiv_9159,c1ccc2c(c1)CCc1c(-c3noc4c3CCc3ccccc3-4)noc1-2,MoleculeNet_HIV
hiv_14680,CN1CCCC2C3CCC4=C(O)C(=O)CCC4(C)C3CCC21C,MoleculeNet_HIV
hiv_13984,COc1nc2ncn(C(C)=O)c2c(=O)n1C,MoleculeNet_HIV
hiv_20250,O=C1C2CN(Cc3ccccc3)CC1CN(CC1CC1)C2,MoleculeNet_HIV
hiv_29541,COc1ccc(COC(=O)NNC(=O)C2CSC(c3ccccc3)N2C(C)=O)cc1,MoleculeNet_HIV
hiv_25624,COc1ccccc1C1=C2C(=O)N(C)C(c3ccccc3OC)=C2C(=O)N1C,MoleculeNet_HIV
hiv_27354,Cc1ccc2ccccc2c1NC1=NCCO1,MoleculeNet_HIV
hiv_3018,CC(C)CC(F)(C(N)=O)C(N)=O,MoleculeNet_HIV
hiv_35432,COC1CC(OC2C(C)OC(OC3C(C)OC(OC4C(O)CC(OC5CCC6(C)C(=CCC7(O)C6CC(OC(C)=O)C6(C)C(O)(C(C)=O)CCC76O)C5)OC4C)CC3OC)CC2OC)OC(C)C1O,MoleculeNet_HIV
hiv_33614,Cc1ccc(S(=O)(=O)n2cc(C=CC#N)c(-c3cn(S(=O)(=O)c4ccc(C)cc4)cc3-c3cn(S(=O)(=O)c4ccc(C)cc4)cc3C=CC#N)c2)cc1,MoleculeNet_HIV
hiv_35973,Oc1ccc(Cl)cc1C1=NC(N=Cc2ccccc2)=NC(c2ccccc2)C1,MoleculeNet_HIV
hiv_37596,N#Cc1nc(-c2cnccn2)oc1N,MoleculeNet_HIV
hiv_39490,CC(C)=CCCC(C)C1=C(O)C(=O)C(C)=C(Nc2ccccc2)C1=O,MoleculeNet_HIV
hiv_36617,CSC1=C(C#N)C(=O)N(c2ccc(C)cc2)C(=S)C1C#N,MoleculeNet_HIV
hiv_8690,Cn1c2ccc(Cl)cc2c2oc(-c3nnn[nH]3)cc(=O)c21,MoleculeNet_HIV
hiv_29980,O=C(O)C12CCC(CC1=O)C2,MoleculeNet_HIV
hiv_14836,O=C1[OH+][Co-4]23(NCCN2)([OH+]C1=O)[OH+]C(=O)C(=O)[OH+]3.[K+],MoleculeNet_HIV
hiv_12081,CC1(C)CCOC(Sc2ccccc2)C1,MoleculeNet_HIV
hiv_18314,CCCCCCCCCCCCCCCCOC1OC(CSSCC2OC(OCCCCCCCCCCCCCCCC)C(O)C(O)C2O)C(O)C(O)C1O,MoleculeNet_HIV
hiv_39220,COc1ccc2[nH]c3c(C)c4ccnc(NCCCN(C)CCCNc5ccc6ncn7c8ccccc8c(=O)c5c67)c4c(C)c3c2c1.CS(=O)(=O)O,MoleculeNet_HIV
hiv_1179,CC(CCC(C)OS(=O)(=O)c1ccc(F)cc1)OS(=O)(=O)c1ccc(F)cc1,MoleculeNet_HIV
hiv_31811,O=C(Cn1c(=O)oc2ccc(C(=O)c3cccc(Cl)c3)cc21)c1ccccc1,MoleculeNet_HIV
hiv_23425,O=C(O)c1ccc(C2COc3ccc(Cl)cc3C2)cc1,MoleculeNet_HIV
hiv_6161,NCC1=NCCN1,MoleculeNet_HIV
hiv_30284,CC(=O)C(N=Nc1nc2ccccc2[nH]1)C(C)=O,MoleculeNet_HIV
hiv_39034,OC1OC(c2ccco2)C(F)(F)C(F)(F)C1(F)F,MoleculeNet_HIV
hiv_36113,CN(C)c1nc(NN)c2c(-c3ccccc3)c(-c3ccccc3)oc2n1,MoleculeNet_HIV
hiv_7555,CC1=CSC2=NCCCCN12,MoleculeNet_HIV
hiv_795,CC(=O)Nc1cc(O)nc2c1CCC2,MoleculeNet_HIV
hiv_34730,CCC(=O)N1NC(=O)C(CC)(CC)C1=O,MoleculeNet_HIV
hiv_3309,CC(C)CC1NC(=O)C(NC(=O)c2ncccc2O)C(C)OC(=O)C(c2ccccc2)N(C)C(=O)C(C)NC(=O)C(C(C)C(C)C)N(C)C(=O)CN(C)C(=O)C2CC(O)CN2C1=O,MoleculeNet_HIV
hiv_11670,CC1=C2CCCC2CC(=NNc2ccc([N+](=O)[O-])cc2[N+](=O)[O-])CC1,MoleculeNet_HIV
hiv_22691,OCCCSCCCCSCCCO,MoleculeNet_HIV
hiv_12093,c1ccc(SC(CCCCC(Sc2ccccc2)Sc2ccccc2)Sc2ccccc2)cc1,MoleculeNet_HIV
hiv_3555,O=C1CCC2(O1)c1ccc(O)cc1Oc1cc(O)ccc12,MoleculeNet_HIV
hiv_6633,O=C1CCC(N2C(=O)C3C4c5ccccc5C(c5ccccc54)C3C2=O)C(=O)N1,MoleculeNet_HIV
hiv_5561,COc1cc(OC)cc(C2=Nn3c(n[nH]c3=S)NN2)c1,MoleculeNet_HIV
hiv_39503,S=c1[nH]nc(CNc2ccc(-c3n[nH]c(=S)n3-c3ccc(Cl)cc3)cc2)n1-c1ccc(Cl)cc1,MoleculeNet_HIV
hiv_29190,Cc1ccccc1NC(=S)NN=C(c1ccccc1)c1ccccn1,MoleculeNet_HIV
hiv_17281,O=C1C(=Cc2cccc(Cl)c2)CCc2ccccc21,MoleculeNet_HIV
hiv_15662,Clc1cccc(-c2nnc(-c3nn(-c4ccccc4)c4nc5ccccc5nc34)o2)c1,MoleculeNet_HIV
hiv_22904,CSc1nc(O)c2nc(C)c(O)nc2n1,MoleculeNet_HIV
hiv_11734,O=C(NC(=Cc1ccc(C=C(NC(=O)c2ccccc2)c2nc3c(O)nc(S)nc3[nH]2)cc1)c1nc2c(O)nc(S)nc2[nH]1)c1ccccc1,MoleculeNet_HIV
hiv_26023,O=C(CC(=O)Nc1ccccc1)NNC(c1cc(N=Nc2ccc(Br)cc2)ccc1O)P(O)O,MoleculeNet_HIV
hiv_1338,CC1=CC2=[N+]3C1=Cc1cc(C)c4n1[Mn]31(Cl)n3c(c(C)c(CCC(=O)O)c3=CC3=[N+]1C(=C4)C(C)=C3CCC(=O)O)=C2,MoleculeNet_HIV
hiv_38365,CN(C)CCNc1ccc2c(=O)n(CCN(C)C)c(=O)n3c4ccc(O)cc4c(=O)c1c23,MoleculeNet_HIV
hiv_20537,COc1cc2c(cc1OC)C1C(COC(=O)c3ccccc3)CSC(=Nc3ccccc3)N1CC2,MoleculeNet_HIV
hiv_9444,Cc1[nH]c(C)c2ccc(=O)ccc12,MoleculeNet_HIV
hiv_39824,CCOC(=O)C(=[N+]=[N-])C(=O)C[N+]12CCN(CC1)CC2.[Br-],MoleculeNet_HIV
hiv_29376,O=[N+]([O-])C=Cc1cn(CCCCCn2cc(C=C[N+](=O)[O-])c3ccccc32)c2ccccc12,MoleculeNet_HIV
hiv_6810,CC1=C(Br)C(c2ccccc2)=Nc2ccccc2N1,MoleculeNet_HIV
hiv_24132,O=C(Cc1ccccc1)NN1C(=O)C(=Cc2cccc([N+](=O)[O-])c2)SC1=Nc1ccccc1,MoleculeNet_HIV
hiv_16604,c1ccc([PH]2(c3ccccc3)CC[PH]34CC[PH](c5ccccc5)(c5ccccc5)[Pt-2]32[PH](c2ccccc2)(c2ccccc2)CC4)cc1,MoleculeNet_HIV
hiv_18754,COc1cc(C=CC(=O)c2sc(Nc3ccccc3)nc2C)ccc1O,MoleculeNet_HIV
hiv_25454,O=C(O)c1cc(O)c2c(c1)C(C1c3cccc(O)c3C(=O)c3c(O)cc(C(=O)O)cc31)c1cccc(O)c1C2=O,MoleculeNet_HIV
hiv_39511,O=C(COc1ccc(OCC(=O)N2C(=O)CC(=O)N(c3ccc(Cl)cc3)C2=S)cc1)N1C(=O)CC(=O)N(c2ccc(Cl)cc2)C1=S,MoleculeNet_HIV
hiv_37532,Cc1nc2c(S)nncc2[nH]1,MoleculeNet_HIV
hiv_5231,CC(=O)C1=C(C)NC(C)=C(C(C)=O)C1c1cccc([N+](=O)[O-])c1,MoleculeNet_HIV
hiv_32173,C(=NNC1=NCCCCN1)c1ccc2ccccc2c1.I,MoleculeNet_HIV
hiv_5822,O=C1c2ccccc2C(=O)N1CC(Cl)=CCl,MoleculeNet_HIV
hiv_2362,O=[N+]([O-])c1cccc2c(N3CC3)cnnc12,MoleculeNet_HIV
hiv_644,CCCCNC(=S)SSSC(=S)NCCCC,MoleculeNet_HIV
hiv_39930,COc1ccc(C(C)=C2CCCN(Cc3ccccc3)C2)cc1,MoleculeNet_HIV
hiv_17860,O=C(O)Cn1c(=O)[nH]c(=O)c2c1ncn2Cc1ccccc1,MoleculeNet_HIV
hiv_17505,CC1=NOC(=O)C1=Cc1ccc([N+](=O)[O-])cc1,MoleculeNet_HIV
hiv_15980,O=C1C2C(C(=O)N1OS(=O)(=O)c1ccccc1)N(Cc1ccccc1)C(=O)N2Cc1ccccc1,MoleculeNet_HIV
hiv_35405,CCC(c1ccccc1)C1NC(=S)NC1=O,MoleculeNet_HIV
hiv_40401,CCC1(Cc2ccc(OC)c(OC)c2)[CH-][N+](=O)OC(OC2CCCC2(c2ccccc2)c2ccccc2)C1OC(=O)c1ccccc1,MoleculeNet_HIV
hiv_22428,CS(=O)(=O)NNS(=O)(=O)c1ccc2ccccc2c1,MoleculeNet_HIV
hiv_23677,CC[Ge](CC)(CC)OC(=O)CCC(=O)O[Ge](CC)(CC)CC,MoleculeNet_HIV
hiv_23655,CC1(n2nc(-c3ccccc3)n(-c3ccccc3)c2=O)CSC1,MoleculeNet_HIV
hiv_13787,C=C[Sn](C=C)(Oc1cccc2cccnc12)Oc1cccc2cccnc12,MoleculeNet_HIV
hiv_6316,COC1C=COC2(C)Oc3c(C)c(O)c4c(O)c(c(C=NNC5OC(COC(=O)c6ccccc6)C(OC(=O)c6ccccc6)C5OC(=O)c5ccccc5)c(O)c4c3C2=O)NC(=O)C(C)=CC=CC(C)C(O)C(C)C(O)C(C)C(OC(C)=O)C1C,MoleculeNet_HIV
hiv_8404,CN1NC(C2NN(C)C(=O)N(C)N2)NN(C)C1=O,MoleculeNet_HIV
hiv_28424,COC1(OC)C=CC2C1C1C=CC2C1(OC)OC,MoleculeNet_HIV
hiv_8161,CC1=[N+]2[N-]C(N3CCCCCC3)=[S+][Fe-3]2(Cl)(Cl)[n+]2ccccc21,MoleculeNet_HIV
hiv_15009,CCCc1n[nH]c(CCC(=O)N(Cc2ccccc2)Cc2ccccc2)c1CC,MoleculeNet_HIV
hiv_25697,N#CCCC(CC#N)N1CCN(C(CC#N)CCC#N)CC1,MoleculeNet_HIV
hiv_919,Cc1nc2c(n1-c1ccc(Br)cc1)C(=O)c1ccccc1C2=O,MoleculeNet_HIV
hiv_26633,CCCCc1c2c(nc3c1CCc1cc4cc5c(nc4nc1-3)-c1nc3c(c(CCCC)c1CC5)CCCC3=NOC)C(=NOC)CCC2,MoleculeNet_HIV
hiv_37879,Cc1ccc2c(c1)-c1nc(N)c(C#N)c(-c3ccc(Cl)cc3)c1CCS2(=O)=O,MoleculeNet_HIV
hiv_37279,COC(=O)c1sc2c(=O)c(C(=O)OC)c(C(=O)OC)sc2c(=O)c1C(=O)OC,MoleculeNet_HIV
hiv_40716,Cc1ccnc(SC(F)(F)c2nc3ccccc3o2)n1,MoleculeNet_HIV
hiv_14337,O=C(CCCCCCCCc1ccc(O)cc1)c1c(O)cccc1O,MoleculeNet_HIV
hiv_15532,COc1ccc(C=CC(=O)c2c(-c3ccccc3)nn(C)c(=O)c2N2CCCCC2)cc1,MoleculeNet_HIV
hiv_10569,COC1C(O)C(n2ccc(=O)[nH]c2=O)OC1C(OC1OC(C(=O)NC2CCCCNC2=O)=CC(O)C1O)C(N)=O,MoleculeNet_HIV
hiv_23356,Cc1ccc(-c2cc(=S)n(-c3ccccc3)c3[nH]c(=S)n(-c4ccccc4)c(=N)c23)cc1,MoleculeNet_HIV
hiv_39856,CC1=NNC(=N)NC1=CC(Sc1ccc(Cl)cc1)c1ccc([N+](=O)[O-])cc1,MoleculeNet_HIV
hiv_1029,O=S1(=O)CCC(OC2CCS(=O)(=O)C2)C1,MoleculeNet_HIV
hiv_36018,O=S(=O)([N-]c1nc2ccccc2nc1-[n+]1ccccc1)c1ccccc1,MoleculeNet_HIV
hiv_16106,C=C1C(=O)OC2CC(C)C3C(O)CC(O)C3(C)CC12,MoleculeNet_HIV
hiv_15168,CCCc1nc(NC#N)nc(C(=O)NC23CC4CC(CC(C4)C2)C3)c1C,MoleculeNet_HIV
hiv_27861,Cc1nc2ccc(Br)cc2c(=O)n1-c1ccc(NC2OCC(O)C(O)C2O)cc1,MoleculeNet_HIV
hiv_33711,CSCCC1C(=O)NC(=N)N1C(=O)OCc1ccccc1,MoleculeNet_HIV
hiv_27292,Cc1nnc2cc(C(=O)O)c3ccccc3n2c1=O,MoleculeNet_HIV
hiv_3456,c1ccc(N2N=NC3C4CC(C5COCC54)C32)cc1,MoleculeNet_HIV
hiv_17846,CN1C(=O)N(C)P12(Cl)N(C)C(=O)N2C,MoleculeNet_HIV
hiv_6346,COc1cc(C=NN=CC=Cc2ccccc2)cc(OC)c1OC,MoleculeNet_HIV
hiv_6483,COC(=O)C1CC(=O)N(C)c2sc(C)c(C)c2C1=O,MoleculeNet_HIV
hiv_30349,S=C(NCc1ccccc1)NN=Cc1ccccn1,MoleculeNet_HIV
hiv_7204,COP(=O)(NN=CC(=O)O)OC,MoleculeNet_HIV
hiv_40855,CC(C)(C)[Si](C)(C)OCC1OC(n2cnc3c(O)nc(NCc4cccc5ccccc45)nc32)C(O[Si](C)(C)C(C)(C)C)C1O[Si](C)(C)C(C)(C)C,MoleculeNet_HIV
hiv_33488,COc1ccc(-n2c(C)nc3ccc(N=Cc4ccccc4)cc3c2=O)cc1,MoleculeNet_HIV
hiv_22789,C1CSCCCSCCSCCCSC1,MoleculeNet_HIV
hiv_18575,CCC(C)C1NC(=O)C2CCCN2C(=O)C(Cc2ccc(O)cc2)NC(=O)C(CC(N)=O)NC(=O)C(CCC(N)=O)NC(=O)C(CO)NC(=O)C(C(C)C)NC(=O)C(N)CSSCC(C(=O)O)NC(=O)C(CCC(N)=O)NC(=O)C(C(C)C)NC1=O,MoleculeNet_HIV
hiv_34342,CC(=O)N(CCc1ccccc1)C(C)(C#N)c1ccccc1,MoleculeNet_HIV
hiv_31039,CCOC(=O)C(=NNc1ccc(C)cc1)N1C(=S)N(C)N=C(C)C=C1S,MoleculeNet_HIV
hiv_3637,CC(=O)Nc1ccc(C(=O)NC2C(=O)N3C2SC(C)(C)C3C(=O)O)cn1,MoleculeNet_HIV
hiv_7768,O=C(O)CCc1nc(-c2ccccc2)c(-c2ccccc2)o1,MoleculeNet_HIV
hiv_26546,COC(=O)CSc1[nH]c2nc(C)nc(Nc3ccccc3)c2c1C#N,MoleculeNet_HIV
hiv_38743,CCOC(=O)c1cc2c3c(cc(OC)c2[nH]1)N(C(=O)OCC)CC3,MoleculeNet_HIV
hiv_34181,N=C1N(S(=O)(=O)c2ccccc2)C(Cc2ccccc2)C(c2ccccc2)C1(c1ccccc1)c1ccccc1,MoleculeNet_HIV
hiv_34226,C=C(C)C1CCC2(C(=O)O)CCC3(C)C(CCC4C5(C)CCC(C(=O)C=Cc6ccc(O)c(O)c6)C(C)(C)C5CCC43C)C12,MoleculeNet_HIV
hiv_18618,COc1ccc(-c2cc(-c3ccccc3)c(C#N)c(=O)n2C2OC(CO)C(O)C(O)C2O)cc1,MoleculeNet_HIV
hiv_8901,OC1CSc2ccccc2-n2cccc21,MoleculeNet_HIV
hiv_26255,CC(=O)C(=Cn1ccc(=O)[nH]c1=S)C(=O)Nc1ccc(Cl)cc1,MoleculeNet_HIV
hiv_16530,[O+]#C[W]12(C#[O+])(C#[O+])[PH](c3ccccc3)(CC[PH]1(c1ccccc1)c1ccccc1)CC[PH]2(c1ccccc1)c1ccccc1,MoleculeNet_HIV
hiv_33493,CC1=Nc2sc3c(c2C2=NCCN12)CCCC3,MoleculeNet_HIV
hiv_29618,O=c1c(F)cn2c(=O)n1CCCCCCCn1c(=O)c(F)cn(c1=O)CCCCCCC2,MoleculeNet_HIV
hiv_2308,CCOc1ccc(Nc2ccc(N=Nc3c(N)c(C)cc(N=Nc4ccc(-c5ccc(N=Nc6ccc(O)c(C(=O)O)c6)cc5)cc4)c3N)cc2S(=O)(=O)O)cc1,MoleculeNet_HIV
hiv_18290,O=C(O)CCC(NC(=O)c1ccc(-n2nc3ccc(=O)cc-3[nH]c2=O)cc1)C(=O)O,MoleculeNet_HIV
hiv_26165,CC(=O)C(=CNC(=S)c1ccncc1)C(=O)Nc1ccccc1,MoleculeNet_HIV
hiv_40526,O=C(CC(C(=O)c1cccs1)c1ccccc1)c1ccccc1O,MoleculeNet_HIV
hiv_10397,C[n+]1c(-c2ccc(C=NNC(=O)c3cc(O)c(C(=O)NN=Cc4ccc(-c5cn6ccccc6[n+]5C)cc4)cc3O)cc2)cn2ccccc21.[Br-],MoleculeNet_HIV
hiv_11031,Cc1ncc2c(n1)CCC1=C2OS(=O)(=O)CC1N(C)C,MoleculeNet_HIV
hiv_624,CCn1c(C)nc2c(N)cccc2c1=O,MoleculeNet_HIV
hiv_16410,O=C1c2ccccc2C(=O)N1CCn1nc(-c2ccccc2)cc(-c2ccccc2)c1=O,MoleculeNet_HIV
hiv_40246,O=c1c(Nc2ccccc2)cn(CCOc2ccccc2)c(=O)n1CCOc1ccccc1,MoleculeNet_HIV
hiv_32860,CC1(CCCO)CCCCCCCCCC(C)(CCCO)C1=O,MoleculeNet_HIV
hiv_24401,CCSc1nc(-c2ccc(OC)cc2)c(C#N)c(=O)n1C1OCC(OC(C)=O)C(OC(C)=O)C1OC(C)=O,MoleculeNet_HIV
hiv_10802,O=C1CC(=O)N2C(=O)CC(=O)N12,MoleculeNet_HIV
hiv_10675,CC1=C[P+](Cc2ccccc2)(c2ccccc2)CC1.[I-],MoleculeNet_HIV
hiv_3989,O=c1oc2c(cc1O)oc(=O)c1cc(O)c(O)c(O)c12,MoleculeNet_HIV
hiv_33805,O=C1c2ccccc2-c2nnc3c(c21)-c1ccccc1C3,MoleculeNet_HIV
hiv_35809,CCCCCCCCCCCCCCCC(=O)ON1C(=S)NC(C)(c2ccccc2)C1=S,MoleculeNet_HIV
hiv_22167,CC(C)c1cccc(C(C)C)c1NC(=S)NN=C1C=C(C(C)(C)C)C(=O)C(C(C)(C)C)=C1,MoleculeNet_HIV
hiv_1572,O=S(=O)(O)c1cc(O)c2c(N=Nc3ccc(Nc4ccccc4)c4c(S(=O)(=O)O)cccc34)cc(S(=O)(=O)O)cc2c1,MoleculeNet_HIV
hiv_22527,COC1=CC(=O)C2C3Cc4ccccc4C3C2(C)C1=O,MoleculeNet_HIV
hiv_4254,CCC1C(=O)OC2OC(c3ccccc3)(c3ccccc3)NC21,MoleculeNet_HIV
hiv_36948,CC(C)(CC(O)C#N)[N+]([O-])=[N+]([O-])C(C)(C)CC(O)C#N,MoleculeNet_HIV
hiv_6418,O=C1CSC(=S)N1c1ccc2c(c1)OCO2,MoleculeNet_HIV
hiv_19633,COC(=O)NN=C(C)c1sc(-c2nc(C)c(C(C)=NNC(=O)OC)s2)nc1C,MoleculeNet_HIV
hiv_1931,O=C1NNC=Nc2ccc(cc2)S(=O)(=O)c2ccc(cc2)N=CNNC1=O,MoleculeNet_HIV
hiv_38550,N#CC1=CNc2sccc2S1(=O)=O,MoleculeNet_HIV
hiv_27381,O=c1[nH]c2ccc(Cl)cc2o1,MoleculeNet_HIV
hiv_11195,N=C1NN(c2ccccc2)C(=O)C1C(=O)C(N)=O,MoleculeNet_HIV
davis_9915743,CCOc1cc2ncc(C#N)c(Nc3ccc(OCc4ccccn4)c(Cl)c3)c2cc1NC(=O)C=CCN(C)C,DAVIS_spike_in
hiv_6956,COc1ccc(C(O)C[N+]([O-])=Cc2ncc([N+](=O)[O-])n2C)cc1,MoleculeNet_HIV
hiv_29160,C=C1CC(C)(COc2cc(=O)oc3ccccc23)OC1=O,MoleculeNet_HIV
hiv_30360,CC1CC(C#N)=C2NCCN2C1=O,MoleculeNet_HIV
hiv_19591,N#CCCN(CCC#N)c1ccc(C=C2N=C(c3cc([N+](=O)[O-])ccc3Cl)N(S(=O)(=O)c3ccccc3)C2=O)cc1,MoleculeNet_HIV
hiv_40811,CC1C(=O)OC1C(O)CO,MoleculeNet_HIV
hiv_13172,COc1cc2ccnc3c2c(c1OC)CC1CC(O)C(OC)CC31.Cl,MoleculeNet_HIV
hiv_23163,Cc1cn(C2CC(N(O)Cc3ccccc3)C(CO)O2)c(=O)[nH]c1=O,MoleculeNet_HIV
hiv_25024,CN1C2C=CC(=O)C1C(C#N)C2,MoleculeNet_HIV
hiv_26090,N#CC(=CN1CC(=O)NC1=S)c1nc2ccccc2s1,MoleculeNet_HIV
hiv_28471,[Cl-].c1ccc(C[P+]2(c3ccccc3)c3ccccc3-c3ccccc32)cc1,MoleculeNet_HIV
hiv_8094,Cc1c2ccnc(C(N)=O)c2c(C)c2c1[nH]c1ccccc12,MoleculeNet_HIV
hiv_34900,NC(Cc1ccc(S(=O)(=O)O)cc1)C(=O)NC(Cc1ccc(S(=O)(=O)O)cc1)C(=O)NC(Cc1ccc(S(=O)(=O)O)cc1)C(=O)O.[NaH],MoleculeNet_HIV
hiv_8156,N=C(N)NNC(O)(C(=O)O)C(=O)O,MoleculeNet_HIV
hiv_19460,COC(=O)C(Cc1nc2ccccc2nc1C)C(=NNC(N)=O)C(=O)Nc1cccc([N+](=O)[O-])c1,MoleculeNet_HIV
hiv_16810,O=C(Nc1ccc(Cl)cc1Cl)C(Cl)=C1Sc2ccccc2NC1=O,MoleculeNet_HIV
hiv_32146,COCCNC1CCC(=O)c2[nH]c3ccccc3c21,MoleculeNet_HIV
hiv_20075,CC1=NN(c2ccccc2)C(=O)C1=C1SCCCS1,MoleculeNet_HIV
hiv_34508,Cc1ccc(S(=O)(=O)N2CCN3CCN(CCN(C)CCN4CCN(CC4)CCN(S(=O)(=O)c4ccc(C)cc4)CCN(S(=O)(=O)c4ccc(C)cc4)CCN(S(=O)(=O)c4ccc(C)cc4)CCN(S(=O)(=O)c4ccc(C)cc4)CCN4CCN(CCN(C)CCN5CCN(CC5)CCN(S(=O)(=O)c5ccc(C)cc5)CCN(S(=O)(=O)c5ccc(C)cc5)CCN(S(=O)(=O)c5ccc(C)cc5)CC2)CC4)CC3)cc1,MoleculeNet_HIV
hiv_27235,O=[n+]1onc2c3nn(-c4ccccc4)nc3cc[c-]21,MoleculeNet_HIV
hiv_32799,Cc1ccc(C2CC(=O)CC(c3ccc(C)cc3)C23C(=O)c2ccccc2C3=O)cc1,MoleculeNet_HIV
hiv_34835,CCOC(=O)C1=NN(c2ccc([N+](=O)[O-])cc2)C2(C)CC3(c4ccccc4)N(c4ccc([N+](=O)[O-])cc4)N=C(C(=O)OCC)N3c3ccccc3N12,MoleculeNet_HIV
hiv_8586,COc1cc(NCc2ccc3nc(N)nc(N)c3c2C)cc(OC)c1OC.O=CC(O)C(O)C(O)C(O)C(=O)O,MoleculeNet_HIV
hiv_28336,CCOC(=O)c1c(C)nc(S)c(C#N)c1-c1ccco1,MoleculeNet_HIV
hiv_20680,COc1cc2c(cc1OC)C(Cc1cc(Br)c(OC)c(OC)c1)=[N+](C)CC2.[I-],MoleculeNet_HIV
hiv_28475,c1ccc(P2c3ccccc3Oc3ccccc32)cc1,MoleculeNet_HIV
hiv_6480,O=C(Nc1ccc2[nH]c(=S)sc2c1)Nc1ccccc1F,MoleculeNet_HIV
hiv_13126,O=C1c2cccc3c2C(=O)c2c(cccc21)OCCOCCOCCOCCO3,MoleculeNet_HIV
davis_10113978,Cc1ccc(Nc2nccc(N(C)c3ccc4c(C)n(C)nc4c3)n2)cc1S(N)(=O)=O,DAVIS_spike_in
hiv_3091,CN(C)CCNC1c2ccccc2CCc2ccccc21,MoleculeNet_HIV
hiv_40045,CCCCc1ccc(N2C(=O)c3cc(C)cnc3S2(=O)=O)cc1,MoleculeNet_HIV
hiv_32861,CC1(CCCO)CCCCCC(C)(CCCO)C1=O,MoleculeNet_HIV
hiv_38437,CC(=NOc1cc(Cl)ncn1)c1ccccn1,MoleculeNet_HIV
hiv_11146,CNC(=NC(=S)N(C)C)N(C)C,MoleculeNet_HIV
hiv_31280,O=[N+]([O-])C(Cl)=CC(=C1Nc2ccccc2O1)[N+](=O)[O-],MoleculeNet_HIV
hiv_21855,O=C(c1cc2ccccc2[nH]1)C(O)(c1cc2ccccc2[nH]1)c1cc2ccccc2[nH]1,MoleculeNet_HIV
hiv_29851,COc1cc2c3c(c1)[nH]c(=S)n3C(=O)C(C)S2,MoleculeNet_HIV
hiv_9150,Cl[Pt-2]1(Cl)NC2CCCC2N1,MoleculeNet_HIV
hiv_37526,O=[N+]([O-])c1ccc(CSc2nn(Cc3ccc([N+](=O)[O-])cc3)cc3ncnc2-3)cc1,MoleculeNet_HIV
hiv_23422,CN(CCO)c1nc(=O)c2c(n1C1OC(CO)C(O)C(O)C1O)CCCC2,MoleculeNet_HIV
hiv_14058,CSc1snc2sc3c(Cl)nnnc3c12,MoleculeNet_HIV
hiv_39541,C(CCCCc1nnc(N2CCOCC2)o1)CCCc1nnc(N2CCOCC2)o1,MoleculeNet_HIV
hiv_26827,CC1(C)COC2=C(C1)C(=O)c1ccccc1C2=O,MoleculeNet_HIV
hiv_11601,O=S(O)CCCCCSSCCCCSSCCCCCS(=O)O.[NaH],MoleculeNet_HIV
hiv_6708,c1cc(-c2nc(-c3ccncc3)nc(-c3ccncc3)n2)ccn1,MoleculeNet_HIV
hiv_26846,Cc1ccc(C2=Nc3c(c(C)nn3-c3ccccc3)N=C(C(=O)O)C2)cc1,MoleculeNet_HIV
hiv_28422,N#CCC1C2CC3C(C2=O)C13,MoleculeNet_HIV
hiv_7844,Cc1nnc2sc3c(Cl)c4nn5c(C)nnc5sc4c(Cl)c3nn12,MoleculeNet_HIV
hiv_38926,O=C(OC1=CCN(Br)C1=O)C1=C(O)C(=O)N(Br)C1,MoleculeNet_HIV
hiv_40477,COC(=O)c1cc(C(=O)Nc2cc(C(=CCCC3CCC4(C)C(CCC5C4CCC4(C)C(C(C)CCCC(C)C)CCC54)C3)c3cc(NC(=O)c4ccc(OC)c(C(=O)OC)c4)c(OC)c(C(=O)OC)c3)cc(C(=O)OC)c2OC)ccc1OC,MoleculeNet_HIV
hiv_37264,Cc1cccc(CP(Cc2cccc(C)c2)CC2(Cp3c4ccccc4c4ccccc43)COC2)c1,MoleculeNet_HIV
hiv_4061,CN(Cc1c(S)ccc2ccccc12)Cc1c(S)ccc2ccccc12,MoleculeNet_HIV
hiv_16162,C=CCNC1=NC(=O)C(CC(=O)Nc2ccc([N+](=O)[O-])cc2[N+](=O)[O-])S1,MoleculeNet_HIV
hiv_26581,O=[N+]([O-])c1ccc(C=NNc2nnc3c4ccccc4c4ncccc4c3n2)o1,MoleculeNet_HIV
hiv_22507,COc1ccc2c(c1)OCC1c3cc4c(cc3OC21)OCO4,MoleculeNet_HIV
hiv_7359,CN1C(=O)Cn2c(n[nH]c(=O)c2=O)-c2cc(Cl)ccc21,MoleculeNet_HIV
hiv_2854,c1nc(SSc2ncnc3[nH]cnc23)c2nc[nH]c2n1,MoleculeNet_HIV
hiv_24228,CSCCCNC(=O)c1csc(-c2c[s+]c(CCN)[nH]2)n1.Cl,MoleculeNet_HIV
hiv_39538,Oc1ccc2ccccc2c1NCn1nc(CCCCCCCCc2nn(CNc3c(O)ccc4ccccc34)c(=S)o2)oc1=S,MoleculeNet_HIV
hiv_36797,COc1ccc(C=CC(=O)CCN2CCN(CCC(=O)C=Cc3ccc(OC)cc3)CC2)cc1.Cl,MoleculeNet_HIV
hiv_35167,O=c1[nH]oc2ccccc12,MoleculeNet_HIV
hiv_13316,COC(=O)C1C(=O)C(C(=O)OC)C2C(C(=O)OC)C(=O)C(C(=O)OC)C12,MoleculeNet_HIV
hiv_39078,C[Si](C)(C)C1=C2C(=O)c3ccccc3C(=O)C2=C([Si](C)(C)C)C2CCCCC12,MoleculeNet_HIV
hiv_16296,COC1CCC(=O)N1CCn1c(SCc2ccccc2)nc2ccccc21,MoleculeNet_HIV
hiv_37595,N#Cc1nc(C(=O)c2ccccc2)oc1N,MoleculeNet_HIV
hiv_10080,CS1(C)=NC(=O)C2=C(N=1)c1ccccc1S2(=O)=O,MoleculeNet_HIV
hiv_35522,N#Cc1nc(-c2cccc(-c3nc(C#N)c(N)o3)n2)oc1N,MoleculeNet_HIV
hiv_28193,O=c1c2ccccc2c2c1c1c3ccccc3c(=O)c1c1c3ccccc3c(=O)c21,MoleculeNet_HIV
hiv_33105,O=c1[nH]nc(Cc2ccccc2)n1N=Cc1ccncc1,MoleculeNet_HIV
hiv_40678,COC(=N)C12C(=N)NC(OC)(OC)C1(C#N)C21C(=O)N(c2ccccc2)N=C1C,MoleculeNet_HIV
hiv_23598,COc1cc(Cc2ccc3c(c2C#N)N(C)c2ccccc2S3)cc(OC)c1OC,MoleculeNet_HIV
hiv_4170,CCC1CN2CCc3cc(OC)c(OC)cc3C2CC1CC1c2cc(OC)c(OC)cc2CCN1C(=O)CNC(=O)OC(C)(C)C,MoleculeNet_HIV
hiv_33064,Cc1ccc(S(=O)(=O)N2CCNCCN(S(=O)(=O)c3ccc(C)cc3)CCN(S(=O)(=O)c3ccc(C)cc3)CC2)cc1,MoleculeNet_HIV
hiv_25477,COC(=O)C(=CC(=O)c1ccc(Br)cc1)NN=C(c1ccccc1)c1ccccc1,MoleculeNet_HIV
hiv_15633,C1=[N+]2[N-]C(N3CC4CCC(CC4)C3)=[S+][Cu-2]2[n+]2ncccc21,MoleculeNet_HIV
hiv_23689,CC(C)C(NC(=O)OC(C)(C)C)C(=O)N(C)C(Cc1ccccc1)C(=O)N(C)C(C(=O)N(C)C(C(=O)N1CCCC1C(=O)OCc1ccccc1)C(C)C)C(C)C,MoleculeNet_HIV
hiv_24273,Cl.Cn1cc(N)cc1C(=O)Nc1cc(C(=O)Nc2cc(S(=O)(=O)O)c3cc(S(=O)(=O)O)cc(S(=O)(=O)O)c3c2)n(C)c1.[NaH],MoleculeNet_HIV
hiv_9761,N=C(N)SCc1ccccc1.O=C(O)C1CC2C3C=CC(C3)C2C1,MoleculeNet_HIV
hiv_37270,COc1cc(Cc2cnc(N)nc2N)cc(OC)c1OCCCNc1ccc([N+](=O)[O-])cc1,MoleculeNet_HIV
hiv_14381,CCOC(=O)C1SC(=Nc2ccc(C)c(C)c2)N=C1C,MoleculeNet_HIV
hiv_10422,CC1(CCC(=O)c2ccc3c(c2)OCO3)OCCO1,MoleculeNet_HIV
hiv_37585,O=c1[nH]c2ccc(CC(=S)N3CCOCC3)cc2s1,MoleculeNet_HIV
hiv_10530,CC1CC(C)C2=NOS3=C2C1=NO3,MoleculeNet_HIV
hiv_5071,COC1C=COC2(C)Oc3c(C)c(O)c4c(O)c(c(C=NOC(c5ccccc5)c5ccccc5)c(O)c4c3C2=O)NC(=O)C(C)=CC=CC(C)C(O)C(C)C(O)C(C)C(OC(C)=O)C1C,MoleculeNet_HIV
hiv_3942,CC1(CCC#N)CCC(=N)C=C1O,MoleculeNet_HIV
hiv_15521,Cn1cc2c(n1)c(NN=Cc1ccccc1)nn1nnnc21,MoleculeNet_HIV
hiv_12172,CCOC(=O)NC(=O)c1cn(CCCOC(=O)NCCCCCCNC(=O)OCCCn2cc(C(=O)NC(=O)OCC)c(=O)[nH]c2=O)c(=O)[nH]c1=O,MoleculeNet_HIV
hiv_2306,O=C(Nc1ccc(Sc2ccc(N=Nc3c(O)c(S(=O)(=O)O)cc4cc(S(=O)(=O)O)ccc34)cc2)cc1)c1ccc(N=Nc2cc(S(=O)(=O)O)c3ccccc3c2O)cc1,MoleculeNet_HIV
hiv_11444,CN(C(=O)C1CC1)C1C2CN3CCC(O2)C13,MoleculeNet_HIV
hiv_10710,NC1CN(C(COCc2ccccc2)c2ccc(OCc3ccccc3)cc2)C1=O,MoleculeNet_HIV
hiv_14734,Cn1cnc([N+](=O)[O-])c1Sc1nnc(-c2ccc(Cl)cc2)[nH]1,MoleculeNet_HIV
hiv_28428,OC(C1CCCCCCCCCC1)C(O)C1CCCCCCCCCC1,MoleculeNet_HIV
hiv_37447,Cc1ccc(N=Nc2c(=N)[nH]n3cc4c(nc23)CCCC4)cc1,MoleculeNet_HIV
hiv_21570,O=Cc1cc2c(cc1-c1c(C=O)ccc3c1OCO3)OCO2,MoleculeNet_HIV
hiv_24844,CC(=O)NNC(=S)NC=C1C(=O)C=C(C)OC1=O,MoleculeNet_HIV
hiv_3634,Cc1ccc(S(=O)(=O)O)cc1.Oc1cnnc(O)n1,MoleculeNet_HIV
hiv_38232,O=c1[nH][nH]c(=O)n1Cc1ccccc1Cn1c(=O)[nH][nH]c1=O,MoleculeNet_HIV
hiv_20271,CC12CCC(=O)N1C(c1ccccc1)C(c1ccccc1)O2,MoleculeNet_HIV
hiv_10311,c1ccc(Cc2nnc3n2CCC(c2ccccc2)S3)cc1,MoleculeNet_HIV
hiv_15726,CCCC[Sn]1(CCCC)ON=C(c2ccccc2)C(c2ccccc2)O1,MoleculeNet_HIV
hiv_14794,C=C(C(=C)P(=S)(C(C)C)C(C)C)P(=S)(C(C)C)C(C)C,MoleculeNet_HIV
hiv_4745,COc1ccc(-c2[nH]nc3c2CCCc2ccccc2-3)cc1,MoleculeNet_HIV
hiv_18441,CCCCCCCCCCCCCCCCCCN1C(=O)c2ccccc2[Se]1=O,MoleculeNet_HIV
hiv_36008,Cc1ccc(S(=O)(=O)NC2C(=O)c3ccccc3C(=O)C2n2ccnc2)cc1,MoleculeNet_HIV
hiv_22062,COC(=O)C(=O)C(C(=O)C(=O)Nc1nc2ccc(C)cc2s1)c1nc2ccc([N+](=O)[O-])cc2nc1O,MoleculeNet_HIV
hiv_31384,Cn1c(=O)c2nc(N=Nn3ccc4ccccc43)[nH]c2n(C)c1=O,MoleculeNet_HIV
hiv_10919,CC12CCNC(=O)C=C1CCC1C2CCC2(C)C(OC(=O)COc3ccc(N(CCCl)CCCl)cc3)CCC12,MoleculeNet_HIV
hiv_35493,CCc1ccc2c(c1)C(=O)[OH+][Cu-3]13Oc4ccc(CC)cc4C(=O)[OH+][Cu-3](O2)(Oc2ccc(CC)cc2C(=O)[OH+]1)[OH+]C(=O)c1cc(CC)ccc1O3,MoleculeNet_HIV
hiv_32362,N#CC(=Cc1cc(O)c(O)c(Br)c1)C(=O)NCCCNC(=O)C(C#N)=Cc1cc(O)c(O)c(Br)c1,MoleculeNet_HIV
hiv_6926,COc1ccc(OP2OCC(C)O2)cc1,MoleculeNet_HIV
hiv_12784,Cc1cccc(N=Nc2c(C)nn(C(=O)c3ccccc3)c2C)c1,MoleculeNet_HIV
hiv_20177,O=C1OCc2c1cc1ccc(O)c(OC3OC(CO)C(O)C(O)C3O)c1c2-c1ccc2c(c1)OCO2,MoleculeNet_HIV
hiv_22572,O=Cc1ccccc1OCCOc1cc(OCCOc2ccccc2C=O)c(OCCOc2ccccc2C=O)cc1OCCOc1ccccc1C=O,MoleculeNet_HIV
hiv_27166,Cc1cc2c(nn1)-c1ccccc1C2=O,MoleculeNet_HIV
hiv_18198,c1ccc2c(C3NCCc4[nH]cnc43)cccc2c1,MoleculeNet_HIV
hiv_9918,O=NNc1ccc(Sc2ccc(NN=O)cn2)nc1.[NaH],MoleculeNet_HIV
hiv_12327,COc1cc(C)c2c(c1)C=C1C(=O)C(O)=C(C(C)C)C(=O)C1=CC2,MoleculeNet_HIV
hiv_21460,Cc1ccc(S(=O)(=O)NN=Cc2oc(-c3ccncc3)c(-c3ccncc3)c2[N+](=O)[O-])cc1,MoleculeNet_HIV
hiv_9577,CCOC(=O)c1c2nc3ccccc3sc-2c(C(=O)OCC)c1C(=O)OCC,MoleculeNet_HIV
hiv_25189,CCn1c(=O)c2c3cc(OC(C)=O)ccc3oc2c2ccc(OC(C)=O)cc21,MoleculeNet_HIV
hiv_41053,COc1cc(C=C2CCC(=Cc3ccc(O)c(OC)c3)C2=O)ccc1O,MoleculeNet_HIV
hiv_19820,Cc1ccc(C2=C(c3ccc(C)cc3)C(c3ccc(C)cc3)=C(c3ccc(C)cc3)C2=O)cc1,MoleculeNet_HIV
hiv_12208,Cc1nc2ccccc2c(=O)n1Nc1ccc(C(=O)O)cc1,MoleculeNet_HIV
hiv_22882,COc1cc(-c2cccs2)sc1-c1cccs1,MoleculeNet_HIV
hiv_26193,Cc1cnc(N=c2sc(C)cn2-c2ncc(C)s2)s1,MoleculeNet_HIV
hiv_25450,Cc1ccc(S(=O)(=O)n2ccn3c(=O)cc(C)nc23)cc1,MoleculeNet_HIV
hiv_5227,C1CN(CCSSCCN2CCOCC2)CCO1,MoleculeNet_HIV
hiv_28580,C#CC1(O)CCCCCCCCC2(CCCCCCCC1)OCCO2,MoleculeNet_HIV
hiv_16752,CCOc1ccc(NC(=O)C(=O)CC(=O)C2=C(C)Nc3ccccc3S2)cc1,MoleculeNet_HIV
hiv_24109,Cc1ccc(C)c2c1C1CCCCC3(OCCCO3)C21O,MoleculeNet_HIV
hiv_11925,O=C1CCCC2COc3ccc(O)c1c32,MoleculeNet_HIV
hiv_12678,CC(C)CC1CC2C(=O)N(c3ccccc3)C(=O)C2c2[nH]c3ccccc3c21,MoleculeNet_HIV
hiv_17236,C[N+]1(C)CC(=CC=Cc2ccccc2)C(=O)C(=CC=Cc2ccccc2)C1.[IH2+],MoleculeNet_HIV
hiv_37370,O=C(c1ccco1)N(C(=S)OCc1ccccn1)c1ccccc1,MoleculeNet_HIV
hiv_7625,CC[Sn](Cl)(Cl)CC,MoleculeNet_HIV
hiv_144,CC(C)c1ccc2c(c1)CCC1C2(C)CCCC1(C)C(O)c1ccccc1,MoleculeNet_HIV
hiv_26076,O=C(C1=CC=CCC1)C(=CNC(=S)c1ccncc1)C(=O)c1ccccc1,MoleculeNet_HIV
hiv_23601,Cc1ccc(C(=O)C=C2Nc3c(c(=O)oc4ccccc34)N=C2NC23CC4CC(CC(C4)C2)C3)cc1,MoleculeNet_HIV
hiv_5501,NCCSSCC(N)C(=O)O,MoleculeNet_HIV
hiv_34770,O=C(NO)NCCCl,MoleculeNet_HIV
hiv_23441,CC(C)(C)C1=CC(=C2C(=O)C(=O)c3ccccc3C2=O)C=C(C(C)(C)C)C1=O,MoleculeNet_HIV
hiv_41010,Cc1cc(S(=O)(=O)NC2=NCCN2Cc2ccccc2)c(S)cc1Cl,MoleculeNet_HIV
hiv_12892,C1=[N+]2c3ccccc3[SH+][Zn-4]234([O+]=C1c1ccco1)[O+]=C(c1ccco1)C=[N+]3c1ccccc1[SH+]4,MoleculeNet_HIV
hiv_13759,C=C1C(OC(=O)CC(c2ccccc2)N(C)C)CC(OC(C)=O)C2(C)C1CC1CC(OC(C)=O)C(C)=C(C(OC(C)=O)C2OC(C)=O)C1(C)C,MoleculeNet_HIV
hiv_30298,Cc1nn(-c2cc(Cl)ccc2[N+](=O)[O-])c(C)c1Cl,MoleculeNet_HIV
hiv_13118,CCCCCCCCCCCCCP(=O)(OC)OC,MoleculeNet_HIV
hiv_8350,CC1(C)SC(C)(C)N2C(=O)C3N(C(=O)C21)C(C)(C)SC3(C)C,MoleculeNet_HIV
hiv_12708,CC(=O)OC1CCC2(C)C(=CCC3C(CC#N)C(C)(C#N)CCC32)C1,MoleculeNet_HIV
hiv_15868,CC(=O)NC1C(=O)N(c2ccccc2)C1c1ccccc1,MoleculeNet_HIV
hiv_21925,Cc1nc2c(nc1Cl)nc(Oc1ccc(Cl)cc1)c1ccccc12,MoleculeNet_HIV
hiv_11355,C1CCC(OCc2nnn3c2CCC3)OC1,MoleculeNet_HIV
hiv_9880,C(=Nc1ccc(SSc2ccc(N=C=C(c3ccccc3)c3ccccc3)cc2)cc1)=C(c1ccccc1)c1ccccc1,MoleculeNet_HIV
hiv_27462,ON=C1CSc2ccccc2C1,MoleculeNet_HIV
hiv_19700,O=C1CCC(O)=C1O,MoleculeNet_HIV
hiv_5133,COC1C=COC2(C)Oc3c(C)c(O)c4c(O)c(c(CN5CCN(C)CC5)c(O)c4c3C2=O)NC(=O)C(C)=CC=CC(C)C(O)C(C)C(O)C(C)C(OC(C)=O)C1C,MoleculeNet_HIV
hiv_35691,CC(=O)Oc1c(N2CCCCC2)c(C(=O)c2ccccc2)c(O)c2ccn(N(C)C)c12,MoleculeNet_HIV
hiv_38630,COc1ccc(C2OCC3OC(n4cc(C)c(=O)[nH]c4=O)CC3N2O)cc1,MoleculeNet_HIV
hiv_10476,CSc1cnn(CCC#N)c(=O)n1,MoleculeNet_HIV
hiv_37535,CC(=O)NS(=O)(=O)c1ccc(NC(=O)c2ccccc2SSc2ccccc2[N+](=O)[O-])cc1,MoleculeNet_HIV
hiv_14169,CC=CC(=O)C(C)C1=CC(=O)C2=C(OC34CCC(O)C(C)(C)C3CCC(C)C4(C)C2)C1=O,MoleculeNet_HIV
hiv_21399,CCN(N=C1CC2C=CCN(C2)C(=O)Cc2c1[nH]c1ccccc21)S(=O)(=O)c1ccc(C)cc1,MoleculeNet_HIV
hiv_20635,COc1ccc(CC2c3c(cc(OC)c(OC)c3OC)CCN2C)cc1OC.Cl,MoleculeNet_HIV
hiv_10065,Cc1csc2nc(=N[N+](=O)[O-])sn12,MoleculeNet_HIV
hiv_14420,Cc1cc(Cl)ccc1NC(=O)CCC(CC(=O)C(C)C)=NNC(=O)C[n+]1ccccc1.[Cl-],MoleculeNet_HIV
hiv_2992,COC1=C(N=[N+]=[N-])C(=O)c2ncccc2C1=O,MoleculeNet_HIV
davis_11485656,Cc1ccc(F)c(NC(=O)Nc2ccc(-c3cccc4[nH]nc(N)c34)cc2)c1,DAVIS_spike_in
hiv_5034,COC1C=COC2(C)Oc3c(C)c(O)c4c(O)c(cc(OCC(=O)N5CC(C)(C)C5)c4c3C2=O)NC(=O)C(C)=CC=CC(C)C(O)C(C)C(O)C(C)C(OC(C)=O)C1C,MoleculeNet_HIV
hiv_26968,CCOC(=O)c1c2cccccc-2nc1Nc1cccc2c(C)ccnc12,MoleculeNet_HIV
hiv_40405,CC(=O)OC1C(OC2CCCC2(c2ccccc2)c2ccccc2)O[N+]([O-])=CC12COCc1cc3c(cc12)OCO3,MoleculeNet_HIV
hiv_35452,CCOC(=O)CN1C(=O)c2c(c(C)n(-c3ccccc3)c2C)C1=O,MoleculeNet_HIV
hiv_20146,CCSc1nnc(CSc2nc(-c3ccccc3)c(-c3ccccc3)[nH]2)n1-c1ccccc1,MoleculeNet_HIV
hiv_40,CS(C)=O,MoleculeNet_HIV
hiv_25244,CC1=C(C(=O)NC2CCCCC2)CC(C(=O)NC2CCCCC2)=C(C)N1,MoleculeNet_HIV
hiv_14655,Cc1ccc(S(=O)(=O)O)cc1.N=C(NO)NN=Cc1cccs1,MoleculeNet_HIV
hiv_36686,CCC(=O)N[IH2]1OC(=O)c2ccccc21,MoleculeNet_HIV
hiv_12451,COC(=O)C(C#N)=C1NN=NN1CCCN1CCOCC1,MoleculeNet_HIV
hiv_5654,NC(=O)CNCCS(=O)(=O)O,MoleculeNet_HIV
hiv_952,N#CC1(c2ccccc2)CCN(Cc2ccccc2)CC1,MoleculeNet_HIV
hiv_39787,CN1CCN(c2ncc3c(n2)sc2c(=O)n(-c4ccccc4)cnc23)CC1,MoleculeNet_HIV
hiv_19682,Cc1cc(-n2nnnc2-c2ccc([N+](=O)[O-])cc2)no1,MoleculeNet_HIV
hiv_37831,COc1ccc(C2c3c(-c4ccccc4)nn(-c4ccccc4)c3Oc3ncn(N)c(=N)c32)cc1OC,MoleculeNet_HIV
hiv_7492,Cc1cc(C)c(SSc2nnnn2-c2ccccc2)c(C)c1,MoleculeNet_HIV
hiv_27994,CCC#CC(O)(C(=O)OC1CN2CCC1CC2)C1CCCC1,MoleculeNet_HIV
hiv_7027,Cn1nc(-c2ccc(Cl)c(Cl)c2)[n+]([O-])c2c(=O)n(C)c(=O)nc1-2,MoleculeNet_HIV
hiv_11359,c1ccc2c(c1)SCCc1nncn1-2,MoleculeNet_HIV
hiv_28361,COc1ccc(C=NNc2nc3ccccc3c(=O)n2-c2ccccc2)c(OCc2ccccc2)c1,MoleculeNet_HIV
hiv_13586,O=C1CC2C=CC1C2CO,MoleculeNet_HIV
hiv_38425,CCOC1=NC(O)c2cccn2-c2sccc21,MoleculeNet_HIV
hiv_9298,CC(=O)NC(Cc1ccc(Cl)cc1)C(=O)NC(Cc1ccc(Cl)cc1)C(=O)NC(Cc1cccnc1)C(=O)NC(CO)C(=O)NC(Cc1ccc(O)cc1)C(=O)NC(CCCNC(=N)N)C(=O)NC(CC(C)C)C(=O)NC(CCCNC(=N)N)C(=O)N1CCCC1C(=O)NC(C)C(=O)O,MoleculeNet_HIV
hiv_4283,O=C1N=C(NO)c2ccccc21,MoleculeNet_HIV
hiv_34626,CC1(c2nc3ccccc3[nH]2)CCC(C(=O)O)C(C)(C)O1,MoleculeNet_HIV
hiv_29338,CC(CCc1nc2ccccc2o1)C1CCC2C3CCC4CC(O)CCC4(C)C3CC(O)C12C,MoleculeNet_HIV
hiv_30730,COc1ccc(-c2cc(-c3ccc(Cl)cc3)n(C3OC(CO)C(O)C(O)C3O)c(=S)c2C#N)cc1,MoleculeNet_HIV
hiv_23135,COc1cc2cc3c4c(cc(OC)c(OC)c4c2cc1OC)CCN3C(=O)CCC(=O)O,MoleculeNet_HIV
hiv_41086,CC(C)(C)[Si](C)(C)OCC1OC(n2ccc(=O)[nH]c2=O)CC12CCN(O)CO2,MoleculeNet_HIV
hiv_38508,CC(=O)Nc1ccc2[nH]c(C(=O)N3CC(CCl)c4c3cc(N)c3ccccc43)cc2c1,MoleculeNet_HIV
hiv_1993,O=C(Nc1ccc(C2=NC3CCCCC3N2)cc1)c1ccc(C(=O)Nc2ccc(C3=NC4CCCCC4N3)cc2)cc1,MoleculeNet_HIV
hiv_9188,CNc1ncn(-c2c(C)cccc2C)c(=O)n1,MoleculeNet_HIV
hiv_2041,O=C1NNC(=O)C2C3C=CC(O3)C12,MoleculeNet_HIV
hiv_37352,CCOC(=O)c1nc2c(Cl)c3ncccc3cc2nc1O,MoleculeNet_HIV
hiv_22696,CCSCCCSCCSCC,MoleculeNet_HIV
hiv_34031,O=c1[nH]c(=O)n(C2CC(O)C(CO)O2)c2nc3ccc4ccccc4c3nc12,MoleculeNet_HIV
hiv_4064,NC(=O)C1C(=O)c2cccc3c2C1CCCC3,MoleculeNet_HIV
hiv_2296,Nc1ccc(-c2nc3ccccc3s2)cc1S(=O)(=O)O,MoleculeNet_HIV
hiv_40497,COc1ccc2nc3ccc(OC)cc3c(SCc3ccc([N+](=O)[O-])cc3)c2c1,MoleculeNet_HIV
hiv_1226,O=C(Nc1ccccn1)Nc1ccccn1,MoleculeNet_HIV
hiv_30147,Nc1nc(SC2CCCCC2)nc2c1ncn2C1OC(CO)C(O)C1O,MoleculeNet_HIV
hiv_4540,CC1Cc2c(nc3n(c2=O)CCCCC3)O1,MoleculeNet_HIV
hiv_39589,COc1ccc(C23CCC(=O)CC2N(C)CC3)cc1OC.Cl,MoleculeNet_HIV
hiv_21837,Cn1c2ccccc2c2cc(-c3ccccc3)c3c(c21)C(=O)c1ccccc1C3=O,MoleculeNet_HIV
hiv_2043,CC(=O)Oc1ccc(C2(c3ccc(OC(C)=O)cc3)C(=O)Nc3ccccc32)cc1,MoleculeNet_HIV
hiv_32410,CC(=O)OCC1OC(n2c3c(c(-c4ccc(C)cc4)c(C#N)c2=S)C(=O)CC(C)(C)C3)C(OC(C)=O)C(OC(C)=O)C1OC(C)=O,MoleculeNet_HIV
hiv_7949,O=S1(=O)c2ccccc2C(O)(c2ccccc2)c2cc3ccccc3n21,MoleculeNet_HIV
hiv_40839,CC(C)(C)OC(=O)N(CC1OC(n2cnc3c(N)ncnc32)C2OC(C)(C)OC12)OC(=O)C(C)(C)C,MoleculeNet_HIV
hiv_30368,O=C1NC2c3c(Br)sc(Br)c3C(=O)C2O1,MoleculeNet_HIV
hiv_25346,CCN(CC)CCNc1ccc([N+](=O)[O-])c2[nH]c3ccccc3c(=N)c12,MoleculeNet_HIV
hiv_37980,CC(C)=CC=C1CS(=O)(=O)C=C1C,MoleculeNet_HIV
hiv_36891,CCCCC1=NNC(=O)C1,MoleculeNet_HIV
hiv_11872,CCN1CC2(COC)CCC(O)C34C5CC6C(OC)CC(O)(C5C6O)C(O)(C(OC)C23)C14,MoleculeNet_HIV
hiv_34129,Cc1ccc(NC(=O)c2cc3c(cc2Cl)Sc2nccn2S3(=O)=O)cc1,MoleculeNet_HIV
hiv_25981,N#CC(=Cn1c(=S)[nH]c2ccc([N+](=O)[O-])cc21)c1ccc([N+](=O)[O-])cc1,MoleculeNet_HIV
hiv_40277,CCc1c(Cc2cc(C)cc(C)c2)n(COCCSc2ccccc2)c(=O)[nH]c1=O,MoleculeNet_HIV
hiv_21327,O=C(Nc1nc(=S)[nH][nH]1)C(=O)C1C(=O)Nc2ccccc2S1=O,MoleculeNet_HIV
hiv_40570,O=C(CC(C(=O)c1ccoc1)c1ccco1)c1ccco1,MoleculeNet_HIV
hiv_12030,COC(=O)C1C=NNC1C(=O)OC,MoleculeNet_HIV
hiv_5757,FC(F)(F)c1ccc2c(c1)N(CCCNCCN1CCOCC1)c1ccccc1S2,MoleculeNet_HIV
hiv_38396,CCCCCCCCCCCCCCCC(=O)Nc1ccn(C2CCC(COP(=O)(O)OCC3CCC(n4cnc5c(O)ncnc54)O3)O2)c(=O)n1,MoleculeNet_HIV
hiv_40035,Cc1nn(-c2ccccc2)c2nc3ccc(Cl)cc3c(-c3ccccc3)c12,MoleculeNet_HIV
hiv_2705,COc1ccc(C=CC(CC(NO)c2ccc(OC)cc2)=NO)cc1,MoleculeNet_HIV
hiv_14886,O=C1c2ccccc2C(=O)c2sc(Nc3cccc(Cl)c3)nc21,MoleculeNet_HIV
hiv_15296,Cl.N=C(Nc1c([N+](=O)[O-])cnc2ccccc12)N1CCOCC1,MoleculeNet_HIV
hiv_29853,O=C1CC(c2ccsc2)NC(=O)N1CCCl,MoleculeNet_HIV
hiv_30460,ClCc1c(-c2ccccc2)nn(-c2ccccc2)c1CCl,MoleculeNet_HIV
hiv_19513,CCOc1ccc2nc(NC(=O)c3cc(=NNC(=O)C[N+](C)(C)C)c4ccc(O)cc4o3)sc2c1.[Cl-],MoleculeNet_HIV
hiv_15337,COc1ccc(C=C2CCCC(C(NO)c3ccc(OC)cc3)C2=NO)cc1,MoleculeNet_HIV
hiv_28505,C[Si](C)(C)C#CCOC=C1CC1,MoleculeNet_HIV
davis_151194,Clc1ccc(Nc2nnc(Cc3ccncc3)c3ccccc23)cc1,DAVIS_spike_in
hiv_10210,O=S(O)CCCCSSCC(O)CO.[NaH],MoleculeNet_HIV
hiv_23685,COc1ccc(C(NC(=O)CC(C(=O)N(C)C(C)C(=O)O)N(C)C(=O)C2CCCN2C(=O)C(C(C)C)N(C)C(=O)C(C(C)C)N(C)C(=O)C(Cc2ccccc2)N(C)C(=O)C(NC(=O)OC(C)(C)C)C(C)C)c2ccc(OC)cc2)cc1,MoleculeNet_HIV
hiv_9861,COC1(c2cccs2)OC(=O)c2c([N+](=O)[O-])cccc21,MoleculeNet_HIV
hiv_16914,CCN(CC)CCCNc1nccc2c(C)c3[nH]c4ccncc4c(=O)c3cc12,MoleculeNet_HIV
hiv_12148,Cc1nc2c(ccc3ncccc32)[nH]1,MoleculeNet_HIV
hiv_25052,Cl.O=C1c2ccccc2Sc2ccccc2N1CCCCCCN1CCN(c2ccc(F)cc2)CC1,MoleculeNet_HIV
hiv_24115,OC12CCC(=NOCc3ccccc3)CC1c1ccccc12,MoleculeNet_HIV
hiv_30772,NN1C(c2ccccc2)=N[NH+]2C1=[S+][Fe-2]21[S-2][Fe-2]2([S+]=C3N(N)C(c4ccccc4)=N[NH+]32)[S-2]1,MoleculeNet_HIV
hiv_3445,Cc1cccc(Nc2ccccc2C(=O)O)c1C,MoleculeNet_HIV
hiv_22064,NNC(=S)NN=C(C(=O)Nc1cccc(O)c1)C1C(=O)NC(=S)NC1=O,MoleculeNet_HIV
hiv_15731,CCCC[Sn]1(CCCC)OC(=O)c2cc(C)ccc2O1,MoleculeNet_HIV
hiv_14729,Cn1cnnc1Sc1c([N+](=O)[O-])ncn1C,MoleculeNet_HIV
hiv_13825,CSc1nc(O)c2[nH]c(=N)n(C3OC(CO)C(O)C(O)C3O)c2n1,MoleculeNet_HIV
hiv_10718,CCCCCC1CC=CC(NC(=O)OCc2ccccc2)C1C=CC(=O)CCCCCOC(=O)c1ccc(Br)cc1,MoleculeNet_HIV
hiv_19193,NC(=O)COC(=O)c1c(Cl)nc2sccn12,MoleculeNet_HIV
hiv_4562,Cc1ccc(SS(=O)(=O)c2ccc([N+](=O)[O-])cc2)cc1,MoleculeNet_HIV
hiv_13236,O=C(O)C(=Cc1ccc2c(c1)OCO2)C(=Cc1ccc2c(c1)OCO2)C(=O)O,MoleculeNet_HIV
hiv_22475,CC(C)c1cccc(C(C)C)c1NC(=O)C(CC(=O)CC(c1ccccc1)c1c(O)c2ccccc2oc1=O)=NO,MoleculeNet_HIV
hiv_40590,Cn1c(-c2ccccc2)cc(-c2ccsc2)c1-c1ccsc1,MoleculeNet_HIV
hiv_33101,Cc1ccc(C=Nn2c(Cc3ccccc3)n[nH]c2=O)cc1,MoleculeNet_HIV
hiv_21185,O=C(c1cc(=O)c2ccc(O)cc2o1)c1ccc(Cl)cc1Cl,MoleculeNet_HIV
hiv_32637,Cc1ccc2c(c1)C(C1Cc3c(C)cccc3C1=O)OC2=O,MoleculeNet_HIV
hiv_30633,CCOC(=O)C=CCCCC(N1CCCC1)n1nnc2ccccc21,MoleculeNet_HIV
hiv_40226,CN(CCNC(=O)c1cn(C)c2c1ccc1ccccc12)CCNC(=O)c1cn(C)c2c1ccc1ccccc12,MoleculeNet_HIV
hiv_8976,Cc1ccccc1N1C(=S)N(c2ccc(Cl)cc2)C2=Nc3ccccc3NC1=C2N=Nc1cc(Cl)ccc1Cl,MoleculeNet_HIV
hiv_24308,CSC1(C)CC2C(CC1N1CCOCC1)C2(C)C,MoleculeNet_HIV
hiv_12902,CCOC(=O)C(O)=C1C(=O)N(C)C(=O)C1c1cccc(OC)c1,MoleculeNet_HIV
hiv_20563,O=[N+]([O-])c1ccc(-c2noc(-c3ccc(Cl)cc3)c2C2=NCCCN2)cc1,MoleculeNet_HIV
hiv_13469,COc1ccc(-c2ccccc2)c(NN=C2CCCNC2=O)c1,MoleculeNet_HIV
hiv_9398,CCCCNC=C1C(=O)Nc2ccccc2NC1=O,MoleculeNet_HIV
hiv_39121,COc1cc2cc(C(=O)N3CC(CCl)c4ccc(N5CCN[Cr]567([O+]=C(C)[CH-]C(C)=[O+]6)[O+]=C(C)[CH-]C(C)=[O+]7)cc43)[nH]c2c(OC)c1OC.[O-][Cl+3]([O-])([O-])[O-],MoleculeNet_HIV
hiv_17419,CCC(=O)C(C)C(=O)C(=O)C(=O)OC,MoleculeNet_HIV
hiv_34117,O=C1C=CC(=O)C(CNc2ccc(C(=O)OC34CC5CC(CC(C5)C3)C4)cc2)=C1,MoleculeNet_HIV
hiv_31574,O=C(NCCCNCCCCNCCCNC(=O)c1cc(-c2ccccc2)nc2ccccc12)c1cc(-c2ccccc2)nc2ccccc12,MoleculeNet_HIV
hiv_31526,Cc1cc(S(=O)(=O)NC2=NCC(C)(C)CN2)c(S)cc1Cl,MoleculeNet_HIV
hiv_14339,C=C(C)C1CCC2(C(=O)O)CCC3(C)C(CCC4C5(C)CCC(OC6OC(CO)C(O)C6OC6OC(C)C(O)C(O)C6O)C(C)(CO)C5CCC43C)C12,MoleculeNet_HIV
hiv_20459,COC(=O)C(C(=O)C(=O)Nc1ccc(C(F)(F)F)cc1[N+](=O)[O-])c1csc(-n2nc(-c3ccccc3)cc2-c2ccccc2)n1,MoleculeNet_HIV
davis_3062316,Cc1nc(Nc2ncc(C(=O)Nc3c(C)cccc3Cl)s2)cc(N2CCN(CCO)CC2)n1,DAVIS_spike_in
hiv_21445,COC(=O)C(=NNc1cccc(Cl)c1)C(C(=O)C(=O)Nc1cccc(Cl)c1C)c1nc2ccccc2nc1C,MoleculeNet_HIV
hiv_39612,CCCCNC(=O)Nc1c(C(N)=O)c2n(c1C(=O)OCC)CCCCC2,MoleculeNet_HIV
hiv_38354,CC(C)(C)[Si](C)(C)OC1C(C[N+]([O-])=NNc2ccc([N+](=O)[O-])cc2)OC(n2ccc(=O)[nH]c2=O)C1O[Si](C)(C)C(C)(C)C,MoleculeNet_HIV
hiv_21480,CCOC(=O)C1C(=NN)CN2CCc3c([nH]c4ccccc34)C12C(=O)OCC,MoleculeNet_HIV
hiv_29532,Cc1cc2ccccc2n1CC(=O)N1CCCC1,MoleculeNet_HIV
hiv_21617,CC(=NNS(=O)(=O)c1ccc(C)cc1)C(CN1CCCCC1)C(c1ccccc1)c1c(O)c2ccccc2oc1=O.Cl,MoleculeNet_HIV
hiv_35353,S=C(N1CCN(c2cccc(Cl)c2)CC1)N1CCN(c2cccc(Cl)c2)CC1,MoleculeNet_HIV
hiv_24589,CSc1sc(=S)sc1C(=O)N(C)c1ccccc1,MoleculeNet_HIV
hiv_11149,Cc1nsc(=NC(=S)N(C)C)n1C,MoleculeNet_HIV
hiv_34119,Cc1cc(S(=O)(=O)n2cc[nH]c2=O)c(S)cc1Cl,MoleculeNet_HIV
hiv_24311,CC1(O)CC2C(CC1SCc1ccccc1)C2(C)C,MoleculeNet_HIV
hiv_10791,O=S(=O)(NC1CCCC1O)c1ccccc1,MoleculeNet_HIV
hiv_9058,CCC1(O)C(=O)OCc2c1cc1n(c2=O)Cc2cc3cc(N)ccc3nc2-1,MoleculeNet_HIV
hiv_1278,O=C(CCl)Nc1ccc(SSc2ccc(NC(=O)CCl)cc2)cc1,MoleculeNet_HIV
hiv_24543,c1ccc(N2N=C(c3ccco3)CC2c2ccco2)cc1,MoleculeNet_HIV
hiv_24450,CCOc1ncn(-c2ccc(NC(=S)Nc3ncccn3)cc2)n1,MoleculeNet_HIV
hiv_35393,O=C1NC(=S)NC1=Cc1ccco1,MoleculeNet_HIV
hiv_33406,COC(=O)c1ccc(OCCn2nnc(C(=O)NN)c2C(=O)NN)cc1,MoleculeNet_HIV
hiv_26465,CC=CC(C(=O)OC)N1C(=O)c2ccccc2C1O,MoleculeNet_HIV
hiv_30756,O=C1c2c(F)c(F)c(F)c(F)c2SC2=NCCN12,MoleculeNet_HIV
davis_11717001,OCCn1cc(-c2ccc3c(c2)CCC3=NO)c(-c2ccncc2)n1,DAVIS_spike_in
hiv_24520,CN(C)CCSC(=Nc1ccccc1)N1CCCCC1,MoleculeNet_HIV
hiv_9189,OCCC(N1CCOCC1)C(O)(c1ccccc1)c1ccccc1,MoleculeNet_HIV
hiv_30657,CSc1nc2c(=O)n(-c3ccccc3)c(=S)n(-c3ccccc3)c2s1,MoleculeNet_HIV
hiv_23927,CCOC12CC(OC)C3(O)CC(C1C3OCc1ccccc1)C13C(OC)CC(O)C4(COC)CN(CC)C1C2C(OC)C43,MoleculeNet_HIV
hiv_6576,CCOC(=O)CN1CCC2CC1c1c([nH]c3ccccc13)C2c1cc2c(cc1OC)N(C)C1C(O)(C(=O)OC)C(OC(C)=O)C3(CC)C=CCN4CCC21C43,MoleculeNet_HIV
hiv_15943,C=CCN=C1N=C(CC(=O)OCC)CS1,MoleculeNet_HIV
hiv_32059,O=[N+]([O-])c1ccc2c(c1)S(=O)(=O)N1Cc3ccccc3CCN21,MoleculeNet_HIV
hiv_15712,Cc1[nH]c2ccccc2c1C1Cc2ccccc2N1C(=O)C=CC=Cc1ccccc1,MoleculeNet_HIV
hiv_29262,NC(CCCCNC(=O)CNC(=O)OCc1ccccc1)C(=O)NC(CCCCNC(=O)CNC(=O)OCc1ccccc1)C(=O)NC(CCCCNC(=O)CNC(=O)OCc1ccccc1)C(=O)NC(CCCCNC(=O)CNC(=O)OCc1ccccc1)C(=O)NC(CCCCNC(=O)CNC(=O)OCc1ccccc1)C(=O)NC(CCCCNC(=O)CNC(=O)OCc1ccccc1)C(=O)O,MoleculeNet_HIV
hiv_27441,CC1(C)CC(=O)C2=C(C1)OC1=C(CC(C)(C)CC1=O)C2c1ccccc1Cl,MoleculeNet_HIV
hiv_6394,Cc1ccc(NC(S)=C(C(=O)c2ccc([N+](=O)[O-])cc2)[n+]2ccc(C(C)C)cc2)c(C)c1,MoleculeNet_HIV
hiv_6906,CCN(CC)C(=O)C1(C)NS(=O)(=O)c2ccccc2C1=O,MoleculeNet_HIV
hiv_32087,N#Cc1c(N2CCCC2)nsc1Nc1ccc(F)cc1,MoleculeNet_HIV
hiv_21746,CCCCCCCCC(=O)NCCN(CCN)C(=O)CCCCCCCC,MoleculeNet_HIV
hiv_484,CC(=O)Oc1ccc2c(oc(=O)c3nc(C)oc32)c1C,MoleculeNet_HIV
hiv_33995,CCCCc1ccc(Nc2nc(Cl)c3ccn(C4CC(Oc5ccc(C)cc5)C(COc5ccc(C)cc5)O4)c3n2)cc1,MoleculeNet_HIV
hiv_10821,COc1cc2c(c(OC)c1OC)-c1ccc(OC)c(=O)cc1C(NC(=O)CCCCCNc1ccc(N=[N+]=[N-])cc1[N+](=O)[O-])CC2,MoleculeNet_HIV
hiv_1681,Cn1cnc2c1=S(=O)(O)N=C(S)N=2,MoleculeNet_HIV
hiv_38380,CCC=C(C(=CCC)[N+](=O)[O-])[N+](=O)[O-],MoleculeNet_HIV
hiv_19412,CC(CC(=O)NCCc1ccccc1)=NNC(=O)C[n+]1ccccc1.[Cl-],MoleculeNet_HIV
hiv_31123,CC(C)(C)OC(=O)NC(Cc1ccc(OC(C)(C)C)cc1)C(=O)NC1CCC(C(=O)O)C1,MoleculeNet_HIV
hiv_24580,CC(C(=O)N1C(=O)N(C(=O)C(C)C(O)c2ccccc2)C(c2ccccc2)C1c1ccccc1)C(O)c1ccccc1,MoleculeNet_HIV
hiv_9291,COc1ccc(C(c2c(O)c3ccccc3oc2=O)N2CCCC2)cc1,MoleculeNet_HIV
hiv_7822,CCOC(=O)NN(C(=O)OCC)C(=C(C1CCCCC1)N1CCOCC1)N(NC(=O)OCC)C(=O)OCC,MoleculeNet_HIV
hiv_12214,CCC12CN3CC(CC(C(=O)OC)(c4cc5c(cc4OC)N(C)C4C(O)(C(=O)OC)C(OC(C)=O)C6(CC)C=CCN7CCC54C76)c4[nH]c5ccccc5c4CC3CC(C)=O)C1O2,MoleculeNet_HIV
hiv_13927,CC(=O)OC1CCC2C3CCC4(C)CC(=O)C=CC4(C)C3CCC12C,MoleculeNet_HIV
hiv_37180,O=C(c1ccc(O)c([N+](=O)[O-])c1)c1ccc(O)c([N+](=O)[O-])c1,MoleculeNet_HIV
hiv_1712,O=C1C2CC3OC3CC2C(=O)N1CCCCCCN1C(=O)C2CC3OC3CC2C1=O,MoleculeNet_HIV
hiv_21109,BrC1=CC2C(C3C=CC2(Br)C32OCCO2)C12OCCO2,MoleculeNet_HIV
hiv_13069,Cc1cc2c(ccc3c(C)cc(=O)oc32)o1,MoleculeNet_HIV
hiv_9146,S=C1N(c2ccc(Cl)cc2)C2=C(N=Nc3ccccc3Cl)C(=Nc3ccccc3S2)N1c1ccccn1,MoleculeNet_HIV
hiv_22186,Cc1cc2occ(-c3ccc(Cl)cc3)c2c(=O)o1,MoleculeNet_HIV
hiv_16507,CC1=C(C(=O)NCc2ccccc2)C(c2ccccc2O)C(C(=O)NCc2ccccc2)=C(C)N1,MoleculeNet_HIV
hiv_19166,O=C1C=C(Nc2ccccc2C(=O)CC(=O)C(=O)Nc2ccc(Cl)c(Cl)c2)c2ccccc2C1=O,MoleculeNet_HIV
hiv_13282,COc1cc2c(cc1OC)C(Cc1cc(OCc3ccccc3)c(OC)cc1N)N(C)CC2,MoleculeNet_HIV
hiv_18703,CN(C)CC1CCC(CN(C)C)C1=NO.Cl,MoleculeNet_HIV
hiv_11562,OCC(O)CSSCC(O)C(O)CSSCC(O)CO,MoleculeNet_HIV
hiv_31321,Nc1ncnc2c1ncn2C1CC(O)C2(CO)CC12,MoleculeNet_HIV
hiv_26752,CC(C)C(NC(=O)Oc1ccccc1)C(=O)NC1c2c(Br)sc(Br)c2C(=O)C1O,MoleculeNet_HIV
hiv_34688,COC(=O)C(Cc1c[nH]c2ccccc12)NP(=O)(O)OCC1OC(n2cc(C)c(=O)[nH]c2=O)CC1N=[N+]=[N-],MoleculeNet_HIV
hiv_29494,CCCCCCCC1(N=[N+]=[N-])C(=O)Nc2ccccc2C1=O,MoleculeNet_HIV
hiv_32753,Cc1nn2c(=O)c([N+](=O)[O-])c(C=Cc3ccccc3)nc2s1,MoleculeNet_HIV
hiv_7707,C1=Nc2ccccc2N=Cc2ccccc2NCCNc2ccccc21,MoleculeNet_HIV
hiv_38046,CCSc1nc(=Cc2ccco2)c2nnnn12,MoleculeNet_HIV
hiv_32609,O=C(O)c1cc2c(cc1CC(Cc1ccc3c(c1)CCC3)C(=O)O)CCC2,MoleculeNet_HIV
hiv_26239,CCOC1=C=C=C(NC=C2SC(=S)NC2=O)C=C1,MoleculeNet_HIV
hiv_27996,CCC=CC(O)(C(=O)OC1CCN(C)CC1)C1CCCC1,MoleculeNet_HIV
hiv_12851,O=NN1C(c2ccccc2)CCCC1c1ccccc1,MoleculeNet_HIV
hiv_40318,CN(CCN)C(CSSCC(c1ccccc1O)N(C)CCN)c1ccccc1O,MoleculeNet_HIV
hiv_22255,Cn1cc2ccccc2c1-c1nc(F)nc(Nc2ccc(N)cc2)n1,MoleculeNet_HIV
hiv_21697,COC(=O)NN=C(C)C(CN1CCOCC1)C(c1ccccc1)c1cc2ccccc2oc1=O.Cl,MoleculeNet_HIV
hiv_13070,CC(=O)OC1C(OC(C)=O)C2(C)C(C(OC(C)=O)C3C2C(C)C=C2OC(=O)C(C)(O)C23C)C2C(O)C(=O)C3CC4OC4C(OC(C)=O)C3(C)C12,MoleculeNet_HIV
hiv_8873,CCCC[Sn](CCCC)(SCCS(=O)(=O)O)SCCS(=O)(=O)O,MoleculeNet_HIV
hiv_3740,CCOCC1c2ccccc2CCN1Cc1c[nH]c2ccccc12,MoleculeNet_HIV
hiv_38928,CCOC(=O)c1cc(C2CCN(c3ccccc3)C2=O)c(C(=O)C=C(C)O)[nH]1,MoleculeNet_HIV
hiv_11212,CCOC(=O)C1=C(Nc2ccc(Cl)cc2Cl)OCC1=O,MoleculeNet_HIV
hiv_21203,C[Si](C)(C)c1ccc(-c2sc(-c3ccc([Si](C)(C)C)s3)c3c2C[Si]2(C3)Cc3c(-c4ccc([Si](C)(C)C)s4)sc(-c4ccc([Si](C)(C)C)s4)c3C2)s1,MoleculeNet_HIV
hiv_6847,CC(C)C(O)(C(=O)OCC1=CN2CCC1CC2)c1ccccc1,MoleculeNet_HIV
hiv_16852,CC(C)=CCCC(C)=CCN1Cc2cccc3[nH]c(=S)n(c23)CC1C,MoleculeNet_HIV
hiv_816,COC(=O)C1C(O)CCC2CN3CCc4c([nH]c5ccccc45)C3CC21,MoleculeNet_HIV
hiv_5282,CCCC(CC)C(C(=O)OCC)C1=NC(C)(C)CC(C)O1,MoleculeNet_HIV
hiv_16796,O=C(c1cccc(C(=O)N(c2ccccc2)c2ccccc2)n1)N(c1ccccc1)c1ccccc1,MoleculeNet_HIV
hiv_36493,CCc1nnc(CC)n1N1C(=O)CCC1=O,MoleculeNet_HIV
hiv_7118,COC12CC(O)=C(C(C)=O)C(=O)C1(C)c1c(OC(C)=O)c(C)c(O)c(C(C)=O)c1O2,MoleculeNet_HIV
hiv_35173,[Cl-].[Pt].[S-]c1ncccn1,MoleculeNet_HIV
hiv_25057,COc1ccc(C(=O)C=Cc2ccc(OCCCOc3ccc(C=CC(=O)c4ccc(OC)cc4)cc3)cc2)cc1,MoleculeNet_HIV
hiv_39318,COC(=O)C12CCC(C(=O)OC)(Cc3c(c4ccccc4n3S(=O)(=O)c3ccccc3)C1)C2=O,MoleculeNet_HIV
hiv_7918,CCN(CC)CC(C)Nc1cc(C)nc2c1ccc1c2ccc2c(NC(C)CN(CC)CC)cc(C)nc21,MoleculeNet_HIV
hiv_19587,CCOc1ccc(N=Nc2ccc3oc(=O)c(C(C)=NNC(=O)CC(=O)Nc4ccc(Cl)cc4)cc3c2)cc1,MoleculeNet_HIV
hiv_14273,CCOP(=O)(OCC)C1C(=O)OC2CCCCC21,MoleculeNet_HIV
hiv_9905,CC1C=CC=CC=CC=CC=CC=CC=CC(OC2OC(C)C(O)C(N)C2O)CC2OC(O)(CC(O)CC(O)C(O)CCC(O)CC(O)CC(=O)OC(C)C(C)C1O)CC(O)C2C(=O)O,MoleculeNet_HIV
hiv_33450,CC(C)(C)C1CCC(=O)C(=CCC2CC(=O)N(c3ccccc3)C(=O)C2)C1,MoleculeNet_HIV
hiv_9351,C[n+]1c(COc2ccc(C=NNc3ccnc(NN=Cc4ccc(OCc5cn6ccccc6[n+]5C)cc4)n3)cc2)cn2ccccc21,MoleculeNet_HIV
hiv_31391,CNc1ncc(-c2nnnn2-c2ccccc2)c(CN(C)C)n1,MoleculeNet_HIV
hiv_38316,NC1=CN2c3ccccc3N(CC(=O)N3CCOCC3)C2C=C1,MoleculeNet_HIV
hiv_12188,N#CC(C#N)=C1CCC2C(=C(C#N)C#N)CCC12,MoleculeNet_HIV
hiv_17432,O=C1OCC2CCCN2Cc2ccccc21,MoleculeNet_HIV
hiv_29321,CC(Cl)CN(C)CC(C)Cl.Cl,MoleculeNet_HIV
davis_5291,Cc1ccc(NC(=O)c2ccc(CN3CCN(C)CC3)cc2)cc1Nc1nccc(-c2cccnc2)n1,DAVIS_spike_in
hiv_37142,COC1OC(C(=O)O)C2OC(C)(C)OC12,MoleculeNet_HIV
hiv_35845,CCOC(=O)CC1(N)CC2c3ccccc3OC(=O)C2C(=O)N1,MoleculeNet_HIV
hiv_3043,CCC(C)C1NC(=O)C(C(C)=O)=C1O.c1ccc(CNCCNCc2ccccc2)cc1,MoleculeNet_HIV
hiv_7800,O=C1Cc2ccccc2N1C1c2ccccc2C=Cc2ccccc21,MoleculeNet_HIV
hiv_29674,OCc1cn(C(c2ccccc2)(c2ccccc2)c2ccccc2)cn1,MoleculeNet_HIV
hiv_7640,COC(=O)C1(Cc2ccccc2)N=C(c2ccccc2)OO1,MoleculeNet_HIV
hiv_21089,CCOC(=O)CC(C)C1(C(=O)OC)CCCC1=O,MoleculeNet_HIV
hiv_3944,Cc1ccc2nn(-c3ccc(O)cc3)nc2c1,MoleculeNet_HIV
hiv_5490,NC1CS(=O)(=O)CC1O,MoleculeNet_HIV
hiv_9975,O=C(Nc1ccc(Br)c2ccccc12)c1ccc2ccccc2c1O,MoleculeNet_HIV
hiv_35499,CC(C)(C)C(=O)C(N)C(=O)C(C)(C)C,MoleculeNet_HIV
hiv_6224,COc1ccc(CCN2C(=O)c3cccc4c(Sc5ccccc5[N+](=O)[O-])ccc(c34)C2=O)cc1OC,MoleculeNet_HIV
hiv_3698,c1nn2cnnc2s1,MoleculeNet_HIV
hiv_9026,COc1c(OCC(O)CN2CCCCC2)c2c(C)coc2c2ccoc12,MoleculeNet_HIV
hiv_313,CN(C)C(=O)N1CC[N+](C)([O-])CC1,MoleculeNet_HIV
hiv_6556,CC(C)(C)C(=O)CS(=O)(=O)O,MoleculeNet_HIV
hiv_9303,O=C(CSc1nnc(-c2ccc(Cl)cc2)s1)Nc1nccs1,MoleculeNet_HIV
hiv_4140,CCn1c2ccccc2c2cc(N=C3C(=O)N(C)c4ccccc43)ccc21,MoleculeNet_HIV
hiv_9920,CN1c2ccccc2Sc2c(-c3ccccc3)n[nH]c21,MoleculeNet_HIV
hiv_9856,O=C1CC2c3ccccc3CCC2c2ccccc21,MoleculeNet_HIV
hiv_8184,CC1=C(C)C23Cn4c(=O)n(-c5ccccc5)c(=O)n4C2(C)C1(C)C3C,MoleculeNet_HIV
hiv_16529,CO[PH](OC)(OC)[Mn+](C#[O+])(C#[O+])([OH+]C(=O)C(F)(F)F)([PH](OC)(OC)OC)[PH](OC)(OC)OC,MoleculeNet_HIV
hiv_648,S=C(NC1CCCCC1)SSSSC(=S)NC1CCCCC1,MoleculeNet_HIV
hiv_29576,CN(N=CC=NN(C)C1=NCCN1)C1=NCCN1.I,MoleculeNet_HIV
hiv_8795,CS(=N)(=O)CCC(N)P(=O)(O)O,MoleculeNet_HIV
hiv_40565,O=C(CC(C(=O)c1ccsc1)c1ccc2c(c1)OCO2)c1ccccc1,MoleculeNet_HIV
hiv_21907,OC1(C23CC4CC(CC(C4)C2)C3)CSCC1(O)C12CC3CC(CC(C3)C1)C2,MoleculeNet_HIV
hiv_31015,CCCCN(CCCC)C1=Nc2ccccc2-n2c(nnc2C(=O)OCC)C1,MoleculeNet_HIV
hiv_30236,Cc1ccc(SCC(CF)OCn2cc(F)c(=O)[nH]c2=O)cc1,MoleculeNet_HIV
hiv_10721,C[Si](C)(C=C(Br)CCOC1CCCCO1)c1ccccc1,MoleculeNet_HIV
hiv_30630,Cn1cc(S(=O)(=O)NC(=O)Nc2ccc(Cl)cc2)c(=O)c2ccc(F)cc21,MoleculeNet_HIV
hiv_41004,CC1CNC(NS(=O)(=O)c2cc(C(=O)Nc3ccc(Cl)cc3)c(Cl)cc2S)=NN1,MoleculeNet_HIV
davis_11712649,O=C(O)c1ccc(Nc2ncc3c(n2)-c2ccc(Cl)cc2C(c2c(F)cccc2F)=NC3)cc1,DAVIS_spike_in
hiv_11402,CCOC(=O)C1=C(Nc2ccc(NC3=C(C(=O)OCC)C(=O)CS3)cc2)SCC1=O,MoleculeNet_HIV
hiv_4084,CC(O)C(O)C(N)CC=O,MoleculeNet_HIV
hiv_36783,O=C(C=Cc1ccccc1)CC(=O)C=Cc1ccccc1,MoleculeNet_HIV
hiv_34047,CCN(CC)C1=Nc2ccccc2-n2ccnc2C1,MoleculeNet_HIV
hiv_27221,NCCCc1nonc1C(=O)O,MoleculeNet_HIV
hiv_1078,Cc1ccc(N2COc3ccc4ccccc4c3C2)cc1,MoleculeNet_HIV
hiv_22405,Cc1cn(C2CC(Sc3ccccn3)C(CO)O2)c(=O)[nH]c1=O,MoleculeNet_HIV
hiv_11661,O=[N+]([O-])C1(CO)COC(CCc2ccccc2)OC1,MoleculeNet_HIV
hiv_15570,S=C(Nc1ccccc1)Nc1[nH]c(=S)sc1-c1nc2ccccc2[nH]1,MoleculeNet_HIV
hiv_33151,CCOC1=C(c2ccccc2)N2CCCCC2O1,MoleculeNet_HIV
hiv_9162,COc1ccc(CCn2cnn3c(=O)c4ccccc4nc3c2=O)cc1OC,MoleculeNet_HIV
hiv_13396,CCOC(=O)C1N(S(=O)(=O)c2ccc(C)cc2)CCC12c1ccccc1NC2c1ccc(OC)c(OC)c1,MoleculeNet_HIV
hiv_22833,COc1ccc(CCCN2c3ccccc3Sc3ccccc32)cc1,MoleculeNet_HIV
hiv_13250,COCC1OC(=O)c2coc3c2C1(C)C1=C(C3=O)C2CCC(=O)C2(C)CC1OC(C)=O,MoleculeNet_HIV
hiv_4266,CN(C)c1ccc(CC2CCc3ccccc32)cc1,MoleculeNet_HIV
hiv_14174,OCC1C(OCc2ccccc2)C(OCc2ccccc2)C(OCc2ccccc2)CN1Cc1ccccc1,MoleculeNet_HIV
hiv_12555,CCc1cccc(C)c1N1C(=O)C(=O)C(c2nc3ccccc3o2)C(=O)C1=O,MoleculeNet_HIV
hiv_3177,CC(C)c1oc2ccccc2c1C(=O)c1ccc(O)cc1,MoleculeNet_HIV
hiv_17501,CC1NOC(=O)C1N=Nc1ccc(Cl)cc1Cl,MoleculeNet_HIV
hiv_33019,COc1cc(C2Oc3c(OC)cc(C=CC(=O)O)cc3C2C(=O)O)ccc1O,MoleculeNet_HIV
hiv_10594,CCOC(=O)CN(Cn1cncn1)Cn1cncn1,MoleculeNet_HIV
hiv_1426,COc1cc2c(nn1)CCCC2,MoleculeNet_HIV
hiv_6146,Cc1c(O)c2ccccc2n(C)c1=O,MoleculeNet_HIV
hiv_30065,CCN(CC)CCOCCn1c2c(c3ccccc31)CCCC2,MoleculeNet_HIV
hiv_16031,CC=C(CCCCCOCOCCOC)[Si](C)(C)C,MoleculeNet_HIV
hiv_4613,O=C1c2c(C=Cc3ccc(Cl)c(Cl)c3)nc3ccccc3c2C(=O)N1CCN1CCCCC1,MoleculeNet_HIV
hiv_39939,O=C1CCC2(CC1CCS(=O)c1ccccc1)OCCO2,MoleculeNet_HIV
hiv_2958,CCC(=O)OC1CCC2C3CCC(=O)OC3C(C)(CCC(=O)O)CC12C,MoleculeNet_HIV
hiv_19767,O=C(c1ccccc1)C1Nc2ccc(Cl)cc2C2c3ccccc3OC12,MoleculeNet_HIV
hiv_21306,COC(=O)C(=NN)C(C(=O)C(=O)Nc1n[nH]c(=S)[nH]1)c1nc2ccc([N+](=O)[O-])cc2nc1O,MoleculeNet_HIV
hiv_35095,COc1ccc(C=NNC(=O)c2cnc3[nH]c(=O)n(C)c(=O)c3c2)cc1,MoleculeNet_HIV
hiv_16026,CCOC(=O)C1(Sc2ccccc2)CCC2c3[nH]c4ccccc4c3CCN2C1=O,MoleculeNet_HIV
hiv_12378,CC12OOC(c3ccccc31)c1c2ccc2ccccc12,MoleculeNet_HIV
hiv_13197,COc1cc2ccnc3c(=C(SC)SC)c(=O)c(c1OC)c23,MoleculeNet_HIV
hiv_19889,C=CN1C(=O)C(Oc2ccccc2)C1c1ccccc1,MoleculeNet_HIV
hiv_13019,C#CC1OC(C)(C)OC1C1OC(C)(C)OCC1O,MoleculeNet_HIV
hiv_9059,CC1CCC2C(C)C(=O)OC3OC4(C)CCC1C32OO4,MoleculeNet_HIV
hiv_29755,Cc1ccc(C=C2CCCC(CN(C)C)C2=O)cc1.Cl,MoleculeNet_HIV
hiv_37527,Cc1nc2c(=O)n(C)ncc2[nH]1,MoleculeNet_HIV
hiv_25806,CCCCCC(CO)C(O)(C(F)(F)F)C(F)(F)F,MoleculeNet_HIV
hiv_37915,O=C(Nc1c(O)nc(O)nc1NCC(O)C(O)C(O)CO)c1ccc(S(=O)(=O)F)cc1,MoleculeNet_HIV
hiv_25440,Cc1c(CCN=P(c2ccccc2)(c2ccccc2)c2ccccc2)c(=O)n2c([nH]c3ccccc32)c1C#N,MoleculeNet_HIV
hiv_27841,O=C1OCC2=C1C(c1ccc3c(c1)OCO3)c1cc3c(cc1O2)OCO3,MoleculeNet_HIV
hiv_22636,N#CC(=Cc1ccc2[nH]ccc2c1)C(=O)NCCCCNC(=O)C(C#N)=Cc1ccc2[nH]ccc2c1,MoleculeNet_HIV
hiv_36055,O=C(NCCCN(CCCCN(CCCNC(=O)C(F)(F)F)CCCc1ccccc1)CCCc1ccccc1)C(F)(F)F,MoleculeNet_HIV
hiv_2279,O=C1C(=NO)C(c2ccccc2)Oc2ccccc21,MoleculeNet_HIV
hiv_16286,N#Cc1ccccc1C(Cl)(Cl)c1cnccn1,MoleculeNet_HIV
hiv_35172,CC1N=NC([S-])=NC1=O.[Cl-].[Pt],MoleculeNet_HIV
hiv_37474,N#Cc1cc2c(n(NS(=O)(=O)c3ccccc3)c1=O)CCCCC2,MoleculeNet_HIV
hiv_26046,CCOC(=O)C1=C(C)OC(=O)C2(OC)C=C(Cl)C12C,MoleculeNet_HIV
hiv_9025,Cc1c(-c2ccc(-c3ccccc3F)cc2)nc2ccc(F)cc2c1C(=O)O,MoleculeNet_HIV
hiv_22850,N#CC(=Cc1c[nH]c2ccccc12)C(=O)c1ccc(O)c(O)c1,MoleculeNet_HIV
hiv_32310,Nc1nc(Cl)cc(OCC2(CO)CCCC2)n1,MoleculeNet_HIV
hiv_29767,O=C(O)CC(NC(=O)Nc1ccc([N+](=O)[O-])cc1)C(=O)Nc1ccc([N+](=O)[O-])cc1,MoleculeNet_HIV
hiv_13705,O=C1NC(O)n2c(=O)[nH]c(=O)n21,MoleculeNet_HIV
hiv_1676,CC(O)CS(=O)(=O)O,MoleculeNet_HIV
hiv_4289,Cc1ccccc1[PH](Cc1ccccc1)(c1ccccc1)c1ccccc1C,MoleculeNet_HIV
hiv_32162,O=c1[nH]c2nccn2c(Cl)c1Br,MoleculeNet_HIV
hiv_3746,CC(C)(C)C1CCC(CC(=O)O)(CC(=O)Nc2nccs2)CC1,MoleculeNet_HIV
hiv_12725,O=C1CCCC2(CCCC(=O)N2)C1,MoleculeNet_HIV
hiv_26291,O=S(Cc1ccccc1)C(=Cn1c(=S)[nH]c2ccccc21)c1ccccc1,MoleculeNet_HIV
hiv_15119,O=C1N=C2Sc3ccc4ccccc4c3N2C1=O,MoleculeNet_HIV
hiv_31111,OCCCNCC(O)c1ccc(OCc2ccccc2)c(OCc2ccccc2)c1,MoleculeNet_HIV
hiv_19284,COc1cc(C2c3cc(O)c(OC)cc3CC3C(=O)OCC32)ccc1O,MoleculeNet_HIV
hiv_16112,CCCN(CCCN)[N+](=O)[N-]O,MoleculeNet_HIV
hiv_35396,O=C1NC(N2CCCCC2)=NC1=Cc1ccccc1O,MoleculeNet_HIV
hiv_3128,O=C(O)c1ccc2c3c(ncnc13)-c1ccccc1C2=O,MoleculeNet_HIV
hiv_20685,CCOC1c2cc(OC)c(OC)cc2-c2ccc3ccccc3c2N1C,MoleculeNet_HIV
hiv_32314,OCC1c2ccccc2-n2nc(-c3ccccc3)c(O)c21,MoleculeNet_HIV
hiv_19690,CCOC(=O)C1(C(=O)OCC)CC=C(C)CC12C(=O)Nc1ccccc12,MoleculeNet_HIV
hiv_25335,COc1ccc2c(c1)c1c3c(ccc4ncn2c43)N(CCN(C)C)CCN=1,MoleculeNet_HIV
hiv_21741,CC12CCC(C(N3CCOCC3)C1=NOCCN1CCCC1)C2(C)C,MoleculeNet_HIV
hiv_16313,Cc1cc(C(C)(C)C)cc(Cc2cc(C(C)(C)C)cc(Cc3cc(C(C)(C)C)cc(C)c3O)c2O)c1O,MoleculeNet_HIV
hiv_36814,CC[N+]1(CC)CCN[Co-4]123([OH+]C(=O)[OH+]2)[OH+]C(=O)[OH+]3.[K+],MoleculeNet_HIV
hiv_1411,S=c1sscc1-c1ccccc1,MoleculeNet_HIV
hiv_27623,OCC12COC(c3ccccc3)N1C(c1ccccc1)OC2,MoleculeNet_HIV
hiv_36183,O=c1oc2ccccc2c(O)c1C(c1cccc(C(c2c(O)c3ccccc3oc2=O)c2c(O)c3ccccc3oc2=O)c1)c1c(O)c2ccccc2oc1=O,MoleculeNet_HIV
hiv_6978,COc1cc2c(cc1O)C1CC(CC3CCCCN31)OC(=O)C=Cc1ccc(O)c-2c1,MoleculeNet_HIV
hiv_3622,CCCCOC(=O)c1c2nc3c(C(=O)OCCCC)ccc(C)c3oc-2c(C)c(=O)c1NC(C)=O,MoleculeNet_HIV
hiv_29172,Cl.NC(CSSC(C(=O)O)C(SSCC(N)C(=O)O)C(=O)O)C(=O)O,MoleculeNet_HIV
hiv_31288,Cc1cc2c(cc1Cl)S(=O)(=O)OC(c1ccc([N+](=O)[O-])cc1)=N2,MoleculeNet_HIV
davis_447077,CSc1cccc(Nc2ncc3cc(-c4c(Cl)cccc4Cl)c(=O)n(C)c3n2)c1,DAVIS_spike_in
hiv_23992,O=C(NC(CO)C(=O)NC1c2ccsc2C(=O)C1O)OCc1ccccc1,MoleculeNet_HIV
hiv_40290,CC(C)[Si](CC1=CCCCC12C(=O)N(COCC[Si](C)(C)C)c1ccccc12)(C(C)C)C(C)C,MoleculeNet_HIV
hiv_34849,C=CCCCCOC1C=CC(O)C(CO)O1,MoleculeNet_HIV
hiv_37506,O=C(O)c1ccccc1SCc1cccc2c(=O)c3ccc(Cl)cc3oc12,MoleculeNet_HIV
hiv_14682,CC(=O)OC1CCC2C3CCC4=C(O)c5nocc5CC4(C)C3CCC12C,MoleculeNet_HIV
hiv_24139,COc1ccc(N2C(=O)CSC2c2c[nH]c3ccccc23)cc1,MoleculeNet_HIV
hiv_33411,CC(C(=O)O)c1ccc(-n2nnc3c(O)nnc(O)c32)cc1,MoleculeNet_HIV
hiv_28305,COc1ccc(CCN2CCc3c(C)c(C#N)c4nc5ccccc5n4c32)cc1OC,MoleculeNet_HIV
hiv_27574,C#[N+]CCOP(=O)(OCC1OC(n2cc(C)c(=O)[nH]c2=O)CC1N=[N+]=[N-])OC1CCC2(C)C(=CCC3C2CCC2(C)C(C(C)C=CC(CC)C(C)C)CCC32)C1,MoleculeNet_HIV
hiv_31612,Cc1nc2sc(C)c(C)c2c(=O)o1,MoleculeNet_HIV
hiv_23999,Cn1nc(-c2cccc(-c3nn(C)c(=NCCO)s3)n2)sc1=NCCO,MoleculeNet_HIV
hiv_39006,CC(NC(=O)C1CC1(C)COC(=O)c1cc([N+](=O)[O-])cc([N+](=O)[O-])c1)c1cccc2ccccc12,MoleculeNet_HIV
hiv_22550,O=C1C(Cl)C(c2cccc(O)c2)N1n1cnc2ccccc2c1=O,MoleculeNet_HIV
hiv_2851,c1ccc(P(OCCCCOP(c2ccccc2)c2ccccc2)c2ccccc2)cc1,MoleculeNet_HIV
hiv_9441,CS(=O)(=O)Nc1nc2ccccc2c(=O)o1,MoleculeNet_HIV
hiv_16330,CC=C1CN2CCc3c4n(c5ccccc35)C(CO)C1CC42,MoleculeNet_HIV
hiv_40536,COc1ccc(C=CC(=O)Oc2ccccc2OC)cc1,MoleculeNet_HIV
hiv_11813,COC(C(=O)NCCCCNC(=O)C(OC)c1ccccc1)c1ccccc1,MoleculeNet_HIV
hiv_39086,Cl.O=C(OCCN1CCCC1)c1cc2ccccc2[nH]1,MoleculeNet_HIV
hiv_28356,O=c1c2ccccc2n2c(=S)[nH]nc2n1-c1ccccc1,MoleculeNet_HIV
hiv_8341,CNCCSS(=O)(=O)CCNC,MoleculeNet_HIV
hiv_38379,Cc1cc(C)c(C=C(C(=Cc2c(C)cc(C)cc2C)[N+](=O)[O-])[N+](=O)[O-])c(C)c1,MoleculeNet_HIV
hiv_38910,Cc1c(Cc2ccccc2)n(COCCCN2C(=O)c3ccccc3C2=O)c(=O)[nH]c1=O,MoleculeNet_HIV
hiv_37520,NNc1nncc2[nH]nnc12,MoleculeNet_HIV
hiv_11081,C[N+](C)(C)CC(=O)NN=C(CCC(=O)NCCc1ccccc1)CC(=O)c1ccccc1.[Cl-],MoleculeNet_HIV
hiv_9169,CN(C)C1CS(=O)(=O)OC2=C1CCc1sccc12,MoleculeNet_HIV
hiv_26891,Cc1nc(O)c2oc3cc4ccccc4cc3c2c1C(=O)O,MoleculeNet_HIV
hiv_22220,CC(=O)Nc1[nH]n(C)c(=O)c1-c1nnc(C)s1,MoleculeNet_HIV
hiv_4625,CCOC(=O)c1cc2c(=O)cccnc2o1,MoleculeNet_HIV
hiv_2955,Cc1cc(N=Nc2c(N)c(C)cc(N=Nc3ccc(C(N)=O)cc3)c2N)ccc1N=Nc1cc(C(=O)O)c(O)c(S(=O)(=O)O)c1,MoleculeNet_HIV
hiv_31407,O=C1CCC2C(O)c3cc4c(cc3C(c3ccc5c(c3)OCO5)N12)OCO4,MoleculeNet_HIV
hiv_38411,CCOC(=O)C12C3C=CC(CC3)C1(C(=O)c1ccccc1)C(=O)C(=O)N2c1ccccc1,MoleculeNet_HIV
hiv_11816,C=C1CC2CC(C)CC(O)C2(CCCN)C1O,MoleculeNet_HIV
davis_3038525,O=c1ncn2nc(Sc3ccc(F)cc3F)ccc2c1-c1c(Cl)cccc1Cl,DAVIS_spike_in
hiv_33846,CC(=NNc1ccc([N+](=O)[O-])cc1[N+](=O)[O-])c1ccc2ccccc2n1,MoleculeNet_HIV
hiv_23744,O=c1c2ccccc2nc(-c2ccccc2)n1NC(=S)Nc1ccc(Cl)cc1[N+](=O)[O-],MoleculeNet_HIV
hiv_33531,[N-]=[N+]=CC(=O)OC1CCc2ccccc21,MoleculeNet_HIV
hiv_28355,Cc1cc(C)n(-c2nc3ccccc3c(=O)n2-c2ccccc2)n1,MoleculeNet_HIV
hiv_34167,COc1cc2cc(C(=O)N3CC(CCl)c4ccc(N)cc43)[nH]c2c(OC)c1OC,MoleculeNet_HIV
hiv_1784,Cc1ccc2ccccc2c1CSc1ncnc2c1ncn2C1OC(CO)C(O)C1O,MoleculeNet_HIV
hiv_10959,Cc1noc(NS(=O)(=O)c2ccc(N=c3c4ccccc4n(Cc4ccccc4)c4ccccc34)cc2)c1C,MoleculeNet_HIV
hiv_10951,Cc1cc(C)nc(NS(=O)(=O)c2ccc(N=c3c4ccccc4n(C)c4ccccc34)cc2)n1,MoleculeNet_HIV
hiv_7613,CC(C)(Cc1ccccc1)C(=C=C=C=C(c1ccccc1)C(C)(C)Cc1ccccc1)c1ccccc1,MoleculeNet_HIV
hiv_30669,CN(C)CCn1c2ccccc2c2nc3cc4ccccc4cc3nc21.Cl,MoleculeNet_HIV
hiv_4669,CCCCCCCCCCCCN1C=C(C(N)=O)C(S(=O)(=O)O)c2ccccc21,MoleculeNet_HIV
hiv_6098,C1CSC(=[N+]2CC[N+](=C3SCCS3)CC2)S1,MoleculeNet_HIV
hiv_18737,O=C(C=Cc1ccc(Cl)cc1)c1ccncc1,MoleculeNet_HIV
hiv_31435,Cc1nc(C)c(Cc2ccccc2)o1,MoleculeNet_HIV
hiv_35676,CC(=O)Oc1c(OC(C)C)cc(=O)n2ccsc12,MoleculeNet_HIV
hiv_36887,N#CC(c1nc2ccccc2[nH]1)c1nc2ccccc2nc1Cl,MoleculeNet_HIV
hiv_38703,C[n+]1c2ccccc2n2c3ccccc3c(NCCCN3CCOCC3)c(C#N)c21.Cc1ccc(S(=O)(=O)[O-])cc1,MoleculeNet_HIV
hiv_12133,CCOC(=O)C1(C)c2ccc(o2)C(C)(C)c2ccc(o2)C(C)(C)c2ccc(o2)C(C)(C)c2ccc1o2,MoleculeNet_HIV
hiv_1291,C=C(C)CN(CC(=C)C)C(=N)OCC1CCCO1,MoleculeNet_HIV
hiv_21765,COc1ccc(CCN(C)CCCC2(C#N)c3ccccc3-c3ccccc32)cc1OC,MoleculeNet_HIV
hiv_6660,COC1C=COC2(C)Oc3c(C)c(O)c4c(O)c(c(C=NN5CCCN(C)CC5)c(O)c4c3C2=O)NC(=O)C(C)=CC=CC(C)C(O)C(C)C(O)C(C)C(OC(C)=O)C1C,MoleculeNet_HIV
hiv_19705,CC(C)=CCCC(C)=CCCC(C)C=CC(=O)NCC1CC[N+]2(C)CCCCC12.O=P([O-])(O)O,MoleculeNet_HIV
hiv_37746,O=c1n(Cc2ccccc2)c(=O)n2c(=O)n(Cc3ccccc3)c(=O)n12,MoleculeNet_HIV
hiv_29457,COc1ccccc1C=NNc1nnc2c3ccccc3c3ncccc3c2n1,MoleculeNet_HIV
hiv_17707,CC1CC2=C(C(=O)O1)C(c1ccccc1)Nc1ccccc1N2,MoleculeNet_HIV
hiv_32607,O=C(O)c1cc2c(cc1CC(Cc1ccccc1)C(=O)O)CCC2,MoleculeNet_HIV
hiv_22839,O=[N+]([O-])c1nccn1CC1OC(n2ccnc2[N+](=O)[O-])C(O)C(O)C1O,MoleculeNet_HIV
hiv_35885,CCCCCc1cc2cc(O)cc(Oc3c(O)cc(O)c(C(=O)O)c3CCCCC)c2c(=O)o1,MoleculeNet_HIV
hiv_27368,CCC=CC(=O)CC(O)(C(F)(F)F)C(F)(F)F,MoleculeNet_HIV
hiv_8293,CCN1Cc2c(C=Cc3ccccc3)nc3ccc(OC)cc3c2N(c2cccc(Cl)c2)C1,MoleculeNet_HIV
hiv_25448,CCOC(=O)c1cnc2[nH]ccn2c1=O,MoleculeNet_HIV
hiv_3836,O=S1(=O)CC2(N3CCOCC3)CCCCC21,MoleculeNet_HIV
davis_11617559,COc1ccc(COc2ccc(Cc3cnc(N)nc3N)cc2OC)cc1,DAVIS_spike_in
hiv_39424,Cc1cc(S(=O)(=O)Nc2n[nH]c(=O)n2-c2ccccc2)c(S)cc1Cl,MoleculeNet_HIV
hiv_36569,CN1N(c2ccccc2)C(=O)C2=NC=C(C#N)C(=N)C21C,MoleculeNet_HIV
hiv_30912,CCOC(=O)C(NC(=O)c1ccccc1)(Nc1ccc(S(=O)(=O)Nc2cc(C)on2)cc1)C(F)(F)F,MoleculeNet_HIV
hiv_13252,O=C(OCC1OC(OC(=O)c2ccccc2)C(=O)C2(OC(=O)c3ccccc3)C3C=CC(C3)C12)c1ccccc1,MoleculeNet_HIV
hiv_857,Nc1ncnc2c1ncn2C1OC(COP(=O)(O)O)C(O)C1O,MoleculeNet_HIV
hiv_7320,COc1cc(OC)c(OC)cc1C=NNC(=O)NN=Cc1cc(OC)c(OC)cc1OC,MoleculeNet_HIV
hiv_23198,CC1=C(C2=C(C)C(=O)c3c(c(C=O)c(O)c(O)c3C(C)C)C2=O)C(=O)c2c(C=O)c(O)c(O)c(C(C)C)c2C1=O,MoleculeNet_HIV
hiv_5936,C=C1CC(c2ccc(S(=O)(=O)N3CCOCC3)cc2)OC1=O,MoleculeNet_HIV
hiv_16307,CC(C)(C)CC(C)(C)c1cc2c(O)c(c1)Cc1cc(C(C)(C)CC(C)(C)C)cc(c1O)Cc1cc(C(C)(C)CC(C)(C)C)cc(c1O)Cc1cc(C(C)(C)CC(C)(C)C)cc(c1O)Cc1cc(C(C)(C)CC(C)(C)C)cc(c1O)Cc1cc(C(C)(C)CC(C)(C)C)cc(c1O)C2,MoleculeNet_HIV
hiv_22309,C#CCCCCC#CC1CCCC1C1=CC(=O)c2ccccc21,MoleculeNet_HIV
hiv_9087,COc1cc(C(c2cc3c(cc2O)OCO3)N2CCCC2)cc(OC)c1OC,MoleculeNet_HIV
hiv_36947,CC(=O)OC(C#N)CC(C)(C)[N+]([O-])=[N+]([O-])C(C)(C)CC(C#N)OC(C)=O,MoleculeNet_HIV
hiv_4657,c1ccc2c(c1)ccc1c2nc2c3ccccc3[nH]n12,MoleculeNet_HIV
hiv_36883,Cc1cc(C(C#N)c2nc3ccccc3s2)nc(Cl)n1,MoleculeNet_HIV
hiv_29466,CCCCP(CCCC)(CCCC)=C(C(=O)OC)C(C(=O)OC)=C1SC(C(=O)OC)=C(C(=O)OC)S1,MoleculeNet_HIV
hiv_26360,[Cl-].c1ccc([P+](Cc2ccc(C[P+](c3ccccc3)(c3ccccc3)c3ccccc3)cc2)(c2ccccc2)c2ccccc2)cc1,MoleculeNet_HIV
hiv_6747,CCOC(=O)c1nc2c(C)nc(N(C)C)nc2n(C)c1=O,MoleculeNet_HIV
hiv_23264,CC(C)OP(=O)(OC(C)C)C(=NNc1ccccc1[N+](=O)[O-])NNC(=O)c1ccccc1,MoleculeNet_HIV
hiv_15854,CCC(OCc1ccccc1)C(C)=CCC(C)C=C(CC1(C)OC(=O)N2CCCC21)[Si](C)(C)C,MoleculeNet_HIV
hiv_748,CC1CCC(=NNS(=O)(=O)c2ccc(N)cc2)CC1,MoleculeNet_HIV
hiv_22045,CC(=O)c1cccc(NC(=O)C(=O)c2c(O)c3ccccc3oc2=O)c1,MoleculeNet_HIV
hiv_10125,CN=C1OC2(c3ccccc3)C3=C(OC(=NC)N2C)C(=O)OC3(c2ccccc2)N1C,MoleculeNet_HIV
hiv_5692,CN1C(CC(O)(c2ccccc2)c2ccccc2)CCCC1CC(O)(c1ccccc1)c1ccccc1,MoleculeNet_HIV
hiv_39641,CC12ON=C(c3ccccc3)N1C=CN1C(c3ccccc3)=NOC12,MoleculeNet_HIV
hiv_13066,O=C1C(c2ccccc2)=C(c2ccccc2)C(c2ccccc2)C1(Cc1nnn(-c2ccc([N+](=O)[O-])cc2)c1N1CCOCC1)c1ccccc1,MoleculeNet_HIV
hiv_7,CC1=C2C(=COC(C)C2C)C(O)=C(C(=O)O)C1=O,MoleculeNet_HIV
hiv_37970,COc1ccc(N=C(CS(=O)c2ccc(C)cc2)C(F)(F)F)cc1,MoleculeNet_HIV
hiv_18654,O=C1C2ON(c3ccccc3)C(c3ccco3)C2C(=O)N1c1ccc(Cc2ccc(N3C(=O)C4ON(c5ccccc5)C(c5ccco5)C4C3=O)cc2)cc1,MoleculeNet_HIV
hiv_24902,CCc1cccc(CC)c1NC(=NC(=O)c1ccc(Br)cc1)SC.I,MoleculeNet_HIV
hiv_7346,O=C1Oc2ccccc2C(=O)C1=C1C=C(c2ccccc2)SS1,MoleculeNet_HIV
hiv_16266,C=CCNC(=O)CN1N=C(c2ccccc2)NN1,MoleculeNet_HIV
hiv_35087,N#CC(=NNc1[nH]cnc1C(N)=O)C(=O)Nc1ccccc1,MoleculeNet_HIV
hiv_13208,[BrH+][Ni-2]1([BrH+])[PH](c2ccccc2)(c2ccccc2)c2ccccc2[PH]1(c1ccccc1)c1ccccc1,MoleculeNet_HIV
hiv_2348,O=c1c(SCc2ccc(Cl)cc2)c(N2CCCCC2)cnn1-c1ccccc1,MoleculeNet_HIV
hiv_35786,Clc1ccc(C2=NCON=C2c2ccc(Cl)cc2)cc1,MoleculeNet_HIV
hiv_1796,CCCCCCC1OC(C(=O)OCCCC)C(C(=O)OCCCC)O1,MoleculeNet_HIV
hiv_12016,CC1=CC(N2C(=O)C(C)=CC2O)NC1=O,MoleculeNet_HIV
hiv_34267,c1ccc2c(c1)CC1=C(O2)c2ccccc2OC1,MoleculeNet_HIV
hiv_31922,O=C1c2cccn2-c2ccccc2OC1(CC1CC1)c1ccccc1,MoleculeNet_HIV
hiv_14710,Cn1cnc([N+](=O)[O-])c1Sc1nc2ccccc2s1,MoleculeNet_HIV
hiv_13639,O=C1C=C(N2CCCCC2)c2cc(N3CCCCC3)ncc2C1=O,MoleculeNet_HIV
hiv_27389,c1cc2c(c(NC3=NCCO3)c1)CCC2,MoleculeNet_HIV
hiv_24190,CCCCCCCCCC1CC(O)C(Cc2ccccc2)N1C(=O)OC(C)(C)C,MoleculeNet_HIV
hiv_35112,Br.CN(C)CCNc1nc(-c2ccc3ccccc3c2)nc2[nH]cnc12,MoleculeNet_HIV
hiv_37469,N#Cc1c2c(cn3c1nc1ccccc13)Cc1ccccc1-2,MoleculeNet_HIV
hiv_12649,CC1CCC2(C)C(CC=C(C=O)C2(O)C=O)C12CO2,MoleculeNet_HIV
hiv_9186,Cc1cc(C(F)(F)F)nc2nc3ccccc3n12,MoleculeNet_HIV
hiv_8844,c1ccc(CN2COCOC3CCCC32)cc1,MoleculeNet_HIV
hiv_33499,CCOC(=O)Nc1sc2c(c1C#N)CCCC2,MoleculeNet_HIV
hiv_16441,C#CCN(C)C(=O)N(CC#C)N=O,MoleculeNet_HIV
hiv_34287,CC(C)(C)OC(=O)C1CCC(=O)N1C1(c2ccccc2)c2ccccc2-c2ccccc21,MoleculeNet_HIV
hiv_39704,COC(=O)C1=C(C(=O)OC)SC(=C2SC3=C(SC(=C4SCCS4)S3)S2)S1,MoleculeNet_HIV
hiv_17919,O=[N+]([O-])c1ccc(-c2ccc(C3=Nn4c(CNc5ccccc5Cl)nnc4SC3)o2)cc1,MoleculeNet_HIV
hiv_2692,C1OC1CN1CCN(CC2CO2)CC1,MoleculeNet_HIV
hiv_27297,Cn1c(SCc2ccc([N+](=O)[O-])cc2)nnc1C12CC3CC(CC(C3)C1)C2,MoleculeNet_HIV
hiv_20231,Cc1cn(Cc2ccccc2CCO)c(=S)[nH]c1=O,MoleculeNet_HIV
hiv_5960,O=C(CBr)N1CCC2(CC1)SSC1(CCN(C(=O)CBr)CC1)S2,MoleculeNet_HIV
hiv_32760,N=C1C(=Cc2ccccc2)C(=O)N=C2SC=NN12,MoleculeNet_HIV
hiv_22492,COC(=O)C1CCc2c1c(=O)n1c([nH]c3ccccc31)c2C#N,MoleculeNet_HIV
hiv_3662,O=C1CCc2nc3ccccc3c(=O)n21,MoleculeNet_HIV
hiv_7628,C1C[N+]23CCC[N+]2(C1)CCC3.F[B-](F)(F)F,MoleculeNet_HIV
hiv_10648,O=[N+]([O-])c1cccc2c(Nc3ccc(S(=O)(=O)Nc4nccs4)cc3)c3ccccc3nc12,MoleculeNet_HIV
hiv_24590,CCOC(=O)c1ncn2c1[nH]c(=O)c1ccccc12,MoleculeNet_HIV
hiv_16323,CCN(CC)c1c(C(=O)C=Cc2ccc(Cl)cc2)c(-c2ccccc2)nn(C)c1=O,MoleculeNet_HIV
hiv_19224,COC(=O)C(=NO)C(C(=O)C=C(C)C)C(=O)C(=O)Nc1nc2ccc([N+](=O)[O-])cc2s1,MoleculeNet_HIV
hiv_26730,O=c1ccn(C2CCC3(CO)CC23)c(=O)[nH]1,MoleculeNet_HIV
hiv_21982,CCOC(=O)C(Br)=C1OC(=O)c2ccccc2-c2ccccc21.CCOC(=O)C(Br)=C1OC(=O)c2ccccc2-c2ccccc21,MoleculeNet_HIV
hiv_36405,CCOc1c2c(cc3c1C(=O)c1c(OC)cccc1C3=O)C=C(OC)CC2,MoleculeNet_HIV
hiv_9731,COC1C=CC23c4cc5c(cc4CN(CC2O)C3C1)OCO5,MoleculeNet_HIV
hiv_19326,N=C(N)NN=C(c1nc2ccc([N+](=O)[O-])cc2nc1O)C(O)c1ccc([N+](=O)[O-])cc1,MoleculeNet_HIV
hiv_3705,CC(=O)OC12CCCCC(CCCC1)O2,MoleculeNet_HIV
hiv_4146,C=Cc1cc[n+](Cc2ccc(C[n+]3ccc(C=C)cc3)cc2)cc1,MoleculeNet_HIV
hiv_15888,O=C1NCCCCC1CCCC#Cc1ccccc1,MoleculeNet_HIV
hiv_12266,CC(=O)OC1C2CCC1C1C2C2(Cl)C(Cl)=C(Cl)C1(Cl)C2(Cl)Cl,MoleculeNet_HIV
hiv_5053,COC1C=COC2(C)Oc3c(C)c(O)c4c(O)c(cc(OCC(=O)N5CCCCCC5)c4c3C2=O)NC(=O)C(C)=CC=CC(C)C(O)C(C)C(O)C(C)C(OC(C)=O)C1C,MoleculeNet_HIV
hiv_21340,NC(=O)NN=C(CC1OC(=O)c2ccccc21)c1ccc([N+](=O)[O-])cc1,MoleculeNet_HIV
hiv_2577,CC(C)C1=CC2=CCC3C(C)(COC(=O)COc4ccccc4)CCCC3(C)C2CC1,MoleculeNet_HIV
hiv_4744,Oc1nc(N2CCOCC2)nc2cc3ccccc3cc12,MoleculeNet_HIV
hiv_11558,Cc1cc(=O)oc2c1cc1ccc3cccc4ccc2c1c34,MoleculeNet_HIV
hiv_32701,Cc1cc(C)nc(NS(=O)(=O)c2ccc(NC(=O)c3ccc4nc5ccccc5c(Nc5ccc(S(=O)(=O)Nc6nc(C)cc(C)n6)cc5)c4c3)cc2)n1,MoleculeNet_HIV
hiv_31582,COC1CC(C)(NC(=O)C(F)(F)F)C2OC(c3ccccc3)OCC2O1,MoleculeNet_HIV
hiv_14747,CCC(C)C(NC(=O)C(N)CCCCN)C(=O)NC(CCC(N)=O)C(=O)NC(CO)C(=O)NC(C(=O)O)C(C)O,MoleculeNet_HIV
hiv_31132,CC(OC(C)(C)C)C(NC(=O)C(Cc1ccccc1)NC(=O)C(NC(=O)C(CCCCNC(=O)OC(C)(C)C)NC(=O)C(Cc1c[nH]c2ccccc12)C(=O)NC(Cc1ccccc1)NC(=O)C(Cc1ccccc1)NC(=O)C(CC(N)=O)NC(=O)C(N)CCCCNC(=O)OC(C)(C)C)C(C)OC(C)(C)C)C(=O)NC(COC(C)(C)C)C(=O)NC(CSC(C)(C)C)C(=O)OC(C)(C)C,MoleculeNet_HIV
hiv_30473,COc1c2c3c4c(c(OC)c(=O)c5c(O)cc(OC)c(c6c(OC)cc(O)c(c1=O)c63)c54)C(C(C)O)C2C(C)O,MoleculeNet_HIV
hiv_4003,O=C1C=C2C=CC3CC2(O1)C1CCCCN31,MoleculeNet_HIV
hiv_5881,COC1=NS(=O)(=O)C(C)C(C)(C)O1,MoleculeNet_HIV
hiv_26494,Cc1cc(S(=O)(=O)Nc2nc(=N)n(C)[nH]2)c(S)cc1Cl,MoleculeNet_HIV
hiv_23359,CCC(=O)NCC1(c2c[nH]c3ccccc23)SCCS1,MoleculeNet_HIV
hiv_33395,CC(=O)Oc1ccn2nc(C)c(Cc3c(C)nn4ccc(OC(C)=O)cc34)c2c1,MoleculeNet_HIV
hiv_3806,O=C1OC(=C2OCc3ccccc32)c2ccccc21,MoleculeNet_HIV
hiv_12144,CC1(C)OC2C=C(COCc3ccccc3)CC3C4COC(O4)C(O1)C23,MoleculeNet_HIV
hiv_9051,O=c1cc(C(F)(F)F)c2cc3c(cc2o1)NCCC3,MoleculeNet_HIV
hiv_23222,N#CC(=C1SC(N=Nc2ccccc2)C(=O)N1c1ccccc1)c1nc2ccccc2[nH]1,MoleculeNet_HIV
hiv_33475,COc1ccc(-c2nnc3[nH]c4ccccc4n3c2=O)cc1,MoleculeNet_HIV
hiv_22020,O=C(NNC(=O)c1ccncc1)C(=O)Nc1cc(Cl)c(Cl)cc1Cl,MoleculeNet_HIV
hiv_3270,CCN(CC)C1=CC(=O)n2cccc21,MoleculeNet_HIV
hiv_18236,CN1CCN(C(=O)CCN2c3ccccc3Sc3ccccc32)CC1,MoleculeNet_HIV
hiv_31651,Cc1nc(-c2ccc([N+](=O)[O-])cc2)cn2c1nc1ccccc12,MoleculeNet_HIV
hiv_40109,O=c1[nH]nc(Cn2c3ccc(Br)cc3c3nc4ccccc4nc32)n1C1CCCCC1,MoleculeNet_HIV
hiv_29871,CC1=CC(O)(c2ccccc2)C(N2CCOCC2)N1O,MoleculeNet_HIV
hiv_20053,CCC1CCC2CCCC(C)N12,MoleculeNet_HIV
hiv_19062,N#CCCN(c1ccc(-c2nnc(NC(=O)CNNC(=O)CC(=O)Nc3ccccc3)s2)cc1)S(=O)(=O)c1ccccc1,MoleculeNet_HIV
hiv_11821,CC1CC(=O)C2=CCCC3(SCCCS3)C2C1CO,MoleculeNet_HIV
hiv_18804,C(=CC(Sc1ccccc1)c1ccccc1)NNC1=NC(c2ccccc2)C(c2ccccc2)=NN1,MoleculeNet_HIV
hiv_26615,CC(=CCCC1=CC(=O)OC1)CCC1C2C(=O)CC(C)C3(C)CCC1(C)C23C,MoleculeNet_HIV
hiv_37862,N=C(N)NS(=O)(=O)c1ccc(-n2sc3ccccc3c2=O)cc1,MoleculeNet_HIV
hiv_25158,CCn1c2ccccc2c2ccc(C3C(C(=O)OC)=C(C)NC(C)=C3C(=O)OC)cc21,MoleculeNet_HIV
hiv_13399,CC(=O)C1(O)CC2(c3ccccc3)C(=O)C1(c1ccccc1)C(c1ccccc1)=C2c1ccccc1,MoleculeNet_HIV
hiv_1328,Cc1c(Cc2ccc(Cl)cc2)c(=O)[nH]c(=O)n1C,MoleculeNet_HIV
hiv_14748,CCC(C)C(NC(=O)C(N)CCCCN)C(=O)NC(CCC(=O)O)C(=O)NC(CO)C(=O)NC(C(=O)O)C(C)O,MoleculeNet_HIV
hiv_18809,O=C(Nc1ccccc1SC(C=CNNC1=NC(c2ccccc2)C(c2ccccc2)=NN1)c1ccccc1)c1ccc(Cl)cc1Cl,MoleculeNet_HIV
hiv_509,O=C1OC2OC3OC(=O)C4C3CC2C14,MoleculeNet_HIV
hiv_10592,CCC(=NNC(=N)N)C(C)=NNC(=N)N.O=S(=O)(O)O,MoleculeNet_HIV
hiv_14564,Cc1cc(NS(=O)(=O)c2ccc(NC(=O)c3cccc4c(=O)c5ccccc5[nH]c34)cc2)no1,MoleculeNet_HIV
hiv_28051,O=C(CCCN1CCC2(CC1)CC(=O)N(N1CCOCC1)C2=O)c1ccccc1,MoleculeNet_HIV
hiv_27601,FC1C2=C(SC1(F)F)C1CCC2C1,MoleculeNet_HIV
hiv_14871,O=C1C(=NN(C(=O)c2ccccc2)c2ccccc2)c2cccc3cccc1c23,MoleculeNet_HIV
hiv_38656,COC(=O)CCC1=CCC2(SC)C(=O)Nc3cccc1c32,MoleculeNet_HIV
hiv_12324,CC1=CCCC2C(C1)C(=O)CC(C)C2(C)CCC(=CCO)CO,MoleculeNet_HIV
hiv_18801,CC1=NN2C(=NC(C)(C)C1)NN=C2c1ccccc1Cl,MoleculeNet_HIV
hiv_1339,CC1=CC2=[N+]3C1=Cc1cc(C)c4n1[Co-2]31n3c(c(C)c(CCC(=O)O)c3=CC3=[N+]1C(=C4)C(C)=C3CCC(=O)O)=C2,MoleculeNet_HIV
hiv_10500,Cc1nc2ccccc2n(CC2CCCN3CCCCC23)c1=O,MoleculeNet_HIV
hiv_251,CN1CSC(=S)N(C)C1,MoleculeNet_HIV
hiv_28619,Cc1cc(S(=O)(=O)Nc2nnc3ccccn23)c(S)cc1Cl,MoleculeNet_HIV
hiv_30605,Oc1ccccc1C=NN1C(=S)N(C23CC4CC(CC(C4)C2)C3)C(=Nc2ccccc2)C1=Nc1ccccc1,MoleculeNet_HIV
hiv_31768,CC(C)(C)n1c(=O)n(C(=O)C(Cl)(Cl)Cl)n(C(=O)C(Cl)(Cl)Cl)c1=O,MoleculeNet_HIV
hiv_14898,Cc1cccc(NC(=O)Cc2nc3ccccc3s2)c1C,MoleculeNet_HIV
hiv_31219,COc1cc2c3c(c1)nc(C)n3C(=O)C(c1ccccc1)S2,MoleculeNet_HIV
hiv_24634,Cc1c(C2CCSc3ccccc3N2)sc2ccccc12,MoleculeNet_HIV
hiv_38948,COc1ccc2[nH]c(C(O)(Cc3cccnc3)Cc3cccnc3)cc2c1,MoleculeNet_HIV
hiv_7901,CCOC(=O)Nc1nc(=O)n(-c2ccc3ccccc3n2)[nH]1,MoleculeNet_HIV
hiv_35539,O=C(Nc1ccccc1)N(C1=NCC(CI)S1)c1ccc(F)cc1F,MoleculeNet_HIV
hiv_27548,CCN1CCN(CC)[Pd-2]12[n+]1ccccc1-c1cccc[n+]12.[O-][Cl+3]([O-])([O-])O,MoleculeNet_HIV
hiv_26563,CC(C)(Oc1ccc2c(=O)cc(-c3ccccc3)oc2c1)C(=O)N1CCN(c2ccccc2)CC1,MoleculeNet_HIV
hiv_20357,COc1ccc(C2ON(c3ccccc3)CC=C2C)cc1,MoleculeNet_HIV
hiv_26175,N#CC(=CNC(=S)NCc1ccccc1)c1nc2ccccc2s1,MoleculeNet_HIV
hiv_23636,CC(C)C(=O)CC(c1ccc(Br)cc1)N1N=C(C(C)C)CC1c1ccc(Br)cc1,MoleculeNet_HIV
hiv_24499,CN1CCN(C(=S)N(C(=O)c2cccs2)c2ccccc2)CC1,MoleculeNet_HIV
hiv_31083,CN(C(=O)C(Cc1ccccc1)NC(=O)OC(C)(C)C)C1(C(=O)NC(Cc2ccccc2)C(=O)OCc2ccccc2)CCCC1,MoleculeNet_HIV
hiv_8393,CCN(CC)Cc1c(OC)ccc2[nH]c3c4ccc(Cl)cc4ncc3c12,MoleculeNet_HIV
hiv_37876,COc1cc(C2C(C#N)=C(N)OC3=C2CCS(=O)(=O)c2ccc(C)cc23)cc(OC)c1OC,MoleculeNet_HIV
hiv_37568,O=C(Cc1ccccc1)c1ccc2[nH]c(=O)oc2c1,MoleculeNet_HIV
hiv_10696,CCOC(=O)CC(C)CCO,MoleculeNet_HIV
hiv_37943,O=C(Nc1cc2c(oc1=O)CCCCCC2)c1ccccc1,MoleculeNet_HIV
hiv_8568,O=C1C=CC2C3C(=O)N(c4ccccc4)C(=O)C3C1N2Cc1ccccc1,MoleculeNet_HIV
hiv_9931,c1cnc2c(c1)Nc1cnncc1S2,MoleculeNet_HIV
hiv_3548,CN1CCCC1c1cccnc1.O=C(O)C(O)C(O)C(=O)O,MoleculeNet_HIV
hiv_37753,CC12CCC(=NOCCN3CCCCC3)C=C1CCC1C2CCC2(C)C(O)CCC12.O=C(O)C(=O)O,MoleculeNet_HIV
hiv_3530,CCOC(=O)C(C)(C(=O)OCC)C1(c2ccccc2)OC(=O)c2ccccc21,MoleculeNet_HIV
hiv_6670,CC1CC[P+](c2ccccc2)(c2ccccc2)Cc2ccccc21.F[P-](F)(F)(F)(F)F,MoleculeNet_HIV
hiv_27561,NC(=O)c1ncn(C2C=CC(CP(=O)(O)O)C2)c1N,MoleculeNet_HIV
hiv_30631,O=C(Nc1ccc(Cl)cc1)NS(=O)(=O)c1c(-c2ccccc2)oc2ccccc2c1=O,MoleculeNet_HIV
hiv_40119,Cc1ccc(S(=O)(=O)Nc2nnc(S(N)(=O)=O)s2)cc1,MoleculeNet_HIV
hiv_14499,N[Co-4](N)(N)(N)(N)N.[Br-],MoleculeNet_HIV
hiv_4563,Cc1ccc2nnn3c(=N)[nH]c(=N)nc3c2c1,MoleculeNet_HIV
hiv_8435,O=c1oc2c3ccccc3c3ccccc3c2c2oc3c4ccccc4c4ccccc4c3c12,MoleculeNet_HIV
hiv_33322,COC(=O)c1ccccc1C=C1Cc2c(ccc3c2CCC3)C1=O,MoleculeNet_HIV
hiv_710,COc1cc2c(cc1OC)CN1CCc3cc(OC)c(OC)cc3C1C2,MoleculeNet_HIV
hiv_23865,CC(C)(Oc1ccc(C=CC(=O)c2ccccc2)cc1)C(=O)Nc1c(Cl)cccc1Cl,MoleculeNet_HIV
hiv_9889,O=C1OC(=O)C2C3CCCCC3=C3CCCCC3C12,MoleculeNet_HIV
hiv_23858,Cc1c(OCCCOc2ccc3c(=O)cc(-c4ccccc4)oc3c2C)ccc2c(=O)cc(-c3ccccc3)oc12,MoleculeNet_HIV
hiv_4056,O=c1c(=Cc2ccc(Cl)c(Cl)c2)sc2n1CCN=2,MoleculeNet_HIV
hiv_23436,CC(=O)N(C(C)=O)C1=C2c3ccccc3N(S(=O)(=O)c3ccccc3)C2n2c(=O)n(-c3ccccc3)c(=O)n2C1,MoleculeNet_HIV
hiv_9126,COC(=O)C1=NC(=S)N=C(C(=O)OC)C12Cc1ccccc1C2=O,MoleculeNet_HIV
hiv_22909,C=CCN1COc2c(cc3c4c(cccc24)C(=O)O3)C1,MoleculeNet_HIV
hiv_20740,CC(=O)Oc1c2c(c(O)c3ccccc13)C(n1cnc3c(ncn3C3OC(CO)C4OC(C)(C)OC43)c1=N)CCC2,MoleculeNet_HIV
hiv_26930,N=C1NNC(=O)c2cccnc2N1,MoleculeNet_HIV
hiv_34291,CCCC(=O)Oc1c(Cl)cc(C(=CCCC2CCC3(C)C(CCC4C3CCC3(C)C(C(C)CCCC(C)C)CCC43)C2)c2cc(Cl)c(OC(=O)CCC)c(C(=O)O)c2)cc1C(=O)O.[NaH],MoleculeNet_HIV
hiv_27194,CC12CCCCC1=[N+]([O-])C(C)(C)N2O,MoleculeNet_HIV
hiv_33508,CC(=O)OCC1OC(SC2=NC(=Cc3ccc(Br)s3)C(=O)N2c2ccccc2)C(OC(C)=O)C(OC(C)=O)C1OC(C)=O,MoleculeNet_HIV
hiv_6010,CNC1C(O)C(OC2C(N)CC(N)C(OC3OC(CN)=CCC3N)C2O)OCC1(C)O.O=S(=O)(O)O,MoleculeNet_HIV
hiv_1146,CCOP(=S)(S)OCC.C[S+]=c1cc(-c2ccccc2)ss1,MoleculeNet_HIV
hiv_23293,CC1=NN(C(=O)c2ccccc2O)C(=O)C1=Cc1ccc(O)cc1,MoleculeNet_HIV
hiv_1985,CC12CCC(O)CC1=CCC1C2CCC2(C)C(c3c[nH]cn3)CCC12,MoleculeNet_HIV
hiv_7557,CCOC(=O)Nc1ccc2[nH]c(-c3cscn3)nc2c1,MoleculeNet_HIV
hiv_11625,CC(C)c1cccc(C(C)C)c1NC(=S)Nc1ccccc1,MoleculeNet_HIV
hiv_23143,CCOC(=O)C1C(C(=O)OCC)C2c3ncccc3-c3ccccc3N2C1C(=O)OCC,MoleculeNet_HIV
hiv_29893,CC(=O)OCC1OC=CC(OC(C)=O)C1OC1OC(COC(C)=O)C2OC(C)(C)OC2C1OC(C)=O,MoleculeNet_HIV
hiv_25087,CC(CCC(=O)O)C1CCC2C3C(O)CC4CC(O)CCC4(C)C3CC(=O)C12C,MoleculeNet_HIV
hiv_10746,CCC12CCCN3CCC4(C(=Nc5cc(OC)ccc54)CC1)C32,MoleculeNet_HIV
hiv_20555,O=C1CC(c2ccccc2)=Nc2ccccc2N1,MoleculeNet_HIV
hiv_2791,CN(C)N=C(SSC(=NN(C)C)C(F)(F)F)C(F)(F)F,MoleculeNet_HIV
hiv_12971,Nc1cccc2c1C1=NNC(=O)CC1C2,MoleculeNet_HIV
hiv_3835,CN1CCC(O)(c2ccc(F)cc2)C(C(=O)c2ccc(F)cc2)C1,MoleculeNet_HIV
hiv_20370,N=C(NN=Cc1c[nH]c2ccccc12)Nc1ccccc1.O=[N+]([O-])O,MoleculeNet_HIV
hiv_7685,COC1C=CC=C(C)C(=O)NC2=CC(=O)C=C(C2=O)C(OC)C(C)CC(OC)C(OC)C(C)C=C(C)C1OC(N)=O,MoleculeNet_HIV
hiv_26830,NCCCCCCCCCCC(=O)O,MoleculeNet_HIV
hiv_31004,CCC1=CCC23C(=O)C=CC(=O)C2(C1)C(=O)c1cccc(OC)c1C3=O,MoleculeNet_HIV
hiv_13867,N#CC1CC2(C1)OCCS2,MoleculeNet_HIV
hiv_30317,O=C1c2ccccc2C(=O)N1C(Cc1ccccc1)C(=O)n1cccc1CO,MoleculeNet_HIV
hiv_21345,COc1ccc(C(=NNc2ccccc2)C(c2ccc(OC)cc2)C2OC(=O)c3ccccc32)cc1,MoleculeNet_HIV
hiv_22022,COC(=O)C(=O)C(C(=O)C(N)=O)c1nc2ccc(C(=O)c3ccccc3)cc2nc1O,MoleculeNet_HIV
hiv_11798,[N-]=[N+]=NC1CC(n2cc(Cc3ccccc3)c(=O)[nH]c2=O)OC1CO,MoleculeNet_HIV
hiv_36011,O=S(=O)(Nc1nc2ccccc2nc1Nc1cccc2ccccc12)c1ccccc1,MoleculeNet_HIV
hiv_28636,c1ccc(NN=C2CC(c3ccccc3)Oc3ccccc32)cc1,MoleculeNet_HIV
hiv_8718,O=C(N=NC(=O)N1CCCCC1)N1CCCCC1,MoleculeNet_HIV
hiv_34907,Cc1ccc(C(=O)Nc2ccc(CP(=O)(O)O)cc2)cc1NC(=O)c1cccc(NC(=O)Nc2cccc(C(=O)Nc3cc(C(=O)Nc4ccc(CP(=O)(O)O)cc4)ccc3C)c2)c1.[NaH],MoleculeNet_HIV
hiv_34389,N#CC12CC(C=O)=C(N)C1(C#N)CC(C=O)=C2N,MoleculeNet_HIV
hiv_11180,CC1=CC(=C2N=C(N(C)C)SS2)C(C)=N1.[O-][Cl+3]([O-])([O-])O,MoleculeNet_HIV
hiv_1830,O=C(c1ccccc1)N1CCCCC1c1cccnc1,MoleculeNet_HIV
hiv_29106,CC(NC(=O)C(CC(=O)OCc1ccccc1)NC(=O)OCc1ccccc1)c1ccccc1,MoleculeNet_HIV
hiv_10829,COC(=O)C1(COCc2ccccc2)CCCC2OC21,MoleculeNet_HIV
hiv_21436,CC1(C)CC(=O)C(CC2C(=O)CCCC2=O)C(=O)C1,MoleculeNet_HIV
hiv_3179,CN(CC1=C(O)C(=O)C(CN(C)Cc2c(O)ccc3ccccc23)=C(O)C1=O)Cc1c(O)ccc2ccccc12,MoleculeNet_HIV
hiv_13993,C=C1CCC2C(C)(CO)C(O)CCC2(C)C1CC(O)C1=CCOC1=O,MoleculeNet_HIV
hiv_1866,O=C1c2ccccc2C(c2ccccc2)(N2CCCCC2)N1c1ccccc1,MoleculeNet_HIV
hiv_26204,CCOC(=O)C(NC(=O)c1ccccc1)C(c1ccccc1)[Sn](c1ccccc1)(c1ccccc1)c1ccccc1,MoleculeNet_HIV
hiv_22933,O=C1N=CN=C2C=CC(Cl)=C(I)C12,MoleculeNet_HIV
hiv_13583,O=C1C2CCCCC2C(=O)N1N1C(=O)C2CCCCC2C1=O,MoleculeNet_HIV
hiv_7759,CC1N=C(SCC(=O)c2ccc(F)cc2)N2C(C)N=C(SCC(=O)c3ccc(F)cc3)N12,MoleculeNet_HIV
hiv_6493,CC1CC(C)CC(C)C(O)C(C#N)=CC=CCC(C2CCCC2C(=O)O)OC(=O)CC(O)C(C)C1,MoleculeNet_HIV
hiv_32365,Cl.O=[N+]([O-])c1cccc2nc3ccccc3c(NCCCn3ccnc3[N+](=O)[O-])c12,MoleculeNet_HIV
hiv_38731,CN(C)CCCNC(=O)c1cc(NC(=O)c2cc(NC(=O)c3cc(NC(=O)c4ccnc(C(=O)Nc5cc(C(=O)Nc6cc(C(=O)Nc7cc(C(=O)NCCCN(C)C)n(C)c7)n(C)c6)n(C)c5)c4)cn3C)cn2C)cn1C,MoleculeNet_HIV
hiv_2624,COC(=O)c1ccccc1NC(c1ccccn1)c1ccc2cccnc2c1O,MoleculeNet_HIV
hiv_19486,Cc1cc([N+](=O)[O-])ccc1NC(=O)C(=O)C(C(=O)c1ccccc1-c1ccccc1)C1OC(=O)c2ccccc21,MoleculeNet_HIV
hiv_23699,N#CC(NNC(=O)Cc1ccccc1)c1c(O)ccc2ccccc12,MoleculeNet_HIV
hiv_20892,CC1=CC(O)C(=O)C=CC=Cc2csc(n2)C(C)NC(=O)CC2(CC1)S(=O)SC(=O)C2(C)O,MoleculeNet_HIV
hiv_6925,CCN(CC)P1(=S)OCC(C)O1,MoleculeNet_HIV
hiv_23962,NC(=O)c1ccc(S(=O)(=NS(=O)(=O)c2ccccc2)c2ccc(C(N)=O)cc2)cc1,MoleculeNet_HIV
hiv_5186,N=c1c2ccccc2nnn1Cc1ccccc1,MoleculeNet_HIV
hiv_3227,C1=Cc2ccccc2C1=Cc1ccc2c(c1)OCO2,MoleculeNet_HIV
hiv_37260,COc1ccc(OC)c2c3c([nH]c12)C(=O)Nc1nc(N)nc(N)c1C3,MoleculeNet_HIV
hiv_29144,C=C1CC(CN2CCC(=O)NC2=O)(c2ccccc2)OC1=O,MoleculeNet_HIV
hiv_10460,C=C1C(=O)SC(=NCc2ccccc2)N1C,MoleculeNet_HIV
hiv_30004,CC1(C)C(=NNc2ccc([N+](=O)[O-])cc2[N+](=O)[O-])C2CCC1C2,MoleculeNet_HIV
hiv_24446,Cc1cccc2c1Oc1cc(Cl)ccc1C2NC(=O)CCN1CCOCC1.Cl,MoleculeNet_HIV
hiv_13916,CC1=C2C(O)C(C(C)CO)C(O)CC2(C)C(O)CC1,MoleculeNet_HIV
hiv_14277,Clc1ccc(OCc2nnc3n2N=C(c2ccc(Br)cc2)CS3)cc1,MoleculeNet_HIV
hiv_22976,Cc1cn2c(=O)c3ccccc3nc2s1,MoleculeNet_HIV
hiv_3940,O=C1OC(=O)C2C1C=C(c1ccccc1)C1C3C=CC(C4C(=O)OC(=O)C34)C21,MoleculeNet_HIV
hiv_25458,O=C(O)c1cc(O)c2c(c1)Cc1cccc(O)c1C2=O,MoleculeNet_HIV
hiv_26007,Cc1ccc(S(=O)(=O)C(C#N)=CN2CCNC2=S)cc1,MoleculeNet_HIV
davis_126565,CC12OC(CC1(O)CO)n1c3ccccc3c3c4c(c5c6ccccc6n2c5c31)CNC4=O,DAVIS_spike_in
hiv_36163,Cn1c(=O)c2c(n(C)c1=O)n1c(=O)c3ccccc3nc1n2C,MoleculeNet_HIV
hiv_15547,CCOP(=S)(OCC)Oc1ccc2c(c1)OC(=O)C1(Cl)C2(C)C2(Cl)C(=O)Oc3cc(OP(=S)(OCC)OCC)ccc3C12C,MoleculeNet_HIV
hiv_13542,O=C1NC2CCCCC2C12CCCCC2,MoleculeNet_HIV
hiv_20582,CCOC(=O)C(C#N)=C1NC(C(=O)OCC)CO1,MoleculeNet_HIV
hiv_27036,CC(C)(CCCCC(C)(C)C1NC(=O)N1)C1NC(=O)N1,MoleculeNet_HIV
hiv_36175,O=c1oc2ccccc2c(O)c1C(c1ccc(C=Cc2ccccc2)cc1)c1c(O)c2ccccc2oc1=O,MoleculeNet_HIV
hiv_30827,Cc1cc(NS(=O)(=O)c2ccc(NC(NC(=O)OC(C)C)(C(F)(F)F)C(F)(F)F)cc2)nc(C)n1,MoleculeNet_HIV
hiv_6943,CC1=Nc2ccc(Cl)cc2N=C(C)C1,MoleculeNet_HIV
hiv_20767,Oc1cc2cc(-c3ccccc3)[nH]c2c2ccccc12,MoleculeNet_HIV
hiv_22478,C=C(Nc1nc2ccc(C)cc2s1)C(=O)C(CC)C(=O)C(CC)CC1C(=O)NC(=O)NC1=O,MoleculeNet_HIV
davis_11409972,CCN1CCN(Cc2ccc(NC(=O)Nc3ccc(Oc4cc(NC)ncn4)cc3)cc2C(F)(F)F)CC1,DAVIS_spike_in
hiv_32058,O=c1c2cccnc2n2n1Cc1ccccc1C2,MoleculeNet_HIV
hiv_10593,[O-][N+]1=Cc2ccc(O)cc2[OH+][Cu-3]12[OH+]c1cc(O)ccc1C=[N+]2[O-],MoleculeNet_HIV
hiv_24040,Cc1cc2oc(=O)[nH]c(=S)c2c(C)c1C,MoleculeNet_HIV
hiv_1707,C1CN2C(=N1)N1CCN=C1N1CCN=C21,MoleculeNet_HIV
hiv_32571,CC(NC(=O)CCS)C(=O)NC(C)C(=O)NC(Cc1c[nH]c2ccccc12)C(=O)NC(Cc1c[nH]cn1)C(=O)NC(CO)C(=O)NC(Cc1c[nH]c2ccccc12)C(=O)NCCCCC(=O)NC(C)C(=O)NC(CCC(N)=O)C(=O)NC(CCCCN)C(=O)NC(C)C(=O)NC(CCCNC(=N)N)C(=O)NC(CCCCN)C(N)=O,MoleculeNet_HIV
hiv_15491,CCCCCCCC(=O)OCC1OC(n2cc(F)c(=O)[nH]c2=O)C(NC(=O)OCc2ccccc2)C(O)C1O,MoleculeNet_HIV
hiv_5535,C=CCCCCCCCCC(=O)NCCN1CCOCC1,MoleculeNet_HIV
hiv_7870,O=C1CSC(=Nc2ccccc2F)N1c1ccccc1F,MoleculeNet_HIV
hiv_31404,COc1cc2c(cc1OC)C1Cc3ccccc3CCN1CC2,MoleculeNet_HIV
hiv_10424,COc1ccc(-c2cc3c(c4cc(OC)ccc24)C(=O)OC3=O)cc1,MoleculeNet_HIV
hiv_28189,CCOC(=O)Oc1cc2c(ccn2C)c2c1c1ccccc1n2C(=O)OCC,MoleculeNet_HIV
hiv_24075,O=C1CCCCCC=C2CCC(Sc3ccccc3)C12,MoleculeNet_HIV
hiv_27039,CON(C)C(C#N)=C(C#N)C#N,MoleculeNet_HIV
hiv_30634,C(=Cc1ccccc1)COc1ccccc1C(N1CCOCC1)n1nc2ccccc2n1,MoleculeNet_HIV
hiv_14948,O=C1Nc2ccccc2C1(O)Cc1ccccn1,MoleculeNet_HIV
hiv_21157,COc1cccc(NC(=O)C(=O)C2C=CCS2(=O)=O)c1,MoleculeNet_HIV
hiv_40784,CCOC(=O)N1C(=S)C(C(=O)OC)(C(=O)OC)N=C1C,MoleculeNet_HIV
hiv_2189,O=C(Nc1ccc(C2=NCCN2)cc1)Nc1cc(NC(=O)Nc2ccc(C3=NCCN3)cc2)cc(C(=O)O)c1,MoleculeNet_HIV
hiv_25565,O=C(NNc1ccnc2cc(Cl)ccc12)C(=Cc1ccccc1Cl)NC(=O)c1ccccc1,MoleculeNet_HIV
hiv_35013,S=C1c2ccc(Cl)cc2-n2cnnc2C2CSCN12,MoleculeNet_HIV
hiv_6271,N#CNC(=N)NP(=O)(Oc1ccccc1)Oc1ccccc1,MoleculeNet_HIV
hiv_12556,NC(=S)NN=C(CC(=O)c1ccccc1)C(=O)Nc1ccc(Cl)c(Cl)c1,MoleculeNet_HIV
hiv_13497,CC1CC(C)CN(Cc2cccnc2)C1,MoleculeNet_HIV
hiv_2943,c1ccc(C2OC23CCCCC3)cc1,MoleculeNet_HIV
davis_153999,CN(C)CC1CCn2cc(c3ccccc32)C2=C(C(=O)NC2=O)c2cn(c3ccccc23)CCO1,DAVIS_spike_in
hiv_7811,Clc1ccc(CN2CCCN(Cc3ccc(Cl)c(Cl)c3)S2)cc1Cl,MoleculeNet_HIV
hiv_32997,CC(C)(C)c1n[nH]c(C(C)(C)C)c1N=O,MoleculeNet_HIV
hiv_26742,CCOC(=O)C12CC(C=COC)(O[Si](C)(C)C)C13c1cc(OC)c(OC)cc1CCN3C(=O)C2O,MoleculeNet_HIV
hiv_6478,CN(C)c1ccc(C=NNC(=S)Nc2ccccc2)cc1,MoleculeNet_HIV
hiv_8866,O=C(O)c1nn(-c2ccccc2-c2nnc(O)nc2O)c(=O)[nH]c1=O,MoleculeNet_HIV
hiv_39670,Cc1cn(C2CC(CC=[N+]([O-])CC3OC(n4cc(C)c(=O)[nH]c4=O)CC3O[Si](C)(C)C(C)(C)C)C(CO[Si](C)(C)C(C)(C)C)O2)c(=O)[nH]c1=O,MoleculeNet_HIV
hiv_5220,O=[N+]([O-])c1ccc(NN=CC(c2ccccc2)c2ccsc2)c([N+](=O)[O-])c1,MoleculeNet_HIV
hiv_19745,CCOC(=O)c1nc2ccc(OC)cc2c2c1Cc1ccccc1-2,MoleculeNet_HIV
hiv_34377,N#Cc1c(C#N)c(-c2ccccc2)n(N=Cc2ccccc2)c1N,MoleculeNet_HIV
hiv_26358,[Cl-].c1cc(C[S+]2CCCC2)sc1C[S+]1CCCC1,MoleculeNet_HIV
hiv_3519,CSC1OC(C)(C)OC1=O,MoleculeNet_HIV
hiv_39916,CCN(CC)Cc1nc2sc3c(c2c(=O)n1-c1ccccc1)CCCC3,MoleculeNet_HIV
hiv_6596,CC(C)C(N)S(=O)(=O)O,MoleculeNet_HIV
hiv_40691,CN1CCN(C(N)=C(C#N)C(=O)Nc2ccc(Cl)cc2)CC1,MoleculeNet_HIV
hiv_19783,Cc1cc(=O)oc2cc(OCc3nc4ccccc4c(=O)o3)ccc12,MoleculeNet_HIV
hiv_33107,CCc1n[nH]c(=O)n1-c1ccncc1,MoleculeNet_HIV
hiv_22772,C1CSCC2(COC2)CSCCSCC2(COC2)CS1,MoleculeNet_HIV
hiv_36458,CC1(C)CCc2cc3c(cc2O1)OCC1c2cc(O)c(OCc4ccccc4)cc2OC31,MoleculeNet_HIV
hiv_21805,Nc1ccc2c(c1)Oc1c(F)c(F)cc3c(=O)c(C(=O)O)cn-2c13,MoleculeNet_HIV
hiv_898,O=c1ccc(Oc2ccc([N+](=O)[O-])cc2[N+](=O)[O-])nn1-c1ccc([N+](=O)[O-])cc1[N+](=O)[O-],MoleculeNet_HIV
hiv_24419,NC(=O)NN=C1CCc2ccccc2C1,MoleculeNet_HIV
hiv_14603,COc1cc(N=[N+]2[Cu-][OH+]C(=O)c3ccccc32)cc2c1[OH+][Cu-][N+]([N-]C(=S)Nc1ccc(C)cc1)=C2,MoleculeNet_HIV
hiv_21896,O=C1OC(Cl)C(N=P(c2ccccc2)(c2ccccc2)c2ccccc2)=C1Cl,MoleculeNet_HIV
hiv_11732,Nc1ccc(C(=O)NC(=Cc2cccc([N+](=O)[O-])c2)c2nc3c(O)nc(S)nc3[nH]2)cc1,MoleculeNet_HIV
hiv_22367,CCOc1ccc2nc(NC(=O)C(CC(=O)CC(C3=C(O)c4ccccc4CC3=O)c3ccccc3)=NO)sc2c1,MoleculeNet_HIV
hiv_26459,CON=C(C(=O)[N-]n1cn[n+](CC(=O)OC(C)(C)C)c1)c1csc(NC(c2ccccc2)(c2ccccc2)c2ccccc2)n1,MoleculeNet_HIV
hiv_22087,CCN1C(=O)C(=Cc2coc3ccccc3c2=O)SC1=S,MoleculeNet_HIV
hiv_36693,N#Cc1nc(COCCOCc2ccc(F)cc2)oc1N,MoleculeNet_HIV
hiv_31445,Cc1cc(N=C2C=C(O)C(=O)c3ccccc32)no1,MoleculeNet_HIV
hiv_10138,CCCCCCCCCCCCCCCCOP(=O)([O-])OCC[N+](C)(C)C,MoleculeNet_HIV
hiv_11713,COc1ccc(C(c2ccc(C(C)C)cc(=O)c2O)c2ccc3cccnc3c2O)cc1,MoleculeNet_HIV
hiv_127,O=C(O)CN(CCN(CC(=O)O)CC(=O)O)CC(=O)O,MoleculeNet_HIV
hiv_3113,c1ccc(OCC[PH](c2ccccc2)(c2ccccc2)c2ccccc2)cc1,MoleculeNet_HIV
hiv_19661,O=C(C=Cc1ccccc1)CC1OC(=O)c2ccccc21,MoleculeNet_HIV
hiv_3250,Cc1nc2c(=O)n(C)c(=O)n(C)c2nc1CCC(=O)O,MoleculeNet_HIV
hiv_14084,CC(C)(O)CCC(O)C(C)(O)C1CCC2(O)C3=CC(=O)C4CC(O)C(O)CC4(C)C3CCC12C,MoleculeNet_HIV
hiv_1715,C1Cn2nnnc2N1,MoleculeNet_HIV
hiv_5306,O=C(CC1CCN(C(=O)c2ccccc2)C(Cc2c[nH]c3ccccc23)C1O)N1CCCC1,MoleculeNet_HIV
hiv_959,S=c1[nH]ccs1,MoleculeNet_HIV
hiv_35672,Cc1ccc(C)n1-c1ccccc1C1C=Cn2c(=O)oc3c(OC(C)C)c(OC(C)C)c(O)c1c32,MoleculeNet_HIV
hiv_32289,Nc1nc(Cl)c(N=Nc2ccc(Cl)cc2)c(NCC2(CO)CCC2)n1,MoleculeNet_HIV
hiv_24793,COc1ccccc1C=C1Sc2scc(CC(=O)Nc3ccccc3)[n+]2C1=O.[Br-],MoleculeNet_HIV
hiv_37815,CNC(=O)CNC(=O)CCC(=O)N(C)C,MoleculeNet_HIV
hiv_14597,CCCC(=O)c1c(NOC2OC(COC(C)=O)C(OC(C)=O)C(OC(C)=O)C2OC(C)=O)nc(OC)n(C)c1=O,MoleculeNet_HIV
hiv_23316,CC1=NN(C(=O)Cc2ccccc2)C(=O)C1=Cc1ccco1,MoleculeNet_HIV
hiv_11988,Cc1c(C(=O)O)oc2ccc([N+](=O)[O-])cc12,MoleculeNet_HIV
hiv_1664,COc1ccc2c(c1)C(C(=O)O)CC(=O)N2C,MoleculeNet_HIV
hiv_7922,c1cnc2c(c1)Sc1ncccc1S2,MoleculeNet_HIV
hiv_3831,OC1Cn2cc(Br)c[n+]2C1,MoleculeNet_HIV
hiv_28042,O=C1CC2(CCN(Cc3ccccc3)CC2)C(=O)N1N1CCCCC1,MoleculeNet_HIV
hiv_23497,COc1ccc(C(=O)NNC(=O)c2nsc3ccccc23)cc1,MoleculeNet_HIV
hiv_37168,O=C1c2scnc2-c2nccc3c2c1nc1ccccc13,MoleculeNet_HIV
hiv_14044,NCC(=O)NC(CCCC(NC(=O)CN)P(=O)(O)O)P(=O)(O)O,MoleculeNet_HIV
hiv_9311,Clc1cccc2[nH]c(-c3ccncc3)nc12,MoleculeNet_HIV
hiv_15983,Cc1ccc(C2=NN(C)COC2C(F)(F)F)cc1,MoleculeNet_HIV
hiv_30271,Clc1ccc(C=Cc2nc3ccccc3s2)cc1Cl,MoleculeNet_HIV
hiv_22672,C1CCC(OC2CSC2)OC1,MoleculeNet_HIV
hiv_34296,CC(=O)Oc1cc2c(cc1OCC(F)(F)F)C1CCC3(C)C(OC(C)=O)CCC3C1CC2=O,MoleculeNet_HIV
hiv_24425,COC1CCC(CO)OO1,MoleculeNet_HIV
hiv_22261,Cn1cc2ccccc2c1-c1nc(F)nc(Oc2ccc3c(c2)CCC2C3CCC3(C)C(O)C(O)CC23)n1,MoleculeNet_HIV
hiv_8295,O=S1ON=C(C2CCC(C3=NOS(=O)O3)C2)O1,MoleculeNet_HIV
hiv_8518,O=C1c2ccccc2-n2c1nc1ccccc1c2=O,MoleculeNet_HIV
hiv_22148,O=c1cc(-c2ccccc2)oc2cc(OCCSCCCCCCCCCCSCCOc3ccc4c(=O)cc(-c5ccccc5)oc4c3)ccc12,MoleculeNet_HIV
hiv_26731,N=c1ccn(C2CCC3(CO)CC23)c(=O)[nH]1,MoleculeNet_HIV
hiv_3604,COC(=O)C1(C(=O)OC)C2(CCCC2)C1(C(=O)OC)C(=O)OC,MoleculeNet_HIV
hiv_24875,CCOC(=O)Cc1csc(NN=C2C(=O)Nc3ccccc32)n1,MoleculeNet_HIV
hiv_8047,COC(C(C)=CC=CC(C)=Cc1coc(C)n1)C(C)C1CC(O)C2(C)OC2C=CC(C)C2CC(CC(=O)O2)CC2OC2C(=O)O1,MoleculeNet_HIV
hiv_14295,COc1ccc(NN=C(CCN(C)C)c2ccccc2)cc1.Cl,MoleculeNet_HIV
hiv_32186,I.O=C(CCCl)NNC1=NCCCN1,MoleculeNet_HIV
hiv_40516,O=[N+]([O-])c1cccc(C2=NC(=S)NC(c3cc(Cl)ccc3O)C2)c1,MoleculeNet_HIV
hiv_9072,O=c1c(=O)c2cc(O)ccc12,MoleculeNet_HIV
hiv_37812,CC[N+]1(C)CCC(O)(C=Cc2ccc(Cl)cc2)C(C(=O)C=Cc2ccc(Cl)cc2)C1.[I-],MoleculeNet_HIV
hiv_38062,CSc1c(C(N)=S)c(=N)[nH]n1-c1ccccc1,MoleculeNet_HIV
hiv_26428,COc1cc2c(c3c1c(=O)c1ccccc1n3C)C=CC1(CCCC1)O2,MoleculeNet_HIV
hiv_2406,Cc1cc(C(=O)Nc2ccc(NC3=NCCN3)cc2)c(C)cc1C(=O)Nc1ccc(NC2=NCCN2)cc1,MoleculeNet_HIV
hiv_9747,Cc1ccc(S(=O)(=O)OC2C(C)OCOC3COCOC32)cc1,MoleculeNet_HIV
hiv_8470,CC1(C)NC(=O)C2(CC(O)C=C2CO)O1,MoleculeNet_HIV
hiv_9478,N=c1[nH]c2c(C(=O)c3cccs3)nnn2c2cccc(Cl)c12,MoleculeNet_HIV
hiv_23802,COCN(C)c1nc(N(C)C)nc(N(C)C)n1,MoleculeNet_HIV
hiv_19176,CN(C)CC[N+]1=Nc2cccc3cccc(c23)N1.[Cl-],MoleculeNet_HIV
hiv_2344,Clc1ccc(CSc2ccc3nncc(SCc4ccc(Cl)cc4)c3c2)cc1,MoleculeNet_HIV
hiv_3406,CC12CCC(C)(O1)C1C(=O)N(c3nccs3)C(=O)C12,MoleculeNet_HIV
hiv_22848,CC(NC(=O)C(C#N)=Cc1ccc2[nH]ccc2c1)c1ccccc1,MoleculeNet_HIV
hiv_4128,CCOC(=O)NP(=O)(NC(=O)NOC)NC(=O)OCC,MoleculeNet_HIV
hiv_35335,COC(=O)C1C=CN(N(C)C)C2=C1C(=O)c1c(O)cccc1C2=O,MoleculeNet_HIV
hiv_36605,CN(C)c1ccc(-c2c(C#N)c(O)n(NS(=O)(=O)c3ccccc3)c(=O)c2C#N)cc1,MoleculeNet_HIV
hiv_40577,c1csc(-c2ccc(-c3ccsc3)s2)c1,MoleculeNet_HIV
hiv_3253,CC1=C2C=CC(=O)N2C2C(N1)C(=O)N(C)C(=O)N2C,MoleculeNet_HIV
hiv_17079,Cc1cc(O)nc(CNC(=O)c2cccc(C(=O)NCc3cc(O)nc(C)n3)c2)n1,MoleculeNet_HIV
hiv_9062,Cn1c(=O)ccc2c1nc1cccc[c-]1[n+]2=O,MoleculeNet_HIV
hiv_9060,O=C(O)CC(Sc1ccc(Cl)cc1)C(=O)Nc1ccccc1,MoleculeNet_HIV
hiv_5114,Cc1nn(C)c2c1NC(=O)CS2,MoleculeNet_HIV
hiv_4785,CCC(C)(O)C(=O)OC1C(=O)OC2CC3C(C)=CC(=O)C(O)C3(C)C3C4(O)OCC23C1C(C)C4O,MoleculeNet_HIV
hiv_18479,CCOC(=O)NC1C2CC(=O)OC(O2)C1OC(C)=O,MoleculeNet_HIV
hiv_34208,Oc1cc(CNC2CC3CCC2C3)nc(O)n1,MoleculeNet_HIV
hiv_298,CC1OC(OC2C(COc3cc(O)c4c(c3)OC(c3ccc(O)cc3)CC4=O)OOC(CO)C2O)C(O)C(O)C1O,MoleculeNet_HIV
hiv_26407,CCCn1cc[n+]([Pt-2]([I-])([I-])[n+]2ccn(CCC)c2)c1,MoleculeNet_HIV
hiv_13638,CN(C)C1=CC(=O)C(=O)c2cnc(N(C)C)cc21,MoleculeNet_HIV
hiv_25224,CCCCCCNC(=O)C1=C(C)NC(C)=C(C(=O)NCCCCCC)C1,MoleculeNet_HIV
hiv_36912,CNC(=O)c1cc(NC(=O)N(CCC#N)CCN(C(=O)NC(Cc2ccccc2)C(=O)NC(CC(C)C)C(=O)NC)c2ccccc2)ccc1OC,MoleculeNet_HIV
hiv_24193,C1=CC2c3ccc4cnccc4c3NCC2C1,MoleculeNet_HIV
hiv_25789,CNC(=O)OC(COC)CN1CCN(c2ccccc2C)CC1,MoleculeNet_HIV
hiv_9400,CN1C(=O)C2N(N(C)C1=O)C1(Br)C(=O)NC(=O)C21Br,MoleculeNet_HIV
hiv_4968,COC(OC(CO)C(O)S(=O)(=O)O)C(O)S(=O)(=O)O,MoleculeNet_HIV
hiv_39808,O=P1(Oc2ccc(Cl)cc2)OCCS1,MoleculeNet_HIV
hiv_32339,NC(Cc1ccc(OCc2ccccc2)cn1)C(=O)OCc1ccccc1,MoleculeNet_HIV
hiv_39617,N=c1c2c3n(c4c(=O)n(-c5ccccc5)c(=S)n(c(=O)n1-c1ccccc1)c24)CCCCC3,MoleculeNet_HIV
hiv_23144,Cn1c2c(O)c(O)ccc2c(=O)c2c(O)cc3c(c21)C=CC(C)(C)O3,MoleculeNet_HIV
hiv_7341,CN1C(=O)C23SSC1(C)C(=O)N2c1ccccc1C3(C)C,MoleculeNet_HIV
hiv_31352,COc1cc(OC)c2nc(C)c(CCCl)c(Cl)c2c1,MoleculeNet_HIV
hiv_6046,CC1(C)CC(=O)C2C(C1)Nc1ccccc1NC2c1cccc([N+](=O)[O-])c1,MoleculeNet_HIV
hiv_19804,N#CC(=Cc1cccc(Oc2ccccc2)c1)c1ccccc1,MoleculeNet_HIV
hiv_4977,c1ccc([PH](Cc2nc3ccccc3[nH]2)(c2ccccc2)c2ccccc2)cc1,MoleculeNet_HIV
hiv_8374,C#CCSc1nnnn1-c1ccc(Br)c(C)c1,MoleculeNet_HIV
hiv_5916,O=C(C=Cc1ccc(OCc2ccccc2)c(OCc2ccccc2)c1)OCc1ccccc1,MoleculeNet_HIV
hiv_9803,Brc1ccc2noc(-c3ccccc3)c2c1,MoleculeNet_HIV
hiv_11306,CC(NC(=O)C(=O)NN=C1CC(c2ccccc2)Oc2ccccc21)c1ccccc1,MoleculeNet_HIV
hiv_23015,CCOC(=O)C(Cc1ccc(N=NN(C)C)cc1)NC(=O)CC1c2ccccc2-c2ccccc21,MoleculeNet_HIV
hiv_13624,O=[N+]([O-])N1CCCS1(=O)=O,MoleculeNet_HIV
hiv_4258,CC1(C(=O)O)CCCC2(C)C3=CC(=O)CCC3=CCC12,MoleculeNet_HIV
hiv_1087,C=CCOP1(OCC=C)=NP(OCC=C)(OCC=C)=NP(OCC=C)(OCC=C)=N1,MoleculeNet_HIV
hiv_14998,O=C(NC(=O)c1ccccc1)Nc1ccccc1,MoleculeNet_HIV
hiv_7499,CS1(=O)=NC(=NC#N)c2ccccc21,MoleculeNet_HIV
hiv_11348,COC(=O)Sc1c2sc(C(=O)OC)c(C)c2n2ccccc12,MoleculeNet_HIV
hiv_20302,CC(C)C1=CC(=O)C(C)(C2=NC(C)(C)CO2)c2ccccc21,MoleculeNet_HIV
hiv_12535,BrN1C2c3ccccc3C1c1ccccc12,MoleculeNet_HIV
hiv_34825,COc1ccc(C2(C3c4cc(OC)c(OC)cc4CCN3C)SCCCS2)cc1O,MoleculeNet_HIV
hiv_22802,CCn1c(CSc2nc(-c3ccccc3)c(-c3ccccc3)[nH]2)n[nH]c1=S,MoleculeNet_HIV
hiv_24438,Cc1ccc(-c2nc(-c3cnccn3)n(C3OC(CO)C(O)C(O)C3O)n2)cc1,MoleculeNet_HIV
hiv_29762,COC(=O)C(C)(C)NC(=O)C(C)(C)NC(=O)C(CC(=O)OC(C)(C)C)NC(=O)OC(C)(C)C,MoleculeNet_HIV
hiv_37625,COc1cc(C=C2CCC(C)C3=C(c4cc(OC)c(OC)c(OC)c4)C(C#N)=C(N)OC23)cc(OC)c1OC,MoleculeNet_HIV
hiv_24927,CC1=C(C(=O)NNC(=O)Cc2ccccc2)CC(C(=O)NNC(=O)Cc2ccccc2)=C(C)N1,MoleculeNet_HIV
hiv_21965,C=Cc1ccc(C)[n+](C[Si](C)(C)O[Si](C)(C)C[n+]2cc(C=C)ccc2C)c1.[I-],MoleculeNet_HIV
hiv_39317,CC1Cc2c(Br)nc(N)nc2NC1=O,MoleculeNet_HIV
hiv_29479,C=C(C)C1(O)OC2CC3(C)OC(=CC3=O)C(C)=CC3OC(=O)C1(C)C32,MoleculeNet_HIV
hiv_31066,CC(C)(C)OC(=O)NC1CCN(C2CCCCC2)C1=O,MoleculeNet_HIV
hiv_30210,O=C1c2c(ccc3c2CCCC3)CC12Cc1ccc3c(c1C2=O)CCCC3,MoleculeNet_HIV
hiv_20237,O=[N+]([O-])c1nccn1CC(O)c1ccc(F)cc1,MoleculeNet_HIV
hiv_35417,NC1=C(N2CCCCC2)C(=O)NC2=NC(=Cc3ccco3)C(=O)N21,MoleculeNet_HIV
hiv_18636,O=C1C2ON=C(c3ccccn3)C2C(=O)N1c1ccc(Cc2ccc(N3C(=O)C4ON=C(c5ccccn5)C4C3=O)cc2)cc1,MoleculeNet_HIV
hiv_10463,OC(C=Cc1ccccc1)Cc1nc2ccccc2[nH]1,MoleculeNet_HIV
hiv_39803,CC=C1CC(C(=O)OCC)CCCCCCCCCCC1=O,MoleculeNet_HIV
hiv_23876,O=S(=O)(O)c1cc(NN=Cc2cc(S(=O)(=O)O)c3cccnc3c2O)ccc1C=Cc1ccc(NN=Cc2cc(S(=O)(=O)O)c3cccnc3c2O)cc1S(=O)(=O)O.[NaH],MoleculeNet_HIV
hiv_30637,Cc1cc(CC2OC3OC(C)(C)OC3C3OC(C)(C)OC23)c2ccccc2n1,MoleculeNet_HIV
hiv_20532,O=C1c2ccccc2C2CCC1c1ccccc12,MoleculeNet_HIV
hiv_12477,CC(C)N1C(C)C(c2ccccc2)OP1(=O)CC1=CCCCC1,MoleculeNet_HIV
hiv_11497,[Cl-].c1ccc2c(c1)c1c(c3ccccc32)=N[Rh-4]23(N=1)([n+]1cccc4ccc5ccc[n+]2c5c41)[n+]1cccc2ccc4ccc[n+]3c4c21,MoleculeNet_HIV
hiv_38554,CCOC(=O)C1=C(C#N)S(=O)(=O)c2c(oc(C)c2C)N1,MoleculeNet_HIV
hiv_19683,Cc1noc2c1N=C(c1cccs1)CC(c1c(Cl)cccc1Cl)C2,MoleculeNet_HIV
hiv_12730,COC1C(NC(=O)OC(C)(C)C)C(=O)N1Cc1ccccc1,MoleculeNet_HIV
hiv_4168,Cc1coc2c1C(O)C1(C)C(C)CCC(O)C1(O)C2,MoleculeNet_HIV
hiv_37238,COc1ccc2c(c1)OC1c3ccccc3OCC21,MoleculeNet_HIV
hiv_32802,OC1CC(c2ccccc2)C2(C(O)c3ccccc3C2O)C(c2ccccc2)C1,MoleculeNet_HIV
hiv_16539,CN1[PH](F)(F)[Ni-2]2([PH](c3ccccc3)(c3ccccc3)c3ccccc3)[PH](F)(F)N(C)[PH](F)(F)[Ni-2]([PH](c3ccccc3)(c3ccccc3)c3ccccc3)([PH]1(F)F)[PH](F)(F)N(C)[PH]2(F)F,MoleculeNet_HIV
hiv_15134,CCCCCCCCCCCC(=O)C1=C(O)CCCC1=O,MoleculeNet_HIV
hiv_15519,CC(=O)NC(C=O)C(OC(C)C(=O)NC(C)C(=O)NC(CCC(N)=O)C(=O)OCc1ccccc1)C(O)C(O)COC(=O)CCNc1c2ccccc2nc2cccc([N+](=O)[O-])c12,MoleculeNet_HIV
hiv_18776,Cc1nc(-c2nc(C)c(C(=O)C=Cc3ccc(N(C)C)cc3)s2)sc1C(=O)C=Cc1ccc(N(C)C)cc1,MoleculeNet_HIV
hiv_14725,Cn1cnc([N+](=O)[O-])c1Sc1nnnn1-c1ccccc1,MoleculeNet_HIV
hiv_19553,CCCCCCCCCCCOc1ccc(C(=O)C(=O)c2ccc(OCCCCCCCCCCC)c(OCCCCCCCCCCC)c2)cc1OCCCCCCCCCCC,MoleculeNet_HIV
hiv_13488,CCC1CC2CN3CCc4c([nH]c5ccc(OC)cc45)C(CO)(C2)C13,MoleculeNet_HIV
hiv_27019,COC(=O)C=CCC(=O)NS(C)(=O)=O,MoleculeNet_HIV
hiv_6904,COc1cccc2c1C(=O)c1c(O)c3c(c(O)c1C2=O)CC(O)(C(C)=O)CC3OC1CC(N(Cc2ccccc2)Cc2ccccc2)C(O)C(C)O1,MoleculeNet_HIV
hiv_10552,O=c1oc2ccc(Br)cc2cc1-n1nnc2cc([N+](=O)[O-])ccc21,MoleculeNet_HIV
hiv_18622,COC12CC(=O)C(=C(O)C=Cc3ccccc3)C(=O)C1(O)Cc1ccccc1O2,MoleculeNet_HIV
hiv_8737,CN1C(=O)C(=Nn2c(-c3ccccc3)nc3ccccc3c2=O)c2cc(Br)ccc21,MoleculeNet_HIV
hiv_32765,CC1=NN2C(=N)C(=Cc3ccco3)C(=O)N=C2S1,MoleculeNet_HIV
hiv_19719,COC1OC2COC(C)(C)OC2C(OC(C)=O)C1NC(=O)N(CCCl)N=O,MoleculeNet_HIV
hiv_35534,CC1(C)CN=C(Nc2cccc(C(F)(F)F)c2)S1,MoleculeNet_HIV
hiv_7580,O=c1c(=CC=Cc2ccccc2)sc2n1CCN=2,MoleculeNet_HIV
hiv_8725,C=CCC1(c2ccc(OC)cc2)C=CC(=O)CC1,MoleculeNet_HIV
hiv_9381,Brc1cn2[n+](c1)[BH2-]n1cc(Br)c[n+]1[BH2-]2,MoleculeNet_HIV
hiv_32192,I.O=C(O)c1ccccc1C=NN(CCO)C1=NCCN1,MoleculeNet_HIV
hiv_2305,Cc1cc(N=Nc2ccc(Sc3ccc(N=Nc4ccc(O)c(C(=O)O)c4)cc3)cc2)c(N)c(N=Nc2ccc(N=Nc3ccc(S(=O)(=O)O)cc3)cc2)c1N,MoleculeNet_HIV
hiv_19664,O=C(c1nc2ccc(Cl)cc2nc1O)C(O)c1ccc2c(c1)OCO2,MoleculeNet_HIV
hiv_39024,C=C(CCOC)CCC1CCCCC(=C)C1O,MoleculeNet_HIV
hiv_3028,CCOC(C)C(C=NNC(N)=S)=NNC(N)=S,MoleculeNet_HIV
hiv_38996,Cc1ccc(S(=O)(=O)N(CCN2C(=O)c3ccccc3C2=O)c2cc3c4c(c2)Oc2cc(N(CCN5C(=O)c6ccccc6C5=O)S(=O)(=O)c5ccc(C)cc5)cc5c2C4(C)c2c(cc(N(CCN4C(=O)c6ccccc6C4=O)S(=O)(=O)c4ccc(C)cc4)cc2O5)O3)cc1,MoleculeNet_HIV
hiv_29862,CC[n+]1[b-](C(C)(C)C)n(N=CC(C)(C)C)[b-](C(C)(C)C)[n+]1CC,MoleculeNet_HIV
hiv_1534,Cc1cc(NC(=O)c2ccc(N)cc2)ccc1N=Nc1ccc2c(O)c(N=Nc3ccc4cc(S(=O)(=O)O)ccc4c3)c(S(=O)(=O)O)cc2c1,MoleculeNet_HIV
hiv_5488,COc1cc2c(cc1OC)C1CC(=O)C3=C(CCCC3)N1CC2,MoleculeNet_HIV
hiv_8136,CC1(C)CNC(=O)C2=C(O1)C(=O)OC2,MoleculeNet_HIV
hiv_32560,CC(C)(C)N.OC(O)(C(F)(F)F)C(F)(F)F,MoleculeNet_HIV
hiv_20036,O=c1c2ccccc2nc2n1-c1ccccc1SC2,MoleculeNet_HIV
hiv_35627,COc1ccc(C=C(C#N)c2nc(O)c3ccccc3n2)cc1,MoleculeNet_HIV
hiv_12532,CC(=O)[OH+][Zn-3]12([OH+]C(C)=O)Oc3c(Cl)cc(Cl)cc3C=[N+]1[N-]C(c1ccncc1)=[O+]2,MoleculeNet_HIV
hiv_22141,CC1c2c(cc(O)n(C)c2=O)C(=O)N1Cc1ccccc1,MoleculeNet_HIV
hiv_36330,NC(=O)c1nnsc1NN=Cc1ccc([N+](=O)[O-])cc1,MoleculeNet_HIV
hiv_39206,C[Si](C)(C)OC1c2[nH]c3ccccc3c2CN2C(=O)CCC12,MoleculeNet_HIV
hiv_36828,CCCCCCCCCCCCCCCC(O)C[N+](C)(C)CCO.[I-],MoleculeNet_HIV
hiv_35278,C1C[N+]23CCC[N+]4(C1)CC[S-]1->[Fe+2]567[SH+]CC[N+]58CCC[N+]6(CCC8)CC[S-]7->[Fe+2]124[SH+]CC3,MoleculeNet_HIV
hiv_38073,CSc1c2c(C)nnc-2[nH]n1-c1ccccc1,MoleculeNet_HIV
hiv_27418,COC(=O)C1CN=CN1CCc1ccccc1,MoleculeNet_HIV
hiv_12831,CC1CCC2C(CN(C)C)C(=O)OC2C2(C)C(=O)C=CC12O,MoleculeNet_HIV
hiv_2138,O=C1C(Cl)=C(O)C2(Cl)C(Cl)=C(Cl)C12Cl,MoleculeNet_HIV
hiv_10175,Cc1ccc(NCCCN2CCN(CCCNc3ccc(C)c4sc5ccccc5c(=O)c34)CC2)c2c(=O)c3ccccc3sc12,MoleculeNet_HIV
hiv_13204,O=S1(=O)C(c2ccccc2)c2c(-c3ccccc3)sc(-c3ccccc3)c2C1c1ccccc1,MoleculeNet_HIV
hiv_7767,C1CNCCSCCCSCCNC1,MoleculeNet_HIV
hiv_8899,COC(=O)C12CC3CC(CC(NC(=O)C(Cc4ccccc4)NC(=O)CN)(C3)C1)C2,MoleculeNet_HIV
hiv_32865,O=C(O)Cc1cccc2c1OC(c1ccccc1)C(C(=O)c1ccccc1)C2=O,MoleculeNet_HIV
hiv_29132,O=C1CC2(CC(O)CO)CC(O1)C(I)CC21OCCO1,MoleculeNet_HIV
hiv_36772,O=C1CC(=O)NC(NN2C(=O)C(=Cc3ccc(Cl)cc3)N=C2c2ccccc2)=N1,MoleculeNet_HIV
hiv_32381,O=S(Nc1ccccc1)c1ccc(-c2ccccc2)cc1,MoleculeNet_HIV
hiv_8569,CC(C)(C)C1CCC2(N3CCOCC3)C(C#N)CC2C1,MoleculeNet_HIV
hiv_18860,CCCCC(C)CCC(O)=C1C(=O)OC(CC(=O)O)C1=O,MoleculeNet_HIV
hiv_1981,O=C(OCc1ccccc1)N(Cc1ccccc1)S(=O)(=O)c1ccccc1,MoleculeNet_HIV
hiv_18591,C1=CC2=[N+]3C1=C(c1ccncc1)C1=CC=C4C(c5ccncc5)=C5C=CC6=[N+]5[Zn-2]3([NH+]14)[NH+]1C(=C2c2ccncc2)C=CC1=C6c1ccncc1,MoleculeNet_HIV
hiv_12337,C[PH](C)(C)[Ir+]123([PH](C)(C)C)([PH](C)(C)C)C4=C1CCC2=C3CC4.[Cl-],MoleculeNet_HIV
hiv_7817,O=C(O)CCC(=O)NCCOC(=O)CCC(=O)O,MoleculeNet_HIV
hiv_37965,COC(=O)C1=C(C(=O)OC)C(Cc2ccccc2)(OO)OC1=O,MoleculeNet_HIV
hiv_6887,O=c1c2cnccc2cc2n1CCc1c-2[nH]c2ccccc12,MoleculeNet_HIV
hiv_38468,COC12OC3(C(CO)OC(=O)C3C1S(=O)(=O)c1ccccc1)C1OC12,MoleculeNet_HIV
hiv_32757,CCOC(=O)C(C(=S)SC)c1nn2c(=O)cc(C)nc2s1,MoleculeNet_HIV
hiv_12418,CCn1c(=O)c(C(=O)O)c(Cl)c2cc3c(cc21)OCO3,MoleculeNet_HIV
hiv_14673,CC12CCC3C(CCC4c5nonc5CCC43C)C1CC(=NO)C2=O,MoleculeNet_HIV
hiv_31694,Cc1cc(C)nc(NS(=O)(=O)c2ccc(Nc3c4ccccc4nc4c(C(=O)NC(CO)(CO)CO)cccc34)cc2)n1,MoleculeNet_HIV
hiv_26952,CSc1ccc(C(=C=C=C(c2ccc(SC)s2)c2ccc(SC)s2)c2ccc(SC)s2)s1,MoleculeNet_HIV
hiv_24558,O=C1CCN(CCC(F)(F)C(F)(F)C(F)(F)C(F)(F)F)C(=S)N1,MoleculeNet_HIV
hiv_36177,O=c1oc2ccccc2c(O)c1C(c1ccco1)c1c(O)c2ccccc2oc1=O,MoleculeNet_HIV
hiv_26979,Cc1cn(C2CC(N=[N+]=[N-])C(COP(=O)(OCC(=O)c3ccco3)OCC(=O)c3ccco3)O2)c(=O)[nH]c1=O,MoleculeNet_HIV
hiv_23717,N#CC(c1nc2ccccc2nc1Cl)S(=O)(=O)c1ccccc1,MoleculeNet_HIV
hiv_16229,O=C(O)CSc1nnc(C=Cc2ccccc2)[nH]1,MoleculeNet_HIV
hiv_4212,Cn1c(N)c(N=Nc2ccc(S(=O)(=O)Nc3ccccn3)cc2)c(=O)n(C)c1=O,MoleculeNet_HIV
hiv_30332,N=c1ccn(C2SC(CO)CC2F)c(=O)[nH]1,MoleculeNet_HIV
hiv_40886,C=C1CN(S(=O)(=O)c2ccc(C)cc2)CCCN(Cc2ccc[nH]2)CCCN(S(=O)(=O)c2ccc(C)cc2)C1,MoleculeNet_HIV
hiv_21843,O=c1n(-c2ccccc2)c(=O)n2n1Cc1cc3ccccc3cc1-2,MoleculeNet_HIV
hiv_30439,COc1cc2ccc1OCc1cccc(n1)COc1ccc(cc1OC)C=NCCNCCN=C2,MoleculeNet_HIV
hiv_15122,O=c1nc2sc3ccccc3c(=O)n2[nH]1,MoleculeNet_HIV
hiv_13033,CC1(CO)C2CC3CN(C(=O)c4ccccc4)C(C2)C31C,MoleculeNet_HIV
hiv_24391,O=S(=O)(O)c1cc(N=Cc2cc(S(=O)(=O)O)c3cccnc3c2O)ccc1C=Cc1ccc(N=Cc2cc(S(=O)(=O)O)c3cccnc3c2O)cc1S(=O)(=O)O.[NaH],MoleculeNet_HIV
hiv_32912,CC(C)CCSSCCC(C)C,MoleculeNet_HIV
hiv_30721,COc1ccc(-c2cc(-c3ccco3)c(C#N)c(=S)n2C2OC(COC(C)=O)C(OC(C)=O)C(OC(C)=O)C2OC(C)=O)cc1,MoleculeNet_HIV
hiv_26104,COc1ccccc1NC(=S)NC=C(C#N)c1nc2ccccc2s1,MoleculeNet_HIV
hiv_39632,COC(=O)c1ccc(C(=O)NC(Cc2ccc(Oc3cc(CC(NC(=O)c4ccccc4C(=O)OC)C(=O)OC)ccc3OC)cc2)C(=O)OC)cc1,MoleculeNet_HIV
hiv_30334,COC(=O)c1ccc2n1C1CC3CC(CC2C3)C1,MoleculeNet_HIV
hiv_33359,O=C1CC2SC(COCc3ccccc3)(CCN2Cc2ccccc2)C1,MoleculeNet_HIV
hiv_22183,CN1CCCc2nc3ccccc3n2C1,MoleculeNet_HIV
hiv_5559,COc1ccc(C2=NN3C(=S)NNC3=NN2)cc1OC,MoleculeNet_HIV
hiv_39470,Oc1ccc(CCc2nc3ccccc3[nH]2)cc1,MoleculeNet_HIV
hiv_36456,COc1cc2c(cc1O)C1COc3cc4c(cc3C1O2)CCC(C)(C)O4,MoleculeNet_HIV
hiv_35121,Oc1ccc(-c2nc(-c3ccccc3)c(-c3ccccc3)[nH]2)cc1,MoleculeNet_HIV
hiv_9621,O=C(NC1C=Nc2ccccc2NC1=O)c1ccc(Cl)cc1,MoleculeNet_HIV
hiv_32531,O=C(Cn1c(=O)ccn(C2OC(CO)C(O)C2F)c1=O)c1ccc(F)cc1,MoleculeNet_HIV
hiv_37642,Cc1ccc(S(=O)(=O)N2CC(O)CC2C(=O)O)cc1,MoleculeNet_HIV
hiv_37288,C1CSC2=C(S1)SC1=C(S2)SC(=C2SC3=C(SC4=C(SCCS4)S3)S2)S1,MoleculeNet_HIV
hiv_7836,Cc1[nH]nc(-c2ccon2)c1N=O,MoleculeNet_HIV
hiv_35454,CC12OCC(c3ccccc3)N1C(=O)C1C2CC12SCCS2,MoleculeNet_HIV
hiv_2247,c1ccc2c(N3CC3)nncc2c1,MoleculeNet_HIV
hiv_33953,CN(C)CCc1c2c(nc3ccccc13)C(=O)c1cccnc1C2=O,MoleculeNet_HIV
hiv_26534,Cn1c(=O)c2nc(Nc3ccccc3)[nH]c2n(C)c1=O,MoleculeNet_HIV
hiv_248,CC1=[O+][Zr]234([O+]=C(C)C1)([O+]=C(C)CC(C)=[O+]2)([O+]=C(C)CC(C)=[O+]3)[O+]=C(C)CC(C)=[O+]4,MoleculeNet_HIV
hiv_5963,O=C1N=C2NC=NN2C1=O,MoleculeNet_HIV
hiv_1072,C1CC2N=C3OCCC3N=C2O1,MoleculeNet_HIV
hiv_16837,O=C(CCc1ccccc1)CC1OC(=O)C(Cl)=C1Cl,MoleculeNet_HIV
hiv_24776,CC(=O)C1C(=O)C(=O)N(c2ccccc2)C1=O.[NaH],MoleculeNet_HIV
hiv_40320,CCOC(=O)C1CC(C(=O)c2ccccc2)N2N=C(c3ccc(Br)cc3)C=CC12,MoleculeNet_HIV
hiv_32855,CC1(C)CC=CCCC(O)C(O)CCC(C)(C)C1=O,MoleculeNet_HIV
hiv_21862,CCC12CCCN(Cc3ccccc3)C1c1c(n(C)c3ccccc13)C(C(=O)O)C2.Cl,MoleculeNet_HIV
hiv_20613,Br.CCN(CC)CCSc1c2ccccc2nc2cc(NCC(=O)Nc3ccccc3-c3ccccc3NC(=O)CNc3ccc4c(SCCN(CC)CC)c5ccccc5nc4c3)ccc12,MoleculeNet_HIV
hiv_1500,COc1ccc(CC(NC(=O)NSc2ccccc2)C(=O)NC2C(CO)OC(n3cnc4c(N(C)C)ncnc43)C2O)cc1,MoleculeNet_HIV
hiv_5233,[BH3-][N+]1(C)CC[N+]([BH3-])(C)CC1,MoleculeNet_HIV
hiv_23683,COP(=O)(OC)C(=NNc1ccc([N+](=O)[O-])cc1)NCc1ccccc1,MoleculeNet_HIV
hiv_18736,O=C(C=Cc1ccc(Cl)c(Cl)c1)c1ccc2ccccc2c1,MoleculeNet_HIV
hiv_584,CN1C(=O)C(=O)n2c(cc3ccccc32)C1=O,MoleculeNet_HIV
hiv_39550,COc1ccc(C=C2SC(c3ccc(Cl)cc3)N(NC(=O)CCCCCCCCC(=O)NN3C(=O)C(=Cc4ccc(OC)c(OC)c4)SC3c3ccc(Cl)cc3)C2=O)cc1OC,MoleculeNet_HIV
hiv_32516,C=C1C(=O)OC2CC(C=O)=CC3OC3C(COC(=O)C(C)C)=CCC12,MoleculeNet_HIV
hiv_7688,COc1ccc2c(c1)CCC1=C2C=C[PH]1(C)C,MoleculeNet_HIV
hiv_10241,C=C1C(=O)C23OC2C1CCC(=O)C1(C)CCC(OC(C)=O)C(C)(C)C1CC3O,MoleculeNet_HIV
hiv_18533,CC1(c2ccccc2)CC(c2ccccc2)=NO1,MoleculeNet_HIV
hiv_5159,CC1(C)OC2CC3CC(OC3=O)C2O1,MoleculeNet_HIV
hiv_26045,O=C1CC(=O)N(C=C2C(=O)NC(=O)NC2=O)C(=S)N1,MoleculeNet_HIV
hiv_23506,CCNc1nnc(-c2nsc3ccccc23)s1,MoleculeNet_HIV
hiv_33714,CC(=O)OC(C)(C)CCC(=O)C(C)(O)C1C(O)CC2(C)C3CCc4c(cc(OC5OC(CO)C(O)C(O)C5O)c(O)c4C)C3(C)C(=O)CC12C,MoleculeNet_HIV
hiv_36477,CC(=O)OC1C(O)COC(OC2CCC34CC35CCC3(C)C(C6(C)CCC(C(C)(C)O)O6)C(O)CC3(C)C5CC(OC3OCC(O)C(O)C3O)C4C2(C)C)C1OC1OCC(O)C(O)C1O,MoleculeNet_HIV
hiv_26684,CCN(CC)CCn1c2cc3c(cc2c(=O)c2cccnc21)OCO3.Cl,MoleculeNet_HIV
hiv_19925,C=Cc1cncc(C#N)c1CCc1c(C#N)cncc1C=C,MoleculeNet_HIV
hiv_24619,COc1ccc2cc(C(C)C(=O)N3C(=O)OCC3(C)C)ccc2c1,MoleculeNet_HIV
hiv_10075,O=C1c2ccccc2-c2cc3ccccc3c(=O)n21,MoleculeNet_HIV
hiv_28440,CC(C)(C)C1=CC(=C(c2ccc(-c3c4nc(c(-c5ccc(C(=C6C=C(C(C)(C)C)C(=O)C(C(C)(C)C)=C6)c6cc(C(C)(C)C)c(O)c(C(C)(C)C)c6)cc5)c5ccc([nH]5)c(-c5ccc(C(=C6C=C(C(C)(C)C)C(=O)C(C(C)(C)C)=C6)c6cc(C(C)(C)C)c(O)c(C(C)(C)C)c6)cc5)c5nc(c(-c6ccc(C(=C7C=C(C(C)(C)C)C(=O)C(C(C)(C)C)=C7)c7cc(C(C)(C)C)c(O)c(C(C)(C)C)c7)cc6)c6ccc3[nH]6)C=C5)C=C4)cc2)c2cc(C(C)(C)C)c(O)c(C(C)(C)C)c2)C=C(C(C)(C)C)C1=O,MoleculeNet_HIV
hiv_39765,COCN1C(=O)C2CCCN2C(=O)c2cc(OC)c(Cc3ccccc3)cc21,MoleculeNet_HIV
hiv_23249,CC(C)OP(=O)(OC(C)C)c1nn(-c2ccc([N+](=O)[O-])cc2)c(=N)s1,MoleculeNet_HIV
hiv_20397,COc1ccc(C(c2ccccc2)C(C)C(=O)c2c(C)cc(C)cc2C)cc1,MoleculeNet_HIV
hiv_31080,CC(OC(C)(C)C)C(NC(=O)OCC1c2ccccc2-c2ccccc21)C(=O)NC(Cc1ccccc1)C(=O)OCc1ccccc1,MoleculeNet_HIV
hiv_27022,C=CCC1(C)CCCN(Cc2ccccc2)C1=O,MoleculeNet_HIV
hiv_13474,C[N+](C)(C)C1CC([N+](C)(C)C)C2c3ccccc3C21.[I-],MoleculeNet_HIV
hiv_2527,N=C(NO)C(F)(F)C(F)(F)C(F)(F)C(=N)NO,MoleculeNet_HIV
hiv_5697,CC(C)N1CNC(=O)C12CCN(CC1COc3ccccc3O1)CC2,MoleculeNet_HIV
hiv_30333,CN(CCc1ccccn1)C1=[S+][Cu-4]2([ClH+])([ClH+])[N+](=Cc3cccc[n+]32)[N-]1,MoleculeNet_HIV
hiv_24810,COc1cc(C=C2SC(NNc3nc(-c4ccc(Br)cc4)cs3)=NC2=O)cc(OC)c1OC,MoleculeNet_HIV
hiv_39117,COCC[N+](CCNC(=O)c1cccc2c(N)c3cccc(C)c3nc12)(CCOC)Cc1ccc([N+](=O)[O-])cc1.Cl.[Cl-],MoleculeNet_HIV
hiv_18334,CCCCCCCCCCOCC(COCCOCC(COCCCCCCCCCC)OCCCS(=O)(=O)O)OCCCS(=O)(=O)O.[NaH],MoleculeNet_HIV
hiv_35549,CCOC(=O)C(NCc1cccc(C(F)(F)F)c1)(NC(=O)c1ccccc1)C(F)(F)F,MoleculeNet_HIV
hiv_5959,O=[N+]([O-])c1ccc(Oc2ccc(S(=O)(=O)c3ccc(Oc4ccc([N+](=O)[O-])cc4)c([N+](=O)[O-])c3)cc2[N+](=O)[O-])cc1,MoleculeNet_HIV
hiv_30599,N=C1N(N=Cc2ccccn2)C(=Nc2ccccc2)C(=S)N1c1ccccc1,MoleculeNet_HIV
hiv_30100,COC(O)C(=O)c1c2c(cc3c1CCC3)CCCC2,MoleculeNet_HIV
hiv_9618,N=c1[nH][nH]c(=N)n1-n1c(=N)[nH][nH]c1=N,MoleculeNet_HIV
hiv_18273,CCc1occc(=O)c1O,MoleculeNet_HIV
hiv_7852,Nc1ccc2c(c1)CN1C(=O)c3ccccc3C1=N2,MoleculeNet_HIV
hiv_34109,N#Cc1ccc(-c2nc3c(N)ncnc3o2)cc1,MoleculeNet_HIV
hiv_20730,Cc1ccc([N+](=O)[O-])c2c(NCCNC(=O)c3cc(C(=O)NCCNc4ccnc5c(C)ccc([N+](=O)[O-])c45)n(C)n3)ccnc12.Cl,MoleculeNet_HIV
hiv_13480,CCC1=CC2CN3CCc4c([nH]c5ccccc45)C(C(=O)OC)(C2)C13.Cl,MoleculeNet_HIV
hiv_19161,O=C(CC(=O)c1ccccc1NC1=Cc2ccccc2C(=O)C1=O)C(=O)NC1=C(Cl)C(=O)c2ccccc2C1=O,MoleculeNet_HIV
hiv_39249,O=C(O)CCC(NC(=O)c1ccc(Oc2nc3ccccc3nc2C(=O)O)cc1)C(=O)O,MoleculeNet_HIV
hiv_34336,N#CC(c1ccccc1)N(CCc1ccccc1)C(=O)c1ccccc1,MoleculeNet_HIV
hiv_6204,O=c1[nH]c2ccccc2c(=O)n1CCCN1CCN(c2cccc(Cl)c2)CC1,MoleculeNet_HIV
hiv_13517,N#CC(C#N)=c1ccc(=C2N3CCCC3CN2C23CC4CC(CC(C4)C2)C3)cc1,MoleculeNet_HIV
hiv_7834,CCOC(=O)C1=C(C)NC(C)=C(C(=O)OCC)C1c1ccc([N+](=O)[O-])s1,MoleculeNet_HIV
hiv_38786,O=C1NCc2ccccc2S(=O)(=O)n2cccc21,MoleculeNet_HIV
hiv_22274,CSc1cnc2ccccc2c1Sc1cn(C)c2ccccc2c1=O,MoleculeNet_HIV
hiv_39730,COC1(OC)NC(=N)C2(C#N)C(c3ccccc3)NC3=C(CCC3)C12C#N,MoleculeNet_HIV
hiv_39859,CC1=NNC(=N)NC1=CC(Sc1ccc(Cl)cc1)c1c(O)ccc2ccccc12,MoleculeNet_HIV
hiv_37926,O=C(Nc1ccc(-c2ccco2)oc1=O)c1ccccc1,MoleculeNet_HIV
hiv_20366,NCCCOc1ccc(-c2c3nc(cc4ccc([nH]4)c(-c4ccc(OCCCN)cc4)c4nc(cc5ccc2[nH]5)C=C4)C=C3)cc1,MoleculeNet_HIV
hiv_14945,O=C(Cc1ccccc1)NC(C(=O)c1ccccc1)c1ccccc1,MoleculeNet_HIV
hiv_12048,COC1=C(OC)C(O)(c2ccccc2)C1=O,MoleculeNet_HIV
hiv_5304,O=c1c2ccccc2c2c3c1cccc3c1cccc3c(=O)c4ccccc4c2c31,MoleculeNet_HIV
hiv_38764,CC1(C)CC(=O)c2c(nc3c(ccc4ccccc43)c2-c2ccc(NC(=O)CCCC(=O)Nc3ccc(-c4c5c(nc6c4ccc4ccccc46)CC(C)(C)CC5=O)cc3)cc2)C1,MoleculeNet_HIV
hiv_18086,COc1cccc2c1[OH+][Mn+2]1(O)[O+]=C(c3ccncc3)[N-][N+]1=C2,MoleculeNet_HIV
hiv_33486,Cc1nc2ccc(NC(=S)Nc3ccccc3)cc2c(=O)n1-c1ccccc1,MoleculeNet_HIV
hiv_34767,CN(C)CC1CN(C(=O)Nc2ccccc2)C(=N)O1,MoleculeNet_HIV
hiv_36960,CC1CC(=O)CC2CCC3C4CCC(OC(=O)c5cccc6c(=O)c7ccccc7[nH]c56)C4(C)CCC3C12C,MoleculeNet_HIV
hiv_677,CCN(CC)c1ccc2nc3c4ccccc4c(=O)cc-3n(-c3ccccc3)c2c1,MoleculeNet_HIV
hiv_6216,O=C1C2CCCC3CCCC(C(=O)N1NC1CCCCC1)C32,MoleculeNet_HIV
hiv_26198,CC(C)=CCS(=O)c1ccccc1NC1=CC(=O)CC(C)(C)C1,MoleculeNet_HIV
hiv_32259,Nc1nc(Cl)c(N)c(NCC2(CO)CCCC2)n1,MoleculeNet_HIV
hiv_29758,Cc1ccc(C=C2CCCC(CN3CCCCC3)C2=O)cc1.Cl,MoleculeNet_HIV
davis_4908365,CN1CCN(C(=O)c2cc3cc(Cl)ccc3[nH]2)CC1,DAVIS_spike_in
hiv_22395,Cc1ncc([N+](=O)[O-])n1CCNC(=O)CCn1ccnc1[N+](=O)[O-],MoleculeNet_HIV
hiv_22179,O=[N+]([O-])c1ccc(C2N3CCCCC3C3CCCCN32)cc1,MoleculeNet_HIV
hiv_142,COC(=O)C1(C)CCCC2(C)c3ccc(C(C)C)cc3C(=O)CC12,MoleculeNet_HIV
hiv_34115,C=C1CC2OC3C4C(CC(C)C(OC(C)=O)C24)C(C)COC3(C)C(OC(=O)CCCCCCC)CC1=O,MoleculeNet_HIV
hiv_13946,O=C1c2c(c3c4ccccc4n(COCCO)c3c3[nH]c4ccccc4c23)C(=O)N1Cc1ccccc1,MoleculeNet_HIV
hiv_19580,COc1ccccc1NC(=O)CC(=O)NNCC(=O)Nc1nnc(-c2ccccc2)o1,MoleculeNet_HIV
hiv_36088,Clc1ccc(-c2cc3nc4ccccc4nc3o2)cc1,MoleculeNet_HIV
hiv_17054,COC(=O)C(C#N)=C1c2ccccc2Oc2ccccc21,MoleculeNet_HIV
hiv_34722,O=C(c1ccccc1)n1[nH]c(=O)n(-c2ccc(Cl)cc2)c1=O,MoleculeNet_HIV
hiv_844,CN1OC2CCC1CC(OC(c1ccccc1)c1ccccc1)C2,MoleculeNet_HIV
hiv_24953,O=C1NC(=O)C(=Cc2ccncc2)N1,MoleculeNet_HIV
hiv_16372,COc1ccc2c(c1)[n+]([O-])c(C(=O)CC(=O)C(=O)Nc1cccc(C)c1C)c(C)[n+]2[O-],MoleculeNet_HIV
hiv_791,O=S1(=O)c2ccccc2S(=O)(=O)c2ccccc21,MoleculeNet_HIV
hiv_9093,C=C1CC2(C)c3ccccc3NC(=O)C12,MoleculeNet_HIV
hiv_5921,CC1NCCNCCNCCNC(C)c2cccc1n2,MoleculeNet_HIV
hiv_5331,O=NC1C(Cl)C2CC1C1C(Br)C(Br)CC21,MoleculeNet_HIV
hiv_4805,COC(=O)C(C)(C)C(OP(=S)(OC)OC)=C(C)C,MoleculeNet_HIV
hiv_40282,COC(=O)C1C(=O)N(C)C(=O)N2CCCC12,MoleculeNet_HIV
hiv_33669,Cc1c2c(c(C)c3c1[OH+][Re+](C#[O+])(C#[O+])(C#[O+])([PH](c1ccccc1)(c1ccccc1)c1ccccc1)[OH+]3)OCO2,MoleculeNet_HIV
hiv_39997,CC1(C)CC(=O)C2=C(C1)OC1(CC2c2ccc(Cl)cc2)CC(c2ccc(Cl)cc2)C2=C(CC(C)(C)CC2=O)O1,MoleculeNet_HIV
hiv_33273,CC(=O)Oc1ccc2cc(Oc3ccc(Cl)c(Cl)c3)c(=O)oc2c1,MoleculeNet_HIV
hiv_38391,COc1cc2c(cc1OC)-c1cc3cc(OC)c(OC)cc3c(=O)n1CC2,MoleculeNet_HIV
hiv_7908,CC1=[N+]2[N-]C(N3CCCCCC3)=[S+][Cu-3]2(Cl)[n+]2ccccc21,MoleculeNet_HIV
hiv_28796,S=C1CC(c2ccccc2)Sc2ccc(Cl)cc2N1,MoleculeNet_HIV
hiv_31490,COCCOCCOCCOc1ccc(C(C#N)N(CCc2ccccc2)C(=O)c2cc(C(=O)N(CCc3ccccc3)C(C#N)c3ccc(OCCOCCOCCOC)cc3)cc(C(=O)N(CCc3ccccc3)C(C#N)c3ccc(OCCOCCOCCOC)cc3)c2)cc1,MoleculeNet_HIV
hiv_18422,CCOC(=O)c1c(C(F)(F)F)oc2c1ccc1nc3nonc3nc12,MoleculeNet_HIV
hiv_24608,CC1(C)OC2OC(C3OCC4OC(n5ccc(=O)[nH]c5=O)C(O)C4N3O)C3OC(C)(C)OC3C2O1,MoleculeNet_HIV
hiv_29352,COC(=O)C(Cc1c[nH]c2ccccc12)NC(=O)C(Cc1c[nH]cn1)NC(=O)C1CCC(=O)N1C(=O)OCc1ccccc1,MoleculeNet_HIV
hiv_8845,CC(=O)OCC1OC([n+]2c(O)cc(=O)n3ccsc32)C(OC(C)=O)C1OC(C)=O,MoleculeNet_HIV
hiv_36261,COc1ccc(COCCC(C)OC2OC(CO)C(O)C(O)C2O)cc1,MoleculeNet_HIV
hiv_34026,O=c1[nH]c(=O)n(C2OC(CO)C(O)C2O)c2ncc(-c3ccc(-c4ccccc4)cc3)nc12,MoleculeNet_HIV
hiv_926,O=c1oc2cc(O)ccc2c2oc3cc(O)ccc3c12,MoleculeNet_HIV
hiv_18380,CC(=O)NN1C(=O)C(Cc2ccccc2)c2ccccc21,MoleculeNet_HIV
hiv_1889,ClC1C(Cl)C2CC1C1CC3OC3C21,MoleculeNet_HIV
hiv_5152,COc1cc2c[n+](C)c3c4cc5c(cc4ccc3c2cc1OC)OCO5,MoleculeNet_HIV
hiv_19883,CCOC(=O)C(=Cc1ccc(OCc2ccccc2)c(OC)c1)C(=O)c1ccccc1,MoleculeNet_HIV
hiv_40146,C=C1CN(Cc2ccccc2)C2CCCCCC(C#N)C12,MoleculeNet_HIV
hiv_12426,CC1=C(C)C(=O)c2c(cc3ccc4ccccc4n23)C1=O,MoleculeNet_HIV
hiv_15617,CC(=NNS(=O)(=O)c1ccc(C)cc1)c1cccc[n+]1[O-],MoleculeNet_HIV
hiv_34029,N=c1[nH]c(=O)n(C2CC(O)C(CO)O2)c2nc(-c3ccc(-c4ccccc4)cc3)cnc12,MoleculeNet_HIV
hiv_37094,COc1ccc(N2C(=O)C3c4[nH]c5c(C)cccc5c4C4CCC(c5ccccc5)CC4C3C2=O)cc1,MoleculeNet_HIV
hiv_2761,CS(=O)(=O)c1ccc(N2CC2)nn1,MoleculeNet_HIV
hiv_38352,CCc1c(Cc2ccccc2)n(COCCC[Se]c2ccccc2)c(=O)[nH]c1=O,MoleculeNet_HIV
hiv_4728,COc1nn(C)c(=O)c2cccnc12,MoleculeNet_HIV
hiv_22932,Clc1ccc2c(Cl)ncnc2c1I,MoleculeNet_HIV
hiv_7530,CC(C)(C)N1CC1CNC(=O)C(=O)NCC1CN1C(C)(C)C,MoleculeNet_HIV
hiv_10059,CC(C)C12OC1CC13OC1C1OC1C1OC132,MoleculeNet_HIV
hiv_6013,Cn1c2ccccc2c2nn3cnnc3nc21,MoleculeNet_HIV
hiv_4985,CN(CCSSCCN(C)N=Cc1ccccc1)N=Cc1ccccc1,MoleculeNet_HIV
hiv_26453,CN(C(=O)Cc1ccccc1)n1cn[n+](CC(=O)OC(C)(C)C)c1.[Br-],MoleculeNet_HIV
hiv_5216,O=C1c2cscc2C(=O)c2cscc21,MoleculeNet_HIV
hiv_14827,N[Co-4](N)(N)(N)(N)[NH+]1N=NC(c2ccccc2)=N1.[Cl-],MoleculeNet_HIV
hiv_37843,CCOC(=O)c1ccc(N2CCN(c3c(C)nc(N)nc3N)CC2)cc1,MoleculeNet_HIV
hiv_2744,N=C(N)NN=CCC(O)CO,MoleculeNet_HIV
hiv_38935,CCOC(=O)c1ccc(C(=O)C(C(=O)OC(C)(C)C)=C2CCCN2C)n1C,MoleculeNet_HIV
hiv_6529,CC1=CC(C)N(C(=O)c2ccc(Cl)cc2)CCN1C(=O)c1ccc(Cl)cc1,MoleculeNet_HIV
davis_11626560,CC(Oc1cc(-c2cnn(C3CCNCC3)c2)cnc1N)c1c(Cl)ccc(F)c1Cl,DAVIS_spike_in
hiv_9826,CC(=O)OC1CC2C(C)(CCC3C2(C)CCC2(C)C4CC(C)(C)CCC4(C)CCC32C)C1C,MoleculeNet_HIV
hiv_8014,NS(=O)(=O)OCCCCCCCOS(N)(=O)=O,MoleculeNet_HIV
hiv_5847,CCCCCCCCCCNC(C)=O,MoleculeNet_HIV
hiv_34703,CC1(C)Oc2ccc3c(=O)cc(-c4cccs4)oc3c2C1C(=O)O,MoleculeNet_HIV
hiv_16792,COc1cc2ccn3c4cc(OC)c(OC)cc4cc3c2cc1OC,MoleculeNet_HIV
hiv_34429,CC1C2(C)OC(=N)C(C#N)(C(c3ccccc3)O2)C1(C#N)C#N,MoleculeNet_HIV
hiv_29110,CC(C)(C)OC(=O)NC(Cc1ccccc1)NC(=O)NC(=O)OCc1ccccc1,MoleculeNet_HIV
hiv_28534,CC[n+]1cnc(N)c2c(-c3ccc(Cl)cc3)cn(-c3ccc(C)cc3)c21.[I-],MoleculeNet_HIV
hiv_39710,CCC1=NC(NN=Cc2ccco2)=NC1=Cc1ccccc1O,MoleculeNet_HIV
hiv_29522,Cc1ccc(SC(C)C(O)(C(N)=O)c2ccccc2)cc1,MoleculeNet_HIV
hiv_22847,CCc1c(-c2coc(CCC(C)=Cc3ccccc3)n2)oc(OC)c(C)c1=O,MoleculeNet_HIV
hiv_8943,c1ccc2c(c1)[nH]c1c2nc2sccn21,MoleculeNet_HIV
hiv_17176,O=C(O)CC1C(=O)OC2C(COC(=O)c3cc(O)c(O)c(O)c3)OC(OC(=O)c3cc(O)c(O)c(O)c3)C(OC(=O)c3cc(O)c(O)c4c3C1C(O)C(=O)O4)C2OC(=O)c1cc(O)c(O)c(O)c1,MoleculeNet_HIV
hiv_31808,c1cc2cc3c4c5c(cc6ccc7cc8cc9c%10c8c8c7c6c5c8c5c%10c(c1C9N1CCOCCOCCOCCOCCOCC1)c2c45)C3,MoleculeNet_HIV
hiv_9932,FC(F)(F)c1cccc(COCCN2CCN(Cc3cccc(C(F)(F)F)c3)CC2)c1,MoleculeNet_HIV
hiv_10506,CN(C)C(n1cc2c(c1)-c1ccc(Cl)cc1C(c1ccccc1F)=NC2)n1cc2c(c1)-c1ccc(Cl)cc1C(c1ccccc1F)=NC2,MoleculeNet_HIV
hiv_31569,CN(CCCNC(=O)c1cc(-c2ccccc2)nc2ccccc12)CCCNC(=O)c1cc(-c2ccccc2)nc2ccccc12,MoleculeNet_HIV
hiv_39327,OC(c1ccco1)C(F)(F)c1nc2ccccc2o1,MoleculeNet_HIV
hiv_34258,O=C(CN1CCCC1)Nc1ccc2c(c1)C1Oc3ccccc3CC1CO2,MoleculeNet_HIV
hiv_12564,COc1ccc(C(=O)C(C(=O)CCC(=O)Nc2cccc(C(F)(F)F)c2)c2ccccc2)cc1,MoleculeNet_HIV
hiv_34320,CCCc1cc(=O)oc2c3c(cc(OC(C)CC)c12)OC(C)C(C)C3O,MoleculeNet_HIV
hiv_19737,CCOC(=O)C1Nc2c(cccc2[N+](=O)[O-])C2OCCC12,MoleculeNet_HIV
hiv_4339,O=C1OC2(O)c3ccccc3C(=O)N2N2CCCC12,MoleculeNet_HIV
hiv_29891,Cc1ccc(S(=O)(=O)N2CCCC2C(=O)OC2CCC3CC=CC32)cc1,MoleculeNet_HIV
hiv_479,CCCCCCCCCCCCCCCCCC(=O)O.CCN(CC)c1ccc2c(-c3ccccc3C(=O)O)c3ccc(N(CC)CC)cc3[o+]c2c1,MoleculeNet_HIV
hiv_6736,COC(=O)C1=COC2OC3C(C(C)O)C(=O)OC34C=CC1C24,MoleculeNet_HIV
hiv_6562,COc1cccc(CN2CCCN(N=Cc3c4c(O)c5c(O)c(C)c6c(c5c3O)C(=O)C(C)(OC=CC(OC)C(C)C(OC(C)=O)C(C)C(O)C(C)C(O)C(C)C=CC=C(C)C(=O)N4)O6)CC2)c1,MoleculeNet_HIV
hiv_32183,CN(NC(=O)c1ccco1)C1=NCCCCN1.I,MoleculeNet_HIV
hiv_13308,COc1ccc(Br)c(NN=C2CCCNC2=O)c1,MoleculeNet_HIV
hiv_17730,COc1ccccc1NC(=O)C(CC(C(=O)Nc1ccccc1OC)C(C)=NNc1ccc([N+](=O)[O-])cc1[N+](=O)[O-])C(C)=NNc1ccc([N+](=O)[O-])cc1[N+](=O)[O-],MoleculeNet_HIV
hiv_18997,NC(=O)c1ccc2c(c1)C1=NC3=c4ccc(C(N)=O)cc4=C4N=C5c6ccc(C(N)=O)cc6C6=[N+]5[Co-2]5([N+]1=C2N=C1c2cc(C(N)=O)ccc2C(=N6)[NH+]15)[NH+]34,MoleculeNet_HIV
hiv_25323,CN(NC(=O)C(=CC=Cc1ccccc1)NC(=O)c1ccccc1)c1cnn(-c2ccccc2)c(=O)c1Cl,MoleculeNet_HIV
hiv_1738,C[n+]1cn(C2OC(CO)C(O)C2O)c2[nH+]c(O)nc(O)c21,MoleculeNet_HIV
hiv_5393,COc1ccc(C(CC(=O)c2ccc3c(c2)OCO3)C(=O)O)cc1OC,MoleculeNet_HIV
hiv_30399,CN(C)CCN(C(=Nc1ccccc1)N1CCCC1)c1ccccc1,MoleculeNet_HIV
hiv_23523,CC(C)(C)[Si](OC1CC(n2cnc3c(N)ncnc32)OC1CO)(c1ccccc1)c1ccccc1,MoleculeNet_HIV
hiv_7594,O=S(=O)(O)O.O=[N+]([O-])c1ccc(-c2csc(=[N+]3CCCCC3)s2)cc1,MoleculeNet_HIV
hiv_2201,O=C1CCC2(CCCCC2)N1,MoleculeNet_HIV
hiv_26412,CCC(CCCCC1CCC2CC(=O)CC12)OC,MoleculeNet_HIV
hiv_31659,N=c1[nH]n2c(C(Br)Br)cc(C(Br)Br)nc2c1[N+](=O)[O-],MoleculeNet_HIV
hiv_13505,COc1cc2c3c(c1OC)-c1ccccc1C(C(O)c1ccccc1)C3N(C)CC2.Cl,MoleculeNet_HIV
hiv_37235,O=C1NC2c3c(Cl)sc(Cl)c3C(O)C2O1,MoleculeNet_HIV
hiv_15971,c1ccc(P(C2=C(P(c3ccccc3)c3ccccc3)[Pt]23C(P(c2ccccc2)c2ccccc2)=C3P(c2ccccc2)c2ccccc2)c2ccccc2)cc1,MoleculeNet_HIV
hiv_4347,COc1cc2c(cc1OC)C[N+]1(C)CCc3cc(OC)c(OC)cc3C1C2,MoleculeNet_HIV
hiv_11020,CC1=C(c2cc(C(=O)Nc3cccc(C(F)(F)F)c3)nc(NC#N)n2)Sc2ccccc2N1,MoleculeNet_HIV
hiv_6199,CCOC(=O)c1c(NC(=O)CCl)ssc1=S,MoleculeNet_HIV
hiv_25926,CCCCCCCCNC(=O)C(=Cc1ccc2c(c1)OCO2)NC(=O)c1ccccc1,MoleculeNet_HIV
hiv_4775,C=CC1(C)CCC2C(=CCC3C2(C)CC(O)C(O)C3(C)COC2OC(CO)C(O)C(O)C2O)C1,MoleculeNet_HIV
hiv_40744,CC1OC(OC2C(O)COC(OC3C(C)OC(OC4C(OC(=O)C56CCC(C)(C)CC5C5=CCC7C8(C)CC(O)C(OC9OC(CO)C(O)C(O)C9O)C(C)(CO)C8CCC7(C)C5(C)CC6)OCC(O)C4O)C(O)C3OC3OCC(O)(CO)C3O)C2O)C(O)C(O)C1O,MoleculeNet_HIV
hiv_20535,O=C(Nc1ccc(Cl)cc1)NS(=O)(=O)c1ccc2c(c1)CCC2,MoleculeNet_HIV
hiv_40870,Cc1ccc(S(=O)(=O)C(Cl)C2N=C(Cl)NN=C2c2ccccc2)cc1,MoleculeNet_HIV
hiv_34882,C[N+](C)(CCNc1ccc(NCC[N+](C)(C)Cc2ccc([N+](=O)[O-])cc2)c2c1C(=O)c1ccccc1C2=O)Cc1ccc([N+](=O)[O-])cc1.[Cl-],MoleculeNet_HIV
hiv_36272,CC(C)(C)OC(=O)N1CC(O)OC(c2ccccc2)C1c1ccccc1,MoleculeNet_HIV
hiv_8247,CCN(CC)CCN1CC(=O)N2CCCCN2C(=O)C1.O=C(O)C(=O)O,MoleculeNet_HIV
hiv_23399,CS(=O)(=O)O.Cc1c2[nH]c3ccc(Br)cc3c2c(C)c2nccc(O)c12,MoleculeNet_HIV
hiv_4556,CC1OC(n2cnc3c(O)ncnc32)C(O)C(O)C1O,MoleculeNet_HIV
hiv_20361,COC(=O)C1=CCON(c2ccccc2)C1c1ccccc1,MoleculeNet_HIV
hiv_40822,Br.COc1ccc(-c2csc(=Nc3ccccc3)n2CC(O)c2ccc([N+](=O)[O-])cc2)cc1,MoleculeNet_HIV
hiv_32460,CC#[N+][Rh+2]1234[O+]=C5N(C(C)=O)CC(C(=O)OC)[NH+]5[Rh+2]1([N+]#CC)([O+]=C1N(C(C)=O)CC(C(=O)OC)[NH+]12)([O+]=C1N(C(C)=O)CC(C(=O)OC)[NH+]13)[NH+]1C(=[O+]4)N(C(C)=O)CC1C(=O)OC,MoleculeNet_HIV
hiv_7845,Cc1nnc2n1N=C(c1ccc(O)c(O)c1O)CS2,MoleculeNet_HIV
hiv_31675,Cc1n[nH]c(=O)n1N=Cc1cccnc1,MoleculeNet_HIV
hiv_12068,c1cnn(CN(Cn2cccn2)Cn2cccn2)c1,MoleculeNet_HIV
hiv_27865,O=S1(=O)c2ccccc2N2CCCc3cc(Cl)cc1c32,MoleculeNet_HIV
hiv_35491,O=c1ccn(C2OC(COC3CCCCO3)C(OC3CCCCO3)C2OC2CCCCO2)c(=O)n1-c1ccccc1,MoleculeNet_HIV
hiv_27092,c1ccc(CN(Cc2ccccn2)Cc2ccccn2)nc1,MoleculeNet_HIV
hiv_1513,CC(=O)Nc1cc(S(=O)(=O)O)cc2cc(S(=O)(=O)O)c(N=Nc3ccc(C(=O)Nc4ccc(S(=O)(=O)O)cc4)cc3)c(O)c12,MoleculeNet_HIV
hiv_10982,Cl.N=c1[nH]cc(C2C(CNC(=O)c3cc(Br)c[nH]3)C(CNC(=O)c3cc(Br)c[nH]3)C2c2c[nH]c(=N)[nH]2)[nH]1,MoleculeNet_HIV
hiv_9929,CCn1c(=N)sc2nc3ccccc3n2c1=O,MoleculeNet_HIV
hiv_25285,N#CC(=CNC(N)=S)C(N)=O,MoleculeNet_HIV
hiv_40558,Brc1ccccc1C=CC1(c2ccccc2)OCCO1,MoleculeNet_HIV
hiv_6282,Cc1cccc(NC(=O)Nc2ccccc2Cl)n1,MoleculeNet_HIV
hiv_36143,CN1N=C(c2ccccc2)C(C(c2ccccc2[N+](=O)[O-])C2C(=O)N(C)N=C2c2ccccc2)C1=O,MoleculeNet_HIV
hiv_36517,Cc1ccc(S(=O)(=O)Nc2nc3ccccc3c(=O)n2C2CCCCC2)cc1,MoleculeNet_HIV
hiv_13075,CCOC(=O)c1ccc(N2C(=O)Cc3ccccc3C2=O)cc1,MoleculeNet_HIV
hiv_24707,CC(=O)OCC1OC(c2c(OC(C)=O)cc(C)c3c(=O)cc(C(C(C)=O)=C(C)O)oc23)C(OC(C)=O)C(OC(C)=O)C1OC(C)=O,MoleculeNet_HIV
hiv_23159,CCCCCCCCCCC(OC(C)=O)C1CCC(C2CCC(C(O)CC#CC=CCCCCCCCC3(Sc4ccccc4)CC(C)OC3=O)O2)O1,MoleculeNet_HIV
hiv_5020,COC(C(=O)C(O)C(C)O)C1Cc2cc3cc(OC4CC(OC5CC(O)C(O)C(C)O5)C(O)C(C)O4)c(C)c(O)c3c(O)c2C(=O)C1OC1CC(OC2CC(O)C(OC3CC(C)(O)C(O)C(C)O3)C(C)O2)C(O)C(C)O1,MoleculeNet_HIV
hiv_16721,N#CC(C(=O)C(=NNC(=O)c1ccccc1O)C(C#N)c1ccccc1)c1ccccc1,MoleculeNet_HIV
hiv_28106,C[Sn](C)(Cl)CC(P(=O)(c1ccccc1)c1ccccc1)P(=O)(c1ccccc1)c1ccccc1,MoleculeNet_HIV
hiv_18685,O=C(Nc1ccc(C(F)(F)F)cc1[N+](=O)[O-])C(=O)C1NC(=S)NC1=O,MoleculeNet_HIV
hiv_16124,O=C(CC(=O)c1ccccc1)CC(O)(c1ccccc1)c1ccccc1,MoleculeNet_HIV
hiv_3843,O=C1ON(c2ccccc2)C(c2ccccc2)N1c1ccccc1,MoleculeNet_HIV
hiv_22704,c1cc2sc1CSCCSCCSC2,MoleculeNet_HIV
hiv_23025,CCOC(=O)C(Cc1c[nH]c2cc([N+](=O)[O-])ccc12)NS(=O)(=O)c1ccc2ccccc2c1,MoleculeNet_HIV
hiv_18282,CC(=O)OCC12C(OC(=O)c3ccccc3)C(O)C3OC(=O)C(C)CCc4ncccc4C(=O)OCC4(C)OC1(C3C)C(OC(C)=O)C4C(OC(C)=O)C2OC(C)=O,MoleculeNet_HIV
hiv_18586,O=C1NC(=C[N+](=O)[O-])c2ccccc21,MoleculeNet_HIV
hiv_22137,CC1(OCc2ccccc2)C(=O)N2C1N(C(=O)OCc1ccccc1)CC2(C)C,MoleculeNet_HIV
hiv_6415,O=C(O)C=CC(=O)Nc1ccccc1-n1cccc1,MoleculeNet_HIV
hiv_12307,CC1(C)OC2OC3CCC(=O)CC3(O)C2O1,MoleculeNet_HIV
hiv_31848,O=C(O)C1(Cc2ccc3c(c2)CCC3)Cc2cc3c(cc2C1)CCC3,MoleculeNet_HIV
hiv_5662,COc1cc2cnc3c4cc(OC)c(OC)cc4ccc3c2cc1OC,MoleculeNet_HIV
hiv_38500,CN(C)CC1CCCC(=Cc2ccc(OC(=O)C=Cc3ccc(Cl)cc3)cc2)C1=O.Cl,MoleculeNet_HIV
hiv_22674,C=CCN(CCN(CC=C)S(=O)(=O)c1ccc(C)cc1)S(=O)(=O)c1ccc(C)cc1,MoleculeNet_HIV
hiv_447,COc1ccc2c(c1)CCCN2CCCCCCCCCCN(CCC(C)C)CCC(C)C,MoleculeNet_HIV
hiv_24718,COC(=O)c1c(C)c2c(c(C)c1O)OC(=O)c1c(C)cc(O)c(C=O)c1O2,MoleculeNet_HIV
hiv_30668,CCOC(=O)C1CCCCc2sc(N)c(C#N)c21,MoleculeNet_HIV
davis_11314340,Cc1[nH]nc2ccc(-c3cncc(OCC(N)Cc4ccccc4)c3)cc12,DAVIS_spike_in
hiv_3826,O=C1NC(=O)N2CCSC2(Cc2ccccc2)N1,MoleculeNet_HIV
hiv_24571,O=C1CC2(CCC3=C(O2)c2ccccc2NC(=O)C3)C(=O)c2ccccc2N1,MoleculeNet_HIV
hiv_20196,Cc1cc(NS(=O)(=O)c2ccc(Nc3c4ccccc4nc4c(C(=O)N5CCN(CCOS(C)(=O)=O)CC5)cccc34)cc2)no1,MoleculeNet_HIV
hiv_39526,Oc1ccc2ccccc2c1OCc1nnc(CCCCCCCCc2nnc(COc3c(O)ccc4ccccc34)n2Nc2ccccc2)n1Nc1ccccc1,MoleculeNet_HIV
hiv_15632,C1=[N+]2[N-]C(N3CC4CCC(CC4)C3)=[S+][Fe-]2[n+]2ncccc21,MoleculeNet_HIV
hiv_15239,C=CCSCC(NC(=O)COc1ccccc1)C(=O)NC(C(=O)OCc1ccc([N+](=O)[O-])cc1)=C(C)C,MoleculeNet_HIV
hiv_30547,CCOC(=O)c1ccc(N=C2SC(=S)N(c3ccc(F)cc3)C2=Nc2ccc(C(=O)OCC)cc2)cc1,MoleculeNet_HIV
hiv_14020,CCOC(=O)C(CC)c1cc2n(c(=O)c1C#N)CCC21OCCO1,MoleculeNet_HIV
hiv_9299,CC(=O)NC(Cc1ccc2ccccc2c1)C(=O)NC(Cc1ccc(Cl)cc1)C(=O)NC(Cc1cccnc1)C(=O)NC(CO)C(=O)NC(Cc1ccc(O)cc1)C(=O)NC(CCCNC(=N)N)C(=O)NC(CC(C)C)C(=O)NC(CCCNC(=N)N)C(=O)N1CCCC1C(=O)NC(C)C(N)=O,MoleculeNet_HIV
hiv_19822,Clc1ccc2c(c1)[nH]c1c2nc2ccccn21,MoleculeNet_HIV
hiv_40719,Oc1cc2ccccc2cc1OC(F)(F)c1nc2ccccc2o1,MoleculeNet_HIV
hiv_19104,O=C1C2=C(c3ccccc31)C(c1ccc(Cl)cc1)NC(=S)N2,MoleculeNet_HIV
hiv_31706,CCCN(CCC)c1cc2c(cc1F)c(=O)c(C(=O)O)cn2-c1ccc(N2CCN(C)CC2)cn1,MoleculeNet_HIV
hiv_23389,CC1(C)C2CCC3(C2)CS(=O)(=O)N2OC231,MoleculeNet_HIV
hiv_6292,CN(C)P1(=O)N(c2ccccc2)P(=O)(N(C)C)N1c1ccccc1,MoleculeNet_HIV
hiv_5787,CN(C)C(=O)C1(c2ccc(Cl)cc2)CCN(CCCC(=O)c2ccc(F)cc2)CC1,MoleculeNet_HIV
hiv_29744,CC(C)(NC(=O)OCc1ccccc1)C(=O)OC(=O)C(C)(C)NC(=O)OCc1ccccc1,MoleculeNet_HIV
hiv_23413,Br.c1cnc2c(c1)-n1cccc1C1(CCCCC1)NN2,MoleculeNet_HIV
hiv_24733,O=C(Nn1c(-c2ccccc2)nc2ccccc2c1=O)c1ccc([N+](=O)[O-])cc1,MoleculeNet_HIV
hiv_37944,O=C(Nc1cc2c(oc1=O)CCCCCC2)c1cnccn1,MoleculeNet_HIV
hiv_33258,O=C1Cc2cc3ccccc3nc2-c2ccccc2N1,MoleculeNet_HIV
hiv_27789,CC(C)CN1CN(c2ccccc2)C2(CCN(CC(C)(c3ccc(F)cc3)C3OCCO3)CC2)C1=O.Cl,MoleculeNet_HIV
hiv_27678,O=[N+]([O-])C(C=C(Cl)n1nnc2ccccc21)=C(Cl)n1nnc2ccccc21,MoleculeNet_HIV
hiv_16134,O=C1CN(CC2=CC3(CC2)CCC2=C3CCCC2=O)C(=O)N1,MoleculeNet_HIV
hiv_7183,CCOC(=O)c1nn(Cc2ccccc2)c(=S)[nH]c1=O,MoleculeNet_HIV
hiv_21187,NC(=O)C(=O)C1CCC2=C(Sc3ccccc3N2)C1=O,MoleculeNet_HIV
hiv_13459,Cn1c(=O)nc2n(-c3ccc(Cl)cc3)c(-c3ccccc3)c(-c3ccccc3)nc-2c1=O,MoleculeNet_HIV
hiv_13108,Clc1cc(Cl)c2n[se]nc2c1,MoleculeNet_HIV
hiv_19383,C=C(c1nc2ccc(Cl)cc2nc1O)C(O)c1ccc(C(O)C(=O)c2nc3ccc(Cl)cc3nc2O)cc1,MoleculeNet_HIV
hiv_35831,C1=C(c2ccccc2)NC2=NC3CCCCC3N2C1c1ccccc1,MoleculeNet_HIV
hiv_480,CNCCS(=O)(=O)O,MoleculeNet_HIV
hiv_32118,CCCCCn1c(=O)c2c(=O)[nH][nH]c2c2ccccc21,MoleculeNet_HIV
hiv_27797,CN1CN(c2ccccc2)C2(CCN(CCc3csc4ccccc34)CC2)C1=O,MoleculeNet_HIV
hiv_12376,O=CC1=CN2C(c3ccoc3)CCC(CO)C2CC1,MoleculeNet_HIV
hiv_7105,Cc1cc(N(CCOS(C)(=O)=O)CCOS(C)(=O)=O)ccc1C=Nc1ccc(-c2nc(Cc3ccccc3)sc2C)cc1,MoleculeNet_HIV
hiv_39615,Cc1nc2cn3c(c2c(=O)[nH]1)CCCCC3,MoleculeNet_HIV
hiv_28822,O=c1[nH]c(=O)n(C2OC(CO)C(O)C2O)cc1OCCCc1ccccc1,MoleculeNet_HIV
hiv_38796,CCOC(=O)Nc1nn(C)c(=NCc2ccccc2)s1,MoleculeNet_HIV
hiv_35279,CC1(C)C[N+]23CCC[N+]4(CCC2)CC(C)(C)[SH+][Ni-2]34[SH+]1,MoleculeNet_HIV
hiv_22969,O=[N+]([O-])c1ccc(C2CC(c3ccc(NCc4nc5ccccc5[nH]4)cc3)=NO2)cc1,MoleculeNet_HIV
hiv_5853,COC(=O)C1ON(C(=O)c2ccccc2)C(C)C2OC12,MoleculeNet_HIV
hiv_14040,N#CC1(C#N)C2C=CC(c3coc4cccc2c34)C1(C#N)C#N,MoleculeNet_HIV
hiv_32120,O=C(NCc1ccccc1)c1c(O)nc2ccccc2c1O,MoleculeNet_HIV
hiv_23751,Cc1nc2ccccc2c(=O)n1NC(=S)Nc1ccc(Cl)cc1,MoleculeNet_HIV
hiv_3265,NCCCC1CCCCNC1,MoleculeNet_HIV
hiv_13094,CCCCCCCCNC(=O)SCCCC,MoleculeNet_HIV
hiv_2908,COc1cc(NC(=O)c2ccc(NC(=O)c3ccc(N)cc3)cc2)c(OC)cc1N=Nc1ccc(N=Nc2ccc3cc(S(=O)(=O)O)cc(S(=O)(=O)O)c3c2)c(C)c1,MoleculeNet_HIV
hiv_13752,O=C(O)C(O)=C1C=C(c2ccccc2)c2ccccc21,MoleculeNet_HIV
hiv_39623,CC1=C(C(N)=O)C(c2ccncc2)C(C#N)C(=O)N1,MoleculeNet_HIV
hiv_13611,CCOC(=O)C1Cc2ccc3c4c(ccc(c24)C1)CC(C(=O)OCC)C3,MoleculeNet_HIV
hiv_15725,CCCC[Sn]1(CCCC)OCC(CN2CCCC2)O1,MoleculeNet_HIV
hiv_39998,O=C(NN=Cc1ccccc1)c1ccccc1Nc1ccccc1C(=O)NN=Cc1ccccc1,MoleculeNet_HIV
hiv_23511,Cc1cc(C)n(-c2nsc3ccccc23)n1,MoleculeNet_HIV
hiv_1174,c1cncc(-c2nc3sc(-c4cccnc4)nc3s2)c1,MoleculeNet_HIV
hiv_6225,COc1ccc(CCN2C(=O)c3cccc4c(Br)ccc(c34)C2=O)cc1,MoleculeNet_HIV
hiv_18418,CC(=O)OCC1OC(n2c(=O)n(-c3ccccc3)c(=O)c3ccccc32)C(OC(C)=O)C(OC(C)=O)C1OC(C)=O,MoleculeNet_HIV
hiv_20846,Cc1cc(N(CCC#N)CCC#N)ccc1C=C1N=C(C=Cc2ccccc2)N(NC(=O)CC(=O)Nc2ccccc2Cl)C1=O,MoleculeNet_HIV
hiv_36279,CC(CO)C1=C(O)C(=O)c2c(ccc3c2CCCC3(C)C)C1=O,MoleculeNet_HIV
hiv_18614,COc1ccc(-c2cc(-c3ccco3)c(C#N)c(=O)n2C2OC(COC(C)=O)C(OC(C)=O)C(OC(C)=O)C2OC(C)=O)cc1,MoleculeNet_HIV
hiv_32483,[CH2-][Pd-2]1([CH2-])[N+](c2ccc(OC)cc2)=Cc2cccc[n+]21,MoleculeNet_HIV
hiv_1,C(=Cc1ccccc1)C1=[O+][Cu-3]2([O+]=C(C=Cc3ccccc3)CC(c3ccccc3)=[O+]2)[O+]=C(c2ccccc2)C1,MoleculeNet_HIV
hiv_29330,Cn1nc(NC(=O)c2cc(NC(=O)Nc3cc(C(=O)Nc4cc(C(=O)Nc5ccc6cc(S(=O)(=O)O)cc(S(=O)(=O)O)c6c5)n(C)n4)n(C)n3)nn2C)cc1C(=O)Nc1ccc2cc(S(=O)(=O)O)cc(S(=O)(=O)O)c2c1.[KH],MoleculeNet_HIV
hiv_21391,COc1cc(C(C)O)c[n+](CCc2c[nH]c3ccccc23)c1.[Br-],MoleculeNet_HIV
hiv_26492,CCCCC(Sc1cc(Cl)c(C)cc1S(=O)(=O)Nc1n[nH]c(=N)[nH]1)C(=O)OC,MoleculeNet_HIV
hiv_37342,COC(=O)c1ccn2c(N(C)C)[n+]3ccc(C(=O)OC)cc3c2c1.[O-][Cl+3]([O-])([O-])[O-],MoleculeNet_HIV
hiv_23208,COc1ccc(C=NNC(=O)C2=C(N)N(c3ccccc3)C(=C(C#N)C#N)S2)cc1,MoleculeNet_HIV
hiv_32739,Cc1cc(NS(=O)(=O)c2ccc(NC(=O)c3cccc4c(NNc5ccc(S(N)(=O)=O)cc5)c5ccccc5nc34)cc2)no1,MoleculeNet_HIV
hiv_32730,O=C(O)c1ccc(NNC(=O)c2cccc3c(=O)c4ccccc4[nH]c23)cc1,MoleculeNet_HIV
hiv_16329,CC1CC2OC(=O)C3CCCC(=C23)C12CC(c1ccoc1)OC2=O,MoleculeNet_HIV
hiv_8474,Cn1c(=O)n2n(c1=O)C1CCC2CC1,MoleculeNet_HIV
hiv_25233,O=C1C=C(Nc2ccc(Br)cc2)c2ccccc2C1=NO,MoleculeNet_HIV
hiv_22709,Cc1ccc(O)c(C(=O)CCCC(=O)c2cc(C)ccc2O)c1,MoleculeNet_HIV
hiv_15878,COC(=O)NCC1OCc2cc3c(cc2C12C=CCCC2)OCO3,MoleculeNet_HIV
hiv_41042,OC(c1cnc2sccn12)C(F)(F)Sc1ccccc1,MoleculeNet_HIV
hiv_7149,COc1cc(C=NC2CCCCC2)cc(OC)c1OC,MoleculeNet_HIV
hiv_22598,c1ccc2c3c([nH]c2c1)C1(CCCCC1)c1c([nH]c2ccccc12)C31CCCCC1,MoleculeNet_HIV
hiv_14350,N#CC(N)(C(=O)C(=O)NCCCNC(=O)C(=O)C(N)(C#N)c1ccc(Cl)cc1)c1ccc(Cl)cc1,MoleculeNet_HIV
hiv_28108,CC1(C)C2CC1C(CCCCCC1c3cc(-c4ccccn4)ncc3C3CC1C3(C)C)c1cc(-c3ccccn3)ncc12,MoleculeNet_HIV
hiv_28925,COc1ccc(-c2c3c(n(C4OC(CO)C(O)C(O)C4O)c(=S)c2C#N)CCC3)cc1,MoleculeNet_HIV
hiv_18353,O=[N+]([O-])c1cc([N+](=O)[O-])c2no[n+]([O-])c2c1Nc1ccccc1,MoleculeNet_HIV
hiv_20336,O=C(CC(=O)N1N=C(c2ccccc2)C(N=Nc2ccccc2[N+](=O)[O-])C1=O)Nc1ccccc1F,MoleculeNet_HIV
hiv_17930,CCOC(=O)C(=Cc1ccc(F)cc1)[Se]c1ccccc1,MoleculeNet_HIV
hiv_21864,CCC12CCCNC1c1c(n(C)c3ccccc13)C(C(=O)OC)C2.Cl,MoleculeNet_HIV
hiv_7725,O=S1(=O)Cc2ccccc21,MoleculeNet_HIV
hiv_3703,C1CCC(N2CSCSC2)CC1,MoleculeNet_HIV
hiv_10062,CC1C2c3ccccc3C(c3ccccc32)C1CN1C(CCO)COC1c1ccccc1,MoleculeNet_HIV
hiv_39404,O=C(OCc1ccccc1)N1CCN(C(=O)OCc2ccccc2)CCN(C(=O)OCc2ccccc2)CCN(C(=O)OCc2ccccc2)CCN(C(=O)OCc2ccccc2)CC1,MoleculeNet_HIV
hiv_33294,CCn1c2ccccc2c2cc(NC(=O)c3c(C)nc(O)nc3NCCNCCO)ccc21.Cl,MoleculeNet_HIV
hiv_22238,CC(C)=CCc1c(-c2ccc(OC3OC(CO)C(O)C(O)C3O)cc2O)oc2c3c(cc(O)c2c1=O)OC(C)(C)C=C3,MoleculeNet_HIV
hiv_10171,COc1ccc(-c2cn3c([nH]c(=O)c4cc(Br)ccc43)c2C#N)cc1,MoleculeNet_HIV
hiv_29273,CC(C)CC(NC(=O)OCc1ccccc1)C(=O)NCCCCC(NC(=O)C(CCCCNC(=O)C(CC(C)C)NC(=O)OCc1ccccc1)NC(=O)C(CCCCNC(=O)C(CC(C)C)NC(=O)OCc1ccccc1)NC(=O)C(CCCCNC(=O)C(CC(C)C)NC(=O)OCc1ccccc1)NC(=O)OC(C)(C)C)C(=O)O,MoleculeNet_HIV
hiv_32379,COc1ccc(NS(=O)c2ccc(OC)cc2)cc1,MoleculeNet_HIV
hiv_3416,O=C1C(OC(=O)c2ccccc2)=C(c2ccc(O)cc2)C(=O)C(OC(=O)c2ccccc2)=C1c1ccc(O)cc1,MoleculeNet_HIV
hiv_26053,Cc1ccc2c(c1)[nH]c(=S)n2C=C(c1ccc(Cl)cc1)S(=O)(=O)Cc1ccc(Cl)cc1,MoleculeNet_HIV
hiv_17972,CC(=O)NC(ON1C(=O)COc2ccccc21)C(Cl)(Cl)Cl,MoleculeNet_HIV
hiv_34935,O=C1c2ccccc2C(=O)C23OC12C(O)C1OC1C31Oc2cccc3cccc(c23)O1,MoleculeNet_HIV
hiv_23622,C#CC1(O)CCC2C3CCc4cc(Oc5nc(F)nc(-c6c7ccccc7c7n6CCS7)n5)ccc4C3CCC21C,MoleculeNet_HIV
hiv_17708,CCOC(=O)N1CCN(P(=O)(Nc2ccc3[nH]c(NC(=O)OC)nc3c2)Oc2ccccc2)CC1,MoleculeNet_HIV
hiv_3829,C[N+](C)(C)CCCS(=O)(=O)O,MoleculeNet_HIV
hiv_904,COc1ccc(-c2coc3c4c(c5c(c3c2=O)OC(C)(C)CC5)OC(C)(C)C=C4)cc1OC,MoleculeNet_HIV
hiv_1503,CCN(CC)c1ccc2cc3ccc(N(CC)CC)cc3[o+]c2c1,MoleculeNet_HIV
hiv_6902,COc1cc2c(cc1OC)C(CNC(=O)C=Cc1cc(OC)c(OC)c(OC)c1)C2,MoleculeNet_HIV
hiv_11979,CCOC(=O)C(Oc1ccc(OC)c2c1C(=O)CCC2)c1ccccc1,MoleculeNet_HIV
hiv_3356,COc1cc2c(c(OC)c1OC)C1CCCCC1SCC2O,MoleculeNet_HIV
hiv_32268,Nc1nc(Cl)c(C=NO)c(NCC2(CO)CC(=O)C2)n1,MoleculeNet_HIV
hiv_39447,N#Cc1c(N)c2c(c(-c3ccccc3)c1-c1ccccc1)C(=O)N(O)C2=O,MoleculeNet_HIV
hiv_1006,O=C(Nc1ccccc1)C(O)C(O)C(=O)Nc1ccccc1,MoleculeNet_HIV
hiv_37118,CC1(C)OC2C(COCc3ccccc3)C3CC(=O)OC3C2O1,MoleculeNet_HIV
hiv_10353,CONC(C)=O,MoleculeNet_HIV
hiv_4771,COC(=O)c1oc(-c2ccccc2)c(-c2ccccc2)c1C(=O)OC,MoleculeNet_HIV
hiv_38610,COc1ccc(NN(O)c2ccc(OC)cc2)cc1,MoleculeNet_HIV
hiv_36255,Cl.NN=C(Nc1ccccc1)SCc1ccccc1,MoleculeNet_HIV
hiv_13391,O=C1C2C(C(=O)N1c1ccccc1)C1(c3ccccc3)SC2(c2ccccc2)c2c(-c3ccccc3)sc(-c3ccccc3)c21,MoleculeNet_HIV
hiv_12163,O=C(O)c1cc2sc(C(=O)O)cc2s1,MoleculeNet_HIV
hiv_19235,COc1ccc(OC)c(NC(=O)C(=O)NNC(=O)c2sc(NNC(C)=O)nc2C)c1,MoleculeNet_HIV
hiv_36006,CC(=O)Nc1ccc(S(=O)(=O)[N-]C2C(=O)c3ccccc3C(=O)C2[n+]2ccccc2)cc1,MoleculeNet_HIV
hiv_3287,c1ccc(N2N=NC3C4CC(C5CCCC54)C32)cc1,MoleculeNet_HIV
hiv_8475,COC(=O)C12C=CC(C(=O)OC)(CC1)n1c(=O)n(-c3ccccc3)c(=O)n12,MoleculeNet_HIV
hiv_10084,O=NNc1ccc(S(=O)(=O)c2ccc3ccccc3c2)cn1.[NaH],MoleculeNet_HIV
hiv_28818,O=c1[nH]c(=O)n(C2CC(O)C(CO)O2)cc1N=NNCCCc1ccccc1,MoleculeNet_HIV
hiv_37953,O=C(c1cccc(OCc2ccccc2)c1OCc1ccccc1)N1CCSC1=S,MoleculeNet_HIV
hiv_24289,COc1ccc(N2C(=O)c3c(c4[nH]c5ccc(OC)cc5c4c4ccc(C(C)(C)C)cc34)C2=O)cc1,MoleculeNet_HIV
hiv_28334,CCOC(=O)c1c(C)nc(S)c(C#N)c1-c1cccc2ccccc12,MoleculeNet_HIV
hiv_3063,O=[N+]([O-])c1ccc(C=Cc2c[n+]([O-])nc3ccccc23)cc1,MoleculeNet_HIV
hiv_7229,NC1=c2nc[nH]c2=NS(=O)(O)=N1,MoleculeNet_HIV
hiv_28711,Nc1nc(SCC(=O)c2ccccc2)nc2nc3c(c(-c4ccccc4)c12)CCCC3,MoleculeNet_HIV
hiv_34035,O=c1nc2n(CCO)c(-c3ccccc3)c(-c3ccccc3)nc-2c(=O)[nH]1,MoleculeNet_HIV
hiv_40653,CC1(c2ccc(Cl)cc2)c2ccccc2C(=O)N1CCCN1C(=O)c2ccccc2C1=O,MoleculeNet_HIV
hiv_31109,CC(C)NCC(O)c1ccc(OCc2ccccc2)c(OCc2ccccc2)c1-c1ccccc1.Cl,MoleculeNet_HIV
hiv_16541,[Pt].c1ccc(P(CCP(c2ccccc2)c2ccccc2)CCP(c2ccccc2)c2ccccc2)cc1,MoleculeNet_HIV
hiv_8919,c1ccc(C[N+]23CCC(CC2)C3c2ccccc2)cc1,MoleculeNet_HIV
hiv_36754,O=C(c1ccco1)C1CC(c2ccc3ccccc3c2O)=NN1,MoleculeNet_HIV
hiv_9389,Cc1ccc(S(=O)(=O)O)cc1.N=C(NO)NN=CC1CC2C=CC1C2,MoleculeNet_HIV
hiv_19032,Cc1cc(N(CCC#N)CCC#N)ccc1C=C1CN(N2C(=O)C(=Cc3ccc(N(CCC#N)CCC#N)cc3C)N=C2c2ccccc2)C(c2ccccc2)=N1,MoleculeNet_HIV
hiv_40414,COC(=O)C1C(O)C(=O)N2CCC(OC(=O)c3ccccc3)C12,MoleculeNet_HIV
hiv_22461,Cc1ccc(NC(=O)C(CC2Nc3c(ccc4c3C(=O)c3ccccc3C4=O)NC2O)=NNC(C)(C)C)cc1,MoleculeNet_HIV
hiv_27432,CCCCCC(CC=NN(C)C)C(O)(C(F)(F)F)C(F)(F)F,MoleculeNet_HIV
hiv_31054,CCCC1(CCC)c2cc(C=NO)ccc2-c2ccc(-c3ccc(C(C)(C)C)cc3)cc21,MoleculeNet_HIV
hiv_38721,O=[N+]([O-])c1ccc2[nH]ncc2c1Cl,MoleculeNet_HIV
hiv_12461,C=C1C(=O)CC23CCCC12CC(OCOC)C3,MoleculeNet_HIV
hiv_9103,C(=NNc1nnc2c(n1)[nH]c1ccccc12)c1ccccc1,MoleculeNet_HIV
hiv_29496,[N-]=[N+]=Nc1c(-c2ccccc2)c(Cl)nc2ccccc12,MoleculeNet_HIV
hiv_31573,Cl.O=C(NCCCNCCNC(=O)c1cc(-c2ccccc2)nc2ccccc12)c1cc(-c2ccccc2)nc2ccccc12,MoleculeNet_HIV
hiv_204,CCCCCCCCCCCCCCCCCC(=O)OCC(O)CO,MoleculeNet_HIV
hiv_18988,COC1=CC(=O)C(O)=C(CC2(C)C(C)CC=C3C2CCCC3(C)C)C1=O,MoleculeNet_HIV
hiv_32321,CN(C)c1ccc(Cc2cc3c(O)ccc(O)c3cc(Cc3ccc(N(C)C)cc3)c2=O)cc1,MoleculeNet_HIV
hiv_34092,CCCCCCCCCCCCCCCCC(=O)NCC(=O)NCC(=O)NC(Cc1ccccc1)C(=O)Oc1ccc([N+](=O)[O-])cc1,MoleculeNet_HIV
hiv_7339,O=C1OC(C(=O)O)c2ccc3c(c21)OCO3,MoleculeNet_HIV
hiv_27349,CC(C)Oc1ccc(CNC2=NCCO2)c2ccccc12,MoleculeNet_HIV
hiv_19698,O=P1(Oc2ccccc2)NNP2(=NP(Cl)(Cl)=NP(Cl)(Cl)=N2)NN1,MoleculeNet_HIV
hiv_30713,COc1cc(-c2cc(-c3cc(C)cc(Cl)c3O)nc3ncnc(N)c23)ccc1O,MoleculeNet_HIV
hiv_37480,O=C(c1ccccc1)c1cc2c(nc1O)CCCCCC2,MoleculeNet_HIV
hiv_19444,Cc1ccc(-n2c3nc(=O)n(C)c(=O)c-3cc3c(OCc4ccccc4)cccc32)cc1,MoleculeNet_HIV
hiv_34769,Cc1ccc(S(=O)(=O)n2ccc(-c3ccc4ccn(S(=O)(=O)c5ccc(C)cc5)c4c3)c2)cc1,MoleculeNet_HIV
hiv_5329,N=C1SCc2c1sc1ccccc21,MoleculeNet_HIV
hiv_29073,CC(C)C(NC(=O)OC(C)(C)C)C(=O)N1CCCC1C(=O)OCc1ccccc1,MoleculeNet_HIV
hiv_34353,N#CC(c1ccccc1)N(CCc1ccccc1)C(=O)c1ccc(C(=O)N(CCc2ccccc2)C(C#N)c2ccccc2)cc1,MoleculeNet_HIV
hiv_28816,O=c1[nH]c(=O)n(C2CC(O)C(CO)O2)cc1N=NNCc1ccccc1,MoleculeNet_HIV
hiv_29884,Cl.N=c1c2ccccc2nc2oc3ccc(Cl)cc3n12,MoleculeNet_HIV
hiv_31023,Cc1ccc(NN=CC2=CC(C)(C)C(C#N)(C#N)C(O)=C2C#N)cc1,MoleculeNet_HIV
hiv_22783,C1CSCCSCSCCS1,MoleculeNet_HIV
hiv_21216,Cl.N=c1n(CC(=O)NC23CC4CC(CC(C4)C2)C3)c2ccccc2n1Cc1ccccc1,MoleculeNet_HIV
hiv_10359,O=C(Nc1nnc(-c2ccccc2)s1)c1cc(=O)c2cc([N+](=O)[O-])ccc2o1,MoleculeNet_HIV
hiv_16610,CN1CC(=O)Nc2c(ncn2C2OC(CO)C(O)C2O)C1=O,MoleculeNet_HIV
hiv_16111,CNCCCCN(C)[N+](=O)[N-]O,MoleculeNet_HIV
hiv_35402,Cc1ccc(NC2=NC(=Cc3ccco3)C(Cl)=N2)cc1,MoleculeNet_HIV
hiv_5550,NC(=O)C(c1ccccc1)N1CCCC1,MoleculeNet_HIV
hiv_37540,O=C1OC(CN2CCN(c3ccccc3)CC2)CN1C(=S)Nc1ccccc1,MoleculeNet_HIV
hiv_20941,CC(=O)c1sc(Nc2nnc(-c3ccc(-c4nnc(Nc5nc(C)c(C(C)=O)s5)o4)cc3)o2)nc1C,MoleculeNet_HIV
hiv_9405,O=c1nc(N2CCCC2)oc2cc3ccccc3cc12,MoleculeNet_HIV
hiv_41024,CC(C)=CC1CC(C)C2CCC(C)C3C(=O)C(O)=C(C)C(=O)C123,MoleculeNet_HIV
hiv_3047,c1cc(C2N3CCCN2CC3)ccn1,MoleculeNet_HIV
hiv_23462,c1cncc(CSc2nc3ccccc3nc2-c2cccs2)c1,MoleculeNet_HIV
hiv_36513,Cc1ccc(S(=O)(=O)N=C2N(C)CCCS2(=O)=O)cc1,MoleculeNet_HIV
hiv_9267,CN1C(Cl)=NS(=O)(=O)c2ccccc21,MoleculeNet_HIV
hiv_6814,Brc1cnc2[nH]nnc2c1,MoleculeNet_HIV
hiv_8040,CCc1c(C)c(SC)n(C)c(=O)c1C#N,MoleculeNet_HIV
hiv_12335,COC(=O)C12C(=O)OC(C)C1(O)C(C)C(=O)N2C,MoleculeNet_HIV
hiv_5189,CCOC(=O)C=C1Nc2cc(Cl)c(Cl)cc2NC1=O,MoleculeNet_HIV
hiv_35347,Cc1c(CN2CCOCC2)c(CN2CCOCC2)c(C)n1-c1ccc(Cl)cn1,MoleculeNet_HIV
hiv_24202,COc1cc(COC(=O)N2CC=CC2C(=O)O)c([N+](=O)[O-])cc1OC,MoleculeNet_HIV
hiv_33802,CN1CCN(Cc2cc3c(nn2)-c2ccccc2C3=O)CC1,MoleculeNet_HIV
hiv_22070,N#Cc1ccccc1NC(=O)C(=NNC(=O)c1ccncc1)C(c1cnc2ccc([N+](=O)[O-])cc2n1)[N+](=O)[O-],MoleculeNet_HIV
hiv_21412,C=CCON=Cc1cc(NC(=S)c2ccoc2C)ccc1Cl,MoleculeNet_HIV
hiv_5954,COC1(OC)CC2C(=O)CCCC21OC,MoleculeNet_HIV
hiv_24893,CC1=C(C(=O)NCCc2ccccc2)CC(C(=O)NCCc2ccccc2)=C(C)N1,MoleculeNet_HIV
hiv_31098,COc1ccc(C2Oc3cc(OCc4ccccc4)c(O)cc3C2C)c(OC)c1,MoleculeNet_HIV
hiv_12689,Cn1c2c(c3ccccc31)C1CCCCC1C1C(=O)NC(=O)C21,MoleculeNet_HIV
hiv_22570,CNC(=O)CN(CC(=O)O)C(=O)NC,MoleculeNet_HIV
hiv_14646,CCOc1cc(C=C2N=C(c3ccccc3)OC2=O)ccc1O,MoleculeNet_HIV
hiv_26929,O=C(CN1CCOCC1)NC1=NNC(=O)c2cccnc2N1,MoleculeNet_HIV
hiv_16156,CCCCC=C(C1OC(=O)N2CCCC2C1(C)C)[Si](C)(C)C,MoleculeNet_HIV
hiv_24869,CC1=CC(=O)C(=CNc2nc(-c3ccc([N+](=O)[O-])cc3)cs2)C(=O)O1,MoleculeNet_HIV
hiv_31432,CN1C(=O)C(c2c[nH]c3ccccc23)N(C)C(=O)C1c1c[nH]c2ccccc12,MoleculeNet_HIV
hiv_14156,Cc1ccc(C(=O)ON=C2CCCC2=Cc2ccccc2)cc1,MoleculeNet_HIV
hiv_39473,Cc1cc2c(cc1-c1cc3c(cc1C)C(C(C)C)=C(O)C(=O)C3=CNc1nc(-c3ccccc3)cs1)C(=CNc1nc(-c3ccccc3)cs1)C(=O)C(O)=C2C(C)C,MoleculeNet_HIV
hiv_24930,Cc1sc(NN=C2C(=O)Nc3ccccc32)nc1-c1ccccc1,MoleculeNet_HIV
hiv_13911,CC(=O)OC1CCC2(C)C(=CCC3C4=CC=C(C(C)=O)C4(C)CCC32)C1,MoleculeNet_HIV
hiv_38446,CC(C=NNC(=S)N(C)C)=NNC(=S)N(C)C,MoleculeNet_HIV
hiv_40520,O=C1OC(C2(O)OC(=O)c3ccccc32)c2ccccc21,MoleculeNet_HIV
hiv_11919,CCc1oc2ccc(OC)c3c2c1C=CC=C3,MoleculeNet_HIV
hiv_28518,O=C1C=C2CCCC3OC(=O)CC23CC1,MoleculeNet_HIV
hiv_7406,Cc1ccc2c(c1)C(=O)C(Cl)(C(Cl)c1ccccc1)S2,MoleculeNet_HIV
hiv_28330,CC(CO)(CO)N1C(=O)C2C3C=CC(C3)C2C1=O,MoleculeNet_HIV
hiv_3252,CN=c1ncc2nc(-c3ccccc3)c(-c3ccccc3)n(C)c-2n1,MoleculeNet_HIV
hiv_4945,N=C1NC2OC(CO)C(O)C2O1,MoleculeNet_HIV
hiv_35453,CCN1CCC(CNC(=O)c2ccc(N)cc2)N1CC,MoleculeNet_HIV
hiv_5653,O=S(=O)(O)CCN(CCO)CCO,MoleculeNet_HIV
hiv_25007,C[n+]1c(-c2ccc(C=NNC(=N)NN=Cc3ccc(-c4cn5cc(Cl)ccc5[n+]4C)cc3)cc2)cn2cc(Cl)ccc21.Cl.[Cl-],MoleculeNet_HIV
hiv_39772,CSc1nc2c(c(N(C)C)n1)C=Nn1c(nc3ccccc31)S2,MoleculeNet_HIV
hiv_7570,C=C(OC1C(C)=C2C(C1OC(=O)CCCCCCC)C(C)(OC(C)=O)CC(OC(=O)CCC)C1(O)C2OC(=O)C1(C)O)C(C)=CC,MoleculeNet_HIV
hiv_31425,COC(=O)C1CCC(=O)N1C(c1ccc(OC)cc1)c1ccc2c(c1)OCO2,MoleculeNet_HIV
hiv_13040,CCOC(=O)NC(=O)c1cn(CC(=O)NCC(=O)NCC(=O)N2CCN(CCn3c(C)nc(C(N)=O)c3N)CC2)c(=O)[nH]c1=O,MoleculeNet_HIV
hiv_27237,CC(=O)ON=C1C=Cc2c(no[n+]2[O-])C1=O,MoleculeNet_HIV
hiv_21582,COC1C=CC(C(=O)[N+]2=Cc3[nH]c4ccccc4c3CC2)O1,MoleculeNet_HIV
hiv_19570,CC1NC(=O)C2=C1C(=N)NC(=O)C2,MoleculeNet_HIV
hiv_40138,COC(=O)Cn1c(=O)oc2nc(-c3ccccc3)cc(C(F)(F)F)c21,MoleculeNet_HIV
hiv_15529,Cn1nc(-c2ccccc2)c(C(=O)C=Cc2ccc(Cl)cc2)c(N2CCCC2)c1=O,MoleculeNet_HIV
hiv_35106,Nc1nc(-c2ccccc2)cc(-c2ccc(F)cc2)c1-c1ccc(Cl)cc1,MoleculeNet_HIV
hiv_3593,NC(=O)C12C(=O)NC(=O)C1(C(=O)O)C21CCCC1,MoleculeNet_HIV
hiv_1736,C[N+](C)(C)CC1C2C=CC(C2)C1CO,MoleculeNet_HIV
hiv_9427,O=C1NN2CCN=C2c2cccnc21,MoleculeNet_HIV
hiv_26901,COC=C1C(=O)OC(C)(C)OC1=O,MoleculeNet_HIV
hiv_7964,O=c1nc(Nc2cccc(Cl)c2)oc2cc(Cl)oc(=O)c12,MoleculeNet_HIV
hiv_9396,O=c1cc(O)nc2nc(-c3ccccc3)c(-c3ccccc3)nn12,MoleculeNet_HIV
hiv_32918,O=C(CCSSc1ccccn1)ON1C(=O)CCC1=O,MoleculeNet_HIV
hiv_10517,COC(=O)c1cc2cnc1CSCc1cnc(c(C(=O)OC)c1)CSC2,MoleculeNet_HIV
hiv_36453,CC(C)(C)N=c1n(C(C)(C)C)oc(=O)n1-c1ccccc1,MoleculeNet_HIV
hiv_23990,O=C1Sc2ccccc2C(=O)N2CCSC12,MoleculeNet_HIV
hiv_762,O=S(=O)(O)C(O)CC(O)S(=O)(=O)O,MoleculeNet_HIV
hiv_6112,COc1cc(N=CNc2cc(OC)n[n+]([O-])c2)c[n+]([O-])n1,MoleculeNet_HIV
hiv_2540,[O-][n+]1ccccc1CCN(O)Cc1ccccc1,MoleculeNet_HIV
hiv_30362,CC1CC(C#N)=C2NCCCCN2C1=O,MoleculeNet_HIV
hiv_15558,O=C(N=C(Nc1ccccc1)SCCSC(=NC(=O)c1ccccc1)Nc1ccccc1)c1ccccc1,MoleculeNet_HIV
hiv_19060,CCOc1ccccc1N=Nc1ccc2oc(=O)c(C(C)=O)cc2c1,MoleculeNet_HIV
hiv_34936,COC(=O)c1cnn2c1n[n+]([O-])c1ccccc12,MoleculeNet_HIV
hiv_27660,O=[N+]([O-])C(Cl)=CC(=C(Cl)Cl)[N+](=O)[O-],MoleculeNet_HIV
hiv_26169,CCOC(=O)C1=NN(c2ccccc2)C(=O)C1=CNC(=S)NCc1ccccc1,MoleculeNet_HIV
hiv_15832,O=S1(=O)[OH+][Zn-4]23([O+]=C4NC=Nc5[n-][n+]2cc54)([O+]=C2NC=Nc4[n-][n+]3cc42)[OH+]1,MoleculeNet_HIV
hiv_15427,O=C1C(Cl)=C(c2ccc(Cl)s2)C(=O)c2ccccc21,MoleculeNet_HIV
hiv_28770,[N-]=[N+]=NCCCCCCCCCCCC(=O)O,MoleculeNet_HIV
hiv_23653,O=c1sc2ccccc2n1CC1CS1,MoleculeNet_HIV
hiv_8270,O=C1CN(c2ccccc2)CC(=O)N2Cc3ccccc3CN12,MoleculeNet_HIV
hiv_26089,N#CC(=CNC(=S)c1ccncc1)c1nc2ccccc2s1,MoleculeNet_HIV
hiv_32735,Cc1cc(C)nc(NS(=O)(=O)c2ccc(NNc3c4ccccc4nc4c(C(=O)Nc5ccc(S(=O)(=O)Nc6ncccn6)cc5)cccc34)cc2)n1,MoleculeNet_HIV
hiv_35821,N#CC(=C1N=C(c2ccccc2O)Oc2ccccc21)c1ccc([N+](=O)[O-])cc1,MoleculeNet_HIV
hiv_13398,CCOC(=O)C1N(S(=O)(=O)c2ccc(C)cc2)CCC12C(c1ccc(OC)cc1)NC1CCCCC12,MoleculeNet_HIV
hiv_39374,N#Cc1c(N=C2CCCCC2)c(C(=O)Nc2ccccc2)n2c1CCC2,MoleculeNet_HIV
hiv_8880,NC(=O)c1nc(C2OC(CO)C(O)C2O)cs1,MoleculeNet_HIV
hiv_22857,CC(C)(O)C1CCC(C)(C2C(O)CC3(C)C4CC(OC5OC(CO)C(O)C(O)C5O)C5C(C)(C)C(OC6OCC(O)C(O)C6O)CCC56CC46CCC23C)O1,MoleculeNet_HIV
hiv_32280,C=C1CC(COc2cc(Cl)nc(N)n2)C1,MoleculeNet_HIV
hiv_20928,CC1CC(=O)C(CC(=O)O)C1C(C(=O)C(=O)Nc1cc(Cl)ccc1Cl)[N+](=O)[O-],MoleculeNet_HIV
hiv_19697,S=P1(Oc2ccccc2)NNP2(=NP(Cl)(Cl)=NP(Cl)(Cl)=N2)NN1,MoleculeNet_HIV
hiv_11096,N=C1NN(c2ccccc2)C(=O)C1C(=O)C(=O)Nc1ccccc1,MoleculeNet_HIV
hiv_1397,CC(CC(N)C(=O)O)C(=O)O,MoleculeNet_HIV
hiv_10020,Oc1nnc(Cl)c2c(O)c3ccccc3c(O)c12,MoleculeNet_HIV
hiv_12492,O=C(CCc1nc(=S)[nH][nH]1)Nc1cc(Cl)c(Cl)cc1Cl,MoleculeNet_HIV
hiv_14742,CC(C)CC(NC(=O)C(Cc1ccc(O)cc1)NC(=O)CNC(=O)C(N)CCC(=O)O)C(=O)NC(Cc1c[nH]c2ccccc12)C(=O)O,MoleculeNet_HIV
hiv_34915,Cc1n[nH]c(=O)n1N=CCCC=Nn1c(C)n[nH]c1=O,MoleculeNet_HIV
hiv_39093,Cl.O=C(OCCN1CCCC1)c1cc2ccccc2n1-c1ccccc1,MoleculeNet_HIV
hiv_7305,COC1CC(CC2CCC(C)C(C(C)C(=O)O)O2)OC2(OC(C)(C3CCC(C)(C4OC(C5OC(O)(CO)C(C)CC5C)CC4C)O3)CC2C)C1C,MoleculeNet_HIV
hiv_28431,NC(=O)NN=C1C2CC3CC(C2)C1C3,MoleculeNet_HIV
hiv_28651,C=CC1(C)CC2CCC3(C)C(C)=CC(=O)CC3C2(C)CC1O,MoleculeNet_HIV
hiv_24797,CCOc1ccc(C=C2NC(=S)N(C=C3C(=O)Oc4ccccc4C3=O)C2=O)cc1,MoleculeNet_HIV
hiv_25153,CCOC(=O)c1c[nH]c2cc3c(cc2c1=O)CCS3,MoleculeNet_HIV
hiv_24359,O=C1OC2(CC1C1(O)C3CC4CC(C3)CC1C4)C1CC3CC(C1)CC2C3,MoleculeNet_HIV
hiv_37112,O=C1OC(COC(=O)c2ccccc2)C(OC(=O)c2ccccc2)C=C1OC(=O)c1ccccc1,MoleculeNet_HIV
hiv_9354,C[n+]1c(-c2ccc(C=NNc3ccnc(NN=Cc4ccc(-c5cn6ccccc6[n+]5C)cc4)n3)cc2)cn2ccccc21,MoleculeNet_HIV
hiv_35058,COC(=O)c1cc(C#N)[nH]c1-c1ccsc1,MoleculeNet_HIV
hiv_27057,c1ccc(C(NC2=NCCO2)c2ccccc2)cc1,MoleculeNet_HIV
hiv_2772,N=c1[nH]nc2ccccn12,MoleculeNet_HIV
hiv_4428,c1ccc(N2N=NC3CCCC32)cc1,MoleculeNet_HIV
hiv_17901,COc1ccc(C#CCC(OC2OC(CO)C(O)C(O)C2O)C(O)c2ccc(OC)c(OC)c2)cc1OC,MoleculeNet_HIV
hiv_34571,CC(C)(C)OC(=O)CCCCCNC(=O)CCCCCNC(=O)CCC(CN(CC(=O)OCc1ccccc1)CC(=O)OCc1ccccc1)N(CC(=O)OCc1ccccc1)CC(=O)OCc1ccccc1,MoleculeNet_HIV
hiv_30153,CCCCCC[n+]1noc(N)c1-c1ccc(-c2c(N)on[n+]2CCCCCC)cc1.[Cl-],MoleculeNet_HIV
hiv_37828,CCOC=NC1=C(C#N)C(c2ccc(Cl)cc2)c2c(-c3ccccc3)nn(-c3ccccc3)c2O1,MoleculeNet_HIV
hiv_5991,CC1CCCC(C)[N+]1=C(Nc1cccc(Cl)c1)c1ccccc1,MoleculeNet_HIV
hiv_16540,CO[PH](OC)(OC)[Ni-2]12[PH](F)(F)N(C)[PH](F)(F)[Ni-2]([PH](OC)(OC)OC)([PH](F)(F)N(C)[PH]1(F)F)[PH](F)(F)N(C)[PH]2(F)F,MoleculeNet_HIV
hiv_26454,CC(C)(C)OC(=O)Cn1ncn(NC(=O)Cc2ccccc2)c1=O,MoleculeNet_HIV
hiv_8615,Cc1nn(-c2ccc([N+](=O)[O-])cc2)c2c1C(C)(C)C(C#N)=C(N)O2,MoleculeNet_HIV
hiv_39713,Cc1nc2c3c(Cc4ccccc4)c(C)[nH]c3ncn2n1,MoleculeNet_HIV
hiv_12384,COc1ccc(OC)c2c3c(ccc12)C(c1ccccc1)OC3=O,MoleculeNet_HIV
hiv_12642,CC1=Nc2ccccc2C1C(Cc1ccccc1N)c1c(C)[nH]c2ccccc12.Cl,MoleculeNet_HIV
hiv_40919,O=C(O)CC1C(O)C(O)CN2C(=O)c3ccccc3C12,MoleculeNet_HIV
hiv_29865,O=c1c(S(=O)(=O)Oc2ccccc2)coc2cc(F)ccc12,MoleculeNet_HIV
hiv_18338,Cc1occc1C(=S)Nc1ccc(Cl)c(C(=O)OC2CCCCC2)c1,MoleculeNet_HIV
hiv_7892,COc1ccccc1C1C(C#N)C(=O)NC(=O)C1C#N,MoleculeNet_HIV
hiv_14756,CCC(C)C(N)C(=O)NCC(=O)NC(CCCNC(=N)N)C(=O)NC(CC(N)=O)C(=O)NC(CC(C)C)C(=O)NC(CC(C)C)C(=O)NC(C(=O)NC(CCC(N)=O)C(=O)NC(C(=O)NCC(=O)O)C(C)CC)C(C)O,MoleculeNet_HIV
hiv_9016,Cc1ccc(C=C2NC(=[Se])N(C)C2=O)cc1,MoleculeNet_HIV
hiv_9006,COC(=O)C1(F)C(=O)NC(=O)NC1OC,MoleculeNet_HIV
davis_10461815,Cc1[nH]c(C=C2C(=O)Nc3ccc(S(=O)(=O)Cc4c(Cl)cccc4Cl)cc32)c(C)c1C(=O)N1CCCC1CN1CCCC1,DAVIS_spike_in
hiv_13167,CCCCCC1OC(=O)C(=C2CCC(CCCC)O2)C(=O)C1O,MoleculeNet_HIV
hiv_14438,NNC(=S)NN=C(CCCC(=O)NCCc1ccccc1)CC(=O)c1ccccc1,MoleculeNet_HIV
hiv_11541,O=[N+]([O-])c1ccc(Nc2nnc(-c3ccc(Cl)cc3Cl)s2)cc1,MoleculeNet_HIV
hiv_11472,Cc1ccc(N=Cc2ccc3c(c2)OCO3)cc1C,MoleculeNet_HIV
hiv_31857,O=C(O)C1(Cc2ccc3c(c2)CCC3)Cc2ccccc2C1=O.[KH],MoleculeNet_HIV
hiv_21668,CCCCCCCCOCC(CO)OCCCCCCCC,MoleculeNet_HIV
hiv_19809,CC1(C)C(=O)C(=Cc2ccco2)C1=O,MoleculeNet_HIV
hiv_14115,C=C(C)C1CC=C(C)C(O)(C2(O)CC(C(=C)C)CC=C2C)C1,MoleculeNet_HIV
hiv_18821,NC(CCSCCF)C(=O)O,MoleculeNet_HIV
hiv_35930,Nc1nc(Cl)cc(Nc2ccc3c(c2)CCC3)n1,MoleculeNet_HIV
hiv_9506,C[n+]1c(-c2ccc(C=NNC(=O)c3ccc(C(=O)NN=Cc4ccc(-c5cn6ccsc6[n+]5C)cc4)cc3)cc2)cn2ccsc21.Cc1ccc(S(=O)(=O)O)cc1,MoleculeNet_HIV
hiv_35826,Oc1ccccc1-c1n[nH]c(-c2ccccc2O)n1,MoleculeNet_HIV
hiv_35750,COc1ccc(N=C(C)C(C)=Nc2ccc(OC)cc2)cc1,MoleculeNet_HIV
hiv_33152,C=C(C(=O)O)C1CCC2(C)CC(O)CC(=C)C2C1,MoleculeNet_HIV
hiv_6969,c1ccc(C2SCC3COCN32)cc1,MoleculeNet_HIV
hiv_10381,CCn1cc(C(=O)O)c(=O)c2cc(Cl)c(-n3cccc3)cc21,MoleculeNet_HIV
hiv_5223,O=C(O)C(O)(c1ccccc1)c1ccsc1,MoleculeNet_HIV
hiv_35284,O=C(O)c1nn[nH]c1Cl,MoleculeNet_HIV
hiv_35268,Cc1ccc(C=NNc2ncccn2)s1,MoleculeNet_HIV
hiv_35119,COc1ccc(-c2cc(-c3ccccc3)nc(N)c2-c2ccc3ccccc3c2)cc1,MoleculeNet_HIV
hiv_37949,O=C(NCCN(CCNC(=O)c1cccc(O)c1O)CCNC(=O)c1cccc(O)c1O)c1cccc(O)c1O,MoleculeNet_HIV
hiv_32109,CCOC(=O)Cn1sc2ncc([N+](=O)[O-])cc2c1=O,MoleculeNet_HIV
hiv_31989,CCOC(=O)c1sc(SC)nc1NC(=O)c1ccc(Cl)cc1,MoleculeNet_HIV
hiv_8049,NC(=O)c1c(Cl)nc2n1CCS2,MoleculeNet_HIV
hiv_3933,CCOC(=O)NP(=O)(NNc1ccccc1)NNc1ccccc1,MoleculeNet_HIV
hiv_28449,O=C1CCC2(CC1)Cc1ccccc1C2O,MoleculeNet_HIV
hiv_29690,NC(=O)C1CCCN1C(=O)C(N)Cc1ccccc1.O=C(O)C(F)(F)F,MoleculeNet_HIV
hiv_19847,O=C(C=Cc1ccc[nH]1)c1ccccc1,MoleculeNet_HIV
hiv_11832,CCc1ccc(NC(=O)NC(=O)c2ccccc2[N+](=O)[O-])cc1Oc1ncc(Cl)cn1,MoleculeNet_HIV
hiv_38206,O=C(O)C1=C(C(=O)O)N(c2ccncc2)C(c2ccco2)=CC1c1ccccc1[N+](=O)[O-],MoleculeNet_HIV
hiv_26003,Oc1nc2ccccc2nc1C=CNC(=S)Nc1ccccc1,MoleculeNet_HIV
hiv_24318,COC1=CCC=C(CC2NCCc3cc(OC)c(OC)cc32)C1,MoleculeNet_HIV
hiv_15214,CCCCCCCCCCCC1=C(O)C(=NCCN)C=C(O)C1=NCCN,MoleculeNet_HIV
hiv_9237,O=C1CS(=O)(=O)C(c2ccccc2)N1N1C(=O)CS(=O)(=O)C1c1ccccc1,MoleculeNet_HIV
hiv_26825,CNc1c2c(c3nc4ccccc4c4c3c1N=C4)NCCC2=O,MoleculeNet_HIV
hiv_34351,CCCN(C(=O)c1ccccc1)C(C#N)c1ccc(C(C#N)N(CCC)C(=O)c2ccccc2)cc1,MoleculeNet_HIV
hiv_1991,C1CCC(NC2CCCCC2)CC1.COC1C(OC(=O)C=CC=CC=CC=CC(=O)O)CCC2(CO2)C1C1(C)OC1CC=C(C)C,MoleculeNet_HIV
hiv_6542,c1cc2nc(c1)CSCCCCCCCCSC2,MoleculeNet_HIV
hiv_34162,CC(=O)c1c(N=[N+]=[N-])c2cccc3c2n(c1=O)CCC3,MoleculeNet_HIV
hiv_32849,CC1(C)CCCC2OC2CCC(C)(C)C1=O,MoleculeNet_HIV
hiv_6436,Nc1nc(N)c(CCCCc2ccccc2)c(C=Cc2ccc([N+](=O)[O-])cc2)n1,MoleculeNet_HIV
hiv_39426,Cc1cc(S(=O)(=O)n2ccnc2Oc2ccccc2N)c(SSc2cc(Cl)c(C)cc2S(=O)(=O)n2ccnc2Oc2ccccc2N)cc1Cl,MoleculeNet_HIV
hiv_5467,COC(=O)NC1=Nc2ccccc2-c2ccccc2N1,MoleculeNet_HIV
hiv_13464,COc1cc2ccnc3c2c(c1OC)-c1ccccc1C3=O,MoleculeNet_HIV
hiv_3025,COC1OC(COC(=O)c2ccccc2)C(OC(=O)c2ccccc2)C1NC(C)=O,MoleculeNet_HIV
hiv_40517,CC(=O)OCC1OC(NC(=S)Nc2nc(-c3ccccc3)cc(-c3cc(Cl)ccc3O)n2)C(OC(C)=O)C(OC(C)=O)C1OC(C)=O,MoleculeNet_HIV
hiv_18131,C=C1C2CCC3C(C2)(C(=O)C(O)C2C(C)(C)C4CC(=O)C23CO4)C1OC(C)=O,MoleculeNet_HIV
hiv_22468,C[N+](C)(C)CC(=O)NN=C(Cc1nc2ccc([N+](=O)[O-])cc2nc1O)C(=O)Nc1nc2ccc([N+](=O)[O-])cc2s1.[Cl-],MoleculeNet_HIV
hiv_32523,CC(Br)C(=O)N=[n+]1c2ccccc2nc2c3cccc4cccc(c43)[c-]21,MoleculeNet_HIV
hiv_9040,O=Nc1c(-c2ccccc2)[nH]c2cc(-c3ccccc3)nn12,MoleculeNet_HIV
hiv_37800,FC(F)(Sc1ccccc1)c1nc2ccccc2o1,MoleculeNet_HIV
hiv_10708,C=C1C(OC(=O)C(C)C)C(O)C(=O)C(C)(C)C=CC(C)C(=O)C2(O)CC(C)C(OC(=O)CC)C2C1OC(=O)c1ccccc1,MoleculeNet_HIV
hiv_33670,Cc1c2c(c(C)c3c1[OH+][Re+](C#[O+])(C#[O+])(C#[O+])(C#[O+])[OH+]3)OCO2,MoleculeNet_HIV
hiv_2507,O=C(NN1CCCCCC1)NS(=O)(=O)c1ccc(Cl)cc1,MoleculeNet_HIV
hiv_24683,O=C1CN(c2cccc(C(F)(F)F)c2)C(=O)CN1NCNN1CC(=O)N(c2cccc(C(F)(F)F)c2)CC1=O,MoleculeNet_HIV
hiv_36953,COC(=O)Cc1c(-c2[nH]c3ccccc3c2CC(=O)OC)[nH]c2ccccc12,MoleculeNet_HIV
hiv_21482,COC(=O)C1(CC(=O)OCc2ccccc2)NCCc2c1[nH]c1ccccc21,MoleculeNet_HIV
hiv_22811,Cc1c(-c2coc(-c3ccc(Cl)cc3)n2)c(=O)n(-c2ccccc2)n1C,MoleculeNet_HIV
hiv_8889,c1ccc2c(c1)[nH]c1c2nc2ncccn21,MoleculeNet_HIV
hiv_10299,C12=C3[C-]4C5=C1[Fe+3]23541678C2=C1[C-]6C7=C28.O=C(O)C(Cl)(Cl)Cl.O=C([O-])C(Cl)(Cl)Cl,MoleculeNet_HIV
hiv_7898,CC1=CNC(C#N)=C(C#N)N=CC(C)=CNC(C#N)=C(C#N)N=C1,MoleculeNet_HIV
hiv_29766,COC(=O)C1CCC(=O)NCCCCC(NC(=O)C(N)CC(=O)O)C(=O)N1,MoleculeNet_HIV
hiv_36211,CN(C)c1ccc(C=C(NC(=O)c2ccccc2)C(=O)NC(Cc2c[nH]c3ccccc23)C(=O)O)cc1,MoleculeNet_HIV
hiv_4524,COC(=O)C12CCC(C)(C)CC1C1=CCC3C4(C)CC(O)C(O)C(C)(C(=O)OC)C4CCC3(C)C1(CO)CC2,MoleculeNet_HIV
hiv_37848,Cc1nc(N)nc(N)c1N1CCN(c2ccc(S(=O)(=O)N(Cc3ccccc3)Cc3ccccc3)cc2)CC1,MoleculeNet_HIV
hiv_23766,CCOC1c2cc(C(C)C)c(O)c(O)c2C23CCCC(C)(C)C2C1OC3=O,MoleculeNet_HIV
hiv_37639,COC(=O)C1C2OC(C)(C)OC2CN1S(=O)(=O)c1ccc(C)cc1,MoleculeNet_HIV
hiv_34413,CN(C)N1C(=C(C#N)C#N)C(c2ccccc2)CC1C#N,MoleculeNet_HIV
hiv_10428,CC(C)(O)c1cc2nc3ccccc3nc2n1CCO,MoleculeNet_HIV
hiv_6778,O=c1n(-c2ccccc2)c(=O)n2n1C1C=CC2C23C=CC12CCCC3,MoleculeNet_HIV
hiv_21231,Fc1ccc2c(c1)SC1Oc3ccccc3-c3c1c-2nn3-c1ccccc1,MoleculeNet_HIV
hiv_9263,CN1c2ccccc2C2=C(C3=C(CS2)C(=O)CCS3)S1(=O)=O,MoleculeNet_HIV
hiv_38673,CCCCCNc1no[nH]c1=N,MoleculeNet_HIV
hiv_9153,COC(=O)C=C(Sc1nc(Cl)c(Cl)nc1N)C(=O)OC.COC(=O)C=C1Sc2nc(Cl)c(Cl)nc2NC1=O,MoleculeNet_HIV
hiv_18251,COC(=O)CSSCC(=O)OC,MoleculeNet_HIV
hiv_12790,CC(=O)N1C(C(=O)O)CSC1c1ccc(F)cc1,MoleculeNet_HIV
hiv_2325,Fc1ccc2nncc(SCc3ccc(Cl)c(Cl)c3)c2c1,MoleculeNet_HIV
hiv_6662,CNCS(=O)(=O)O,MoleculeNet_HIV
hiv_39429,O=C(Nc1ccc(Cl)cc1)c1cc(S(=O)(=O)N2CCNNC2=O)c(S)cc1Cl,MoleculeNet_HIV
hiv_31056,Cc1ccc2nc(-c3ccc(-c4nc5ccc(C)cc5o4)c(O)c3)oc2c1,MoleculeNet_HIV
hiv_24553,Nc1nc(O)c2ncn(CC3OC(CO)C(CO)O3)c2n1,MoleculeNet_HIV
hiv_5298,COC(=O)C1=CCCCCCC(N2CCOCC2)=C1C(=O)OC,MoleculeNet_HIV
hiv_23344,On1c(-c2ccccc2)c(-c2ccccc2N2CCCC2)c2ccccc21,MoleculeNet_HIV
hiv_24267,COC(=O)C1=C2Nc3ccccc3C23CCN(Cc2ccccc2)C3CC1C(O)CO.Cl,MoleculeNet_HIV
hiv_1491,N=C(OC1CCCCC1)N1CCCC1,MoleculeNet_HIV
hiv_20112,NC1c2ccccc2Nc2ccccc21,MoleculeNet_HIV
hiv_25400,C[PH](C)(C)[Ir-3]1([PH](C)(C)C)([PH](C)(C)C)[OH+]C(=O)C2CCCCN21.[Cl-],MoleculeNet_HIV
hiv_3615,N#CC1(C#N)C(C#N)(C#N)C12CCCCCC2,MoleculeNet_HIV
hiv_7665,CCN1CC2(OC(=O)c3ccccc3NC(C)=O)CCC(OC)C34C1C(CC23)C1(O)CC(OC)C2CC4C1(O)C2OC,MoleculeNet_HIV
hiv_18304,Cc1nnnn1C1C(C#N)CC2C3CCC4=Cc5nnnn5CCC4(C)C3CCC21C,MoleculeNet_HIV
hiv_18250,COC(=O)CCSSCCC(=O)OC,MoleculeNet_HIV
hiv_39387,CN1C(=S)N2CCCCCCCC2c2c(O)nc(CCl)nc21,MoleculeNet_HIV
hiv_22944,CC(C)=C[Sb](Br)(C=C(C)C)(C=C(C)C)C=C(C)C,MoleculeNet_HIV
hiv_29905,COC1CCC2(C)C3CCC4C(=CC5C(C)(CO)C(=O)CCC45C)CC3(C)CCC2C1(C)C,MoleculeNet_HIV
hiv_20109,O=C(c1cc2ccccc2o1)N(Cc1ccccc1)c1ccccc1,MoleculeNet_HIV
hiv_40242,Cc1cccc(Nc2cn(COCc3ccccc3)c(=O)[nH]c2=O)c1,MoleculeNet_HIV
hiv_8541,Cn1c(=O)c2c(c3cc(O)ccc31)OC(C(C)(C)O)C2,MoleculeNet_HIV
hiv_23822,CC(=O)OC1CCC2(C)C(=CCC3C2CCC2(C)C(c4ncc(-c5ccccc5)s4)CCC32)C1,MoleculeNet_HIV
hiv_3559,CCN(CC)C(=S)SCCCS(=O)(=O)O,MoleculeNet_HIV
hiv_38778,COc1ccc(C(=O)Sc2ccccc2C(=O)Nc2ccc(S(=O)(=O)NC(C)=O)cc2)cc1,MoleculeNet_HIV
hiv_12033,COC(=O)C1=C(CS(=O)c2ccccc2[N+](=O)[O-])C2C=CC1C2,MoleculeNet_HIV
hiv_24101,COC(OC)c1cccc2c1C(=O)CCC1(CC2)OCCCCO1,MoleculeNet_HIV
hiv_25912,CC(C)N(CN1C(=O)NC(=Cc2cccc(C=C3NC(=O)N(CN(C(C)C)C(C)C)C3=O)c2)C1=O)C(C)C,MoleculeNet_HIV
hiv_22376,O=C(C=Cc1ccccc1)CCC1C(=O)NC(=O)NC1=O,MoleculeNet_HIV
hiv_37181,O=C(NCC(O)COc1ccccc1)c1ccccc1O,MoleculeNet_HIV
hiv_32200,CC(C=NN(C)C1=NCCCCN1)=NN(C)C1=NCCCCN1.I,MoleculeNet_HIV
hiv_8909,O=C1NC2(CN3CCC2CC3)C(=O)N1CN(Cc1ccccc1)c1ccccc1,MoleculeNet_HIV
hiv_23661,O=C1c2ccccc2OP(=O)(OCC(F)(F)F)OC1(C(F)(F)F)C(F)(F)F,MoleculeNet_HIV
hiv_34666,O=C1Oc2ccccc2NC1=CC(=O)c1ccc(Cl)cc1,MoleculeNet_HIV
hiv_3226,CN(C)c1ccc(C=C2C(=O)Nc3ccccc32)cc1,MoleculeNet_HIV
hiv_7258,CC(C)N=C1CCCC1C(=S)SSC(=S)C1CCCC1=NC(C)C,MoleculeNet_HIV
hiv_19849,CC1(C)OC(=O)C(c2cccs2)C(=O)O1,MoleculeNet_HIV
hiv_16666,CCOC(=O)c1ccc(CS(=O)c2ccccc2)c([N+](=O)[O-])c1,MoleculeNet_HIV
hiv_261,CCN(CC)C(=S)S,MoleculeNet_HIV
hiv_33050,CN1CCC2(CC1)SCC1C(=O)N(c3ccc(Cl)cc3)C(=O)N12,MoleculeNet_HIV
hiv_33617,CC(C)[Si](OC1=C(c2ccccc2)C(NC(=O)C=Cc2ccc([N+](=O)[O-])cc2)CCC1)(C(C)C)C(C)C,MoleculeNet_HIV
hiv_20137,CCCC[Sn](CCCC)(OC(=O)Cc1ccc(F)cc1)OC(=O)Cc1ccc(F)cc1,MoleculeNet_HIV
hiv_20248,CC(C)N1CC2CC(CN(C(=O)c3ccccc3)C2)C1.[O-][Cl+3]([O-])([O-])O,MoleculeNet_HIV
hiv_18094,O=S(=O)(O)c1cc(N=Nc2cc(S(=O)(=O)O)c3cccnc3c2O)ccc1C=Cc1ccc(N=Nc2cc(S(=O)(=O)O)c3cccnc3c2O)cc1S(=O)(=O)O.[NaH],MoleculeNet_HIV
hiv_26294,O=C(NC=C(c1ccccc1)S(=O)Cc1ccccc1)Nc1ccccc1Cl,MoleculeNet_HIV
hiv_38954,Cn1c2c(c3ccccc31)CC(=O)N1CCCCC1C21OCCO1,MoleculeNet_HIV
hiv_6835,CNCc1c2c(O)c3c(O)c(C)c4c(c3c1O)C(=O)C(C)(OC=CC(OC)C(C)C(OC(C)=O)C(C)C(O)C(C)C(O)C(C)C=CC=C(C)C(=O)N2)O4,MoleculeNet_HIV
hiv_21030,CC1(C)CCCC2(C)C1CCC13CC(C)(CCC21)C3CO,MoleculeNet_HIV
hiv_34976,CC(C)NC(=O)OCc1c(COC(=O)NC(C)C)n(C)c2c1ccc1cc(Cl)c(Cl)cc12,MoleculeNet_HIV
hiv_7579,CC12OC3(C)c4ccccc4OP3(c3ccccc3)(Oc3ccccc31)O2,MoleculeNet_HIV
hiv_33725,Cc1c(O)c(OC2OC(CO)C(O)C(O)C2O)cc2c1C=CC1C2(C)C(=O)CC2(C)C(C(C)(O)C(=O)CCC(C)(C)O)C(O)CC12C,MoleculeNet_HIV
hiv_37651,CCOC(=O)C=C1CC(NC(=O)OCc2ccccc2)C(=O)N1CC(=O)OCC,MoleculeNet_HIV
hiv_12383,COc1ccc(OC)c2c(C(=O)O)c(Cc3ccccc3)ccc12,MoleculeNet_HIV
hiv_27830,Cc1cn(C2CC(OC(c3ccccc3)(c3ccccc3)c3ccccc3)C(COC(c3ccccc3)(c3ccccc3)c3ccccc3)O2)c(=O)[nH]c1=O,MoleculeNet_HIV
hiv_22569,CNC(=O)CN(CC(=O)NC)C(=O)NC,MoleculeNet_HIV
hiv_29858,O=C1CC(c2ccc(Cl)cc2)NC(=O)N1CCN1CCCC1,MoleculeNet_HIV
hiv_2505,S=c1[nH]nc2ccccn12,MoleculeNet_HIV
hiv_39283,CC1(C)OC(C(O)CO)C(C2NCCS2)O1,MoleculeNet_HIV
hiv_39760,COCOC1CC2C(=O)Nc3ccccc3C(=O)N2C1,MoleculeNet_HIV
hiv_25101,COc1ccc(C2SC(=N)Nc3c2c(C)nn3C(=O)c2ccc(Cl)cc2)cc1,MoleculeNet_HIV
hiv_20882,Nc1ncnc2c1ncn2C1CCCCC(O)C1,MoleculeNet_HIV
hiv_10356,CC(C)CCCC(C)C1CCC(C2CC(O)C3CC(O)C(O)CC3(CO)C2=O)C1(C)CCO,MoleculeNet_HIV
hiv_6253,O=C1c2cccc3cccc(c23)C(=O)N1CC1CCCO1,MoleculeNet_HIV
hiv_15650,OCC(O)C(O)C(O)c1nn(-c2ccccc2)c2nc3cc(Cl)c(Cl)cc3nc12,MoleculeNet_HIV
hiv_12157,O=C(C=P(c1ccccc1)(c1ccccc1)c1ccccc1)CC(=S)CC(=O)C=P(c1ccccc1)(c1ccccc1)c1ccccc1,MoleculeNet_HIV
hiv_18388,CC(=O)OC1OC2C(NC(=O)OC(C)(C)C)C1CC2(OCc1ccccc1)OCc1ccccc1,MoleculeNet_HIV
hiv_15002,CC(C)(C)c1cc(CCC(=O)Nc2ccc(Cl)cc2)nc(S)n1,MoleculeNet_HIV
hiv_12821,CC(C)N1C(C)C(c2ccccc2)OP1(=O)C=CCC1CC(=O)CCN1Cc1ccccc1,MoleculeNet_HIV
hiv_8019,CCOC(=O)Nc1cc2c(c(N)n1)N=C(c1ccccc1)CN2,MoleculeNet_HIV
hiv_32367,O=P1(Oc2ccccc2)OCC2SC(c3ccccc3)CC2O1,MoleculeNet_HIV
hiv_11368,N#CC1(N2CCCC2)CCC2(CC1)OCCO2,MoleculeNet_HIV
hiv_25239,CCCCCC(=O)NC(=S)Nc1nnn[nH]1,MoleculeNet_HIV
hiv_14416,CC(=NNS(=O)(=O)c1ccc(C)cc1)C1=C(C)Nc2ccccc2S1,MoleculeNet_HIV
hiv_39918,COc1c2cc([N+](=O)[O-])cc1CNC(=O)CN1CCOCCOCCN(CCOCCOCC1)CC(=O)NC2,MoleculeNet_HIV
hiv_11206,CC(=O)NNC(=N)c1nc2c(n3nc(C)nc13)CCCC2,MoleculeNet_HIV
hiv_27662,N#CSC(Cl)=C(C(Cl)=C(Cl)Cl)[N+](=O)[O-],MoleculeNet_HIV
hiv_21829,COc1cc(C=O)c(-c2cc3c(cc2C=O)OCO3)c(OC)c1OC,MoleculeNet_HIV
hiv_37558,S=C(c1c[nH]c2ccccc12)N1CCN(c2ccccc2)CC1,MoleculeNet_HIV
hiv_21734,Cc1cc(C)n2c(-c3ccccc3)c(C)cc2n1,MoleculeNet_HIV
hiv_8201,CN1c2ccccc2C(=O)Nc2cnc(Cl)nc21,MoleculeNet_HIV
hiv_3105,Nc1cc(=O)[nH]c(=S)n1-c1ccc(Cl)cc1,MoleculeNet_HIV
hiv_39437,Cc1cc(S(=O)(=O)NC2=NCc3nc4ccccc4n32)c(S)cc1Cl,MoleculeNet_HIV
hiv_345,CCCCCCC(=O)C(O)C(O)C(=O)CCCCCCCC(=O)O,MoleculeNet_HIV
hiv_28776,O=C(OC1C#CCSCC#CC=C1)c1cnc2ccccc2n1,MoleculeNet_HIV
hiv_24178,CC(C)(C)OC(=O)NCCC(N)=S,MoleculeNet_HIV
hiv_12073,c1ccc(SC(Sc2ccccc2)=C2CCC2)cc1,MoleculeNet_HIV
hiv_19038,CC12CCc3ccccc3C1=NNC(=O)C2,MoleculeNet_HIV
hiv_21707,CC(=O)NNc1nc(C)c(C(C=Cc2ccc3c(c2)OCO3)=NNc2ccccc2)s1,MoleculeNet_HIV
hiv_28382,Cc1ccc(S(=O)(=O)OC2C3C=CC2C2CSCC32)cc1,MoleculeNet_HIV
hiv_31266,O=[N+]([O-])C(=C(Nc1ccccc1)Nc1ccccc1)C(Cl)=C(Cl)Br,MoleculeNet_HIV
hiv_217,CN(C)c1ccc(C=Cc2cc[n+](C)c3ccccc23)cc1,MoleculeNet_HIV
hiv_22307,[N-]=[N+]=CC(=O)c1ccccc1C#CCCc1ccccc1,MoleculeNet_HIV
hiv_3434,O=c1ccs[nH]1,MoleculeNet_HIV
hiv_6521,O=C(O)CC(NC(=O)CP(=O)(O)O)C(=O)O.[NaH],MoleculeNet_HIV
hiv_19349,CN(C)CCNC(=O)c1cccc(N(C)C(=O)c2ccccc2)c1[N+](=O)[O-].Cl,MoleculeNet_HIV
hiv_28821,O=c1[nH]c(=O)n(C2OC(CO)C(O)C2O)cc1OCCc1ccccc1,MoleculeNet_HIV
hiv_5684,O=c1[nH]c(=O)n2n1CC(Br)C(Br)C2,MoleculeNet_HIV
hiv_14532,CN1C(=O)C(O)(Cc2cccc(O)c2)N(C)C(=O)C1Cc1c[nH]c2cccc([N+](=O)[O-])c12,MoleculeNet_HIV
hiv_27602,C[N+](C)(C)C=NCCCCCCN=C[N+](C)(C)C.[I-],MoleculeNet_HIV
hiv_2893,Cc1cc(N=Nc2cc(S(=O)(=O)O)c(N)cc2N)ccc1N=Nc1ccc2cc(S(=O)(=O)O)cc(S(=O)(=O)O)c2c1,MoleculeNet_HIV
hiv_15771,c1ccc(C2N3CCCCC3C3c4[nH]c5ccccc5c4CCN32)nc1,MoleculeNet_HIV
hiv_429,COC1C(OC(=O)C=CC=CC=CC=CC(=O)O)CCC2(CO2)C1C1(C)OC1CC=C(C)C,MoleculeNet_HIV
hiv_30412,N#Cc1sc2c(c1OC(=O)c1cccs1)c(=O)n(-c1ccccc1)c(=S)n2-c1ccccc1,MoleculeNet_HIV
hiv_23009,Cc1ccc(C(=O)N(C2CCCCC2)C2CCCCC2)cc1N=NN(C)C,MoleculeNet_HIV
hiv_24653,CC(=O)Oc1ccc2c(c1)OC(=Cc1ccc(N(C)C)cc1)C2=O,MoleculeNet_HIV
hiv_9723,CC(C)OC(=S)SSSC(=S)OC(C)C,MoleculeNet_HIV
hiv_4208,Cc1coc(NS(=O)(=O)c2ccc(N=Nc3c(N)n(C)c(=O)n(C)c3=O)cc2)c1C,MoleculeNet_HIV
hiv_1655,COC1C(OC(C)=O)CC(=O)OC(C)CC2OC2C=CC(=O)C(C)CC(CC=O)C1OC1OC(C)C(OC2CC(C)(O)C(OC(=O)CC(C)C)C(C)O2)C(N(C)C)C1O,MoleculeNet_HIV
hiv_32121,O=C(NCCc1ccccc1)c1c(O)nc2ccccc2c1O,MoleculeNet_HIV
hiv_33177,CN1C(=O)C2CCCC(=O)N2c2cccnc21,MoleculeNet_HIV
hiv_37405,OCC1(C(F)(F)F)OC(n2cncn2)CC1O,MoleculeNet_HIV
hiv_8476,COC(=O)C12CCC(C(=O)OC)(CC1)n1c(=O)n(-c3ccccc3)c(=O)n12,MoleculeNet_HIV
hiv_24549,Nc1ncnc2c1ncn2CC1COC(CO)O1,MoleculeNet_HIV
hiv_16969,Cc1cccc(C)c1NC(=O)CCc1n[nH]c(=S)o1,MoleculeNet_HIV
hiv_20859,CC(C)(C)N=C1CC(C)(C)c2ccccc2C(=Nc2ccccc2)S1,MoleculeNet_HIV
hiv_38181,CC1(C)OC(=S)N(c2ccccc2)C12C=Cc1cc3ccccc3cc1O2,MoleculeNet_HIV
hiv_27658,O=[N+]([O-])C(=C(Cl)Cl)C(Cl)=C(Cl)Cl,MoleculeNet_HIV
hiv_24521,CN(C)CCSC(=Nc1ccccc1)N1C=COC=C1,MoleculeNet_HIV
hiv_7705,C1=NCCN=Cc2ccccc2NCCNc2ccccc21,MoleculeNet_HIV
hiv_37581,Cn1c(=O)oc2cc(C(=S)N3CCC(Cc4ccccc4)CC3)ccc21,MoleculeNet_HIV
hiv_12662,Cc1nc2c(o1)C(=Nc1ccc(I)cc1)c1ccccc1C2=Nc1ccc(I)cc1,MoleculeNet_HIV
hiv_17134,CC(C)C1COC2CCC(=O)N21,MoleculeNet_HIV
hiv_4399,O=C(CBr)OCCCS(=O)(=O)O,MoleculeNet_HIV
hiv_26628,CC(C)(CN1CCCCC1)C(C=Cc1ccc(Cl)c(Cl)c1)=NNC(=O)NN=C(C=Cc1ccc(Cl)c(Cl)c1)C(C)(C)CN1CCCCC1.Cl,MoleculeNet_HIV
hiv_2295,O=c1[nH]n(CCc2ccncc2)c(=O)c2ccccc12,MoleculeNet_HIV
hiv_32127,O=c1nc2ccc3sc4ccccc4c(=O)c3n2c(=O)[nH]1,MoleculeNet_HIV
hiv_40368,Nc1nc(N)nc(-c2cnc3ccccc3c2)n1,MoleculeNet_HIV
hiv_12038,COC(=O)C1=C(CS(=O)c2ccc([N+](=O)[O-])cc2[N+](=O)[O-])ON(C)C1c1ccccc1,MoleculeNet_HIV
hiv_31668,CCc1n[nH]c(=O)n1N,MoleculeNet_HIV
hiv_22089,[N-]=[N+]=C1C(=O)C2CC3CC1CC2C3,MoleculeNet_HIV
hiv_23282,OC1CCN(Cc2ccccc2)CC1CNC12CC3CC(CC(C3)C1)C2,MoleculeNet_HIV
hiv_10949,COc1ccc2c(c1)[n+](=O)[c-](S(=O)(=O)c1ccc(C)cc1)[c-](N)[n+]2=O,MoleculeNet_HIV
hiv_40588,Cn1c(-c2ccccc2)cc(-c2ccc3c(c2)OCO3)c1-c1cccs1,MoleculeNet_HIV
hiv_29131,CCOC(=O)c1cc2c(nc1N)C(=O)CCC2,MoleculeNet_HIV
hiv_311,CC(C=Cc1ccccc1)=NNS(=O)(=O)c1ccc([N+](=O)[O-])cc1,MoleculeNet_HIV
hiv_24688,Oc1nc(S)nc2nc3c4cccnc4c4ccccc4c3nc12,MoleculeNet_HIV
hiv_17135,COC(Cc1ccccc1)NC(=O)C12CCCCC1C=Cc1ccccc12,MoleculeNet_HIV
hiv_17150,CC1=[N+]2c3ccccc3[SH+][Co-4]2(O)(O)(O)[OH+]c2ccc3c(C)cc(=O)oc3c21,MoleculeNet_HIV
hiv_17047,CCOC=C1N=C(c2ccc(Cl)c(Cl)c2)OC1=O,MoleculeNet_HIV
hiv_40824,C=CCn1c(-c2ccc(Cl)cc2Cl)csc1=Nc1c(C)n(C)n(-c2ccccc2)c1=O.Cl,MoleculeNet_HIV
hiv_10221,CN1C(c2ccccc2)=C(C#N)C(=O)CC(c2cccs2)N1C,MoleculeNet_HIV
hiv_16355,Cc1c(C(=O)CC(=NNC(=O)C[n+]2ccccc2)C(=O)Nc2ccccc2)[n+]([O-])c2ccccc2[n+]1[O-].[Cl-],MoleculeNet_HIV
hiv_12050,O=C(Nc1ccccc1)c1cc(C(=O)Nc2ccccc2)[nH]n1,MoleculeNet_HIV
hiv_4273,Cc1ccc(S(=O)(=O)ON2C(=O)c3cccc4cc([N+](=O)[O-])cc(c34)C2=O)cc1,MoleculeNet_HIV
hiv_11475,NN=C1C(=O)N(C2CCCCC2)C(=O)C1C(=O)NC1CCCCC1,MoleculeNet_HIV
hiv_34962,CN1CC2CN(Cc3ccccc3)CCN2c2cccnc21,MoleculeNet_HIV
hiv_24516,O=C(c1ccc(Cl)cc1)N(C(=S)N1CCN(c2ccccn2)CC1)c1ccccc1,MoleculeNet_HIV
hiv_9830,O=C1OC(c2ccc3c(c2)OCO3)Sc2ccccc21,MoleculeNet_HIV
hiv_13185,COc1ccc2c(c1OC)C(=O)c1cnccc1C2=O,MoleculeNet_HIV
hiv_13363,CC12CCC3C(CCC4=C(O)C(=O)CCC43C)C1Cc1cnn(-c3ccccc3)c1N2,MoleculeNet_HIV
hiv_19174,CC1NC(=O)C2CCCCN2C(=O)CN(C)C(=O)CNC(=O)C2CCCCN2C(=O)C(NC(=O)c2nc3ccccc3cc2O)C(C)NC(=O)C2CCCCN2C(=O)CN(C)C(=O)CNC(=O)C2CCCCN2C(=O)C1NC(=O)c1nc2ccccc2cc1O,MoleculeNet_HIV
hiv_6666,O=C1C2C3C=CC(CC3)C2C(=O)C2C3C=CC(C3)C12,MoleculeNet_HIV
hiv_37976,Cl.NCc1ccc(-c2ccc(CN)s2)s1,MoleculeNet_HIV
hiv_2237,COc1cc[c-](C)[n+](=O)n1,MoleculeNet_HIV
hiv_25946,O=C1C(=C2SC(c3ccccc3)(c3ccccc3)c3ccccc32)C(=O)c2ccccc21,MoleculeNet_HIV
hiv_3964,Cc1nc(NCc2ccccc2)c2cc[nH]c2n1,MoleculeNet_HIV
hiv_31355,O=C1Cc2c(-c3ccccc3)cc(-c3ccccc3)nc2-c2ccccc2N1,MoleculeNet_HIV
hiv_21096,CCCC(OCC)(OCC)OCC,MoleculeNet_HIV
hiv_37244,Br.CC12CC(c3ccccc3O1)N1CCSC1=N2,MoleculeNet_HIV
hiv_10697,C[N+](C)(C)CCNP(=O)(Oc1ccccc1)c1ccccc1.[I-],MoleculeNet_HIV
hiv_25271,O=C1Oc2ccccc2C(=O)C1=CN1C(=O)CNC1=S,MoleculeNet_HIV
hiv_24935,O=C(Cc1csc(NN=C2C(=O)Nc3ccccc32)n1)Nc1ccccc1,MoleculeNet_HIV
hiv_1937,Nc1nnnc2[nH]cnc12,MoleculeNet_HIV
hiv_27991,CC(C)N1CN(c2ccccc2)C2(CCN(CCCC(=O)c3ccc(F)cc3)CC2)C1=O.Cl,MoleculeNet_HIV
hiv_22271,O=C1C2=C3C4=C(C5C1CCC5C1OCCO1)[Fe]234(C#[O+])(C#[O+])C#[O+],MoleculeNet_HIV
davis_44259,CNC1CC2OC(C)(C1OC)n1c3ccccc3c3c4c(c5c6ccccc6n2c5c31)C(=O)NC4,DAVIS_spike_in
hiv_5754,NC(=O)N1c2ccccc2C=Cc2ccccc21,MoleculeNet_HIV
hiv_18709,COC(CN1C=C(Sc2ccccc2)CC1)OC,MoleculeNet_HIV
hiv_20303,COC1=CC(=O)c2ccc(C(C)C)cc2C1(C)C1=NC(C)(C)CO1,MoleculeNet_HIV
hiv_11247,Cc1nc(=O)n2c(c1C(=O)Nc1ccc(Cl)cc1)NCC2,MoleculeNet_HIV
hiv_4215,CC1=NN(c2ccccc2)C(=O)C1N=Nc1ccc(S(=O)(=O)Nc2occ(C)c2C)cc1,MoleculeNet_HIV
hiv_32541,CC(C)(C)c1ccc(O)c(C(O)c2cccnc2)c1,MoleculeNet_HIV
hiv_29704,CC(NC(C#N)CC12CC3CC(CC(C3)C1)C2)c1ccccc1,MoleculeNet_HIV
hiv_37912,O=C1N=NC(=O)N1c1cc(C(F)(F)F)cc(C(F)(F)F)c1,MoleculeNet_HIV
hiv_32164,c1cc2nsnc2c2c[nH]cc12,MoleculeNet_HIV
hiv_27852,Nc1ncccc1N1C(=O)c2ccccc2C1=O,MoleculeNet_HIV
hiv_1603,CSC[c-]1nc2ccccc2c(C)[n+]1=O,MoleculeNet_HIV
hiv_24859,Cc1sc(NC=C2C(=O)CC(C)(C)CC2=O)nc1-c1ccccc1,MoleculeNet_HIV
hiv_5886,CN(C)C12CCCCC1S(=O)(=O)C2,MoleculeNet_HIV
hiv_11335,CC1(C)OCC(C2OC3OC(C)(C)OC3C2=O)O1,MoleculeNet_HIV
hiv_22961,N=C1Nc2ccccc2Sc2ccccc21,MoleculeNet_HIV
hiv_12513,O=C(CC1=Nc2nnc(-c3nnc4n3C(=O)C(CC(=O)c3cccnc3)=N4)n2C1=O)c1cccnc1,MoleculeNet_HIV
hiv_15507,CC(C)CC(NC(=O)CNC(=O)C(CC(C)C)NC(=O)C(Cc1cnc[nH]1)NC(=O)C(CC(N)=O)NC(=O)C1CCCN1C(=O)C(C)NC(=O)C(Cc1ccc(O)cc1)NC(=O)C(C)NC(=O)C1CCCN1C(=O)C(CCC(=O)O)NC(=O)C(CC(=O)O)NC(=O)C(Cc1ccccc1)NC(=O)C(CC(N)=O)NC(=O)C(C)N)C(=O)O,MoleculeNet_HIV
hiv_27175,N=c1ccn(CC(=O)NCCO)c(=O)[nH]1,MoleculeNet_HIV
hiv_9154,CC(C)(C)c1onc2c1C(=O)c1ccccc1-2,MoleculeNet_HIV
hiv_13053,O=C(Nc1ccc(S(=O)(=O)NC(C(=O)O)c2ccccc2)cc1)c1ccc(F)cc1,MoleculeNet_HIV
hiv_32107,N#Cc1c(N2CCCC2)ncn(Cc2ccccc2)c1=S,MoleculeNet_HIV
hiv_40444,COCP1(=S)OC(C)CCN1C(C)C,MoleculeNet_HIV
hiv_24713,CC(=O)CC1CCC(=O)CCC(=O)OC(CC(C)=O)CCC(=O)CCC(=O)O1,MoleculeNet_HIV
hiv_34260,O=C(CN1CCOCC1)Nc1ccc2c(c1)C1Oc3ccccc3CC1CO2,MoleculeNet_HIV
hiv_39888,CC(=O)C=C1C(=O)C(CC(C)C)=C1CC(C)C,MoleculeNet_HIV
hiv_8421,CC1C(n2[nH]c(=O)n(C)c2=O)c2ccccc2-n2c(=O)n(C)c(=O)n21,MoleculeNet_HIV
hiv_13005,O=C1CC(C(NC(=O)OCc2ccccc2)C(=O)O)ON1,MoleculeNet_HIV
hiv_34837,COc1cc(-c2cc(-c3ccccc3)nc(-c3c(OC)ccc4c(C)cc(=O)oc34)c2)cc(OC)c1OC,MoleculeNet_HIV
hiv_14307,O=[N+]([O-])c1ccc(C2=Nn3c(nnc3-c3ccccc3)SC2)o1,MoleculeNet_HIV
hiv_2312,CCN(CC)CCCC(C)Nc1ccnc2cc(F)ccc12.CCN(CC)CCCC(C)Nc1ccnc2cccc(F)c12,MoleculeNet_HIV
hiv_8249,O=C1CN(CCN2CCOCC2)CC(=O)N2CCCCN12,MoleculeNet_HIV
hiv_8038,CCCCC1SC2=NCCN2C1(O)c1ccc(Cl)cc1,MoleculeNet_HIV
hiv_29452,O=C1CN(C(=O)C2CCCN2C(=O)C2CCCN2)C(=O)CN1,MoleculeNet_HIV
hiv_37899,CC(C)(C)N1C(=O)[N-][N+](=C(C(c2ccccc2)=[N+]2[N-]C(=O)N(C(C)(C)C)C2=O)c2ccccc2)C1=O,MoleculeNet_HIV
hiv_7651,CCOC(=O)C(N)CSC(=O)NC,MoleculeNet_HIV
hiv_33416,Oc1nnc(NCc2ccccc2)c2nnn(Cc3ccccc3)c12,MoleculeNet_HIV
hiv_19837,O=C(C=Cc1ccncc1)c1ccccc1,MoleculeNet_HIV
hiv_26101,O=C1CN(C=C(c2ccccc2)S(=O)Cc2ccccc2)C(=S)N1,MoleculeNet_HIV
hiv_6136,CC(SC(=N)N)C(=N)N,MoleculeNet_HIV
hiv_14750,CCC(C)C(NC(=O)C(N)CCC(=O)O)C(=O)NC(CCCCN)C(=O)NCC(=O)NC(C(=O)NC(C(=O)NC(CC(=O)O)C(=O)NC(CC(C)C)C(=O)NCC(=O)NC(CCCCN)C(=O)O)C(C)O)C(C)O,MoleculeNet_HIV
hiv_6700,CCC1c2cc3n(c(=O)c2COC1O)Cc1c-3nc2ccccc2c1Cl,MoleculeNet_HIV
hiv_39994,Cc1ccccc1C1CC(=O)CC(c2ccccc2C)C12C(=O)NC(=O)NC2=O,MoleculeNet_HIV
hiv_34421,N#Cc1c(N)oc(-c2cccc([N+](=O)[O-])c2)c1C#N,MoleculeNet_HIV
hiv_10820,CCOC(=O)C1=C(C)NC(C)=C(C(=O)OCCNC(=O)c2ccc(N=[N+]=[N-])cc2)C1c1ccccc1C(F)(F)F,MoleculeNet_HIV
hiv_25356,COC(=O)C1(Cc2cccc(Cl)c2)CCCCCCN1C(=O)c1ccccc1,MoleculeNet_HIV
hiv_9538,O=C1C(=NO)SC(=S)N1N1CCCCC1,MoleculeNet_HIV
hiv_7745,O=C1C[N+]23CC[N+]45CC(=O)O[Ca-4]24(O1)(OC(=O)C3)OC(=O)C5,MoleculeNet_HIV
hiv_35362,O=C1NC(=S)NC1=Cc1cccs1,MoleculeNet_HIV
hiv_5245,O=C1c2ccccc2CCC1(Br)Cc1ccccc1,MoleculeNet_HIV
hiv_13477,CCCN1C(=O)CNC(=O)c2[nH]cnc21,MoleculeNet_HIV
hiv_12387,O=C1C(=O)C2(CC1S(=O)(=O)c1ccccc1)c1ccccc1-c1ccccc12,MoleculeNet_HIV
hiv_32163,O=c1[nH]c2nccn2c2c1SCCN2,MoleculeNet_HIV
hiv_37959,COc1nc(N)nc2c1n(C)c[n+]2C.[Cl-],MoleculeNet_HIV
hiv_33149,C=C(c1ccccc1)c1ccccc1-c1cc(-c2ccccc2)cc(-c2ccccc2)n1,MoleculeNet_HIV
hiv_19983,CC(=O)NC(CCCNC(=O)OCc1ccccc1)C(=O)NCc1ccccc1,MoleculeNet_HIV
hiv_34599,CN1C(=CC=CC=CC=C2C(=O)c3ccccc3C2=O)C(C)(C)c2ccccc21,MoleculeNet_HIV
hiv_34558,CC(C)C(C)C=CC(C)C1CC2C3=CC=C4CC(OC5OCC(O)C6OC(=O)C(=O)OC56)CCC4(C)C3CCC2(C)C1,MoleculeNet_HIV
hiv_10689,IC[P+]1(c2ccccc2)CCCC1.[I-],MoleculeNet_HIV
hiv_23491,CN1C2CCC1C(=Cc1cccc3c1OCO3)C(=O)C2=Cc1cccc2c1OCO2,MoleculeNet_HIV
hiv_24825,CCCCCCCCCCCCOCCCCCCCCCC=Cc1ccc2c(c1)OCCOCCOCCOCCO2,MoleculeNet_HIV
hiv_31630,Cc1nn(-c2ccccc2)c2nc(S)cnc12,MoleculeNet_HIV
hiv_8477,CCOCNC=O,MoleculeNet_HIV
hiv_24492,CN1CCN(C(=S)N(C)C(=O)c2ccc(Cl)cc2)CC1,MoleculeNet_HIV
hiv_3243,C(=Cc1ccc2ccccc2n1)c1cccnc1,MoleculeNet_HIV
hiv_20720,CCOC(=O)C(C=O)=[N+]1c2ccccc2N(C)[C-]1C,MoleculeNet_HIV
hiv_38099,CC1(C)CCC2(C)CC=C3C(C)(CCC4C3(C)CCC3C(C)(C)C(=O)CCC34C)C2C1,MoleculeNet_HIV
hiv_5907,COc1cccc(C2NC(=O)N3C(c4cccc(OC)c4)NC(=O)N23)c1,MoleculeNet_HIV
hiv_36248,COC1(OC)C(C(N)=CO)=NC(C)(C)N1O,MoleculeNet_HIV
hiv_7133,NCC=C1C2CC3CC(C2)CC1C3,MoleculeNet_HIV
hiv_26430,CC(C)c1ccc2c(c1)C=C1OC(=O)C3(C)CCCC2(C)C13,MoleculeNet_HIV
hiv_19313,O=C(Nc1cccc([N+](=O)[O-])c1)C(=NNC(=O)c1ccncc1)c1nc2ccc([N+](=O)[O-])cc2nc1O,MoleculeNet_HIV
hiv_4498,CC(=O)OC1CCC2(CO)C(CCC3C4CCC(=O)C4(C)CCC32)C1,MoleculeNet_HIV
hiv_15315,CC1(C)CC(Nc2ccc(Nc3ccccc3)cc2)CC(C)(C)N1,MoleculeNet_HIV
hiv_2645,Cc1ccccc1NC1(C#N)CCN(Cc2ccccc2)CC1,MoleculeNet_HIV
hiv_13315,COC(=O)Cc1cc(O)nc2c1C(=O)CCC2,MoleculeNet_HIV
hiv_33260,C=C(Cl)c1c(OC)cccc1OCc1ccccc1,MoleculeNet_HIV
hiv_10969,CC(C)CC(NC(=O)C(NC(=O)C(CO)NC(=O)C(C)NC(=O)C(CCCNC(=N)N)NC(=O)C(C)NC(=O)CN)C(C)C)C(=O)NC(CO)C(N)=O,MoleculeNet_HIV
hiv_38962,O=C(NNC(=O)c1cc2ccccc2[nH]1)c1cc2ccccc2[nH]1,MoleculeNet_HIV
hiv_32111,COc1c(C(=O)O)cccc1-c1cccc(C(=O)NCCN(CCNC(=O)c2cccc(-c3cccc(C(=O)O)c3OC)c2OC)CCNC(=O)c2cccc(-c3cccc(C(=O)O)c3OC)c2OC)c1OC,MoleculeNet_HIV
hiv_18750,Cc1[nH]c(=N)sc1C(=O)C=Cc1ccc2c(c1)OCO2,MoleculeNet_HIV
hiv_13631,OCC1OC(n2ccc3cnccc32)CC1O,MoleculeNet_HIV
hiv_11082,O=C(O)c1cc(Cc2cc(Cl)c(O)c(C(=O)O)c2)cc(Cl)c1O,MoleculeNet_HIV
hiv_39130,OCC1OC(c2cccc3cc(O)c(O)cc23)CC1O,MoleculeNet_HIV
hiv_13970,O=c1c2cc(Br)ccc2oc2ccc(Br)cc12,MoleculeNet_HIV
hiv_6923,CC1COP(N(C(C)C)C(C)C)O1,MoleculeNet_HIV
hiv_7905,O=C(c1cccnc1)c1cc(-c2ccccn2)c(=O)n2ccccc12,MoleculeNet_HIV
hiv_24200,COc1cc(COC(=O)NC(Cc2cccs2)C(=O)O)c([N+](=O)[O-])cc1OC,MoleculeNet_HIV
hiv_39129,CN(C)c1c(C2CC(O)C(CO)O2)c(=O)c1=O,MoleculeNet_HIV
hiv_20322,O=C1C2C=CC1C1C3OC3C(=O)C21,MoleculeNet_HIV
hiv_32472,O=c1[nH]nc(-c2ccccc2)n1-c1cccc([N+](=O)[O-])c1,MoleculeNet_HIV
hiv_33242,O=c1c(-c2ccc(O)c(O)c2)coc2cc(O)cc(O)c12,MoleculeNet_HIV
hiv_12528,CC(=O)[OH+][Mn+2]12([OH+]C(C)=O)Oc3c(Cl)cc(Cl)cc3C=[N+]1[N-]C(c1ccncc1)=[O+]2,MoleculeNet_HIV
hiv_38480,NC(=O)NN=C1CC2CCCCC2C1,MoleculeNet_HIV
hiv_23420,CN(CCO)c1nc(O)c2c(n1)CCC2,MoleculeNet_HIV
hiv_278,Nc1ccc(N=Nc2ccc(C=Cc3ccc(N=Nc4ccc(N)c5ccccc45)cc3S(=O)(=O)O)c(S(=O)(=O)O)c2)c2ccccc12,MoleculeNet_HIV
hiv_29919,O=C1CSC2=NC3=C(CSCC3=Cc3ccccc3)C(c3ccccc3)N12,MoleculeNet_HIV
hiv_15101,O=C(CC(=O)c1cccc([N+](=O)[O-])c1)C(=O)Nc1nc([N+](=O)[O-])cs1,MoleculeNet_HIV
hiv_37473,N#Cc1cc2c(n(NS(=O)(=O)c3ccccc3)c1=O)CCCC2,MoleculeNet_HIV
hiv_28342,CC(=O)OCC1OC(n2c(C)cc(-c3ccco3)c(C#N)c2=S)C(OC(C)=O)C(OC(C)=O)C1OC(C)=O,MoleculeNet_HIV
hiv_26264,O=C1NC(=O)C(=CNC(=S)Nc2ccc(S(=O)(=O)Nc3nccs3)cc2)C(=O)N1,MoleculeNet_HIV
hiv_16818,Cc1cc2c(cc1C)[n+]([O-])c(C(=O)CC(=NNC(=S)NN)C(=O)Nc1cccc(C(F)(F)F)c1)c[n+]2[O-],MoleculeNet_HIV
hiv_3640,COc1ccc2c(c1OC)C1CCCCC1SCC2=O,MoleculeNet_HIV
hiv_18985,O=c1[nH]c(=O)n(C2CC(O)C(CO)C2)cc1I,MoleculeNet_HIV
hiv_10936,CC1CC(=O)C(C(O)CC2CC(=O)N(c3ccccc3)C(=O)C2)C(C)C1,MoleculeNet_HIV
hiv_34673,c1ccc(-c2cc(-c3cc(-c4ccccc4)n(-c4ccccc4)n3)nn2-c2ccccc2)cc1,MoleculeNet_HIV
hiv_19145,N#Cc1cc([N+](=O)[O-])ccc1NC(=O)C(=O)C(C(=O)c1ccc2ccccc2c1)C1OCc2ccccc21,MoleculeNet_HIV
hiv_5532,C=CCCCCCCCCC(=O)NC(C)COC,MoleculeNet_HIV
hiv_18701,CCOC(=O)Cc1nc(O)c2c(-c3ccccc3)c(C)sc2n1,MoleculeNet_HIV
hiv_21293,CNN=C(C(=O)Nc1ccc([N+](=O)[O-])cc1[N+](=O)[O-])C1NC(=O)NC1=O,MoleculeNet_HIV
hiv_40782,COC(=O)C1(C(=O)OC)N=C(C)OC1c1ccccn1,MoleculeNet_HIV
hiv_5525,COc1cc2c3c(c1)C(O)CC[N+]3(C)CCC2,MoleculeNet_HIV
hiv_3886,O=c1[nH]c2c(cnn2-c2ccccc2)c(=O)n1OS(=O)(=O)c1ccccc1,MoleculeNet_HIV
hiv_28652,CC(CCC1(C)C(=O)CCC2OC21C)C1CC(c2ccoc2)OC1=O,MoleculeNet_HIV
hiv_14653,Cc1ccc(S(=O)(=O)O)cc1.Cc1cccc(C=NNC(=N)NO)n1,MoleculeNet_HIV
hiv_24039,CC1(C)CC(=O)C2=C(C1)SC(=C1SC3=C(S1)C(=O)CC(C)(C)C3)S2,MoleculeNet_HIV
hiv_177,CNC(=O)C(C)C1C(=O)C(=C(O)C=CC(C)=CC(C)C2OC3(C)OC(C=CC34CO4)C2C)C(=O)N1C1CCC(O)C(C)O1,MoleculeNet_HIV
hiv_3885,O=c1[nH]c2cnn(-c3ccccc3)c2c(=O)n1OS(=O)(=O)c1ccccc1,MoleculeNet_HIV
hiv_28004,CCCC#CC(O)(C(=O)OC1CN2CCC1CC2)C1CCCCC1,MoleculeNet_HIV
hiv_709,CCOC(=O)C1CC(C(=O)OCC)c2nc3ccccc3nc21,MoleculeNet_HIV
hiv_1149,Nc1ccc(-c2nc3sc(-c4ccc(N)cc4)nc3s2)cc1,MoleculeNet_HIV
hiv_5172,O=C(O)CCCC[PH](c1ccccc1)(c1ccccc1)c1ccccc1,MoleculeNet_HIV
hiv_27357,O=c1n(-c2ccc(Cl)c(Cl)c2)c(=O)n(-c2ccc(Cl)c(Cl)c2)c(=O)n1-c1ccc(Cl)c(Cl)c1,MoleculeNet_HIV
hiv_15363,CN1CCC(O)C(CNC23CC4CC(CC(C4)C2)C3)C1.Cl,MoleculeNet_HIV
hiv_35876,O=C(CN1CCCCC1)OCOP(=O)(OCOC(=O)CN1CCCCC1)OCC1CCC(n2ccc(=O)[nH]c2=O)O1,MoleculeNet_HIV
hiv_38959,O=C(NNC(=O)c1ccco1)c1ccco1,MoleculeNet_HIV
hiv_25205,CC(=O)N1C(c2[nH]c3ccccc3c2Cc2ccccc2)CCN1c1ccccc1,MoleculeNet_HIV
hiv_32253,Nc1nc(Cl)c(N)c(NCC2(CO)CC2)n1,MoleculeNet_HIV
hiv_7070,Cn1nc(-c2ccc3c(c2)OCO3)[n+]([O-])c2c(=O)n(C)c(=O)nc1-2,MoleculeNet_HIV
hiv_9301,S=c1sc(-c2ccc(Cl)cc2)nn1CSc1nc2ccccc2[nH]1,MoleculeNet_HIV
hiv_17726,CN(C)c1ccc(C=c2sc3nnc(-c4cccnc4)n3c2=O)cc1,MoleculeNet_HIV
hiv_37167,Oc1nc2c(c(-c3ccccc3Cl)n1)COCC2=Cc1ccccc1Cl,MoleculeNet_HIV
hiv_22374,Cc1cc(NC(=O)C(=O)Cc2cnc3ccccc3n2)c(S(=O)(=O)O)cc1Cl,MoleculeNet_HIV
hiv_4949,CC(=O)C1=C(O)C(c2ccccc2)c2ccccc21,MoleculeNet_HIV
hiv_29146,C=C1CC(Cn2ccc(=O)[nH]c2=O)(c2ccc(OC)cc2)OC1=O,MoleculeNet_HIV
hiv_6567,Cc1nonc1NC(=O)OCc1ccccc1,MoleculeNet_HIV
hiv_16132,C=CCCC(=O)CC(=O)OC,MoleculeNet_HIV
hiv_15010,CC(C)(C)C1=CC(CCC(=O)Nc2ccccc2[N+](=O)[O-])=NC(S)N1,MoleculeNet_HIV
hiv_18759,Cc1[nH]c(=N)sc1C(=O)C=Cc1ccc([N+](=O)[O-])cc1,MoleculeNet_HIV
hiv_10925,CC12CCC3C(CCC4CC(OC(=O)C=Cc5ccccc5N(CCCl)CCCl)CCC43C)C1CCC(=O)N2,MoleculeNet_HIV
hiv_24674,CC1NC(=O)C(C)N(C)C(=O)C2CCCN2C(=O)C(NC(=O)C(Cc2ccccc2)NC(=O)C=CC=CC=CC=CC=CC(=O)NC2=C(O)CCC2=O)COC(=O)C2CCCN2C1=O,MoleculeNet_HIV
hiv_12348,COc1cccc2ccc3c(c12)C(=O)OC31CCc2c(C)cccc21,MoleculeNet_HIV
hiv_22049,Cc1cc(S(=O)(=O)O)c(NC(=O)c2oc3cc(O)ccc3c(=O)c2C)cc1Cl,MoleculeNet_HIV
hiv_25221,CC1=C(C(=O)NNC(=O)C[n+]2ccccc2)CC(C(=O)NNC(=O)C[n+]2ccccc2)=C(C)N1.[Cl-],MoleculeNet_HIV
hiv_23117,Cc1c(C=NNC(=O)c2ccc(Cl)cc2)c(=O)n(-c2ccccc2)n1C,MoleculeNet_HIV
hiv_37805,Cn1cnnc1SC(F)(F)c1nc2ccccc2o1,MoleculeNet_HIV
hiv_10993,CC(=O)OC(C)(C)C1CCC2(C)C=CC(C)CC(O)C=C(C)CC(O)C12,MoleculeNet_HIV
hiv_28778,CCCCn1c(=O)[nH]c2c(N)ncnc21,MoleculeNet_HIV
hiv_14584,Cn1c(=O)c2c(ncn2CC(=O)NC23CC4CC(CC(C4)C2)C3)n(C)c1=O,MoleculeNet_HIV
hiv_13625,CCCCC1(C(NC(=O)c2ccccc2Cl)c2ccncc2)C(=O)N(c2ccccc2)N(c2ccccc2)C1=O,MoleculeNet_HIV
hiv_24955,O=[N+]([O-])c1ccc(C=c2sc3scc(-c4ccc([N+](=O)[O-])cc4)[n+]3c2=Cc2ccc([N+](=O)[O-])cc2)cc1.[Br-],MoleculeNet_HIV
hiv_36053,O=C(OCc1ccccc1)N(CCCCN(CCCNC(=O)C(F)(F)F)C(=O)OCc1ccccc1)CCCNC(=O)C(F)(F)F,MoleculeNet_HIV
hiv_18067,COc1cccc2c1[OH+][Co-3]1(O)([n+]3ccccc3)[S+]=C(N)[N-][N+]1=C2,MoleculeNet_HIV
hiv_34334,N#CC(c1ccc(O)cc1)N1CCN(C(C#N)c2ccc(O)cc2)CC1,MoleculeNet_HIV
hiv_23529,COc1c2c(cc3c(CCc4ccccc4)cc(=O)oc13)CCC(C)(C)O2,MoleculeNet_HIV
hiv_37333,COC(=O)C(Cc1ccccc1)NC(=O)c1ccc(CNC(=S)NCc2cccc(CNC(=S)NCc3ccccc3)c2)cc1,MoleculeNet_HIV
hiv_9068,CCOC(=O)C=C1CONC(c2ccc(OC)cc2)=N1,MoleculeNet_HIV
hiv_15394,CCOc1ccc(NC(=O)CC2SC(=N)NC2=O)cc1,MoleculeNet_HIV
hiv_5264,O=[N+]([O-])c1ccc2nc3ccscc-3c2c1,MoleculeNet_HIV
hiv_37276,CCN1CCN(c2nc3ccccc3c3c2CCOc2ccccc2-3)CC1,MoleculeNet_HIV
hiv_8913,O=c1n(-c2ccccc2)c2nc3ccccc3nc2n1-c1ccc(Cl)c(Cl)c1,MoleculeNet_HIV
hiv_14163,CN1C(=Nc2ccccc2)SC1=Nc1ccccc1,MoleculeNet_HIV
hiv_12350,O=c1c2ccc3cccc4c(=O)cc(c5ccccc15)-c2c34,MoleculeNet_HIV
hiv_27732,O=C1NC2(CCNCC2)Oc2ccccc21,MoleculeNet_HIV
hiv_27680,O=[N+]([O-])C(C(Cl)=C(Cl)Cl)=C(SCc1ccccc1)N1CCCCC1,MoleculeNet_HIV
hiv_36677,O=C1c2c(O)cc(O)cc2OC(c2ccc(O)cc2)C1C1C(=O)c2c(O)cc(O)cc2OC1c1ccc(O)cc1,MoleculeNet_HIV
hiv_29949,CCOP(=O)(OCC)C(C)(C)OC(=O)NC(F)(F)F,MoleculeNet_HIV
hiv_29740,CCOC(=O)CCC(NC(=O)C(Cc1ccccc1)NC(=O)OCc1ccccc1)C(=O)OCC,MoleculeNet_HIV
hiv_32344,O=S(=O)(c1ccccc1)C(c1ccc2ccccc2n1)S(=O)(=O)c1ccccc1,MoleculeNet_HIV
hiv_38113,Cn1c(=O)c2c(nc3n(Cc4ccccc4)c(=O)c(NCCCBr)cn23)n(C)c1=O,MoleculeNet_HIV
hiv_3003,CC1(C)c2ccccc2-c2nc3ccccc3c3c2C1OC3=O,MoleculeNet_HIV
hiv_550,Cc1cc[n+](C2=C(O)C(=O)C3=C(C2=O)C2c4ccccc4C3c3ccccc32)c(C)c1,MoleculeNet_HIV
hiv_36774,O=C1CC(=O)NC(NN2C(=O)C(=CC(=O)c3ccco3)N=C2c2ccccc2)=N1,MoleculeNet_HIV
hiv_12854,CC1C(=O)C(C)C(c2ccco2)N(N=O)C1c1ccco1,MoleculeNet_HIV
hiv_8034,Cc1onc(-c2c(Cl)cccc2Cl)c1C(=O)SC1=NC(C)N2C(SC(=O)c3c(-c4c(Cl)cccc4Cl)noc3C)=NC(C)N12,MoleculeNet_HIV
hiv_27709,C(=Cc1cc(-c2ccc3ccccc3n2)nc2ccc3ccccc3c12)c1ccc2ccccc2n1,MoleculeNet_HIV
hiv_37718,O=c1c2ccccc2nc2[nH]ncn12,MoleculeNet_HIV
hiv_25632,CC(C)OC1N(C2CC(N=[N+]=[N-])C(CO)O2)C(=O)NC(=O)C1(C)Br,MoleculeNet_HIV
hiv_20020,Cc1cc(N(CCC#N)CCC#N)ccc1C=C(N=[N+]=[N-])C(=O)NC(=O)COc1ccccc1,MoleculeNet_HIV
hiv_33633,C=C1C(Cl)C2OC(=O)C(C)C2(O)C(OC(C)=O)C2C(C)(O)C(OC(=O)CCC)CC(OC(C)=O)C2(C)C(OC(C)=O)C2OC12,MoleculeNet_HIV
hiv_12618,Cl.Nc1nc(O)c2c(n1)NCC(CO)N2,MoleculeNet_HIV
hiv_20623,CCOC(=O)CCC(NC(=O)c1ccc(N=Cc2nc3cc(C(F)(F)F)ccc3nc2-c2ccccc2)cc1)C(=O)OCC,MoleculeNet_HIV
hiv_6874,C=C(C)C12CC(C)C34OC(C=CC=CCCCCCCCCC)(OC1C3C1OC1(CO)C(O)C1(O)C(=O)C(C)=CC14)O2,MoleculeNet_HIV
hiv_16394,COC1=C(C(=O)OC(C)(C)C)C23CCCCCCCCCCC2(C(C(=O)OC(C)(C)C)=C(OC)C3C(=O)OC(C)(C)C)C1C(=O)OC(C)(C)C,MoleculeNet_HIV
hiv_38898,Cc1cn(C2CC(O[Si](C)(C)C(C)(C)C)C(CN(OC(=O)Oc3ccccc3)C(=O)Oc3ccccc3)O2)c(=O)[nH]c1=O,MoleculeNet_HIV
hiv_36688,N#C[IH2]1OC(C(F)(F)F)(C(F)(F)F)c2ccccc21,MoleculeNet_HIV
hiv_12585,O=C1CC(c2ccccc2)NCN1,MoleculeNet_HIV
hiv_33831,Nc1nc(NC2CC2)c2ncn(C3C=CC(CO)CC3)c2n1,MoleculeNet_HIV
hiv_26036,COC(=O)C(=O)C(=CNC(=S)NN=C1C(=O)Nc2ccccc21)C(=O)c1c(C)[nH]c2ccccc12,MoleculeNet_HIV
hiv_9392,CCOC(=O)C12C3C(=O)N(CC)C(=O)C3ON1OC1C(=O)N(CC)C(=O)C12,MoleculeNet_HIV
hiv_37793,CCCC(=O)Nc1cc(C=CC(=O)N2CC(CCl)c3c2cc([N+](=O)[O-])c2ccccc32)n(C)c1,MoleculeNet_HIV
hiv_25096,O=S(Cc1ccccc1)c1ccccc1Cn1cccc1,MoleculeNet_HIV
hiv_17462,CCCCC1(C)C=CC(=C2C(=O)OC(=CC(=O)O)C2=O)O1,MoleculeNet_HIV
hiv_25986,CC1=CC(=O)C(=Cn2c(=S)sc3ccccc32)C(=O)O1,MoleculeNet_HIV
hiv_2743,CC1=NN(c2ccc(S(=O)(=O)O)cc2)C(=NNC(N)=S)C1,MoleculeNet_HIV
hiv_6186,COc1ccc(Nc2cc(N)nc(N)n2)c(S)n1,MoleculeNet_HIV
hiv_40208,CC(=O)Oc1ccc(C=CC(=O)OCCCOC(=O)C=Cc2ccc(OC(C)=O)c(OC(C)=O)c2)cc1OC(C)=O,MoleculeNet_HIV
hiv_11265,COc1cc(=O)cc(Cl)c(Cl)c1Cl,MoleculeNet_HIV
hiv_15800,N#CCCN(C1=NN(C(=O)CC(=O)Nc2ccccc2)C(c2ccccc2)C1)c1ccccc1Cl,MoleculeNet_HIV
hiv_25903,S=c1[nH]c2ccccc2c(=S)n1CN1CCCCC1,MoleculeNet_HIV
hiv_22786,OC1CSCCSCCCSCCSC1,MoleculeNet_HIV
hiv_39203,COc1cc(C2c3cc4c(cc3C(=O)C3CCC(=O)N32)OCO4)cc(OC)c1O,MoleculeNet_HIV
hiv_3618,NC(=O)C1C2CC3C(NC(=O)C31)C2O,MoleculeNet_HIV
hiv_17026,NC(=O)C#CC#CC#CCO,MoleculeNet_HIV
hiv_4538,CCOC(=O)C1=C(N)SCCC1,MoleculeNet_HIV
hiv_5342,c1ccc2c(c1)C1CCC2c2ccccc21,MoleculeNet_HIV
hiv_2510,O=C(O)c1ccccc1C(=O)NC(Cc1cccc(NP(=O)(N2CC2)N2CC2)c1)C(=O)O,MoleculeNet_HIV
hiv_35917,CC(=O)Nc1c(C)cc2c(nc3n2CCC3OC(C)=O)c1[N+](=O)[O-],MoleculeNet_HIV
hiv_31609,Cc1nc2sc3c(c2c(=O)o1)CCCC3,MoleculeNet_HIV
hiv_37552,O=[N+]([O-])c1cccc2nc3ccccc3c(NCCCCNc3c4ccccc4nc4cccc([N+](=O)[O-])c34)c12,MoleculeNet_HIV
hiv_297,CCCCCCCCCCCCCCCCCCN(C)C,MoleculeNet_HIV
hiv_33362,O=P1(c2ccccc2)C(c2ccccc2)=CC=C1c1ccccc1,MoleculeNet_HIV
hiv_40248,Cc1cccc(Nc2cn(CCOc3ccccc3)c(=O)[nH]c2=O)c1,MoleculeNet_HIV
hiv_7237,O=C1Nc2ccc(Cl)cc2C(c2ccccc2Cl)=NC1O,MoleculeNet_HIV
hiv_14942,CC(=O)Nc1ccccc1C=Cc1ccccn1,MoleculeNet_HIV
hiv_20627,Nc1nc2c(N)cc(C(F)(F)F)cc2nc1-c1ccccc1,MoleculeNet_HIV
hiv_10497,CC1=CC(=O)OC2CC(CCC(C)C=CC=CCC1)OC(O)(C1CSC(=O)N1)C2,MoleculeNet_HIV
hiv_39498,CC(C)=CCCC(C)C1=C(O)C(=O)C(C)=C(NC(C)c2ccccc2)C1=O,MoleculeNet_HIV
hiv_18515,O=c1c2ccccc2c(=O)n2n1-c1cccc(c1)CSSCc1cccc-2c1,MoleculeNet_HIV
hiv_1686,C=CN(c1ccccc1)c1nc(O)nc(O)n1,MoleculeNet_HIV
hiv_25197,CCCCC1(N=[N+]=[N-])C(=O)c2cccc3c2N(CCC3)C1=O,MoleculeNet_HIV
hiv_8113,CCCC(=NNC(=S)N1CC2CCC(CC2)C1)c1ccccn1,MoleculeNet_HIV
hiv_18462,O=C1c2ccccc2C(=O)N1CCn1ccc(NC(c2ccccc2)(c2ccccc2)c2ccccc2)nc1=O,MoleculeNet_HIV
hiv_3564,CCOC(=O)C1CC2OC2CC1C(=O)OCC,MoleculeNet_HIV
hiv_16200,CCCC(=O)OC1C(OC(C)=O)CC(C)=CC2OC(=O)C3(C)OC23C(O)C2C3(C)OC3CC(OC(C)=O)C12C,MoleculeNet_HIV
hiv_5694,O=C1CCC(c2ccccc2)(C2CCN(Cc3ccc(F)cc3)CC2)C(=O)N1,MoleculeNet_HIV
hiv_3673,c1ccc2sc(-c3c4ccccc4cc4c3ccc3ccccc34)cc2c1,MoleculeNet_HIV
hiv_15331,COc1ccc(CCN(C)CCCC(C#N)(c2ccc(OC)c(OC)c2)C(C)C)cc1OC.Cl,MoleculeNet_HIV
hiv_22181,OCn1nc2c(C3OCCO3)cc3ccccc3n2c1=S,MoleculeNet_HIV
hiv_30430,COC(=O)C(C#N)=C(NCc1ccccc1)Nc1ccccc1,MoleculeNet_HIV
hiv_24237,COC(=NN=Cc1ccccc1F)c1ccncc1,MoleculeNet_HIV
hiv_33797,CC(NC(=O)Cc1ccccc1)NC(=O)C(C)C(=O)NCc1ccccc1,MoleculeNet_HIV
hiv_37413,Nc1ncnc2c1ncn2C1OC2CSCCC2(O)C1O,MoleculeNet_HIV
hiv_12272,OCC1CC2C=CCC(C2)C1,MoleculeNet_HIV
hiv_7592,OC1(c2cccc(Cl)c2)C2=NCCCN2c2ccccc21,MoleculeNet_HIV
hiv_11667,CC(=O)OC1(Sc2ccccc2)CC2C3COC(C)(C)OC3CCC2(C)CC1=O,MoleculeNet_HIV
hiv_39537,Oc1c(NCn2nc(CCCCCCCCc3nn(CNc4ccc5ccccc5c4O)c(=S)o3)oc2=S)ccc2ccccc12,MoleculeNet_HIV
hiv_11104,Cc1cc(Cl)ccc1NC(=O)CCCC(=O)C1CCCC1=O,MoleculeNet_HIV
hiv_2847,Nc1ncnc2c1S(=O)(=O)NCN2,MoleculeNet_HIV
hiv_8713,C=CCC(C=C=CCN(C)C)CO,MoleculeNet_HIV
hiv_36763,O=[N+]([O-])c1ccc(N2N=C(c3ccc4ccccc4c3O)CC2c2ccc(Cl)cc2Cl)c([N+](=O)[O-])c1,MoleculeNet_HIV
hiv_26700,O=C1CCSc2nc(-c3ccc4c(c3)OCO4)nn21,MoleculeNet_HIV
hiv_35343,CCOC(=O)C(C)OC(=O)C(C)(NC(=O)c1ccccc1C(=O)OC)C1NC=C(C(=O)OC)CS1,MoleculeNet_HIV
hiv_22529,CC1C2C=C(O)C(=O)C(C2=O)C1c1ccccc1,MoleculeNet_HIV
hiv_17687,O=C(Nc1nc(O)c2c(ncn2CCNCc2ccccc2)n1)c1ccccc1,MoleculeNet_HIV
hiv_2153,COc1ccc(-c2c(C)c(C(=O)O)nc(-c3ccc4c(O)c(OC)c5c(c4n3)=NC(C)(C)N=5)c2N)c(O)c1OC,MoleculeNet_HIV
hiv_15538,CCn1c2c(n(CC)c1=S)-c1c(n(CC)c(=S)n1CC)SSSS2,MoleculeNet_HIV
hiv_15030,O=S(=O)(C=Cc1ccc(Cl)cc1Cl)Cc1ccccc1CS(=O)(=O)C=Cc1ccc(Cl)cc1Cl,MoleculeNet_HIV
hiv_9842,CN(C)c1ccc(C=Cc2ccnc3c2ccc2ccccc23)cc1,MoleculeNet_HIV
hiv_22968,N#Cc1c(-c2ccco2)cc(-c2ccc(NCc3nc4ccccc4[nH]3)cc2)nc1N,MoleculeNet_HIV
hiv_7264,CC(=O)OC1N(C(C)=O)C(SC23CC4CC(CC(C4)C2)C3)C(C)=CC1(C)OC(C)=O,MoleculeNet_HIV
hiv_12036,COC(=O)C1=C(C=O)C2C=CC1C2,MoleculeNet_HIV
hiv_36758,CC(=O)N1N=C(c2ccc3ccccc3c2O)CC1c1ccc(Cl)cc1Cl,MoleculeNet_HIV
hiv_26786,Cn1cc(NC(=O)Nc2cc(C(=O)Nc3cc(C(=O)Nc4ccc(P(=O)(O)O)c5cc(P(=O)(O)O)ccc45)n(C)c3)n(C)c2)cc1C(=O)Nc1cc(C(=O)Nc2ccc(P(=O)(O)O)c3cc(P(=O)(O)O)ccc23)n(C)c1.[NaH],MoleculeNet_HIV
hiv_34253,COc1cccc2c1OC1c3ccccc3OCC1C2,MoleculeNet_HIV
hiv_7787,O=C(c1ccccc1)C(SSC(C(=O)c1ccccc1)C(=O)c1ccccc1)C(=O)c1ccccc1,MoleculeNet_HIV
hiv_23313,COc1cc(C=C2C(=O)N(C(=O)Cc3ccccc3)N=C2C)ccc1O,MoleculeNet_HIV
hiv_7936,COc1ccc(-c2cc[n+]([O-])c(C)c2C)c(OC)c1OC,MoleculeNet_HIV
hiv_28447,O=C1c2ccccc2CC12CCC1(CC2)OCCO1,MoleculeNet_HIV
hiv_28159,COCCCCCCCCCCCC(=O)O,MoleculeNet_HIV
hiv_27168,COc1nc2c(c(=O)n1C)NC(C(O)C(O)CO)C=N2,MoleculeNet_HIV
hiv_7652,CCC(c1ccccc1)c1noc(CCN(CC)CC)n1.O=C(O)CC(O)(CC(=O)O)C(=O)O,MoleculeNet_HIV
hiv_14131,O=C1CCCC1=Cc1ccccc1,MoleculeNet_HIV
hiv_37749,COC(c1ccccc1)(c1nc(C#N)c(N)o1)C(F)(F)F,MoleculeNet_HIV
hiv_2126,COc1cc(C2c3cc4c(cc3CCN2C(=O)c2ccccc2)OCO4)cc(OC)c1OC,MoleculeNet_HIV
hiv_9397,Cc1cc2c(oc(=O)c3cc(C)sc32)s1,MoleculeNet_HIV
hiv_9235,N=c1c2ncn3c(=O)n(-c4ccccc4)c(nc(=O)n1-c1ccccc1)c23,MoleculeNet_HIV
hiv_32503,Cc1ccc(NC(c2ccccc2)P(=O)(c2ccccc2)c2ccccc2)cc1,MoleculeNet_HIV
hiv_13206,COC(=O)C1=C(C(=O)OC)C2(c3ccccc3)OC1(c1ccccc1)c1cc3ccccc3cc12,MoleculeNet_HIV
hiv_20769,O=S1(=O)COc2ccccc2-c2ncncc21,MoleculeNet_HIV
hiv_40902,C=C1CN(S(=O)(=O)c2ccc(C)cc2)CCCN(Cc2ccc(C)o2)CCCN(S(=O)(=O)c2ccc(C)cc2)C1,MoleculeNet_HIV
hiv_31917,CCCC1(c2ccccc2)Oc2ccccc2-n2cccc2C1=O,MoleculeNet_HIV
hiv_31051,c1ccc2c(c1)c1c(n2CCOCCN2CCOCC2)CCCC1,MoleculeNet_HIV
hiv_31938,O=C(O)c1ccc(C=Cc2ccc(N=Nc3cc(S(=O)(=O)O)c4cccnc4c3O)cc2C(=O)O)cc1.[NaH],MoleculeNet_HIV
hiv_1687,CC(CCC(=O)O)(c1ccc(O)c(CN(c2ccccc2)c2ccccc2)c1)c1ccc(O)c(CN(c2ccccc2)c2ccccc2)c1,MoleculeNet_HIV
hiv_12065,N#CCC(O)CC#N,MoleculeNet_HIV
hiv_23651,Cn1c(=O)n(CC2CS2)c2ccccc21,MoleculeNet_HIV
hiv_7827,N#CC(=Cc1cc(Cl)cc(Cl)c1O)c1nc2ccccc2[nH]1,MoleculeNet_HIV
hiv_37488,O=C1c2cccnc2S(=O)N1Cc1ccccc1,MoleculeNet_HIV
hiv_39717,CCOC(=O)CN1C(=O)c2ccc(NC(=O)C(=O)O)cc2S1(=O)=O,MoleculeNet_HIV
hiv_27290,O=C(O)COCC(=O)N(CCOCCN(Cc1ccccc1)C(=O)COCC(=O)O)Cc1ccccc1,MoleculeNet_HIV
hiv_32597,CCCC(O)c1cn(C(NC(=O)c2ccccc2)P(=O)(OCC)OCC)nn1,MoleculeNet_HIV
hiv_34236,O=c1[nH]nc(-c2ccccc2)n1-n1cnnc1,MoleculeNet_HIV
hiv_2052,O=C(O)CN(CC(=O)O)CC(O)CN(CC(=O)O)CC(=O)O,MoleculeNet_HIV
hiv_18270,CC(=O)OC1CC2C(OC(=O)c3ccccc3)C3C4(OC(C)=O)COC4CC(OC(C)=O)C3(C)C(OC(C)=O)C(OC(C)=O)C(=C1C)C2(C)C,MoleculeNet_HIV
hiv_13160,CCOC(=O)C1CCn2c(nc3c2c(=O)n(C)c(=O)n3C)S1,MoleculeNet_HIV
hiv_21798,O=C1COc2cc3c(cc2N1)SCC(=O)N3,MoleculeNet_HIV
hiv_27371,CN(C1=NCCO1)c1cccc2c1CCCC2,MoleculeNet_HIV
hiv_30380,CCOC(=O)CC(=O)CSc1c(-c2ccccc2)c(=O)n(-c2ccccc2)c(=S)n1-c1ccccc1,MoleculeNet_HIV
hiv_6193,Nc1ncnc2[nH]c(C3OC(CO)C(O)C3O)nc12,MoleculeNet_HIV
hiv_19185,Cc1ccccc1C1=CC(=C(SSC(C(=O)c2ccc(OCC(=O)O)c(Cl)c2Cl)=C2C=C(c3ccccc3C)SS2)C(=O)c2ccc(OCC(=O)O)c(Cl)c2Cl)SS1,MoleculeNet_HIV
hiv_316,CC(=O)c1c(O)c(C)c(O)c2c1OC1=CC(=O)C(C(C)=O)C(=O)C12C,MoleculeNet_HIV
hiv_36984,COc1cc2oc(=O)cc(C)c2c(OC)c1O,MoleculeNet_HIV
hiv_39180,O=C(CCCCC1CCSS1)N(C(=O)NC1CCCCC1)C1CCCCC1,MoleculeNet_HIV
hiv_25254,Cc1ccc(Nc2nc(C)c(C(=O)CC(=O)C(=O)Nc3ccc(Cl)cc3)s2)cc1,MoleculeNet_HIV
hiv_29458,COC(=O)C1CCOC(C)N1C(=O)OC(C)(C)C,MoleculeNet_HIV
hiv_15809,c1c2c(cc(-n3nnc4c3CCCCCC4)c1-n1nnc3c1CCCCCC3)CCCCCC2,MoleculeNet_HIV
hiv_3517,CCCCSc1nc2c(O)nnc(O)c2n1Cc1ccccc1,MoleculeNet_HIV
hiv_1717,CC12CCC(c3no[n+]([O-])c31)C2(C)C,MoleculeNet_HIV
hiv_30053,CC1(C)N=c2c(ncn2CCCO)=C(C(N)=O)N1,MoleculeNet_HIV
hiv_24997,Cn1c(-c2cccs2)cc(-c2ccsc2)c1-c1cccs1,MoleculeNet_HIV
hiv_13168,CC1=CC2c3c([nH]c4ccccc34)C(c3c[nH]c4ccccc34)C2CC1,MoleculeNet_HIV
hiv_9048,COc1ccc(-n2c(CSc3ccc(Cl)cc3)n[nH]c2=S)cc1,MoleculeNet_HIV
hiv_36328,COc1ccc(C(=O)CC(c2ccccc2)C2C(c3ccc(OC)cc3)=Nc3c(nc(SC)n(C)c3=O)NC2c2ccccc2)cc1,MoleculeNet_HIV
hiv_5124,O=C(Nc1ccc(S(=O)(=O)Nc2ccc(N=Nc3ccccc3)cc2)cc1)C(Sc1ncnc2[nH]cnc12)Sc1ncnc2[nH]cnc12,MoleculeNet_HIV
hiv_37564,O=C(CN1CCOCC1)c1ccc2c(c1)oc(=O)n2CCN1CCCCC1,MoleculeNet_HIV
hiv_2174,NC(=O)c1cc(C=Cc2ccccc2)on1,MoleculeNet_HIV
hiv_32081,Oc1nnnc2c1sc1ncccc12,MoleculeNet_HIV
hiv_5872,N#CC(=Cc1ccc(-c2ccccc2)cc1)c1ccc(Cl)cc1,MoleculeNet_HIV
hiv_26795,CC(C)CCCC(C)C1CCC2C3CCC4CC(O)(C(c5cc(Cl)c(O)c(C(=O)O)c5)c5cc(Cl)c(O)c(C(=O)O)c5)CCC4(C)C3CCC12C.N,MoleculeNet_HIV
hiv_4202,Cc1cnc2c(Nc3ccc(Cl)cc3)cc(N)nc2n1,MoleculeNet_HIV
davis_51004351,COC1C(N(C)C(=O)c2ccccc2)CC2OC1(C)n1c3ccccc3c3c4c(c5c6ccccc6n2c5c31)C(=O)NC4,DAVIS_spike_in
hiv_17721,O=c1c(=Cc2ccc3c(c2)OCO3)sc2nnc(Cc3ccccc3)n12,MoleculeNet_HIV
hiv_8692,CCN(CC)C1=Nc2ccccc2N(c2ccccc2)C(=S)C1,MoleculeNet_HIV
hiv_27288,COc1c2occc2c(OC)c2c(=O)c(S(=O)(=O)NC(=O)Nc3ccc(Cl)cc3)coc12,MoleculeNet_HIV
hiv_34143,O=c1cc(N=P(c2ccccc2)(c2ccccc2)c2ccccc2)n(-c2ccccc2)c(=O)n1-c1ccccc1,MoleculeNet_HIV
hiv_9134,Cc1ccc(S(=O)(=O)O)cc1.N=C(NO)NN=Cc1ccc(Cl)c([N+](=O)[O-])c1,MoleculeNet_HIV
hiv_2826,COc1cccc2c(=O)c3c(n(C)c12)OC(C(C)C)C3,MoleculeNet_HIV
hiv_13974,OC(CCNC12CC3CC(CC(C3)C1)C2)c1ccccc1,MoleculeNet_HIV
hiv_28829,CC1(C)CCOC(=O)C(Cl)CC1Cl,MoleculeNet_HIV
hiv_8487,N=C(N)NS(=O)(=O)c1ccc(NCc2c3ccccc3nc3ccccc23)cc1,MoleculeNet_HIV
hiv_8420,O=c1n(-c2ccccc2)c(=O)n2n1C1CC3c4ccccc4C1C32,MoleculeNet_HIV
hiv_40974,COc1c(Cl)cc(Cc2cc(C(=CCCC3CCC4(C)C(CCC5C4CCC4(C)C(C(C)CCCC(C)C)CCC54)C3)c3cc(Cc4cc(Cl)c(OC)c(C(=O)O)c4)c(OC)c(C(=O)O)c3)cc(C(=O)O)c2OC)cc1C(=O)O.[NaH],MoleculeNet_HIV
hiv_4086,CCn1cc(C(=O)O)c(=O)c2cc3c(cc21)OCO3,MoleculeNet_HIV
hiv_28613,Cc1cc(S(=O)(=O)Nc2nc(Nc3ccc4ccccc4c3)n[nH]2)c(S)cc1Cl,MoleculeNet_HIV
hiv_22194,O=C(O)C(CO)NC(=O)n1c2ccccc2c2ccccc21,MoleculeNet_HIV
hiv_4097,c1ccc([PH](CC2CCCO2)(c2ccccc2)c2ccccc2)cc1,MoleculeNet_HIV
hiv_5923,C[S+](C)CCS(=O)(=O)O,MoleculeNet_HIV
hiv_4282,O=c1[nH]c2ncsc2c(=O)n1O,MoleculeNet_HIV
hiv_29924,CC1(C)COC(c2cccc(C(=O)c3ccccc3)c2)=N1,MoleculeNet_HIV
hiv_7062,CS(=O)(=O)OCCN(CCOS(C)(=O)=O)c1ccc(C=Nc2ccc(-c3csc(COc4ccccc4)n3)cc2)cc1,MoleculeNet_HIV
davis_3025986,CC(C)(C)c1cnc(CSc2cnc(NC(=O)C3CCNCC3)s2)o1,DAVIS_spike_in
hiv_32582,C[PH](C)(C)[Fe-3](C#[O+])(C#[O+])(C#[O+])[PH](C)(C)C,MoleculeNet_HIV
hiv_28210,CC1(C)CC(=O)C2=C(C1)NC(SSC1=C(C#N)C(c3ccccc3)C3=C(CC(C)(C)CC3=O)N1)=C(C#N)C2c1ccccc1,MoleculeNet_HIV
hiv_27367,COC(=O)CC[N+]1([O-])CC1,MoleculeNet_HIV
hiv_34006,COC(O)C12OC3CO[Si](C(C)C)(C(C)C)O[Si](C(C)C)(C(C)C)OC3C1Oc1nc(=O)ccn12,MoleculeNet_HIV
hiv_25513,CC(C)C(=O)Oc1cc2c(=O)oc3c(OC(=O)C(C)C)c(OC(=O)C(C)C)cc4c(=O)oc(c1OC(=O)C(C)C)c2c34,MoleculeNet_HIV
hiv_27450,CCN(CC)CC1CCCCN1CC(=O)N1c2ccccc2C(=O)Nc2cccnc21,MoleculeNet_HIV
hiv_10921,CC12CCC3C(CCC4CC(OC(=O)Cc5ccc(N(CCCl)CCCl)cc5)CCC43C)C1CCC(=O)N2,MoleculeNet_HIV
davis_644241,Cc1cn(-c2cc(NC(=O)c3ccc(C)c(Nc4nccc(-c5cccnc5)n4)c3)cc(C(F)(F)F)c2)cn1,DAVIS_spike_in
hiv_29930,COP(=O)(OC)C(C)(C)NC(=O)NC(F)(F)F,MoleculeNet_HIV
hiv_37453,Cc1ccc(N=Nc2c(=N)[nH]n3cc4c(nc23)CCCCC4)cc1,MoleculeNet_HIV
hiv_32506,CCOP(=O)(OCC)C(c1ccc(F)cc1)N(C(=O)NC(F)(F)F)c1ccc(F)cc1,MoleculeNet_HIV
hiv_31621,CCN(CC)c1nc(=O)c(C(=O)C(C)(C)C)c(C(C)(C)C)o1,MoleculeNet_HIV
hiv_25877,Cc1noc(NS(=O)(=O)c2ccc(Nc3nc(CC(=O)Nc4ccccc4)cs3)cc2)c1C,MoleculeNet_HIV
hiv_37925,Cc1cc(-c2ccccc2)oc(=O)c1NC(=O)c1cnccn1,MoleculeNet_HIV
hiv_5646,C=CCN1c2ccccc2Sc2cnccc21.O=C(O)C=CC(=O)O,MoleculeNet_HIV
hiv_17039,Cc1cc(O)nc(CNC(=O)Cc2ccccc2)n1,MoleculeNet_HIV
hiv_18145,CCC12CCC3CCCCC3(OO1)C(OC)O2,MoleculeNet_HIV
hiv_23974,CN(C)c1ccc(S(=O)c2ccc(N(C)C)cc2)cc1,MoleculeNet_HIV
hiv_23105,O=C(O)c1n[nH]c(O)c1N=Nc1ccc(C=Cc2ccc(N=Nc3c(C(=O)O)n[nH]c3O)cc2S(=O)(=O)O)c(S(=O)(=O)O)c1.[NaH],MoleculeNet_HIV
hiv_32656,COC(=O)c1ccc(C)cc1CC1Cc2ccc(C)cc2C1=O,MoleculeNet_HIV
hiv_21287,Cc1ccc(S(=O)(=O)NN=c2c(C)c(C3=Nc4cc(Cl)c(S(N)(=O)=O)cc4S(=O)(O)=N3)oc3c(Cl)cc(Cl)cc23)cc1,MoleculeNet_HIV
hiv_19735,CCOC(=O)c1nc2ccc([N+](=O)[O-])cc2c2c1CCO2,MoleculeNet_HIV
hiv_21796,Cc1cc2oc(-c3ccccc3)c(C)c(=O)c2c2c1OC(C)(C)S2,MoleculeNet_HIV
hiv_11243,COC(=O)C1=NC(=S)NC(c2ccccc2)C1c1nc2ccccc2s1,MoleculeNet_HIV
hiv_36718,Cc1nc2ccc(S(=O)(=O)Nc3ccc(Cl)cc3)cc2c(=O)n1NC(=O)CNc1ccc(Cl)cc1,MoleculeNet_HIV
hiv_7325,CC(=O)OC1CC2CCC3C(CCC4(C)C3CC([N+]3(C)CCCCC3)C4OC(C)=O)C2(C)CC1[N+]1(C)CCCCC1,MoleculeNet_HIV
hiv_20743,Clc1ccc(SCCCCCCCCCCSc2ccc(Cl)cc2)cc1,MoleculeNet_HIV
hiv_33100,Nn1c(-c2ccccc2)nn(C(=O)c2ccccc2)c1=O,MoleculeNet_HIV
hiv_6921,COC(C(=O)C(O)C(C)O)C1Cc2cc3cc(OC4CC(OC5CC(O)C(O)C(C)O5)C(O)C(C)O4)c(C)c(O)c3c(O)c2C(=O)C1OC1CC(OC2CC(OC3CC(O)C(OC)C(C)O3)C(O)C(C)O2)C(O)C(C)O1,MoleculeNet_HIV
hiv_21355,COc1cc(O)c2c(c1)cc(O)c1c(=O)cc(C)oc12,MoleculeNet_HIV
hiv_27627,CCCOC(C(=O)OC1CCC2CCC1N2C)(c1ccccc1)c1ccccc1,MoleculeNet_HIV
hiv_15320,CC1(C)CC(N(C(=O)C=Cc2ccc([N+](=O)[O-])o2)C2CCCCC2)CC(C)(C)N1,MoleculeNet_HIV
hiv_15834,O=S1(=O)[OH+][Zn-4]2(O)(O)([O+]=C3N=CNc4ncn2c43)[OH+]1,MoleculeNet_HIV
hiv_31033,O=C1Cc2c([nH]c3ccc(Cl)cc23)-c2ccccc2N1,MoleculeNet_HIV
davis_10074640,Cc1ccc(NC(=O)c2ccc(CN3CCN(C)CC3)cc2)cc1Nc1nc(-c2cccnc2)cs1,DAVIS_spike_in
hiv_32490,O=P(c1ccccc1)(c1ccccc1)C(NCc1ccccc1)c1ccc(F)cc1,MoleculeNet_HIV
hiv_3268,O=C(CC(c1ccc2c(c1)OCO2)N1CCN(C(CC(=O)c2ccc(Br)cc2)c2ccc3c(c2)OCO3)CC1)c1ccc(Br)cc1,MoleculeNet_HIV
hiv_19395,CC1(C)C(=O)C(C)(C)C1=NNC(N)=S,MoleculeNet_HIV
hiv_7793,COC(=O)Nc1nc2cc(C(=O)c3ccc(F)cc3)ccc2[nH]1,MoleculeNet_HIV
hiv_23189,Cl.Cn1cnc(CCc2ccccc2)n1,MoleculeNet_HIV
hiv_2578,O=S(=O)(O)CCCCO,MoleculeNet_HIV
hiv_8982,COc1ccccc1N=NC1=C2Nc3ccccc3N=C1N(c1ccccn1)C(=S)N2c1ccccc1C,MoleculeNet_HIV
hiv_34879,Cc1ccc(S(=O)(=O)NC(CCC(=O)NNc2ccccc2)C(=O)NNc2ccccc2)cc1,MoleculeNet_HIV
hiv_1623,CCN1OC(C)(C)C2CCC(C)CC21,MoleculeNet_HIV
hiv_27806,O=C1C(=Cc2cccc3ccccc23)CCc2ccc([N+](=O)[O-])cc21,MoleculeNet_HIV
hiv_5145,COC(=O)C1(C)CCCC2(C)C1CCC1(O)C(O)C(C(C)C)=CCC21,MoleculeNet_HIV
hiv_22764,Cc1ccc(S(=O)(=O)N2CCCSCCSCCCSCC2)cc1,MoleculeNet_HIV
hiv_26231,O=C(C(=Cn1c(=O)cc[nH]c1=S)C(=O)c1ccccc1)c1ccccc1,MoleculeNet_HIV
hiv_28578,COC1(OC)CCCCCCCCC(OC)(OC)CCCCCCCC1,MoleculeNet_HIV
hiv_14124,COc1cccc(C(C#N)NC23CC4CC(CC(C4)C2)C3)c1,MoleculeNet_HIV
hiv_23516,O=C1CCC(c2ccc(Cl)cc2)=NN1c1nsc2ccccc12,MoleculeNet_HIV
hiv_5085,COC1C=COC2(C)Oc3c(C)c(O)c4c(O)c(c(C=NNc5ccc([N+](=O)[O-])cc5[N+](=O)[O-])c(O)c4c3C2=O)NC(=O)C(C)=CC=CC(C)C(O)C(C)C(O)C(C)C(OC(C)=O)C1C,MoleculeNet_HIV
hiv_3954,CC1(C)C=CC2=C(O1)C(=O)c1ccccc1C2=O,MoleculeNet_HIV
hiv_31061,NC(=O)CNC(=O)C1CCCN1C(=O)C1CCCCNOC(=O)CCC(NC(=O)OCC2c3ccccc3-c3ccccc32)C(=O)NC(Cc2c[nH]c3ccccc23)C(=O)N1,MoleculeNet_HIV
hiv_26106,Cc1ccc(NC(=S)NC=C(C(=O)c2ccccc2)C(=O)c2ccccc2)c(C)c1,MoleculeNet_HIV
hiv_39815,CCn1nc2c3c(ncn3C(C)(C)O2)c1=O,MoleculeNet_HIV
hiv_40307,CCOP(=O)(OCC)C(Nc1ccc(C(=O)O)cc1)c1ccc(C(Nc2ccc(C(=O)O)cc2)P(=O)(OCC)OCC)cc1,MoleculeNet_HIV
hiv_37252,CC(CCC1=NCCN1)C1CCC2C3CCC4CC(O)CCC4(C)C3CCC12C,MoleculeNet_HIV
hiv_36440,[O-][N+]1=[N+]([O-])C(c2ccccc2)C1c1ccccc1,MoleculeNet_HIV
hiv_10580,CSc1nc(=N)n(C(=O)c2ccccc2Br)[nH]1,MoleculeNet_HIV
hiv_16536,c1ccc(P(CCP(CCP(c2ccccc2)c2ccccc2)c2ccccc2)CCP(c2ccccc2)c2ccccc2)cc1,MoleculeNet_HIV
hiv_32684,COC(=O)c1cc2c(c3c1CC(Cc1ccccc1)C3=O)CCC2,MoleculeNet_HIV
hiv_866,Cc1ccnc(NC(=S)Nc2cc(C)ccn2)c1,MoleculeNet_HIV
hiv_35251,CC(NC(=O)CNC(=O)CCCCCC(=O)NCC(=O)NC(C)C(=O)OCc1ccccc1)C(=O)OCc1ccccc1,MoleculeNet_HIV
hiv_30183,CC(=O)c1c2c(cc3c1CC1(Cc4cc5c(cc4C1)C(=O)CCC5)C3)CCCC2,MoleculeNet_HIV
hiv_40429,CC(C)OC(=O)C=CC(=O)OC=C[N+](=O)[O-],MoleculeNet_HIV
hiv_374,[O-][N+]1=c2c([nH]c3ccccc23)=[O+][Cu-3]12[O+]=c1[nH]c3ccccc3c1=[N+]2[O-],MoleculeNet_HIV
hiv_16028,C=C(CCCC(C)OCOCCOC)[Si](C)(C)C,MoleculeNet_HIV
hiv_20994,CCN1CCN(c2ccc(Nc3ccnc4ccc5nn(C)nc5c34)cc2)CC1,MoleculeNet_HIV
hiv_19217,CCCCN(CC)C(=O)C(=O)C1C(=O)Nc2ccccc2S1=O,MoleculeNet_HIV
hiv_28559,CC1(C)OP(=O)(c2ccccc2)C=C1Br,MoleculeNet_HIV
hiv_3938,CCCC1C2C(=O)N(c3ccccc3)C(=O)C2ON1c1ccccc1,MoleculeNet_HIV
hiv_34098,CCOC(=O)c1nc2ccc(C(F)(F)F)cc2nc1NCc1cc(OC)c(OC)c(OC)c1,MoleculeNet_HIV
hiv_15576,O=CC1=CC2=Cc3ccccc3C=C(C=C(C=O)C1)C2,MoleculeNet_HIV
hiv_36257,Cc1cc(=NNC(=O)c2ccncc2)n2[nH]c(=N)sc2n1,MoleculeNet_HIV
hiv_4845,COc1cc2c(cc1OC)C(CC1=C(c3ccccc3)CN3CCc4cc(OC)c(OC)cc4C3C1)NCC2,MoleculeNet_HIV
hiv_17149,CC1=[N+]2c3ccccc3C(=O)[OH+][Ni-2]2(O)[OH+]c2ccc3c(C)cc(=O)oc3c21,MoleculeNet_HIV
hiv_7155,O=C1NC(=O)C2C3C=CC(C12)C1C2C(=O)NC(=O)C2C31,MoleculeNet_HIV
hiv_10036,ClCc1ccc2ccc3ccc(CCl)nc3c2n1,MoleculeNet_HIV
hiv_6912,CCN(Cc1ccccc1)c1ccc(C=Cc2nccc3ccccc23)cc1,MoleculeNet_HIV
hiv_28076,CNC(=O)N1CN(c2ccccc2)C2(CCN(Cc3ccccc3)CC2)C1=O,MoleculeNet_HIV
hiv_21485,CC(O)C1=CCC2c3[nH]c4ccccc4c3CCN2C1,MoleculeNet_HIV
hiv_18410,CC(=O)OCC1OC(n2c(=S)n(-c3ccc(C)cc3)c(=O)c3ccccc32)C(OC(C)=O)C(OC(C)=O)C1OC(C)=O,MoleculeNet_HIV
hiv_40466,O=C1CC2CC(CC3(CO3)C2)C1F,MoleculeNet_HIV
hiv_2650,NC(=S)NN=C(C1CC1)C1CC1,MoleculeNet_HIV
hiv_267,Cc1n[nH]c2c(N(C)C)ncnc12,MoleculeNet_HIV
hiv_12009,Cc1nc(=O)n2c(C)n[nH]c2c1C(=O)Nc1cc(Cl)cc(Cl)c1,MoleculeNet_HIV
hiv_34676,CCOc1cc2c(cc1O)C(=NN)CC1C2CCC2(C)C(O)CCC12,MoleculeNet_HIV
hiv_12240,CCCCCCCCCCCCCCCCOCC(CN(C)CCN(C)C)OCCCCCCCCCCCCCCCC,MoleculeNet_HIV
hiv_25435,C=CCNC(=S)NC=C(C#N)C(N)=O,MoleculeNet_HIV
hiv_30424,CCOC(=O)c1sc2c(c1OC(=O)c1ccco1)c(=O)n(-c1ccccc1)c(=S)n2-c1ccccc1,MoleculeNet_HIV
hiv_14486,N[Co-4](N)(N)(N)(N)[OH+][N+](=O)[O-].[O-][Cl+3]([O-])([O-])O,MoleculeNet_HIV
hiv_14625,NN=C1C(=O)N(Cc2ccccc2)C(=O)C1C(=O)NCc1ccccc1,MoleculeNet_HIV
hiv_39543,c1ccc(-c2nnc(CCCCCCCCc3nnc(-c4ccccc4)o3)o2)cc1,MoleculeNet_HIV
hiv_36126,COc1cccc(C2CC(=O)c3cccn32)c1,MoleculeNet_HIV
hiv_2213,Cc1c2ccccc2n[c-](CSc2nc3ccccc3s2)[n+]1=O,MoleculeNet_HIV
hiv_9647,O=C(O)CCCCCCCCCC(=O)O,MoleculeNet_HIV
hiv_7191,CC(C)(C)C1(C#N)C(=O)N(c2ccc(Cl)cc2)C12c1ccccc1-c1ccccc12,MoleculeNet_HIV
hiv_6965,CCOC(=O)C1(c2ccccc2)C(=O)Oc2ccccc21,MoleculeNet_HIV
hiv_13375,CN(C)c1ccc(N=C2C=CC(=C(C#N)C#N)c3ccccc32)cc1,MoleculeNet_HIV
hiv_35149,CC(=CC1CC(C2CCC34CC23C=CC2C3(C)CC=C5CC(c6ccccc6)OCC5(C)C3CC(O)C24C)C(=O)O1)CO,MoleculeNet_HIV
hiv_28603,ON=C1CCC2CC3(Cc4ccccc4)CC1C2(N1CCOCC1)CC3=NO,MoleculeNet_HIV
hiv_2157,C(=Nc1ccc(C2=NCCN2)cc1)c1ccc(C=Nc2ccc(C3=NCCN3)cc2)cc1,MoleculeNet_HIV
hiv_3000,CC(=O)OC1(C(C)=O)CCC2C3C=C(Cl)C4=CC(=O)C5CC5C4(C)C3CCC21C,MoleculeNet_HIV
hiv_2758,O=C(Nc1ccc(N=Nc2ccc(O)c(C(=O)O)c2)cc1)Nc1ccc(N=Nc2ccc(O)c(C(=O)O)c2)cc1,MoleculeNet_HIV
hiv_2937,Nc1ccc(C=Cc2ccc3ncccc3c2)cc1,MoleculeNet_HIV
hiv_33381,Br[Sn]12c3ccccc3CN(Cc3ccccc31)Cc1ccccc12,MoleculeNet_HIV
hiv_15415,NNC(=O)C(NC(=O)c1ccccc1)=C(N)c1ccc(Cl)cc1,MoleculeNet_HIV
hiv_15482,Cc1cc(C)nc(NS(=O)(=O)c2ccc(Nc3c4ccc(Cl)cc4nc4c(C(=O)Nc5ccc(S(=O)(=O)NC(=N)N)cc5)cccc34)cc2)n1,MoleculeNet_HIV
hiv_22792,O=C(CSc1nc(-c2ccccc2)c(-c2ccccc2)[nH]1)NN=Cc1ccc(O)cc1,MoleculeNet_HIV
hiv_9116,CC(=O)OCC1OC(OC(C)=O)C(On2nnc3c(-c4ccccc4)c(C)nn32)C(OC(C)=O)C1OC(C)=O,MoleculeNet_HIV
hiv_40748,CC1OC(OC2C(O)COC(OC3C(C)OC(OC4C(OC(=O)C56CCC(C)(C)CC5C5=CCC7C8(C)CC(O)C(OC9OC(CO)C(O)C(OC%10OC(CO)C(O)C(O)C%10O)C9O)C(C)(CO)C8CCC7(C)C5(C)CC6)OCC(O)C4O)C(O)C3O)C2O)C(O)C(O)C1O,MoleculeNet_HIV
hiv_22239,CC(=O)Oc1cc(OC(C)=O)c(CC=C(C)C)c(-c2cc3ccc(OC(C)=O)c(CC=C(C)CCC=C(C)C)c3o2)c1,MoleculeNet_HIV
hiv_31253,CC(C)c1c(P(=O)(c2ccccc2)c2ccccc2)n(C)c2ccccc12,MoleculeNet_HIV
hiv_4287,Clc1ccc(C2ON2C2CCCCC2)cc1,MoleculeNet_HIV
hiv_5201,O=C1c2ccccc2C(=O)c2sccc21,MoleculeNet_HIV
hiv_27575,O=C(O)c1c(O)ccc(O)c1C(=O)Nc1ccc(C=Cc2ccc(NC(=O)c3c(O)ccc(O)c3C(=O)O)cc2S(=O)(=O)O)c(S(=O)(=O)O)c1.[NaH],MoleculeNet_HIV
davis_176155,CS(=O)c1ccc(-c2nc(-c3ccc(F)cc3)c(-c3ccncc3)[nH]2)cc1,DAVIS_spike_in
hiv_39581,COc1ccc(C2(CC(C)C)CCN(S(=O)(=O)c3ccc(C)cc3)C2)cc1OC,MoleculeNet_HIV
hiv_16947,CC(=O)c1ccc2c3ccccc3c3cccc4sc1c2c43,MoleculeNet_HIV
hiv_7154,CCCCCCCCCCCCCCCCCCOCC(O)CO,MoleculeNet_HIV
hiv_19124,CC(C)Cc1cccc(C(C)C)c1NC(=O)CCC(=O)NN=C1C(=NNC(=O)CCC(=O)Nc2c(C(C)C)cccc2C(C)C)C(c2ccc3c(c2)OCO3)Oc2ccccc21,MoleculeNet_HIV
hiv_18387,CC1(C)C2CCC13CS(=O)(=O)N(C(=O)C1CC=CCC1)C3C2,MoleculeNet_HIV
hiv_3141,CCC1SC(C)C(=O)NC1=O,MoleculeNet_HIV
hiv_17944,CC1OC(n2ncc(=O)[nH]c2=O)C=CC1=O,MoleculeNet_HIV
hiv_10984,Nc1ccccc1C(=O)CCc1ccccc1C(=O)O,MoleculeNet_HIV
hiv_28653,CC1CCC2(C)C3(C)CCC2(OC3=O)C12CC(c1ccoc1)OC2=O,MoleculeNet_HIV
hiv_8388,CCCS(=N)(=O)CCC(N)C(=O)O,MoleculeNet_HIV
hiv_12435,NC(=O)C1C(=O)Oc2cccnc21,MoleculeNet_HIV
hiv_3725,CN(C)c1ccc(C=CC=C2C=Cc3ccccc32)cc1,MoleculeNet_HIV
hiv_38033,CCSC1=NC(=Cc2ccco2)C(NN)=N1,MoleculeNet_HIV
hiv_29444,COC(=O)C(CC(C)C)NC(=O)CNC(=O)C(Cc1ccc(OCc2ccccc2)cc1)NC(=O)C(COCc1ccccc1)NC(=O)OC(C)(C)C,MoleculeNet_HIV
hiv_11751,CC(=O)NC(=Cc1cccc([N+](=O)[O-])c1)c1nc2ccc3c(c2[nH]1)C(=O)c1ccccc1C3=O,MoleculeNet_HIV
hiv_38050,O=C(NNCc1ccccc1O)c1ccccc1O,MoleculeNet_HIV
hiv_19764,COC1(c2ccccc2)OC2OCCC2C1c1ccc(Cl)cc1,MoleculeNet_HIV
hiv_28882,CC1Cc2c(-c3ccc(O)c4ccccc34)c(O)cc(O)c2C(C)N1,MoleculeNet_HIV
hiv_13596,O=C(c1ccccc1)C(C(=O)c1ccccc1)C1(O)C(=O)c2ccccc2C1=O,MoleculeNet_HIV
hiv_25715,CC(NC(=O)N(C)C)NC(=O)N(C)C,MoleculeNet_HIV
hiv_30434,C=CCP(=O)(CC=C)C(Cl)Cl,MoleculeNet_HIV
hiv_19052,CCCc1ccc(OC2OC(CO)C(O)C(O)C2O)cc1,MoleculeNet_HIV
hiv_38086,CSc1c(C(=O)Nc2ccc(Cl)cc2)c(=N)[nH]n1-c1ccccc1,MoleculeNet_HIV
hiv_11715,COc1ccc(C2C3=C4[OH+][Ge]5([O+]=C4C=C(C(C)C)C=C3)[O+]=C3C=C(C(C)C)C=CC2=C3[OH+]5)cc1,MoleculeNet_HIV
hiv_34033,Nc1ncnc2c1ncc(=O)n2C1CC(O)C(CO)O1,MoleculeNet_HIV
hiv_36938,Cc1sc2nc3n(c(=O)c2c1C)N=CN(c1ccc(F)cc1)C3,MoleculeNet_HIV
hiv_18674,COc1cc(C=CC(=NNC(=O)c2ccccc2)c2sc(Nc3ccc(Cl)c(Cl)c3)nc2C)ccc1O,MoleculeNet_HIV
hiv_18532,CSCC1CC(c2ccc(Cl)cc2)=NO1,MoleculeNet_HIV
hiv_30070,O=C1CCCc2cc3c(cc21)CC1(C3)Cc2ccc3c(c2C1)C(=O)CCC3,MoleculeNet_HIV
hiv_6119,CSc1nc2c(n1-c1ccccc1)C(=O)C(OS(=O)(=O)c1ccccc1)C(=O)N2,MoleculeNet_HIV
hiv_16332,Cc1nc2n(C)c3ncn(Cc4ccccc4)c3c(=O)n2c1C=CC(C)C,MoleculeNet_HIV
hiv_15755,Cn1c2c(c3ccccc31)CCN(CCCCN1CCN(c3cccc(Cl)c3)CC1)C2=O,MoleculeNet_HIV
hiv_8394,NC(CSCCCS(=O)(=O)O)C(=O)O,MoleculeNet_HIV
hiv_2680,CC(CNNC(=N)N)NNC(=N)N.O=S(=O)(O)O,MoleculeNet_HIV
hiv_343,S=C1SCCS1,MoleculeNet_HIV
hiv_37335,CCc1c(CNC2=NCCN2)c(CC)c(CNC2=NCCN2)c(CC)c1CNC1=NCCN1.Cl,MoleculeNet_HIV
hiv_22429,CCCCCC(C=CC1C2CC(=O)OC2CC1N1CCOCC1)OC1CCCO1,MoleculeNet_HIV
hiv_29236,O=c1cc(-c2ccccc2)oc2ccc(-c3ccc4oc(-c5ccccc5)cc(=O)c4c3)cc12,MoleculeNet_HIV
hiv_27724,CC1C2=C(CC(C)(C)CC2=O)NC2=C1C(=O)CC(C)(C)C2,MoleculeNet_HIV
hiv_28715,COc1ccc(-c2c3c(nc4nc(SCCc5ccccc5)nc(N)c24)CCCC3)cc1OC,MoleculeNet_HIV
hiv_9701,CC1(Nc2ccccc2)OC(=O)c2ccccc21,MoleculeNet_HIV
hiv_17202,O=C1C(=Cc2ccc(Cl)cc2)C(=O)c2ccccc21,MoleculeNet_HIV
hiv_16315,CCON=[N+]([O-])N(CC)CC,MoleculeNet_HIV
hiv_4984,CC(C)N=c1cc2n(-c3ccc(Cl)cc3)c3ccccc3nc-2cc1Nc1ccc(Cl)cc1,MoleculeNet_HIV
hiv_31769,COc1ccc(C2=Nc3cc(C)c(C)cc3NC(c3ccccc3)C2)cc1,MoleculeNet_HIV
hiv_24637,CC1C(=NO)CC(c2ccccc2)N(N=O)C1c1ccccc1,MoleculeNet_HIV
hiv_5570,COc1cccc2c1C(=O)c1c(O)c3c(c(O)c1C2=O)CC(O)(C(C)=NNC(=O)c1ccccc1)CC3OC1CC(N)C(O)C(C)O1,MoleculeNet_HIV
hiv_19042,OC1C(CBr)OC(OCC(COCc2ccccc2)OCc2ccccc2)C(O)C1O,MoleculeNet_HIV
hiv_12558,Cc1ccccc1C(C#N)C(=NNC(=O)C(=O)NN)C(=O)Nc1cccc(C(F)(F)F)c1,MoleculeNet_HIV
hiv_29230,O=C(Cn1c2c(c3ccccc31)CCCC2)NC1CCCCC1,MoleculeNet_HIV
hiv_39973,C#CC(O)C=CC(O)CCCC(O)CC#CC(O)C#CC(O)CCCC(O)C=CCCCCCC(=O)CCCCCCCCCCCCCC(O)C(O)C#CC(=O)O,MoleculeNet_HIV
hiv_9648,O=C(O)CCCCCCCCCCC(=O)O,MoleculeNet_HIV
hiv_28551,CCOC(=O)c1ccc(NCc2ccc3nc(OC)c(OC)nc3c2)cc1,MoleculeNet_HIV
hiv_13166,c1ccc(CN(Cc2ccccn2)Cc2ccccn2)cc1,MoleculeNet_HIV
hiv_32716,Cc1noc(NS(=O)(=O)c2ccc(NC(=O)c3ccc4[nH]c5ccccc5c(=O)c4c3)cc2)c1C,MoleculeNet_HIV
hiv_12184,CC(=O)N1c2ccccc2N(C(C)=O)C1c1ccc(C2N(C(C)=O)c3ccccc3N2C(C)=O)[nH]1,MoleculeNet_HIV
hiv_37294,COC(=O)C1C(C(=O)OC)C2(OC(c3ccc(Cl)cc3)=CC2=O)C12OC(c1ccc(Cl)cc1)=CC2=O,MoleculeNet_HIV
hiv_40569,O=C(CC(C(=O)c1ccco1)c1ccsc1)c1ccco1,MoleculeNet_HIV
hiv_28887,CCOC(=O)C=C(N=P(c1ccccc1)(c1ccccc1)c1ccccc1)C(F)(F)F,MoleculeNet_HIV
hiv_25361,Cc1cc(CO)c(O)c(C(=O)CC2CC(=O)NC(=O)C2)c1,MoleculeNet_HIV
hiv_22162,CCOC(=O)C(C)(C)Oc1ccc2c(C)c(-c3ccc(Cl)cc3)c(=O)oc2c1,MoleculeNet_HIV
hiv_36946,CC1NC(=O)c2c(-c3ccccc3)nn(-c3ccccc3)c2NC1=O,MoleculeNet_HIV
hiv_35273,Cc1ccc(C=NNc2cc(C)c3ccccc3n2)s1,MoleculeNet_HIV
hiv_14518,N[Co-4](N)(N)(N)([OH+]C(=O)C(Cl)Cl)[OH+]C(=O)C(Cl)Cl.[O-][Cl+3]([O-])([O-])O,MoleculeNet_HIV
hiv_25768,CC(CC(O)(C(F)(F)F)C(F)(F)F)=NO,MoleculeNet_HIV
hiv_31339,COc1ccc(SCc2cc(OCc3ccccc3)c(OCc3ccccc3)c(OCc3ccccc3)c2)cc1,MoleculeNet_HIV
hiv_8658,CCOC(=O)N1N=C(c2ccccc2)OC2(N3CCCC3)CCC(C(C)(C)C)CC12,MoleculeNet_HIV
hiv_22975,NC(=O)c1ncn(C2OC(CO)C(O)C2O)c1NC(=S)NC(=O)c1ccccc1,MoleculeNet_HIV
hiv_36411,CC=C1CC2C(=O)CCC2C2c3ccccc3OC12,MoleculeNet_HIV
hiv_35477,CS(=O)(=O)N1CC(CCl)c2ccc(SSc3ccc4c(c3)N(S(C)(=O)=O)CC4CCl)cc21,MoleculeNet_HIV
hiv_9571,COc1cc2c(cc1-c1coc3cc(O)ccc3c1=O)OCO2,MoleculeNet_HIV
hiv_10410,CC1(C)COC2(C)ON12,MoleculeNet_HIV
hiv_24934,NC(=S)NNC1=NC(=O)C(=Cc2ccc3c(c2)OCO3)S1,MoleculeNet_HIV
hiv_5436,CCOC(=O)c1ccc(N2C(=O)c3cccc4cccc(c34)C2=O)c([N+](=O)[O-])c1,MoleculeNet_HIV
hiv_9073,Cc1ccc(C2(c3ccccc3)OC3OC=CC32)cc1,MoleculeNet_HIV
hiv_34600,Clc1ccc(CNc2nc(Cl)c3nc[nH]c3n2)cc1Cl,MoleculeNet_HIV
hiv_30891,CCCCCOP(=O)(OCCCCC)C(NC(C)=O)(C(=O)OCC)C(F)(F)F,MoleculeNet_HIV
hiv_6215,O=C(CC1(O)C(=O)Nc2ccc(Br)cc21)c1ccc2c(c1)OCO2,MoleculeNet_HIV
hiv_7336,O=C1OCCOCCOCCOC(=O)c2ccccc2SSc2ccccc21,MoleculeNet_HIV
hiv_32098,N#CC(C(=S)NCc1ccccc1)=C(N)N1CCCC1,MoleculeNet_HIV
hiv_13991,COc1cc(OC)c(C2=NOC(n3c4ccccc4c4ccccc43)C2)c(OC)c1,MoleculeNet_HIV
hiv_4519,C=C(C)C(=O)OC1CC23OC2CCC(=CC2OC(=O)C(=C)C21)COC3O,MoleculeNet_HIV
hiv_26520,CN(C)NC1=NS(=O)(=O)c2cc3c(cc2S1)N(N(C)C)C(=O)c1cc2c(cc1N(N(C)C)C3=O)SC(NN(C)C)=NS2(=O)=O,MoleculeNet_HIV
hiv_34740,O=C1CC2(CCC(O)(c3ccccc3)C(C(=O)c3ccccc3)C2)C(=O)c2ccccc2N1,MoleculeNet_HIV
hiv_28455,COP(=O)(Cc1ccccc1)Cc1ccccc1,MoleculeNet_HIV
hiv_19487,COC(=O)C(Cc1nc2ccccc2nc1O)C(=O)C(=O)Nc1ccc([N+](=O)[O-])cc1[N+](=O)[O-],MoleculeNet_HIV
hiv_32199,CC(C=NN(C)C1=NCCCN1)=NN(C)C1=NCCCN1.I,MoleculeNet_HIV
davis_25127112,N#CCC(C1CCCC1)n1cc(-c2ncnc3[nH]ccc23)cn1.O=P(O)(O)O,DAVIS_spike_in
hiv_41083,Cc1cn(COCCCS(=O)c2ccccc2)c(=O)[nH]c1=O,MoleculeNet_HIV
hiv_23841,COc1ccccc1C(=O)O[Sn](c1ccccc1)(c1ccccc1)c1ccccc1,MoleculeNet_HIV
hiv_22707,COC(=O)C1=C(C(=O)OC)SC(=CC#CC=C2SC(C(=O)OC)=C(C(=O)OC)S2)S1,MoleculeNet_HIV
hiv_19391,O=[N+]([O-])c1c(C=Nc2ccccc2)oc(-c2ccc3c(c2)OCO3)c1-c1ccc2c(c1)OCO2,MoleculeNet_HIV
hiv_4036,Cn1c(=O)cc(CNc2ccc(-c3ccccc3)cc2)c2ccccc21,MoleculeNet_HIV
hiv_35607,COc1ccc(OC)c2c1C1CCC(=O)N1CN2C(C)=O,MoleculeNet_HIV
hiv_34486,CCN1CCC(O)(c2ccc(Oc3ccccc3)cc2)C(C(=O)c2ccc(Oc3ccccc3)cc2)C1.Cl,MoleculeNet_HIV
hiv_17521,Cc1ccc(S(=O)(=O)NC(=O)NCCc2ccccc2)cc1,MoleculeNet_HIV
hiv_21912,CC1(C)CC(C=Cc2coc3ccc(Cl)cc3c2=O)=C(C#N)C(=O)O1,MoleculeNet_HIV
hiv_15757,c1ccc2c3c([nH]c2c1)C1C2CCCCN2CN1CC3,MoleculeNet_HIV
hiv_2290,Cc1cc2c(cc1C)NC(C)CC(=O)N2,MoleculeNet_HIV
hiv_8023,C=C1C(=O)OC2C=C(CO)C3(O)CC(O)C(C)(CC(OC(=O)C(C)=CC)C12)O3,MoleculeNet_HIV
hiv_35802,CCCCOC(=O)C1CN2C(=NC1(C(F)(F)F)C(F)(F)F)Sc1ccccc12,MoleculeNet_HIV
hiv_25273,CC(=O)c1sc2n(C)c(=O)c3ccccc3[n+]2c1C.[Cl-],MoleculeNet_HIV
hiv_2191,O=C(Nc1ccc(C2=NCCN2)cc1)Nc1cccc(C(=O)Nc2ccc(C3=NCCN3)cc2)c1,MoleculeNet_HIV
hiv_38558,Cc1oc2c(c1C)S(=O)(=O)C(C#N)C(c1ccccc1)N2,MoleculeNet_HIV
hiv_27217,ON=C1CCc2nonc2C1=NNc1ccccc1,MoleculeNet_HIV
hiv_3115,c1ccc([PH](CCOCC[PH](c2ccccc2)(c2ccccc2)c2ccccc2)(c2ccccc2)c2ccccc2)cc1,MoleculeNet_HIV
hiv_40215,CC(=O)Oc1ccc(C=CC(=O)OC(C(=O)O)C(OC(=O)C=Cc2ccc(OC(C)=O)c(OC(C)=O)c2)C(=O)O)cc1OC(C)=O,MoleculeNet_HIV
hiv_8406,CC1Oc2cc3c(-c4c(O)cc(O)c5c(O)c6c(cc45)OC(C)C(C)C6=O)c(O)cc(O)c3c(O)c2C(=O)C1C,MoleculeNet_HIV
hiv_25603,C(=NC12CC3CC(CC(C3)C1)C2)C1CCCCC1,MoleculeNet_HIV
hiv_7003,Cc1cc2c(c3ncccc13)OCN(Cc1ccc(Cl)c(Cl)c1)C2,MoleculeNet_HIV
hiv_26815,COc1ccc2ccccc2c1-c1cccc2ccccc12,MoleculeNet_HIV
hiv_14766,CC(=O)OC1CSCC(OC(C)=O)C1[N+](=O)[O-],MoleculeNet_HIV
hiv_512,COc1cccc2c1cc([N+](=O)[O-])c1c(C(=O)O)cc3c(c12)OCO3,MoleculeNet_HIV
hiv_892,CN1CCC2(CC1)OC(c1ccccc1)C(c1ccccc1)O2,MoleculeNet_HIV
hiv_11507,CC(C)C1CC=CC2C3C(C)(O)CCC(Br)C3(C)CCC21CBr,MoleculeNet_HIV
hiv_11527,CC(C)(C)C(=O)OCC(COC(=O)C(C)(C)C)[N+](=O)[O-],MoleculeNet_HIV
hiv_32390,O=S(CCc1ccccc1)Nc1ccccc1,MoleculeNet_HIV
hiv_3165,N=C1C(=O)NC(=O)C1c1ccccc1,MoleculeNet_HIV
hiv_6863,COc1cc2c(cc1O)C(Cc1ccc(Oc3cc(CC4c5cc(OC)c(OC)cc5CCN4C)ccc3OC)cc1)NCC2,MoleculeNet_HIV
hiv_32647,COC(=O)c1ccc(C)cc1C1CN=NC12Cc1cccc(C)c1C2=O,MoleculeNet_HIV
hiv_30400,c1ccc(N=C(Nc2ccccc2)N2CCCCC2)cc1,MoleculeNet_HIV
hiv_36855,CN(C)c1cc(CNC(Cc2cn(C(c3ccccc3)(c3ccccc3)c3ccccc3)cn2)C(=O)O)nc(CNC(Cc2cn(C(c3ccccc3)(c3ccccc3)c3ccccc3)cn2)C(=O)O)c1.[Zn],MoleculeNet_HIV
hiv_11854,COc1ccc(-c2oc3cc(O)c(OC)c(O)c3c(=O)c2OC2OC(CO)C(O)C(O)C2O)cc1,MoleculeNet_HIV
hiv_15483,Cc1cc(C)nc(NS(=O)(=O)c2ccc(NC(=O)c3cccc4c(Nc5ccc(S(=O)(=O)NC(=N)N)cc5)c5ccc(Cl)cc5nc34)cc2)n1,MoleculeNet_HIV
hiv_9317,CSC1=Nc2cccnc2Nc2cscc21,MoleculeNet_HIV
hiv_34759,Cc1ccc(C2=NOC(=O)C3CCCCC23)cc1,MoleculeNet_HIV
hiv_10741,C[Si](C)(C)C(I)=CCO,MoleculeNet_HIV
hiv_7122,C=C=Cn1nn[nH]c1=N,MoleculeNet_HIV
hiv_31327,CSCCC(NCc1c(O)ccc2c(-c3ccccc3)cc(=O)oc12)C(=O)O,MoleculeNet_HIV
hiv_36169,O=c1oc2ccccc2c(O)c1Cc1ccccc1Cc1c(O)c2ccccc2oc1=O,MoleculeNet_HIV
hiv_894,CCOC(=O)C(C(=O)OCC)C(C(=O)OCC)(C(=O)OCC)C(C(=O)OCC)C(=O)OCC,MoleculeNet_HIV
hiv_27140,CCC(C(=O)NC1CN2CCC1CC2)c1ccccc1,MoleculeNet_HIV
hiv_37730,CC1(C23CC4CC(CC(C4)C2)C3)n2c(=O)n(-c3ccccc3)c(=O)n2C1(C)C12CC3CC(CC(C3)C1)C2,MoleculeNet_HIV
hiv_32995,O=Nn1ccccc1=Nc1ccccc1,MoleculeNet_HIV
hiv_16981,Cc1ccc(S(=O)(=O)NC2CCCCO2)cc1,MoleculeNet_HIV
hiv_39170,CCOC(=O)C1(N)CCc2[nH][nH]c(=O)c2C1,MoleculeNet_HIV
hiv_29918,COc1ccc(C=C2CSCC3=C2NC(=S)NC3c2ccc(OC)c(OC)c2OC)c(OC)c1OC,MoleculeNet_HIV
hiv_22470,Cc1cc(Br)cc(C)c1NC(=O)C(=O)C1C(=O)C(CC2C(=O)c3ccccc3C2=O)C(=O)CC1(C)C,MoleculeNet_HIV
hiv_11438,CCOC(=O)C1COc2cc(-c3cc(=O)c4ccccc4o3)ccc2O1,MoleculeNet_HIV
hiv_31242,Cc1nc(N)c(N2CCNCC2)c(O)n1,MoleculeNet_HIV
hiv_25971,COc1ccc(NC(=O)C(=CN2C(=O)C(=Cc3ccc(OC)c(OC)c3)NC2=S)C(C)=O)cc1,MoleculeNet_HIV
hiv_25620,Cc1c(C(=O)C(=O)c2ccccc2)c(C)c(C(=O)C(=O)c2ccccc2)c(C)c1C(=O)C(=O)c1ccccc1,MoleculeNet_HIV
hiv_14946,N#Cc1cc2ccncc2c2ccccc12,MoleculeNet_HIV
hiv_37735,O=c1n(N=S(=O)(c2ccccc2)c2ccccc2)c(=O)n2n1C1C=CC2CC1,MoleculeNet_HIV
hiv_16113,O=[N+]([N-][O-])C1CCCCC1=[N+]1CCOCC1,MoleculeNet_HIV
hiv_32932,CC(C)(C#N)C(C)(C)SSC(C)(C)C(C)(C)C#N,MoleculeNet_HIV
hiv_28394,COC(=O)C1(C(=O)OC)CC(C)=C(C)SCCCS1,MoleculeNet_HIV
hiv_4577,CC1=CC2OC3CC4OC(=O)C=CC=CC(=O)OCCC(C)C(O)C(=O)OCC2(CC1)C4(C)C31CO1,MoleculeNet_HIV
hiv_30305,Oc1c(CN2CCCC2)ccc2ccccc12,MoleculeNet_HIV
hiv_16358,COc1ccc2c(c1)[n+]([O-])c(C(C)=NNC(=O)c1ccccc1O)c(C)[n+]2[O-],MoleculeNet_HIV
hiv_3777,Cn1ncc2[nH]c(=O)n(OS(=O)(=O)c3ccccc3)c(=O)c21,MoleculeNet_HIV
hiv_20235,O=C(Cn1ccnc1[N+](=O)[O-])c1ccc(F)cc1,MoleculeNet_HIV
hiv_9619,COc1ccc(C(=O)Cc2nc3n[nH]c(=N)n3nc2CC(=O)c2ccc(OC)cc2)cc1,MoleculeNet_HIV
hiv_28536,O=C(CCc1ccc(O)c(O)c1)OCCc1ccccc1,MoleculeNet_HIV
hiv_40303,CCC1(O)CC2CC(=O)OC2C1O,MoleculeNet_HIV
hiv_17854,Cc1ccc(S(=O)(=O)N2CCN(C=S)CC2)cc1,MoleculeNet_HIV
hiv_13098,CCCCCCCCCOC(=S)NCCCCC,MoleculeNet_HIV
hiv_26216,COc1ccccc1NC(=O)C(=Cn1c(=S)[nH]c2ccc([N+](=O)[O-])cc21)C(C)=O,MoleculeNet_HIV
hiv_29673,COC(=O)C(Cc1c[nH]cn1)N=C(c1ccccc1)c1ccccc1,MoleculeNet_HIV
hiv_2639,COc1cc2c(cc1OC)C13CCN4CC5CCOC6CC(=O)N2C1C6C5CC43,MoleculeNet_HIV
hiv_18444,CCCCCCCCCCCCCCCCCCNC(=O)c1ccccc1[Se][Se]c1ccccc1C(=O)NCCCCCCCCCCCCCCCCCC,MoleculeNet_HIV
hiv_38847,COc1ccc(Cc2cc(Cc3ccc(OC)cc3)cc(Cc3ccc(OC)cc3)c2)cc1,MoleculeNet_HIV
hiv_33224,N#Cc1c(-c2ccccc2)c(C#N)c(=S)n(C2OC(CO)C(O)C(O)C2O)c1O,MoleculeNet_HIV
hiv_283,CCCCCCCCCCCCCCC(C(=O)O)S(=O)(=O)O,MoleculeNet_HIV
hiv_40161,CC(C)CC(CC(O)C(Cc1ccccc1)NC(=O)OC1CCOC1)S(=O)(=O)c1ccccc1,MoleculeNet_HIV
hiv_39891,CC1(CC2=C(C(=O)NCCO[Si](C)(C)C(C)(C)C)C3(OCCO3)C2=O)OCCO1,MoleculeNet_HIV
hiv_7900,CCCCCCCCCCCCCCCCCCOCC(COP(=O)(O)OCC[N+](C)(C)C)OC,MoleculeNet_HIV
hiv_4335,CCOP(=O)(OCC)C(N)C(C)C,MoleculeNet_HIV
hiv_28704,N#Cc1c(NC(=S)NC(=O)c2ccccc2)nc2c(c1-c1ccccc1)CCCC2,MoleculeNet_HIV
hiv_21221,Clc1ccccc1C1=NN(c2ccccc2)C2c3ccccc3OCC12,MoleculeNet_HIV
hiv_5076,COC1C=COC2(C)Oc3c(C)c(O)c4c(O)c(c(C=NNc5ncccn5)c(O)c4c3C2=O)NC(=O)C(C)=CC=CC(C)C(O)C(C)C(O)C(C)C(OC(C)=O)C1C,MoleculeNet_HIV
hiv_18068,COc1cccc2c1[OH+][Co-3]1(O)([n+]3ccccc3)[S+]=C(Nc3ccccc3)[N-][N+]1=C2,MoleculeNet_HIV
hiv_7713,Clc1nc(Cl)nc(N2CCCc3ccccc32)n1,MoleculeNet_HIV
hiv_28697,N=C(N)NCCS(=O)(=O)O,MoleculeNet_HIV
hiv_963,CCOC(=O)C1=C(C)NC(=O)NC1c1ccccc1,MoleculeNet_HIV
hiv_17048,CC1(c2ccc(Cl)cc2)C2C(=O)NC(=O)C1C(=O)NC2=O,MoleculeNet_HIV
hiv_1616,O=S(=O)(Sc1ccccc1)C(c1ccccc1)c1ccccc1,MoleculeNet_HIV
hiv_11042,O=C1C(Cl)=C(Cl)C(=O)N1c1ccccc1Cl,MoleculeNet_HIV
hiv_27814,Clc1ccc2c(NCCCCN3OC3c3ccccc3)ccnc2c1,MoleculeNet_HIV
hiv_52,CC(C)(Br)C(=O)C(Br)Br,MoleculeNet_HIV
hiv_34804,S=C1NC2=C(COc3ccccc32)C(c2ccc(Cl)cc2)N1,MoleculeNet_HIV
hiv_3585,O=c1oc2ccc(O)cc2c2ccccc12,MoleculeNet_HIV
hiv_5931,N#CC(=Cc1cccc(OCc2ccccc2)c1)c1ccc([N+](=O)[O-])cc1,MoleculeNet_HIV
hiv_15125,O=c1nc2sc3ccc4ccccc4c3n2nc1-c1ccccc1,MoleculeNet_HIV
hiv_28188,CCOC(=O)OC(=Cc1ccc(OC)cc1)c1c(OC(=O)OCC)n(C(=O)OCC)c2ccccc12,MoleculeNet_HIV
hiv_35776,CC(C)(C)OC(=O)c1ccc(NCC2=C(Br)C(=O)C=CC2=O)cc1,MoleculeNet_HIV
hiv_2140,C=CCNC(=S)NNC(=S)NCC=C,MoleculeNet_HIV
hiv_14777,O=C(Sc1sc(=S)sc1SC(=O)c1ccccc1)c1ccccc1,MoleculeNet_HIV
hiv_40433,CC12CCC(C(=Nc3ccc([N+](=O)[O-])cc3)C1=O)C2(C)C,MoleculeNet_HIV
hiv_39016,O=C1CCCC2OC(COC(=O)c3ccccc3)CC2O1,MoleculeNet_HIV
hiv_30117,O=C1OC(C2Cc3cc4c(cc3C2=O)CCC4)c2ccccc21,MoleculeNet_HIV
hiv_10323,COC(=O)Oc1nn(C(=O)OC)c(=O)c2ccccc12,MoleculeNet_HIV
hiv_6649,CC(C(C(=O)O)S(=O)(=O)O)C(C(=O)O)S(=O)(=O)O,MoleculeNet_HIV
hiv_17770,CCOC(=O)NC(=O)c1cn(CCCOC(=O)NCCCCCCNC(=O)OCCCn2c(=O)c(C(=O)NC(=O)OCC)cn(C)c2=O)c(=O)n(C)c1=O,MoleculeNet_HIV
hiv_28088,Cl.O=C(OCCC1=C2CCN(CC2)C1)C(O)(c1ccccc1)C1CCCC1,MoleculeNet_HIV
hiv_936,NN1C(=O)CSC1=S,MoleculeNet_HIV
hiv_5689,CN1CN(c2ccccc2)C2(CCN(CCc3cc4ccccc4o3)CC2)C1=O,MoleculeNet_HIV
hiv_1871,ON=C1CCCC(=NO)C1=NO,MoleculeNet_HIV
hiv_15897,C=C(Br)CN1CCC2(c3ccccc3)C(O)C([Se]c3ccccc3)CCC12,MoleculeNet_HIV
hiv_18716,CCOC1=C2C(C)(CCC3C4(C)C=CC(=O)C(C)(C)C4CC(O)C23C)C(c2ccoc2)C1=O,MoleculeNet_HIV
hiv_25014,O=C1OC(=C(Br)c2ccc([N+](=O)[O-])cc2)c2ccccc21,MoleculeNet_HIV
hiv_911,C=C1C(=O)OC2CC3(C)OC3CCC(C)=CC(OC(C)=O)C12,MoleculeNet_HIV
hiv_11810,CC1CC2CC(=O)CC3(C1)C2CCCN3CCCO,MoleculeNet_HIV
hiv_39271,COC(OC)C1OC(CO)C(n2cc(F)c(=O)[nH]c2=O)C1O,MoleculeNet_HIV
hiv_640,CNC(=S)SSSSC(=S)NC,MoleculeNet_HIV
hiv_4689,O=C1C=C(c2ccccc2)C(c2ccccc2)C1O,MoleculeNet_HIV
hiv_37099,COc1ccc(N2C(=O)C3c4[nH]c5ccc(C)cc5c4C4CCC(C(C)C)CC4C3C2=O)cc1,MoleculeNet_HIV
hiv_10308,COc1ccc(C(OCC2OC(n3ccc(NC(=O)c4ccccc4)nc3=O)C(O)C2O)(c2ccccc2)c2ccccc2)cc1,MoleculeNet_HIV
hiv_4817,CC(C)P(=O)(N(C)C)N(C)C,MoleculeNet_HIV
hiv_35584,CCOC(=O)C(=CNc1ccc(N(C2=NCC(C)S2)c2ccc(F)c(Cl)c2)cc1)C(=O)OCC,MoleculeNet_HIV
hiv_36481,CC(=O)N(C(C)=O)n1c(-c2ccccc2)n[nH]c1=O,MoleculeNet_HIV
hiv_33403,Cc1ccc2ccccc2c1CC1S(=O)(=O)OCCOS1(=O)=O,MoleculeNet_HIV
hiv_9225,CCOC(=O)C1=C(SC)SC(C(=O)OCC)C2C=C(C)C=CN12,MoleculeNet_HIV
hiv_20254,Cc1ccc(C(=O)N2c3ccccc3N(C)n3cccc3C2CC(=O)O)cc1,MoleculeNet_HIV
hiv_8735,COC=C=CC(C)(C)OC,MoleculeNet_HIV
hiv_4825,CC(=O)C1(N=Nc2ccc(S(=O)(=O)Nc3nnc(C)s3)cc2)CCOC1=O,MoleculeNet_HIV
hiv_18355,Cc1ccc(N(C=O)c2c([N+](=O)[O-])cc([N+](=O)[O-])c3c2=[N+]([O-])CN=3)cc1,MoleculeNet_HIV
hiv_28599,CC1(O)C2CC3CC1(c1ccccc1)CC(C3=NO)C2=NO,MoleculeNet_HIV
hiv_10797,C=C(c1ccccc1)C1(O)CCC1N(CC#N)Cc1ccccc1,MoleculeNet_HIV
hiv_10827,CC(C)=CCc1cc(C2CC(=O)c3c(O)cc(O)cc3O2)cc(CC=C(C)C)c1O,MoleculeNet_HIV
hiv_11875,CCN1CC2(COC(=O)c3ccccc3N3C(=O)CC(C)C3=O)CCC(OC)C34C5CC6C(OC)CC(O)(C5C6OC)C(O)(C(OC)C23)C14,MoleculeNet_HIV
hiv_18933,CCc1cccc(C)c1NC(=S)NC(=O)c1ccccc1C(=O)NC(=S)Nc1c(C)cccc1CC,MoleculeNet_HIV
hiv_29182,S=C(NN=C(c1ccccc1)c1ccccn1)N1CCCCCC1,MoleculeNet_HIV
hiv_38334,C=C(c1cccn1S(=O)(=O)c1ccccc1)c1cccn1S(=O)(=O)c1ccccc1,MoleculeNet_HIV
hiv_19765,O=C(c1ccccc1)C1CC(Sc2ccccc2)c2cc(Cl)ccc2N1,MoleculeNet_HIV
hiv_38031,ClC(=C(c1ccc(OC2CCCCO2)cc1)c1ccc(OC2CCCCO2)cc1)c1ccccc1,MoleculeNet_HIV
hiv_10030,O=C1NC2C=CN(Cc3ccccc3)C=C2C(=O)N2CCCC12,MoleculeNet_HIV
hiv_32695,COC(=O)Cc1cccc2c1CCC2=O,MoleculeNet_HIV
hiv_20877,Cn1c2cccc3nnc4cccc(c4c32)n1C,MoleculeNet_HIV
hiv_14344,O=[N+]([O-])C1C2C=CC(C2)C1c1ccco1,MoleculeNet_HIV
hiv_36802,COc1ccc(-n2c(Cn3nnc(-c4cccnc4)n3)nn(C3OC(COC(=O)c4ccccc4)C(OC(=O)c4ccccc4)C3OC(=O)c3ccccc3)c2=S)cc1,MoleculeNet_HIV
hiv_37910,CC(C)(Cc1ccccc1)N1C(=O)N1C(C)(C)Cc1ccccc1,MoleculeNet_HIV
hiv_4699,Cc1cc2c(c(O)n1)C(=O)NC2=O,MoleculeNet_HIV
hiv_6788,COC(=O)c1nn2c(=O)[nH]c3ccccc3c2c1C(=O)OC,MoleculeNet_HIV
hiv_40055,O=c1oc(-c2ccccc2)c(-c2ccccc2)n1-c1ccc(Br)cc1,MoleculeNet_HIV
hiv_1213,CC(O)CN(CC(C)O)N(CC(C)O)CC(C)O,MoleculeNet_HIV
hiv_39935,O=C1CCCCCC1CC(Sc1ccccc1)Sc1ccccc1,MoleculeNet_HIV
hiv_25509,S=C(S)N(Cc1ccccc1)Cc1ccccc1.[NaH],MoleculeNet_HIV
hiv_35701,Cc1ccc(S(=O)(=O)NC(=CC=Cc2ccccc2)C(=O)C(C)(C)C)cc1,MoleculeNet_HIV
hiv_38531,COc1cc(OCc2ccc3nc(-c4ccccc4)c(Cl)nc3c2)cc(OC)c1OC,MoleculeNet_HIV
hiv_24983,O=C(CC(C(=O)c1cccs1)c1ccsc1)c1ccc(Cl)cc1,MoleculeNet_HIV
hiv_24254,Nc1ncnc2c1ncn2C1C(=O)C(CO)C1CO,MoleculeNet_HIV
hiv_34341,CC(C#N)(c1ccccc1)N(CCc1ccccc1)C(=O)Oc1ccccc1,MoleculeNet_HIV
hiv_27687,O=[N+]([O-])C(=C1Nc2ccccc2N1)C(Cl)=C(Cl)Cl,MoleculeNet_HIV
hiv_28808,O=[N+]([O-])C1=Cc2cc(Cl)ccc2OC1c1cccc2ccccc12,MoleculeNet_HIV
hiv_11960,CC(C)C1(O)C(c2ccccc2)=C(c2ccccc2)C(c2ccccc2)=C1c1ccccc1,MoleculeNet_HIV
hiv_13736,c1c2c(cc3c1OCO3)C(c1onc3cc4c(cc13)OCO4)=NCC2,MoleculeNet_HIV
hiv_21992,C=C1C2=C(CCCC2)C(=O)OC12CCCCC2,MoleculeNet_HIV
hiv_26848,Cc1ccc(C(=O)C=C2Nc3ccccc3N=C2NC23CC4CC(CC(C4)C2)C3)cc1,MoleculeNet_HIV
hiv_24536,CC1(C)OCC(C2CC23SCCCS3)O1,MoleculeNet_HIV
hiv_26610,CC1C(=O)OC2C=CC3(C)C(=O)OC4OC5(c6ccoc6)CC1(O)C2(C)C43O5,MoleculeNet_HIV
hiv_18927,CCC(=O)OC1C(C)CC2(OC(C)=O)C1C(OC(C)=O)C13COC(C)(C2OC(C)=O)C1C1C(CC1(C)OC(C)=O)C(OC(=O)c1ccccc1)C3=O,MoleculeNet_HIV
hiv_31915,Nc1nc(O)nc2snnc12,MoleculeNet_HIV
hiv_7431,C=C1CC23CC4C5C6(C)CC(O)CC57C(C2C(O)C1C(O)C37)N4C6,MoleculeNet_HIV
hiv_39311,COC(=O)C=Cc1cnc2c(c1)oc(=O)n2CCc1ccccn1,MoleculeNet_HIV
hiv_16414,NCC1(N2CCOCC2)C2CCCC21CO,MoleculeNet_HIV
hiv_15518,CC(=O)NC(C=O)C(OC(C)C(=O)NC(C)C(=O)NC(CCC(N)=O)C(=O)OCc1ccccc1)C(O)C(O)COC(=O)CCCCCNc1cccc2[nH]c3ccccc3c(=O)c12,MoleculeNet_HIV
hiv_6427,CC(C)c1oc(=O)cc2c1C(O)C1OC(=O)C3(C)C(O)C4OC4C2(C)C13,MoleculeNet_HIV
hiv_15724,CCCC[Sn]1(CCCC)ON=Cc2ccccc2O1,MoleculeNet_HIV
hiv_27725,O=C1CCCC2=C1CC1=C(CCCC1=O)N2c1ccc(-c2ccccc2)cc1,MoleculeNet_HIV
hiv_15242,CC1(C)CC2CC(CC(C)(C)C2=O)C1=O,MoleculeNet_HIV
hiv_3918,Cc1ccc(S(=O)(=O)N2CC(O)C=Cc3ccccc32)cc1,MoleculeNet_HIV
hiv_11567,O=S1Cc2ccccc2CSS1,MoleculeNet_HIV
hiv_29688,O=C(NC1CCCC1C(=O)Nc1ccc(C(F)(F)F)cc1)OCc1ccccc1,MoleculeNet_HIV
hiv_29562,CN(N=Cc1ccccc1C(=O)O)C1=NCCCCN1.I,MoleculeNet_HIV
hiv_23125,CC(=O)c1cccc(NCn2nnc3ccccc32)c1,MoleculeNet_HIV
hiv_11165,CN(C)C(=S)N=c1ssc(=Nc2ccccc2)n1C,MoleculeNet_HIV
hiv_7284,Cc1cc(C)c2cc(=O)oc-2c(C)c1,MoleculeNet_HIV
hiv_30621,Cc1ccc(Nc2nc3c(=O)n(C)c(=O)n(C)c3nc2Nc2ccc(C)cc2)cc1,MoleculeNet_HIV
hiv_12421,NC(=O)C12CCC1C1CCCCC12N1CCOCC1,MoleculeNet_HIV
hiv_21000,Cl.NC1C2C3CC4C5CC(C42)C1(c1ccccc1)C53,MoleculeNet_HIV
hiv_23910,CCOc1ccccc1NC(=O)CSc1nnc(Cc2ccccc2)o1,MoleculeNet_HIV
hiv_27085,O=c1ccc(=O)c2c1c1[nH]c3ccccc3c1c1c(=O)c3ccccc3c(=O)c21,MoleculeNet_HIV
hiv_40614,COc1cc(=O)oc2c3c(ccc12)OC(C)(C)C(OC(=O)C12CCC(C)(C(=O)O1)C2(C)C)C3OC(=O)C12CCC(C)(C(=O)O1)C2(C)C,MoleculeNet_HIV
hiv_33000,O=Nc1c(Br)cc(Br)c2ccc3c(Br)cc(Br)c(N=O)c3c12,MoleculeNet_HIV
hiv_1613,NC(=O)CCS(=O)(=O)O,MoleculeNet_HIV
hiv_9008,COc1ccc2c(c1OC)C1N(C)CCc3cc4c(cc3C1(OC)C2=O)OCO4,MoleculeNet_HIV
hiv_19537,CCCOC(=O)CCC(NC(=O)c1ccc(Nc2nc3ccccc3nc2-c2cccs2)cc1)C(=O)OCCC,MoleculeNet_HIV
hiv_35666,N=c1oc2ccc3ccccc3c2cc1C(N)=S,MoleculeNet_HIV
hiv_38773,CC(=O)Nc1ccc(S(=O)(=O)Nc2ccc(S(=O)(=O)c3ccc(NC(=O)c4ccccc4SSc4ccccc4C(=O)Nc4ccc(S(=O)(=O)c5ccc(NS(=O)(=O)c6ccc(NC(C)=O)cc6)cc5)cc4)cc3)cc2)cc1,MoleculeNet_HIV
hiv_9469,CN(CCN1C(=O)c2cccc3cccc(c23)C1=O)CCN1C(=O)c2cccc3cccc(c23)C1=O,MoleculeNet_HIV
hiv_38473,COc1cc2c(cc1OC)CC(N=[N+]=[N-])c1cc(OC)c(OC)cc1C=C2,MoleculeNet_HIV
hiv_26544,COC(=O)CSc1nc2[nH]c(SC)c(C(N)=O)c2c(=O)n1-c1ccccc1,MoleculeNet_HIV
hiv_3230,COc1ccccc1C=C1C=Cc2ccccc21,MoleculeNet_HIV
hiv_24447,CCN(CC)CCC(=O)NC1c2ccc(Cl)cc2Oc2c(C)cccc21,MoleculeNet_HIV
hiv_20718,O=C(O)c1ccc(C2C(=O)NC3CCCC32)cc1,MoleculeNet_HIV
hiv_2817,Nc1ncn(Cc2ccccc2)c2ncnc1-2,MoleculeNet_HIV
hiv_19082,O=C1CCC(=O)c2sccc2N1,MoleculeNet_HIV
hiv_26139,O=C(Nc1ccc(C=Cc2ccc([N+](=O)[O-])cc2S(=O)(=O)O)c(S(=O)(=O)O)c1)OCc1ccccc1.[NaH],MoleculeNet_HIV
hiv_8471,O=C(NP1(=O)NCc2ccccc2CN1)OC1CCCCC1,MoleculeNet_HIV
hiv_14711,Cn1cnc([N+](=O)[O-])c1Sc1nc2cccnc2s1,MoleculeNet_HIV
hiv_1482,COc1ccc(C2CC(=O)c3c(O)cc(OC4OC(COC5OC(C)C(O)C(O)C5O)C(O)C(O)C4O)cc3O2)cc1O,MoleculeNet_HIV
hiv_35512,CCOC(=O)C1CC(O)C(=O)N1C,MoleculeNet_HIV
hiv_4564,C1CCC(CC[N+]23CC[N+](CCC4CCCC4)(CC2)C3)C1,MoleculeNet_HIV
hiv_10054,OC1(O)C=CCCCCCC=C1,MoleculeNet_HIV
hiv_16064,CC(C)(C)C1(O)Cc2ccccc2C(=O)O1,MoleculeNet_HIV
hiv_6341,O=C1CC(c2ccccc2)NN1c1ccccc1,MoleculeNet_HIV
hiv_11450,NS(=O)(=O)c1ccc(NC(=O)C2C(=O)C(=O)N(c3ccc(S(N)(=O)=O)cc3)C2=O)cc1,MoleculeNet_HIV
hiv_37298,O=C(OCC12CC3CC(CC(C3)C1)C2)c1ccc(NCc2cc(O)ccc2O)cc1,MoleculeNet_HIV
hiv_20549,Clc1ccc(-c2c(C3=NCCCN3)nnn2-c2ccc(Cl)cc2)cc1,MoleculeNet_HIV
hiv_35304,CN(C)N=Nc1ccc2[nH]c(=O)[nH]c2c1,MoleculeNet_HIV
hiv_36835,Cl.O=c1c2cc(Br)ccc2ncn1COCc1ccccc1,MoleculeNet_HIV
hiv_30426,COC(=O)C(C#N)=C(Nc1ccccc1)N1CCCC1,MoleculeNet_HIV
hiv_30904,CCOC(=O)C(O)(NC(=O)NC(O)(C(=O)OCC)C(F)(F)F)C(F)(F)F,MoleculeNet_HIV
hiv_24081,OC12c3ccccc3C1CCCCC2N1CCCC1,MoleculeNet_HIV
hiv_4502,CCOC(=O)c1nnc2sc(-c3ccccc3)nn12,MoleculeNet_HIV
hiv_31499,COC1(OC)C2(Cl)C(Cl)=C(Cl)C1(Cl)C1COCC12,MoleculeNet_HIV
hiv_37186,NCCCCC1NC(=O)C(CO)NC(=O)C(Cc2c[nH]cn2)NC(=O)CNC(=O)C(Cc2c[nH]c3ccccc23)NC(=O)C(Cc2c[nH]c3ccccc23)NC(=O)C(Cc2ccccc2)NC1=O,MoleculeNet_HIV
hiv_24232,O=C1CCC2(c3ccccc3)Nc3ccncc3N12,MoleculeNet_HIV
hiv_18818,CC=CC=NN(c1nnc(-c2ccccc2)c(-c2ccccc2)n1)S(=O)(=O)c1ccc(C)cc1,MoleculeNet_HIV
hiv_20192,N=C(N)NS(=O)(=O)c1ccc(NC(=O)c2cccc3cc4ccccc4nc23)cc1,MoleculeNet_HIV
hiv_19527,O=C(Nc1cccc(O)c1)C(=O)C1C(=O)NC(=S)NC1=O,MoleculeNet_HIV
hiv_36137,CC(=O)OC1CCC2(C)C(CCC3C2CCC2(C)C(C(C)CCc4nc5cc(C)ccc5[nH]4)CCC32)C1,MoleculeNet_HIV
hiv_13610,O=C(C(O)c1cn(Cc2ccccc2)c2ccccc12)N1CCCCC1,MoleculeNet_HIV
hiv_7698,O=S(=O)(c1ccc(Br)cc1)S(=O)(=O)c1ccc(Br)cc1,MoleculeNet_HIV
hiv_12908,Clc1ccc(C(c2ccc(Cl)cc2)c2cncnc2)cc1,MoleculeNet_HIV
hiv_39276,O=C1C(F)=CC(COC(c2ccccc2)(c2ccccc2)c2ccccc2)OC1n1cc(F)c(=O)[nH]c1=O,MoleculeNet_HIV
hiv_10560,Cc1c(C)c2ccc3occc(=O)c3c2oc1=O,MoleculeNet_HIV
hiv_19916,CON1C(=O)C2(CCCCC2)C(=O)C12C=CC(C)CC2,MoleculeNet_HIV
hiv_25055,Cl.O=C1c2ccccc2Sc2ccccc2N1CCCN1CCN(c2ccc(F)cc2)CC1,MoleculeNet_HIV
hiv_70,CCCCCCCCCCCC(=O)OCCOCCOCCOCCOCCOCCOCCOCCOCCO,MoleculeNet_HIV
hiv_16185,O=C(CC1C(=O)Nc2ccccc2S1(=O)=O)Nc1ccc(Cl)cc1,MoleculeNet_HIV
hiv_39778,CSc1nc(Cl)c2c(n1)Sc1nc3cc4c(cc3n1C2O)OCO4,MoleculeNet_HIV
hiv_842,CCCC(C(=O)OCCN1CCCC12CCCCC2)C1CCCC1,MoleculeNet_HIV
hiv_22660,COc1ccc(-c2cnoc2-c2ccc(OC)c(OC)c2)cc1OC,MoleculeNet_HIV
hiv_16255,CCOC(=O)c1nc(C)c(-c2ccccc2)c(-c2ccccc2)c1C,MoleculeNet_HIV
hiv_19331,CC(=O)NNc1nc(C)c(C(C=Cc2ccc(Cl)cc2)=NNS(=O)(=O)c2ccc(C)cc2)s1,MoleculeNet_HIV
hiv_29581,CNC(=S)NNC1=NCCCCN1.I,MoleculeNet_HIV
hiv_5218,CC(=O)Oc1c2ccsc2cc2ccsc12,MoleculeNet_HIV
hiv_32260,Nc1nc(Cl)c(N)c(NCC2(CO)CCC(OCc3ccccc3)C2)n1,MoleculeNet_HIV
hiv_10013,COc1ccc(NC(=O)Oc2cc(C)c3ccc(=O)cc-3o2)c(OC)c1.COc1ccc(NC(=O)Oc2ccc3c(C)cc(=O)oc3c2)c(OC)c1,MoleculeNet_HIV
hiv_33929,Cc1nc2ccccc2c(=O)n1Cc1nc2ccccc2[nH]1,MoleculeNet_HIV
hiv_24526,C[s+]1c2ccccc2c2ccccc21.O=S(O)(=[OH+])C(F)(F)F,MoleculeNet_HIV
hiv_19263,O=C1CN2CC(c3ccccc3)OC2c2ccccc2N1,MoleculeNet_HIV
hiv_5323,COc1cc2c(cc1OC)C(CN)C2,MoleculeNet_HIV
hiv_20391,COC1(OC)C2(Cl)C(Cl)=C(Cl)C1(Cl)C1C=CC=CC12,MoleculeNet_HIV
hiv_17847,NCCCCCS(=O)(=O)O,MoleculeNet_HIV
hiv_23156,Cc1cc(C)c(S(=O)(O)=[OH+])c(C)c1.N[S+]1Cc2nc3ccccc3n2C1c1c(F)cccc1F,MoleculeNet_HIV
hiv_5563,CCOC(=O)c1cnc2c(cnn2CC)c1NN=C(C)C,MoleculeNet_HIV
hiv_15956,Cl.Cn1cc(NC(=O)c2cc(NC(=O)CCCCCCC(=O)Nc3cc(C(=O)Nc4cc(C(=O)NCCC(=N)N)n(C)c4)n(C)c3)cn2C)cc1C(=O)NCCC(=N)N,MoleculeNet_HIV
hiv_22196,NNC1=NC2=NNC=CN2c2ncccc21,MoleculeNet_HIV
