pair_id,target_id,drug_id,smiles,pkd,pred_ligand_only,pred_aac_dpc
11314340::ACVR2A::5,ACVR2A,11314340,Cc1[nH]nc2ccc(-c3cncc(OCC(N)Cc4ccccc4)c3)cc12,5.0,5.431117026645206,5.347468523650661
11314340::AKT1::10,AKT1,11314340,Cc1[nH]nc2ccc(-c3cncc(OCC(N)Cc4ccccc4)c3)cc12,7.119186407719209,5.431117026645206,5.645097341165316
11314340::AMPK-alpha1::14,AMPK-alpha1,11314340,Cc1[nH]nc2ccc(-c3cncc(OCC(N)Cc4ccccc4)c3)cc12,5.0,5.431117026645206,5.491675492975465
11314340::ARK5::17,ARK5,11314340,Cc1[nH]nc2ccc(-c3cncc(OCC(N)Cc4ccccc4)c3)cc12,5.0,5.431117026645206,5.328579558679655
11314340::AXL::23,AXL,11314340,Cc1[nH]nc2ccc(-c3cncc(OCC(N)Cc4ccccc4)c3)cc12,5.0,5.431117026645206,5.362509340213598
11314340::BIKE::24,BIKE,11314340,Cc1[nH]nc2ccc(-c3cncc(OCC(N)Cc4ccccc4)c3)cc12,6.920818753952375,5.431117026645206,5.773513548386418
11314340::BLK::25,BLK,11314340,Cc1[nH]nc2ccc(-c3cncc(OCC(N)Cc4ccccc4)c3)cc12,5.0,5.431117026645206,5.218499733675105
11314340::BMPR1A::26,BMPR1A,11314340,Cc1[nH]nc2ccc(-c3cncc(OCC(N)Cc4ccccc4)c3)cc12,5.0,5.431117026645206,5.165188855618868
11314340::BRAF(V600E)::30,BRAF(V600E),11314340,Cc1[nH]nc2ccc(-c3cncc(OCC(N)Cc4ccccc4)c3)cc12,5.0,5.431117026645206,5.50189039808057
11314340::BRSK1::32,BRSK1,11314340,Cc1[nH]nc2ccc(-c3cncc(OCC(N)Cc4ccccc4)c3)cc12,5.0,5.431117026645206,5.488356447098352
11314340::CAMK1::35,CAMK1,11314340,Cc1[nH]nc2ccc(-c3cncc(OCC(N)Cc4ccccc4)c3)cc12,5.0,5.431117026645206,5.363089356568623
11314340::CAMK1D::36,CAMK1D,11314340,Cc1[nH]nc2ccc(-c3cncc(OCC(N)Cc4ccccc4)c3)cc12,5.619788758288394,5.431117026645206,5.371826429832988
11314340::CAMK1G::37,CAMK1G,11314340,Cc1[nH]nc2ccc(-c3cncc(OCC(N)Cc4ccccc4)c3)cc12,5.0,5.431117026645206,5.374692532623865
11314340::CAMK2G::41,CAMK2G,11314340,Cc1[nH]nc2ccc(-c3cncc(OCC(N)Cc4ccccc4)c3)cc12,6.050609993355087,5.431117026645206,5.557317961897766
11314340::CAMK4::42,CAMK4,11314340,Cc1[nH]nc2ccc(-c3cncc(OCC(N)Cc4ccccc4)c3)cc12,6.1487416512809245,5.431117026645206,5.704404881794038
11314340::CAMKK1::43,CAMKK1,11314340,Cc1[nH]nc2ccc(-c3cncc(OCC(N)Cc4ccccc4)c3)cc12,6.09151498112135,5.431117026645206,5.430100047088395
11314340::CDKL2::58,CDKL2,11314340,Cc1[nH]nc2ccc(-c3cncc(OCC(N)Cc4ccccc4)c3)cc12,6.154901959985743,5.431117026645206,5.523208984071252
11314340::CDKL5::60,CDKL5,11314340,Cc1[nH]nc2ccc(-c3cncc(OCC(N)Cc4ccccc4)c3)cc12,6.698970004336019,5.431117026645206,5.447592478197582
11314340::CLK1::64,CLK1,11314340,Cc1[nH]nc2ccc(-c3cncc(OCC(N)Cc4ccccc4)c3)cc12,8.853871964321762,5.431117026645206,6.375308892418507
11314340::CLK2::65,CLK2,11314340,Cc1[nH]nc2ccc(-c3cncc(OCC(N)Cc4ccccc4)c3)cc12,9.292429823902063,5.431117026645206,6.006014487624187
11314340::CSNK1A1L::71,CSNK1A1L,11314340,Cc1[nH]nc2ccc(-c3cncc(OCC(N)Cc4ccccc4)c3)cc12,5.337242168318426,5.431117026645206,5.230396305028297
11314340::CSNK1G1::74,CSNK1G1,11314340,Cc1[nH]nc2ccc(-c3cncc(OCC(N)Cc4ccccc4)c3)cc12,6.275724130399211,5.431117026645206,5.816799676047703
11314340::CSNK1G3::76,CSNK1G3,11314340,Cc1[nH]nc2ccc(-c3cncc(OCC(N)Cc4ccccc4)c3)cc12,6.040958607678906,5.431117026645206,5.427338246386425
11314340::DCAMKL1::83,DCAMKL1,11314340,Cc1[nH]nc2ccc(-c3cncc(OCC(N)Cc4ccccc4)c3)cc12,5.0,5.431117026645206,5.425634823853686
11314340::DCAMKL2::84,DCAMKL2,11314340,Cc1[nH]nc2ccc(-c3cncc(OCC(N)Cc4ccccc4)c3)cc12,5.0,5.431117026645206,5.473805281320122
11314340::DMPK::89,DMPK,11314340,Cc1[nH]nc2ccc(-c3cncc(OCC(N)Cc4ccccc4)c3)cc12,7.036212172654444,5.431117026645206,5.519296043433782
11314340::DYRK1A::93,DYRK1A,11314340,Cc1[nH]nc2ccc(-c3cncc(OCC(N)Cc4ccccc4)c3)cc12,8.67778070526608,5.431117026645206,5.5645780741803215
11314340::EPHA6::103,EPHA6,11314340,Cc1[nH]nc2ccc(-c3cncc(OCC(N)Cc4ccccc4)c3)cc12,5.0,5.431117026645206,5.121525044895116
11314340::ERBB2::111,ERBB2,11314340,Cc1[nH]nc2ccc(-c3cncc(OCC(N)Cc4ccccc4)c3)cc12,5.0,5.431117026645206,5.329282051343661
11314340::FGFR3(G697C)::126,FGFR3(G697C),11314340,Cc1[nH]nc2ccc(-c3cncc(OCC(N)Cc4ccccc4)c3)cc12,5.0,5.431117026645206,5.42660708995764
11314340::FLT1::129,FLT1,11314340,Cc1[nH]nc2ccc(-c3cncc(OCC(N)Cc4ccccc4)c3)cc12,5.0,5.431117026645206,5.627438868147536
11314340::FLT4::131,FLT4,11314340,Cc1[nH]nc2ccc(-c3cncc(OCC(N)Cc4ccccc4)c3)cc12,5.0,5.431117026645206,5.242035606424952
11314340::FYN::133,FYN,11314340,Cc1[nH]nc2ccc(-c3cncc(OCC(N)Cc4ccccc4)c3)cc12,5.0,5.431117026645206,5.266457028027974
11314340::GAK::134,GAK,11314340,Cc1[nH]nc2ccc(-c3cncc(OCC(N)Cc4ccccc4)c3)cc12,6.7447274948966935,5.431117026645206,5.389202187725006
11314340::HIPK3::144,HIPK3,11314340,Cc1[nH]nc2ccc(-c3cncc(OCC(N)Cc4ccccc4)c3)cc12,6.958607314841775,5.431117026645206,5.380004619444376
11314340::HUNK::147,HUNK,11314340,Cc1[nH]nc2ccc(-c3cncc(OCC(N)Cc4ccccc4)c3)cc12,5.0,5.431117026645206,5.482711608394091
11314340::ICK::148,ICK,11314340,Cc1[nH]nc2ccc(-c3cncc(OCC(N)Cc4ccccc4)c3)cc12,6.259637310505756,5.431117026645206,5.44987984881732
11314340::IKK-alpha::150,IKK-alpha,11314340,Cc1[nH]nc2ccc(-c3cncc(OCC(N)Cc4ccccc4)c3)cc12,5.0,5.431117026645206,5.336279706056102
11314340::IKK-epsilon::152,IKK-epsilon,11314340,Cc1[nH]nc2ccc(-c3cncc(OCC(N)Cc4ccccc4)c3)cc12,5.0,5.431117026645206,5.25111231272547
11314340::JAK3(JH1domain-catalytic)::161,JAK3(JH1domain-catalytic),11314340,Cc1[nH]nc2ccc(-c3cncc(OCC(N)Cc4ccccc4)c3)cc12,5.823908740944319,5.431117026645206,5.2745978178640085
11314340::JNK1::162,JNK1,11314340,Cc1[nH]nc2ccc(-c3cncc(OCC(N)Cc4ccccc4)c3)cc12,5.0,5.431117026645206,5.553416269903543
11314340::JNK2::163,JNK2,11314340,Cc1[nH]nc2ccc(-c3cncc(OCC(N)Cc4ccccc4)c3)cc12,5.0,5.431117026645206,5.648989237832526
11314340::LOK::172,LOK,11314340,Cc1[nH]nc2ccc(-c3cncc(OCC(N)Cc4ccccc4)c3)cc12,5.0,5.431117026645206,5.531286756411152
11314340::MAK::177,MAK,11314340,Cc1[nH]nc2ccc(-c3cncc(OCC(N)Cc4ccccc4)c3)cc12,5.0,5.431117026645206,5.538040374045788
11314340::MAP3K15::179,MAP3K15,11314340,Cc1[nH]nc2ccc(-c3cncc(OCC(N)Cc4ccccc4)c3)cc12,5.0,5.431117026645206,5.389376001398263
11314340::MAP4K2::183,MAP4K2,11314340,Cc1[nH]nc2ccc(-c3cncc(OCC(N)Cc4ccccc4)c3)cc12,5.721246399047171,5.431117026645206,5.338265994091358
11314340::MAP4K3::184,MAP4K3,11314340,Cc1[nH]nc2ccc(-c3cncc(OCC(N)Cc4ccccc4)c3)cc12,5.0,5.431117026645206,5.355257628843414
11314340::MEK1::194,MEK1,11314340,Cc1[nH]nc2ccc(-c3cncc(OCC(N)Cc4ccccc4)c3)cc12,5.0,5.431117026645206,5.521480040736758
11314340::MELK::200,MELK,11314340,Cc1[nH]nc2ccc(-c3cncc(OCC(N)Cc4ccccc4)c3)cc12,6.229147988357855,5.431117026645206,5.68566301032946
11314340::MLK1::208,MLK1,11314340,Cc1[nH]nc2ccc(-c3cncc(OCC(N)Cc4ccccc4)c3)cc12,5.0,5.431117026645206,5.590887593466792
11314340::MLK2::209,MLK2,11314340,Cc1[nH]nc2ccc(-c3cncc(OCC(N)Cc4ccccc4)c3)cc12,5.0,5.431117026645206,5.156243214469802
11314340::MLK3::210,MLK3,11314340,Cc1[nH]nc2ccc(-c3cncc(OCC(N)Cc4ccccc4)c3)cc12,5.0,5.431117026645206,5.367456967375322
11314340::MST1::213,MST1,11314340,Cc1[nH]nc2ccc(-c3cncc(OCC(N)Cc4ccccc4)c3)cc12,5.0,5.431117026645206,5.584452101112712
11314340::MST1R::214,MST1R,11314340,Cc1[nH]nc2ccc(-c3cncc(OCC(N)Cc4ccccc4)c3)cc12,5.0,5.431117026645206,5.310893148098277
11314340::MST2::215,MST2,11314340,Cc1[nH]nc2ccc(-c3cncc(OCC(N)Cc4ccccc4)c3)cc12,5.267606240177031,5.431117026645206,5.500380404700972
11314340::MST3::216,MST3,11314340,Cc1[nH]nc2ccc(-c3cncc(OCC(N)Cc4ccccc4)c3)cc12,5.0,5.431117026645206,5.678416363705975
11314340::MYLK::220,MYLK,11314340,Cc1[nH]nc2ccc(-c3cncc(OCC(N)Cc4ccccc4)c3)cc12,6.060480747381382,5.431117026645206,5.376351568496679
11314340::MYLK2::221,MYLK2,11314340,Cc1[nH]nc2ccc(-c3cncc(OCC(N)Cc4ccccc4)c3)cc12,5.0,5.431117026645206,5.616487486310208
11314340::NEK1::227,NEK1,11314340,Cc1[nH]nc2ccc(-c3cncc(OCC(N)Cc4ccccc4)c3)cc12,5.0,5.431117026645206,5.508235251876288
11314340::p38-alpha::239,p38-alpha,11314340,Cc1[nH]nc2ccc(-c3cncc(OCC(N)Cc4ccccc4)c3)cc12,5.0,5.431117026645206,5.367583752082021
11314340::PAK4::246,PAK4,11314340,Cc1[nH]nc2ccc(-c3cncc(OCC(N)Cc4ccccc4)c3)cc12,6.008773924307505,5.431117026645206,5.556988381434493
11314340::PFPK5(Pfalciparum)::256,PFPK5(Pfalciparum),11314340,Cc1[nH]nc2ccc(-c3cncc(OCC(N)Cc4ccccc4)c3)cc12,5.0,5.431117026645206,5.275829613651797
11314340::PIK3CA(Q546K)::263,PIK3CA(Q546K),11314340,Cc1[nH]nc2ccc(-c3cncc(OCC(N)Cc4ccccc4)c3)cc12,5.0,5.431117026645206,5.402007572801485
11314340::PIK3CD::265,PIK3CD,11314340,Cc1[nH]nc2ccc(-c3cncc(OCC(N)Cc4ccccc4)c3)cc12,5.0,5.431117026645206,5.664762945174379
11314340::PIM3::270,PIM3,11314340,Cc1[nH]nc2ccc(-c3cncc(OCC(N)Cc4ccccc4)c3)cc12,6.853871964321762,5.431117026645206,5.304332381955401
11314340::PRKCE::286,PRKCE,11314340,Cc1[nH]nc2ccc(-c3cncc(OCC(N)Cc4ccccc4)c3)cc12,7.958607314841775,5.431117026645206,5.605370747712751
11314340::PYK2::298,PYK2,11314340,Cc1[nH]nc2ccc(-c3cncc(OCC(N)Cc4ccccc4)c3)cc12,5.0,5.431117026645206,5.40031519884535
11314340::RIPK5::308,RIPK5,11314340,Cc1[nH]nc2ccc(-c3cncc(OCC(N)Cc4ccccc4)c3)cc12,5.0,5.431117026645206,5.335997927870624
11314340::RSK2(KinDom.1-N-terminal)::315,RSK2(KinDom.1-N-terminal),11314340,Cc1[nH]nc2ccc(-c3cncc(OCC(N)Cc4ccccc4)c3)cc12,5.0,5.431117026645206,5.425050639458476
11314340::SNARK::325,SNARK,11314340,Cc1[nH]nc2ccc(-c3cncc(OCC(N)Cc4ccccc4)c3)cc12,5.376750709602099,5.431117026645206,5.56275085251796
11314340::TBK1::342,TBK1,11314340,Cc1[nH]nc2ccc(-c3cncc(OCC(N)Cc4ccccc4)c3)cc12,5.0,5.431117026645206,5.303779000986748
11314340::TNK1::352,TNK1,11314340,Cc1[nH]nc2ccc(-c3cncc(OCC(N)Cc4ccccc4)c3)cc12,5.0,5.431117026645206,5.408238565734144
11314340::TRKC::357,TRKC,11314340,Cc1[nH]nc2ccc(-c3cncc(OCC(N)Cc4ccccc4)c3)cc12,5.0,5.431117026645206,5.617691588660877
11314340::TRPM6::358,TRPM6,11314340,Cc1[nH]nc2ccc(-c3cncc(OCC(N)Cc4ccccc4)c3)cc12,5.0,5.431117026645206,5.346505330252368
11314340::TSSK1B::359,TSSK1B,11314340,Cc1[nH]nc2ccc(-c3cncc(OCC(N)Cc4ccccc4)c3)cc12,5.0,5.431117026645206,5.304984292917687
11314340::ULK1::364,ULK1,11314340,Cc1[nH]nc2ccc(-c3cncc(OCC(N)Cc4ccccc4)c3)cc12,5.096910013008056,5.431117026645206,5.415476557269474
24889392::ACVR2A::384,ACVR2A,24889392,CC(C)(C)c1cc(NC(=O)Nc2ccc(-c3cn4c(n3)sc3cc(OCCN5CCOCC5)ccc34)cc2)no1,5.0,5.1481932671140544,5.316842306030354
24889392::AKT1::389,AKT1,24889392,CC(C)(C)c1cc(NC(=O)Nc2ccc(-c3cn4c(n3)sc3cc(OCCN5CCOCC5)ccc34)cc2)no1,5.0,5.1481932671140544,5.137070260354731
24889392::AMPK-alpha1::393,AMPK-alpha1,24889392,CC(C)(C)c1cc(NC(=O)Nc2ccc(-c3cn4c(n3)sc3cc(OCCN5CCOCC5)ccc34)cc2)no1,5.0,5.1481932671140544,5.086995506871313
24889392::ARK5::396,ARK5,24889392,CC(C)(C)c1cc(NC(=O)Nc2ccc(-c3cn4c(n3)sc3cc(OCCN5CCOCC5)ccc34)cc2)no1,5.0,5.1481932671140544,5.116496493295326
24889392::AXL::402,AXL,24889392,CC(C)(C)c1cc(NC(=O)Nc2ccc(-c3cn4c(n3)sc3cc(OCCN5CCOCC5)ccc34)cc2)no1,5.0,5.1481932671140544,5.52704019472729
24889392::BIKE::403,BIKE,24889392,CC(C)(C)c1cc(NC(=O)Nc2ccc(-c3cn4c(n3)sc3cc(OCCN5CCOCC5)ccc34)cc2)no1,5.0,5.1481932671140544,5.385430140000222
24889392::BLK::404,BLK,24889392,CC(C)(C)c1cc(NC(=O)Nc2ccc(-c3cn4c(n3)sc3cc(OCCN5CCOCC5)ccc34)cc2)no1,5.0,5.1481932671140544,5.150387243298833
24889392::BMPR1A::405,BMPR1A,24889392,CC(C)(C)c1cc(NC(=O)Nc2ccc(-c3cn4c(n3)sc3cc(OCCN5CCOCC5)ccc34)cc2)no1,5.0,5.1481932671140544,5.0731237836737035
24889392::BRAF(V600E)::409,BRAF(V600E),24889392,CC(C)(C)c1cc(NC(=O)Nc2ccc(-c3cn4c(n3)sc3cc(OCCN5CCOCC5)ccc34)cc2)no1,5.0,5.1481932671140544,5.102570268329223
24889392::BRSK1::411,BRSK1,24889392,CC(C)(C)c1cc(NC(=O)Nc2ccc(-c3cn4c(n3)sc3cc(OCCN5CCOCC5)ccc34)cc2)no1,5.0,5.1481932671140544,5.07562218644604
24889392::CAMK1::414,CAMK1,24889392,CC(C)(C)c1cc(NC(=O)Nc2ccc(-c3cn4c(n3)sc3cc(OCCN5CCOCC5)ccc34)cc2)no1,5.0,5.1481932671140544,5.042802091635563
24889392::CAMK1D::415,CAMK1D,24889392,CC(C)(C)c1cc(NC(=O)Nc2ccc(-c3cn4c(n3)sc3cc(OCCN5CCOCC5)ccc34)cc2)no1,5.0,5.1481932671140544,5.091562501910621
24889392::CAMK1G::416,CAMK1G,24889392,CC(C)(C)c1cc(NC(=O)Nc2ccc(-c3cn4c(n3)sc3cc(OCCN5CCOCC5)ccc34)cc2)no1,5.0,5.1481932671140544,5.127955931580217
24889392::CAMK2G::420,CAMK2G,24889392,CC(C)(C)c1cc(NC(=O)Nc2ccc(-c3cn4c(n3)sc3cc(OCCN5CCOCC5)ccc34)cc2)no1,5.0,5.1481932671140544,5.068488683992546
24889392::CAMK4::421,CAMK4,24889392,CC(C)(C)c1cc(NC(=O)Nc2ccc(-c3cn4c(n3)sc3cc(OCCN5CCOCC5)ccc34)cc2)no1,5.0,5.1481932671140544,5.061961222418861
24889392::CAMKK1::422,CAMKK1,24889392,CC(C)(C)c1cc(NC(=O)Nc2ccc(-c3cn4c(n3)sc3cc(OCCN5CCOCC5)ccc34)cc2)no1,5.0,5.1481932671140544,5.171214188145828
24889392::CDKL2::437,CDKL2,24889392,CC(C)(C)c1cc(NC(=O)Nc2ccc(-c3cn4c(n3)sc3cc(OCCN5CCOCC5)ccc34)cc2)no1,5.0,5.1481932671140544,5.093348759628685
24889392::CDKL5::439,CDKL5,24889392,CC(C)(C)c1cc(NC(=O)Nc2ccc(-c3cn4c(n3)sc3cc(OCCN5CCOCC5)ccc34)cc2)no1,5.0,5.1481932671140544,5.034105177277165
24889392::CLK1::443,CLK1,24889392,CC(C)(C)c1cc(NC(=O)Nc2ccc(-c3cn4c(n3)sc3cc(OCCN5CCOCC5)ccc34)cc2)no1,5.0,5.1481932671140544,5.212016202386928
24889392::CLK2::444,CLK2,24889392,CC(C)(C)c1cc(NC(=O)Nc2ccc(-c3cn4c(n3)sc3cc(OCCN5CCOCC5)ccc34)cc2)no1,5.0,5.1481932671140544,5.367392288359319
24889392::CSNK1A1L::450,CSNK1A1L,24889392,CC(C)(C)c1cc(NC(=O)Nc2ccc(-c3cn4c(n3)sc3cc(OCCN5CCOCC5)ccc34)cc2)no1,5.0,5.1481932671140544,5.002111779196885
24889392::CSNK1G1::453,CSNK1G1,24889392,CC(C)(C)c1cc(NC(=O)Nc2ccc(-c3cn4c(n3)sc3cc(OCCN5CCOCC5)ccc34)cc2)no1,5.0,5.1481932671140544,5.002819504351112
24889392::CSNK1G3::455,CSNK1G3,24889392,CC(C)(C)c1cc(NC(=O)Nc2ccc(-c3cn4c(n3)sc3cc(OCCN5CCOCC5)ccc34)cc2)no1,5.0,5.1481932671140544,4.929276472989268
24889392::DCAMKL1::462,DCAMKL1,24889392,CC(C)(C)c1cc(NC(=O)Nc2ccc(-c3cn4c(n3)sc3cc(OCCN5CCOCC5)ccc34)cc2)no1,5.0,5.1481932671140544,5.0363348264816565
24889392::DCAMKL2::463,DCAMKL2,24889392,CC(C)(C)c1cc(NC(=O)Nc2ccc(-c3cn4c(n3)sc3cc(OCCN5CCOCC5)ccc34)cc2)no1,5.0,5.1481932671140544,5.023991450299629
24889392::DMPK::468,DMPK,24889392,CC(C)(C)c1cc(NC(=O)Nc2ccc(-c3cn4c(n3)sc3cc(OCCN5CCOCC5)ccc34)cc2)no1,5.0,5.1481932671140544,5.183468747447828
24889392::DYRK1A::472,DYRK1A,24889392,CC(C)(C)c1cc(NC(=O)Nc2ccc(-c3cn4c(n3)sc3cc(OCCN5CCOCC5)ccc34)cc2)no1,5.0,5.1481932671140544,5.157816807963654
24889392::EPHA6::482,EPHA6,24889392,CC(C)(C)c1cc(NC(=O)Nc2ccc(-c3cn4c(n3)sc3cc(OCCN5CCOCC5)ccc34)cc2)no1,5.040958607678906,5.1481932671140544,5.137128558595104
24889392::ERBB2::490,ERBB2,24889392,CC(C)(C)c1cc(NC(=O)Nc2ccc(-c3cn4c(n3)sc3cc(OCCN5CCOCC5)ccc34)cc2)no1,5.0,5.1481932671140544,5.190090481201239
24889392::FGFR3(G697C)::505,FGFR3(G697C),24889392,CC(C)(C)c1cc(NC(=O)Nc2ccc(-c3cn4c(n3)sc3cc(OCCN5CCOCC5)ccc34)cc2)no1,5.0,5.1481932671140544,5.155863835847321
24889392::FLT1::508,FLT1,24889392,CC(C)(C)c1cc(NC(=O)Nc2ccc(-c3cn4c(n3)sc3cc(OCCN5CCOCC5)ccc34)cc2)no1,7.387216143280264,5.1481932671140544,5.453280805767272
24889392::FLT4::510,FLT4,24889392,CC(C)(C)c1cc(NC(=O)Nc2ccc(-c3cn4c(n3)sc3cc(OCCN5CCOCC5)ccc34)cc2)no1,7.387216143280264,5.1481932671140544,5.276613178519287
24889392::FYN::512,FYN,24889392,CC(C)(C)c1cc(NC(=O)Nc2ccc(-c3cn4c(n3)sc3cc(OCCN5CCOCC5)ccc34)cc2)no1,5.0,5.1481932671140544,5.373192499108111
24889392::GAK::513,GAK,24889392,CC(C)(C)c1cc(NC(=O)Nc2ccc(-c3cn4c(n3)sc3cc(OCCN5CCOCC5)ccc34)cc2)no1,5.0,5.1481932671140544,5.105806102119488
24889392::HIPK3::523,HIPK3,24889392,CC(C)(C)c1cc(NC(=O)Nc2ccc(-c3cn4c(n3)sc3cc(OCCN5CCOCC5)ccc34)cc2)no1,5.0,5.1481932671140544,5.128940794701985
24889392::HUNK::526,HUNK,24889392,CC(C)(C)c1cc(NC(=O)Nc2ccc(-c3cn4c(n3)sc3cc(OCCN5CCOCC5)ccc34)cc2)no1,5.0,5.1481932671140544,5.2520400104649125
24889392::ICK::527,ICK,24889392,CC(C)(C)c1cc(NC(=O)Nc2ccc(-c3cn4c(n3)sc3cc(OCCN5CCOCC5)ccc34)cc2)no1,5.0,5.1481932671140544,5.012175036386692
24889392::IKK-alpha::529,IKK-alpha,24889392,CC(C)(C)c1cc(NC(=O)Nc2ccc(-c3cn4c(n3)sc3cc(OCCN5CCOCC5)ccc34)cc2)no1,5.0,5.1481932671140544,5.055325063035423
24889392::IKK-epsilon::531,IKK-epsilon,24889392,CC(C)(C)c1cc(NC(=O)Nc2ccc(-c3cn4c(n3)sc3cc(OCCN5CCOCC5)ccc34)cc2)no1,5.0,5.1481932671140544,5.038589831972424
24889392::JAK3(JH1domain-catalytic)::540,JAK3(JH1domain-catalytic),24889392,CC(C)(C)c1cc(NC(=O)Nc2ccc(-c3cn4c(n3)sc3cc(OCCN5CCOCC5)ccc34)cc2)no1,5.0,5.1481932671140544,5.113122418475491
24889392::JNK1::541,JNK1,24889392,CC(C)(C)c1cc(NC(=O)Nc2ccc(-c3cn4c(n3)sc3cc(OCCN5CCOCC5)ccc34)cc2)no1,5.0,5.1481932671140544,5.125506711237603
24889392::JNK2::542,JNK2,24889392,CC(C)(C)c1cc(NC(=O)Nc2ccc(-c3cn4c(n3)sc3cc(OCCN5CCOCC5)ccc34)cc2)no1,5.0,5.1481932671140544,5.277513659218965
24889392::LOK::551,LOK,24889392,CC(C)(C)c1cc(NC(=O)Nc2ccc(-c3cn4c(n3)sc3cc(OCCN5CCOCC5)ccc34)cc2)no1,5.6777807052660805,5.1481932671140544,5.306991158666325
24889392::MAK::556,MAK,24889392,CC(C)(C)c1cc(NC(=O)Nc2ccc(-c3cn4c(n3)sc3cc(OCCN5CCOCC5)ccc34)cc2)no1,5.0,5.1481932671140544,5.343287568062485
24889392::MAP3K15::558,MAP3K15,24889392,CC(C)(C)c1cc(NC(=O)Nc2ccc(-c3cn4c(n3)sc3cc(OCCN5CCOCC5)ccc34)cc2)no1,5.0,5.1481932671140544,5.087443624380937
24889392::MAP4K2::562,MAP4K2,24889392,CC(C)(C)c1cc(NC(=O)Nc2ccc(-c3cn4c(n3)sc3cc(OCCN5CCOCC5)ccc34)cc2)no1,5.0,5.1481932671140544,5.139259040452318
24889392::MAP4K3::563,MAP4K3,24889392,CC(C)(C)c1cc(NC(=O)Nc2ccc(-c3cn4c(n3)sc3cc(OCCN5CCOCC5)ccc34)cc2)no1,5.0,5.1481932671140544,5.222779662127802
24889392::MEK1::573,MEK1,24889392,CC(C)(C)c1cc(NC(=O)Nc2ccc(-c3cn4c(n3)sc3cc(OCCN5CCOCC5)ccc34)cc2)no1,5.0,5.1481932671140544,5.139367994320852
24889392::MELK::579,MELK,24889392,CC(C)(C)c1cc(NC(=O)Nc2ccc(-c3cn4c(n3)sc3cc(OCCN5CCOCC5)ccc34)cc2)no1,5.0,5.1481932671140544,5.084999115743189
24889392::MLK1::587,MLK1,24889392,CC(C)(C)c1cc(NC(=O)Nc2ccc(-c3cn4c(n3)sc3cc(OCCN5CCOCC5)ccc34)cc2)no1,5.0,5.1481932671140544,5.190950493290585
24889392::MLK2::588,MLK2,24889392,CC(C)(C)c1cc(NC(=O)Nc2ccc(-c3cn4c(n3)sc3cc(OCCN5CCOCC5)ccc34)cc2)no1,5.0,5.1481932671140544,5.094412238544071
24889392::MLK3::589,MLK3,24889392,CC(C)(C)c1cc(NC(=O)Nc2ccc(-c3cn4c(n3)sc3cc(OCCN5CCOCC5)ccc34)cc2)no1,5.0,5.1481932671140544,5.21849942812517
24889392::MST1::592,MST1,24889392,CC(C)(C)c1cc(NC(=O)Nc2ccc(-c3cn4c(n3)sc3cc(OCCN5CCOCC5)ccc34)cc2)no1,5.0,5.1481932671140544,5.19669403831435
24889392::MST1R::593,MST1R,24889392,CC(C)(C)c1cc(NC(=O)Nc2ccc(-c3cn4c(n3)sc3cc(OCCN5CCOCC5)ccc34)cc2)no1,5.0,5.1481932671140544,5.285264134513083
24889392::MST2::594,MST2,24889392,CC(C)(C)c1cc(NC(=O)Nc2ccc(-c3cn4c(n3)sc3cc(OCCN5CCOCC5)ccc34)cc2)no1,5.0,5.1481932671140544,5.144211381584292
24889392::MST3::595,MST3,24889392,CC(C)(C)c1cc(NC(=O)Nc2ccc(-c3cn4c(n3)sc3cc(OCCN5CCOCC5)ccc34)cc2)no1,5.0,5.1481932671140544,5.095901633820425
24889392::MYLK::599,MYLK,24889392,CC(C)(C)c1cc(NC(=O)Nc2ccc(-c3cn4c(n3)sc3cc(OCCN5CCOCC5)ccc34)cc2)no1,5.0,5.1481932671140544,5.202873896108654
24889392::MYLK2::600,MYLK2,24889392,CC(C)(C)c1cc(NC(=O)Nc2ccc(-c3cn4c(n3)sc3cc(OCCN5CCOCC5)ccc34)cc2)no1,5.0,5.1481932671140544,5.098078334642589
24889392::NEK1::606,NEK1,24889392,CC(C)(C)c1cc(NC(=O)Nc2ccc(-c3cn4c(n3)sc3cc(OCCN5CCOCC5)ccc34)cc2)no1,5.0,5.1481932671140544,5.056510253682473
24889392::p38-alpha::618,p38-alpha,24889392,CC(C)(C)c1cc(NC(=O)Nc2ccc(-c3cn4c(n3)sc3cc(OCCN5CCOCC5)ccc34)cc2)no1,5.0,5.1481932671140544,5.0527316578472155
24889392::PAK4::625,PAK4,24889392,CC(C)(C)c1cc(NC(=O)Nc2ccc(-c3cn4c(n3)sc3cc(OCCN5CCOCC5)ccc34)cc2)no1,5.0,5.1481932671140544,5.2543361125336565
24889392::PFPK5(Pfalciparum)::635,PFPK5(Pfalciparum),24889392,CC(C)(C)c1cc(NC(=O)Nc2ccc(-c3cn4c(n3)sc3cc(OCCN5CCOCC5)ccc34)cc2)no1,5.0,5.1481932671140544,5.045774421111464
24889392::PIK3CA(Q546K)::642,PIK3CA(Q546K),24889392,CC(C)(C)c1cc(NC(=O)Nc2ccc(-c3cn4c(n3)sc3cc(OCCN5CCOCC5)ccc34)cc2)no1,5.0,5.1481932671140544,5.035971142681387
24889392::PIK3CD::644,PIK3CD,24889392,CC(C)(C)c1cc(NC(=O)Nc2ccc(-c3cn4c(n3)sc3cc(OCCN5CCOCC5)ccc34)cc2)no1,5.0,5.1481932671140544,5.15676652809334
24889392::PIM3::649,PIM3,24889392,CC(C)(C)c1cc(NC(=O)Nc2ccc(-c3cn4c(n3)sc3cc(OCCN5CCOCC5)ccc34)cc2)no1,5.0,5.1481932671140544,5.244401142544463
24889392::PRKCE::665,PRKCE,24889392,CC(C)(C)c1cc(NC(=O)Nc2ccc(-c3cn4c(n3)sc3cc(OCCN5CCOCC5)ccc34)cc2)no1,5.0,5.1481932671140544,5.092948755526675
24889392::PYK2::677,PYK2,24889392,CC(C)(C)c1cc(NC(=O)Nc2ccc(-c3cn4c(n3)sc3cc(OCCN5CCOCC5)ccc34)cc2)no1,5.0,5.1481932671140544,5.260263510334944
24889392::RIPK5::687,RIPK5,24889392,CC(C)(C)c1cc(NC(=O)Nc2ccc(-c3cn4c(n3)sc3cc(OCCN5CCOCC5)ccc34)cc2)no1,5.0,5.1481932671140544,5.091513732858317
24889392::RSK2(KinDom.1-N-terminal)::694,RSK2(KinDom.1-N-terminal),24889392,CC(C)(C)c1cc(NC(=O)Nc2ccc(-c3cn4c(n3)sc3cc(OCCN5CCOCC5)ccc34)cc2)no1,5.0,5.1481932671140544,5.141459750155412
24889392::SNARK::704,SNARK,24889392,CC(C)(C)c1cc(NC(=O)Nc2ccc(-c3cn4c(n3)sc3cc(OCCN5CCOCC5)ccc34)cc2)no1,5.0,5.1481932671140544,5.060852781874358
24889392::TBK1::721,TBK1,24889392,CC(C)(C)c1cc(NC(=O)Nc2ccc(-c3cn4c(n3)sc3cc(OCCN5CCOCC5)ccc34)cc2)no1,5.0,5.1481932671140544,5.1716579178363125
24889392::TNK1::731,TNK1,24889392,CC(C)(C)c1cc(NC(=O)Nc2ccc(-c3cn4c(n3)sc3cc(OCCN5CCOCC5)ccc34)cc2)no1,5.0,5.1481932671140544,5.176361956456782
24889392::TRKC::736,TRKC,24889392,CC(C)(C)c1cc(NC(=O)Nc2ccc(-c3cn4c(n3)sc3cc(OCCN5CCOCC5)ccc34)cc2)no1,6.259637310505756,5.1481932671140544,5.553289936776451
24889392::TRPM6::737,TRPM6,24889392,CC(C)(C)c1cc(NC(=O)Nc2ccc(-c3cn4c(n3)sc3cc(OCCN5CCOCC5)ccc34)cc2)no1,5.0,5.1481932671140544,5.204503672855996
24889392::TSSK1B::738,TSSK1B,24889392,CC(C)(C)c1cc(NC(=O)Nc2ccc(-c3cn4c(n3)sc3cc(OCCN5CCOCC5)ccc34)cc2)no1,5.0,5.1481932671140544,5.066655521298591
24889392::ULK1::743,ULK1,24889392,CC(C)(C)c1cc(NC(=O)Nc2ccc(-c3cn4c(n3)sc3cc(OCCN5CCOCC5)ccc34)cc2)no1,5.0,5.1481932671140544,5.19363988149879
11409972::ACVR2A::763,ACVR2A,11409972,CCN1CCN(Cc2ccc(NC(=O)Nc3ccc(Oc4cc(NC)ncn4)cc3)cc2C(F)(F)F)CC1,5.0,5.970882922893917,6.662771221892386
11409972::AKT1::768,AKT1,11409972,CCN1CCN(Cc2ccc(NC(=O)Nc3ccc(Oc4cc(NC)ncn4)cc3)cc2C(F)(F)F)CC1,5.0,5.970882922893917,5.390844488778932
11409972::AMPK-alpha1::772,AMPK-alpha1,11409972,CCN1CCN(Cc2ccc(NC(=O)Nc3ccc(Oc4cc(NC)ncn4)cc3)cc2C(F)(F)F)CC1,5.853871964321762,5.970882922893917,5.610753124431444
11409972::ARK5::775,ARK5,11409972,CCN1CCN(Cc2ccc(NC(=O)Nc3ccc(Oc4cc(NC)ncn4)cc3)cc2C(F)(F)F)CC1,5.0,5.970882922893917,5.834916017011747
11409972::AXL::781,AXL,11409972,CCN1CCN(Cc2ccc(NC(=O)Nc3ccc(Oc4cc(NC)ncn4)cc3)cc2C(F)(F)F)CC1,6.2441251443275085,5.970882922893917,6.3983871884723635
11409972::BIKE::782,BIKE,11409972,CCN1CCN(Cc2ccc(NC(=O)Nc3ccc(Oc4cc(NC)ncn4)cc3)cc2C(F)(F)F)CC1,5.0,5.970882922893917,6.578200207559603
11409972::BLK::783,BLK,11409972,CCN1CCN(Cc2ccc(NC(=O)Nc3ccc(Oc4cc(NC)ncn4)cc3)cc2C(F)(F)F)CC1,7.522878745280337,5.970882922893917,5.741829375174774
11409972::BMPR1A::784,BMPR1A,11409972,CCN1CCN(Cc2ccc(NC(=O)Nc3ccc(Oc4cc(NC)ncn4)cc3)cc2C(F)(F)F)CC1,5.0,5.970882922893917,5.821422317338103
11409972::BRAF(V600E)::788,BRAF(V600E),11409972,CCN1CCN(Cc2ccc(NC(=O)Nc3ccc(Oc4cc(NC)ncn4)cc3)cc2C(F)(F)F)CC1,6.886056647693163,5.970882922893917,6.342101248788957
11409972::BRSK1::790,BRSK1,11409972,CCN1CCN(Cc2ccc(NC(=O)Nc3ccc(Oc4cc(NC)ncn4)cc3)cc2C(F)(F)F)CC1,5.0,5.970882922893917,5.561104117396017
11409972::CAMK1::793,CAMK1,11409972,CCN1CCN(Cc2ccc(NC(=O)Nc3ccc(Oc4cc(NC)ncn4)cc3)cc2C(F)(F)F)CC1,5.522878745280337,5.970882922893917,5.6020149826852155
11409972::CAMK1D::794,CAMK1D,11409972,CCN1CCN(Cc2ccc(NC(=O)Nc3ccc(Oc4cc(NC)ncn4)cc3)cc2C(F)(F)F)CC1,5.356547323513812,5.970882922893917,5.576141976210459
11409972::CAMK1G::795,CAMK1G,11409972,CCN1CCN(Cc2ccc(NC(=O)Nc3ccc(Oc4cc(NC)ncn4)cc3)cc2C(F)(F)F)CC1,5.0,5.970882922893917,5.614046363525781
11409972::CAMK2G::799,CAMK2G,11409972,CCN1CCN(Cc2ccc(NC(=O)Nc3ccc(Oc4cc(NC)ncn4)cc3)cc2C(F)(F)F)CC1,5.0,5.970882922893917,6.125160032988095
11409972::CAMK4::800,CAMK4,11409972,CCN1CCN(Cc2ccc(NC(=O)Nc3ccc(Oc4cc(NC)ncn4)cc3)cc2C(F)(F)F)CC1,5.431798275933005,5.970882922893917,5.8275996084176604
11409972::CAMKK1::801,CAMKK1,11409972,CCN1CCN(Cc2ccc(NC(=O)Nc3ccc(Oc4cc(NC)ncn4)cc3)cc2C(F)(F)F)CC1,6.657577319177793,5.970882922893917,6.016094058233144
11409972::CDKL2::816,CDKL2,11409972,CCN1CCN(Cc2ccc(NC(=O)Nc3ccc(Oc4cc(NC)ncn4)cc3)cc2C(F)(F)F)CC1,9.2839966563652,5.970882922893917,5.7724277680492175
11409972::CDKL5::818,CDKL5,11409972,CCN1CCN(Cc2ccc(NC(=O)Nc3ccc(Oc4cc(NC)ncn4)cc3)cc2C(F)(F)F)CC1,8.18045606445813,5.970882922893917,5.415117384416256
11409972::CLK1::822,CLK1,11409972,CCN1CCN(Cc2ccc(NC(=O)Nc3ccc(Oc4cc(NC)ncn4)cc3)cc2C(F)(F)F)CC1,6.958607314841775,5.970882922893917,5.873504912448134
11409972::CLK2::823,CLK2,11409972,CCN1CCN(Cc2ccc(NC(=O)Nc3ccc(Oc4cc(NC)ncn4)cc3)cc2C(F)(F)F)CC1,5.7447274948966935,5.970882922893917,5.934873226040647
11409972::CSNK1A1L::829,CSNK1A1L,11409972,CCN1CCN(Cc2ccc(NC(=O)Nc3ccc(Oc4cc(NC)ncn4)cc3)cc2C(F)(F)F)CC1,5.0,5.970882922893917,5.657727331654163
11409972::CSNK1G1::832,CSNK1G1,11409972,CCN1CCN(Cc2ccc(NC(=O)Nc3ccc(Oc4cc(NC)ncn4)cc3)cc2C(F)(F)F)CC1,6.0,5.970882922893917,5.757414099279925
11409972::CSNK1G3::834,CSNK1G3,11409972,CCN1CCN(Cc2ccc(NC(=O)Nc3ccc(Oc4cc(NC)ncn4)cc3)cc2C(F)(F)F)CC1,7.013228265733755,5.970882922893917,5.443195299978782
11409972::DCAMKL1::841,DCAMKL1,11409972,CCN1CCN(Cc2ccc(NC(=O)Nc3ccc(Oc4cc(NC)ncn4)cc3)cc2C(F)(F)F)CC1,5.0,5.970882922893917,5.353786805030459
11409972::DCAMKL2::842,DCAMKL2,11409972,CCN1CCN(Cc2ccc(NC(=O)Nc3ccc(Oc4cc(NC)ncn4)cc3)cc2C(F)(F)F)CC1,5.0,5.970882922893917,5.527227004765373
11409972::DMPK::847,DMPK,11409972,CCN1CCN(Cc2ccc(NC(=O)Nc3ccc(Oc4cc(NC)ncn4)cc3)cc2C(F)(F)F)CC1,5.0,5.970882922893917,5.6252867143589125
11409972::DYRK1A::851,DYRK1A,11409972,CCN1CCN(Cc2ccc(NC(=O)Nc3ccc(Oc4cc(NC)ncn4)cc3)cc2C(F)(F)F)CC1,5.0,5.970882922893917,6.007812211080645
11409972::EPHA6::861,EPHA6,11409972,CCN1CCN(Cc2ccc(NC(=O)Nc3ccc(Oc4cc(NC)ncn4)cc3)cc2C(F)(F)F)CC1,6.42021640338319,5.970882922893917,6.19145925416273
11409972::ERBB2::869,ERBB2,11409972,CCN1CCN(Cc2ccc(NC(=O)Nc3ccc(Oc4cc(NC)ncn4)cc3)cc2C(F)(F)F)CC1,5.0,5.970882922893917,6.022549597531831
11409972::FGFR3(G697C)::884,FGFR3(G697C),11409972,CCN1CCN(Cc2ccc(NC(=O)Nc3ccc(Oc4cc(NC)ncn4)cc3)cc2C(F)(F)F)CC1,5.522878745280337,5.970882922893917,5.862239950031911
11409972::FLT1::887,FLT1,11409972,CCN1CCN(Cc2ccc(NC(=O)Nc3ccc(Oc4cc(NC)ncn4)cc3)cc2C(F)(F)F)CC1,7.0655015487564325,5.970882922893917,6.264947983550044
11409972::FLT4::889,FLT4,11409972,CCN1CCN(Cc2ccc(NC(=O)Nc3ccc(Oc4cc(NC)ncn4)cc3)cc2C(F)(F)F)CC1,6.920818753952375,5.970882922893917,5.906817084238737
11409972::FYN::891,FYN,11409972,CCN1CCN(Cc2ccc(NC(=O)Nc3ccc(Oc4cc(NC)ncn4)cc3)cc2C(F)(F)F)CC1,7.301029995663981,5.970882922893917,6.504964668587563
11409972::GAK::892,GAK,11409972,CCN1CCN(Cc2ccc(NC(=O)Nc3ccc(Oc4cc(NC)ncn4)cc3)cc2C(F)(F)F)CC1,5.886056647693163,5.970882922893917,5.571713172415836
11409972::HIPK3::902,HIPK3,11409972,CCN1CCN(Cc2ccc(NC(=O)Nc3ccc(Oc4cc(NC)ncn4)cc3)cc2C(F)(F)F)CC1,8.397940008672037,5.970882922893917,6.299024898978589
11409972::HUNK::905,HUNK,11409972,CCN1CCN(Cc2ccc(NC(=O)Nc3ccc(Oc4cc(NC)ncn4)cc3)cc2C(F)(F)F)CC1,5.0,5.970882922893917,5.695596397390256
11409972::ICK::906,ICK,11409972,CCN1CCN(Cc2ccc(NC(=O)Nc3ccc(Oc4cc(NC)ncn4)cc3)cc2C(F)(F)F)CC1,5.6020599913279625,5.970882922893917,5.68230842068827
11409972::IKK-alpha::908,IKK-alpha,11409972,CCN1CCN(Cc2ccc(NC(=O)Nc3ccc(Oc4cc(NC)ncn4)cc3)cc2C(F)(F)F)CC1,7.387216143280264,5.970882922893917,5.603860154193875
11409972::IKK-epsilon::910,IKK-epsilon,11409972,CCN1CCN(Cc2ccc(NC(=O)Nc3ccc(Oc4cc(NC)ncn4)cc3)cc2C(F)(F)F)CC1,5.0,5.970882922893917,6.040079671973168
11409972::JAK3(JH1domain-catalytic)::919,JAK3(JH1domain-catalytic),11409972,CCN1CCN(Cc2ccc(NC(=O)Nc3ccc(Oc4cc(NC)ncn4)cc3)cc2C(F)(F)F)CC1,6.585026652029182,5.970882922893917,6.012823108847551
11409972::JNK1::920,JNK1,11409972,CCN1CCN(Cc2ccc(NC(=O)Nc3ccc(Oc4cc(NC)ncn4)cc3)cc2C(F)(F)F)CC1,6.337242168318426,5.970882922893917,5.883946842753969
11409972::JNK2::921,JNK2,11409972,CCN1CCN(Cc2ccc(NC(=O)Nc3ccc(Oc4cc(NC)ncn4)cc3)cc2C(F)(F)F)CC1,7.251811972993799,5.970882922893917,6.116730284538002
11409972::LOK::930,LOK,11409972,CCN1CCN(Cc2ccc(NC(=O)Nc3ccc(Oc4cc(NC)ncn4)cc3)cc2C(F)(F)F)CC1,9.036212172654444,5.970882922893917,6.505300687434608
11409972::MAK::935,MAK,11409972,CCN1CCN(Cc2ccc(NC(=O)Nc3ccc(Oc4cc(NC)ncn4)cc3)cc2C(F)(F)F)CC1,6.0,5.970882922893917,5.8100158894288665
11409972::MAP3K15::937,MAP3K15,11409972,CCN1CCN(Cc2ccc(NC(=O)Nc3ccc(Oc4cc(NC)ncn4)cc3)cc2C(F)(F)F)CC1,5.0,5.970882922893917,5.58487545115581
11409972::MAP4K2::941,MAP4K2,11409972,CCN1CCN(Cc2ccc(NC(=O)Nc3ccc(Oc4cc(NC)ncn4)cc3)cc2C(F)(F)F)CC1,7.0,5.970882922893917,6.0194644262964125
11409972::MAP4K3::942,MAP4K3,11409972,CCN1CCN(Cc2ccc(NC(=O)Nc3ccc(Oc4cc(NC)ncn4)cc3)cc2C(F)(F)F)CC1,6.721246399047171,5.970882922893917,6.359620019163743
11409972::MEK1::952,MEK1,11409972,CCN1CCN(Cc2ccc(NC(=O)Nc3ccc(Oc4cc(NC)ncn4)cc3)cc2C(F)(F)F)CC1,5.0,5.970882922893917,5.983366945684888
11409972::MELK::958,MELK,11409972,CCN1CCN(Cc2ccc(NC(=O)Nc3ccc(Oc4cc(NC)ncn4)cc3)cc2C(F)(F)F)CC1,6.080921907623926,5.970882922893917,5.651067173122287
11409972::MLK1::966,MLK1,11409972,CCN1CCN(Cc2ccc(NC(=O)Nc3ccc(Oc4cc(NC)ncn4)cc3)cc2C(F)(F)F)CC1,5.0,5.970882922893917,5.834037089057774
11409972::MLK2::967,MLK2,11409972,CCN1CCN(Cc2ccc(NC(=O)Nc3ccc(Oc4cc(NC)ncn4)cc3)cc2C(F)(F)F)CC1,5.0,5.970882922893917,6.338718172939253
11409972::MLK3::968,MLK3,11409972,CCN1CCN(Cc2ccc(NC(=O)Nc3ccc(Oc4cc(NC)ncn4)cc3)cc2C(F)(F)F)CC1,5.3979400086720375,5.970882922893917,6.161124226793485
11409972::MST1::971,MST1,11409972,CCN1CCN(Cc2ccc(NC(=O)Nc3ccc(Oc4cc(NC)ncn4)cc3)cc2C(F)(F)F)CC1,5.522878745280337,5.970882922893917,6.343797184868878
11409972::MST1R::972,MST1R,11409972,CCN1CCN(Cc2ccc(NC(=O)Nc3ccc(Oc4cc(NC)ncn4)cc3)cc2C(F)(F)F)CC1,6.318758762624412,5.970882922893917,5.85130878020622
11409972::MST2::973,MST2,11409972,CCN1CCN(Cc2ccc(NC(=O)Nc3ccc(Oc4cc(NC)ncn4)cc3)cc2C(F)(F)F)CC1,6.065501548756432,5.970882922893917,6.2671178418163525
11409972::MST3::974,MST3,11409972,CCN1CCN(Cc2ccc(NC(=O)Nc3ccc(Oc4cc(NC)ncn4)cc3)cc2C(F)(F)F)CC1,5.886056647693163,5.970882922893917,6.538205923055659
11409972::MYLK::978,MYLK,11409972,CCN1CCN(Cc2ccc(NC(=O)Nc3ccc(Oc4cc(NC)ncn4)cc3)cc2C(F)(F)F)CC1,5.0,5.970882922893917,6.109566043658726
11409972::MYLK2::979,MYLK2,11409972,CCN1CCN(Cc2ccc(NC(=O)Nc3ccc(Oc4cc(NC)ncn4)cc3)cc2C(F)(F)F)CC1,6.481486060122112,5.970882922893917,5.604798278905646
11409972::NEK1::985,NEK1,11409972,CCN1CCN(Cc2ccc(NC(=O)Nc3ccc(Oc4cc(NC)ncn4)cc3)cc2C(F)(F)F)CC1,5.2839966563652006,5.970882922893917,5.595962225485591
11409972::p38-alpha::997,p38-alpha,11409972,CCN1CCN(Cc2ccc(NC(=O)Nc3ccc(Oc4cc(NC)ncn4)cc3)cc2C(F)(F)F)CC1,7.136677139879544,5.970882922893917,5.933186290849561
11409972::PAK4::1004,PAK4,11409972,CCN1CCN(Cc2ccc(NC(=O)Nc3ccc(Oc4cc(NC)ncn4)cc3)cc2C(F)(F)F)CC1,5.0,5.970882922893917,6.175434496658791
11409972::PFPK5(Pfalciparum)::1014,PFPK5(Pfalciparum),11409972,CCN1CCN(Cc2ccc(NC(=O)Nc3ccc(Oc4cc(NC)ncn4)cc3)cc2C(F)(F)F)CC1,5.0,5.970882922893917,5.863329347191826
11409972::PIK3CA(Q546K)::1021,PIK3CA(Q546K),11409972,CCN1CCN(Cc2ccc(NC(=O)Nc3ccc(Oc4cc(NC)ncn4)cc3)cc2C(F)(F)F)CC1,5.0,5.970882922893917,5.890694107489611
11409972::PIK3CD::1023,PIK3CD,11409972,CCN1CCN(Cc2ccc(NC(=O)Nc3ccc(Oc4cc(NC)ncn4)cc3)cc2C(F)(F)F)CC1,5.0,5.970882922893917,5.800740002046059
11409972::PIM3::1028,PIM3,11409972,CCN1CCN(Cc2ccc(NC(=O)Nc3ccc(Oc4cc(NC)ncn4)cc3)cc2C(F)(F)F)CC1,5.0,5.970882922893917,5.668568076167877
11409972::PRKCE::1044,PRKCE,11409972,CCN1CCN(Cc2ccc(NC(=O)Nc3ccc(Oc4cc(NC)ncn4)cc3)cc2C(F)(F)F)CC1,5.0,5.970882922893917,5.575652475985021
11409972::PYK2::1056,PYK2,11409972,CCN1CCN(Cc2ccc(NC(=O)Nc3ccc(Oc4cc(NC)ncn4)cc3)cc2C(F)(F)F)CC1,6.2839966563652006,5.970882922893917,6.329779747866073
11409972::RIPK5::1066,RIPK5,11409972,CCN1CCN(Cc2ccc(NC(=O)Nc3ccc(Oc4cc(NC)ncn4)cc3)cc2C(F)(F)F)CC1,6.443697499232712,5.970882922893917,5.719255293425837
11409972::RSK2(KinDom.1-N-terminal)::1073,RSK2(KinDom.1-N-terminal),11409972,CCN1CCN(Cc2ccc(NC(=O)Nc3ccc(Oc4cc(NC)ncn4)cc3)cc2C(F)(F)F)CC1,5.0,5.970882922893917,5.638147588334941
11409972::SNARK::1083,SNARK,11409972,CCN1CCN(Cc2ccc(NC(=O)Nc3ccc(Oc4cc(NC)ncn4)cc3)cc2C(F)(F)F)CC1,5.0,5.970882922893917,5.671407618976065
11409972::TBK1::1100,TBK1,11409972,CCN1CCN(Cc2ccc(NC(=O)Nc3ccc(Oc4cc(NC)ncn4)cc3)cc2C(F)(F)F)CC1,5.0,5.970882922893917,5.993587652241912
11409972::TNK1::1110,TNK1,11409972,CCN1CCN(Cc2ccc(NC(=O)Nc3ccc(Oc4cc(NC)ncn4)cc3)cc2C(F)(F)F)CC1,7.221848749616356,5.970882922893917,6.523247338591355
11409972::TRKC::1115,TRKC,11409972,CCN1CCN(Cc2ccc(NC(=O)Nc3ccc(Oc4cc(NC)ncn4)cc3)cc2C(F)(F)F)CC1,7.468521082957745,5.970882922893917,6.543434956171537
11409972::TRPM6::1116,TRPM6,11409972,CCN1CCN(Cc2ccc(NC(=O)Nc3ccc(Oc4cc(NC)ncn4)cc3)cc2C(F)(F)F)CC1,5.0,5.970882922893917,6.15013916189471
11409972::TSSK1B::1117,TSSK1B,11409972,CCN1CCN(Cc2ccc(NC(=O)Nc3ccc(Oc4cc(NC)ncn4)cc3)cc2C(F)(F)F)CC1,5.0,5.970882922893917,5.929290018098031
11409972::ULK1::1122,ULK1,11409972,CCN1CCN(Cc2ccc(NC(=O)Nc3ccc(Oc4cc(NC)ncn4)cc3)cc2C(F)(F)F)CC1,5.431798275933005,5.970882922893917,6.27414288534885
11338033::ACVR2A::1142,ACVR2A,11338033,O=C(NC1CCNCC1)c1[nH]ncc1NC(=O)c1c(Cl)cccc1Cl,5.0,5.222301577262955,5.302318056916892
11338033::AKT1::1147,AKT1,11338033,O=C(NC1CCNCC1)c1[nH]ncc1NC(=O)c1c(Cl)cccc1Cl,5.0,5.222301577262955,4.98381567433687
11338033::AMPK-alpha1::1151,AMPK-alpha1,11338033,O=C(NC1CCNCC1)c1[nH]ncc1NC(=O)c1c(Cl)cccc1Cl,5.0,5.222301577262955,5.180500075231313
11338033::ARK5::1154,ARK5,11338033,O=C(NC1CCNCC1)c1[nH]ncc1NC(=O)c1c(Cl)cccc1Cl,5.0,5.222301577262955,5.028113316468649
11338033::AXL::1160,AXL,11338033,O=C(NC1CCNCC1)c1[nH]ncc1NC(=O)c1c(Cl)cccc1Cl,5.0,5.222301577262955,5.24715541695751
11338033::BIKE::1161,BIKE,11338033,O=C(NC1CCNCC1)c1[nH]ncc1NC(=O)c1c(Cl)cccc1Cl,5.0,5.222301577262955,5.315046997599118
11338033::BLK::1162,BLK,11338033,O=C(NC1CCNCC1)c1[nH]ncc1NC(=O)c1c(Cl)cccc1Cl,5.0,5.222301577262955,5.104926406240991
11338033::BMPR1A::1163,BMPR1A,11338033,O=C(NC1CCNCC1)c1[nH]ncc1NC(=O)c1c(Cl)cccc1Cl,5.0,5.222301577262955,4.998901938543878
11338033::BRAF(V600E)::1167,BRAF(V600E),11338033,O=C(NC1CCNCC1)c1[nH]ncc1NC(=O)c1c(Cl)cccc1Cl,5.0,5.222301577262955,5.133489317751889
11338033::BRSK1::1169,BRSK1,11338033,O=C(NC1CCNCC1)c1[nH]ncc1NC(=O)c1c(Cl)cccc1Cl,5.0,5.222301577262955,5.239995396901184
11338033::CAMK1::1172,CAMK1,11338033,O=C(NC1CCNCC1)c1[nH]ncc1NC(=O)c1c(Cl)cccc1Cl,5.0,5.222301577262955,5.120944111340063
11338033::CAMK1D::1173,CAMK1D,11338033,O=C(NC1CCNCC1)c1[nH]ncc1NC(=O)c1c(Cl)cccc1Cl,5.0,5.222301577262955,5.082172849786714
11338033::CAMK1G::1174,CAMK1G,11338033,O=C(NC1CCNCC1)c1[nH]ncc1NC(=O)c1c(Cl)cccc1Cl,5.0,5.222301577262955,5.100370106200583
11338033::CAMK2G::1178,CAMK2G,11338033,O=C(NC1CCNCC1)c1[nH]ncc1NC(=O)c1c(Cl)cccc1Cl,5.0,5.222301577262955,5.226915270653836
11338033::CAMK4::1179,CAMK4,11338033,O=C(NC1CCNCC1)c1[nH]ncc1NC(=O)c1c(Cl)cccc1Cl,5.0,5.222301577262955,5.067197229450219
11338033::CAMKK1::1180,CAMKK1,11338033,O=C(NC1CCNCC1)c1[nH]ncc1NC(=O)c1c(Cl)cccc1Cl,5.0,5.222301577262955,5.167184681177833
11338033::CDKL2::1195,CDKL2,11338033,O=C(NC1CCNCC1)c1[nH]ncc1NC(=O)c1c(Cl)cccc1Cl,6.0,5.222301577262955,5.366704458965133
11338033::CDKL5::1197,CDKL5,11338033,O=C(NC1CCNCC1)c1[nH]ncc1NC(=O)c1c(Cl)cccc1Cl,8.585026652029182,5.222301577262955,5.258067597733479
11338033::CLK1::1201,CLK1,11338033,O=C(NC1CCNCC1)c1[nH]ncc1NC(=O)c1c(Cl)cccc1Cl,6.004364805402449,5.222301577262955,5.449203078201188
11338033::CLK2::1202,CLK2,11338033,O=C(NC1CCNCC1)c1[nH]ncc1NC(=O)c1c(Cl)cccc1Cl,5.769551078621726,5.222301577262955,5.436619491779269
11338033::CSNK1A1L::1208,CSNK1A1L,11338033,O=C(NC1CCNCC1)c1[nH]ncc1NC(=O)c1c(Cl)cccc1Cl,5.0,5.222301577262955,5.449715091614334
11338033::CSNK1G1::1211,CSNK1G1,11338033,O=C(NC1CCNCC1)c1[nH]ncc1NC(=O)c1c(Cl)cccc1Cl,5.0,5.222301577262955,5.1779425509533334
11338033::CSNK1G3::1213,CSNK1G3,11338033,O=C(NC1CCNCC1)c1[nH]ncc1NC(=O)c1c(Cl)cccc1Cl,5.0,5.222301577262955,5.165278163551099
11338033::DCAMKL1::1220,DCAMKL1,11338033,O=C(NC1CCNCC1)c1[nH]ncc1NC(=O)c1c(Cl)cccc1Cl,5.0,5.222301577262955,5.177291399649817
11338033::DCAMKL2::1221,DCAMKL2,11338033,O=C(NC1CCNCC1)c1[nH]ncc1NC(=O)c1c(Cl)cccc1Cl,5.585026652029182,5.222301577262955,5.042321096755243
11338033::DMPK::1226,DMPK,11338033,O=C(NC1CCNCC1)c1[nH]ncc1NC(=O)c1c(Cl)cccc1Cl,5.958607314841775,5.222301577262955,5.104958704667709
11338033::DYRK1A::1230,DYRK1A,11338033,O=C(NC1CCNCC1)c1[nH]ncc1NC(=O)c1c(Cl)cccc1Cl,6.920818753952375,5.222301577262955,5.161167027656909
11338033::EPHA6::1240,EPHA6,11338033,O=C(NC1CCNCC1)c1[nH]ncc1NC(=O)c1c(Cl)cccc1Cl,5.0,5.222301577262955,5.191867505325367
11338033::ERBB2::1248,ERBB2,11338033,O=C(NC1CCNCC1)c1[nH]ncc1NC(=O)c1c(Cl)cccc1Cl,5.0,5.222301577262955,5.099896952149205
11338033::FGFR3(G697C)::1263,FGFR3(G697C),11338033,O=C(NC1CCNCC1)c1[nH]ncc1NC(=O)c1c(Cl)cccc1Cl,5.0,5.222301577262955,5.155435088330461
11338033::FLT1::1266,FLT1,11338033,O=C(NC1CCNCC1)c1[nH]ncc1NC(=O)c1c(Cl)cccc1Cl,5.0,5.222301577262955,5.2135090746263995
11338033::FLT4::1268,FLT4,11338033,O=C(NC1CCNCC1)c1[nH]ncc1NC(=O)c1c(Cl)cccc1Cl,5.0,5.222301577262955,5.379035126275354
11338033::FYN::1270,FYN,11338033,O=C(NC1CCNCC1)c1[nH]ncc1NC(=O)c1c(Cl)cccc1Cl,5.0,5.222301577262955,5.122771734028451
11338033::GAK::1271,GAK,11338033,O=C(NC1CCNCC1)c1[nH]ncc1NC(=O)c1c(Cl)cccc1Cl,5.0,5.222301577262955,5.204489247899945
11338033::HIPK3::1281,HIPK3,11338033,O=C(NC1CCNCC1)c1[nH]ncc1NC(=O)c1c(Cl)cccc1Cl,5.0,5.222301577262955,5.172853869566934
11338033::HUNK::1284,HUNK,11338033,O=C(NC1CCNCC1)c1[nH]ncc1NC(=O)c1c(Cl)cccc1Cl,5.0,5.222301577262955,5.262863613082702
11338033::ICK::1285,ICK,11338033,O=C(NC1CCNCC1)c1[nH]ncc1NC(=O)c1c(Cl)cccc1Cl,8.080921907623926,5.222301577262955,5.392809643688233
11338033::IKK-alpha::1287,IKK-alpha,11338033,O=C(NC1CCNCC1)c1[nH]ncc1NC(=O)c1c(Cl)cccc1Cl,5.0,5.222301577262955,5.171866631714117
11338033::IKK-epsilon::1289,IKK-epsilon,11338033,O=C(NC1CCNCC1)c1[nH]ncc1NC(=O)c1c(Cl)cccc1Cl,5.0,5.222301577262955,5.053379412514448
11338033::JAK3(JH1domain-catalytic)::1298,JAK3(JH1domain-catalytic),11338033,O=C(NC1CCNCC1)c1[nH]ncc1NC(=O)c1c(Cl)cccc1Cl,5.0,5.222301577262955,5.196793829289557
11338033::JNK1::1299,JNK1,11338033,O=C(NC1CCNCC1)c1[nH]ncc1NC(=O)c1c(Cl)cccc1Cl,5.0,5.222301577262955,5.386791094095274
11338033::JNK2::1300,JNK2,11338033,O=C(NC1CCNCC1)c1[nH]ncc1NC(=O)c1c(Cl)cccc1Cl,5.0,5.222301577262955,5.5700755933491966
11338033::LOK::1309,LOK,11338033,O=C(NC1CCNCC1)c1[nH]ncc1NC(=O)c1c(Cl)cccc1Cl,5.0,5.222301577262955,5.482775493647379
11338033::MAK::1314,MAK,11338033,O=C(NC1CCNCC1)c1[nH]ncc1NC(=O)c1c(Cl)cccc1Cl,7.013228265733755,5.222301577262955,5.275814935622491
11338033::MAP3K15::1316,MAP3K15,11338033,O=C(NC1CCNCC1)c1[nH]ncc1NC(=O)c1c(Cl)cccc1Cl,5.0,5.222301577262955,5.142006898376962
11338033::MAP4K2::1320,MAP4K2,11338033,O=C(NC1CCNCC1)c1[nH]ncc1NC(=O)c1c(Cl)cccc1Cl,5.0,5.222301577262955,5.111520428098753
11338033::MAP4K3::1321,MAP4K3,11338033,O=C(NC1CCNCC1)c1[nH]ncc1NC(=O)c1c(Cl)cccc1Cl,5.0,5.222301577262955,5.221882318411597
11338033::MEK1::1331,MEK1,11338033,O=C(NC1CCNCC1)c1[nH]ncc1NC(=O)c1c(Cl)cccc1Cl,5.0,5.222301577262955,5.2375136812432626
11338033::MELK::1337,MELK,11338033,O=C(NC1CCNCC1)c1[nH]ncc1NC(=O)c1c(Cl)cccc1Cl,5.0,5.222301577262955,5.244745445385695
11338033::MLK1::1345,MLK1,11338033,O=C(NC1CCNCC1)c1[nH]ncc1NC(=O)c1c(Cl)cccc1Cl,5.0,5.222301577262955,5.453262257467053
11338033::MLK2::1346,MLK2,11338033,O=C(NC1CCNCC1)c1[nH]ncc1NC(=O)c1c(Cl)cccc1Cl,5.0,5.222301577262955,5.12182769248284
11338033::MLK3::1347,MLK3,11338033,O=C(NC1CCNCC1)c1[nH]ncc1NC(=O)c1c(Cl)cccc1Cl,5.0,5.222301577262955,5.226171328865033
11338033::MST1::1350,MST1,11338033,O=C(NC1CCNCC1)c1[nH]ncc1NC(=O)c1c(Cl)cccc1Cl,5.0,5.222301577262955,5.149330383475688
11338033::MST1R::1351,MST1R,11338033,O=C(NC1CCNCC1)c1[nH]ncc1NC(=O)c1c(Cl)cccc1Cl,5.0,5.222301577262955,5.111698609472139
11338033::MST2::1352,MST2,11338033,O=C(NC1CCNCC1)c1[nH]ncc1NC(=O)c1c(Cl)cccc1Cl,5.0,5.222301577262955,5.239108206973934
11338033::MST3::1353,MST3,11338033,O=C(NC1CCNCC1)c1[nH]ncc1NC(=O)c1c(Cl)cccc1Cl,5.0,5.222301577262955,5.421318396220206
11338033::MYLK::1357,MYLK,11338033,O=C(NC1CCNCC1)c1[nH]ncc1NC(=O)c1c(Cl)cccc1Cl,5.0,5.222301577262955,5.112582697230609
11338033::MYLK2::1358,MYLK2,11338033,O=C(NC1CCNCC1)c1[nH]ncc1NC(=O)c1c(Cl)cccc1Cl,5.0,5.222301577262955,5.134178371561894
11338033::NEK1::1364,NEK1,11338033,O=C(NC1CCNCC1)c1[nH]ncc1NC(=O)c1c(Cl)cccc1Cl,5.0,5.222301577262955,5.146584134588458
11338033::p38-alpha::1376,p38-alpha,11338033,O=C(NC1CCNCC1)c1[nH]ncc1NC(=O)c1c(Cl)cccc1Cl,5.0,5.222301577262955,5.291314996869271
11338033::PAK4::1383,PAK4,11338033,O=C(NC1CCNCC1)c1[nH]ncc1NC(=O)c1c(Cl)cccc1Cl,5.0,5.222301577262955,5.209709132768738
11338033::PFPK5(Pfalciparum)::1393,PFPK5(Pfalciparum),11338033,O=C(NC1CCNCC1)c1[nH]ncc1NC(=O)c1c(Cl)cccc1Cl,5.0,5.222301577262955,5.467370176097768
11338033::PIK3CA(Q546K)::1400,PIK3CA(Q546K),11338033,O=C(NC1CCNCC1)c1[nH]ncc1NC(=O)c1c(Cl)cccc1Cl,5.0,5.222301577262955,5.109424003953916
11338033::PIK3CD::1402,PIK3CD,11338033,O=C(NC1CCNCC1)c1[nH]ncc1NC(=O)c1c(Cl)cccc1Cl,5.0,5.222301577262955,5.144431415184906
11338033::PIM3::1407,PIM3,11338033,O=C(NC1CCNCC1)c1[nH]ncc1NC(=O)c1c(Cl)cccc1Cl,5.0,5.222301577262955,5.090586645012403
11338033::PRKCE::1423,PRKCE,11338033,O=C(NC1CCNCC1)c1[nH]ncc1NC(=O)c1c(Cl)cccc1Cl,5.0,5.222301577262955,5.296822537434076
11338033::PYK2::1435,PYK2,11338033,O=C(NC1CCNCC1)c1[nH]ncc1NC(=O)c1c(Cl)cccc1Cl,5.0,5.222301577262955,5.228127783836944
11338033::RIPK5::1445,RIPK5,11338033,O=C(NC1CCNCC1)c1[nH]ncc1NC(=O)c1c(Cl)cccc1Cl,5.0,5.222301577262955,5.148724620963792
11338033::RSK2(KinDom.1-N-terminal)::1452,RSK2(KinDom.1-N-terminal),11338033,O=C(NC1CCNCC1)c1[nH]ncc1NC(=O)c1c(Cl)cccc1Cl,5.0,5.222301577262955,5.189582138844314
11338033::SNARK::1462,SNARK,11338033,O=C(NC1CCNCC1)c1[nH]ncc1NC(=O)c1c(Cl)cccc1Cl,5.0,5.222301577262955,5.084613081886841
11338033::TBK1::1479,TBK1,11338033,O=C(NC1CCNCC1)c1[nH]ncc1NC(=O)c1c(Cl)cccc1Cl,5.0,5.222301577262955,5.127839407573331
11338033::TNK1::1489,TNK1,11338033,O=C(NC1CCNCC1)c1[nH]ncc1NC(=O)c1c(Cl)cccc1Cl,5.0,5.222301577262955,5.413943272955905
11338033::TRKC::1494,TRKC,11338033,O=C(NC1CCNCC1)c1[nH]ncc1NC(=O)c1c(Cl)cccc1Cl,5.0,5.222301577262955,5.535315671835434
11338033::TRPM6::1495,TRPM6,11338033,O=C(NC1CCNCC1)c1[nH]ncc1NC(=O)c1c(Cl)cccc1Cl,5.0,5.222301577262955,5.153865946411902
11338033::TSSK1B::1496,TSSK1B,11338033,O=C(NC1CCNCC1)c1[nH]ncc1NC(=O)c1c(Cl)cccc1Cl,5.0,5.222301577262955,5.135765127530149
11338033::ULK1::1501,ULK1,11338033,O=C(NC1CCNCC1)c1[nH]ncc1NC(=O)c1c(Cl)cccc1Cl,5.0,5.222301577262955,5.244943334892894
10184653::ACVR2A::1521,ACVR2A,10184653,CN(C)CC=CC(=O)Nc1cc2c(Nc3ccc(F)c(Cl)c3)ncnc2cc1OC1CCOC1,5.0,5.089909820576653,5.149606607818491
10184653::AKT1::1526,AKT1,10184653,CN(C)CC=CC(=O)Nc1cc2c(Nc3ccc(F)c(Cl)c3)ncnc2cc1OC1CCOC1,5.0,5.089909820576653,4.929807366278071
10184653::AMPK-alpha1::1530,AMPK-alpha1,10184653,CN(C)CC=CC(=O)Nc1cc2c(Nc3ccc(F)c(Cl)c3)ncnc2cc1OC1CCOC1,5.0,5.089909820576653,5.086119771108133
10184653::ARK5::1533,ARK5,10184653,CN(C)CC=CC(=O)Nc1cc2c(Nc3ccc(F)c(Cl)c3)ncnc2cc1OC1CCOC1,5.0,5.089909820576653,5.018239068467578
10184653::AXL::1539,AXL,10184653,CN(C)CC=CC(=O)Nc1cc2c(Nc3ccc(F)c(Cl)c3)ncnc2cc1OC1CCOC1,5.275724130399211,5.089909820576653,5.270487468433207
10184653::BIKE::1540,BIKE,10184653,CN(C)CC=CC(=O)Nc1cc2c(Nc3ccc(F)c(Cl)c3)ncnc2cc1OC1CCOC1,5.0,5.089909820576653,5.220539758705247
10184653::BLK::1541,BLK,10184653,CN(C)CC=CC(=O)Nc1cc2c(Nc3ccc(F)c(Cl)c3)ncnc2cc1OC1CCOC1,6.657577319177793,5.089909820576653,5.084842458072896
10184653::BMPR1A::1542,BMPR1A,10184653,CN(C)CC=CC(=O)Nc1cc2c(Nc3ccc(F)c(Cl)c3)ncnc2cc1OC1CCOC1,5.0,5.089909820576653,5.083975912919079
10184653::BRAF(V600E)::1546,BRAF(V600E),10184653,CN(C)CC=CC(=O)Nc1cc2c(Nc3ccc(F)c(Cl)c3)ncnc2cc1OC1CCOC1,5.0,5.089909820576653,5.058689840691018
10184653::BRSK1::1548,BRSK1,10184653,CN(C)CC=CC(=O)Nc1cc2c(Nc3ccc(F)c(Cl)c3)ncnc2cc1OC1CCOC1,5.0,5.089909820576653,5.055289349419373
10184653::CAMK1::1551,CAMK1,10184653,CN(C)CC=CC(=O)Nc1cc2c(Nc3ccc(F)c(Cl)c3)ncnc2cc1OC1CCOC1,5.0,5.089909820576653,5.091479070848738
10184653::CAMK1D::1552,CAMK1D,10184653,CN(C)CC=CC(=O)Nc1cc2c(Nc3ccc(F)c(Cl)c3)ncnc2cc1OC1CCOC1,5.0,5.089909820576653,5.076769672683479
10184653::CAMK1G::1553,CAMK1G,10184653,CN(C)CC=CC(=O)Nc1cc2c(Nc3ccc(F)c(Cl)c3)ncnc2cc1OC1CCOC1,5.0,5.089909820576653,5.117493145027711
10184653::CAMK2G::1557,CAMK2G,10184653,CN(C)CC=CC(=O)Nc1cc2c(Nc3ccc(F)c(Cl)c3)ncnc2cc1OC1CCOC1,5.0,5.089909820576653,4.991442924338874
10184653::CAMK4::1558,CAMK4,10184653,CN(C)CC=CC(=O)Nc1cc2c(Nc3ccc(F)c(Cl)c3)ncnc2cc1OC1CCOC1,5.0,5.089909820576653,5.055192567794475
10184653::CAMKK1::1559,CAMKK1,10184653,CN(C)CC=CC(=O)Nc1cc2c(Nc3ccc(F)c(Cl)c3)ncnc2cc1OC1CCOC1,5.0,5.089909820576653,5.087251633596812
10184653::CDKL2::1574,CDKL2,10184653,CN(C)CC=CC(=O)Nc1cc2c(Nc3ccc(F)c(Cl)c3)ncnc2cc1OC1CCOC1,5.0,5.089909820576653,5.134032831945515
10184653::CDKL5::1576,CDKL5,10184653,CN(C)CC=CC(=O)Nc1cc2c(Nc3ccc(F)c(Cl)c3)ncnc2cc1OC1CCOC1,5.0,5.089909820576653,4.977278951249295
10184653::CLK1::1580,CLK1,10184653,CN(C)CC=CC(=O)Nc1cc2c(Nc3ccc(F)c(Cl)c3)ncnc2cc1OC1CCOC1,5.0,5.089909820576653,5.112105223109718
10184653::CLK2::1581,CLK2,10184653,CN(C)CC=CC(=O)Nc1cc2c(Nc3ccc(F)c(Cl)c3)ncnc2cc1OC1CCOC1,5.0,5.089909820576653,5.326537880574343
10184653::CSNK1A1L::1587,CSNK1A1L,10184653,CN(C)CC=CC(=O)Nc1cc2c(Nc3ccc(F)c(Cl)c3)ncnc2cc1OC1CCOC1,5.0,5.089909820576653,4.996704210660096
10184653::CSNK1G1::1590,CSNK1G1,10184653,CN(C)CC=CC(=O)Nc1cc2c(Nc3ccc(F)c(Cl)c3)ncnc2cc1OC1CCOC1,5.0,5.089909820576653,5.032608844277682
10184653::CSNK1G3::1592,CSNK1G3,10184653,CN(C)CC=CC(=O)Nc1cc2c(Nc3ccc(F)c(Cl)c3)ncnc2cc1OC1CCOC1,5.0,5.089909820576653,4.9944642176153184
10184653::DCAMKL1::1599,DCAMKL1,10184653,CN(C)CC=CC(=O)Nc1cc2c(Nc3ccc(F)c(Cl)c3)ncnc2cc1OC1CCOC1,5.0,5.089909820576653,4.9985652866298125
10184653::DCAMKL2::1600,DCAMKL2,10184653,CN(C)CC=CC(=O)Nc1cc2c(Nc3ccc(F)c(Cl)c3)ncnc2cc1OC1CCOC1,5.0,5.089909820576653,5.008654681984663
10184653::DMPK::1605,DMPK,10184653,CN(C)CC=CC(=O)Nc1cc2c(Nc3ccc(F)c(Cl)c3)ncnc2cc1OC1CCOC1,5.0,5.089909820576653,5.069003505977873
10184653::DYRK1A::1609,DYRK1A,10184653,CN(C)CC=CC(=O)Nc1cc2c(Nc3ccc(F)c(Cl)c3)ncnc2cc1OC1CCOC1,6.013228265733755,5.089909820576653,5.030532180629996
10184653::EPHA6::1619,EPHA6,10184653,CN(C)CC=CC(=O)Nc1cc2c(Nc3ccc(F)c(Cl)c3)ncnc2cc1OC1CCOC1,6.468521082957745,5.089909820576653,5.816095607087108
10184653::ERBB2::1627,ERBB2,10184653,CN(C)CC=CC(=O)Nc1cc2c(Nc3ccc(F)c(Cl)c3)ncnc2cc1OC1CCOC1,8.301029995663981,5.089909820576653,5.739682467144887
10184653::FGFR3(G697C)::1642,FGFR3(G697C),10184653,CN(C)CC=CC(=O)Nc1cc2c(Nc3ccc(F)c(Cl)c3)ncnc2cc1OC1CCOC1,5.0,5.089909820576653,5.01436632474226
10184653::FLT1::1645,FLT1,10184653,CN(C)CC=CC(=O)Nc1cc2c(Nc3ccc(F)c(Cl)c3)ncnc2cc1OC1CCOC1,5.0,5.089909820576653,5.169864350103019
10184653::FLT4::1647,FLT4,10184653,CN(C)CC=CC(=O)Nc1cc2c(Nc3ccc(F)c(Cl)c3)ncnc2cc1OC1CCOC1,5.0,5.089909820576653,5.1577630308891
10184653::FYN::1649,FYN,10184653,CN(C)CC=CC(=O)Nc1cc2c(Nc3ccc(F)c(Cl)c3)ncnc2cc1OC1CCOC1,5.0,5.089909820576653,5.2809376975071425
10184653::GAK::1650,GAK,10184653,CN(C)CC=CC(=O)Nc1cc2c(Nc3ccc(F)c(Cl)c3)ncnc2cc1OC1CCOC1,7.102372908709558,5.089909820576653,5.087062509242191
10184653::HIPK3::1660,HIPK3,10184653,CN(C)CC=CC(=O)Nc1cc2c(Nc3ccc(F)c(Cl)c3)ncnc2cc1OC1CCOC1,5.0,5.089909820576653,5.145206084221503
10184653::HUNK::1663,HUNK,10184653,CN(C)CC=CC(=O)Nc1cc2c(Nc3ccc(F)c(Cl)c3)ncnc2cc1OC1CCOC1,5.0,5.089909820576653,5.110673608554557
10184653::ICK::1664,ICK,10184653,CN(C)CC=CC(=O)Nc1cc2c(Nc3ccc(F)c(Cl)c3)ncnc2cc1OC1CCOC1,5.0,5.089909820576653,5.006050132900667
10184653::IKK-alpha::1666,IKK-alpha,10184653,CN(C)CC=CC(=O)Nc1cc2c(Nc3ccc(F)c(Cl)c3)ncnc2cc1OC1CCOC1,5.0,5.089909820576653,5.079359530174437
10184653::IKK-epsilon::1668,IKK-epsilon,10184653,CN(C)CC=CC(=O)Nc1cc2c(Nc3ccc(F)c(Cl)c3)ncnc2cc1OC1CCOC1,5.0,5.089909820576653,4.990651799196266
10184653::JAK3(JH1domain-catalytic)::1677,JAK3(JH1domain-catalytic),10184653,CN(C)CC=CC(=O)Nc1cc2c(Nc3ccc(F)c(Cl)c3)ncnc2cc1OC1CCOC1,5.0,5.089909820576653,5.0596540668131595
10184653::JNK1::1678,JNK1,10184653,CN(C)CC=CC(=O)Nc1cc2c(Nc3ccc(F)c(Cl)c3)ncnc2cc1OC1CCOC1,5.0,5.089909820576653,5.036064012386548
10184653::JNK2::1679,JNK2,10184653,CN(C)CC=CC(=O)Nc1cc2c(Nc3ccc(F)c(Cl)c3)ncnc2cc1OC1CCOC1,5.6777807052660805,5.089909820576653,5.015957179986593
10184653::LOK::1688,LOK,10184653,CN(C)CC=CC(=O)Nc1cc2c(Nc3ccc(F)c(Cl)c3)ncnc2cc1OC1CCOC1,5.366531544420413,5.089909820576653,5.223174002854951
10184653::MAK::1693,MAK,10184653,CN(C)CC=CC(=O)Nc1cc2c(Nc3ccc(F)c(Cl)c3)ncnc2cc1OC1CCOC1,5.0,5.089909820576653,5.173730288513162
10184653::MAP3K15::1695,MAP3K15,10184653,CN(C)CC=CC(=O)Nc1cc2c(Nc3ccc(F)c(Cl)c3)ncnc2cc1OC1CCOC1,5.0,5.089909820576653,5.040462565654709
10184653::MAP4K2::1699,MAP4K2,10184653,CN(C)CC=CC(=O)Nc1cc2c(Nc3ccc(F)c(Cl)c3)ncnc2cc1OC1CCOC1,5.0,5.089909820576653,5.146594424629492
10184653::MAP4K3::1700,MAP4K3,10184653,CN(C)CC=CC(=O)Nc1cc2c(Nc3ccc(F)c(Cl)c3)ncnc2cc1OC1CCOC1,5.0,5.089909820576653,5.193452153901889
10184653::MEK1::1710,MEK1,10184653,CN(C)CC=CC(=O)Nc1cc2c(Nc3ccc(F)c(Cl)c3)ncnc2cc1OC1CCOC1,5.0,5.089909820576653,5.100124947935516
10184653::MELK::1716,MELK,10184653,CN(C)CC=CC(=O)Nc1cc2c(Nc3ccc(F)c(Cl)c3)ncnc2cc1OC1CCOC1,5.0,5.089909820576653,5.061420075607024
10184653::MLK1::1724,MLK1,10184653,CN(C)CC=CC(=O)Nc1cc2c(Nc3ccc(F)c(Cl)c3)ncnc2cc1OC1CCOC1,5.0,5.089909820576653,5.2271637037398
10184653::MLK2::1725,MLK2,10184653,CN(C)CC=CC(=O)Nc1cc2c(Nc3ccc(F)c(Cl)c3)ncnc2cc1OC1CCOC1,5.0,5.089909820576653,5.062084731694642
10184653::MLK3::1726,MLK3,10184653,CN(C)CC=CC(=O)Nc1cc2c(Nc3ccc(F)c(Cl)c3)ncnc2cc1OC1CCOC1,5.0,5.089909820576653,5.246843338953374
10184653::MST1::1729,MST1,10184653,CN(C)CC=CC(=O)Nc1cc2c(Nc3ccc(F)c(Cl)c3)ncnc2cc1OC1CCOC1,5.0,5.089909820576653,5.167520144692664
10184653::MST1R::1730,MST1R,10184653,CN(C)CC=CC(=O)Nc1cc2c(Nc3ccc(F)c(Cl)c3)ncnc2cc1OC1CCOC1,5.0,5.089909820576653,5.139904011210453
10184653::MST2::1731,MST2,10184653,CN(C)CC=CC(=O)Nc1cc2c(Nc3ccc(F)c(Cl)c3)ncnc2cc1OC1CCOC1,5.0,5.089909820576653,5.1294014909993555
10184653::MST3::1732,MST3,10184653,CN(C)CC=CC(=O)Nc1cc2c(Nc3ccc(F)c(Cl)c3)ncnc2cc1OC1CCOC1,5.0,5.089909820576653,5.073029517478626
10184653::MYLK::1736,MYLK,10184653,CN(C)CC=CC(=O)Nc1cc2c(Nc3ccc(F)c(Cl)c3)ncnc2cc1OC1CCOC1,5.0,5.089909820576653,5.09673797660458
10184653::MYLK2::1737,MYLK2,10184653,CN(C)CC=CC(=O)Nc1cc2c(Nc3ccc(F)c(Cl)c3)ncnc2cc1OC1CCOC1,5.0,5.089909820576653,5.134177867837655
10184653::NEK1::1743,NEK1,10184653,CN(C)CC=CC(=O)Nc1cc2c(Nc3ccc(F)c(Cl)c3)ncnc2cc1OC1CCOC1,5.0,5.089909820576653,5.054151128968518
10184653::p38-alpha::1755,p38-alpha,10184653,CN(C)CC=CC(=O)Nc1cc2c(Nc3ccc(F)c(Cl)c3)ncnc2cc1OC1CCOC1,5.886056647693163,5.089909820576653,4.9997809415440315
10184653::PAK4::1762,PAK4,10184653,CN(C)CC=CC(=O)Nc1cc2c(Nc3ccc(F)c(Cl)c3)ncnc2cc1OC1CCOC1,5.0,5.089909820576653,5.096159552081091
10184653::PFPK5(Pfalciparum)::1772,PFPK5(Pfalciparum),10184653,CN(C)CC=CC(=O)Nc1cc2c(Nc3ccc(F)c(Cl)c3)ncnc2cc1OC1CCOC1,5.0,5.089909820576653,4.99123194306348
10184653::PIK3CA(Q546K)::1779,PIK3CA(Q546K),10184653,CN(C)CC=CC(=O)Nc1cc2c(Nc3ccc(F)c(Cl)c3)ncnc2cc1OC1CCOC1,5.0,5.089909820576653,5.107301592168913
10184653::PIK3CD::1781,PIK3CD,10184653,CN(C)CC=CC(=O)Nc1cc2c(Nc3ccc(F)c(Cl)c3)ncnc2cc1OC1CCOC1,5.0,5.089909820576653,5.092489023550157
10184653::PIM3::1786,PIM3,10184653,CN(C)CC=CC(=O)Nc1cc2c(Nc3ccc(F)c(Cl)c3)ncnc2cc1OC1CCOC1,5.0,5.089909820576653,5.053606109044833
10184653::PRKCE::1802,PRKCE,10184653,CN(C)CC=CC(=O)Nc1cc2c(Nc3ccc(F)c(Cl)c3)ncnc2cc1OC1CCOC1,5.0,5.089909820576653,5.106206053138811
10184653::PYK2::1814,PYK2,10184653,CN(C)CC=CC(=O)Nc1cc2c(Nc3ccc(F)c(Cl)c3)ncnc2cc1OC1CCOC1,5.0,5.089909820576653,5.205356895988463
10184653::RIPK5::1824,RIPK5,10184653,CN(C)CC=CC(=O)Nc1cc2c(Nc3ccc(F)c(Cl)c3)ncnc2cc1OC1CCOC1,5.0,5.089909820576653,5.107028820862517
10184653::RSK2(KinDom.1-N-terminal)::1831,RSK2(KinDom.1-N-terminal),10184653,CN(C)CC=CC(=O)Nc1cc2c(Nc3ccc(F)c(Cl)c3)ncnc2cc1OC1CCOC1,5.0,5.089909820576653,5.1090433834708735
10184653::SNARK::1841,SNARK,10184653,CN(C)CC=CC(=O)Nc1cc2c(Nc3ccc(F)c(Cl)c3)ncnc2cc1OC1CCOC1,5.0,5.089909820576653,5.015811655208514
10184653::TBK1::1858,TBK1,10184653,CN(C)CC=CC(=O)Nc1cc2c(Nc3ccc(F)c(Cl)c3)ncnc2cc1OC1CCOC1,5.0,5.089909820576653,5.1523028473345605
10184653::TNK1::1868,TNK1,10184653,CN(C)CC=CC(=O)Nc1cc2c(Nc3ccc(F)c(Cl)c3)ncnc2cc1OC1CCOC1,5.0,5.089909820576653,5.160335444748429
10184653::TRKC::1873,TRKC,10184653,CN(C)CC=CC(=O)Nc1cc2c(Nc3ccc(F)c(Cl)c3)ncnc2cc1OC1CCOC1,5.0,5.089909820576653,5.3122145841650825
10184653::TRPM6::1874,TRPM6,10184653,CN(C)CC=CC(=O)Nc1cc2c(Nc3ccc(F)c(Cl)c3)ncnc2cc1OC1CCOC1,5.0,5.089909820576653,5.105785614720608
10184653::TSSK1B::1875,TSSK1B,10184653,CN(C)CC=CC(=O)Nc1cc2c(Nc3ccc(F)c(Cl)c3)ncnc2cc1OC1CCOC1,5.0,5.089909820576653,5.0034865969108235
10184653::ULK1::1880,ULK1,10184653,CN(C)CC=CC(=O)Nc1cc2c(Nc3ccc(F)c(Cl)c3)ncnc2cc1OC1CCOC1,5.0,5.089909820576653,5.150075919995503
5287969::ACVR2A::1900,ACVR2A,5287969,CN1CCC(c2c(O)cc(O)c3c(=O)cc(-c4ccccc4Cl)oc23)C(O)C1,5.508638306165727,5.3409033904533825,5.501218416277806
5287969::AKT1::1905,AKT1,5287969,CN1CCC(c2c(O)cc(O)c3c(=O)cc(-c4ccccc4Cl)oc23)C(O)C1,5.0,5.3409033904533825,5.2806723712414705
5287969::AMPK-alpha1::1909,AMPK-alpha1,5287969,CN1CCC(c2c(O)cc(O)c3c(=O)cc(-c4ccccc4Cl)oc23)C(O)C1,5.0,5.3409033904533825,5.276747700754514
5287969::ARK5::1912,ARK5,5287969,CN1CCC(c2c(O)cc(O)c3c(=O)cc(-c4ccccc4Cl)oc23)C(O)C1,5.0,5.3409033904533825,5.2165729826723135
5287969::AXL::1918,AXL,5287969,CN1CCC(c2c(O)cc(O)c3c(=O)cc(-c4ccccc4Cl)oc23)C(O)C1,5.455931955649724,5.3409033904533825,5.392439964258889
5287969::BIKE::1919,BIKE,5287969,CN1CCC(c2c(O)cc(O)c3c(=O)cc(-c4ccccc4Cl)oc23)C(O)C1,5.0,5.3409033904533825,5.6323266087916535
5287969::BLK::1920,BLK,5287969,CN1CCC(c2c(O)cc(O)c3c(=O)cc(-c4ccccc4Cl)oc23)C(O)C1,5.0,5.3409033904533825,5.303795245542696
5287969::BMPR1A::1921,BMPR1A,5287969,CN1CCC(c2c(O)cc(O)c3c(=O)cc(-c4ccccc4Cl)oc23)C(O)C1,5.0,5.3409033904533825,5.4012259821388335
5287969::BRAF(V600E)::1925,BRAF(V600E),5287969,CN1CCC(c2c(O)cc(O)c3c(=O)cc(-c4ccccc4Cl)oc23)C(O)C1,5.0,5.3409033904533825,5.3353004922458265
5287969::BRSK1::1927,BRSK1,5287969,CN1CCC(c2c(O)cc(O)c3c(=O)cc(-c4ccccc4Cl)oc23)C(O)C1,5.0,5.3409033904533825,5.334932685342736
5287969::CAMK1::1930,CAMK1,5287969,CN1CCC(c2c(O)cc(O)c3c(=O)cc(-c4ccccc4Cl)oc23)C(O)C1,5.0,5.3409033904533825,5.188546632388708
5287969::CAMK1D::1931,CAMK1D,5287969,CN1CCC(c2c(O)cc(O)c3c(=O)cc(-c4ccccc4Cl)oc23)C(O)C1,5.0,5.3409033904533825,5.192627862001271
5287969::CAMK1G::1932,CAMK1G,5287969,CN1CCC(c2c(O)cc(O)c3c(=O)cc(-c4ccccc4Cl)oc23)C(O)C1,5.0,5.3409033904533825,5.168937844229012
5287969::CAMK2G::1936,CAMK2G,5287969,CN1CCC(c2c(O)cc(O)c3c(=O)cc(-c4ccccc4Cl)oc23)C(O)C1,5.585026652029182,5.3409033904533825,5.322070856083431
5287969::CAMK4::1937,CAMK4,5287969,CN1CCC(c2c(O)cc(O)c3c(=O)cc(-c4ccccc4Cl)oc23)C(O)C1,5.494850021680094,5.3409033904533825,5.330336119577778
5287969::CAMKK1::1938,CAMKK1,5287969,CN1CCC(c2c(O)cc(O)c3c(=O)cc(-c4ccccc4Cl)oc23)C(O)C1,7.102372908709558,5.3409033904533825,5.292233844896334
5287969::CDKL2::1953,CDKL2,5287969,CN1CCC(c2c(O)cc(O)c3c(=O)cc(-c4ccccc4Cl)oc23)C(O)C1,5.0,5.3409033904533825,5.354234430465349
5287969::CDKL5::1955,CDKL5,5287969,CN1CCC(c2c(O)cc(O)c3c(=O)cc(-c4ccccc4Cl)oc23)C(O)C1,8.148741651280925,5.3409033904533825,5.287142765958616
5287969::CLK1::1959,CLK1,5287969,CN1CCC(c2c(O)cc(O)c3c(=O)cc(-c4ccccc4Cl)oc23)C(O)C1,5.769551078621726,5.3409033904533825,5.492281495652494
5287969::CLK2::1960,CLK2,5287969,CN1CCC(c2c(O)cc(O)c3c(=O)cc(-c4ccccc4Cl)oc23)C(O)C1,5.657577319177793,5.3409033904533825,5.527648887759864
5287969::CSNK1A1L::1966,CSNK1A1L,5287969,CN1CCC(c2c(O)cc(O)c3c(=O)cc(-c4ccccc4Cl)oc23)C(O)C1,5.619788758288394,5.3409033904533825,5.217737811088754
5287969::CSNK1G1::1969,CSNK1G1,5287969,CN1CCC(c2c(O)cc(O)c3c(=O)cc(-c4ccccc4Cl)oc23)C(O)C1,5.920818753952375,5.3409033904533825,5.3275296495408035
5287969::CSNK1G3::1971,CSNK1G3,5287969,CN1CCC(c2c(O)cc(O)c3c(=O)cc(-c4ccccc4Cl)oc23)C(O)C1,5.0,5.3409033904533825,5.270568967631527
5287969::DCAMKL1::1978,DCAMKL1,5287969,CN1CCC(c2c(O)cc(O)c3c(=O)cc(-c4ccccc4Cl)oc23)C(O)C1,5.6777807052660805,5.3409033904533825,5.19151376544367
5287969::DCAMKL2::1979,DCAMKL2,5287969,CN1CCC(c2c(O)cc(O)c3c(=O)cc(-c4ccccc4Cl)oc23)C(O)C1,5.0,5.3409033904533825,5.127217899559294
5287969::DMPK::1984,DMPK,5287969,CN1CCC(c2c(O)cc(O)c3c(=O)cc(-c4ccccc4Cl)oc23)C(O)C1,6.187086643357144,5.3409033904533825,5.380696865109804
5287969::DYRK1A::1988,DYRK1A,5287969,CN1CCC(c2c(O)cc(O)c3c(=O)cc(-c4ccccc4Cl)oc23)C(O)C1,7.113509274827518,5.3409033904533825,5.5000849662106654
5287969::EPHA6::1998,EPHA6,5287969,CN1CCC(c2c(O)cc(O)c3c(=O)cc(-c4ccccc4Cl)oc23)C(O)C1,5.0,5.3409033904533825,5.400973155241063
5287969::ERBB2::2006,ERBB2,5287969,CN1CCC(c2c(O)cc(O)c3c(=O)cc(-c4ccccc4Cl)oc23)C(O)C1,5.0,5.3409033904533825,5.5501074573112765
5287969::FGFR3(G697C)::2021,FGFR3(G697C),5287969,CN1CCC(c2c(O)cc(O)c3c(=O)cc(-c4ccccc4Cl)oc23)C(O)C1,5.0,5.3409033904533825,5.225375774842244
5287969::FLT1::2024,FLT1,5287969,CN1CCC(c2c(O)cc(O)c3c(=O)cc(-c4ccccc4Cl)oc23)C(O)C1,5.0,5.3409033904533825,5.423809012195158
5287969::FLT4::2026,FLT4,5287969,CN1CCC(c2c(O)cc(O)c3c(=O)cc(-c4ccccc4Cl)oc23)C(O)C1,5.0,5.3409033904533825,5.450487685766838
5287969::FYN::2028,FYN,5287969,CN1CCC(c2c(O)cc(O)c3c(=O)cc(-c4ccccc4Cl)oc23)C(O)C1,5.0,5.3409033904533825,5.185685372141948
5287969::GAK::2029,GAK,5287969,CN1CCC(c2c(O)cc(O)c3c(=O)cc(-c4ccccc4Cl)oc23)C(O)C1,6.431798275933005,5.3409033904533825,5.188087717294419
5287969::HIPK3::2039,HIPK3,5287969,CN1CCC(c2c(O)cc(O)c3c(=O)cc(-c4ccccc4Cl)oc23)C(O)C1,5.366531544420413,5.3409033904533825,5.219043605966602
5287969::HUNK::2042,HUNK,5287969,CN1CCC(c2c(O)cc(O)c3c(=O)cc(-c4ccccc4Cl)oc23)C(O)C1,5.0,5.3409033904533825,5.296230135611426
5287969::ICK::2043,ICK,5287969,CN1CCC(c2c(O)cc(O)c3c(=O)cc(-c4ccccc4Cl)oc23)C(O)C1,9.161150909262744,5.3409033904533825,5.3880736004780285
5287969::IKK-alpha::2045,IKK-alpha,5287969,CN1CCC(c2c(O)cc(O)c3c(=O)cc(-c4ccccc4Cl)oc23)C(O)C1,5.0,5.3409033904533825,5.250246944337754
5287969::IKK-epsilon::2047,IKK-epsilon,5287969,CN1CCC(c2c(O)cc(O)c3c(=O)cc(-c4ccccc4Cl)oc23)C(O)C1,5.508638306165727,5.3409033904533825,5.087402638076441
5287969::JAK3(JH1domain-catalytic)::2056,JAK3(JH1domain-catalytic),5287969,CN1CCC(c2c(O)cc(O)c3c(=O)cc(-c4ccccc4Cl)oc23)C(O)C1,5.795880017344075,5.3409033904533825,5.2993513915352315
5287969::JNK1::2057,JNK1,5287969,CN1CCC(c2c(O)cc(O)c3c(=O)cc(-c4ccccc4Cl)oc23)C(O)C1,5.795880017344075,5.3409033904533825,5.471061214582483
5287969::JNK2::2058,JNK2,5287969,CN1CCC(c2c(O)cc(O)c3c(=O)cc(-c4ccccc4Cl)oc23)C(O)C1,5.0,5.3409033904533825,5.422041434431002
5287969::LOK::2067,LOK,5287969,CN1CCC(c2c(O)cc(O)c3c(=O)cc(-c4ccccc4Cl)oc23)C(O)C1,5.0,5.3409033904533825,5.477007619837174
5287969::MAK::2072,MAK,5287969,CN1CCC(c2c(O)cc(O)c3c(=O)cc(-c4ccccc4Cl)oc23)C(O)C1,7.552841968657781,5.3409033904533825,5.521155408812041
5287969::MAP3K15::2074,MAP3K15,5287969,CN1CCC(c2c(O)cc(O)c3c(=O)cc(-c4ccccc4Cl)oc23)C(O)C1,5.0,5.3409033904533825,5.224574409835973
5287969::MAP4K2::2078,MAP4K2,5287969,CN1CCC(c2c(O)cc(O)c3c(=O)cc(-c4ccccc4Cl)oc23)C(O)C1,7.050609993355087,5.3409033904533825,5.297417884794491
5287969::MAP4K3::2079,MAP4K3,5287969,CN1CCC(c2c(O)cc(O)c3c(=O)cc(-c4ccccc4Cl)oc23)C(O)C1,5.346787486224656,5.3409033904533825,5.26233262571324
5287969::MEK1::2089,MEK1,5287969,CN1CCC(c2c(O)cc(O)c3c(=O)cc(-c4ccccc4Cl)oc23)C(O)C1,5.0,5.3409033904533825,5.440030859380182
5287969::MELK::2095,MELK,5287969,CN1CCC(c2c(O)cc(O)c3c(=O)cc(-c4ccccc4Cl)oc23)C(O)C1,5.0,5.3409033904533825,5.181666235107712
5287969::MLK1::2103,MLK1,5287969,CN1CCC(c2c(O)cc(O)c3c(=O)cc(-c4ccccc4Cl)oc23)C(O)C1,5.2441251443275085,5.3409033904533825,5.484560241648279
5287969::MLK2::2104,MLK2,5287969,CN1CCC(c2c(O)cc(O)c3c(=O)cc(-c4ccccc4Cl)oc23)C(O)C1,5.2839966563652006,5.3409033904533825,5.352775975533035
5287969::MLK3::2105,MLK3,5287969,CN1CCC(c2c(O)cc(O)c3c(=O)cc(-c4ccccc4Cl)oc23)C(O)C1,5.0,5.3409033904533825,5.459929940134902
5287969::MST1::2108,MST1,5287969,CN1CCC(c2c(O)cc(O)c3c(=O)cc(-c4ccccc4Cl)oc23)C(O)C1,5.0,5.3409033904533825,5.349005704880366
5287969::MST1R::2109,MST1R,5287969,CN1CCC(c2c(O)cc(O)c3c(=O)cc(-c4ccccc4Cl)oc23)C(O)C1,5.0,5.3409033904533825,5.317114372874733
5287969::MST2::2110,MST2,5287969,CN1CCC(c2c(O)cc(O)c3c(=O)cc(-c4ccccc4Cl)oc23)C(O)C1,5.026872146400301,5.3409033904533825,5.279331548944553
5287969::MST3::2111,MST3,5287969,CN1CCC(c2c(O)cc(O)c3c(=O)cc(-c4ccccc4Cl)oc23)C(O)C1,5.0,5.3409033904533825,5.45262475063994
5287969::MYLK::2115,MYLK,5287969,CN1CCC(c2c(O)cc(O)c3c(=O)cc(-c4ccccc4Cl)oc23)C(O)C1,5.0,5.3409033904533825,5.307266329525643
5287969::MYLK2::2116,MYLK2,5287969,CN1CCC(c2c(O)cc(O)c3c(=O)cc(-c4ccccc4Cl)oc23)C(O)C1,5.0,5.3409033904533825,5.237037045228184
5287969::NEK1::2122,NEK1,5287969,CN1CCC(c2c(O)cc(O)c3c(=O)cc(-c4ccccc4Cl)oc23)C(O)C1,5.0,5.3409033904533825,5.331377651460148
5287969::p38-alpha::2134,p38-alpha,5287969,CN1CCC(c2c(O)cc(O)c3c(=O)cc(-c4ccccc4Cl)oc23)C(O)C1,5.0,5.3409033904533825,5.237699587181276
5287969::PAK4::2141,PAK4,5287969,CN1CCC(c2c(O)cc(O)c3c(=O)cc(-c4ccccc4Cl)oc23)C(O)C1,5.0,5.3409033904533825,5.4598003718375105
5287969::PFPK5(Pfalciparum)::2151,PFPK5(Pfalciparum),5287969,CN1CCC(c2c(O)cc(O)c3c(=O)cc(-c4ccccc4Cl)oc23)C(O)C1,5.481486060122112,5.3409033904533825,5.296928929131933
5287969::PIK3CA(Q546K)::2158,PIK3CA(Q546K),5287969,CN1CCC(c2c(O)cc(O)c3c(=O)cc(-c4ccccc4Cl)oc23)C(O)C1,5.0,5.3409033904533825,5.15669885994702
5287969::PIK3CD::2160,PIK3CD,5287969,CN1CCC(c2c(O)cc(O)c3c(=O)cc(-c4ccccc4Cl)oc23)C(O)C1,5.0,5.3409033904533825,5.188060076504325
5287969::PIM3::2165,PIM3,5287969,CN1CCC(c2c(O)cc(O)c3c(=O)cc(-c4ccccc4Cl)oc23)C(O)C1,6.221848749616356,5.3409033904533825,5.24933423397915
5287969::PRKCE::2181,PRKCE,5287969,CN1CCC(c2c(O)cc(O)c3c(=O)cc(-c4ccccc4Cl)oc23)C(O)C1,6.42021640338319,5.3409033904533825,5.246259480507406
5287969::PYK2::2193,PYK2,5287969,CN1CCC(c2c(O)cc(O)c3c(=O)cc(-c4ccccc4Cl)oc23)C(O)C1,5.508638306165727,5.3409033904533825,5.405150221393906
5287969::RIPK5::2203,RIPK5,5287969,CN1CCC(c2c(O)cc(O)c3c(=O)cc(-c4ccccc4Cl)oc23)C(O)C1,5.376750709602099,5.3409033904533825,5.288859835474116
5287969::RSK2(KinDom.1-N-terminal)::2210,RSK2(KinDom.1-N-terminal),5287969,CN1CCC(c2c(O)cc(O)c3c(=O)cc(-c4ccccc4Cl)oc23)C(O)C1,6.0,5.3409033904533825,5.324585095574838
5287969::SNARK::2220,SNARK,5287969,CN1CCC(c2c(O)cc(O)c3c(=O)cc(-c4ccccc4Cl)oc23)C(O)C1,5.853871964321762,5.3409033904533825,5.209128710841865
5287969::TBK1::2237,TBK1,5287969,CN1CCC(c2c(O)cc(O)c3c(=O)cc(-c4ccccc4Cl)oc23)C(O)C1,6.327902142064282,5.3409033904533825,5.31589243655777
5287969::TNK1::2247,TNK1,5287969,CN1CCC(c2c(O)cc(O)c3c(=O)cc(-c4ccccc4Cl)oc23)C(O)C1,5.0,5.3409033904533825,5.406778643705597
5287969::TRKC::2252,TRKC,5287969,CN1CCC(c2c(O)cc(O)c3c(=O)cc(-c4ccccc4Cl)oc23)C(O)C1,5.0,5.3409033904533825,5.523463214564574
5287969::TRPM6::2253,TRPM6,5287969,CN1CCC(c2c(O)cc(O)c3c(=O)cc(-c4ccccc4Cl)oc23)C(O)C1,5.0,5.3409033904533825,5.163770245993059
5287969::TSSK1B::2254,TSSK1B,5287969,CN1CCC(c2c(O)cc(O)c3c(=O)cc(-c4ccccc4Cl)oc23)C(O)C1,5.0,5.3409033904533825,5.237140938576343
5287969::ULK1::2259,ULK1,5287969,CN1CCC(c2c(O)cc(O)c3c(=O)cc(-c4ccccc4Cl)oc23)C(O)C1,5.0,5.3409033904533825,5.410897134000246
6450551::ACVR2A::2279,ACVR2A,6450551,CNC(=O)c1ccccc1Sc1ccc2c(C=Cc3ccccn3)n[nH]c2c1,5.0,5.307144875554336,5.44267550481156
6450551::AKT1::2284,AKT1,6450551,CNC(=O)c1ccccc1Sc1ccc2c(C=Cc3ccccn3)n[nH]c2c1,5.0,5.307144875554336,5.24260414919413
6450551::AMPK-alpha1::2288,AMPK-alpha1,6450551,CNC(=O)c1ccccc1Sc1ccc2c(C=Cc3ccccn3)n[nH]c2c1,5.0,5.307144875554336,5.309790515621515
6450551::ARK5::2291,ARK5,6450551,CNC(=O)c1ccccc1Sc1ccc2c(C=Cc3ccccn3)n[nH]c2c1,5.0,5.307144875554336,5.19311608539907
6450551::AXL::2297,AXL,6450551,CNC(=O)c1ccccc1Sc1ccc2c(C=Cc3ccccn3)n[nH]c2c1,6.376750709602099,5.307144875554336,5.569876469132056
6450551::BIKE::2298,BIKE,6450551,CNC(=O)c1ccccc1Sc1ccc2c(C=Cc3ccccn3)n[nH]c2c1,6.0,5.307144875554336,5.485896135220553
6450551::BLK::2299,BLK,6450551,CNC(=O)c1ccccc1Sc1ccc2c(C=Cc3ccccn3)n[nH]c2c1,5.508638306165727,5.307144875554336,5.310121062749977
6450551::BMPR1A::2300,BMPR1A,6450551,CNC(=O)c1ccccc1Sc1ccc2c(C=Cc3ccccn3)n[nH]c2c1,5.0,5.307144875554336,5.138812609743398
6450551::BRAF(V600E)::2304,BRAF(V600E),6450551,CNC(=O)c1ccccc1Sc1ccc2c(C=Cc3ccccn3)n[nH]c2c1,5.0,5.307144875554336,5.40110197924409
6450551::BRSK1::2306,BRSK1,6450551,CNC(=O)c1ccccc1Sc1ccc2c(C=Cc3ccccn3)n[nH]c2c1,5.0,5.307144875554336,5.212843715041876
6450551::CAMK1::2309,CAMK1,6450551,CNC(=O)c1ccccc1Sc1ccc2c(C=Cc3ccccn3)n[nH]c2c1,5.0,5.307144875554336,5.28122241626021
6450551::CAMK1D::2310,CAMK1D,6450551,CNC(=O)c1ccccc1Sc1ccc2c(C=Cc3ccccn3)n[nH]c2c1,5.0,5.307144875554336,5.261304055701005
6450551::CAMK1G::2311,CAMK1G,6450551,CNC(=O)c1ccccc1Sc1ccc2c(C=Cc3ccccn3)n[nH]c2c1,5.0,5.307144875554336,5.278412551167928
6450551::CAMK2G::2315,CAMK2G,6450551,CNC(=O)c1ccccc1Sc1ccc2c(C=Cc3ccccn3)n[nH]c2c1,5.0,5.307144875554336,5.164088900001397
6450551::CAMK4::2316,CAMK4,6450551,CNC(=O)c1ccccc1Sc1ccc2c(C=Cc3ccccn3)n[nH]c2c1,5.0,5.307144875554336,5.454944442874748
6450551::CAMKK1::2317,CAMKK1,6450551,CNC(=O)c1ccccc1Sc1ccc2c(C=Cc3ccccn3)n[nH]c2c1,5.853871964321762,5.307144875554336,5.37097738206593
6450551::CDKL2::2332,CDKL2,6450551,CNC(=O)c1ccccc1Sc1ccc2c(C=Cc3ccccn3)n[nH]c2c1,6.275724130399211,5.307144875554336,5.311714516197338
6450551::CDKL5::2334,CDKL5,6450551,CNC(=O)c1ccccc1Sc1ccc2c(C=Cc3ccccn3)n[nH]c2c1,5.0,5.307144875554336,5.12274322831033
6450551::CLK1::2338,CLK1,6450551,CNC(=O)c1ccccc1Sc1ccc2c(C=Cc3ccccn3)n[nH]c2c1,5.0,5.307144875554336,5.649458708400764
6450551::CLK2::2339,CLK2,6450551,CNC(=O)c1ccccc1Sc1ccc2c(C=Cc3ccccn3)n[nH]c2c1,5.0,5.307144875554336,5.64482110375898
6450551::CSNK1A1L::2345,CSNK1A1L,6450551,CNC(=O)c1ccccc1Sc1ccc2c(C=Cc3ccccn3)n[nH]c2c1,5.0,5.307144875554336,5.035595945644369
6450551::CSNK1G1::2348,CSNK1G1,6450551,CNC(=O)c1ccccc1Sc1ccc2c(C=Cc3ccccn3)n[nH]c2c1,5.0,5.307144875554336,5.170730221190903
6450551::CSNK1G3::2350,CSNK1G3,6450551,CNC(=O)c1ccccc1Sc1ccc2c(C=Cc3ccccn3)n[nH]c2c1,5.0,5.307144875554336,5.098801248341683
6450551::DCAMKL1::2357,DCAMKL1,6450551,CNC(=O)c1ccccc1Sc1ccc2c(C=Cc3ccccn3)n[nH]c2c1,5.0,5.307144875554336,5.174431089954149
6450551::DCAMKL2::2358,DCAMKL2,6450551,CNC(=O)c1ccccc1Sc1ccc2c(C=Cc3ccccn3)n[nH]c2c1,5.0,5.307144875554336,5.229835533595237
6450551::DMPK::2363,DMPK,6450551,CNC(=O)c1ccccc1Sc1ccc2c(C=Cc3ccccn3)n[nH]c2c1,5.0,5.307144875554336,5.372621618256818
6450551::DYRK1A::2367,DYRK1A,6450551,CNC(=O)c1ccccc1Sc1ccc2c(C=Cc3ccccn3)n[nH]c2c1,5.0,5.307144875554336,5.355677358096342
6450551::EPHA6::2377,EPHA6,6450551,CNC(=O)c1ccccc1Sc1ccc2c(C=Cc3ccccn3)n[nH]c2c1,5.0,5.307144875554336,5.190019251685321
6450551::ERBB2::2385,ERBB2,6450551,CNC(=O)c1ccccc1Sc1ccc2c(C=Cc3ccccn3)n[nH]c2c1,5.0,5.307144875554336,5.238193654483891
6450551::FGFR3(G697C)::2400,FGFR3(G697C),6450551,CNC(=O)c1ccccc1Sc1ccc2c(C=Cc3ccccn3)n[nH]c2c1,6.6777807052660805,5.307144875554336,5.276346328557048
6450551::FLT1::2403,FLT1,6450551,CNC(=O)c1ccccc1Sc1ccc2c(C=Cc3ccccn3)n[nH]c2c1,8.236572006437063,5.307144875554336,5.544413150159718
6450551::FLT4::2405,FLT4,6450551,CNC(=O)c1ccccc1Sc1ccc2c(C=Cc3ccccn3)n[nH]c2c1,6.769551078621726,5.307144875554336,5.411068286998659
6450551::FYN::2407,FYN,6450551,CNC(=O)c1ccccc1Sc1ccc2c(C=Cc3ccccn3)n[nH]c2c1,5.0,5.307144875554336,5.3055528159559255
6450551::GAK::2408,GAK,6450551,CNC(=O)c1ccccc1Sc1ccc2c(C=Cc3ccccn3)n[nH]c2c1,5.568636235841012,5.307144875554336,5.23864826966685
6450551::HIPK3::2418,HIPK3,6450551,CNC(=O)c1ccccc1Sc1ccc2c(C=Cc3ccccn3)n[nH]c2c1,5.0,5.307144875554336,5.196835562609283
6450551::HUNK::2421,HUNK,6450551,CNC(=O)c1ccccc1Sc1ccc2c(C=Cc3ccccn3)n[nH]c2c1,5.823908740944319,5.307144875554336,5.199839800129159
6450551::ICK::2422,ICK,6450551,CNC(=O)c1ccccc1Sc1ccc2c(C=Cc3ccccn3)n[nH]c2c1,5.0,5.307144875554336,5.132747193310062
6450551::IKK-alpha::2424,IKK-alpha,6450551,CNC(=O)c1ccccc1Sc1ccc2c(C=Cc3ccccn3)n[nH]c2c1,5.0,5.307144875554336,5.206385369479297
6450551::IKK-epsilon::2426,IKK-epsilon,6450551,CNC(=O)c1ccccc1Sc1ccc2c(C=Cc3ccccn3)n[nH]c2c1,5.0,5.307144875554336,5.274057156396309
6450551::JAK3(JH1domain-catalytic)::2435,JAK3(JH1domain-catalytic),6450551,CNC(=O)c1ccccc1Sc1ccc2c(C=Cc3ccccn3)n[nH]c2c1,5.508638306165727,5.307144875554336,5.154567808852086
6450551::JNK1::2436,JNK1,6450551,CNC(=O)c1ccccc1Sc1ccc2c(C=Cc3ccccn3)n[nH]c2c1,5.4089353929735005,5.307144875554336,5.307658264937838
6450551::JNK2::2437,JNK2,6450551,CNC(=O)c1ccccc1Sc1ccc2c(C=Cc3ccccn3)n[nH]c2c1,5.0,5.307144875554336,5.37103381055161
6450551::LOK::2446,LOK,6450551,CNC(=O)c1ccccc1Sc1ccc2c(C=Cc3ccccn3)n[nH]c2c1,5.920818753952375,5.307144875554336,5.408284439489069
6450551::MAK::2451,MAK,6450551,CNC(=O)c1ccccc1Sc1ccc2c(C=Cc3ccccn3)n[nH]c2c1,5.0,5.307144875554336,5.432486741523811
6450551::MAP3K15::2453,MAP3K15,6450551,CNC(=O)c1ccccc1Sc1ccc2c(C=Cc3ccccn3)n[nH]c2c1,5.0,5.307144875554336,5.105680483034697
6450551::MAP4K2::2457,MAP4K2,6450551,CNC(=O)c1ccccc1Sc1ccc2c(C=Cc3ccccn3)n[nH]c2c1,5.886056647693163,5.307144875554336,5.32910886598588
6450551::MAP4K3::2458,MAP4K3,6450551,CNC(=O)c1ccccc1Sc1ccc2c(C=Cc3ccccn3)n[nH]c2c1,5.920818753952375,5.307144875554336,5.414157381230111
6450551::MEK1::2468,MEK1,6450551,CNC(=O)c1ccccc1Sc1ccc2c(C=Cc3ccccn3)n[nH]c2c1,5.568636235841012,5.307144875554336,5.411275375729148
6450551::MELK::2474,MELK,6450551,CNC(=O)c1ccccc1Sc1ccc2c(C=Cc3ccccn3)n[nH]c2c1,5.0,5.307144875554336,5.497689583469586
6450551::MLK1::2482,MLK1,6450551,CNC(=O)c1ccccc1Sc1ccc2c(C=Cc3ccccn3)n[nH]c2c1,5.522878745280337,5.307144875554336,5.31507527625434
6450551::MLK2::2483,MLK2,6450551,CNC(=O)c1ccccc1Sc1ccc2c(C=Cc3ccccn3)n[nH]c2c1,5.0,5.307144875554336,5.162078131832606
6450551::MLK3::2484,MLK3,6450551,CNC(=O)c1ccccc1Sc1ccc2c(C=Cc3ccccn3)n[nH]c2c1,5.0,5.307144875554336,5.294753551700128
6450551::MST1::2487,MST1,6450551,CNC(=O)c1ccccc1Sc1ccc2c(C=Cc3ccccn3)n[nH]c2c1,5.853871964321762,5.307144875554336,5.468697932758623
6450551::MST1R::2488,MST1R,6450551,CNC(=O)c1ccccc1Sc1ccc2c(C=Cc3ccccn3)n[nH]c2c1,5.0,5.307144875554336,5.341067998108926
6450551::MST2::2489,MST2,6450551,CNC(=O)c1ccccc1Sc1ccc2c(C=Cc3ccccn3)n[nH]c2c1,5.657577319177793,5.307144875554336,5.426240914736254
6450551::MST3::2490,MST3,6450551,CNC(=O)c1ccccc1Sc1ccc2c(C=Cc3ccccn3)n[nH]c2c1,5.0,5.307144875554336,5.325042779057482
6450551::MYLK::2494,MYLK,6450551,CNC(=O)c1ccccc1Sc1ccc2c(C=Cc3ccccn3)n[nH]c2c1,5.0,5.307144875554336,5.382849478565942
6450551::MYLK2::2495,MYLK2,6450551,CNC(=O)c1ccccc1Sc1ccc2c(C=Cc3ccccn3)n[nH]c2c1,5.886056647693163,5.307144875554336,5.351314231319582
6450551::NEK1::2501,NEK1,6450551,CNC(=O)c1ccccc1Sc1ccc2c(C=Cc3ccccn3)n[nH]c2c1,5.0,5.307144875554336,5.235175871789341
6450551::p38-alpha::2513,p38-alpha,6450551,CNC(=O)c1ccccc1Sc1ccc2c(C=Cc3ccccn3)n[nH]c2c1,5.0,5.307144875554336,5.199051976032266
6450551::PAK4::2520,PAK4,6450551,CNC(=O)c1ccccc1Sc1ccc2c(C=Cc3ccccn3)n[nH]c2c1,5.346787486224656,5.307144875554336,5.457808203021522
6450551::PFPK5(Pfalciparum)::2530,PFPK5(Pfalciparum),6450551,CNC(=O)c1ccccc1Sc1ccc2c(C=Cc3ccccn3)n[nH]c2c1,5.0,5.307144875554336,5.135829867959383
6450551::PIK3CA(Q546K)::2537,PIK3CA(Q546K),6450551,CNC(=O)c1ccccc1Sc1ccc2c(C=Cc3ccccn3)n[nH]c2c1,5.0,5.307144875554336,5.223822385892049
6450551::PIK3CD::2539,PIK3CD,6450551,CNC(=O)c1ccccc1Sc1ccc2c(C=Cc3ccccn3)n[nH]c2c1,5.0,5.307144875554336,5.414126927549488
6450551::PIM3::2544,PIM3,6450551,CNC(=O)c1ccccc1Sc1ccc2c(C=Cc3ccccn3)n[nH]c2c1,5.0,5.307144875554336,5.318075369378693
6450551::PRKCE::2560,PRKCE,6450551,CNC(=O)c1ccccc1Sc1ccc2c(C=Cc3ccccn3)n[nH]c2c1,5.0,5.307144875554336,5.215876599401234
6450551::PYK2::2572,PYK2,6450551,CNC(=O)c1ccccc1Sc1ccc2c(C=Cc3ccccn3)n[nH]c2c1,5.0,5.307144875554336,5.350560580024528
6450551::RIPK5::2582,RIPK5,6450551,CNC(=O)c1ccccc1Sc1ccc2c(C=Cc3ccccn3)n[nH]c2c1,5.0,5.307144875554336,5.228368210178593
6450551::RSK2(KinDom.1-N-terminal)::2589,RSK2(KinDom.1-N-terminal),6450551,CNC(=O)c1ccccc1Sc1ccc2c(C=Cc3ccccn3)n[nH]c2c1,5.0,5.307144875554336,5.405880910040025
6450551::SNARK::2599,SNARK,6450551,CNC(=O)c1ccccc1Sc1ccc2c(C=Cc3ccccn3)n[nH]c2c1,5.886056647693163,5.307144875554336,5.269430881187474
6450551::TBK1::2616,TBK1,6450551,CNC(=O)c1ccccc1Sc1ccc2c(C=Cc3ccccn3)n[nH]c2c1,5.0,5.307144875554336,5.229752736312438
6450551::TNK1::2626,TNK1,6450551,CNC(=O)c1ccccc1Sc1ccc2c(C=Cc3ccccn3)n[nH]c2c1,6.795880017344075,5.307144875554336,5.322800679662558
6450551::TRKC::2631,TRKC,6450551,CNC(=O)c1ccccc1Sc1ccc2c(C=Cc3ccccn3)n[nH]c2c1,5.0,5.307144875554336,5.563891144295604
6450551::TRPM6::2632,TRPM6,6450551,CNC(=O)c1ccccc1Sc1ccc2c(C=Cc3ccccn3)n[nH]c2c1,5.0,5.307144875554336,5.263706480884122
6450551::TSSK1B::2633,TSSK1B,6450551,CNC(=O)c1ccccc1Sc1ccc2c(C=Cc3ccccn3)n[nH]c2c1,5.0,5.307144875554336,5.426763802320907
6450551::ULK1::2638,ULK1,6450551,CNC(=O)c1ccccc1Sc1ccc2c(C=Cc3ccccn3)n[nH]c2c1,5.0,5.307144875554336,5.302438296061792
11364421::ACVR2A::2658,ACVR2A,11364421,CCC1C(=O)N(C)c2cnc(Nc3ccc(C(=O)NC4CCN(C)CC4)cc3OC)nc2N1C1CCCC1,5.0,5.207671126872416,5.279437742117474
11364421::AKT1::2663,AKT1,11364421,CCC1C(=O)N(C)c2cnc(Nc3ccc(C(=O)NC4CCN(C)CC4)cc3OC)nc2N1C1CCCC1,5.0,5.207671126872416,5.054433326091833
11364421::AMPK-alpha1::2667,AMPK-alpha1,11364421,CCC1C(=O)N(C)c2cnc(Nc3ccc(C(=O)NC4CCN(C)CC4)cc3OC)nc2N1C1CCCC1,5.0,5.207671126872416,5.178677647988393
11364421::ARK5::2670,ARK5,11364421,CCC1C(=O)N(C)c2cnc(Nc3ccc(C(=O)NC4CCN(C)CC4)cc3OC)nc2N1C1CCCC1,5.0,5.207671126872416,5.188349326897564
11364421::AXL::2676,AXL,11364421,CCC1C(=O)N(C)c2cnc(Nc3ccc(C(=O)NC4CCN(C)CC4)cc3OC)nc2N1C1CCCC1,5.0,5.207671126872416,5.294994925394072
11364421::BIKE::2677,BIKE,11364421,CCC1C(=O)N(C)c2cnc(Nc3ccc(C(=O)NC4CCN(C)CC4)cc3OC)nc2N1C1CCCC1,5.0,5.207671126872416,5.494905389868946
11364421::BLK::2678,BLK,11364421,CCC1C(=O)N(C)c2cnc(Nc3ccc(C(=O)NC4CCN(C)CC4)cc3OC)nc2N1C1CCCC1,5.0,5.207671126872416,5.164137675885138
11364421::BMPR1A::2679,BMPR1A,11364421,CCC1C(=O)N(C)c2cnc(Nc3ccc(C(=O)NC4CCN(C)CC4)cc3OC)nc2N1C1CCCC1,5.0,5.207671126872416,5.107069472181247
11364421::BRAF(V600E)::2683,BRAF(V600E),11364421,CCC1C(=O)N(C)c2cnc(Nc3ccc(C(=O)NC4CCN(C)CC4)cc3OC)nc2N1C1CCCC1,5.0,5.207671126872416,5.1908912403828
11364421::BRSK1::2685,BRSK1,11364421,CCC1C(=O)N(C)c2cnc(Nc3ccc(C(=O)NC4CCN(C)CC4)cc3OC)nc2N1C1CCCC1,5.0,5.207671126872416,5.135030991775511
11364421::CAMK1::2688,CAMK1,11364421,CCC1C(=O)N(C)c2cnc(Nc3ccc(C(=O)NC4CCN(C)CC4)cc3OC)nc2N1C1CCCC1,5.0,5.207671126872416,5.177140036113334
11364421::CAMK1D::2689,CAMK1D,11364421,CCC1C(=O)N(C)c2cnc(Nc3ccc(C(=O)NC4CCN(C)CC4)cc3OC)nc2N1C1CCCC1,5.267606240177031,5.207671126872416,5.102991485768184
11364421::CAMK1G::2690,CAMK1G,11364421,CCC1C(=O)N(C)c2cnc(Nc3ccc(C(=O)NC4CCN(C)CC4)cc3OC)nc2N1C1CCCC1,5.0,5.207671126872416,5.1022378940970725
11364421::CAMK2G::2694,CAMK2G,11364421,CCC1C(=O)N(C)c2cnc(Nc3ccc(C(=O)NC4CCN(C)CC4)cc3OC)nc2N1C1CCCC1,5.920818753952375,5.207671126872416,5.132549831897494
11364421::CAMK4::2695,CAMK4,11364421,CCC1C(=O)N(C)c2cnc(Nc3ccc(C(=O)NC4CCN(C)CC4)cc3OC)nc2N1C1CCCC1,5.0,5.207671126872416,5.096342608291104
11364421::CAMKK1::2696,CAMKK1,11364421,CCC1C(=O)N(C)c2cnc(Nc3ccc(C(=O)NC4CCN(C)CC4)cc3OC)nc2N1C1CCCC1,7.657577319177793,5.207671126872416,5.229961653731584
11364421::CDKL2::2711,CDKL2,11364421,CCC1C(=O)N(C)c2cnc(Nc3ccc(C(=O)NC4CCN(C)CC4)cc3OC)nc2N1C1CCCC1,5.0,5.207671126872416,5.181848805610027
11364421::CDKL5::2713,CDKL5,11364421,CCC1C(=O)N(C)c2cnc(Nc3ccc(C(=O)NC4CCN(C)CC4)cc3OC)nc2N1C1CCCC1,5.0,5.207671126872416,5.131415242082652
11364421::CLK1::2717,CLK1,11364421,CCC1C(=O)N(C)c2cnc(Nc3ccc(C(=O)NC4CCN(C)CC4)cc3OC)nc2N1C1CCCC1,6.026872146400301,5.207671126872416,5.158019523036246
11364421::CLK2::2718,CLK2,11364421,CCC1C(=O)N(C)c2cnc(Nc3ccc(C(=O)NC4CCN(C)CC4)cc3OC)nc2N1C1CCCC1,6.337242168318426,5.207671126872416,5.33366436509
11364421::CSNK1A1L::2724,CSNK1A1L,11364421,CCC1C(=O)N(C)c2cnc(Nc3ccc(C(=O)NC4CCN(C)CC4)cc3OC)nc2N1C1CCCC1,5.0,5.207671126872416,5.099969827002171
11364421::CSNK1G1::2727,CSNK1G1,11364421,CCC1C(=O)N(C)c2cnc(Nc3ccc(C(=O)NC4CCN(C)CC4)cc3OC)nc2N1C1CCCC1,5.346787486224656,5.207671126872416,5.044834668114662
11364421::CSNK1G3::2729,CSNK1G3,11364421,CCC1C(=O)N(C)c2cnc(Nc3ccc(C(=O)NC4CCN(C)CC4)cc3OC)nc2N1C1CCCC1,5.619788758288394,5.207671126872416,5.039814885281776
11364421::DCAMKL1::2736,DCAMKL1,11364421,CCC1C(=O)N(C)c2cnc(Nc3ccc(C(=O)NC4CCN(C)CC4)cc3OC)nc2N1C1CCCC1,5.229147988357855,5.207671126872416,5.056372562734021
11364421::DCAMKL2::2737,DCAMKL2,11364421,CCC1C(=O)N(C)c2cnc(Nc3ccc(C(=O)NC4CCN(C)CC4)cc3OC)nc2N1C1CCCC1,5.0,5.207671126872416,5.1525361421691525
11364421::DMPK::2742,DMPK,11364421,CCC1C(=O)N(C)c2cnc(Nc3ccc(C(=O)NC4CCN(C)CC4)cc3OC)nc2N1C1CCCC1,5.537602002101044,5.207671126872416,5.200344682937561
11364421::DYRK1A::2746,DYRK1A,11364421,CCC1C(=O)N(C)c2cnc(Nc3ccc(C(=O)NC4CCN(C)CC4)cc3OC)nc2N1C1CCCC1,5.0,5.207671126872416,5.140810156782974
11364421::EPHA6::2756,EPHA6,11364421,CCC1C(=O)N(C)c2cnc(Nc3ccc(C(=O)NC4CCN(C)CC4)cc3OC)nc2N1C1CCCC1,5.0,5.207671126872416,5.322684700024031
11364421::ERBB2::2764,ERBB2,11364421,CCC1C(=O)N(C)c2cnc(Nc3ccc(C(=O)NC4CCN(C)CC4)cc3OC)nc2N1C1CCCC1,5.0,5.207671126872416,5.23364539369742
11364421::FGFR3(G697C)::2779,FGFR3(G697C),11364421,CCC1C(=O)N(C)c2cnc(Nc3ccc(C(=O)NC4CCN(C)CC4)cc3OC)nc2N1C1CCCC1,5.0,5.207671126872416,5.1172942206570164
11364421::FLT1::2782,FLT1,11364421,CCC1C(=O)N(C)c2cnc(Nc3ccc(C(=O)NC4CCN(C)CC4)cc3OC)nc2N1C1CCCC1,5.0,5.207671126872416,5.380782233660261
11364421::FLT4::2784,FLT4,11364421,CCC1C(=O)N(C)c2cnc(Nc3ccc(C(=O)NC4CCN(C)CC4)cc3OC)nc2N1C1CCCC1,5.0,5.207671126872416,5.206439827799003
11364421::FYN::2786,FYN,11364421,CCC1C(=O)N(C)c2cnc(Nc3ccc(C(=O)NC4CCN(C)CC4)cc3OC)nc2N1C1CCCC1,5.0,5.207671126872416,5.27810948136309
11364421::GAK::2787,GAK,11364421,CCC1C(=O)N(C)c2cnc(Nc3ccc(C(=O)NC4CCN(C)CC4)cc3OC)nc2N1C1CCCC1,6.7447274948966935,5.207671126872416,5.255740898351325
11364421::HIPK3::2797,HIPK3,11364421,CCC1C(=O)N(C)c2cnc(Nc3ccc(C(=O)NC4CCN(C)CC4)cc3OC)nc2N1C1CCCC1,5.443697499232712,5.207671126872416,5.199654626832762
11364421::HUNK::2800,HUNK,11364421,CCC1C(=O)N(C)c2cnc(Nc3ccc(C(=O)NC4CCN(C)CC4)cc3OC)nc2N1C1CCCC1,5.013228265733755,5.207671126872416,5.295313462021554
11364421::ICK::2801,ICK,11364421,CCC1C(=O)N(C)c2cnc(Nc3ccc(C(=O)NC4CCN(C)CC4)cc3OC)nc2N1C1CCCC1,5.0,5.207671126872416,5.1111675452089145
11364421::IKK-alpha::2803,IKK-alpha,11364421,CCC1C(=O)N(C)c2cnc(Nc3ccc(C(=O)NC4CCN(C)CC4)cc3OC)nc2N1C1CCCC1,5.0,5.207671126872416,5.111630206418031
11364421::IKK-epsilon::2805,IKK-epsilon,11364421,CCC1C(=O)N(C)c2cnc(Nc3ccc(C(=O)NC4CCN(C)CC4)cc3OC)nc2N1C1CCCC1,5.0,5.207671126872416,5.031633293957751
11364421::JAK3(JH1domain-catalytic)::2814,JAK3(JH1domain-catalytic),11364421,CCC1C(=O)N(C)c2cnc(Nc3ccc(C(=O)NC4CCN(C)CC4)cc3OC)nc2N1C1CCCC1,5.0,5.207671126872416,5.182777978051548
11364421::JNK1::2815,JNK1,11364421,CCC1C(=O)N(C)c2cnc(Nc3ccc(C(=O)NC4CCN(C)CC4)cc3OC)nc2N1C1CCCC1,5.0,5.207671126872416,5.217283595273007
11364421::JNK2::2816,JNK2,11364421,CCC1C(=O)N(C)c2cnc(Nc3ccc(C(=O)NC4CCN(C)CC4)cc3OC)nc2N1C1CCCC1,5.0,5.207671126872416,5.255623950224748
11364421::LOK::2825,LOK,11364421,CCC1C(=O)N(C)c2cnc(Nc3ccc(C(=O)NC4CCN(C)CC4)cc3OC)nc2N1C1CCCC1,5.309803919971486,5.207671126872416,5.3186744827599854
11364421::MAK::2830,MAK,11364421,CCC1C(=O)N(C)c2cnc(Nc3ccc(C(=O)NC4CCN(C)CC4)cc3OC)nc2N1C1CCCC1,5.0,5.207671126872416,5.314709026176946
11364421::MAP3K15::2832,MAP3K15,11364421,CCC1C(=O)N(C)c2cnc(Nc3ccc(C(=O)NC4CCN(C)CC4)cc3OC)nc2N1C1CCCC1,5.0,5.207671126872416,5.124115394004252
11364421::MAP4K2::2836,MAP4K2,11364421,CCC1C(=O)N(C)c2cnc(Nc3ccc(C(=O)NC4CCN(C)CC4)cc3OC)nc2N1C1CCCC1,5.0,5.207671126872416,5.222950157527325
11364421::MAP4K3::2837,MAP4K3,11364421,CCC1C(=O)N(C)c2cnc(Nc3ccc(C(=O)NC4CCN(C)CC4)cc3OC)nc2N1C1CCCC1,5.0,5.207671126872416,5.2529692319421555
11364421::MEK1::2847,MEK1,11364421,CCC1C(=O)N(C)c2cnc(Nc3ccc(C(=O)NC4CCN(C)CC4)cc3OC)nc2N1C1CCCC1,5.0,5.207671126872416,5.1175264535863105
11364421::MELK::2853,MELK,11364421,CCC1C(=O)N(C)c2cnc(Nc3ccc(C(=O)NC4CCN(C)CC4)cc3OC)nc2N1C1CCCC1,5.0,5.207671126872416,5.18719282795116
11364421::MLK1::2861,MLK1,11364421,CCC1C(=O)N(C)c2cnc(Nc3ccc(C(=O)NC4CCN(C)CC4)cc3OC)nc2N1C1CCCC1,5.0,5.207671126872416,5.234827105430791
11364421::MLK2::2862,MLK2,11364421,CCC1C(=O)N(C)c2cnc(Nc3ccc(C(=O)NC4CCN(C)CC4)cc3OC)nc2N1C1CCCC1,5.0,5.207671126872416,5.138611499326248
11364421::MLK3::2863,MLK3,11364421,CCC1C(=O)N(C)c2cnc(Nc3ccc(C(=O)NC4CCN(C)CC4)cc3OC)nc2N1C1CCCC1,5.0,5.207671126872416,5.275782144053872
11364421::MST1::2866,MST1,11364421,CCC1C(=O)N(C)c2cnc(Nc3ccc(C(=O)NC4CCN(C)CC4)cc3OC)nc2N1C1CCCC1,5.0,5.207671126872416,5.229263678862273
11364421::MST1R::2867,MST1R,11364421,CCC1C(=O)N(C)c2cnc(Nc3ccc(C(=O)NC4CCN(C)CC4)cc3OC)nc2N1C1CCCC1,5.0,5.207671126872416,5.29322919730443
11364421::MST2::2868,MST2,11364421,CCC1C(=O)N(C)c2cnc(Nc3ccc(C(=O)NC4CCN(C)CC4)cc3OC)nc2N1C1CCCC1,5.0,5.207671126872416,5.193845385745393
11364421::MST3::2869,MST3,11364421,CCC1C(=O)N(C)c2cnc(Nc3ccc(C(=O)NC4CCN(C)CC4)cc3OC)nc2N1C1CCCC1,5.0,5.207671126872416,5.1333303760820455
11364421::MYLK::2873,MYLK,11364421,CCC1C(=O)N(C)c2cnc(Nc3ccc(C(=O)NC4CCN(C)CC4)cc3OC)nc2N1C1CCCC1,7.013228265733755,5.207671126872416,5.203874444713552
11364421::MYLK2::2874,MYLK2,11364421,CCC1C(=O)N(C)c2cnc(Nc3ccc(C(=O)NC4CCN(C)CC4)cc3OC)nc2N1C1CCCC1,5.0,5.207671126872416,5.20149842633914
11364421::NEK1::2880,NEK1,11364421,CCC1C(=O)N(C)c2cnc(Nc3ccc(C(=O)NC4CCN(C)CC4)cc3OC)nc2N1C1CCCC1,5.0,5.207671126872416,5.130239176241479
11364421::p38-alpha::2892,p38-alpha,11364421,CCC1C(=O)N(C)c2cnc(Nc3ccc(C(=O)NC4CCN(C)CC4)cc3OC)nc2N1C1CCCC1,5.0,5.207671126872416,5.055593748725352
11364421::PAK4::2899,PAK4,11364421,CCC1C(=O)N(C)c2cnc(Nc3ccc(C(=O)NC4CCN(C)CC4)cc3OC)nc2N1C1CCCC1,5.0,5.207671126872416,5.229030338933231
11364421::PFPK5(Pfalciparum)::2909,PFPK5(Pfalciparum),11364421,CCC1C(=O)N(C)c2cnc(Nc3ccc(C(=O)NC4CCN(C)CC4)cc3OC)nc2N1C1CCCC1,5.0,5.207671126872416,5.047245108148496
11364421::PIK3CA(Q546K)::2916,PIK3CA(Q546K),11364421,CCC1C(=O)N(C)c2cnc(Nc3ccc(C(=O)NC4CCN(C)CC4)cc3OC)nc2N1C1CCCC1,5.0,5.207671126872416,5.177242230603538
11364421::PIK3CD::2918,PIK3CD,11364421,CCC1C(=O)N(C)c2cnc(Nc3ccc(C(=O)NC4CCN(C)CC4)cc3OC)nc2N1C1CCCC1,5.119186407719209,5.207671126872416,5.20040002226458
11364421::PIM3::2923,PIM3,11364421,CCC1C(=O)N(C)c2cnc(Nc3ccc(C(=O)NC4CCN(C)CC4)cc3OC)nc2N1C1CCCC1,5.0,5.207671126872416,5.189779242508159
11364421::PRKCE::2939,PRKCE,11364421,CCC1C(=O)N(C)c2cnc(Nc3ccc(C(=O)NC4CCN(C)CC4)cc3OC)nc2N1C1CCCC1,5.0,5.207671126872416,5.14863289892027
11364421::PYK2::2951,PYK2,11364421,CCC1C(=O)N(C)c2cnc(Nc3ccc(C(=O)NC4CCN(C)CC4)cc3OC)nc2N1C1CCCC1,6.508638306165727,5.207671126872416,5.276824641658288
11364421::RIPK5::2961,RIPK5,11364421,CCC1C(=O)N(C)c2cnc(Nc3ccc(C(=O)NC4CCN(C)CC4)cc3OC)nc2N1C1CCCC1,5.0,5.207671126872416,5.131150974147256
11364421::RSK2(KinDom.1-N-terminal)::2968,RSK2(KinDom.1-N-terminal),11364421,CCC1C(=O)N(C)c2cnc(Nc3ccc(C(=O)NC4CCN(C)CC4)cc3OC)nc2N1C1CCCC1,5.0,5.207671126872416,5.333378030021863
11364421::SNARK::2978,SNARK,11364421,CCC1C(=O)N(C)c2cnc(Nc3ccc(C(=O)NC4CCN(C)CC4)cc3OC)nc2N1C1CCCC1,5.0,5.207671126872416,5.097366403719925
11364421::TBK1::2995,TBK1,11364421,CCC1C(=O)N(C)c2cnc(Nc3ccc(C(=O)NC4CCN(C)CC4)cc3OC)nc2N1C1CCCC1,5.0,5.207671126872416,5.087654311776704
11364421::TNK1::3005,TNK1,11364421,CCC1C(=O)N(C)c2cnc(Nc3ccc(C(=O)NC4CCN(C)CC4)cc3OC)nc2N1C1CCCC1,5.0,5.207671126872416,5.208545114940168
11364421::TRKC::3010,TRKC,11364421,CCC1C(=O)N(C)c2cnc(Nc3ccc(C(=O)NC4CCN(C)CC4)cc3OC)nc2N1C1CCCC1,5.0,5.207671126872416,5.471373026477515
11364421::TRPM6::3011,TRPM6,11364421,CCC1C(=O)N(C)c2cnc(Nc3ccc(C(=O)NC4CCN(C)CC4)cc3OC)nc2N1C1CCCC1,5.0,5.207671126872416,5.187472576596512
11364421::TSSK1B::3012,TSSK1B,11364421,CCC1C(=O)N(C)c2cnc(Nc3ccc(C(=O)NC4CCN(C)CC4)cc3OC)nc2N1C1CCCC1,5.0,5.207671126872416,5.139196245394616
11364421::ULK1::3017,ULK1,11364421,CCC1C(=O)N(C)c2cnc(Nc3ccc(C(=O)NC4CCN(C)CC4)cc3OC)nc2N1C1CCCC1,5.0,5.207671126872416,5.2948722467139575
9926054::ACVR2A::3037,ACVR2A,9926054,Cc1ccc2nc(NCCN)c3ncc(C)n3c2c1.Cl,5.0,5.072654659396277,5.1496154967697105
9926054::AKT1::3042,AKT1,9926054,Cc1ccc2nc(NCCN)c3ncc(C)n3c2c1.Cl,5.0,5.072654659396277,4.981915977204955
9926054::AMPK-alpha1::3046,AMPK-alpha1,9926054,Cc1ccc2nc(NCCN)c3ncc(C)n3c2c1.Cl,5.0,5.072654659396277,5.049099659743286
9926054::ARK5::3049,ARK5,9926054,Cc1ccc2nc(NCCN)c3ncc(C)n3c2c1.Cl,5.0,5.072654659396277,5.071150568395374
9926054::AXL::3055,AXL,9926054,Cc1ccc2nc(NCCN)c3ncc(C)n3c2c1.Cl,5.0,5.072654659396277,5.283164124427598
9926054::BIKE::3056,BIKE,9926054,Cc1ccc2nc(NCCN)c3ncc(C)n3c2c1.Cl,5.0,5.072654659396277,5.263999661835547
9926054::BLK::3057,BLK,9926054,Cc1ccc2nc(NCCN)c3ncc(C)n3c2c1.Cl,5.0,5.072654659396277,4.99036427302203
9926054::BMPR1A::3058,BMPR1A,9926054,Cc1ccc2nc(NCCN)c3ncc(C)n3c2c1.Cl,5.0,5.072654659396277,4.991802207889153
9926054::BRAF(V600E)::3062,BRAF(V600E),9926054,Cc1ccc2nc(NCCN)c3ncc(C)n3c2c1.Cl,5.0,5.072654659396277,5.062026631648705
9926054::BRSK1::3064,BRSK1,9926054,Cc1ccc2nc(NCCN)c3ncc(C)n3c2c1.Cl,5.0,5.072654659396277,5.038102275390388
9926054::CAMK1::3067,CAMK1,9926054,Cc1ccc2nc(NCCN)c3ncc(C)n3c2c1.Cl,5.0,5.072654659396277,5.036104895870144
9926054::CAMK1D::3068,CAMK1D,9926054,Cc1ccc2nc(NCCN)c3ncc(C)n3c2c1.Cl,5.0,5.072654659396277,5.020686437778583
9926054::CAMK1G::3069,CAMK1G,9926054,Cc1ccc2nc(NCCN)c3ncc(C)n3c2c1.Cl,5.0,5.072654659396277,5.0542486506173185
9926054::CAMK2G::3073,CAMK2G,9926054,Cc1ccc2nc(NCCN)c3ncc(C)n3c2c1.Cl,5.0,5.072654659396277,5.045725416627898
9926054::CAMK4::3074,CAMK4,9926054,Cc1ccc2nc(NCCN)c3ncc(C)n3c2c1.Cl,5.0,5.072654659396277,4.924176386984702
9926054::CAMKK1::3075,CAMKK1,9926054,Cc1ccc2nc(NCCN)c3ncc(C)n3c2c1.Cl,5.0,5.072654659396277,5.081938716838568
9926054::CDKL2::3090,CDKL2,9926054,Cc1ccc2nc(NCCN)c3ncc(C)n3c2c1.Cl,5.0,5.072654659396277,5.065435564065434
9926054::CDKL5::3092,CDKL5,9926054,Cc1ccc2nc(NCCN)c3ncc(C)n3c2c1.Cl,5.0,5.072654659396277,5.054020723900027
9926054::CLK1::3096,CLK1,9926054,Cc1ccc2nc(NCCN)c3ncc(C)n3c2c1.Cl,5.0,5.072654659396277,5.2267516907248215
9926054::CLK2::3097,CLK2,9926054,Cc1ccc2nc(NCCN)c3ncc(C)n3c2c1.Cl,5.0,5.072654659396277,5.3327899437993205
9926054::CSNK1A1L::3103,CSNK1A1L,9926054,Cc1ccc2nc(NCCN)c3ncc(C)n3c2c1.Cl,5.0,5.072654659396277,4.991208950000382
9926054::CSNK1G1::3106,CSNK1G1,9926054,Cc1ccc2nc(NCCN)c3ncc(C)n3c2c1.Cl,5.0,5.072654659396277,5.025375255356335
9926054::CSNK1G3::3108,CSNK1G3,9926054,Cc1ccc2nc(NCCN)c3ncc(C)n3c2c1.Cl,5.0,5.072654659396277,4.982807721258541
9926054::DCAMKL1::3115,DCAMKL1,9926054,Cc1ccc2nc(NCCN)c3ncc(C)n3c2c1.Cl,5.0,5.072654659396277,5.032658546663542
9926054::DCAMKL2::3116,DCAMKL2,9926054,Cc1ccc2nc(NCCN)c3ncc(C)n3c2c1.Cl,5.0,5.072654659396277,5.050384837657904
9926054::DMPK::3121,DMPK,9926054,Cc1ccc2nc(NCCN)c3ncc(C)n3c2c1.Cl,5.0,5.072654659396277,5.007619831864061
9926054::DYRK1A::3125,DYRK1A,9926054,Cc1ccc2nc(NCCN)c3ncc(C)n3c2c1.Cl,5.0,5.072654659396277,5.0815357303466095
9926054::EPHA6::3135,EPHA6,9926054,Cc1ccc2nc(NCCN)c3ncc(C)n3c2c1.Cl,5.0,5.072654659396277,5.095697375349342
9926054::ERBB2::3143,ERBB2,9926054,Cc1ccc2nc(NCCN)c3ncc(C)n3c2c1.Cl,5.0,5.072654659396277,5.055964212754431
9926054::FGFR3(G697C)::3158,FGFR3(G697C),9926054,Cc1ccc2nc(NCCN)c3ncc(C)n3c2c1.Cl,5.0,5.072654659396277,5.037379078469462
9926054::FLT1::3161,FLT1,9926054,Cc1ccc2nc(NCCN)c3ncc(C)n3c2c1.Cl,5.0,5.072654659396277,5.1088657666956445
9926054::FLT4::3163,FLT4,9926054,Cc1ccc2nc(NCCN)c3ncc(C)n3c2c1.Cl,5.0,5.072654659396277,5.02490527506638
9926054::FYN::3165,FYN,9926054,Cc1ccc2nc(NCCN)c3ncc(C)n3c2c1.Cl,5.0,5.072654659396277,5.072478144158731
9926054::GAK::3166,GAK,9926054,Cc1ccc2nc(NCCN)c3ncc(C)n3c2c1.Cl,5.0,5.072654659396277,5.042767914689668
9926054::HIPK3::3176,HIPK3,9926054,Cc1ccc2nc(NCCN)c3ncc(C)n3c2c1.Cl,5.0,5.072654659396277,5.145563603420325
9926054::HUNK::3179,HUNK,9926054,Cc1ccc2nc(NCCN)c3ncc(C)n3c2c1.Cl,5.0,5.072654659396277,5.152196254943514
9926054::ICK::3180,ICK,9926054,Cc1ccc2nc(NCCN)c3ncc(C)n3c2c1.Cl,5.0,5.072654659396277,4.962818630858192
9926054::IKK-alpha::3182,IKK-alpha,9926054,Cc1ccc2nc(NCCN)c3ncc(C)n3c2c1.Cl,5.769551078621726,5.072654659396277,5.0108018353490476
9926054::IKK-epsilon::3184,IKK-epsilon,9926054,Cc1ccc2nc(NCCN)c3ncc(C)n3c2c1.Cl,5.0,5.072654659396277,4.9789800534761355
9926054::JAK3(JH1domain-catalytic)::3193,JAK3(JH1domain-catalytic),9926054,Cc1ccc2nc(NCCN)c3ncc(C)n3c2c1.Cl,5.0,5.072654659396277,5.060580908630621
9926054::JNK1::3194,JNK1,9926054,Cc1ccc2nc(NCCN)c3ncc(C)n3c2c1.Cl,5.0,5.072654659396277,5.035837405575234
9926054::JNK2::3195,JNK2,9926054,Cc1ccc2nc(NCCN)c3ncc(C)n3c2c1.Cl,5.0,5.072654659396277,5.023142622068803
9926054::LOK::3204,LOK,9926054,Cc1ccc2nc(NCCN)c3ncc(C)n3c2c1.Cl,5.0,5.072654659396277,5.309123069933009
9926054::MAK::3209,MAK,9926054,Cc1ccc2nc(NCCN)c3ncc(C)n3c2c1.Cl,5.0,5.072654659396277,5.145251292908602
9926054::MAP3K15::3211,MAP3K15,9926054,Cc1ccc2nc(NCCN)c3ncc(C)n3c2c1.Cl,5.0,5.072654659396277,4.984696870707007
9926054::MAP4K2::3215,MAP4K2,9926054,Cc1ccc2nc(NCCN)c3ncc(C)n3c2c1.Cl,5.0,5.072654659396277,5.029018929088319
9926054::MAP4K3::3216,MAP4K3,9926054,Cc1ccc2nc(NCCN)c3ncc(C)n3c2c1.Cl,5.0,5.072654659396277,5.19202525107304
9926054::MEK1::3226,MEK1,9926054,Cc1ccc2nc(NCCN)c3ncc(C)n3c2c1.Cl,5.0,5.072654659396277,5.102857075718011
9926054::MELK::3232,MELK,9926054,Cc1ccc2nc(NCCN)c3ncc(C)n3c2c1.Cl,5.0,5.072654659396277,5.0520734782617875
9926054::MLK1::3240,MLK1,9926054,Cc1ccc2nc(NCCN)c3ncc(C)n3c2c1.Cl,5.0,5.072654659396277,5.081184016086427
9926054::MLK2::3241,MLK2,9926054,Cc1ccc2nc(NCCN)c3ncc(C)n3c2c1.Cl,5.0,5.072654659396277,5.009528069331972
9926054::MLK3::3242,MLK3,9926054,Cc1ccc2nc(NCCN)c3ncc(C)n3c2c1.Cl,5.0,5.072654659396277,5.099168522773784
9926054::MST1::3245,MST1,9926054,Cc1ccc2nc(NCCN)c3ncc(C)n3c2c1.Cl,5.0,5.072654659396277,5.074654155419902
9926054::MST1R::3246,MST1R,9926054,Cc1ccc2nc(NCCN)c3ncc(C)n3c2c1.Cl,5.0,5.072654659396277,5.0543929482114685
9926054::MST2::3247,MST2,9926054,Cc1ccc2nc(NCCN)c3ncc(C)n3c2c1.Cl,5.0,5.072654659396277,5.10134627744394
9926054::MST3::3248,MST3,9926054,Cc1ccc2nc(NCCN)c3ncc(C)n3c2c1.Cl,5.0,5.072654659396277,5.065098106807688
9926054::MYLK::3252,MYLK,9926054,Cc1ccc2nc(NCCN)c3ncc(C)n3c2c1.Cl,5.0,5.072654659396277,5.178691112652782
9926054::MYLK2::3253,MYLK2,9926054,Cc1ccc2nc(NCCN)c3ncc(C)n3c2c1.Cl,5.0,5.072654659396277,5.082686517738132
9926054::NEK1::3259,NEK1,9926054,Cc1ccc2nc(NCCN)c3ncc(C)n3c2c1.Cl,5.0,5.072654659396277,5.005133958879966
9926054::p38-alpha::3271,p38-alpha,9926054,Cc1ccc2nc(NCCN)c3ncc(C)n3c2c1.Cl,5.0,5.072654659396277,5.014716982440615
9926054::PAK4::3278,PAK4,9926054,Cc1ccc2nc(NCCN)c3ncc(C)n3c2c1.Cl,5.0,5.072654659396277,5.198221168467651
9926054::PFPK5(Pfalciparum)::3288,PFPK5(Pfalciparum),9926054,Cc1ccc2nc(NCCN)c3ncc(C)n3c2c1.Cl,5.0,5.072654659396277,4.960074040842599
9926054::PIK3CA(Q546K)::3295,PIK3CA(Q546K),9926054,Cc1ccc2nc(NCCN)c3ncc(C)n3c2c1.Cl,5.0,5.072654659396277,4.9593082932548755
9926054::PIK3CD::3297,PIK3CD,9926054,Cc1ccc2nc(NCCN)c3ncc(C)n3c2c1.Cl,5.0,5.072654659396277,5.0996695155732406
9926054::PIM3::3302,PIM3,9926054,Cc1ccc2nc(NCCN)c3ncc(C)n3c2c1.Cl,5.0,5.072654659396277,5.135649829410638
9926054::PRKCE::3318,PRKCE,9926054,Cc1ccc2nc(NCCN)c3ncc(C)n3c2c1.Cl,5.0,5.072654659396277,5.059234457187563
9926054::PYK2::3330,PYK2,9926054,Cc1ccc2nc(NCCN)c3ncc(C)n3c2c1.Cl,5.0,5.072654659396277,5.172199263525189
9926054::RIPK5::3340,RIPK5,9926054,Cc1ccc2nc(NCCN)c3ncc(C)n3c2c1.Cl,5.0,5.072654659396277,5.0007148116955085
9926054::RSK2(KinDom.1-N-terminal)::3347,RSK2(KinDom.1-N-terminal),9926054,Cc1ccc2nc(NCCN)c3ncc(C)n3c2c1.Cl,5.0,5.072654659396277,5.050528058059306
9926054::SNARK::3357,SNARK,9926054,Cc1ccc2nc(NCCN)c3ncc(C)n3c2c1.Cl,5.0,5.072654659396277,5.01123569164518
9926054::TBK1::3374,TBK1,9926054,Cc1ccc2nc(NCCN)c3ncc(C)n3c2c1.Cl,5.0,5.072654659396277,5.059207442734991
9926054::TNK1::3384,TNK1,9926054,Cc1ccc2nc(NCCN)c3ncc(C)n3c2c1.Cl,5.0,5.072654659396277,5.1115844014323715
9926054::TRKC::3389,TRKC,9926054,Cc1ccc2nc(NCCN)c3ncc(C)n3c2c1.Cl,5.0,5.072654659396277,5.203563698129263
9926054::TRPM6::3390,TRPM6,9926054,Cc1ccc2nc(NCCN)c3ncc(C)n3c2c1.Cl,5.0,5.072654659396277,5.065652534285663
9926054::TSSK1B::3391,TSSK1B,9926054,Cc1ccc2nc(NCCN)c3ncc(C)n3c2c1.Cl,5.0,5.072654659396277,5.0539173325863
9926054::ULK1::3396,ULK1,9926054,Cc1ccc2nc(NCCN)c3ncc(C)n3c2c1.Cl,5.0,5.072654659396277,5.08552480493254
16007391::ACVR2A::3416,ACVR2A,16007391,CCN(CCO)CCCOc1ccc2c(Nc3cc(CC(=O)Nc4cccc(F)c4)[nH]n3)ncnc2c1,5.0,5.204081204669624,5.441215171219827
16007391::AKT1::3421,AKT1,16007391,CCN(CCO)CCCOc1ccc2c(Nc3cc(CC(=O)Nc4cccc(F)c4)[nH]n3)ncnc2c1,5.0,5.204081204669624,5.043625772560793
16007391::AMPK-alpha1::3425,AMPK-alpha1,16007391,CCN(CCO)CCCOc1ccc2c(Nc3cc(CC(=O)Nc4cccc(F)c4)[nH]n3)ncnc2c1,5.0,5.204081204669624,5.171912762600042
16007391::ARK5::3428,ARK5,16007391,CCN(CCO)CCCOc1ccc2c(Nc3cc(CC(=O)Nc4cccc(F)c4)[nH]n3)ncnc2c1,5.0,5.204081204669624,5.092596118903288
16007391::AXL::3434,AXL,16007391,CCN(CCO)CCCOc1ccc2c(Nc3cc(CC(=O)Nc4cccc(F)c4)[nH]n3)ncnc2c1,6.4089353929735005,5.204081204669624,5.378998189069979
16007391::BIKE::3435,BIKE,16007391,CCN(CCO)CCCOc1ccc2c(Nc3cc(CC(=O)Nc4cccc(F)c4)[nH]n3)ncnc2c1,5.0,5.204081204669624,5.362375640235423
16007391::BLK::3436,BLK,16007391,CCN(CCO)CCCOc1ccc2c(Nc3cc(CC(=O)Nc4cccc(F)c4)[nH]n3)ncnc2c1,5.823908740944319,5.204081204669624,5.187322045550781
16007391::BMPR1A::3437,BMPR1A,16007391,CCN(CCO)CCCOc1ccc2c(Nc3cc(CC(=O)Nc4cccc(F)c4)[nH]n3)ncnc2c1,5.0,5.204081204669624,5.1124753543833235
16007391::BRAF(V600E)::3441,BRAF(V600E),16007391,CCN(CCO)CCCOc1ccc2c(Nc3cc(CC(=O)Nc4cccc(F)c4)[nH]n3)ncnc2c1,5.0,5.204081204669624,5.115537338400656
16007391::BRSK1::3443,BRSK1,16007391,CCN(CCO)CCCOc1ccc2c(Nc3cc(CC(=O)Nc4cccc(F)c4)[nH]n3)ncnc2c1,5.0,5.204081204669624,5.1042448109504885
16007391::CAMK1::3446,CAMK1,16007391,CCN(CCO)CCCOc1ccc2c(Nc3cc(CC(=O)Nc4cccc(F)c4)[nH]n3)ncnc2c1,5.0,5.204081204669624,5.119241442074655
16007391::CAMK1D::3447,CAMK1D,16007391,CCN(CCO)CCCOc1ccc2c(Nc3cc(CC(=O)Nc4cccc(F)c4)[nH]n3)ncnc2c1,5.0,5.204081204669624,5.100655900249694
16007391::CAMK1G::3448,CAMK1G,16007391,CCN(CCO)CCCOc1ccc2c(Nc3cc(CC(=O)Nc4cccc(F)c4)[nH]n3)ncnc2c1,5.0,5.204081204669624,5.204369247830864
16007391::CAMK2G::3452,CAMK2G,16007391,CCN(CCO)CCCOc1ccc2c(Nc3cc(CC(=O)Nc4cccc(F)c4)[nH]n3)ncnc2c1,5.0,5.204081204669624,5.040142022597266
16007391::CAMK4::3453,CAMK4,16007391,CCN(CCO)CCCOc1ccc2c(Nc3cc(CC(=O)Nc4cccc(F)c4)[nH]n3)ncnc2c1,5.0,5.204081204669624,5.339118765962282
16007391::CAMKK1::3454,CAMKK1,16007391,CCN(CCO)CCCOc1ccc2c(Nc3cc(CC(=O)Nc4cccc(F)c4)[nH]n3)ncnc2c1,5.0,5.204081204669624,5.211004055041969
16007391::CDKL2::3469,CDKL2,16007391,CCN(CCO)CCCOc1ccc2c(Nc3cc(CC(=O)Nc4cccc(F)c4)[nH]n3)ncnc2c1,5.920818753952375,5.204081204669624,5.208713514004308
16007391::CDKL5::3471,CDKL5,16007391,CCN(CCO)CCCOc1ccc2c(Nc3cc(CC(=O)Nc4cccc(F)c4)[nH]n3)ncnc2c1,5.0,5.204081204669624,5.013275353856391
16007391::CLK1::3475,CLK1,16007391,CCN(CCO)CCCOc1ccc2c(Nc3cc(CC(=O)Nc4cccc(F)c4)[nH]n3)ncnc2c1,5.0,5.204081204669624,5.256850984498901
16007391::CLK2::3476,CLK2,16007391,CCN(CCO)CCCOc1ccc2c(Nc3cc(CC(=O)Nc4cccc(F)c4)[nH]n3)ncnc2c1,5.0,5.204081204669624,5.476405165801882
16007391::CSNK1A1L::3482,CSNK1A1L,16007391,CCN(CCO)CCCOc1ccc2c(Nc3cc(CC(=O)Nc4cccc(F)c4)[nH]n3)ncnc2c1,5.0,5.204081204669624,5.106870085573818
16007391::CSNK1G1::3485,CSNK1G1,16007391,CCN(CCO)CCCOc1ccc2c(Nc3cc(CC(=O)Nc4cccc(F)c4)[nH]n3)ncnc2c1,5.0,5.204081204669624,5.118082239982071
16007391::CSNK1G3::3487,CSNK1G3,16007391,CCN(CCO)CCCOc1ccc2c(Nc3cc(CC(=O)Nc4cccc(F)c4)[nH]n3)ncnc2c1,5.0,5.204081204669624,5.001623819296557
16007391::DCAMKL1::3494,DCAMKL1,16007391,CCN(CCO)CCCOc1ccc2c(Nc3cc(CC(=O)Nc4cccc(F)c4)[nH]n3)ncnc2c1,5.0,5.204081204669624,5.14065013566314
16007391::DCAMKL2::3495,DCAMKL2,16007391,CCN(CCO)CCCOc1ccc2c(Nc3cc(CC(=O)Nc4cccc(F)c4)[nH]n3)ncnc2c1,5.0,5.204081204669624,5.123965666553578
16007391::DMPK::3500,DMPK,16007391,CCN(CCO)CCCOc1ccc2c(Nc3cc(CC(=O)Nc4cccc(F)c4)[nH]n3)ncnc2c1,5.0,5.204081204669624,5.354837140358161
16007391::DYRK1A::3504,DYRK1A,16007391,CCN(CCO)CCCOc1ccc2c(Nc3cc(CC(=O)Nc4cccc(F)c4)[nH]n3)ncnc2c1,5.0,5.204081204669624,5.19661326389785
16007391::EPHA6::3514,EPHA6,16007391,CCN(CCO)CCCOc1ccc2c(Nc3cc(CC(=O)Nc4cccc(F)c4)[nH]n3)ncnc2c1,5.0,5.204081204669624,5.196530206746783
16007391::ERBB2::3522,ERBB2,16007391,CCN(CCO)CCCOc1ccc2c(Nc3cc(CC(=O)Nc4cccc(F)c4)[nH]n3)ncnc2c1,5.366531544420413,5.204081204669624,5.289446703544657
16007391::FGFR3(G697C)::3537,FGFR3(G697C),16007391,CCN(CCO)CCCOc1ccc2c(Nc3cc(CC(=O)Nc4cccc(F)c4)[nH]n3)ncnc2c1,5.0,5.204081204669624,5.187652538429878
16007391::FLT1::3540,FLT1,16007391,CCN(CCO)CCCOc1ccc2c(Nc3cc(CC(=O)Nc4cccc(F)c4)[nH]n3)ncnc2c1,6.958607314841775,5.204081204669624,5.395314130917255
16007391::FLT4::3542,FLT4,16007391,CCN(CCO)CCCOc1ccc2c(Nc3cc(CC(=O)Nc4cccc(F)c4)[nH]n3)ncnc2c1,5.537602002101044,5.204081204669624,5.192815824128334
16007391::FYN::3544,FYN,16007391,CCN(CCO)CCCOc1ccc2c(Nc3cc(CC(=O)Nc4cccc(F)c4)[nH]n3)ncnc2c1,5.0,5.204081204669624,5.3066713013061975
16007391::GAK::3545,GAK,16007391,CCN(CCO)CCCOc1ccc2c(Nc3cc(CC(=O)Nc4cccc(F)c4)[nH]n3)ncnc2c1,5.0,5.204081204669624,5.153153145990806
16007391::HIPK3::3555,HIPK3,16007391,CCN(CCO)CCCOc1ccc2c(Nc3cc(CC(=O)Nc4cccc(F)c4)[nH]n3)ncnc2c1,5.6020599913279625,5.204081204669624,5.245451374350771
16007391::HUNK::3558,HUNK,16007391,CCN(CCO)CCCOc1ccc2c(Nc3cc(CC(=O)Nc4cccc(F)c4)[nH]n3)ncnc2c1,5.0,5.204081204669624,5.208708787489206
16007391::ICK::3559,ICK,16007391,CCN(CCO)CCCOc1ccc2c(Nc3cc(CC(=O)Nc4cccc(F)c4)[nH]n3)ncnc2c1,5.0,5.204081204669624,5.070931786873951
16007391::IKK-alpha::3561,IKK-alpha,16007391,CCN(CCO)CCCOc1ccc2c(Nc3cc(CC(=O)Nc4cccc(F)c4)[nH]n3)ncnc2c1,5.0,5.204081204669624,5.0653079536268
16007391::IKK-epsilon::3563,IKK-epsilon,16007391,CCN(CCO)CCCOc1ccc2c(Nc3cc(CC(=O)Nc4cccc(F)c4)[nH]n3)ncnc2c1,5.0,5.204081204669624,5.126479984699033
16007391::JAK3(JH1domain-catalytic)::3572,JAK3(JH1domain-catalytic),16007391,CCN(CCO)CCCOc1ccc2c(Nc3cc(CC(=O)Nc4cccc(F)c4)[nH]n3)ncnc2c1,5.0,5.204081204669624,5.131039741683788
16007391::JNK1::3573,JNK1,16007391,CCN(CCO)CCCOc1ccc2c(Nc3cc(CC(=O)Nc4cccc(F)c4)[nH]n3)ncnc2c1,5.0,5.204081204669624,5.108030528249617
16007391::JNK2::3574,JNK2,16007391,CCN(CCO)CCCOc1ccc2c(Nc3cc(CC(=O)Nc4cccc(F)c4)[nH]n3)ncnc2c1,5.0,5.204081204669624,5.088381171132577
16007391::LOK::3583,LOK,16007391,CCN(CCO)CCCOc1ccc2c(Nc3cc(CC(=O)Nc4cccc(F)c4)[nH]n3)ncnc2c1,5.552841968657781,5.204081204669624,5.346491602384145
16007391::MAK::3588,MAK,16007391,CCN(CCO)CCCOc1ccc2c(Nc3cc(CC(=O)Nc4cccc(F)c4)[nH]n3)ncnc2c1,5.0,5.204081204669624,5.271871739614623
16007391::MAP3K15::3590,MAP3K15,16007391,CCN(CCO)CCCOc1ccc2c(Nc3cc(CC(=O)Nc4cccc(F)c4)[nH]n3)ncnc2c1,5.0,5.204081204669624,5.107842126825196
16007391::MAP4K2::3594,MAP4K2,16007391,CCN(CCO)CCCOc1ccc2c(Nc3cc(CC(=O)Nc4cccc(F)c4)[nH]n3)ncnc2c1,5.0,5.204081204669624,5.264455345441956
16007391::MAP4K3::3595,MAP4K3,16007391,CCN(CCO)CCCOc1ccc2c(Nc3cc(CC(=O)Nc4cccc(F)c4)[nH]n3)ncnc2c1,5.0,5.204081204669624,5.212836231324737
16007391::MEK1::3605,MEK1,16007391,CCN(CCO)CCCOc1ccc2c(Nc3cc(CC(=O)Nc4cccc(F)c4)[nH]n3)ncnc2c1,5.721246399047171,5.204081204669624,5.244656370854006
16007391::MELK::3611,MELK,16007391,CCN(CCO)CCCOc1ccc2c(Nc3cc(CC(=O)Nc4cccc(F)c4)[nH]n3)ncnc2c1,5.0,5.204081204669624,5.107267746097894
16007391::MLK1::3619,MLK1,16007391,CCN(CCO)CCCOc1ccc2c(Nc3cc(CC(=O)Nc4cccc(F)c4)[nH]n3)ncnc2c1,5.0,5.204081204669624,5.206419378409058
16007391::MLK2::3620,MLK2,16007391,CCN(CCO)CCCOc1ccc2c(Nc3cc(CC(=O)Nc4cccc(F)c4)[nH]n3)ncnc2c1,5.0,5.204081204669624,5.054403243416351
16007391::MLK3::3621,MLK3,16007391,CCN(CCO)CCCOc1ccc2c(Nc3cc(CC(=O)Nc4cccc(F)c4)[nH]n3)ncnc2c1,5.0,5.204081204669624,5.252440132469779
16007391::MST1::3624,MST1,16007391,CCN(CCO)CCCOc1ccc2c(Nc3cc(CC(=O)Nc4cccc(F)c4)[nH]n3)ncnc2c1,5.0,5.204081204669624,5.244894124808763
16007391::MST1R::3625,MST1R,16007391,CCN(CCO)CCCOc1ccc2c(Nc3cc(CC(=O)Nc4cccc(F)c4)[nH]n3)ncnc2c1,5.0,5.204081204669624,5.32138094731105
16007391::MST2::3626,MST2,16007391,CCN(CCO)CCCOc1ccc2c(Nc3cc(CC(=O)Nc4cccc(F)c4)[nH]n3)ncnc2c1,5.0,5.204081204669624,5.230851454596685
16007391::MST3::3627,MST3,16007391,CCN(CCO)CCCOc1ccc2c(Nc3cc(CC(=O)Nc4cccc(F)c4)[nH]n3)ncnc2c1,5.0,5.204081204669624,5.160562441970264
16007391::MYLK::3631,MYLK,16007391,CCN(CCO)CCCOc1ccc2c(Nc3cc(CC(=O)Nc4cccc(F)c4)[nH]n3)ncnc2c1,5.0,5.204081204669624,5.244601171059061
16007391::MYLK2::3632,MYLK2,16007391,CCN(CCO)CCCOc1ccc2c(Nc3cc(CC(=O)Nc4cccc(F)c4)[nH]n3)ncnc2c1,5.0,5.204081204669624,5.189534587565144
16007391::NEK1::3638,NEK1,16007391,CCN(CCO)CCCOc1ccc2c(Nc3cc(CC(=O)Nc4cccc(F)c4)[nH]n3)ncnc2c1,5.0,5.204081204669624,5.097346259321549
16007391::p38-alpha::3650,p38-alpha,16007391,CCN(CCO)CCCOc1ccc2c(Nc3cc(CC(=O)Nc4cccc(F)c4)[nH]n3)ncnc2c1,5.0,5.204081204669624,5.064902081111557
16007391::PAK4::3657,PAK4,16007391,CCN(CCO)CCCOc1ccc2c(Nc3cc(CC(=O)Nc4cccc(F)c4)[nH]n3)ncnc2c1,5.0,5.204081204669624,5.2962659266205
16007391::PFPK5(Pfalciparum)::3667,PFPK5(Pfalciparum),16007391,CCN(CCO)CCCOc1ccc2c(Nc3cc(CC(=O)Nc4cccc(F)c4)[nH]n3)ncnc2c1,5.0,5.204081204669624,5.113371530537587
16007391::PIK3CA(Q546K)::3674,PIK3CA(Q546K),16007391,CCN(CCO)CCCOc1ccc2c(Nc3cc(CC(=O)Nc4cccc(F)c4)[nH]n3)ncnc2c1,5.0,5.204081204669624,5.129530754950037
16007391::PIK3CD::3676,PIK3CD,16007391,CCN(CCO)CCCOc1ccc2c(Nc3cc(CC(=O)Nc4cccc(F)c4)[nH]n3)ncnc2c1,5.0,5.204081204669624,5.222013495015843
16007391::PIM3::3681,PIM3,16007391,CCN(CCO)CCCOc1ccc2c(Nc3cc(CC(=O)Nc4cccc(F)c4)[nH]n3)ncnc2c1,5.0,5.204081204669624,5.369535887505572
16007391::PRKCE::3697,PRKCE,16007391,CCN(CCO)CCCOc1ccc2c(Nc3cc(CC(=O)Nc4cccc(F)c4)[nH]n3)ncnc2c1,5.0,5.204081204669624,5.0776899150816766
16007391::PYK2::3709,PYK2,16007391,CCN(CCO)CCCOc1ccc2c(Nc3cc(CC(=O)Nc4cccc(F)c4)[nH]n3)ncnc2c1,5.0,5.204081204669624,5.295818564923143
16007391::RIPK5::3719,RIPK5,16007391,CCN(CCO)CCCOc1ccc2c(Nc3cc(CC(=O)Nc4cccc(F)c4)[nH]n3)ncnc2c1,5.522878745280337,5.204081204669624,5.067581029206724
16007391::RSK2(KinDom.1-N-terminal)::3726,RSK2(KinDom.1-N-terminal),16007391,CCN(CCO)CCCOc1ccc2c(Nc3cc(CC(=O)Nc4cccc(F)c4)[nH]n3)ncnc2c1,5.0,5.204081204669624,5.21878902140464
16007391::SNARK::3736,SNARK,16007391,CCN(CCO)CCCOc1ccc2c(Nc3cc(CC(=O)Nc4cccc(F)c4)[nH]n3)ncnc2c1,5.0,5.204081204669624,5.140165580460321
16007391::TBK1::3753,TBK1,16007391,CCN(CCO)CCCOc1ccc2c(Nc3cc(CC(=O)Nc4cccc(F)c4)[nH]n3)ncnc2c1,5.0,5.204081204669624,5.223490797805308
16007391::TNK1::3763,TNK1,16007391,CCN(CCO)CCCOc1ccc2c(Nc3cc(CC(=O)Nc4cccc(F)c4)[nH]n3)ncnc2c1,5.0,5.204081204669624,5.2093298806837565
16007391::TRKC::3768,TRKC,16007391,CCN(CCO)CCCOc1ccc2c(Nc3cc(CC(=O)Nc4cccc(F)c4)[nH]n3)ncnc2c1,5.0,5.204081204669624,5.638102980157959
16007391::TRPM6::3769,TRPM6,16007391,CCN(CCO)CCCOc1ccc2c(Nc3cc(CC(=O)Nc4cccc(F)c4)[nH]n3)ncnc2c1,5.0,5.204081204669624,5.220065018066123
16007391::TSSK1B::3770,TSSK1B,16007391,CCN(CCO)CCCOc1ccc2c(Nc3cc(CC(=O)Nc4cccc(F)c4)[nH]n3)ncnc2c1,5.0,5.204081204669624,5.10134607174074
16007391::ULK1::3775,ULK1,16007391,CCN(CCO)CCCOc1ccc2c(Nc3cc(CC(=O)Nc4cccc(F)c4)[nH]n3)ncnc2c1,5.0,5.204081204669624,5.162680832797268
5328940::ACVR2A::3795,ACVR2A,5328940,COc1cc(Nc2c(C#N)cnc3cc(OCCCN4CCN(C)CC4)c(OC)cc23)c(Cl)cc1Cl,5.0,5.820130023801826,6.2145640413292815
5328940::AKT1::3800,AKT1,5328940,COc1cc(Nc2c(C#N)cnc3cc(OCCCN4CCN(C)CC4)c(OC)cc23)c(Cl)cc1Cl,5.0,5.820130023801826,5.2085401104585225
5328940::AMPK-alpha1::3804,AMPK-alpha1,5328940,COc1cc(Nc2c(C#N)cnc3cc(OCCCN4CCN(C)CC4)c(OC)cc23)c(Cl)cc1Cl,5.4089353929735005,5.820130023801826,5.453251359922571
5328940::ARK5::3807,ARK5,5328940,COc1cc(Nc2c(C#N)cnc3cc(OCCCN4CCN(C)CC4)c(OC)cc23)c(Cl)cc1Cl,5.229147988357855,5.820130023801826,5.747038637035999
5328940::AXL::3813,AXL,5328940,COc1cc(Nc2c(C#N)cnc3cc(OCCCN4CCN(C)CC4)c(OC)cc23)c(Cl)cc1Cl,7.2839966563652,5.820130023801826,6.0848320883351334
5328940::BIKE::3814,BIKE,5328940,COc1cc(Nc2c(C#N)cnc3cc(OCCCN4CCN(C)CC4)c(OC)cc23)c(Cl)cc1Cl,6.455931955649724,5.820130023801826,6.757991962181522
5328940::BLK::3815,BLK,5328940,COc1cc(Nc2c(C#N)cnc3cc(OCCCN4CCN(C)CC4)c(OC)cc23)c(Cl)cc1Cl,8.481486060122112,5.820130023801826,6.105833910399475
5328940::BMPR1A::3816,BMPR1A,5328940,COc1cc(Nc2c(C#N)cnc3cc(OCCCN4CCN(C)CC4)c(OC)cc23)c(Cl)cc1Cl,5.0,5.820130023801826,5.822262192330154
5328940::BRAF(V600E)::3820,BRAF(V600E),5328940,COc1cc(Nc2c(C#N)cnc3cc(OCCCN4CCN(C)CC4)c(OC)cc23)c(Cl)cc1Cl,5.0,5.820130023801826,5.937991834632579
5328940::BRSK1::3822,BRSK1,5328940,COc1cc(Nc2c(C#N)cnc3cc(OCCCN4CCN(C)CC4)c(OC)cc23)c(Cl)cc1Cl,5.0,5.820130023801826,5.274927117670232
5328940::CAMK1::3825,CAMK1,5328940,COc1cc(Nc2c(C#N)cnc3cc(OCCCN4CCN(C)CC4)c(OC)cc23)c(Cl)cc1Cl,5.0,5.820130023801826,5.447670396781078
5328940::CAMK1D::3826,CAMK1D,5328940,COc1cc(Nc2c(C#N)cnc3cc(OCCCN4CCN(C)CC4)c(OC)cc23)c(Cl)cc1Cl,6.259637310505756,5.820130023801826,5.573645275212844
5328940::CAMK1G::3827,CAMK1G,5328940,COc1cc(Nc2c(C#N)cnc3cc(OCCCN4CCN(C)CC4)c(OC)cc23)c(Cl)cc1Cl,5.0,5.820130023801826,5.485561814417276
5328940::CAMK2G::3831,CAMK2G,5328940,COc1cc(Nc2c(C#N)cnc3cc(OCCCN4CCN(C)CC4)c(OC)cc23)c(Cl)cc1Cl,5.443697499232712,5.820130023801826,5.815767256178785
5328940::CAMK4::3832,CAMK4,5328940,COc1cc(Nc2c(C#N)cnc3cc(OCCCN4CCN(C)CC4)c(OC)cc23)c(Cl)cc1Cl,5.0,5.820130023801826,5.635871163206107
5328940::CAMKK1::3833,CAMKK1,5328940,COc1cc(Nc2c(C#N)cnc3cc(OCCCN4CCN(C)CC4)c(OC)cc23)c(Cl)cc1Cl,5.0,5.820130023801826,6.195059372795086
5328940::CDKL2::3848,CDKL2,5328940,COc1cc(Nc2c(C#N)cnc3cc(OCCCN4CCN(C)CC4)c(OC)cc23)c(Cl)cc1Cl,5.0,5.820130023801826,5.477751531115913
5328940::CDKL5::3850,CDKL5,5328940,COc1cc(Nc2c(C#N)cnc3cc(OCCCN4CCN(C)CC4)c(OC)cc23)c(Cl)cc1Cl,5.0,5.820130023801826,5.413064539985697
5328940::CLK1::3854,CLK1,5328940,COc1cc(Nc2c(C#N)cnc3cc(OCCCN4CCN(C)CC4)c(OC)cc23)c(Cl)cc1Cl,6.221848749616356,5.820130023801826,5.520003062219769
5328940::CLK2::3855,CLK2,5328940,COc1cc(Nc2c(C#N)cnc3cc(OCCCN4CCN(C)CC4)c(OC)cc23)c(Cl)cc1Cl,5.769551078621726,5.820130023801826,5.709465803101006
5328940::CSNK1A1L::3861,CSNK1A1L,5328940,COc1cc(Nc2c(C#N)cnc3cc(OCCCN4CCN(C)CC4)c(OC)cc23)c(Cl)cc1Cl,5.585026652029182,5.820130023801826,5.349777783218808
5328940::CSNK1G1::3864,CSNK1G1,5328940,COc1cc(Nc2c(C#N)cnc3cc(OCCCN4CCN(C)CC4)c(OC)cc23)c(Cl)cc1Cl,5.0,5.820130023801826,5.68489415204419
5328940::CSNK1G3::3866,CSNK1G3,5328940,COc1cc(Nc2c(C#N)cnc3cc(OCCCN4CCN(C)CC4)c(OC)cc23)c(Cl)cc1Cl,5.0,5.820130023801826,5.524408254474958
5328940::DCAMKL1::3873,DCAMKL1,5328940,COc1cc(Nc2c(C#N)cnc3cc(OCCCN4CCN(C)CC4)c(OC)cc23)c(Cl)cc1Cl,5.0,5.820130023801826,5.384785370557901
5328940::DCAMKL2::3874,DCAMKL2,5328940,COc1cc(Nc2c(C#N)cnc3cc(OCCCN4CCN(C)CC4)c(OC)cc23)c(Cl)cc1Cl,5.0,5.820130023801826,5.4190841693716925
5328940::DMPK::3879,DMPK,5328940,COc1cc(Nc2c(C#N)cnc3cc(OCCCN4CCN(C)CC4)c(OC)cc23)c(Cl)cc1Cl,7.040958607678906,5.820130023801826,5.62417457630906
5328940::DYRK1A::3883,DYRK1A,5328940,COc1cc(Nc2c(C#N)cnc3cc(OCCCN4CCN(C)CC4)c(OC)cc23)c(Cl)cc1Cl,5.0,5.820130023801826,5.716281232813736
5328940::EPHA6::3893,EPHA6,5328940,COc1cc(Nc2c(C#N)cnc3cc(OCCCN4CCN(C)CC4)c(OC)cc23)c(Cl)cc1Cl,5.958607314841775,5.820130023801826,6.6642846053030995
5328940::ERBB2::3901,ERBB2,5328940,COc1cc(Nc2c(C#N)cnc3cc(OCCCN4CCN(C)CC4)c(OC)cc23)c(Cl)cc1Cl,5.6020599913279625,5.820130023801826,6.470213888304531
5328940::FGFR3(G697C)::3916,FGFR3(G697C),5328940,COc1cc(Nc2c(C#N)cnc3cc(OCCCN4CCN(C)CC4)c(OC)cc23)c(Cl)cc1Cl,5.0,5.820130023801826,5.608006220280743
5328940::FLT1::3919,FLT1,5328940,COc1cc(Nc2c(C#N)cnc3cc(OCCCN4CCN(C)CC4)c(OC)cc23)c(Cl)cc1Cl,5.0,5.820130023801826,5.859133636422945
5328940::FLT4::3921,FLT4,5328940,COc1cc(Nc2c(C#N)cnc3cc(OCCCN4CCN(C)CC4)c(OC)cc23)c(Cl)cc1Cl,5.0,5.820130023801826,5.810624003473479
5328940::FYN::3923,FYN,5328940,COc1cc(Nc2c(C#N)cnc3cc(OCCCN4CCN(C)CC4)c(OC)cc23)c(Cl)cc1Cl,7.958607314841775,5.820130023801826,6.905224703697229
5328940::GAK::3924,GAK,5328940,COc1cc(Nc2c(C#N)cnc3cc(OCCCN4CCN(C)CC4)c(OC)cc23)c(Cl)cc1Cl,8.886056647693163,5.820130023801826,5.6705201593399845
5328940::HIPK3::3934,HIPK3,5328940,COc1cc(Nc2c(C#N)cnc3cc(OCCCN4CCN(C)CC4)c(OC)cc23)c(Cl)cc1Cl,5.494850021680094,5.820130023801826,5.729415307052263
5328940::HUNK::3937,HUNK,5328940,COc1cc(Nc2c(C#N)cnc3cc(OCCCN4CCN(C)CC4)c(OC)cc23)c(Cl)cc1Cl,5.301029995663981,5.820130023801826,5.515107486784608
5328940::ICK::3938,ICK,5328940,COc1cc(Nc2c(C#N)cnc3cc(OCCCN4CCN(C)CC4)c(OC)cc23)c(Cl)cc1Cl,5.0,5.820130023801826,5.628180222908439
5328940::IKK-alpha::3940,IKK-alpha,5328940,COc1cc(Nc2c(C#N)cnc3cc(OCCCN4CCN(C)CC4)c(OC)cc23)c(Cl)cc1Cl,5.0,5.820130023801826,5.367487764464702
5328940::IKK-epsilon::3942,IKK-epsilon,5328940,COc1cc(Nc2c(C#N)cnc3cc(OCCCN4CCN(C)CC4)c(OC)cc23)c(Cl)cc1Cl,7.275724130399211,5.820130023801826,5.934166036746382
5328940::JAK3(JH1domain-catalytic)::3951,JAK3(JH1domain-catalytic),5328940,COc1cc(Nc2c(C#N)cnc3cc(OCCCN4CCN(C)CC4)c(OC)cc23)c(Cl)cc1Cl,5.920818753952375,5.820130023801826,5.661880440240924
5328940::JNK1::3952,JNK1,5328940,COc1cc(Nc2c(C#N)cnc3cc(OCCCN4CCN(C)CC4)c(OC)cc23)c(Cl)cc1Cl,5.0,5.820130023801826,5.497160847646784
5328940::JNK2::3953,JNK2,5328940,COc1cc(Nc2c(C#N)cnc3cc(OCCCN4CCN(C)CC4)c(OC)cc23)c(Cl)cc1Cl,5.0,5.820130023801826,5.5817682044362416
5328940::LOK::3962,LOK,5328940,COc1cc(Nc2c(C#N)cnc3cc(OCCCN4CCN(C)CC4)c(OC)cc23)c(Cl)cc1Cl,8.154901959985743,5.820130023801826,6.435729886295333
5328940::MAK::3967,MAK,5328940,COc1cc(Nc2c(C#N)cnc3cc(OCCCN4CCN(C)CC4)c(OC)cc23)c(Cl)cc1Cl,5.0,5.820130023801826,5.548389339320609
5328940::MAP3K15::3969,MAP3K15,5328940,COc1cc(Nc2c(C#N)cnc3cc(OCCCN4CCN(C)CC4)c(OC)cc23)c(Cl)cc1Cl,5.0,5.820130023801826,5.5563498663318605
5328940::MAP4K2::3973,MAP4K2,5328940,COc1cc(Nc2c(C#N)cnc3cc(OCCCN4CCN(C)CC4)c(OC)cc23)c(Cl)cc1Cl,8.508638306165727,5.820130023801826,5.518006377072714
5328940::MAP4K3::3974,MAP4K3,5328940,COc1cc(Nc2c(C#N)cnc3cc(OCCCN4CCN(C)CC4)c(OC)cc23)c(Cl)cc1Cl,8.292429823902063,5.820130023801826,6.473361046858599
5328940::MEK1::3984,MEK1,5328940,COc1cc(Nc2c(C#N)cnc3cc(OCCCN4CCN(C)CC4)c(OC)cc23)c(Cl)cc1Cl,7.721246399047171,5.820130023801826,6.3823966135908
5328940::MELK::3990,MELK,5328940,COc1cc(Nc2c(C#N)cnc3cc(OCCCN4CCN(C)CC4)c(OC)cc23)c(Cl)cc1Cl,5.0,5.820130023801826,5.52465632887194
5328940::MLK1::3998,MLK1,5328940,COc1cc(Nc2c(C#N)cnc3cc(OCCCN4CCN(C)CC4)c(OC)cc23)c(Cl)cc1Cl,5.568636235841012,5.820130023801826,5.788695069380319
5328940::MLK2::3999,MLK2,5328940,COc1cc(Nc2c(C#N)cnc3cc(OCCCN4CCN(C)CC4)c(OC)cc23)c(Cl)cc1Cl,5.0,5.820130023801826,6.089945146748945
5328940::MLK3::4000,MLK3,5328940,COc1cc(Nc2c(C#N)cnc3cc(OCCCN4CCN(C)CC4)c(OC)cc23)c(Cl)cc1Cl,5.568636235841012,5.820130023801826,6.269901114157154
5328940::MST1::4003,MST1,5328940,COc1cc(Nc2c(C#N)cnc3cc(OCCCN4CCN(C)CC4)c(OC)cc23)c(Cl)cc1Cl,6.721246399047171,5.820130023801826,6.380092203198701
5328940::MST1R::4004,MST1R,5328940,COc1cc(Nc2c(C#N)cnc3cc(OCCCN4CCN(C)CC4)c(OC)cc23)c(Cl)cc1Cl,5.200659450546418,5.820130023801826,5.625132129068868
5328940::MST2::4005,MST2,5328940,COc1cc(Nc2c(C#N)cnc3cc(OCCCN4CCN(C)CC4)c(OC)cc23)c(Cl)cc1Cl,6.431798275933005,5.820130023801826,6.270764213091067
5328940::MST3::4006,MST3,5328940,COc1cc(Nc2c(C#N)cnc3cc(OCCCN4CCN(C)CC4)c(OC)cc23)c(Cl)cc1Cl,6.42021640338319,5.820130023801826,6.23987011885284
5328940::MYLK::4010,MYLK,5328940,COc1cc(Nc2c(C#N)cnc3cc(OCCCN4CCN(C)CC4)c(OC)cc23)c(Cl)cc1Cl,6.309803919971486,5.820130023801826,6.257819689028233
5328940::MYLK2::4011,MYLK2,5328940,COc1cc(Nc2c(C#N)cnc3cc(OCCCN4CCN(C)CC4)c(OC)cc23)c(Cl)cc1Cl,5.0,5.820130023801826,5.652682307607888
5328940::NEK1::4017,NEK1,5328940,COc1cc(Nc2c(C#N)cnc3cc(OCCCN4CCN(C)CC4)c(OC)cc23)c(Cl)cc1Cl,5.0,5.820130023801826,5.779110242258663
5328940::p38-alpha::4029,p38-alpha,5328940,COc1cc(Nc2c(C#N)cnc3cc(OCCCN4CCN(C)CC4)c(OC)cc23)c(Cl)cc1Cl,5.0,5.820130023801826,5.465685695849692
5328940::PAK4::4036,PAK4,5328940,COc1cc(Nc2c(C#N)cnc3cc(OCCCN4CCN(C)CC4)c(OC)cc23)c(Cl)cc1Cl,5.0,5.820130023801826,6.004397223688648
5328940::PFPK5(Pfalciparum)::4046,PFPK5(Pfalciparum),5328940,COc1cc(Nc2c(C#N)cnc3cc(OCCCN4CCN(C)CC4)c(OC)cc23)c(Cl)cc1Cl,5.0,5.820130023801826,5.224423186981211
5328940::PIK3CA(Q546K)::4053,PIK3CA(Q546K),5328940,COc1cc(Nc2c(C#N)cnc3cc(OCCCN4CCN(C)CC4)c(OC)cc23)c(Cl)cc1Cl,5.0,5.820130023801826,5.592775836611892
5328940::PIK3CD::4055,PIK3CD,5328940,COc1cc(Nc2c(C#N)cnc3cc(OCCCN4CCN(C)CC4)c(OC)cc23)c(Cl)cc1Cl,5.0,5.820130023801826,5.371900867638954
5328940::PIM3::4060,PIM3,5328940,COc1cc(Nc2c(C#N)cnc3cc(OCCCN4CCN(C)CC4)c(OC)cc23)c(Cl)cc1Cl,5.0,5.820130023801826,5.476663596855841
5328940::PRKCE::4076,PRKCE,5328940,COc1cc(Nc2c(C#N)cnc3cc(OCCCN4CCN(C)CC4)c(OC)cc23)c(Cl)cc1Cl,5.619788758288394,5.820130023801826,5.390888521884981
5328940::PYK2::4088,PYK2,5328940,COc1cc(Nc2c(C#N)cnc3cc(OCCCN4CCN(C)CC4)c(OC)cc23)c(Cl)cc1Cl,6.4089353929735005,5.820130023801826,6.097667628072271
5328940::RIPK5::4098,RIPK5,5328940,COc1cc(Nc2c(C#N)cnc3cc(OCCCN4CCN(C)CC4)c(OC)cc23)c(Cl)cc1Cl,6.42021640338319,5.820130023801826,5.454461295790077
5328940::RSK2(KinDom.1-N-terminal)::4105,RSK2(KinDom.1-N-terminal),5328940,COc1cc(Nc2c(C#N)cnc3cc(OCCCN4CCN(C)CC4)c(OC)cc23)c(Cl)cc1Cl,5.920818753952375,5.820130023801826,5.468223188224162
5328940::SNARK::4115,SNARK,5328940,COc1cc(Nc2c(C#N)cnc3cc(OCCCN4CCN(C)CC4)c(OC)cc23)c(Cl)cc1Cl,6.657577319177793,5.820130023801826,5.722594099038965
5328940::TBK1::4132,TBK1,5328940,COc1cc(Nc2c(C#N)cnc3cc(OCCCN4CCN(C)CC4)c(OC)cc23)c(Cl)cc1Cl,6.6020599913279625,5.820130023801826,5.586616711326803
5328940::TNK1::4142,TNK1,5328940,COc1cc(Nc2c(C#N)cnc3cc(OCCCN4CCN(C)CC4)c(OC)cc23)c(Cl)cc1Cl,5.0,5.820130023801826,6.342154674098669
5328940::TRKC::4147,TRKC,5328940,COc1cc(Nc2c(C#N)cnc3cc(OCCCN4CCN(C)CC4)c(OC)cc23)c(Cl)cc1Cl,5.468521082957745,5.820130023801826,6.1270864434240915
5328940::TRPM6::4148,TRPM6,5328940,COc1cc(Nc2c(C#N)cnc3cc(OCCCN4CCN(C)CC4)c(OC)cc23)c(Cl)cc1Cl,5.0,5.820130023801826,5.732523071131339
5328940::TSSK1B::4149,TSSK1B,5328940,COc1cc(Nc2c(C#N)cnc3cc(OCCCN4CCN(C)CC4)c(OC)cc23)c(Cl)cc1Cl,5.337242168318426,5.820130023801826,6.017076315091953
5328940::ULK1::4154,ULK1,5328940,COc1cc(Nc2c(C#N)cnc3cc(OCCCN4CCN(C)CC4)c(OC)cc23)c(Cl)cc1Cl,5.920818753952375,5.820130023801826,6.051932449666586
11234052::ACVR2A::4174,ACVR2A,11234052,Cc1cc2c(F)c(Oc3ncnn4cc(OCC(C)O)c(C)c34)ccc2[nH]1,5.0,5.161077418904025,5.254871802629421
11234052::AKT1::4179,AKT1,11234052,Cc1cc2c(F)c(Oc3ncnn4cc(OCC(C)O)c(C)c34)ccc2[nH]1,5.0,5.161077418904025,5.0730482975705495
11234052::AMPK-alpha1::4183,AMPK-alpha1,11234052,Cc1cc2c(F)c(Oc3ncnn4cc(OCC(C)O)c(C)c34)ccc2[nH]1,5.0,5.161077418904025,5.092512265155711
11234052::ARK5::4186,ARK5,11234052,Cc1cc2c(F)c(Oc3ncnn4cc(OCC(C)O)c(C)c34)ccc2[nH]1,5.0,5.161077418904025,5.199043078321054
11234052::AXL::4192,AXL,11234052,Cc1cc2c(F)c(Oc3ncnn4cc(OCC(C)O)c(C)c34)ccc2[nH]1,5.0,5.161077418904025,5.27232865637336
11234052::BIKE::4193,BIKE,11234052,Cc1cc2c(F)c(Oc3ncnn4cc(OCC(C)O)c(C)c34)ccc2[nH]1,5.0,5.161077418904025,5.302971775601865
11234052::BLK::4194,BLK,11234052,Cc1cc2c(F)c(Oc3ncnn4cc(OCC(C)O)c(C)c34)ccc2[nH]1,5.698970004336019,5.161077418904025,5.03790878672198
11234052::BMPR1A::4195,BMPR1A,11234052,Cc1cc2c(F)c(Oc3ncnn4cc(OCC(C)O)c(C)c34)ccc2[nH]1,5.0,5.161077418904025,5.177084518426813
11234052::BRAF(V600E)::4199,BRAF(V600E),11234052,Cc1cc2c(F)c(Oc3ncnn4cc(OCC(C)O)c(C)c34)ccc2[nH]1,5.0,5.161077418904025,5.136295485579452
11234052::BRSK1::4201,BRSK1,11234052,Cc1cc2c(F)c(Oc3ncnn4cc(OCC(C)O)c(C)c34)ccc2[nH]1,5.0,5.161077418904025,5.025495126587146
11234052::CAMK1::4204,CAMK1,11234052,Cc1cc2c(F)c(Oc3ncnn4cc(OCC(C)O)c(C)c34)ccc2[nH]1,5.0,5.161077418904025,5.039457708975181
11234052::CAMK1D::4205,CAMK1D,11234052,Cc1cc2c(F)c(Oc3ncnn4cc(OCC(C)O)c(C)c34)ccc2[nH]1,5.0,5.161077418904025,5.027317020542936
11234052::CAMK1G::4206,CAMK1G,11234052,Cc1cc2c(F)c(Oc3ncnn4cc(OCC(C)O)c(C)c34)ccc2[nH]1,5.0,5.161077418904025,5.081245917870552
11234052::CAMK2G::4210,CAMK2G,11234052,Cc1cc2c(F)c(Oc3ncnn4cc(OCC(C)O)c(C)c34)ccc2[nH]1,5.0,5.161077418904025,5.132083700331467
11234052::CAMK4::4211,CAMK4,11234052,Cc1cc2c(F)c(Oc3ncnn4cc(OCC(C)O)c(C)c34)ccc2[nH]1,5.0,5.161077418904025,5.231062094473732
11234052::CAMKK1::4212,CAMKK1,11234052,Cc1cc2c(F)c(Oc3ncnn4cc(OCC(C)O)c(C)c34)ccc2[nH]1,5.0,5.161077418904025,5.070778298997635
11234052::CDKL2::4227,CDKL2,11234052,Cc1cc2c(F)c(Oc3ncnn4cc(OCC(C)O)c(C)c34)ccc2[nH]1,5.0,5.161077418904025,5.115736472829763
11234052::CDKL5::4229,CDKL5,11234052,Cc1cc2c(F)c(Oc3ncnn4cc(OCC(C)O)c(C)c34)ccc2[nH]1,5.0,5.161077418904025,5.002294815637249
11234052::CLK1::4233,CLK1,11234052,Cc1cc2c(F)c(Oc3ncnn4cc(OCC(C)O)c(C)c34)ccc2[nH]1,5.0,5.161077418904025,5.211477740266482
11234052::CLK2::4234,CLK2,11234052,Cc1cc2c(F)c(Oc3ncnn4cc(OCC(C)O)c(C)c34)ccc2[nH]1,5.0,5.161077418904025,5.439271759609893
11234052::CSNK1A1L::4240,CSNK1A1L,11234052,Cc1cc2c(F)c(Oc3ncnn4cc(OCC(C)O)c(C)c34)ccc2[nH]1,5.0,5.161077418904025,5.0247673175376475
11234052::CSNK1G1::4243,CSNK1G1,11234052,Cc1cc2c(F)c(Oc3ncnn4cc(OCC(C)O)c(C)c34)ccc2[nH]1,5.0,5.161077418904025,5.105300037248622
11234052::CSNK1G3::4245,CSNK1G3,11234052,Cc1cc2c(F)c(Oc3ncnn4cc(OCC(C)O)c(C)c34)ccc2[nH]1,5.0,5.161077418904025,4.976667360224058
11234052::DCAMKL1::4252,DCAMKL1,11234052,Cc1cc2c(F)c(Oc3ncnn4cc(OCC(C)O)c(C)c34)ccc2[nH]1,5.0,5.161077418904025,5.047138765549936
11234052::DCAMKL2::4253,DCAMKL2,11234052,Cc1cc2c(F)c(Oc3ncnn4cc(OCC(C)O)c(C)c34)ccc2[nH]1,5.0,5.161077418904025,5.009237664958388
11234052::DMPK::4258,DMPK,11234052,Cc1cc2c(F)c(Oc3ncnn4cc(OCC(C)O)c(C)c34)ccc2[nH]1,5.0,5.161077418904025,5.188291345445008
11234052::DYRK1A::4262,DYRK1A,11234052,Cc1cc2c(F)c(Oc3ncnn4cc(OCC(C)O)c(C)c34)ccc2[nH]1,5.0,5.161077418904025,5.095780272290044
11234052::EPHA6::4272,EPHA6,11234052,Cc1cc2c(F)c(Oc3ncnn4cc(OCC(C)O)c(C)c34)ccc2[nH]1,6.721246399047171,5.161077418904025,5.234780726134103
11234052::ERBB2::4280,ERBB2,11234052,Cc1cc2c(F)c(Oc3ncnn4cc(OCC(C)O)c(C)c34)ccc2[nH]1,5.0,5.161077418904025,5.100524743089143
11234052::FGFR3(G697C)::4295,FGFR3(G697C),11234052,Cc1cc2c(F)c(Oc3ncnn4cc(OCC(C)O)c(C)c34)ccc2[nH]1,6.823908740944319,5.161077418904025,5.272557923844532
11234052::FLT1::4298,FLT1,11234052,Cc1cc2c(F)c(Oc3ncnn4cc(OCC(C)O)c(C)c34)ccc2[nH]1,8.0,5.161077418904025,5.568081428074954
11234052::FLT4::4300,FLT4,11234052,Cc1cc2c(F)c(Oc3ncnn4cc(OCC(C)O)c(C)c34)ccc2[nH]1,7.251811972993799,5.161077418904025,5.199154175333871
11234052::FYN::4302,FYN,11234052,Cc1cc2c(F)c(Oc3ncnn4cc(OCC(C)O)c(C)c34)ccc2[nH]1,5.0,5.161077418904025,4.994513856209774
11234052::GAK::4303,GAK,11234052,Cc1cc2c(F)c(Oc3ncnn4cc(OCC(C)O)c(C)c34)ccc2[nH]1,5.0,5.161077418904025,5.14710128874001
11234052::HIPK3::4313,HIPK3,11234052,Cc1cc2c(F)c(Oc3ncnn4cc(OCC(C)O)c(C)c34)ccc2[nH]1,5.0,5.161077418904025,5.230066910774728
11234052::HUNK::4316,HUNK,11234052,Cc1cc2c(F)c(Oc3ncnn4cc(OCC(C)O)c(C)c34)ccc2[nH]1,5.0,5.161077418904025,5.136426619531853
11234052::ICK::4317,ICK,11234052,Cc1cc2c(F)c(Oc3ncnn4cc(OCC(C)O)c(C)c34)ccc2[nH]1,5.0,5.161077418904025,5.018453178840379
11234052::IKK-alpha::4319,IKK-alpha,11234052,Cc1cc2c(F)c(Oc3ncnn4cc(OCC(C)O)c(C)c34)ccc2[nH]1,5.0,5.161077418904025,5.04855598668649
11234052::IKK-epsilon::4321,IKK-epsilon,11234052,Cc1cc2c(F)c(Oc3ncnn4cc(OCC(C)O)c(C)c34)ccc2[nH]1,5.0,5.161077418904025,5.207144862986915
11234052::JAK3(JH1domain-catalytic)::4330,JAK3(JH1domain-catalytic),11234052,Cc1cc2c(F)c(Oc3ncnn4cc(OCC(C)O)c(C)c34)ccc2[nH]1,5.0,5.161077418904025,5.104544463327041
11234052::JNK1::4331,JNK1,11234052,Cc1cc2c(F)c(Oc3ncnn4cc(OCC(C)O)c(C)c34)ccc2[nH]1,5.0,5.161077418904025,5.082541159665312
11234052::JNK2::4332,JNK2,11234052,Cc1cc2c(F)c(Oc3ncnn4cc(OCC(C)O)c(C)c34)ccc2[nH]1,5.0,5.161077418904025,5.164792850300729
11234052::LOK::4341,LOK,11234052,Cc1cc2c(F)c(Oc3ncnn4cc(OCC(C)O)c(C)c34)ccc2[nH]1,6.657577319177793,5.161077418904025,5.405753208965389
11234052::MAK::4346,MAK,11234052,Cc1cc2c(F)c(Oc3ncnn4cc(OCC(C)O)c(C)c34)ccc2[nH]1,5.0,5.161077418904025,5.218305877621998
11234052::MAP3K15::4348,MAP3K15,11234052,Cc1cc2c(F)c(Oc3ncnn4cc(OCC(C)O)c(C)c34)ccc2[nH]1,5.0,5.161077418904025,5.056712643075
11234052::MAP4K2::4352,MAP4K2,11234052,Cc1cc2c(F)c(Oc3ncnn4cc(OCC(C)O)c(C)c34)ccc2[nH]1,5.0,5.161077418904025,5.192235558524481
11234052::MAP4K3::4353,MAP4K3,11234052,Cc1cc2c(F)c(Oc3ncnn4cc(OCC(C)O)c(C)c34)ccc2[nH]1,5.0,5.161077418904025,5.176382704488367
11234052::MEK1::4363,MEK1,11234052,Cc1cc2c(F)c(Oc3ncnn4cc(OCC(C)O)c(C)c34)ccc2[nH]1,5.0,5.161077418904025,5.1869269752684195
11234052::MELK::4369,MELK,11234052,Cc1cc2c(F)c(Oc3ncnn4cc(OCC(C)O)c(C)c34)ccc2[nH]1,5.0,5.161077418904025,5.056632676475446
11234052::MLK1::4377,MLK1,11234052,Cc1cc2c(F)c(Oc3ncnn4cc(OCC(C)O)c(C)c34)ccc2[nH]1,5.0,5.161077418904025,5.200769692791538
11234052::MLK2::4378,MLK2,11234052,Cc1cc2c(F)c(Oc3ncnn4cc(OCC(C)O)c(C)c34)ccc2[nH]1,5.0,5.161077418904025,5.207918482303165
11234052::MLK3::4379,MLK3,11234052,Cc1cc2c(F)c(Oc3ncnn4cc(OCC(C)O)c(C)c34)ccc2[nH]1,5.0,5.161077418904025,5.157573458559055
11234052::MST1::4382,MST1,11234052,Cc1cc2c(F)c(Oc3ncnn4cc(OCC(C)O)c(C)c34)ccc2[nH]1,5.0,5.161077418904025,5.140736565507212
11234052::MST1R::4383,MST1R,11234052,Cc1cc2c(F)c(Oc3ncnn4cc(OCC(C)O)c(C)c34)ccc2[nH]1,5.0,5.161077418904025,5.157297369407578
11234052::MST2::4384,MST2,11234052,Cc1cc2c(F)c(Oc3ncnn4cc(OCC(C)O)c(C)c34)ccc2[nH]1,5.0,5.161077418904025,5.214149593125223
11234052::MST3::4385,MST3,11234052,Cc1cc2c(F)c(Oc3ncnn4cc(OCC(C)O)c(C)c34)ccc2[nH]1,5.0,5.161077418904025,5.120282564861577
11234052::MYLK::4389,MYLK,11234052,Cc1cc2c(F)c(Oc3ncnn4cc(OCC(C)O)c(C)c34)ccc2[nH]1,5.0,5.161077418904025,5.395203391166164
11234052::MYLK2::4390,MYLK2,11234052,Cc1cc2c(F)c(Oc3ncnn4cc(OCC(C)O)c(C)c34)ccc2[nH]1,5.0,5.161077418904025,5.072209939287425
11234052::NEK1::4396,NEK1,11234052,Cc1cc2c(F)c(Oc3ncnn4cc(OCC(C)O)c(C)c34)ccc2[nH]1,5.0,5.161077418904025,5.1188669566835925
11234052::p38-alpha::4408,p38-alpha,11234052,Cc1cc2c(F)c(Oc3ncnn4cc(OCC(C)O)c(C)c34)ccc2[nH]1,5.0,5.161077418904025,5.1118292882250795
11234052::PAK4::4415,PAK4,11234052,Cc1cc2c(F)c(Oc3ncnn4cc(OCC(C)O)c(C)c34)ccc2[nH]1,5.0,5.161077418904025,5.310800938277247
11234052::PFPK5(Pfalciparum)::4425,PFPK5(Pfalciparum),11234052,Cc1cc2c(F)c(Oc3ncnn4cc(OCC(C)O)c(C)c34)ccc2[nH]1,5.0,5.161077418904025,5.057193384081257
11234052::PIK3CA(Q546K)::4432,PIK3CA(Q546K),11234052,Cc1cc2c(F)c(Oc3ncnn4cc(OCC(C)O)c(C)c34)ccc2[nH]1,5.0,5.161077418904025,4.982477220290588
11234052::PIK3CD::4434,PIK3CD,11234052,Cc1cc2c(F)c(Oc3ncnn4cc(OCC(C)O)c(C)c34)ccc2[nH]1,5.0,5.161077418904025,5.0962050455706
11234052::PIM3::4439,PIM3,11234052,Cc1cc2c(F)c(Oc3ncnn4cc(OCC(C)O)c(C)c34)ccc2[nH]1,5.0,5.161077418904025,5.157063365367984
11234052::PRKCE::4455,PRKCE,11234052,Cc1cc2c(F)c(Oc3ncnn4cc(OCC(C)O)c(C)c34)ccc2[nH]1,5.0,5.161077418904025,5.085365457337635
11234052::PYK2::4467,PYK2,11234052,Cc1cc2c(F)c(Oc3ncnn4cc(OCC(C)O)c(C)c34)ccc2[nH]1,5.0,5.161077418904025,5.4145217783204815
11234052::RIPK5::4477,RIPK5,11234052,Cc1cc2c(F)c(Oc3ncnn4cc(OCC(C)O)c(C)c34)ccc2[nH]1,5.0,5.161077418904025,5.00505806333995
11234052::RSK2(KinDom.1-N-terminal)::4484,RSK2(KinDom.1-N-terminal),11234052,Cc1cc2c(F)c(Oc3ncnn4cc(OCC(C)O)c(C)c34)ccc2[nH]1,5.0,5.161077418904025,5.132428631484372
11234052::SNARK::4494,SNARK,11234052,Cc1cc2c(F)c(Oc3ncnn4cc(OCC(C)O)c(C)c34)ccc2[nH]1,5.0,5.161077418904025,5.098929870755765
11234052::TBK1::4511,TBK1,11234052,Cc1cc2c(F)c(Oc3ncnn4cc(OCC(C)O)c(C)c34)ccc2[nH]1,5.0,5.161077418904025,5.141839108139884
11234052::TNK1::4521,TNK1,11234052,Cc1cc2c(F)c(Oc3ncnn4cc(OCC(C)O)c(C)c34)ccc2[nH]1,5.0,5.161077418904025,5.256443426882751
11234052::TRKC::4526,TRKC,11234052,Cc1cc2c(F)c(Oc3ncnn4cc(OCC(C)O)c(C)c34)ccc2[nH]1,5.0,5.161077418904025,5.384076922866076
11234052::TRPM6::4527,TRPM6,11234052,Cc1cc2c(F)c(Oc3ncnn4cc(OCC(C)O)c(C)c34)ccc2[nH]1,5.0,5.161077418904025,5.1449615910325095
11234052::TSSK1B::4528,TSSK1B,11234052,Cc1cc2c(F)c(Oc3ncnn4cc(OCC(C)O)c(C)c34)ccc2[nH]1,5.0,5.161077418904025,5.0759493321101194
11234052::ULK1::4533,ULK1,11234052,Cc1cc2c(F)c(Oc3ncnn4cc(OCC(C)O)c(C)c34)ccc2[nH]1,5.0,5.161077418904025,5.235406660978769
11656518::ACVR2A::4553,ACVR2A,11656518,Cn1c(Nc2ccc(C(F)(F)F)cc2)nc2cc(Oc3ccnc(-c4ncc(C(F)(F)F)[nH]4)c3)ccc21,5.0,5.194264046631369,5.2853021410132985
11656518::AKT1::4558,AKT1,11656518,Cn1c(Nc2ccc(C(F)(F)F)cc2)nc2cc(Oc3ccnc(-c4ncc(C(F)(F)F)[nH]4)c3)ccc21,5.0,5.194264046631369,5.097430605542102
11656518::AMPK-alpha1::4562,AMPK-alpha1,11656518,Cn1c(Nc2ccc(C(F)(F)F)cc2)nc2cc(Oc3ccnc(-c4ncc(C(F)(F)F)[nH]4)c3)ccc21,5.346787486224656,5.194264046631369,5.072810994175563
11656518::ARK5::4565,ARK5,11656518,Cn1c(Nc2ccc(C(F)(F)F)cc2)nc2cc(Oc3ccnc(-c4ncc(C(F)(F)F)[nH]4)c3)ccc21,5.0,5.194264046631369,5.215544925292972
11656518::AXL::4571,AXL,11656518,Cn1c(Nc2ccc(C(F)(F)F)cc2)nc2cc(Oc3ccnc(-c4ncc(C(F)(F)F)[nH]4)c3)ccc21,5.0,5.194264046631369,5.273225681171904
11656518::BIKE::4572,BIKE,11656518,Cn1c(Nc2ccc(C(F)(F)F)cc2)nc2cc(Oc3ccnc(-c4ncc(C(F)(F)F)[nH]4)c3)ccc21,5.0,5.194264046631369,5.313460661542031
11656518::BLK::4573,BLK,11656518,Cn1c(Nc2ccc(C(F)(F)F)cc2)nc2cc(Oc3ccnc(-c4ncc(C(F)(F)F)[nH]4)c3)ccc21,5.102372908709558,5.194264046631369,5.1381163866252475
11656518::BMPR1A::4574,BMPR1A,11656518,Cn1c(Nc2ccc(C(F)(F)F)cc2)nc2cc(Oc3ccnc(-c4ncc(C(F)(F)F)[nH]4)c3)ccc21,5.0,5.194264046631369,5.170043981670593
11656518::BRAF(V600E)::4578,BRAF(V600E),11656518,Cn1c(Nc2ccc(C(F)(F)F)cc2)nc2cc(Oc3ccnc(-c4ncc(C(F)(F)F)[nH]4)c3)ccc21,6.481486060122112,5.194264046631369,5.1390351421925695
11656518::BRSK1::4580,BRSK1,11656518,Cn1c(Nc2ccc(C(F)(F)F)cc2)nc2cc(Oc3ccnc(-c4ncc(C(F)(F)F)[nH]4)c3)ccc21,5.0,5.194264046631369,5.075446552611533
11656518::CAMK1::4583,CAMK1,11656518,Cn1c(Nc2ccc(C(F)(F)F)cc2)nc2cc(Oc3ccnc(-c4ncc(C(F)(F)F)[nH]4)c3)ccc21,5.0,5.194264046631369,5.03656611216561
11656518::CAMK1D::4584,CAMK1D,11656518,Cn1c(Nc2ccc(C(F)(F)F)cc2)nc2cc(Oc3ccnc(-c4ncc(C(F)(F)F)[nH]4)c3)ccc21,5.0,5.194264046631369,5.045623391485717
11656518::CAMK1G::4585,CAMK1G,11656518,Cn1c(Nc2ccc(C(F)(F)F)cc2)nc2cc(Oc3ccnc(-c4ncc(C(F)(F)F)[nH]4)c3)ccc21,5.0,5.194264046631369,5.036065629802497
11656518::CAMK2G::4589,CAMK2G,11656518,Cn1c(Nc2ccc(C(F)(F)F)cc2)nc2cc(Oc3ccnc(-c4ncc(C(F)(F)F)[nH]4)c3)ccc21,5.0,5.194264046631369,5.110499162484839
11656518::CAMK4::4590,CAMK4,11656518,Cn1c(Nc2ccc(C(F)(F)F)cc2)nc2cc(Oc3ccnc(-c4ncc(C(F)(F)F)[nH]4)c3)ccc21,5.0,5.194264046631369,5.135858431949098
11656518::CAMKK1::4591,CAMKK1,11656518,Cn1c(Nc2ccc(C(F)(F)F)cc2)nc2cc(Oc3ccnc(-c4ncc(C(F)(F)F)[nH]4)c3)ccc21,5.0,5.194264046631369,5.2276762238191266
11656518::CDKL2::4606,CDKL2,11656518,Cn1c(Nc2ccc(C(F)(F)F)cc2)nc2cc(Oc3ccnc(-c4ncc(C(F)(F)F)[nH]4)c3)ccc21,5.0,5.194264046631369,5.112223292202011
11656518::CDKL5::4608,CDKL5,11656518,Cn1c(Nc2ccc(C(F)(F)F)cc2)nc2cc(Oc3ccnc(-c4ncc(C(F)(F)F)[nH]4)c3)ccc21,5.0,5.194264046631369,5.054505025919278
11656518::CLK1::4612,CLK1,11656518,Cn1c(Nc2ccc(C(F)(F)F)cc2)nc2cc(Oc3ccnc(-c4ncc(C(F)(F)F)[nH]4)c3)ccc21,5.0,5.194264046631369,5.287393573354455
11656518::CLK2::4613,CLK2,11656518,Cn1c(Nc2ccc(C(F)(F)F)cc2)nc2cc(Oc3ccnc(-c4ncc(C(F)(F)F)[nH]4)c3)ccc21,5.0,5.194264046631369,5.339510894419404
11656518::CSNK1A1L::4619,CSNK1A1L,11656518,Cn1c(Nc2ccc(C(F)(F)F)cc2)nc2cc(Oc3ccnc(-c4ncc(C(F)(F)F)[nH]4)c3)ccc21,5.0,5.194264046631369,4.991553684402912
11656518::CSNK1G1::4622,CSNK1G1,11656518,Cn1c(Nc2ccc(C(F)(F)F)cc2)nc2cc(Oc3ccnc(-c4ncc(C(F)(F)F)[nH]4)c3)ccc21,5.0,5.194264046631369,5.12776656361851
11656518::CSNK1G3::4624,CSNK1G3,11656518,Cn1c(Nc2ccc(C(F)(F)F)cc2)nc2cc(Oc3ccnc(-c4ncc(C(F)(F)F)[nH]4)c3)ccc21,5.0,5.194264046631369,5.004943965182742
11656518::DCAMKL1::4631,DCAMKL1,11656518,Cn1c(Nc2ccc(C(F)(F)F)cc2)nc2cc(Oc3ccnc(-c4ncc(C(F)(F)F)[nH]4)c3)ccc21,5.0,5.194264046631369,5.095780943848243
11656518::DCAMKL2::4632,DCAMKL2,11656518,Cn1c(Nc2ccc(C(F)(F)F)cc2)nc2cc(Oc3ccnc(-c4ncc(C(F)(F)F)[nH]4)c3)ccc21,5.0,5.194264046631369,5.078363437832153
11656518::DMPK::4637,DMPK,11656518,Cn1c(Nc2ccc(C(F)(F)F)cc2)nc2cc(Oc3ccnc(-c4ncc(C(F)(F)F)[nH]4)c3)ccc21,5.0,5.194264046631369,5.152973585637306
11656518::DYRK1A::4641,DYRK1A,11656518,Cn1c(Nc2ccc(C(F)(F)F)cc2)nc2cc(Oc3ccnc(-c4ncc(C(F)(F)F)[nH]4)c3)ccc21,5.0,5.194264046631369,5.170516169110623
11656518::EPHA6::4651,EPHA6,11656518,Cn1c(Nc2ccc(C(F)(F)F)cc2)nc2cc(Oc3ccnc(-c4ncc(C(F)(F)F)[nH]4)c3)ccc21,5.823908740944319,5.194264046631369,5.214740935216734
11656518::ERBB2::4659,ERBB2,11656518,Cn1c(Nc2ccc(C(F)(F)F)cc2)nc2cc(Oc3ccnc(-c4ncc(C(F)(F)F)[nH]4)c3)ccc21,5.0,5.194264046631369,5.105948427021823
11656518::FGFR3(G697C)::4674,FGFR3(G697C),11656518,Cn1c(Nc2ccc(C(F)(F)F)cc2)nc2cc(Oc3ccnc(-c4ncc(C(F)(F)F)[nH]4)c3)ccc21,5.0,5.194264046631369,5.338212174735743
11656518::FLT1::4677,FLT1,11656518,Cn1c(Nc2ccc(C(F)(F)F)cc2)nc2cc(Oc3ccnc(-c4ncc(C(F)(F)F)[nH]4)c3)ccc21,6.096910013008056,5.194264046631369,5.347068297923391
11656518::FLT4::4679,FLT4,11656518,Cn1c(Nc2ccc(C(F)(F)F)cc2)nc2cc(Oc3ccnc(-c4ncc(C(F)(F)F)[nH]4)c3)ccc21,5.698970004336019,5.194264046631369,5.174179160110154
11656518::FYN::4681,FYN,11656518,Cn1c(Nc2ccc(C(F)(F)F)cc2)nc2cc(Oc3ccnc(-c4ncc(C(F)(F)F)[nH]4)c3)ccc21,5.6777807052660805,5.194264046631369,5.354771885447841
11656518::GAK::4682,GAK,11656518,Cn1c(Nc2ccc(C(F)(F)F)cc2)nc2cc(Oc3ccnc(-c4ncc(C(F)(F)F)[nH]4)c3)ccc21,5.0,5.194264046631369,5.120076041525983
11656518::HIPK3::4692,HIPK3,11656518,Cn1c(Nc2ccc(C(F)(F)F)cc2)nc2cc(Oc3ccnc(-c4ncc(C(F)(F)F)[nH]4)c3)ccc21,5.0,5.194264046631369,5.1823307817586715
11656518::HUNK::4695,HUNK,11656518,Cn1c(Nc2ccc(C(F)(F)F)cc2)nc2cc(Oc3ccnc(-c4ncc(C(F)(F)F)[nH]4)c3)ccc21,5.0,5.194264046631369,5.139316981122991
11656518::ICK::4696,ICK,11656518,Cn1c(Nc2ccc(C(F)(F)F)cc2)nc2cc(Oc3ccnc(-c4ncc(C(F)(F)F)[nH]4)c3)ccc21,5.0,5.194264046631369,5.063672859704084
11656518::IKK-alpha::4698,IKK-alpha,11656518,Cn1c(Nc2ccc(C(F)(F)F)cc2)nc2cc(Oc3ccnc(-c4ncc(C(F)(F)F)[nH]4)c3)ccc21,5.0,5.194264046631369,5.051628305044304
11656518::IKK-epsilon::4700,IKK-epsilon,11656518,Cn1c(Nc2ccc(C(F)(F)F)cc2)nc2cc(Oc3ccnc(-c4ncc(C(F)(F)F)[nH]4)c3)ccc21,5.0,5.194264046631369,5.157795319362944
11656518::JAK3(JH1domain-catalytic)::4709,JAK3(JH1domain-catalytic),11656518,Cn1c(Nc2ccc(C(F)(F)F)cc2)nc2cc(Oc3ccnc(-c4ncc(C(F)(F)F)[nH]4)c3)ccc21,5.0,5.194264046631369,5.097322077542456
11656518::JNK1::4710,JNK1,11656518,Cn1c(Nc2ccc(C(F)(F)F)cc2)nc2cc(Oc3ccnc(-c4ncc(C(F)(F)F)[nH]4)c3)ccc21,5.0,5.194264046631369,5.096019958080341
11656518::JNK2::4711,JNK2,11656518,Cn1c(Nc2ccc(C(F)(F)F)cc2)nc2cc(Oc3ccnc(-c4ncc(C(F)(F)F)[nH]4)c3)ccc21,5.0,5.194264046631369,5.1564609299285165
11656518::LOK::4720,LOK,11656518,Cn1c(Nc2ccc(C(F)(F)F)cc2)nc2cc(Oc3ccnc(-c4ncc(C(F)(F)F)[nH]4)c3)ccc21,7.221848749616356,5.194264046631369,5.448710264321137
11656518::MAK::4725,MAK,11656518,Cn1c(Nc2ccc(C(F)(F)F)cc2)nc2cc(Oc3ccnc(-c4ncc(C(F)(F)F)[nH]4)c3)ccc21,5.0,5.194264046631369,5.182978534377882
11656518::MAP3K15::4727,MAP3K15,11656518,Cn1c(Nc2ccc(C(F)(F)F)cc2)nc2cc(Oc3ccnc(-c4ncc(C(F)(F)F)[nH]4)c3)ccc21,5.0,5.194264046631369,5.083495312717117
11656518::MAP4K2::4731,MAP4K2,11656518,Cn1c(Nc2ccc(C(F)(F)F)cc2)nc2cc(Oc3ccnc(-c4ncc(C(F)(F)F)[nH]4)c3)ccc21,5.301029995663981,5.194264046631369,5.231887490351335
11656518::MAP4K3::4732,MAP4K3,11656518,Cn1c(Nc2ccc(C(F)(F)F)cc2)nc2cc(Oc3ccnc(-c4ncc(C(F)(F)F)[nH]4)c3)ccc21,5.1249387366083,5.194264046631369,5.21999974311831
11656518::MEK1::4742,MEK1,11656518,Cn1c(Nc2ccc(C(F)(F)F)cc2)nc2cc(Oc3ccnc(-c4ncc(C(F)(F)F)[nH]4)c3)ccc21,5.0,5.194264046631369,5.245960076161197
11656518::MELK::4748,MELK,11656518,Cn1c(Nc2ccc(C(F)(F)F)cc2)nc2cc(Oc3ccnc(-c4ncc(C(F)(F)F)[nH]4)c3)ccc21,5.0,5.194264046631369,5.050695678747043
11656518::MLK1::4756,MLK1,11656518,Cn1c(Nc2ccc(C(F)(F)F)cc2)nc2cc(Oc3ccnc(-c4ncc(C(F)(F)F)[nH]4)c3)ccc21,5.0,5.194264046631369,5.21040954369254
11656518::MLK2::4757,MLK2,11656518,Cn1c(Nc2ccc(C(F)(F)F)cc2)nc2cc(Oc3ccnc(-c4ncc(C(F)(F)F)[nH]4)c3)ccc21,5.0,5.194264046631369,5.196051681348771
11656518::MLK3::4758,MLK3,11656518,Cn1c(Nc2ccc(C(F)(F)F)cc2)nc2cc(Oc3ccnc(-c4ncc(C(F)(F)F)[nH]4)c3)ccc21,5.022276394711152,5.194264046631369,5.238260517584692
11656518::MST1::4761,MST1,11656518,Cn1c(Nc2ccc(C(F)(F)F)cc2)nc2cc(Oc3ccnc(-c4ncc(C(F)(F)F)[nH]4)c3)ccc21,5.0,5.194264046631369,5.094631812225914
11656518::MST1R::4762,MST1R,11656518,Cn1c(Nc2ccc(C(F)(F)F)cc2)nc2cc(Oc3ccnc(-c4ncc(C(F)(F)F)[nH]4)c3)ccc21,5.0,5.194264046631369,5.223242472699192
11656518::MST2::4763,MST2,11656518,Cn1c(Nc2ccc(C(F)(F)F)cc2)nc2cc(Oc3ccnc(-c4ncc(C(F)(F)F)[nH]4)c3)ccc21,5.0,5.194264046631369,5.130299526607372
11656518::MST3::4764,MST3,11656518,Cn1c(Nc2ccc(C(F)(F)F)cc2)nc2cc(Oc3ccnc(-c4ncc(C(F)(F)F)[nH]4)c3)ccc21,5.0,5.194264046631369,5.125177609352331
11656518::MYLK::4768,MYLK,11656518,Cn1c(Nc2ccc(C(F)(F)F)cc2)nc2cc(Oc3ccnc(-c4ncc(C(F)(F)F)[nH]4)c3)ccc21,5.0,5.194264046631369,5.233761484672805
11656518::MYLK2::4769,MYLK2,11656518,Cn1c(Nc2ccc(C(F)(F)F)cc2)nc2cc(Oc3ccnc(-c4ncc(C(F)(F)F)[nH]4)c3)ccc21,5.0,5.194264046631369,5.080166264592647
11656518::NEK1::4775,NEK1,11656518,Cn1c(Nc2ccc(C(F)(F)F)cc2)nc2cc(Oc3ccnc(-c4ncc(C(F)(F)F)[nH]4)c3)ccc21,5.0,5.194264046631369,5.141700966582134
11656518::p38-alpha::4787,p38-alpha,11656518,Cn1c(Nc2ccc(C(F)(F)F)cc2)nc2cc(Oc3ccnc(-c4ncc(C(F)(F)F)[nH]4)c3)ccc21,5.0,5.194264046631369,5.088189169683198
11656518::PAK4::4794,PAK4,11656518,Cn1c(Nc2ccc(C(F)(F)F)cc2)nc2cc(Oc3ccnc(-c4ncc(C(F)(F)F)[nH]4)c3)ccc21,5.0,5.194264046631369,5.289621983341167
11656518::PFPK5(Pfalciparum)::4804,PFPK5(Pfalciparum),11656518,Cn1c(Nc2ccc(C(F)(F)F)cc2)nc2cc(Oc3ccnc(-c4ncc(C(F)(F)F)[nH]4)c3)ccc21,5.0,5.194264046631369,5.127473568976103
11656518::PIK3CA(Q546K)::4811,PIK3CA(Q546K),11656518,Cn1c(Nc2ccc(C(F)(F)F)cc2)nc2cc(Oc3ccnc(-c4ncc(C(F)(F)F)[nH]4)c3)ccc21,5.0,5.194264046631369,5.023414092758378
11656518::PIK3CD::4813,PIK3CD,11656518,Cn1c(Nc2ccc(C(F)(F)F)cc2)nc2cc(Oc3ccnc(-c4ncc(C(F)(F)F)[nH]4)c3)ccc21,5.0,5.194264046631369,5.192604872582146
11656518::PIM3::4818,PIM3,11656518,Cn1c(Nc2ccc(C(F)(F)F)cc2)nc2cc(Oc3ccnc(-c4ncc(C(F)(F)F)[nH]4)c3)ccc21,5.0,5.194264046631369,5.230413888472955
11656518::PRKCE::4834,PRKCE,11656518,Cn1c(Nc2ccc(C(F)(F)F)cc2)nc2cc(Oc3ccnc(-c4ncc(C(F)(F)F)[nH]4)c3)ccc21,5.0,5.194264046631369,5.0927610433162
11656518::PYK2::4846,PYK2,11656518,Cn1c(Nc2ccc(C(F)(F)F)cc2)nc2cc(Oc3ccnc(-c4ncc(C(F)(F)F)[nH]4)c3)ccc21,5.0,5.194264046631369,5.445044332142375
11656518::RIPK5::4856,RIPK5,11656518,Cn1c(Nc2ccc(C(F)(F)F)cc2)nc2cc(Oc3ccnc(-c4ncc(C(F)(F)F)[nH]4)c3)ccc21,5.0,5.194264046631369,5.073437601362982
11656518::RSK2(KinDom.1-N-terminal)::4863,RSK2(KinDom.1-N-terminal),11656518,Cn1c(Nc2ccc(C(F)(F)F)cc2)nc2cc(Oc3ccnc(-c4ncc(C(F)(F)F)[nH]4)c3)ccc21,5.0,5.194264046631369,5.15190376374196
11656518::SNARK::4873,SNARK,11656518,Cn1c(Nc2ccc(C(F)(F)F)cc2)nc2cc(Oc3ccnc(-c4ncc(C(F)(F)F)[nH]4)c3)ccc21,5.0,5.194264046631369,5.043293422174668
11656518::TBK1::4890,TBK1,11656518,Cn1c(Nc2ccc(C(F)(F)F)cc2)nc2cc(Oc3ccnc(-c4ncc(C(F)(F)F)[nH]4)c3)ccc21,5.0,5.194264046631369,5.181588954000382
11656518::TNK1::4900,TNK1,11656518,Cn1c(Nc2ccc(C(F)(F)F)cc2)nc2cc(Oc3ccnc(-c4ncc(C(F)(F)F)[nH]4)c3)ccc21,5.1938200260161125,5.194264046631369,5.229897837311585
11656518::TRKC::4905,TRKC,11656518,Cn1c(Nc2ccc(C(F)(F)F)cc2)nc2cc(Oc3ccnc(-c4ncc(C(F)(F)F)[nH]4)c3)ccc21,5.0,5.194264046631369,5.45514015585751
11656518::TRPM6::4906,TRPM6,11656518,Cn1c(Nc2ccc(C(F)(F)F)cc2)nc2cc(Oc3ccnc(-c4ncc(C(F)(F)F)[nH]4)c3)ccc21,5.0,5.194264046631369,5.174692206482626
11656518::TSSK1B::4907,TSSK1B,11656518,Cn1c(Nc2ccc(C(F)(F)F)cc2)nc2cc(Oc3ccnc(-c4ncc(C(F)(F)F)[nH]4)c3)ccc21,5.0,5.194264046631369,5.099174754361284
11656518::ULK1::4912,ULK1,11656518,Cn1c(Nc2ccc(C(F)(F)F)cc2)nc2cc(Oc3ccnc(-c4ncc(C(F)(F)F)[nH]4)c3)ccc21,5.0,5.194264046631369,5.219954564447568
6918454::ACVR2A::4932,ACVR2A,6918454,O=C(NOCC1CC1)c1ccc(F)c(F)c1Nc1ccc(I)cc1Cl,5.0,5.0199521634922375,5.096304771446688
6918454::AKT1::4937,AKT1,6918454,O=C(NOCC1CC1)c1ccc(F)c(F)c1Nc1ccc(I)cc1Cl,5.0,5.0199521634922375,4.937399879396128
6918454::AMPK-alpha1::4941,AMPK-alpha1,6918454,O=C(NOCC1CC1)c1ccc(F)c(F)c1Nc1ccc(I)cc1Cl,5.0,5.0199521634922375,5.023618416197335
6918454::ARK5::4944,ARK5,6918454,O=C(NOCC1CC1)c1ccc(F)c(F)c1Nc1ccc(I)cc1Cl,5.0,5.0199521634922375,4.981898988174446
6918454::AXL::4950,AXL,6918454,O=C(NOCC1CC1)c1ccc(F)c(F)c1Nc1ccc(I)cc1Cl,5.0,5.0199521634922375,5.098223730248595
6918454::BIKE::4951,BIKE,6918454,O=C(NOCC1CC1)c1ccc(F)c(F)c1Nc1ccc(I)cc1Cl,5.0,5.0199521634922375,5.164389085732413
6918454::BLK::4952,BLK,6918454,O=C(NOCC1CC1)c1ccc(F)c(F)c1Nc1ccc(I)cc1Cl,5.0,5.0199521634922375,5.000338309622287
6918454::BMPR1A::4953,BMPR1A,6918454,O=C(NOCC1CC1)c1ccc(F)c(F)c1Nc1ccc(I)cc1Cl,5.0,5.0199521634922375,4.985674065894462
6918454::BRAF(V600E)::4957,BRAF(V600E),6918454,O=C(NOCC1CC1)c1ccc(F)c(F)c1Nc1ccc(I)cc1Cl,5.0,5.0199521634922375,5.023878384127876
6918454::BRSK1::4959,BRSK1,6918454,O=C(NOCC1CC1)c1ccc(F)c(F)c1Nc1ccc(I)cc1Cl,5.0,5.0199521634922375,4.96826567884466
6918454::CAMK1::4962,CAMK1,6918454,O=C(NOCC1CC1)c1ccc(F)c(F)c1Nc1ccc(I)cc1Cl,5.0,5.0199521634922375,4.986615611033962
6918454::CAMK1D::4963,CAMK1D,6918454,O=C(NOCC1CC1)c1ccc(F)c(F)c1Nc1ccc(I)cc1Cl,5.0,5.0199521634922375,4.99559217228264
6918454::CAMK1G::4964,CAMK1G,6918454,O=C(NOCC1CC1)c1ccc(F)c(F)c1Nc1ccc(I)cc1Cl,5.0,5.0199521634922375,4.969252501221518
6918454::CAMK2G::4968,CAMK2G,6918454,O=C(NOCC1CC1)c1ccc(F)c(F)c1Nc1ccc(I)cc1Cl,5.0,5.0199521634922375,5.057189709057007
6918454::CAMK4::4969,CAMK4,6918454,O=C(NOCC1CC1)c1ccc(F)c(F)c1Nc1ccc(I)cc1Cl,5.0,5.0199521634922375,5.035472644189761
6918454::CAMKK1::4970,CAMKK1,6918454,O=C(NOCC1CC1)c1ccc(F)c(F)c1Nc1ccc(I)cc1Cl,5.0,5.0199521634922375,5.001709718431122
6918454::CDKL2::4985,CDKL2,6918454,O=C(NOCC1CC1)c1ccc(F)c(F)c1Nc1ccc(I)cc1Cl,5.0,5.0199521634922375,5.134680741991777
6918454::CDKL5::4987,CDKL5,6918454,O=C(NOCC1CC1)c1ccc(F)c(F)c1Nc1ccc(I)cc1Cl,5.0,5.0199521634922375,5.028720916967854
6918454::CLK1::4991,CLK1,6918454,O=C(NOCC1CC1)c1ccc(F)c(F)c1Nc1ccc(I)cc1Cl,5.0,5.0199521634922375,5.173380826627326
6918454::CLK2::4992,CLK2,6918454,O=C(NOCC1CC1)c1ccc(F)c(F)c1Nc1ccc(I)cc1Cl,5.0,5.0199521634922375,5.315120473687814
6918454::CSNK1A1L::4998,CSNK1A1L,6918454,O=C(NOCC1CC1)c1ccc(F)c(F)c1Nc1ccc(I)cc1Cl,5.0,5.0199521634922375,4.954265319237378
6918454::CSNK1G1::5001,CSNK1G1,6918454,O=C(NOCC1CC1)c1ccc(F)c(F)c1Nc1ccc(I)cc1Cl,5.0,5.0199521634922375,4.987381194711263
6918454::CSNK1G3::5003,CSNK1G3,6918454,O=C(NOCC1CC1)c1ccc(F)c(F)c1Nc1ccc(I)cc1Cl,5.0,5.0199521634922375,5.00673811768169
6918454::DCAMKL1::5010,DCAMKL1,6918454,O=C(NOCC1CC1)c1ccc(F)c(F)c1Nc1ccc(I)cc1Cl,5.0,5.0199521634922375,4.986061635978937
6918454::DCAMKL2::5011,DCAMKL2,6918454,O=C(NOCC1CC1)c1ccc(F)c(F)c1Nc1ccc(I)cc1Cl,5.0,5.0199521634922375,5.006360577430483
6918454::DMPK::5016,DMPK,6918454,O=C(NOCC1CC1)c1ccc(F)c(F)c1Nc1ccc(I)cc1Cl,5.0,5.0199521634922375,4.9874091064448685
6918454::DYRK1A::5020,DYRK1A,6918454,O=C(NOCC1CC1)c1ccc(F)c(F)c1Nc1ccc(I)cc1Cl,5.0,5.0199521634922375,5.060861887531364
6918454::EPHA6::5030,EPHA6,6918454,O=C(NOCC1CC1)c1ccc(F)c(F)c1Nc1ccc(I)cc1Cl,5.0,5.0199521634922375,5.3227126504842275
6918454::ERBB2::5038,ERBB2,6918454,O=C(NOCC1CC1)c1ccc(F)c(F)c1Nc1ccc(I)cc1Cl,5.0,5.0199521634922375,5.284081045735909
6918454::FGFR3(G697C)::5053,FGFR3(G697C),6918454,O=C(NOCC1CC1)c1ccc(F)c(F)c1Nc1ccc(I)cc1Cl,5.0,5.0199521634922375,5.0353464208335375
6918454::FLT1::5056,FLT1,6918454,O=C(NOCC1CC1)c1ccc(F)c(F)c1Nc1ccc(I)cc1Cl,5.0,5.0199521634922375,5.070834942823024
6918454::FLT4::5058,FLT4,6918454,O=C(NOCC1CC1)c1ccc(F)c(F)c1Nc1ccc(I)cc1Cl,5.0,5.0199521634922375,5.052348944317336
6918454::FYN::5060,FYN,6918454,O=C(NOCC1CC1)c1ccc(F)c(F)c1Nc1ccc(I)cc1Cl,5.0,5.0199521634922375,4.9746056032112085
6918454::GAK::5061,GAK,6918454,O=C(NOCC1CC1)c1ccc(F)c(F)c1Nc1ccc(I)cc1Cl,5.0,5.0199521634922375,5.024170888655449
6918454::HIPK3::5071,HIPK3,6918454,O=C(NOCC1CC1)c1ccc(F)c(F)c1Nc1ccc(I)cc1Cl,5.0,5.0199521634922375,5.020025305269302
6918454::HUNK::5074,HUNK,6918454,O=C(NOCC1CC1)c1ccc(F)c(F)c1Nc1ccc(I)cc1Cl,5.0,5.0199521634922375,5.115172581910056
6918454::ICK::5075,ICK,6918454,O=C(NOCC1CC1)c1ccc(F)c(F)c1Nc1ccc(I)cc1Cl,5.0,5.0199521634922375,5.015999164123604
6918454::IKK-alpha::5077,IKK-alpha,6918454,O=C(NOCC1CC1)c1ccc(F)c(F)c1Nc1ccc(I)cc1Cl,5.0,5.0199521634922375,4.977667508459137
6918454::IKK-epsilon::5079,IKK-epsilon,6918454,O=C(NOCC1CC1)c1ccc(F)c(F)c1Nc1ccc(I)cc1Cl,5.0,5.0199521634922375,4.917050686602948
6918454::JAK3(JH1domain-catalytic)::5088,JAK3(JH1domain-catalytic),6918454,O=C(NOCC1CC1)c1ccc(F)c(F)c1Nc1ccc(I)cc1Cl,5.0,5.0199521634922375,5.013738953637333
6918454::JNK1::5089,JNK1,6918454,O=C(NOCC1CC1)c1ccc(F)c(F)c1Nc1ccc(I)cc1Cl,5.0,5.0199521634922375,4.931024114290105
6918454::JNK2::5090,JNK2,6918454,O=C(NOCC1CC1)c1ccc(F)c(F)c1Nc1ccc(I)cc1Cl,5.0,5.0199521634922375,4.926133352955702
6918454::LOK::5099,LOK,6918454,O=C(NOCC1CC1)c1ccc(F)c(F)c1Nc1ccc(I)cc1Cl,5.0,5.0199521634922375,5.170057712813576
6918454::MAK::5104,MAK,6918454,O=C(NOCC1CC1)c1ccc(F)c(F)c1Nc1ccc(I)cc1Cl,5.0,5.0199521634922375,5.1637911121960265
6918454::MAP3K15::5106,MAP3K15,6918454,O=C(NOCC1CC1)c1ccc(F)c(F)c1Nc1ccc(I)cc1Cl,5.0,5.0199521634922375,5.0926929228167666
6918454::MAP4K2::5110,MAP4K2,6918454,O=C(NOCC1CC1)c1ccc(F)c(F)c1Nc1ccc(I)cc1Cl,5.0,5.0199521634922375,5.067144549541437
6918454::MAP4K3::5111,MAP4K3,6918454,O=C(NOCC1CC1)c1ccc(F)c(F)c1Nc1ccc(I)cc1Cl,5.0,5.0199521634922375,5.0486028525875986
6918454::MEK1::5121,MEK1,6918454,O=C(NOCC1CC1)c1ccc(F)c(F)c1Nc1ccc(I)cc1Cl,6.920818753952375,5.0199521634922375,5.075276265200141
6918454::MELK::5127,MELK,6918454,O=C(NOCC1CC1)c1ccc(F)c(F)c1Nc1ccc(I)cc1Cl,5.0,5.0199521634922375,5.006216414584289
6918454::MLK1::5135,MLK1,6918454,O=C(NOCC1CC1)c1ccc(F)c(F)c1Nc1ccc(I)cc1Cl,5.0,5.0199521634922375,5.129054624752296
6918454::MLK2::5136,MLK2,6918454,O=C(NOCC1CC1)c1ccc(F)c(F)c1Nc1ccc(I)cc1Cl,5.0,5.0199521634922375,5.022630591333725
6918454::MLK3::5137,MLK3,6918454,O=C(NOCC1CC1)c1ccc(F)c(F)c1Nc1ccc(I)cc1Cl,5.0,5.0199521634922375,5.1112389780411265
6918454::MST1::5140,MST1,6918454,O=C(NOCC1CC1)c1ccc(F)c(F)c1Nc1ccc(I)cc1Cl,5.0,5.0199521634922375,4.987901788744805
6918454::MST1R::5141,MST1R,6918454,O=C(NOCC1CC1)c1ccc(F)c(F)c1Nc1ccc(I)cc1Cl,5.0,5.0199521634922375,5.100033662788552
6918454::MST2::5142,MST2,6918454,O=C(NOCC1CC1)c1ccc(F)c(F)c1Nc1ccc(I)cc1Cl,5.0,5.0199521634922375,5.074391281810504
6918454::MST3::5143,MST3,6918454,O=C(NOCC1CC1)c1ccc(F)c(F)c1Nc1ccc(I)cc1Cl,5.0,5.0199521634922375,5.09212097711728
6918454::MYLK::5147,MYLK,6918454,O=C(NOCC1CC1)c1ccc(F)c(F)c1Nc1ccc(I)cc1Cl,5.0,5.0199521634922375,5.10273382405877
6918454::MYLK2::5148,MYLK2,6918454,O=C(NOCC1CC1)c1ccc(F)c(F)c1Nc1ccc(I)cc1Cl,5.0,5.0199521634922375,5.0153556209092445
6918454::NEK1::5154,NEK1,6918454,O=C(NOCC1CC1)c1ccc(F)c(F)c1Nc1ccc(I)cc1Cl,5.0,5.0199521634922375,5.00720217856544
6918454::p38-alpha::5166,p38-alpha,6918454,O=C(NOCC1CC1)c1ccc(F)c(F)c1Nc1ccc(I)cc1Cl,5.0,5.0199521634922375,4.924146934578756
6918454::PAK4::5173,PAK4,6918454,O=C(NOCC1CC1)c1ccc(F)c(F)c1Nc1ccc(I)cc1Cl,5.0,5.0199521634922375,5.099660417616147
6918454::PFPK5(Pfalciparum)::5183,PFPK5(Pfalciparum),6918454,O=C(NOCC1CC1)c1ccc(F)c(F)c1Nc1ccc(I)cc1Cl,5.0,5.0199521634922375,4.944841785362504
6918454::PIK3CA(Q546K)::5190,PIK3CA(Q546K),6918454,O=C(NOCC1CC1)c1ccc(F)c(F)c1Nc1ccc(I)cc1Cl,5.0,5.0199521634922375,4.936098941376502
6918454::PIK3CD::5192,PIK3CD,6918454,O=C(NOCC1CC1)c1ccc(F)c(F)c1Nc1ccc(I)cc1Cl,5.0,5.0199521634922375,4.965572210440704
6918454::PIM3::5197,PIM3,6918454,O=C(NOCC1CC1)c1ccc(F)c(F)c1Nc1ccc(I)cc1Cl,5.0,5.0199521634922375,5.0125326164836554
6918454::PRKCE::5213,PRKCE,6918454,O=C(NOCC1CC1)c1ccc(F)c(F)c1Nc1ccc(I)cc1Cl,5.0,5.0199521634922375,5.079163998687302
6918454::PYK2::5225,PYK2,6918454,O=C(NOCC1CC1)c1ccc(F)c(F)c1Nc1ccc(I)cc1Cl,5.0,5.0199521634922375,5.101084504655412
6918454::RIPK5::5235,RIPK5,6918454,O=C(NOCC1CC1)c1ccc(F)c(F)c1Nc1ccc(I)cc1Cl,5.0,5.0199521634922375,4.977675573275143
6918454::RSK2(KinDom.1-N-terminal)::5242,RSK2(KinDom.1-N-terminal),6918454,O=C(NOCC1CC1)c1ccc(F)c(F)c1Nc1ccc(I)cc1Cl,5.0,5.0199521634922375,5.0459974497073
6918454::SNARK::5252,SNARK,6918454,O=C(NOCC1CC1)c1ccc(F)c(F)c1Nc1ccc(I)cc1Cl,5.0,5.0199521634922375,5.0050775409256225
6918454::TBK1::5269,TBK1,6918454,O=C(NOCC1CC1)c1ccc(F)c(F)c1Nc1ccc(I)cc1Cl,5.0,5.0199521634922375,4.958589331792293
6918454::TNK1::5279,TNK1,6918454,O=C(NOCC1CC1)c1ccc(F)c(F)c1Nc1ccc(I)cc1Cl,5.0,5.0199521634922375,5.141867155606927
6918454::TRKC::5284,TRKC,6918454,O=C(NOCC1CC1)c1ccc(F)c(F)c1Nc1ccc(I)cc1Cl,5.0,5.0199521634922375,5.080580464541712
6918454::TRPM6::5285,TRPM6,6918454,O=C(NOCC1CC1)c1ccc(F)c(F)c1Nc1ccc(I)cc1Cl,5.0,5.0199521634922375,5.019541856501254
6918454::TSSK1B::5286,TSSK1B,6918454,O=C(NOCC1CC1)c1ccc(F)c(F)c1Nc1ccc(I)cc1Cl,5.0,5.0199521634922375,5.023264768794191
6918454::ULK1::5291,ULK1,6918454,O=C(NOCC1CC1)c1ccc(F)c(F)c1Nc1ccc(I)cc1Cl,5.0,5.0199521634922375,5.072587803853398
156414::ACVR2A::5311,ACVR2A,156414,C=CC(=O)Nc1cc2c(Nc3ccc(F)c(Cl)c3)ncnc2cc1OCCCN1CCOCC1,5.0,5.23441400910244,5.45822764714353
156414::AKT1::5316,AKT1,156414,C=CC(=O)Nc1cc2c(Nc3ccc(F)c(Cl)c3)ncnc2cc1OCCCN1CCOCC1,5.0,5.23441400910244,4.892581819529875
156414::AMPK-alpha1::5320,AMPK-alpha1,156414,C=CC(=O)Nc1cc2c(Nc3ccc(F)c(Cl)c3)ncnc2cc1OCCCN1CCOCC1,5.0,5.23441400910244,5.227275060185403
156414::ARK5::5323,ARK5,156414,C=CC(=O)Nc1cc2c(Nc3ccc(F)c(Cl)c3)ncnc2cc1OCCCN1CCOCC1,5.0,5.23441400910244,5.061154154899262
156414::AXL::5329,AXL,156414,C=CC(=O)Nc1cc2c(Nc3ccc(F)c(Cl)c3)ncnc2cc1OCCCN1CCOCC1,5.2441251443275085,5.23441400910244,5.378745469902541
156414::BIKE::5330,BIKE,156414,C=CC(=O)Nc1cc2c(Nc3ccc(F)c(Cl)c3)ncnc2cc1OCCCN1CCOCC1,5.42021640338319,5.23441400910244,5.401785014832375
156414::BLK::5331,BLK,156414,C=CC(=O)Nc1cc2c(Nc3ccc(F)c(Cl)c3)ncnc2cc1OCCCN1CCOCC1,7.346787486224656,5.23441400910244,5.200791663752035
156414::BMPR1A::5332,BMPR1A,156414,C=CC(=O)Nc1cc2c(Nc3ccc(F)c(Cl)c3)ncnc2cc1OCCCN1CCOCC1,5.0,5.23441400910244,5.320373408258628
156414::BRAF(V600E)::5336,BRAF(V600E),156414,C=CC(=O)Nc1cc2c(Nc3ccc(F)c(Cl)c3)ncnc2cc1OCCCN1CCOCC1,5.0,5.23441400910244,5.15113710916646
156414::BRSK1::5338,BRSK1,156414,C=CC(=O)Nc1cc2c(Nc3ccc(F)c(Cl)c3)ncnc2cc1OCCCN1CCOCC1,5.0,5.23441400910244,5.15994230883684
156414::CAMK1::5341,CAMK1,156414,C=CC(=O)Nc1cc2c(Nc3ccc(F)c(Cl)c3)ncnc2cc1OCCCN1CCOCC1,5.0,5.23441400910244,5.105081888597686
156414::CAMK1D::5342,CAMK1D,156414,C=CC(=O)Nc1cc2c(Nc3ccc(F)c(Cl)c3)ncnc2cc1OCCCN1CCOCC1,5.0,5.23441400910244,5.045543901562474
156414::CAMK1G::5343,CAMK1G,156414,C=CC(=O)Nc1cc2c(Nc3ccc(F)c(Cl)c3)ncnc2cc1OCCCN1CCOCC1,5.0,5.23441400910244,5.227147009171734
156414::CAMK2G::5347,CAMK2G,156414,C=CC(=O)Nc1cc2c(Nc3ccc(F)c(Cl)c3)ncnc2cc1OCCCN1CCOCC1,5.0,5.23441400910244,5.0609010613088685
156414::CAMK4::5348,CAMK4,156414,C=CC(=O)Nc1cc2c(Nc3ccc(F)c(Cl)c3)ncnc2cc1OCCCN1CCOCC1,5.0,5.23441400910244,5.146882697563826
156414::CAMKK1::5349,CAMKK1,156414,C=CC(=O)Nc1cc2c(Nc3ccc(F)c(Cl)c3)ncnc2cc1OCCCN1CCOCC1,5.0,5.23441400910244,5.149996075034949
156414::CDKL2::5364,CDKL2,156414,C=CC(=O)Nc1cc2c(Nc3ccc(F)c(Cl)c3)ncnc2cc1OCCCN1CCOCC1,5.0,5.23441400910244,5.258235336413494
156414::CDKL5::5366,CDKL5,156414,C=CC(=O)Nc1cc2c(Nc3ccc(F)c(Cl)c3)ncnc2cc1OCCCN1CCOCC1,5.0,5.23441400910244,4.987788044676711
156414::CLK1::5370,CLK1,156414,C=CC(=O)Nc1cc2c(Nc3ccc(F)c(Cl)c3)ncnc2cc1OCCCN1CCOCC1,5.0,5.23441400910244,5.173513471728461
156414::CLK2::5371,CLK2,156414,C=CC(=O)Nc1cc2c(Nc3ccc(F)c(Cl)c3)ncnc2cc1OCCCN1CCOCC1,5.0,5.23441400910244,5.395876109464047
156414::CSNK1A1L::5377,CSNK1A1L,156414,C=CC(=O)Nc1cc2c(Nc3ccc(F)c(Cl)c3)ncnc2cc1OCCCN1CCOCC1,5.0,5.23441400910244,5.010927090110745
156414::CSNK1G1::5380,CSNK1G1,156414,C=CC(=O)Nc1cc2c(Nc3ccc(F)c(Cl)c3)ncnc2cc1OCCCN1CCOCC1,5.0,5.23441400910244,5.074432753137207
156414::CSNK1G3::5382,CSNK1G3,156414,C=CC(=O)Nc1cc2c(Nc3ccc(F)c(Cl)c3)ncnc2cc1OCCCN1CCOCC1,5.0,5.23441400910244,5.046247033708458
156414::DCAMKL1::5389,DCAMKL1,156414,C=CC(=O)Nc1cc2c(Nc3ccc(F)c(Cl)c3)ncnc2cc1OCCCN1CCOCC1,5.0,5.23441400910244,5.015618115729725
156414::DCAMKL2::5390,DCAMKL2,156414,C=CC(=O)Nc1cc2c(Nc3ccc(F)c(Cl)c3)ncnc2cc1OCCCN1CCOCC1,5.0,5.23441400910244,5.013005951438387
156414::DMPK::5395,DMPK,156414,C=CC(=O)Nc1cc2c(Nc3ccc(F)c(Cl)c3)ncnc2cc1OCCCN1CCOCC1,5.154901959985743,5.23441400910244,5.032363361893994
156414::DYRK1A::5399,DYRK1A,156414,C=CC(=O)Nc1cc2c(Nc3ccc(F)c(Cl)c3)ncnc2cc1OCCCN1CCOCC1,5.823908740944319,5.23441400910244,5.091665635505906
156414::EPHA6::5409,EPHA6,156414,C=CC(=O)Nc1cc2c(Nc3ccc(F)c(Cl)c3)ncnc2cc1OCCCN1CCOCC1,6.568636235841012,5.23441400910244,5.988926944768774
156414::ERBB2::5417,ERBB2,156414,C=CC(=O)Nc1cc2c(Nc3ccc(F)c(Cl)c3)ncnc2cc1OCCCN1CCOCC1,7.251811972993799,5.23441400910244,6.042923978968087
156414::FGFR3(G697C)::5432,FGFR3(G697C),156414,C=CC(=O)Nc1cc2c(Nc3ccc(F)c(Cl)c3)ncnc2cc1OCCCN1CCOCC1,5.0,5.23441400910244,4.981036560498762
156414::FLT1::5435,FLT1,156414,C=CC(=O)Nc1cc2c(Nc3ccc(F)c(Cl)c3)ncnc2cc1OCCCN1CCOCC1,5.1249387366083,5.23441400910244,5.399570797661137
156414::FLT4::5437,FLT4,156414,C=CC(=O)Nc1cc2c(Nc3ccc(F)c(Cl)c3)ncnc2cc1OCCCN1CCOCC1,5.0,5.23441400910244,5.306994369021602
156414::FYN::5439,FYN,156414,C=CC(=O)Nc1cc2c(Nc3ccc(F)c(Cl)c3)ncnc2cc1OCCCN1CCOCC1,5.275724130399211,5.23441400910244,5.379734397294439
156414::GAK::5440,GAK,156414,C=CC(=O)Nc1cc2c(Nc3ccc(F)c(Cl)c3)ncnc2cc1OCCCN1CCOCC1,7.0,5.23441400910244,5.240664228267961
156414::HIPK3::5450,HIPK3,156414,C=CC(=O)Nc1cc2c(Nc3ccc(F)c(Cl)c3)ncnc2cc1OCCCN1CCOCC1,5.0,5.23441400910244,5.1861712329158935
156414::HUNK::5453,HUNK,156414,C=CC(=O)Nc1cc2c(Nc3ccc(F)c(Cl)c3)ncnc2cc1OCCCN1CCOCC1,5.1938200260161125,5.23441400910244,5.221335013296668
156414::ICK::5454,ICK,156414,C=CC(=O)Nc1cc2c(Nc3ccc(F)c(Cl)c3)ncnc2cc1OCCCN1CCOCC1,5.0,5.23441400910244,5.051907239269455
156414::IKK-alpha::5456,IKK-alpha,156414,C=CC(=O)Nc1cc2c(Nc3ccc(F)c(Cl)c3)ncnc2cc1OCCCN1CCOCC1,5.0,5.23441400910244,5.137331101901228
156414::IKK-epsilon::5458,IKK-epsilon,156414,C=CC(=O)Nc1cc2c(Nc3ccc(F)c(Cl)c3)ncnc2cc1OCCCN1CCOCC1,5.0,5.23441400910244,5.054879786287852
156414::JAK3(JH1domain-catalytic)::5467,JAK3(JH1domain-catalytic),156414,C=CC(=O)Nc1cc2c(Nc3ccc(F)c(Cl)c3)ncnc2cc1OCCCN1CCOCC1,6.200659450546418,5.23441400910244,5.200592040012597
156414::JNK1::5468,JNK1,156414,C=CC(=O)Nc1cc2c(Nc3ccc(F)c(Cl)c3)ncnc2cc1OCCCN1CCOCC1,5.0,5.23441400910244,5.104926580585122
156414::JNK2::5469,JNK2,156414,C=CC(=O)Nc1cc2c(Nc3ccc(F)c(Cl)c3)ncnc2cc1OCCCN1CCOCC1,5.958607314841775,5.23441400910244,5.2664707675935105
156414::LOK::5478,LOK,156414,C=CC(=O)Nc1cc2c(Nc3ccc(F)c(Cl)c3)ncnc2cc1OCCCN1CCOCC1,5.721246399047171,5.23441400910244,5.528881357214471
156414::MAK::5483,MAK,156414,C=CC(=O)Nc1cc2c(Nc3ccc(F)c(Cl)c3)ncnc2cc1OCCCN1CCOCC1,5.0,5.23441400910244,5.505648568219652
156414::MAP3K15::5485,MAP3K15,156414,C=CC(=O)Nc1cc2c(Nc3ccc(F)c(Cl)c3)ncnc2cc1OCCCN1CCOCC1,5.0,5.23441400910244,4.969819665222365
156414::MAP4K2::5489,MAP4K2,156414,C=CC(=O)Nc1cc2c(Nc3ccc(F)c(Cl)c3)ncnc2cc1OCCCN1CCOCC1,6.481486060122112,5.23441400910244,5.0148324694974145
156414::MAP4K3::5490,MAP4K3,156414,C=CC(=O)Nc1cc2c(Nc3ccc(F)c(Cl)c3)ncnc2cc1OCCCN1CCOCC1,5.0,5.23441400910244,5.2220514910415075
156414::MEK1::5500,MEK1,156414,C=CC(=O)Nc1cc2c(Nc3ccc(F)c(Cl)c3)ncnc2cc1OCCCN1CCOCC1,5.7447274948966935,5.23441400910244,5.238253260273919
156414::MELK::5506,MELK,156414,C=CC(=O)Nc1cc2c(Nc3ccc(F)c(Cl)c3)ncnc2cc1OCCCN1CCOCC1,5.0,5.23441400910244,5.131473178579811
156414::MLK1::5514,MLK1,156414,C=CC(=O)Nc1cc2c(Nc3ccc(F)c(Cl)c3)ncnc2cc1OCCCN1CCOCC1,5.0,5.23441400910244,5.212749394888682
156414::MLK2::5515,MLK2,156414,C=CC(=O)Nc1cc2c(Nc3ccc(F)c(Cl)c3)ncnc2cc1OCCCN1CCOCC1,5.0,5.23441400910244,5.167141315780874
156414::MLK3::5516,MLK3,156414,C=CC(=O)Nc1cc2c(Nc3ccc(F)c(Cl)c3)ncnc2cc1OCCCN1CCOCC1,5.0,5.23441400910244,5.404722478704036
156414::MST1::5519,MST1,156414,C=CC(=O)Nc1cc2c(Nc3ccc(F)c(Cl)c3)ncnc2cc1OCCCN1CCOCC1,5.0,5.23441400910244,5.2309169827226025
156414::MST1R::5520,MST1R,156414,C=CC(=O)Nc1cc2c(Nc3ccc(F)c(Cl)c3)ncnc2cc1OCCCN1CCOCC1,5.0,5.23441400910244,5.11745944710938
156414::MST2::5521,MST2,156414,C=CC(=O)Nc1cc2c(Nc3ccc(F)c(Cl)c3)ncnc2cc1OCCCN1CCOCC1,5.0,5.23441400910244,5.177156235725948
156414::MST3::5522,MST3,156414,C=CC(=O)Nc1cc2c(Nc3ccc(F)c(Cl)c3)ncnc2cc1OCCCN1CCOCC1,5.0,5.23441400910244,5.046136024574154
156414::MYLK::5526,MYLK,156414,C=CC(=O)Nc1cc2c(Nc3ccc(F)c(Cl)c3)ncnc2cc1OCCCN1CCOCC1,5.0,5.23441400910244,5.43530773786446
156414::MYLK2::5527,MYLK2,156414,C=CC(=O)Nc1cc2c(Nc3ccc(F)c(Cl)c3)ncnc2cc1OCCCN1CCOCC1,5.0,5.23441400910244,5.198117430735566
156414::NEK1::5533,NEK1,156414,C=CC(=O)Nc1cc2c(Nc3ccc(F)c(Cl)c3)ncnc2cc1OCCCN1CCOCC1,5.0,5.23441400910244,5.122197501344787
156414::p38-alpha::5545,p38-alpha,156414,C=CC(=O)Nc1cc2c(Nc3ccc(F)c(Cl)c3)ncnc2cc1OCCCN1CCOCC1,5.0,5.23441400910244,5.042232150298243
156414::PAK4::5552,PAK4,156414,C=CC(=O)Nc1cc2c(Nc3ccc(F)c(Cl)c3)ncnc2cc1OCCCN1CCOCC1,5.0,5.23441400910244,5.272775131331071
156414::PFPK5(Pfalciparum)::5562,PFPK5(Pfalciparum),156414,C=CC(=O)Nc1cc2c(Nc3ccc(F)c(Cl)c3)ncnc2cc1OCCCN1CCOCC1,5.0,5.23441400910244,5.0567798926955385
156414::PIK3CA(Q546K)::5569,PIK3CA(Q546K),156414,C=CC(=O)Nc1cc2c(Nc3ccc(F)c(Cl)c3)ncnc2cc1OCCCN1CCOCC1,5.0,5.23441400910244,5.198262184132895
156414::PIK3CD::5571,PIK3CD,156414,C=CC(=O)Nc1cc2c(Nc3ccc(F)c(Cl)c3)ncnc2cc1OCCCN1CCOCC1,5.0,5.23441400910244,5.142598316520833
156414::PIM3::5576,PIM3,156414,C=CC(=O)Nc1cc2c(Nc3ccc(F)c(Cl)c3)ncnc2cc1OCCCN1CCOCC1,5.0,5.23441400910244,5.067428206305445
156414::PRKCE::5592,PRKCE,156414,C=CC(=O)Nc1cc2c(Nc3ccc(F)c(Cl)c3)ncnc2cc1OCCCN1CCOCC1,5.0,5.23441400910244,5.278569046634989
156414::PYK2::5604,PYK2,156414,C=CC(=O)Nc1cc2c(Nc3ccc(F)c(Cl)c3)ncnc2cc1OCCCN1CCOCC1,5.0,5.23441400910244,5.218577224227536
156414::RIPK5::5614,RIPK5,156414,C=CC(=O)Nc1cc2c(Nc3ccc(F)c(Cl)c3)ncnc2cc1OCCCN1CCOCC1,5.0,5.23441400910244,5.2001422657880125
156414::RSK2(KinDom.1-N-terminal)::5621,RSK2(KinDom.1-N-terminal),156414,C=CC(=O)Nc1cc2c(Nc3ccc(F)c(Cl)c3)ncnc2cc1OCCCN1CCOCC1,5.0,5.23441400910244,5.1143125551603354
156414::SNARK::5631,SNARK,156414,C=CC(=O)Nc1cc2c(Nc3ccc(F)c(Cl)c3)ncnc2cc1OCCCN1CCOCC1,5.0,5.23441400910244,5.235833816402855
156414::TBK1::5648,TBK1,156414,C=CC(=O)Nc1cc2c(Nc3ccc(F)c(Cl)c3)ncnc2cc1OCCCN1CCOCC1,5.0,5.23441400910244,5.115198264159429
156414::TNK1::5658,TNK1,156414,C=CC(=O)Nc1cc2c(Nc3ccc(F)c(Cl)c3)ncnc2cc1OCCCN1CCOCC1,5.0,5.23441400910244,5.1107138524900675
156414::TRKC::5663,TRKC,156414,C=CC(=O)Nc1cc2c(Nc3ccc(F)c(Cl)c3)ncnc2cc1OCCCN1CCOCC1,5.0,5.23441400910244,5.447624532502466
156414::TRPM6::5664,TRPM6,156414,C=CC(=O)Nc1cc2c(Nc3ccc(F)c(Cl)c3)ncnc2cc1OCCCN1CCOCC1,5.0,5.23441400910244,5.4032069658039825
156414::TSSK1B::5665,TSSK1B,156414,C=CC(=O)Nc1cc2c(Nc3ccc(F)c(Cl)c3)ncnc2cc1OCCCN1CCOCC1,5.0,5.23441400910244,5.034279044810358
156414::ULK1::5670,ULK1,156414,C=CC(=O)Nc1cc2c(Nc3ccc(F)c(Cl)c3)ncnc2cc1OCCCN1CCOCC1,5.0,5.23441400910244,5.4608891789184515
9933475::ACVR2A::5690,ACVR2A,9933475,COc1cc2c(Oc3ccc4[nH]c(C)cc4c3F)ncnc2cc1OCCCN1CCCC1,5.0,5.311179498427859,5.385952399345567
9933475::AKT1::5695,AKT1,9933475,COc1cc2c(Oc3ccc4[nH]c(C)cc4c3F)ncnc2cc1OCCCN1CCCC1,5.0,5.311179498427859,5.135927422641361
9933475::AMPK-alpha1::5699,AMPK-alpha1,9933475,COc1cc2c(Oc3ccc4[nH]c(C)cc4c3F)ncnc2cc1OCCCN1CCCC1,5.0,5.311179498427859,5.141639147807952
9933475::ARK5::5702,ARK5,9933475,COc1cc2c(Oc3ccc4[nH]c(C)cc4c3F)ncnc2cc1OCCCN1CCCC1,5.0,5.311179498427859,5.241989565155854
9933475::AXL::5708,AXL,9933475,COc1cc2c(Oc3ccc4[nH]c(C)cc4c3F)ncnc2cc1OCCCN1CCCC1,6.309803919971486,5.311179498427859,5.41038093304962
9933475::BIKE::5709,BIKE,9933475,COc1cc2c(Oc3ccc4[nH]c(C)cc4c3F)ncnc2cc1OCCCN1CCCC1,5.0,5.311179498427859,5.491646863114477
9933475::BLK::5710,BLK,9933475,COc1cc2c(Oc3ccc4[nH]c(C)cc4c3F)ncnc2cc1OCCCN1CCCC1,6.920818753952375,5.311179498427859,5.365444278003086
9933475::BMPR1A::5711,BMPR1A,9933475,COc1cc2c(Oc3ccc4[nH]c(C)cc4c3F)ncnc2cc1OCCCN1CCCC1,5.0,5.311179498427859,5.281519511314159
9933475::BRAF(V600E)::5715,BRAF(V600E),9933475,COc1cc2c(Oc3ccc4[nH]c(C)cc4c3F)ncnc2cc1OCCCN1CCCC1,5.0,5.311179498427859,5.1260040554664394
9933475::BRSK1::5717,BRSK1,9933475,COc1cc2c(Oc3ccc4[nH]c(C)cc4c3F)ncnc2cc1OCCCN1CCCC1,5.0,5.311179498427859,5.096667358812386
9933475::CAMK1::5720,CAMK1,9933475,COc1cc2c(Oc3ccc4[nH]c(C)cc4c3F)ncnc2cc1OCCCN1CCCC1,5.0,5.311179498427859,5.145042449006685
9933475::CAMK1D::5721,CAMK1D,9933475,COc1cc2c(Oc3ccc4[nH]c(C)cc4c3F)ncnc2cc1OCCCN1CCCC1,5.0,5.311179498427859,5.18298047510121
9933475::CAMK1G::5722,CAMK1G,9933475,COc1cc2c(Oc3ccc4[nH]c(C)cc4c3F)ncnc2cc1OCCCN1CCCC1,5.0,5.311179498427859,5.154190191435715
9933475::CAMK2G::5726,CAMK2G,9933475,COc1cc2c(Oc3ccc4[nH]c(C)cc4c3F)ncnc2cc1OCCCN1CCCC1,5.0,5.311179498427859,5.203536893431632
9933475::CAMK4::5727,CAMK4,9933475,COc1cc2c(Oc3ccc4[nH]c(C)cc4c3F)ncnc2cc1OCCCN1CCCC1,5.0,5.311179498427859,5.281485647449479
9933475::CAMKK1::5728,CAMKK1,9933475,COc1cc2c(Oc3ccc4[nH]c(C)cc4c3F)ncnc2cc1OCCCN1CCCC1,5.0,5.311179498427859,5.359656899355221
9933475::CDKL2::5743,CDKL2,9933475,COc1cc2c(Oc3ccc4[nH]c(C)cc4c3F)ncnc2cc1OCCCN1CCCC1,5.0,5.311179498427859,5.206516768008345
9933475::CDKL5::5745,CDKL5,9933475,COc1cc2c(Oc3ccc4[nH]c(C)cc4c3F)ncnc2cc1OCCCN1CCCC1,5.0,5.311179498427859,5.073705259749637
9933475::CLK1::5749,CLK1,9933475,COc1cc2c(Oc3ccc4[nH]c(C)cc4c3F)ncnc2cc1OCCCN1CCCC1,5.0,5.311179498427859,5.410578887600481
9933475::CLK2::5750,CLK2,9933475,COc1cc2c(Oc3ccc4[nH]c(C)cc4c3F)ncnc2cc1OCCCN1CCCC1,5.0,5.311179498427859,5.514407465796316
9933475::CSNK1A1L::5756,CSNK1A1L,9933475,COc1cc2c(Oc3ccc4[nH]c(C)cc4c3F)ncnc2cc1OCCCN1CCCC1,5.0,5.311179498427859,5.080490418199121
9933475::CSNK1G1::5759,CSNK1G1,9933475,COc1cc2c(Oc3ccc4[nH]c(C)cc4c3F)ncnc2cc1OCCCN1CCCC1,5.0,5.311179498427859,5.154867165376949
9933475::CSNK1G3::5761,CSNK1G3,9933475,COc1cc2c(Oc3ccc4[nH]c(C)cc4c3F)ncnc2cc1OCCCN1CCCC1,5.0,5.311179498427859,5.009654845150971
9933475::DCAMKL1::5768,DCAMKL1,9933475,COc1cc2c(Oc3ccc4[nH]c(C)cc4c3F)ncnc2cc1OCCCN1CCCC1,5.0,5.311179498427859,5.100904825212641
9933475::DCAMKL2::5769,DCAMKL2,9933475,COc1cc2c(Oc3ccc4[nH]c(C)cc4c3F)ncnc2cc1OCCCN1CCCC1,5.0,5.311179498427859,5.03870372664662
9933475::DMPK::5774,DMPK,9933475,COc1cc2c(Oc3ccc4[nH]c(C)cc4c3F)ncnc2cc1OCCCN1CCCC1,5.0,5.311179498427859,5.397827441777095
9933475::DYRK1A::5778,DYRK1A,9933475,COc1cc2c(Oc3ccc4[nH]c(C)cc4c3F)ncnc2cc1OCCCN1CCCC1,5.0,5.311179498427859,5.139653006684928
9933475::EPHA6::5788,EPHA6,9933475,COc1cc2c(Oc3ccc4[nH]c(C)cc4c3F)ncnc2cc1OCCCN1CCCC1,7.443697499232712,5.311179498427859,5.642402322080132
9933475::ERBB2::5796,ERBB2,9933475,COc1cc2c(Oc3ccc4[nH]c(C)cc4c3F)ncnc2cc1OCCCN1CCCC1,5.522878745280337,5.311179498427859,5.454565063184061
9933475::FGFR3(G697C)::5811,FGFR3(G697C),9933475,COc1cc2c(Oc3ccc4[nH]c(C)cc4c3F)ncnc2cc1OCCCN1CCCC1,7.638272163982407,5.311179498427859,5.455487975047906
9933475::FLT1::5814,FLT1,9933475,COc1cc2c(Oc3ccc4[nH]c(C)cc4c3F)ncnc2cc1OCCCN1CCCC1,9.130768280269024,5.311179498427859,5.768451513285176
9933475::FLT4::5816,FLT4,9933475,COc1cc2c(Oc3ccc4[nH]c(C)cc4c3F)ncnc2cc1OCCCN1CCCC1,8.366531544420413,5.311179498427859,5.352200217369752
9933475::FYN::5818,FYN,9933475,COc1cc2c(Oc3ccc4[nH]c(C)cc4c3F)ncnc2cc1OCCCN1CCCC1,5.920818753952375,5.311179498427859,5.538947590636138
9933475::GAK::5819,GAK,9933475,COc1cc2c(Oc3ccc4[nH]c(C)cc4c3F)ncnc2cc1OCCCN1CCCC1,5.769551078621726,5.311179498427859,5.168883984541954
9933475::HIPK3::5829,HIPK3,9933475,COc1cc2c(Oc3ccc4[nH]c(C)cc4c3F)ncnc2cc1OCCCN1CCCC1,5.0,5.311179498427859,5.292766639586365
9933475::HUNK::5832,HUNK,9933475,COc1cc2c(Oc3ccc4[nH]c(C)cc4c3F)ncnc2cc1OCCCN1CCCC1,5.0,5.311179498427859,5.27053014236402
9933475::ICK::5833,ICK,9933475,COc1cc2c(Oc3ccc4[nH]c(C)cc4c3F)ncnc2cc1OCCCN1CCCC1,5.0,5.311179498427859,5.135767728534768
9933475::IKK-alpha::5835,IKK-alpha,9933475,COc1cc2c(Oc3ccc4[nH]c(C)cc4c3F)ncnc2cc1OCCCN1CCCC1,5.0,5.311179498427859,5.159843145728702
9933475::IKK-epsilon::5837,IKK-epsilon,9933475,COc1cc2c(Oc3ccc4[nH]c(C)cc4c3F)ncnc2cc1OCCCN1CCCC1,5.0,5.311179498427859,5.279177172377645
9933475::JAK3(JH1domain-catalytic)::5846,JAK3(JH1domain-catalytic),9933475,COc1cc2c(Oc3ccc4[nH]c(C)cc4c3F)ncnc2cc1OCCCN1CCCC1,5.0,5.311179498427859,5.230006748734747
9933475::JNK1::5847,JNK1,9933475,COc1cc2c(Oc3ccc4[nH]c(C)cc4c3F)ncnc2cc1OCCCN1CCCC1,5.0,5.311179498427859,5.100526477548942
9933475::JNK2::5848,JNK2,9933475,COc1cc2c(Oc3ccc4[nH]c(C)cc4c3F)ncnc2cc1OCCCN1CCCC1,5.0,5.311179498427859,5.252836432756974
9933475::LOK::5857,LOK,9933475,COc1cc2c(Oc3ccc4[nH]c(C)cc4c3F)ncnc2cc1OCCCN1CCCC1,7.638272163982407,5.311179498427859,5.586187037059325
9933475::MAK::5862,MAK,9933475,COc1cc2c(Oc3ccc4[nH]c(C)cc4c3F)ncnc2cc1OCCCN1CCCC1,5.0,5.311179498427859,5.333685007297234
9933475::MAP3K15::5864,MAP3K15,9933475,COc1cc2c(Oc3ccc4[nH]c(C)cc4c3F)ncnc2cc1OCCCN1CCCC1,5.0,5.311179498427859,5.152378284578927
9933475::MAP4K2::5868,MAP4K2,9933475,COc1cc2c(Oc3ccc4[nH]c(C)cc4c3F)ncnc2cc1OCCCN1CCCC1,6.267606240177031,5.311179498427859,5.301762997429102
9933475::MAP4K3::5869,MAP4K3,9933475,COc1cc2c(Oc3ccc4[nH]c(C)cc4c3F)ncnc2cc1OCCCN1CCCC1,5.698970004336019,5.311179498427859,5.246100150668539
9933475::MEK1::5879,MEK1,9933475,COc1cc2c(Oc3ccc4[nH]c(C)cc4c3F)ncnc2cc1OCCCN1CCCC1,5.0,5.311179498427859,5.42316160152093
9933475::MELK::5885,MELK,9933475,COc1cc2c(Oc3ccc4[nH]c(C)cc4c3F)ncnc2cc1OCCCN1CCCC1,5.0,5.311179498427859,5.108918144299178
9933475::MLK1::5893,MLK1,9933475,COc1cc2c(Oc3ccc4[nH]c(C)cc4c3F)ncnc2cc1OCCCN1CCCC1,5.0,5.311179498427859,5.300271482031694
9933475::MLK2::5894,MLK2,9933475,COc1cc2c(Oc3ccc4[nH]c(C)cc4c3F)ncnc2cc1OCCCN1CCCC1,5.0,5.311179498427859,5.339618652869582
9933475::MLK3::5895,MLK3,9933475,COc1cc2c(Oc3ccc4[nH]c(C)cc4c3F)ncnc2cc1OCCCN1CCCC1,5.0,5.311179498427859,5.500525823715443
9933475::MST1::5898,MST1,9933475,COc1cc2c(Oc3ccc4[nH]c(C)cc4c3F)ncnc2cc1OCCCN1CCCC1,5.366531544420413,5.311179498427859,5.267923639970625
9933475::MST1R::5899,MST1R,9933475,COc1cc2c(Oc3ccc4[nH]c(C)cc4c3F)ncnc2cc1OCCCN1CCCC1,5.537602002101044,5.311179498427859,5.331336451983529
9933475::MST2::5900,MST2,9933475,COc1cc2c(Oc3ccc4[nH]c(C)cc4c3F)ncnc2cc1OCCCN1CCCC1,5.0,5.311179498427859,5.332591163244938
9933475::MST3::5901,MST3,9933475,COc1cc2c(Oc3ccc4[nH]c(C)cc4c3F)ncnc2cc1OCCCN1CCCC1,5.0,5.311179498427859,5.235048762688334
9933475::MYLK::5905,MYLK,9933475,COc1cc2c(Oc3ccc4[nH]c(C)cc4c3F)ncnc2cc1OCCCN1CCCC1,5.0,5.311179498427859,5.425842392242266
9933475::MYLK2::5906,MYLK2,9933475,COc1cc2c(Oc3ccc4[nH]c(C)cc4c3F)ncnc2cc1OCCCN1CCCC1,5.0,5.311179498427859,5.1098723263593975
9933475::NEK1::5912,NEK1,9933475,COc1cc2c(Oc3ccc4[nH]c(C)cc4c3F)ncnc2cc1OCCCN1CCCC1,5.0,5.311179498427859,5.202623079102887
9933475::p38-alpha::5924,p38-alpha,9933475,COc1cc2c(Oc3ccc4[nH]c(C)cc4c3F)ncnc2cc1OCCCN1CCCC1,5.0,5.311179498427859,5.1084448325947545
9933475::PAK4::5931,PAK4,9933475,COc1cc2c(Oc3ccc4[nH]c(C)cc4c3F)ncnc2cc1OCCCN1CCCC1,5.0,5.311179498427859,5.493394648077009
9933475::PFPK5(Pfalciparum)::5941,PFPK5(Pfalciparum),9933475,COc1cc2c(Oc3ccc4[nH]c(C)cc4c3F)ncnc2cc1OCCCN1CCCC1,5.0,5.311179498427859,5.074560099434023
9933475::PIK3CA(Q546K)::5948,PIK3CA(Q546K),9933475,COc1cc2c(Oc3ccc4[nH]c(C)cc4c3F)ncnc2cc1OCCCN1CCCC1,5.0,5.311179498427859,5.039309117844788
9933475::PIK3CD::5950,PIK3CD,9933475,COc1cc2c(Oc3ccc4[nH]c(C)cc4c3F)ncnc2cc1OCCCN1CCCC1,5.0,5.311179498427859,5.192158290665373
9933475::PIM3::5955,PIM3,9933475,COc1cc2c(Oc3ccc4[nH]c(C)cc4c3F)ncnc2cc1OCCCN1CCCC1,5.0,5.311179498427859,5.242551543090796
9933475::PRKCE::5971,PRKCE,9933475,COc1cc2c(Oc3ccc4[nH]c(C)cc4c3F)ncnc2cc1OCCCN1CCCC1,5.0,5.311179498427859,5.138633662607143
9933475::PYK2::5983,PYK2,9933475,COc1cc2c(Oc3ccc4[nH]c(C)cc4c3F)ncnc2cc1OCCCN1CCCC1,5.0,5.311179498427859,5.592989349338564
9933475::RIPK5::5993,RIPK5,9933475,COc1cc2c(Oc3ccc4[nH]c(C)cc4c3F)ncnc2cc1OCCCN1CCCC1,5.0,5.311179498427859,5.168614304559433
9933475::RSK2(KinDom.1-N-terminal)::6000,RSK2(KinDom.1-N-terminal),9933475,COc1cc2c(Oc3ccc4[nH]c(C)cc4c3F)ncnc2cc1OCCCN1CCCC1,5.0,5.311179498427859,5.1934988414439145
9933475::SNARK::6010,SNARK,9933475,COc1cc2c(Oc3ccc4[nH]c(C)cc4c3F)ncnc2cc1OCCCN1CCCC1,5.0,5.311179498427859,5.135507575800726
9933475::TBK1::6027,TBK1,9933475,COc1cc2c(Oc3ccc4[nH]c(C)cc4c3F)ncnc2cc1OCCCN1CCCC1,5.0,5.311179498427859,5.234116568892949
9933475::TNK1::6037,TNK1,9933475,COc1cc2c(Oc3ccc4[nH]c(C)cc4c3F)ncnc2cc1OCCCN1CCCC1,5.0,5.311179498427859,5.286694271966986
9933475::TRKC::6042,TRKC,9933475,COc1cc2c(Oc3ccc4[nH]c(C)cc4c3F)ncnc2cc1OCCCN1CCCC1,5.0,5.311179498427859,5.577606046475544
9933475::TRPM6::6043,TRPM6,9933475,COc1cc2c(Oc3ccc4[nH]c(C)cc4c3F)ncnc2cc1OCCCN1CCCC1,5.0,5.311179498427859,5.160001317556525
9933475::TSSK1B::6044,TSSK1B,9933475,COc1cc2c(Oc3ccc4[nH]c(C)cc4c3F)ncnc2cc1OCCCN1CCCC1,5.0,5.311179498427859,5.144777160767387
9933475::ULK1::6049,ULK1,9933475,COc1cc2c(Oc3ccc4[nH]c(C)cc4c3F)ncnc2cc1OCCCN1CCCC1,5.0,5.311179498427859,5.402864876533031
11626560::ACVR2A::6069,ACVR2A,11626560,CC(Oc1cc(-c2cnn(C3CCNCC3)c2)cnc1N)c1c(Cl)ccc(F)c1Cl,5.0,5.5026061960861075,5.800759794371118
11626560::AKT1::6074,AKT1,11626560,CC(Oc1cc(-c2cnn(C3CCNCC3)c2)cnc1N)c1c(Cl)ccc(F)c1Cl,5.0,5.5026061960861075,5.1578133916138205
11626560::AMPK-alpha1::6078,AMPK-alpha1,11626560,CC(Oc1cc(-c2cnn(C3CCNCC3)c2)cnc1N)c1c(Cl)ccc(F)c1Cl,5.619788758288394,5.5026061960861075,5.328280591340291
11626560::ARK5::6081,ARK5,11626560,CC(Oc1cc(-c2cnn(C3CCNCC3)c2)cnc1N)c1c(Cl)ccc(F)c1Cl,5.0,5.5026061960861075,5.327807657693949
11626560::AXL::6087,AXL,11626560,CC(Oc1cc(-c2cnn(C3CCNCC3)c2)cnc1N)c1c(Cl)ccc(F)c1Cl,8.10790539730952,5.5026061960861075,5.8479977866185875
11626560::BIKE::6088,BIKE,11626560,CC(Oc1cc(-c2cnn(C3CCNCC3)c2)cnc1N)c1c(Cl)ccc(F)c1Cl,6.130768280269024,5.5026061960861075,5.505316698378128
11626560::BLK::6089,BLK,11626560,CC(Oc1cc(-c2cnn(C3CCNCC3)c2)cnc1N)c1c(Cl)ccc(F)c1Cl,6.958607314841775,5.5026061960861075,5.602526209454443
11626560::BMPR1A::6090,BMPR1A,11626560,CC(Oc1cc(-c2cnn(C3CCNCC3)c2)cnc1N)c1c(Cl)ccc(F)c1Cl,5.0,5.5026061960861075,5.577683047572514
11626560::BRAF(V600E)::6094,BRAF(V600E),11626560,CC(Oc1cc(-c2cnn(C3CCNCC3)c2)cnc1N)c1c(Cl)ccc(F)c1Cl,5.0,5.5026061960861075,5.605775713779556
11626560::BRSK1::6096,BRSK1,11626560,CC(Oc1cc(-c2cnn(C3CCNCC3)c2)cnc1N)c1c(Cl)ccc(F)c1Cl,5.0,5.5026061960861075,5.490262585820966
11626560::CAMK1::6099,CAMK1,11626560,CC(Oc1cc(-c2cnn(C3CCNCC3)c2)cnc1N)c1c(Cl)ccc(F)c1Cl,5.0,5.5026061960861075,5.368618337755173
11626560::CAMK1D::6100,CAMK1D,11626560,CC(Oc1cc(-c2cnn(C3CCNCC3)c2)cnc1N)c1c(Cl)ccc(F)c1Cl,5.0,5.5026061960861075,5.335443777962099
11626560::CAMK1G::6101,CAMK1G,11626560,CC(Oc1cc(-c2cnn(C3CCNCC3)c2)cnc1N)c1c(Cl)ccc(F)c1Cl,5.0,5.5026061960861075,5.596275022352004
11626560::CAMK2G::6105,CAMK2G,11626560,CC(Oc1cc(-c2cnn(C3CCNCC3)c2)cnc1N)c1c(Cl)ccc(F)c1Cl,5.0,5.5026061960861075,5.239507316627549
11626560::CAMK4::6106,CAMK4,11626560,CC(Oc1cc(-c2cnn(C3CCNCC3)c2)cnc1N)c1c(Cl)ccc(F)c1Cl,5.0,5.5026061960861075,5.287270773530921
11626560::CAMKK1::6107,CAMKK1,11626560,CC(Oc1cc(-c2cnn(C3CCNCC3)c2)cnc1N)c1c(Cl)ccc(F)c1Cl,5.0,5.5026061960861075,5.2896388032397965
11626560::CDKL2::6122,CDKL2,11626560,CC(Oc1cc(-c2cnn(C3CCNCC3)c2)cnc1N)c1c(Cl)ccc(F)c1Cl,5.6777807052660805,5.5026061960861075,5.338625161690703
11626560::CDKL5::6124,CDKL5,11626560,CC(Oc1cc(-c2cnn(C3CCNCC3)c2)cnc1N)c1c(Cl)ccc(F)c1Cl,5.0,5.5026061960861075,5.316801860904572
11626560::CLK1::6128,CLK1,11626560,CC(Oc1cc(-c2cnn(C3CCNCC3)c2)cnc1N)c1c(Cl)ccc(F)c1Cl,5.0,5.5026061960861075,5.431208804600164
11626560::CLK2::6129,CLK2,11626560,CC(Oc1cc(-c2cnn(C3CCNCC3)c2)cnc1N)c1c(Cl)ccc(F)c1Cl,5.0,5.5026061960861075,5.577350461456176
11626560::CSNK1A1L::6135,CSNK1A1L,11626560,CC(Oc1cc(-c2cnn(C3CCNCC3)c2)cnc1N)c1c(Cl)ccc(F)c1Cl,5.0,5.5026061960861075,5.236555473301899
11626560::CSNK1G1::6138,CSNK1G1,11626560,CC(Oc1cc(-c2cnn(C3CCNCC3)c2)cnc1N)c1c(Cl)ccc(F)c1Cl,5.0,5.5026061960861075,5.326368374494367
11626560::CSNK1G3::6140,CSNK1G3,11626560,CC(Oc1cc(-c2cnn(C3CCNCC3)c2)cnc1N)c1c(Cl)ccc(F)c1Cl,5.0,5.5026061960861075,5.311784936215536
11626560::DCAMKL1::6147,DCAMKL1,11626560,CC(Oc1cc(-c2cnn(C3CCNCC3)c2)cnc1N)c1c(Cl)ccc(F)c1Cl,6.481486060122112,5.5026061960861075,5.245405214575014
11626560::DCAMKL2::6148,DCAMKL2,11626560,CC(Oc1cc(-c2cnn(C3CCNCC3)c2)cnc1N)c1c(Cl)ccc(F)c1Cl,6.431798275933005,5.5026061960861075,5.317360691508841
11626560::DMPK::6153,DMPK,11626560,CC(Oc1cc(-c2cnn(C3CCNCC3)c2)cnc1N)c1c(Cl)ccc(F)c1Cl,5.853871964321762,5.5026061960861075,5.453201288251239
11626560::DYRK1A::6157,DYRK1A,11626560,CC(Oc1cc(-c2cnn(C3CCNCC3)c2)cnc1N)c1c(Cl)ccc(F)c1Cl,5.0,5.5026061960861075,5.3514815394394875
11626560::EPHA6::6167,EPHA6,11626560,CC(Oc1cc(-c2cnn(C3CCNCC3)c2)cnc1N)c1c(Cl)ccc(F)c1Cl,7.187086643357144,5.5026061960861075,5.462219800867973
11626560::ERBB2::6175,ERBB2,11626560,CC(Oc1cc(-c2cnn(C3CCNCC3)c2)cnc1N)c1c(Cl)ccc(F)c1Cl,5.0,5.5026061960861075,5.542178810295937
11626560::FGFR3(G697C)::6190,FGFR3(G697C),11626560,CC(Oc1cc(-c2cnn(C3CCNCC3)c2)cnc1N)c1c(Cl)ccc(F)c1Cl,5.568636235841012,5.5026061960861075,5.469231144942598
11626560::FLT1::6193,FLT1,11626560,CC(Oc1cc(-c2cnn(C3CCNCC3)c2)cnc1N)c1c(Cl)ccc(F)c1Cl,5.638272163982407,5.5026061960861075,5.2329088139115205
11626560::FLT4::6195,FLT4,11626560,CC(Oc1cc(-c2cnn(C3CCNCC3)c2)cnc1N)c1c(Cl)ccc(F)c1Cl,5.0,5.5026061960861075,5.542058241084791
11626560::FYN::6197,FYN,11626560,CC(Oc1cc(-c2cnn(C3CCNCC3)c2)cnc1N)c1c(Cl)ccc(F)c1Cl,5.886056647693163,5.5026061960861075,5.423874627729243
11626560::GAK::6198,GAK,11626560,CC(Oc1cc(-c2cnn(C3CCNCC3)c2)cnc1N)c1c(Cl)ccc(F)c1Cl,5.0,5.5026061960861075,5.537967335840199
11626560::HIPK3::6208,HIPK3,11626560,CC(Oc1cc(-c2cnn(C3CCNCC3)c2)cnc1N)c1c(Cl)ccc(F)c1Cl,5.0,5.5026061960861075,5.369831720931012
11626560::HUNK::6211,HUNK,11626560,CC(Oc1cc(-c2cnn(C3CCNCC3)c2)cnc1N)c1c(Cl)ccc(F)c1Cl,5.0,5.5026061960861075,5.480873856658612
11626560::ICK::6212,ICK,11626560,CC(Oc1cc(-c2cnn(C3CCNCC3)c2)cnc1N)c1c(Cl)ccc(F)c1Cl,5.0,5.5026061960861075,5.290784835022779
11626560::IKK-alpha::6214,IKK-alpha,11626560,CC(Oc1cc(-c2cnn(C3CCNCC3)c2)cnc1N)c1c(Cl)ccc(F)c1Cl,5.0,5.5026061960861075,5.315019209041799
11626560::IKK-epsilon::6216,IKK-epsilon,11626560,CC(Oc1cc(-c2cnn(C3CCNCC3)c2)cnc1N)c1c(Cl)ccc(F)c1Cl,6.1487416512809245,5.5026061960861075,5.370980094615686
11626560::JAK3(JH1domain-catalytic)::6225,JAK3(JH1domain-catalytic),11626560,CC(Oc1cc(-c2cnn(C3CCNCC3)c2)cnc1N)c1c(Cl)ccc(F)c1Cl,6.698970004336019,5.5026061960861075,5.67174384762806
11626560::JNK1::6226,JNK1,11626560,CC(Oc1cc(-c2cnn(C3CCNCC3)c2)cnc1N)c1c(Cl)ccc(F)c1Cl,5.0,5.5026061960861075,5.277477728943155
11626560::JNK2::6227,JNK2,11626560,CC(Oc1cc(-c2cnn(C3CCNCC3)c2)cnc1N)c1c(Cl)ccc(F)c1Cl,5.0,5.5026061960861075,5.1994357145630925
11626560::LOK::6236,LOK,11626560,CC(Oc1cc(-c2cnn(C3CCNCC3)c2)cnc1N)c1c(Cl)ccc(F)c1Cl,7.356547323513812,5.5026061960861075,5.688272906522304
11626560::MAK::6241,MAK,11626560,CC(Oc1cc(-c2cnn(C3CCNCC3)c2)cnc1N)c1c(Cl)ccc(F)c1Cl,5.0,5.5026061960861075,5.495392335028085
11626560::MAP3K15::6243,MAP3K15,11626560,CC(Oc1cc(-c2cnn(C3CCNCC3)c2)cnc1N)c1c(Cl)ccc(F)c1Cl,5.552841968657781,5.5026061960861075,5.196967031801715
11626560::MAP4K2::6247,MAP4K2,11626560,CC(Oc1cc(-c2cnn(C3CCNCC3)c2)cnc1N)c1c(Cl)ccc(F)c1Cl,7.096910013008056,5.5026061960861075,5.429960292101507
11626560::MAP4K3::6248,MAP4K3,11626560,CC(Oc1cc(-c2cnn(C3CCNCC3)c2)cnc1N)c1c(Cl)ccc(F)c1Cl,7.1249387366083,5.5026061960861075,5.697526720798851
11626560::MEK1::6258,MEK1,11626560,CC(Oc1cc(-c2cnn(C3CCNCC3)c2)cnc1N)c1c(Cl)ccc(F)c1Cl,5.0,5.5026061960861075,5.312007042328611
11626560::MELK::6264,MELK,11626560,CC(Oc1cc(-c2cnn(C3CCNCC3)c2)cnc1N)c1c(Cl)ccc(F)c1Cl,5.0,5.5026061960861075,5.328774926074296
11626560::MLK1::6272,MLK1,11626560,CC(Oc1cc(-c2cnn(C3CCNCC3)c2)cnc1N)c1c(Cl)ccc(F)c1Cl,5.0,5.5026061960861075,5.582984893903387
11626560::MLK2::6273,MLK2,11626560,CC(Oc1cc(-c2cnn(C3CCNCC3)c2)cnc1N)c1c(Cl)ccc(F)c1Cl,5.0,5.5026061960861075,5.580748871037793
11626560::MLK3::6274,MLK3,11626560,CC(Oc1cc(-c2cnn(C3CCNCC3)c2)cnc1N)c1c(Cl)ccc(F)c1Cl,5.0,5.5026061960861075,5.8214979364959225
11626560::MST1::6277,MST1,11626560,CC(Oc1cc(-c2cnn(C3CCNCC3)c2)cnc1N)c1c(Cl)ccc(F)c1Cl,6.236572006437063,5.5026061960861075,5.382073232837203
11626560::MST1R::6278,MST1R,11626560,CC(Oc1cc(-c2cnn(C3CCNCC3)c2)cnc1N)c1c(Cl)ccc(F)c1Cl,7.602059991327962,5.5026061960861075,5.659148722092786
11626560::MST2::6279,MST2,11626560,CC(Oc1cc(-c2cnn(C3CCNCC3)c2)cnc1N)c1c(Cl)ccc(F)c1Cl,6.004364805402449,5.5026061960861075,5.370520083832316
11626560::MST3::6280,MST3,11626560,CC(Oc1cc(-c2cnn(C3CCNCC3)c2)cnc1N)c1c(Cl)ccc(F)c1Cl,5.0,5.5026061960861075,5.4406206883469
11626560::MYLK::6284,MYLK,11626560,CC(Oc1cc(-c2cnn(C3CCNCC3)c2)cnc1N)c1c(Cl)ccc(F)c1Cl,5.0,5.5026061960861075,5.353303051245909
11626560::MYLK2::6285,MYLK2,11626560,CC(Oc1cc(-c2cnn(C3CCNCC3)c2)cnc1N)c1c(Cl)ccc(F)c1Cl,5.0,5.5026061960861075,5.399503389971979
11626560::NEK1::6291,NEK1,11626560,CC(Oc1cc(-c2cnn(C3CCNCC3)c2)cnc1N)c1c(Cl)ccc(F)c1Cl,5.0,5.5026061960861075,5.3573865003044165
11626560::p38-alpha::6303,p38-alpha,11626560,CC(Oc1cc(-c2cnn(C3CCNCC3)c2)cnc1N)c1c(Cl)ccc(F)c1Cl,5.0,5.5026061960861075,5.325141916276139
11626560::PAK4::6310,PAK4,11626560,CC(Oc1cc(-c2cnn(C3CCNCC3)c2)cnc1N)c1c(Cl)ccc(F)c1Cl,5.0,5.5026061960861075,5.70062878783115
11626560::PFPK5(Pfalciparum)::6320,PFPK5(Pfalciparum),11626560,CC(Oc1cc(-c2cnn(C3CCNCC3)c2)cnc1N)c1c(Cl)ccc(F)c1Cl,5.0,5.5026061960861075,5.152694776775543
11626560::PIK3CA(Q546K)::6327,PIK3CA(Q546K),11626560,CC(Oc1cc(-c2cnn(C3CCNCC3)c2)cnc1N)c1c(Cl)ccc(F)c1Cl,5.0,5.5026061960861075,5.141464153856194
11626560::PIK3CD::6329,PIK3CD,11626560,CC(Oc1cc(-c2cnn(C3CCNCC3)c2)cnc1N)c1c(Cl)ccc(F)c1Cl,5.0,5.5026061960861075,5.3209884745252864
11626560::PIM3::6334,PIM3,11626560,CC(Oc1cc(-c2cnn(C3CCNCC3)c2)cnc1N)c1c(Cl)ccc(F)c1Cl,5.0,5.5026061960861075,5.373426200713743
11626560::PRKCE::6350,PRKCE,11626560,CC(Oc1cc(-c2cnn(C3CCNCC3)c2)cnc1N)c1c(Cl)ccc(F)c1Cl,5.0,5.5026061960861075,5.451944193470015
11626560::PYK2::6362,PYK2,11626560,CC(Oc1cc(-c2cnn(C3CCNCC3)c2)cnc1N)c1c(Cl)ccc(F)c1Cl,6.721246399047171,5.5026061960861075,5.605798764813477
11626560::RIPK5::6372,RIPK5,11626560,CC(Oc1cc(-c2cnn(C3CCNCC3)c2)cnc1N)c1c(Cl)ccc(F)c1Cl,6.346787486224656,5.5026061960861075,5.355335247750098
11626560::RSK2(KinDom.1-N-terminal)::6379,RSK2(KinDom.1-N-terminal),11626560,CC(Oc1cc(-c2cnn(C3CCNCC3)c2)cnc1N)c1c(Cl)ccc(F)c1Cl,5.0,5.5026061960861075,5.424191127079167
11626560::SNARK::6389,SNARK,11626560,CC(Oc1cc(-c2cnn(C3CCNCC3)c2)cnc1N)c1c(Cl)ccc(F)c1Cl,6.920818753952375,5.5026061960861075,5.390110330114681
11626560::TBK1::6406,TBK1,11626560,CC(Oc1cc(-c2cnn(C3CCNCC3)c2)cnc1N)c1c(Cl)ccc(F)c1Cl,6.161150909262744,5.5026061960861075,5.3314184343041395
11626560::TNK1::6416,TNK1,11626560,CC(Oc1cc(-c2cnn(C3CCNCC3)c2)cnc1N)c1c(Cl)ccc(F)c1Cl,6.494850021680094,5.5026061960861075,5.8589983172770745
11626560::TRKC::6421,TRKC,11626560,CC(Oc1cc(-c2cnn(C3CCNCC3)c2)cnc1N)c1c(Cl)ccc(F)c1Cl,7.086186147616283,5.5026061960861075,5.933844550179782
11626560::TRPM6::6422,TRPM6,11626560,CC(Oc1cc(-c2cnn(C3CCNCC3)c2)cnc1N)c1c(Cl)ccc(F)c1Cl,5.0,5.5026061960861075,5.353838547346484
11626560::TSSK1B::6423,TSSK1B,11626560,CC(Oc1cc(-c2cnn(C3CCNCC3)c2)cnc1N)c1c(Cl)ccc(F)c1Cl,5.0,5.5026061960861075,5.392917394391266
11626560::ULK1::6428,ULK1,11626560,CC(Oc1cc(-c2cnn(C3CCNCC3)c2)cnc1N)c1c(Cl)ccc(F)c1Cl,6.0,5.5026061960861075,5.622389149916731
3062316::ACVR2A::6448,ACVR2A,3062316,Cc1nc(Nc2ncc(C(=O)Nc3c(C)cccc3Cl)s2)cc(N2CCN(CCO)CC2)n1,6.6777807052660805,5.793657140312079,6.353683928291769
3062316::AKT1::6453,AKT1,3062316,Cc1nc(Nc2ncc(C(=O)Nc3c(C)cccc3Cl)s2)cc(N2CCN(CCO)CC2)n1,5.0,5.793657140312079,5.256968405406641
3062316::AMPK-alpha1::6457,AMPK-alpha1,3062316,Cc1nc(Nc2ncc(C(=O)Nc3c(C)cccc3Cl)s2)cc(N2CCN(CCO)CC2)n1,5.0,5.793657140312079,5.707937865676243
3062316::ARK5::6460,ARK5,3062316,Cc1nc(Nc2ncc(C(=O)Nc3c(C)cccc3Cl)s2)cc(N2CCN(CCO)CC2)n1,5.0,5.793657140312079,5.5575007022605645
3062316::AXL::6466,AXL,3062316,Cc1nc(Nc2ncc(C(=O)Nc3c(C)cccc3Cl)s2)cc(N2CCN(CCO)CC2)n1,5.0,5.793657140312079,6.522078856321152
3062316::BIKE::6467,BIKE,3062316,Cc1nc(Nc2ncc(C(=O)Nc3c(C)cccc3Cl)s2)cc(N2CCN(CCO)CC2)n1,5.0,5.793657140312079,6.057058065338911
3062316::BLK::6468,BLK,3062316,Cc1nc(Nc2ncc(C(=O)Nc3c(C)cccc3Cl)s2)cc(N2CCN(CCO)CC2)n1,9.67778070526608,5.793657140312079,6.72013316246943
3062316::BMPR1A::6469,BMPR1A,3062316,Cc1nc(Nc2ncc(C(=O)Nc3c(C)cccc3Cl)s2)cc(N2CCN(CCO)CC2)n1,5.154901959985743,5.793657140312079,6.3170923478284475
3062316::BRAF(V600E)::6473,BRAF(V600E),3062316,Cc1nc(Nc2ncc(C(=O)Nc3c(C)cccc3Cl)s2)cc(N2CCN(CCO)CC2)n1,6.301029995663981,5.793657140312079,5.4742824055357495
3062316::BRSK1::6475,BRSK1,3062316,Cc1nc(Nc2ncc(C(=O)Nc3c(C)cccc3Cl)s2)cc(N2CCN(CCO)CC2)n1,5.0,5.793657140312079,5.143901012699082
3062316::CAMK1::6478,CAMK1,3062316,Cc1nc(Nc2ncc(C(=O)Nc3c(C)cccc3Cl)s2)cc(N2CCN(CCO)CC2)n1,5.0,5.793657140312079,5.872101951815154
3062316::CAMK1D::6479,CAMK1D,3062316,Cc1nc(Nc2ncc(C(=O)Nc3c(C)cccc3Cl)s2)cc(N2CCN(CCO)CC2)n1,5.0,5.793657140312079,5.772269235366503
3062316::CAMK1G::6480,CAMK1G,3062316,Cc1nc(Nc2ncc(C(=O)Nc3c(C)cccc3Cl)s2)cc(N2CCN(CCO)CC2)n1,5.0,5.793657140312079,5.889294894606409
3062316::CAMK2G::6484,CAMK2G,3062316,Cc1nc(Nc2ncc(C(=O)Nc3c(C)cccc3Cl)s2)cc(N2CCN(CCO)CC2)n1,5.0,5.793657140312079,5.349261493422137
3062316::CAMK4::6485,CAMK4,3062316,Cc1nc(Nc2ncc(C(=O)Nc3c(C)cccc3Cl)s2)cc(N2CCN(CCO)CC2)n1,5.0,5.793657140312079,5.305356406254365
3062316::CAMKK1::6486,CAMKK1,3062316,Cc1nc(Nc2ncc(C(=O)Nc3c(C)cccc3Cl)s2)cc(N2CCN(CCO)CC2)n1,5.0,5.793657140312079,5.768730798950633
3062316::CDKL2::6501,CDKL2,3062316,Cc1nc(Nc2ncc(C(=O)Nc3c(C)cccc3Cl)s2)cc(N2CCN(CCO)CC2)n1,5.0,5.793657140312079,5.537779560292399
3062316::CDKL5::6503,CDKL5,3062316,Cc1nc(Nc2ncc(C(=O)Nc3c(C)cccc3Cl)s2)cc(N2CCN(CCO)CC2)n1,5.0,5.793657140312079,5.416312864384669
3062316::CLK1::6507,CLK1,3062316,Cc1nc(Nc2ncc(C(=O)Nc3c(C)cccc3Cl)s2)cc(N2CCN(CCO)CC2)n1,5.0,5.793657140312079,5.474874557353286
3062316::CLK2::6508,CLK2,3062316,Cc1nc(Nc2ncc(C(=O)Nc3c(C)cccc3Cl)s2)cc(N2CCN(CCO)CC2)n1,5.0,5.793657140312079,5.454731103213179
3062316::CSNK1A1L::6514,CSNK1A1L,3062316,Cc1nc(Nc2ncc(C(=O)Nc3c(C)cccc3Cl)s2)cc(N2CCN(CCO)CC2)n1,5.0,5.793657140312079,5.674184492322068
3062316::CSNK1G1::6517,CSNK1G1,3062316,Cc1nc(Nc2ncc(C(=O)Nc3c(C)cccc3Cl)s2)cc(N2CCN(CCO)CC2)n1,5.0,5.793657140312079,5.258177492847629
3062316::CSNK1G3::6519,CSNK1G3,3062316,Cc1nc(Nc2ncc(C(=O)Nc3c(C)cccc3Cl)s2)cc(N2CCN(CCO)CC2)n1,5.0,5.793657140312079,5.144576992238948
3062316::DCAMKL1::6526,DCAMKL1,3062316,Cc1nc(Nc2ncc(C(=O)Nc3c(C)cccc3Cl)s2)cc(N2CCN(CCO)CC2)n1,5.0,5.793657140312079,5.607943675622884
3062316::DCAMKL2::6527,DCAMKL2,3062316,Cc1nc(Nc2ncc(C(=O)Nc3c(C)cccc3Cl)s2)cc(N2CCN(CCO)CC2)n1,5.0,5.793657140312079,5.4455942969749405
3062316::DMPK::6532,DMPK,3062316,Cc1nc(Nc2ncc(C(=O)Nc3c(C)cccc3Cl)s2)cc(N2CCN(CCO)CC2)n1,5.886056647693163,5.793657140312079,5.623406300381259
3062316::DYRK1A::6536,DYRK1A,3062316,Cc1nc(Nc2ncc(C(=O)Nc3c(C)cccc3Cl)s2)cc(N2CCN(CCO)CC2)n1,5.0,5.793657140312079,5.561647504991717
3062316::EPHA6::6546,EPHA6,3062316,Cc1nc(Nc2ncc(C(=O)Nc3c(C)cccc3Cl)s2)cc(N2CCN(CCO)CC2)n1,5.6777807052660805,5.793657140312079,6.834552129823752
3062316::ERBB2::6554,ERBB2,3062316,Cc1nc(Nc2ncc(C(=O)Nc3c(C)cccc3Cl)s2)cc(N2CCN(CCO)CC2)n1,5.853871964321762,5.793657140312079,5.902590838191839
3062316::FGFR3(G697C)::6569,FGFR3(G697C),3062316,Cc1nc(Nc2ncc(C(=O)Nc3c(C)cccc3Cl)s2)cc(N2CCN(CCO)CC2)n1,5.4089353929735005,5.793657140312079,5.98100806551652
3062316::FLT1::6572,FLT1,3062316,Cc1nc(Nc2ncc(C(=O)Nc3c(C)cccc3Cl)s2)cc(N2CCN(CCO)CC2)n1,5.301029995663981,5.793657140312079,5.714848552877204
3062316::FLT4::6574,FLT4,3062316,Cc1nc(Nc2ncc(C(=O)Nc3c(C)cccc3Cl)s2)cc(N2CCN(CCO)CC2)n1,5.0,5.793657140312079,5.475792374547475
3062316::FYN::6576,FYN,3062316,Cc1nc(Nc2ncc(C(=O)Nc3c(C)cccc3Cl)s2)cc(N2CCN(CCO)CC2)n1,9.102372908709558,5.793657140312079,7.111085041544763
3062316::GAK::6577,GAK,3062316,Cc1nc(Nc2ncc(C(=O)Nc3c(C)cccc3Cl)s2)cc(N2CCN(CCO)CC2)n1,8.585026652029182,5.793657140312079,5.47491032064223
3062316::HIPK3::6587,HIPK3,3062316,Cc1nc(Nc2ncc(C(=O)Nc3c(C)cccc3Cl)s2)cc(N2CCN(CCO)CC2)n1,5.0,5.793657140312079,5.880860934644161
3062316::HUNK::6590,HUNK,3062316,Cc1nc(Nc2ncc(C(=O)Nc3c(C)cccc3Cl)s2)cc(N2CCN(CCO)CC2)n1,5.0,5.793657140312079,5.610033215176064
3062316::ICK::6591,ICK,3062316,Cc1nc(Nc2ncc(C(=O)Nc3c(C)cccc3Cl)s2)cc(N2CCN(CCO)CC2)n1,5.0,5.793657140312079,5.255409572402392
3062316::IKK-alpha::6593,IKK-alpha,3062316,Cc1nc(Nc2ncc(C(=O)Nc3c(C)cccc3Cl)s2)cc(N2CCN(CCO)CC2)n1,5.0,5.793657140312079,5.132480639131671
3062316::IKK-epsilon::6595,IKK-epsilon,3062316,Cc1nc(Nc2ncc(C(=O)Nc3c(C)cccc3Cl)s2)cc(N2CCN(CCO)CC2)n1,5.0,5.793657140312079,5.49105801104977
3062316::JAK3(JH1domain-catalytic)::6604,JAK3(JH1domain-catalytic),3062316,Cc1nc(Nc2ncc(C(=O)Nc3c(C)cccc3Cl)s2)cc(N2CCN(CCO)CC2)n1,6.1938200260161125,5.793657140312079,5.798320156127938
3062316::JNK1::6605,JNK1,3062316,Cc1nc(Nc2ncc(C(=O)Nc3c(C)cccc3Cl)s2)cc(N2CCN(CCO)CC2)n1,5.0,5.793657140312079,5.310110694494122
3062316::JNK2::6606,JNK2,3062316,Cc1nc(Nc2ncc(C(=O)Nc3c(C)cccc3Cl)s2)cc(N2CCN(CCO)CC2)n1,5.0,5.793657140312079,5.1983433259581355
3062316::LOK::6615,LOK,3062316,Cc1nc(Nc2ncc(C(=O)Nc3c(C)cccc3Cl)s2)cc(N2CCN(CCO)CC2)n1,5.920818753952375,5.793657140312079,5.778038343911124
3062316::MAK::6620,MAK,3062316,Cc1nc(Nc2ncc(C(=O)Nc3c(C)cccc3Cl)s2)cc(N2CCN(CCO)CC2)n1,5.0,5.793657140312079,5.671832757992785
3062316::MAP3K15::6622,MAP3K15,3062316,Cc1nc(Nc2ncc(C(=O)Nc3c(C)cccc3Cl)s2)cc(N2CCN(CCO)CC2)n1,5.0,5.793657140312079,5.382723639133295
3062316::MAP4K2::6626,MAP4K2,3062316,Cc1nc(Nc2ncc(C(=O)Nc3c(C)cccc3Cl)s2)cc(N2CCN(CCO)CC2)n1,5.886056647693163,5.793657140312079,5.476668169391381
3062316::MAP4K3::6627,MAP4K3,3062316,Cc1nc(Nc2ncc(C(=O)Nc3c(C)cccc3Cl)s2)cc(N2CCN(CCO)CC2)n1,6.1938200260161125,5.793657140312079,5.909949502633979
3062316::MEK1::6637,MEK1,3062316,Cc1nc(Nc2ncc(C(=O)Nc3c(C)cccc3Cl)s2)cc(N2CCN(CCO)CC2)n1,6.0,5.793657140312079,6.010306612596881
3062316::MELK::6643,MELK,3062316,Cc1nc(Nc2ncc(C(=O)Nc3c(C)cccc3Cl)s2)cc(N2CCN(CCO)CC2)n1,5.0,5.793657140312079,5.420022478539083
3062316::MLK1::6651,MLK1,3062316,Cc1nc(Nc2ncc(C(=O)Nc3c(C)cccc3Cl)s2)cc(N2CCN(CCO)CC2)n1,5.0,5.793657140312079,5.681307705385286
3062316::MLK2::6652,MLK2,3062316,Cc1nc(Nc2ncc(C(=O)Nc3c(C)cccc3Cl)s2)cc(N2CCN(CCO)CC2)n1,5.0,5.793657140312079,6.037373748250031
3062316::MLK3::6653,MLK3,3062316,Cc1nc(Nc2ncc(C(=O)Nc3c(C)cccc3Cl)s2)cc(N2CCN(CCO)CC2)n1,5.0,5.793657140312079,6.296267002563471
3062316::MST1::6656,MST1,3062316,Cc1nc(Nc2ncc(C(=O)Nc3c(C)cccc3Cl)s2)cc(N2CCN(CCO)CC2)n1,5.42021640338319,5.793657140312079,5.626616435949876
3062316::MST1R::6657,MST1R,3062316,Cc1nc(Nc2ncc(C(=O)Nc3c(C)cccc3Cl)s2)cc(N2CCN(CCO)CC2)n1,5.0,5.793657140312079,5.606252600246806
3062316::MST2::6658,MST2,3062316,Cc1nc(Nc2ncc(C(=O)Nc3c(C)cccc3Cl)s2)cc(N2CCN(CCO)CC2)n1,5.0,5.793657140312079,5.61410910363762
3062316::MST3::6659,MST3,3062316,Cc1nc(Nc2ncc(C(=O)Nc3c(C)cccc3Cl)s2)cc(N2CCN(CCO)CC2)n1,5.0,5.793657140312079,5.383285480161895
3062316::MYLK::6663,MYLK,3062316,Cc1nc(Nc2ncc(C(=O)Nc3c(C)cccc3Cl)s2)cc(N2CCN(CCO)CC2)n1,5.0,5.793657140312079,5.672555081161273
3062316::MYLK2::6664,MYLK2,3062316,Cc1nc(Nc2ncc(C(=O)Nc3c(C)cccc3Cl)s2)cc(N2CCN(CCO)CC2)n1,5.455931955649724,5.793657140312079,5.7993731865294205
3062316::NEK1::6670,NEK1,3062316,Cc1nc(Nc2ncc(C(=O)Nc3c(C)cccc3Cl)s2)cc(N2CCN(CCO)CC2)n1,5.0,5.793657140312079,5.623487097295636
3062316::p38-alpha::6682,p38-alpha,3062316,Cc1nc(Nc2ncc(C(=O)Nc3c(C)cccc3Cl)s2)cc(N2CCN(CCO)CC2)n1,7.568636235841012,5.793657140312079,5.251493216851787
3062316::PAK4::6689,PAK4,3062316,Cc1nc(Nc2ncc(C(=O)Nc3c(C)cccc3Cl)s2)cc(N2CCN(CCO)CC2)n1,5.0,5.793657140312079,5.7410052011293145
3062316::PFPK5(Pfalciparum)::6699,PFPK5(Pfalciparum),3062316,Cc1nc(Nc2ncc(C(=O)Nc3c(C)cccc3Cl)s2)cc(N2CCN(CCO)CC2)n1,5.0,5.793657140312079,5.357269365617183
3062316::PIK3CA(Q546K)::6706,PIK3CA(Q546K),3062316,Cc1nc(Nc2ncc(C(=O)Nc3c(C)cccc3Cl)s2)cc(N2CCN(CCO)CC2)n1,5.0,5.793657140312079,5.412496213195674
3062316::PIK3CD::6708,PIK3CD,3062316,Cc1nc(Nc2ncc(C(=O)Nc3c(C)cccc3Cl)s2)cc(N2CCN(CCO)CC2)n1,5.0,5.793657140312079,5.685528631582541
3062316::PIM3::6713,PIM3,3062316,Cc1nc(Nc2ncc(C(=O)Nc3c(C)cccc3Cl)s2)cc(N2CCN(CCO)CC2)n1,5.0,5.793657140312079,5.503513041119315
3062316::PRKCE::6729,PRKCE,3062316,Cc1nc(Nc2ncc(C(=O)Nc3c(C)cccc3Cl)s2)cc(N2CCN(CCO)CC2)n1,5.0,5.793657140312079,5.245906307277585
3062316::PYK2::6741,PYK2,3062316,Cc1nc(Nc2ncc(C(=O)Nc3c(C)cccc3Cl)s2)cc(N2CCN(CCO)CC2)n1,5.0,5.793657140312079,6.211916842221903
3062316::RIPK5::6751,RIPK5,3062316,Cc1nc(Nc2ncc(C(=O)Nc3c(C)cccc3Cl)s2)cc(N2CCN(CCO)CC2)n1,5.0,5.793657140312079,5.912348005440692
3062316::RSK2(KinDom.1-N-terminal)::6758,RSK2(KinDom.1-N-terminal),3062316,Cc1nc(Nc2ncc(C(=O)Nc3c(C)cccc3Cl)s2)cc(N2CCN(CCO)CC2)n1,5.0,5.793657140312079,5.34959058062344
3062316::SNARK::6768,SNARK,3062316,Cc1nc(Nc2ncc(C(=O)Nc3c(C)cccc3Cl)s2)cc(N2CCN(CCO)CC2)n1,5.0,5.793657140312079,5.467627296539181
3062316::TBK1::6785,TBK1,3062316,Cc1nc(Nc2ncc(C(=O)Nc3c(C)cccc3Cl)s2)cc(N2CCN(CCO)CC2)n1,5.0,5.793657140312079,5.861080999602609
3062316::TNK1::6795,TNK1,3062316,Cc1nc(Nc2ncc(C(=O)Nc3c(C)cccc3Cl)s2)cc(N2CCN(CCO)CC2)n1,5.0,5.793657140312079,6.005036416823835
3062316::TRKC::6800,TRKC,3062316,Cc1nc(Nc2ncc(C(=O)Nc3c(C)cccc3Cl)s2)cc(N2CCN(CCO)CC2)n1,5.0,5.793657140312079,6.746435384262143
3062316::TRPM6::6801,TRPM6,3062316,Cc1nc(Nc2ncc(C(=O)Nc3c(C)cccc3Cl)s2)cc(N2CCN(CCO)CC2)n1,5.0,5.793657140312079,5.569654167054488
3062316::TSSK1B::6802,TSSK1B,3062316,Cc1nc(Nc2ncc(C(=O)Nc3c(C)cccc3Cl)s2)cc(N2CCN(CCO)CC2)n1,5.0,5.793657140312079,5.820433466763328
3062316::ULK1::6807,ULK1,3062316,Cc1nc(Nc2ncc(C(=O)Nc3c(C)cccc3Cl)s2)cc(N2CCN(CCO)CC2)n1,5.0,5.793657140312079,5.402045813055234
156422::ACVR2A::6827,ACVR2A,156422,Cc1ccc(-n2nc(C(C)(C)C)cc2NC(=O)Nc2ccc(OCCN3CCOCC3)c3ccccc23)cc1,5.0,5.248744290023928,5.392661781882103
156422::AKT1::6832,AKT1,156422,Cc1ccc(-n2nc(C(C)(C)C)cc2NC(=O)Nc2ccc(OCCN3CCOCC3)c3ccccc23)cc1,5.0,5.248744290023928,5.233074066668066
156422::AMPK-alpha1::6836,AMPK-alpha1,156422,Cc1ccc(-n2nc(C(C)(C)C)cc2NC(=O)Nc2ccc(OCCN3CCOCC3)c3ccccc23)cc1,5.0,5.248744290023928,5.143001482915736
156422::ARK5::6839,ARK5,156422,Cc1ccc(-n2nc(C(C)(C)C)cc2NC(=O)Nc2ccc(OCCN3CCOCC3)c3ccccc23)cc1,5.0,5.248744290023928,5.183541223930568
156422::AXL::6845,AXL,156422,Cc1ccc(-n2nc(C(C)(C)C)cc2NC(=O)Nc2ccc(OCCN3CCOCC3)c3ccccc23)cc1,5.0,5.248744290023928,5.38232476629448
156422::BIKE::6846,BIKE,156422,Cc1ccc(-n2nc(C(C)(C)C)cc2NC(=O)Nc2ccc(OCCN3CCOCC3)c3ccccc23)cc1,5.0,5.248744290023928,5.48788153445444
156422::BLK::6847,BLK,156422,Cc1ccc(-n2nc(C(C)(C)C)cc2NC(=O)Nc2ccc(OCCN3CCOCC3)c3ccccc23)cc1,6.167491087293763,5.248744290023928,5.279059388072727
156422::BMPR1A::6848,BMPR1A,156422,Cc1ccc(-n2nc(C(C)(C)C)cc2NC(=O)Nc2ccc(OCCN3CCOCC3)c3ccccc23)cc1,5.0,5.248744290023928,5.181560007128339
156422::BRAF(V600E)::6852,BRAF(V600E),156422,Cc1ccc(-n2nc(C(C)(C)C)cc2NC(=O)Nc2ccc(OCCN3CCOCC3)c3ccccc23)cc1,5.568636235841012,5.248744290023928,5.288201878292658
156422::BRSK1::6854,BRSK1,156422,Cc1ccc(-n2nc(C(C)(C)C)cc2NC(=O)Nc2ccc(OCCN3CCOCC3)c3ccccc23)cc1,5.0,5.248744290023928,5.20992760248085
156422::CAMK1::6857,CAMK1,156422,Cc1ccc(-n2nc(C(C)(C)C)cc2NC(=O)Nc2ccc(OCCN3CCOCC3)c3ccccc23)cc1,5.0,5.248744290023928,5.1047741388916394
156422::CAMK1D::6858,CAMK1D,156422,Cc1ccc(-n2nc(C(C)(C)C)cc2NC(=O)Nc2ccc(OCCN3CCOCC3)c3ccccc23)cc1,5.0,5.248744290023928,5.124407607460414
156422::CAMK1G::6859,CAMK1G,156422,Cc1ccc(-n2nc(C(C)(C)C)cc2NC(=O)Nc2ccc(OCCN3CCOCC3)c3ccccc23)cc1,5.0,5.248744290023928,5.1754770267842245
156422::CAMK2G::6863,CAMK2G,156422,Cc1ccc(-n2nc(C(C)(C)C)cc2NC(=O)Nc2ccc(OCCN3CCOCC3)c3ccccc23)cc1,5.0,5.248744290023928,5.29541214093919
156422::CAMK4::6864,CAMK4,156422,Cc1ccc(-n2nc(C(C)(C)C)cc2NC(=O)Nc2ccc(OCCN3CCOCC3)c3ccccc23)cc1,5.0,5.248744290023928,5.252019466516924
156422::CAMKK1::6865,CAMKK1,156422,Cc1ccc(-n2nc(C(C)(C)C)cc2NC(=O)Nc2ccc(OCCN3CCOCC3)c3ccccc23)cc1,5.0,5.248744290023928,5.23852870858513
156422::CDKL2::6880,CDKL2,156422,Cc1ccc(-n2nc(C(C)(C)C)cc2NC(=O)Nc2ccc(OCCN3CCOCC3)c3ccccc23)cc1,5.0,5.248744290023928,5.249428401256983
156422::CDKL5::6882,CDKL5,156422,Cc1ccc(-n2nc(C(C)(C)C)cc2NC(=O)Nc2ccc(OCCN3CCOCC3)c3ccccc23)cc1,5.0,5.248744290023928,5.10721068546848
156422::CLK1::6886,CLK1,156422,Cc1ccc(-n2nc(C(C)(C)C)cc2NC(=O)Nc2ccc(OCCN3CCOCC3)c3ccccc23)cc1,5.0,5.248744290023928,5.331897312347608
156422::CLK2::6887,CLK2,156422,Cc1ccc(-n2nc(C(C)(C)C)cc2NC(=O)Nc2ccc(OCCN3CCOCC3)c3ccccc23)cc1,5.0,5.248744290023928,5.483948115545629
156422::CSNK1A1L::6893,CSNK1A1L,156422,Cc1ccc(-n2nc(C(C)(C)C)cc2NC(=O)Nc2ccc(OCCN3CCOCC3)c3ccccc23)cc1,5.0,5.248744290023928,5.007191807591268
156422::CSNK1G1::6896,CSNK1G1,156422,Cc1ccc(-n2nc(C(C)(C)C)cc2NC(=O)Nc2ccc(OCCN3CCOCC3)c3ccccc23)cc1,5.0,5.248744290023928,5.050570458629043
156422::CSNK1G3::6898,CSNK1G3,156422,Cc1ccc(-n2nc(C(C)(C)C)cc2NC(=O)Nc2ccc(OCCN3CCOCC3)c3ccccc23)cc1,5.0,5.248744290023928,5.069731356754322
156422::DCAMKL1::6905,DCAMKL1,156422,Cc1ccc(-n2nc(C(C)(C)C)cc2NC(=O)Nc2ccc(OCCN3CCOCC3)c3ccccc23)cc1,5.0,5.248744290023928,5.079499949806139
156422::DCAMKL2::6906,DCAMKL2,156422,Cc1ccc(-n2nc(C(C)(C)C)cc2NC(=O)Nc2ccc(OCCN3CCOCC3)c3ccccc23)cc1,5.0,5.248744290023928,5.102691606609189
156422::DMPK::6911,DMPK,156422,Cc1ccc(-n2nc(C(C)(C)C)cc2NC(=O)Nc2ccc(OCCN3CCOCC3)c3ccccc23)cc1,5.0,5.248744290023928,5.211914403451428
156422::DYRK1A::6915,DYRK1A,156422,Cc1ccc(-n2nc(C(C)(C)C)cc2NC(=O)Nc2ccc(OCCN3CCOCC3)c3ccccc23)cc1,5.0,5.248744290023928,5.1835012655302934
156422::EPHA6::6925,EPHA6,156422,Cc1ccc(-n2nc(C(C)(C)C)cc2NC(=O)Nc2ccc(OCCN3CCOCC3)c3ccccc23)cc1,5.698970004336019,5.248744290023928,5.2545098315166126
156422::ERBB2::6933,ERBB2,156422,Cc1ccc(-n2nc(C(C)(C)C)cc2NC(=O)Nc2ccc(OCCN3CCOCC3)c3ccccc23)cc1,5.0,5.248744290023928,5.400032719329791
156422::FGFR3(G697C)::6948,FGFR3(G697C),156422,Cc1ccc(-n2nc(C(C)(C)C)cc2NC(=O)Nc2ccc(OCCN3CCOCC3)c3ccccc23)cc1,5.0,5.248744290023928,5.200191211719626
156422::FLT1::6951,FLT1,156422,Cc1ccc(-n2nc(C(C)(C)C)cc2NC(=O)Nc2ccc(OCCN3CCOCC3)c3ccccc23)cc1,6.3872161432802645,5.248744290023928,5.6399734861705815
156422::FLT4::6953,FLT4,156422,Cc1ccc(-n2nc(C(C)(C)C)cc2NC(=O)Nc2ccc(OCCN3CCOCC3)c3ccccc23)cc1,5.1487416512809245,5.248744290023928,5.4155160817190096
156422::FYN::6955,FYN,156422,Cc1ccc(-n2nc(C(C)(C)C)cc2NC(=O)Nc2ccc(OCCN3CCOCC3)c3ccccc23)cc1,5.0,5.248744290023928,5.224281260497409
156422::GAK::6956,GAK,156422,Cc1ccc(-n2nc(C(C)(C)C)cc2NC(=O)Nc2ccc(OCCN3CCOCC3)c3ccccc23)cc1,5.0,5.248744290023928,5.161322803225538
156422::HIPK3::6966,HIPK3,156422,Cc1ccc(-n2nc(C(C)(C)C)cc2NC(=O)Nc2ccc(OCCN3CCOCC3)c3ccccc23)cc1,5.0,5.248744290023928,5.180746744488795
156422::HUNK::6969,HUNK,156422,Cc1ccc(-n2nc(C(C)(C)C)cc2NC(=O)Nc2ccc(OCCN3CCOCC3)c3ccccc23)cc1,5.0,5.248744290023928,5.156899648212105
156422::ICK::6970,ICK,156422,Cc1ccc(-n2nc(C(C)(C)C)cc2NC(=O)Nc2ccc(OCCN3CCOCC3)c3ccccc23)cc1,5.0,5.248744290023928,5.017486211865161
156422::IKK-alpha::6972,IKK-alpha,156422,Cc1ccc(-n2nc(C(C)(C)C)cc2NC(=O)Nc2ccc(OCCN3CCOCC3)c3ccccc23)cc1,5.0,5.248744290023928,5.178938786874063
156422::IKK-epsilon::6974,IKK-epsilon,156422,Cc1ccc(-n2nc(C(C)(C)C)cc2NC(=O)Nc2ccc(OCCN3CCOCC3)c3ccccc23)cc1,5.0,5.248744290023928,5.185595350288827
156422::JAK3(JH1domain-catalytic)::6983,JAK3(JH1domain-catalytic),156422,Cc1ccc(-n2nc(C(C)(C)C)cc2NC(=O)Nc2ccc(OCCN3CCOCC3)c3ccccc23)cc1,5.0,5.248744290023928,5.1441300773415435
156422::JNK1::6984,JNK1,156422,Cc1ccc(-n2nc(C(C)(C)C)cc2NC(=O)Nc2ccc(OCCN3CCOCC3)c3ccccc23)cc1,5.040958607678906,5.248744290023928,5.230739671915743
156422::JNK2::6985,JNK2,156422,Cc1ccc(-n2nc(C(C)(C)C)cc2NC(=O)Nc2ccc(OCCN3CCOCC3)c3ccccc23)cc1,8.136677139879545,5.248744290023928,5.314103618025687
156422::LOK::6994,LOK,156422,Cc1ccc(-n2nc(C(C)(C)C)cc2NC(=O)Nc2ccc(OCCN3CCOCC3)c3ccccc23)cc1,7.920818753952375,5.248744290023928,5.387105674499626
156422::MAK::6999,MAK,156422,Cc1ccc(-n2nc(C(C)(C)C)cc2NC(=O)Nc2ccc(OCCN3CCOCC3)c3ccccc23)cc1,5.0,5.248744290023928,5.415698353245932
156422::MAP3K15::7001,MAP3K15,156422,Cc1ccc(-n2nc(C(C)(C)C)cc2NC(=O)Nc2ccc(OCCN3CCOCC3)c3ccccc23)cc1,5.0,5.248744290023928,5.202506986656512
156422::MAP4K2::7005,MAP4K2,156422,Cc1ccc(-n2nc(C(C)(C)C)cc2NC(=O)Nc2ccc(OCCN3CCOCC3)c3ccccc23)cc1,5.0,5.248744290023928,5.30736392818359
156422::MAP4K3::7006,MAP4K3,156422,Cc1ccc(-n2nc(C(C)(C)C)cc2NC(=O)Nc2ccc(OCCN3CCOCC3)c3ccccc23)cc1,5.0,5.248744290023928,5.3455255583936925
156422::MEK1::7016,MEK1,156422,Cc1ccc(-n2nc(C(C)(C)C)cc2NC(=O)Nc2ccc(OCCN3CCOCC3)c3ccccc23)cc1,5.0,5.248744290023928,5.301809125324282
156422::MELK::7022,MELK,156422,Cc1ccc(-n2nc(C(C)(C)C)cc2NC(=O)Nc2ccc(OCCN3CCOCC3)c3ccccc23)cc1,5.0,5.248744290023928,5.181967794966113
156422::MLK1::7030,MLK1,156422,Cc1ccc(-n2nc(C(C)(C)C)cc2NC(=O)Nc2ccc(OCCN3CCOCC3)c3ccccc23)cc1,5.0,5.248744290023928,5.369281627177351
156422::MLK2::7031,MLK2,156422,Cc1ccc(-n2nc(C(C)(C)C)cc2NC(=O)Nc2ccc(OCCN3CCOCC3)c3ccccc23)cc1,5.0,5.248744290023928,5.2495774074871875
156422::MLK3::7032,MLK3,156422,Cc1ccc(-n2nc(C(C)(C)C)cc2NC(=O)Nc2ccc(OCCN3CCOCC3)c3ccccc23)cc1,5.0,5.248744290023928,5.289819265017375
156422::MST1::7035,MST1,156422,Cc1ccc(-n2nc(C(C)(C)C)cc2NC(=O)Nc2ccc(OCCN3CCOCC3)c3ccccc23)cc1,5.0,5.248744290023928,5.443027839565277
156422::MST1R::7036,MST1R,156422,Cc1ccc(-n2nc(C(C)(C)C)cc2NC(=O)Nc2ccc(OCCN3CCOCC3)c3ccccc23)cc1,5.0,5.248744290023928,5.345664974480104
156422::MST2::7037,MST2,156422,Cc1ccc(-n2nc(C(C)(C)C)cc2NC(=O)Nc2ccc(OCCN3CCOCC3)c3ccccc23)cc1,5.0,5.248744290023928,5.241805500602327
156422::MST3::7038,MST3,156422,Cc1ccc(-n2nc(C(C)(C)C)cc2NC(=O)Nc2ccc(OCCN3CCOCC3)c3ccccc23)cc1,5.0,5.248744290023928,5.354585766023684
156422::MYLK::7042,MYLK,156422,Cc1ccc(-n2nc(C(C)(C)C)cc2NC(=O)Nc2ccc(OCCN3CCOCC3)c3ccccc23)cc1,5.0,5.248744290023928,5.2407977725947035
156422::MYLK2::7043,MYLK2,156422,Cc1ccc(-n2nc(C(C)(C)C)cc2NC(=O)Nc2ccc(OCCN3CCOCC3)c3ccccc23)cc1,5.0,5.248744290023928,5.223372142271592
156422::NEK1::7049,NEK1,156422,Cc1ccc(-n2nc(C(C)(C)C)cc2NC(=O)Nc2ccc(OCCN3CCOCC3)c3ccccc23)cc1,5.0,5.248744290023928,5.167268418268513
156422::p38-alpha::7061,p38-alpha,156422,Cc1ccc(-n2nc(C(C)(C)C)cc2NC(=O)Nc2ccc(OCCN3CCOCC3)c3ccccc23)cc1,9.346787486224656,5.248744290023928,5.305222856186125
156422::PAK4::7068,PAK4,156422,Cc1ccc(-n2nc(C(C)(C)C)cc2NC(=O)Nc2ccc(OCCN3CCOCC3)c3ccccc23)cc1,5.0,5.248744290023928,5.454640459914974
156422::PFPK5(Pfalciparum)::7078,PFPK5(Pfalciparum),156422,Cc1ccc(-n2nc(C(C)(C)C)cc2NC(=O)Nc2ccc(OCCN3CCOCC3)c3ccccc23)cc1,5.0,5.248744290023928,5.003969813851851
156422::PIK3CA(Q546K)::7085,PIK3CA(Q546K),156422,Cc1ccc(-n2nc(C(C)(C)C)cc2NC(=O)Nc2ccc(OCCN3CCOCC3)c3ccccc23)cc1,5.0,5.248744290023928,5.0287327445676455
156422::PIK3CD::7087,PIK3CD,156422,Cc1ccc(-n2nc(C(C)(C)C)cc2NC(=O)Nc2ccc(OCCN3CCOCC3)c3ccccc23)cc1,5.0,5.248744290023928,5.262678378556673
156422::PIM3::7092,PIM3,156422,Cc1ccc(-n2nc(C(C)(C)C)cc2NC(=O)Nc2ccc(OCCN3CCOCC3)c3ccccc23)cc1,5.0,5.248744290023928,5.126721206486765
156422::PRKCE::7108,PRKCE,156422,Cc1ccc(-n2nc(C(C)(C)C)cc2NC(=O)Nc2ccc(OCCN3CCOCC3)c3ccccc23)cc1,5.0,5.248744290023928,5.233368743103683
156422::PYK2::7120,PYK2,156422,Cc1ccc(-n2nc(C(C)(C)C)cc2NC(=O)Nc2ccc(OCCN3CCOCC3)c3ccccc23)cc1,6.004364805402449,5.248744290023928,5.371429012162077
156422::RIPK5::7130,RIPK5,156422,Cc1ccc(-n2nc(C(C)(C)C)cc2NC(=O)Nc2ccc(OCCN3CCOCC3)c3ccccc23)cc1,5.0,5.248744290023928,5.118927741407697
156422::RSK2(KinDom.1-N-terminal)::7137,RSK2(KinDom.1-N-terminal),156422,Cc1ccc(-n2nc(C(C)(C)C)cc2NC(=O)Nc2ccc(OCCN3CCOCC3)c3ccccc23)cc1,5.0,5.248744290023928,5.289898889828335
156422::SNARK::7147,SNARK,156422,Cc1ccc(-n2nc(C(C)(C)C)cc2NC(=O)Nc2ccc(OCCN3CCOCC3)c3ccccc23)cc1,5.0,5.248744290023928,5.151299426254117
156422::TBK1::7164,TBK1,156422,Cc1ccc(-n2nc(C(C)(C)C)cc2NC(=O)Nc2ccc(OCCN3CCOCC3)c3ccccc23)cc1,5.0,5.248744290023928,5.201298821728713
156422::TNK1::7174,TNK1,156422,Cc1ccc(-n2nc(C(C)(C)C)cc2NC(=O)Nc2ccc(OCCN3CCOCC3)c3ccccc23)cc1,5.0,5.248744290023928,5.379336538436062
156422::TRKC::7179,TRKC,156422,Cc1ccc(-n2nc(C(C)(C)C)cc2NC(=O)Nc2ccc(OCCN3CCOCC3)c3ccccc23)cc1,6.721246399047171,5.248744290023928,5.583844215106527
156422::TRPM6::7180,TRPM6,156422,Cc1ccc(-n2nc(C(C)(C)C)cc2NC(=O)Nc2ccc(OCCN3CCOCC3)c3ccccc23)cc1,5.0,5.248744290023928,5.325493587727054
156422::TSSK1B::7181,TSSK1B,156422,Cc1ccc(-n2nc(C(C)(C)C)cc2NC(=O)Nc2ccc(OCCN3CCOCC3)c3ccccc23)cc1,5.0,5.248744290023928,5.086716548804128
156422::ULK1::7186,ULK1,156422,Cc1ccc(-n2nc(C(C)(C)C)cc2NC(=O)Nc2ccc(OCCN3CCOCC3)c3ccccc23)cc1,5.0,5.248744290023928,5.254959976966086
44150621::ACVR2A::7206,ACVR2A,44150621,CC(O)C(=O)O.CN1CCN(c2ccc3c(c2)NC(=C2C(=O)N=c4cccc(F)c4=C2N)N3)CC1.O,5.0,5.537143121313735,5.756263907363999
44150621::AKT1::7211,AKT1,44150621,CC(O)C(=O)O.CN1CCN(c2ccc3c(c2)NC(=C2C(=O)N=c4cccc(F)c4=C2N)N3)CC1.O,5.0,5.537143121313735,5.388958407267456
44150621::AMPK-alpha1::7215,AMPK-alpha1,44150621,CC(O)C(=O)O.CN1CCN(c2ccc3c(c2)NC(=C2C(=O)N=c4cccc(F)c4=C2N)N3)CC1.O,6.2839966563652006,5.537143121313735,5.374318697354483
44150621::ARK5::7218,ARK5,44150621,CC(O)C(=O)O.CN1CCN(c2ccc3c(c2)NC(=C2C(=O)N=c4cccc(F)c4=C2N)N3)CC1.O,6.619788758288394,5.537143121313735,5.548664737230204
44150621::AXL::7224,AXL,44150621,CC(O)C(=O)O.CN1CCN(c2ccc3c(c2)NC(=C2C(=O)N=c4cccc(F)c4=C2N)N3)CC1.O,5.42021640338319,5.537143121313735,5.624952855468516
44150621::BIKE::7225,BIKE,44150621,CC(O)C(=O)O.CN1CCN(c2ccc3c(c2)NC(=C2C(=O)N=c4cccc(F)c4=C2N)N3)CC1.O,7.267606240177031,5.537143121313735,5.983327331098101
44150621::BLK::7226,BLK,44150621,CC(O)C(=O)O.CN1CCN(c2ccc3c(c2)NC(=C2C(=O)N=c4cccc(F)c4=C2N)N3)CC1.O,6.721246399047171,5.537143121313735,5.5042755899372215
44150621::BMPR1A::7227,BMPR1A,44150621,CC(O)C(=O)O.CN1CCN(c2ccc3c(c2)NC(=C2C(=O)N=c4cccc(F)c4=C2N)N3)CC1.O,5.0,5.537143121313735,5.27097161117205
44150621::BRAF(V600E)::7231,BRAF(V600E),44150621,CC(O)C(=O)O.CN1CCN(c2ccc3c(c2)NC(=C2C(=O)N=c4cccc(F)c4=C2N)N3)CC1.O,5.0,5.537143121313735,5.598450608829916
44150621::BRSK1::7233,BRSK1,44150621,CC(O)C(=O)O.CN1CCN(c2ccc3c(c2)NC(=C2C(=O)N=c4cccc(F)c4=C2N)N3)CC1.O,5.0,5.537143121313735,5.60720088656658
44150621::CAMK1::7236,CAMK1,44150621,CC(O)C(=O)O.CN1CCN(c2ccc3c(c2)NC(=C2C(=O)N=c4cccc(F)c4=C2N)N3)CC1.O,5.0,5.537143121313735,5.464060960571945
44150621::CAMK1D::7237,CAMK1D,44150621,CC(O)C(=O)O.CN1CCN(c2ccc3c(c2)NC(=C2C(=O)N=c4cccc(F)c4=C2N)N3)CC1.O,5.0,5.537143121313735,5.4787714632036995
44150621::CAMK1G::7238,CAMK1G,44150621,CC(O)C(=O)O.CN1CCN(c2ccc3c(c2)NC(=C2C(=O)N=c4cccc(F)c4=C2N)N3)CC1.O,5.0,5.537143121313735,5.473338427910516
44150621::CAMK2G::7242,CAMK2G,44150621,CC(O)C(=O)O.CN1CCN(c2ccc3c(c2)NC(=C2C(=O)N=c4cccc(F)c4=C2N)N3)CC1.O,5.0,5.537143121313735,5.509697631188957
44150621::CAMK4::7243,CAMK4,44150621,CC(O)C(=O)O.CN1CCN(c2ccc3c(c2)NC(=C2C(=O)N=c4cccc(F)c4=C2N)N3)CC1.O,5.0,5.537143121313735,5.6598859224602345
44150621::CAMKK1::7244,CAMKK1,44150621,CC(O)C(=O)O.CN1CCN(c2ccc3c(c2)NC(=C2C(=O)N=c4cccc(F)c4=C2N)N3)CC1.O,5.508638306165727,5.537143121313735,5.3695044229511515
44150621::CDKL2::7259,CDKL2,44150621,CC(O)C(=O)O.CN1CCN(c2ccc3c(c2)NC(=C2C(=O)N=c4cccc(F)c4=C2N)N3)CC1.O,6.7447274948966935,5.537143121313735,5.315023362580531
44150621::CDKL5::7261,CDKL5,44150621,CC(O)C(=O)O.CN1CCN(c2ccc3c(c2)NC(=C2C(=O)N=c4cccc(F)c4=C2N)N3)CC1.O,5.0,5.537143121313735,5.288265728085994
44150621::CLK1::7265,CLK1,44150621,CC(O)C(=O)O.CN1CCN(c2ccc3c(c2)NC(=C2C(=O)N=c4cccc(F)c4=C2N)N3)CC1.O,5.167491087293763,5.537143121313735,5.55879271322798
44150621::CLK2::7266,CLK2,44150621,CC(O)C(=O)O.CN1CCN(c2ccc3c(c2)NC(=C2C(=O)N=c4cccc(F)c4=C2N)N3)CC1.O,5.769551078621726,5.537143121313735,5.581043898843141
44150621::CSNK1A1L::7272,CSNK1A1L,44150621,CC(O)C(=O)O.CN1CCN(c2ccc3c(c2)NC(=C2C(=O)N=c4cccc(F)c4=C2N)N3)CC1.O,5.0,5.537143121313735,5.387559121318402
44150621::CSNK1G1::7275,CSNK1G1,44150621,CC(O)C(=O)O.CN1CCN(c2ccc3c(c2)NC(=C2C(=O)N=c4cccc(F)c4=C2N)N3)CC1.O,5.0,5.537143121313735,5.481244753724987
44150621::CSNK1G3::7277,CSNK1G3,44150621,CC(O)C(=O)O.CN1CCN(c2ccc3c(c2)NC(=C2C(=O)N=c4cccc(F)c4=C2N)N3)CC1.O,5.0,5.537143121313735,5.397668331604696
44150621::DCAMKL1::7284,DCAMKL1,44150621,CC(O)C(=O)O.CN1CCN(c2ccc3c(c2)NC(=C2C(=O)N=c4cccc(F)c4=C2N)N3)CC1.O,5.0,5.537143121313735,5.612427924565337
44150621::DCAMKL2::7285,DCAMKL2,44150621,CC(O)C(=O)O.CN1CCN(c2ccc3c(c2)NC(=C2C(=O)N=c4cccc(F)c4=C2N)N3)CC1.O,5.0,5.537143121313735,5.460088012145137
44150621::DMPK::7290,DMPK,44150621,CC(O)C(=O)O.CN1CCN(c2ccc3c(c2)NC(=C2C(=O)N=c4cccc(F)c4=C2N)N3)CC1.O,5.0,5.537143121313735,5.597053990460269
44150621::DYRK1A::7294,DYRK1A,44150621,CC(O)C(=O)O.CN1CCN(c2ccc3c(c2)NC(=C2C(=O)N=c4cccc(F)c4=C2N)N3)CC1.O,5.0,5.537143121313735,5.609711047452981
44150621::EPHA6::7304,EPHA6,44150621,CC(O)C(=O)O.CN1CCN(c2ccc3c(c2)NC(=C2C(=O)N=c4cccc(F)c4=C2N)N3)CC1.O,5.0,5.537143121313735,5.514286933154426
44150621::ERBB2::7312,ERBB2,44150621,CC(O)C(=O)O.CN1CCN(c2ccc3c(c2)NC(=C2C(=O)N=c4cccc(F)c4=C2N)N3)CC1.O,5.0,5.537143121313735,5.613237446409965
44150621::FGFR3(G697C)::7327,FGFR3(G697C),44150621,CC(O)C(=O)O.CN1CCN(c2ccc3c(c2)NC(=C2C(=O)N=c4cccc(F)c4=C2N)N3)CC1.O,6.638272163982407,5.537143121313735,5.541889043397221
44150621::FLT1::7330,FLT1,44150621,CC(O)C(=O)O.CN1CCN(c2ccc3c(c2)NC(=C2C(=O)N=c4cccc(F)c4=C2N)N3)CC1.O,7.161150909262744,5.537143121313735,5.884377582421023
44150621::FLT4::7332,FLT4,44150621,CC(O)C(=O)O.CN1CCN(c2ccc3c(c2)NC(=C2C(=O)N=c4cccc(F)c4=C2N)N3)CC1.O,6.236572006437063,5.537143121313735,5.759519885655737
44150621::FYN::7334,FYN,44150621,CC(O)C(=O)O.CN1CCN(c2ccc3c(c2)NC(=C2C(=O)N=c4cccc(F)c4=C2N)N3)CC1.O,6.356547323513812,5.537143121313735,5.723288617702665
44150621::GAK::7335,GAK,44150621,CC(O)C(=O)O.CN1CCN(c2ccc3c(c2)NC(=C2C(=O)N=c4cccc(F)c4=C2N)N3)CC1.O,6.309803919971486,5.537143121313735,5.612032791080844
44150621::HIPK3::7345,HIPK3,44150621,CC(O)C(=O)O.CN1CCN(c2ccc3c(c2)NC(=C2C(=O)N=c4cccc(F)c4=C2N)N3)CC1.O,5.292429823902063,5.537143121313735,5.806261530271052
44150621::HUNK::7348,HUNK,44150621,CC(O)C(=O)O.CN1CCN(c2ccc3c(c2)NC(=C2C(=O)N=c4cccc(F)c4=C2N)N3)CC1.O,6.3872161432802645,5.537143121313735,5.600805270431583
44150621::ICK::7349,ICK,44150621,CC(O)C(=O)O.CN1CCN(c2ccc3c(c2)NC(=C2C(=O)N=c4cccc(F)c4=C2N)N3)CC1.O,5.0,5.537143121313735,5.438703920109677
44150621::IKK-alpha::7351,IKK-alpha,44150621,CC(O)C(=O)O.CN1CCN(c2ccc3c(c2)NC(=C2C(=O)N=c4cccc(F)c4=C2N)N3)CC1.O,5.7447274948966935,5.537143121313735,5.334470207947205
44150621::IKK-epsilon::7353,IKK-epsilon,44150621,CC(O)C(=O)O.CN1CCN(c2ccc3c(c2)NC(=C2C(=O)N=c4cccc(F)c4=C2N)N3)CC1.O,6.318758762624412,5.537143121313735,5.356709372153209
44150621::JAK3(JH1domain-catalytic)::7362,JAK3(JH1domain-catalytic),44150621,CC(O)C(=O)O.CN1CCN(c2ccc3c(c2)NC(=C2C(=O)N=c4cccc(F)c4=C2N)N3)CC1.O,6.3872161432802645,5.537143121313735,5.705623654976826
44150621::JNK1::7363,JNK1,44150621,CC(O)C(=O)O.CN1CCN(c2ccc3c(c2)NC(=C2C(=O)N=c4cccc(F)c4=C2N)N3)CC1.O,5.0,5.537143121313735,5.338742675505765
44150621::JNK2::7364,JNK2,44150621,CC(O)C(=O)O.CN1CCN(c2ccc3c(c2)NC(=C2C(=O)N=c4cccc(F)c4=C2N)N3)CC1.O,5.0,5.537143121313735,5.443995612181544
44150621::LOK::7373,LOK,44150621,CC(O)C(=O)O.CN1CCN(c2ccc3c(c2)NC(=C2C(=O)N=c4cccc(F)c4=C2N)N3)CC1.O,6.259637310505756,5.537143121313735,5.837939927599421
44150621::MAK::7378,MAK,44150621,CC(O)C(=O)O.CN1CCN(c2ccc3c(c2)NC(=C2C(=O)N=c4cccc(F)c4=C2N)N3)CC1.O,5.0,5.537143121313735,5.733243546253591
44150621::MAP3K15::7380,MAP3K15,44150621,CC(O)C(=O)O.CN1CCN(c2ccc3c(c2)NC(=C2C(=O)N=c4cccc(F)c4=C2N)N3)CC1.O,5.0,5.537143121313735,5.485742242242174
44150621::MAP4K2::7384,MAP4K2,44150621,CC(O)C(=O)O.CN1CCN(c2ccc3c(c2)NC(=C2C(=O)N=c4cccc(F)c4=C2N)N3)CC1.O,5.721246399047171,5.537143121313735,5.496934160441749
44150621::MAP4K3::7385,MAP4K3,44150621,CC(O)C(=O)O.CN1CCN(c2ccc3c(c2)NC(=C2C(=O)N=c4cccc(F)c4=C2N)N3)CC1.O,6.251811972993799,5.537143121313735,5.725446858450661
44150621::MEK1::7395,MEK1,44150621,CC(O)C(=O)O.CN1CCN(c2ccc3c(c2)NC(=C2C(=O)N=c4cccc(F)c4=C2N)N3)CC1.O,6.2839966563652006,5.537143121313735,5.537940599707042
44150621::MELK::7401,MELK,44150621,CC(O)C(=O)O.CN1CCN(c2ccc3c(c2)NC(=C2C(=O)N=c4cccc(F)c4=C2N)N3)CC1.O,5.795880017344075,5.537143121313735,5.374760790479292
44150621::MLK1::7409,MLK1,44150621,CC(O)C(=O)O.CN1CCN(c2ccc3c(c2)NC(=C2C(=O)N=c4cccc(F)c4=C2N)N3)CC1.O,5.004364805402449,5.537143121313735,5.711840307650495
44150621::MLK2::7410,MLK2,44150621,CC(O)C(=O)O.CN1CCN(c2ccc3c(c2)NC(=C2C(=O)N=c4cccc(F)c4=C2N)N3)CC1.O,5.0,5.537143121313735,5.351123668730204
44150621::MLK3::7411,MLK3,44150621,CC(O)C(=O)O.CN1CCN(c2ccc3c(c2)NC(=C2C(=O)N=c4cccc(F)c4=C2N)N3)CC1.O,5.657577319177793,5.537143121313735,5.691895484106943
44150621::MST1::7414,MST1,44150621,CC(O)C(=O)O.CN1CCN(c2ccc3c(c2)NC(=C2C(=O)N=c4cccc(F)c4=C2N)N3)CC1.O,6.698970004336019,5.537143121313735,5.527592516104121
44150621::MST1R::7415,MST1R,44150621,CC(O)C(=O)O.CN1CCN(c2ccc3c(c2)NC(=C2C(=O)N=c4cccc(F)c4=C2N)N3)CC1.O,5.0,5.537143121313735,5.660736796723175
44150621::MST2::7416,MST2,44150621,CC(O)C(=O)O.CN1CCN(c2ccc3c(c2)NC(=C2C(=O)N=c4cccc(F)c4=C2N)N3)CC1.O,6.318758762624412,5.537143121313735,5.5292441627023585
44150621::MST3::7417,MST3,44150621,CC(O)C(=O)O.CN1CCN(c2ccc3c(c2)NC(=C2C(=O)N=c4cccc(F)c4=C2N)N3)CC1.O,6.366531544420413,5.537143121313735,5.516805588375084
44150621::MYLK::7421,MYLK,44150621,CC(O)C(=O)O.CN1CCN(c2ccc3c(c2)NC(=C2C(=O)N=c4cccc(F)c4=C2N)N3)CC1.O,5.455931955649724,5.537143121313735,5.530141894701824
44150621::MYLK2::7422,MYLK2,44150621,CC(O)C(=O)O.CN1CCN(c2ccc3c(c2)NC(=C2C(=O)N=c4cccc(F)c4=C2N)N3)CC1.O,7.036212172654444,5.537143121313735,5.651216993940691
44150621::NEK1::7428,NEK1,44150621,CC(O)C(=O)O.CN1CCN(c2ccc3c(c2)NC(=C2C(=O)N=c4cccc(F)c4=C2N)N3)CC1.O,5.0,5.537143121313735,5.549581418802239
44150621::p38-alpha::7440,p38-alpha,44150621,CC(O)C(=O)O.CN1CCN(c2ccc3c(c2)NC(=C2C(=O)N=c4cccc(F)c4=C2N)N3)CC1.O,5.0,5.537143121313735,5.418889109657275
44150621::PAK4::7447,PAK4,44150621,CC(O)C(=O)O.CN1CCN(c2ccc3c(c2)NC(=C2C(=O)N=c4cccc(F)c4=C2N)N3)CC1.O,5.0,5.537143121313735,5.717637766019049
44150621::PFPK5(Pfalciparum)::7457,PFPK5(Pfalciparum),44150621,CC(O)C(=O)O.CN1CCN(c2ccc3c(c2)NC(=C2C(=O)N=c4cccc(F)c4=C2N)N3)CC1.O,5.0,5.537143121313735,5.396868148830623
44150621::PIK3CA(Q546K)::7464,PIK3CA(Q546K),44150621,CC(O)C(=O)O.CN1CCN(c2ccc3c(c2)NC(=C2C(=O)N=c4cccc(F)c4=C2N)N3)CC1.O,5.0,5.537143121313735,5.451087137803478
44150621::PIK3CD::7466,PIK3CD,44150621,CC(O)C(=O)O.CN1CCN(c2ccc3c(c2)NC(=C2C(=O)N=c4cccc(F)c4=C2N)N3)CC1.O,5.0,5.537143121313735,5.740221117686047
44150621::PIM3::7471,PIM3,44150621,CC(O)C(=O)O.CN1CCN(c2ccc3c(c2)NC(=C2C(=O)N=c4cccc(F)c4=C2N)N3)CC1.O,5.0,5.537143121313735,5.523270749304058
44150621::PRKCE::7487,PRKCE,44150621,CC(O)C(=O)O.CN1CCN(c2ccc3c(c2)NC(=C2C(=O)N=c4cccc(F)c4=C2N)N3)CC1.O,5.0,5.537143121313735,5.490267948395697
44150621::PYK2::7499,PYK2,44150621,CC(O)C(=O)O.CN1CCN(c2ccc3c(c2)NC(=C2C(=O)N=c4cccc(F)c4=C2N)N3)CC1.O,5.0,5.537143121313735,5.715135702227831
44150621::RIPK5::7509,RIPK5,44150621,CC(O)C(=O)O.CN1CCN(c2ccc3c(c2)NC(=C2C(=O)N=c4cccc(F)c4=C2N)N3)CC1.O,5.0,5.537143121313735,5.3408206094575394
44150621::RSK2(KinDom.1-N-terminal)::7516,RSK2(KinDom.1-N-terminal),44150621,CC(O)C(=O)O.CN1CCN(c2ccc3c(c2)NC(=C2C(=O)N=c4cccc(F)c4=C2N)N3)CC1.O,5.251811972993799,5.537143121313735,5.55387533131374
44150621::SNARK::7526,SNARK,44150621,CC(O)C(=O)O.CN1CCN(c2ccc3c(c2)NC(=C2C(=O)N=c4cccc(F)c4=C2N)N3)CC1.O,6.886056647693163,5.537143121313735,5.510247022021408
44150621::TBK1::7543,TBK1,44150621,CC(O)C(=O)O.CN1CCN(c2ccc3c(c2)NC(=C2C(=O)N=c4cccc(F)c4=C2N)N3)CC1.O,6.886056647693163,5.537143121313735,5.560673922217394
44150621::TNK1::7553,TNK1,44150621,CC(O)C(=O)O.CN1CCN(c2ccc3c(c2)NC(=C2C(=O)N=c4cccc(F)c4=C2N)N3)CC1.O,5.0,5.537143121313735,5.598522621522919
44150621::TRKC::7558,TRKC,44150621,CC(O)C(=O)O.CN1CCN(c2ccc3c(c2)NC(=C2C(=O)N=c4cccc(F)c4=C2N)N3)CC1.O,6.721246399047171,5.537143121313735,5.884790759533099
44150621::TRPM6::7559,TRPM6,44150621,CC(O)C(=O)O.CN1CCN(c2ccc3c(c2)NC(=C2C(=O)N=c4cccc(F)c4=C2N)N3)CC1.O,5.0,5.537143121313735,5.586923992338427
44150621::TSSK1B::7560,TSSK1B,44150621,CC(O)C(=O)O.CN1CCN(c2ccc3c(c2)NC(=C2C(=O)N=c4cccc(F)c4=C2N)N3)CC1.O,5.0,5.537143121313735,5.412947987661129
44150621::ULK1::7565,ULK1,44150621,CC(O)C(=O)O.CN1CCN(c2ccc3c(c2)NC(=C2C(=O)N=c4cccc(F)c4=C2N)N3)CC1.O,7.259637310505756,5.537143121313735,5.588441193810406
176167::ACVR2A::7585,ACVR2A,176167,Cn1cc(C2=C(c3cn(C4CCN(Cc5ccccn5)CC4)c4ccccc34)C(=O)NC2=O)c2ccccc21,5.0,5.188454819164393,5.343388468054638
176167::AKT1::7590,AKT1,176167,Cn1cc(C2=C(c3cn(C4CCN(Cc5ccccn5)CC4)c4ccccc34)C(=O)NC2=O)c2ccccc21,5.0,5.188454819164393,5.4817439703965825
176167::AMPK-alpha1::7594,AMPK-alpha1,176167,Cn1cc(C2=C(c3cn(C4CCN(Cc5ccccn5)CC4)c4ccccc34)C(=O)NC2=O)c2ccccc21,5.0,5.188454819164393,5.225493032396182
176167::ARK5::7597,ARK5,176167,Cn1cc(C2=C(c3cn(C4CCN(Cc5ccccn5)CC4)c4ccccc34)C(=O)NC2=O)c2ccccc21,5.0,5.188454819164393,5.187867856233236
176167::AXL::7603,AXL,176167,Cn1cc(C2=C(c3cn(C4CCN(Cc5ccccn5)CC4)c4ccccc34)C(=O)NC2=O)c2ccccc21,5.481486060122112,5.188454819164393,5.228164073713403
176167::BIKE::7604,BIKE,176167,Cn1cc(C2=C(c3cn(C4CCN(Cc5ccccn5)CC4)c4ccccc34)C(=O)NC2=O)c2ccccc21,5.537602002101044,5.188454819164393,5.45108123505619
176167::BLK::7605,BLK,176167,Cn1cc(C2=C(c3cn(C4CCN(Cc5ccccn5)CC4)c4ccccc34)C(=O)NC2=O)c2ccccc21,5.0,5.188454819164393,5.25552365647111
176167::BMPR1A::7606,BMPR1A,176167,Cn1cc(C2=C(c3cn(C4CCN(Cc5ccccn5)CC4)c4ccccc34)C(=O)NC2=O)c2ccccc21,5.0,5.188454819164393,5.046339336714599
176167::BRAF(V600E)::7610,BRAF(V600E),176167,Cn1cc(C2=C(c3cn(C4CCN(Cc5ccccn5)CC4)c4ccccc34)C(=O)NC2=O)c2ccccc21,5.0,5.188454819164393,5.228182446537757
176167::BRSK1::7612,BRSK1,176167,Cn1cc(C2=C(c3cn(C4CCN(Cc5ccccn5)CC4)c4ccccc34)C(=O)NC2=O)c2ccccc21,5.0,5.188454819164393,5.2035042752503955
176167::CAMK1::7615,CAMK1,176167,Cn1cc(C2=C(c3cn(C4CCN(Cc5ccccn5)CC4)c4ccccc34)C(=O)NC2=O)c2ccccc21,5.0,5.188454819164393,5.15520321318149
176167::CAMK1D::7616,CAMK1D,176167,Cn1cc(C2=C(c3cn(C4CCN(Cc5ccccn5)CC4)c4ccccc34)C(=O)NC2=O)c2ccccc21,5.0,5.188454819164393,5.145163593193246
176167::CAMK1G::7617,CAMK1G,176167,Cn1cc(C2=C(c3cn(C4CCN(Cc5ccccn5)CC4)c4ccccc34)C(=O)NC2=O)c2ccccc21,5.0,5.188454819164393,5.044064087067407
176167::CAMK2G::7621,CAMK2G,176167,Cn1cc(C2=C(c3cn(C4CCN(Cc5ccccn5)CC4)c4ccccc34)C(=O)NC2=O)c2ccccc21,5.0,5.188454819164393,5.159872682388796
176167::CAMK4::7622,CAMK4,176167,Cn1cc(C2=C(c3cn(C4CCN(Cc5ccccn5)CC4)c4ccccc34)C(=O)NC2=O)c2ccccc21,5.0,5.188454819164393,5.322850643656332
176167::CAMKK1::7623,CAMKK1,176167,Cn1cc(C2=C(c3cn(C4CCN(Cc5ccccn5)CC4)c4ccccc34)C(=O)NC2=O)c2ccccc21,5.0,5.188454819164393,5.19298814786458
176167::CDKL2::7638,CDKL2,176167,Cn1cc(C2=C(c3cn(C4CCN(Cc5ccccn5)CC4)c4ccccc34)C(=O)NC2=O)c2ccccc21,5.468521082957745,5.188454819164393,5.121054037780662
176167::CDKL5::7640,CDKL5,176167,Cn1cc(C2=C(c3cn(C4CCN(Cc5ccccn5)CC4)c4ccccc34)C(=O)NC2=O)c2ccccc21,5.0,5.188454819164393,5.0449031414327425
176167::CLK1::7644,CLK1,176167,Cn1cc(C2=C(c3cn(C4CCN(Cc5ccccn5)CC4)c4ccccc34)C(=O)NC2=O)c2ccccc21,6.292429823902063,5.188454819164393,5.236354034298587
176167::CLK2::7645,CLK2,176167,Cn1cc(C2=C(c3cn(C4CCN(Cc5ccccn5)CC4)c4ccccc34)C(=O)NC2=O)c2ccccc21,6.366531544420413,5.188454819164393,5.383731021948837
176167::CSNK1A1L::7651,CSNK1A1L,176167,Cn1cc(C2=C(c3cn(C4CCN(Cc5ccccn5)CC4)c4ccccc34)C(=O)NC2=O)c2ccccc21,5.0,5.188454819164393,5.1094760733313835
176167::CSNK1G1::7654,CSNK1G1,176167,Cn1cc(C2=C(c3cn(C4CCN(Cc5ccccn5)CC4)c4ccccc34)C(=O)NC2=O)c2ccccc21,5.0,5.188454819164393,5.11747914259872
176167::CSNK1G3::7656,CSNK1G3,176167,Cn1cc(C2=C(c3cn(C4CCN(Cc5ccccn5)CC4)c4ccccc34)C(=O)NC2=O)c2ccccc21,5.0,5.188454819164393,5.175478587083727
176167::DCAMKL1::7663,DCAMKL1,176167,Cn1cc(C2=C(c3cn(C4CCN(Cc5ccccn5)CC4)c4ccccc34)C(=O)NC2=O)c2ccccc21,5.0,5.188454819164393,5.155689670093422
176167::DCAMKL2::7664,DCAMKL2,176167,Cn1cc(C2=C(c3cn(C4CCN(Cc5ccccn5)CC4)c4ccccc34)C(=O)NC2=O)c2ccccc21,5.0,5.188454819164393,5.117510092411852
176167::DMPK::7669,DMPK,176167,Cn1cc(C2=C(c3cn(C4CCN(Cc5ccccn5)CC4)c4ccccc34)C(=O)NC2=O)c2ccccc21,5.657577319177793,5.188454819164393,5.125147626002828
176167::DYRK1A::7673,DYRK1A,176167,Cn1cc(C2=C(c3cn(C4CCN(Cc5ccccn5)CC4)c4ccccc34)C(=O)NC2=O)c2ccccc21,6.795880017344075,5.188454819164393,5.341529580448794
176167::EPHA6::7683,EPHA6,176167,Cn1cc(C2=C(c3cn(C4CCN(Cc5ccccn5)CC4)c4ccccc34)C(=O)NC2=O)c2ccccc21,5.0,5.188454819164393,5.072928266770046
176167::ERBB2::7691,ERBB2,176167,Cn1cc(C2=C(c3cn(C4CCN(Cc5ccccn5)CC4)c4ccccc34)C(=O)NC2=O)c2ccccc21,5.0,5.188454819164393,5.134876036031113
176167::FGFR3(G697C)::7706,FGFR3(G697C),176167,Cn1cc(C2=C(c3cn(C4CCN(Cc5ccccn5)CC4)c4ccccc34)C(=O)NC2=O)c2ccccc21,5.0,5.188454819164393,5.057641940374638
176167::FLT1::7709,FLT1,176167,Cn1cc(C2=C(c3cn(C4CCN(Cc5ccccn5)CC4)c4ccccc34)C(=O)NC2=O)c2ccccc21,5.0,5.188454819164393,5.478952559990243
176167::FLT4::7711,FLT4,176167,Cn1cc(C2=C(c3cn(C4CCN(Cc5ccccn5)CC4)c4ccccc34)C(=O)NC2=O)c2ccccc21,5.42021640338319,5.188454819164393,5.199232849315411
176167::FYN::7713,FYN,176167,Cn1cc(C2=C(c3cn(C4CCN(Cc5ccccn5)CC4)c4ccccc34)C(=O)NC2=O)c2ccccc21,5.0,5.188454819164393,5.1455742224389995
176167::GAK::7714,GAK,176167,Cn1cc(C2=C(c3cn(C4CCN(Cc5ccccn5)CC4)c4ccccc34)C(=O)NC2=O)c2ccccc21,5.0,5.188454819164393,5.173253036238587
176167::HIPK3::7724,HIPK3,176167,Cn1cc(C2=C(c3cn(C4CCN(Cc5ccccn5)CC4)c4ccccc34)C(=O)NC2=O)c2ccccc21,5.0,5.188454819164393,5.219255162822472
176167::HUNK::7727,HUNK,176167,Cn1cc(C2=C(c3cn(C4CCN(Cc5ccccn5)CC4)c4ccccc34)C(=O)NC2=O)c2ccccc21,5.0,5.188454819164393,5.209356746532667
176167::ICK::7728,ICK,176167,Cn1cc(C2=C(c3cn(C4CCN(Cc5ccccn5)CC4)c4ccccc34)C(=O)NC2=O)c2ccccc21,6.167491087293763,5.188454819164393,5.083594992411677
176167::IKK-alpha::7730,IKK-alpha,176167,Cn1cc(C2=C(c3cn(C4CCN(Cc5ccccn5)CC4)c4ccccc34)C(=O)NC2=O)c2ccccc21,5.0,5.188454819164393,5.084912034476622
176167::IKK-epsilon::7732,IKK-epsilon,176167,Cn1cc(C2=C(c3cn(C4CCN(Cc5ccccn5)CC4)c4ccccc34)C(=O)NC2=O)c2ccccc21,5.0,5.188454819164393,5.0101803576694905
176167::JAK3(JH1domain-catalytic)::7741,JAK3(JH1domain-catalytic),176167,Cn1cc(C2=C(c3cn(C4CCN(Cc5ccccn5)CC4)c4ccccc34)C(=O)NC2=O)c2ccccc21,5.769551078621726,5.188454819164393,5.139571565286369
176167::JNK1::7742,JNK1,176167,Cn1cc(C2=C(c3cn(C4CCN(Cc5ccccn5)CC4)c4ccccc34)C(=O)NC2=O)c2ccccc21,5.0,5.188454819164393,5.2515381450266485
176167::JNK2::7743,JNK2,176167,Cn1cc(C2=C(c3cn(C4CCN(Cc5ccccn5)CC4)c4ccccc34)C(=O)NC2=O)c2ccccc21,5.0,5.188454819164393,5.271645595226487
176167::LOK::7752,LOK,176167,Cn1cc(C2=C(c3cn(C4CCN(Cc5ccccn5)CC4)c4ccccc34)C(=O)NC2=O)c2ccccc21,5.0,5.188454819164393,5.272829396050139
176167::MAK::7757,MAK,176167,Cn1cc(C2=C(c3cn(C4CCN(Cc5ccccn5)CC4)c4ccccc34)C(=O)NC2=O)c2ccccc21,5.0,5.188454819164393,5.550738214871063
176167::MAP3K15::7759,MAP3K15,176167,Cn1cc(C2=C(c3cn(C4CCN(Cc5ccccn5)CC4)c4ccccc34)C(=O)NC2=O)c2ccccc21,5.0,5.188454819164393,5.175211518306115
176167::MAP4K2::7763,MAP4K2,176167,Cn1cc(C2=C(c3cn(C4CCN(Cc5ccccn5)CC4)c4ccccc34)C(=O)NC2=O)c2ccccc21,5.0,5.188454819164393,5.1980178133304955
176167::MAP4K3::7764,MAP4K3,176167,Cn1cc(C2=C(c3cn(C4CCN(Cc5ccccn5)CC4)c4ccccc34)C(=O)NC2=O)c2ccccc21,5.0,5.188454819164393,5.365361933612903
176167::MEK1::7774,MEK1,176167,Cn1cc(C2=C(c3cn(C4CCN(Cc5ccccn5)CC4)c4ccccc34)C(=O)NC2=O)c2ccccc21,5.0,5.188454819164393,5.28521309661246
176167::MELK::7780,MELK,176167,Cn1cc(C2=C(c3cn(C4CCN(Cc5ccccn5)CC4)c4ccccc34)C(=O)NC2=O)c2ccccc21,5.251811972993799,5.188454819164393,5.321543482658672
176167::MLK1::7788,MLK1,176167,Cn1cc(C2=C(c3cn(C4CCN(Cc5ccccn5)CC4)c4ccccc34)C(=O)NC2=O)c2ccccc21,5.0,5.188454819164393,5.259998782244767
176167::MLK2::7789,MLK2,176167,Cn1cc(C2=C(c3cn(C4CCN(Cc5ccccn5)CC4)c4ccccc34)C(=O)NC2=O)c2ccccc21,5.0,5.188454819164393,5.130025859479777
176167::MLK3::7790,MLK3,176167,Cn1cc(C2=C(c3cn(C4CCN(Cc5ccccn5)CC4)c4ccccc34)C(=O)NC2=O)c2ccccc21,5.0,5.188454819164393,5.2772929510136635
176167::MST1::7793,MST1,176167,Cn1cc(C2=C(c3cn(C4CCN(Cc5ccccn5)CC4)c4ccccc34)C(=O)NC2=O)c2ccccc21,5.0,5.188454819164393,5.214019102304616
176167::MST1R::7794,MST1R,176167,Cn1cc(C2=C(c3cn(C4CCN(Cc5ccccn5)CC4)c4ccccc34)C(=O)NC2=O)c2ccccc21,5.0,5.188454819164393,5.216595305755194
176167::MST2::7795,MST2,176167,Cn1cc(C2=C(c3cn(C4CCN(Cc5ccccn5)CC4)c4ccccc34)C(=O)NC2=O)c2ccccc21,5.721246399047171,5.188454819164393,5.157587244931881
176167::MST3::7796,MST3,176167,Cn1cc(C2=C(c3cn(C4CCN(Cc5ccccn5)CC4)c4ccccc34)C(=O)NC2=O)c2ccccc21,5.0,5.188454819164393,5.27199346593132
176167::MYLK::7800,MYLK,176167,Cn1cc(C2=C(c3cn(C4CCN(Cc5ccccn5)CC4)c4ccccc34)C(=O)NC2=O)c2ccccc21,5.0,5.188454819164393,5.117192284679568
176167::MYLK2::7801,MYLK2,176167,Cn1cc(C2=C(c3cn(C4CCN(Cc5ccccn5)CC4)c4ccccc34)C(=O)NC2=O)c2ccccc21,5.0,5.188454819164393,5.248702815560665
176167::NEK1::7807,NEK1,176167,Cn1cc(C2=C(c3cn(C4CCN(Cc5ccccn5)CC4)c4ccccc34)C(=O)NC2=O)c2ccccc21,5.0,5.188454819164393,5.316152887061921
176167::p38-alpha::7819,p38-alpha,176167,Cn1cc(C2=C(c3cn(C4CCN(Cc5ccccn5)CC4)c4ccccc34)C(=O)NC2=O)c2ccccc21,5.0,5.188454819164393,5.142279652814851
176167::PAK4::7826,PAK4,176167,Cn1cc(C2=C(c3cn(C4CCN(Cc5ccccn5)CC4)c4ccccc34)C(=O)NC2=O)c2ccccc21,5.0,5.188454819164393,5.21605078878218
176167::PFPK5(Pfalciparum)::7836,PFPK5(Pfalciparum),176167,Cn1cc(C2=C(c3cn(C4CCN(Cc5ccccn5)CC4)c4ccccc34)C(=O)NC2=O)c2ccccc21,5.0,5.188454819164393,5.096032688884068
176167::PIK3CA(Q546K)::7843,PIK3CA(Q546K),176167,Cn1cc(C2=C(c3cn(C4CCN(Cc5ccccn5)CC4)c4ccccc34)C(=O)NC2=O)c2ccccc21,5.0,5.188454819164393,5.1458429006380975
176167::PIK3CD::7845,PIK3CD,176167,Cn1cc(C2=C(c3cn(C4CCN(Cc5ccccn5)CC4)c4ccccc34)C(=O)NC2=O)c2ccccc21,5.0,5.188454819164393,5.10863335856939
176167::PIM3::7850,PIM3,176167,Cn1cc(C2=C(c3cn(C4CCN(Cc5ccccn5)CC4)c4ccccc34)C(=O)NC2=O)c2ccccc21,5.958607314841775,5.188454819164393,5.260864466603667
176167::PRKCE::7866,PRKCE,176167,Cn1cc(C2=C(c3cn(C4CCN(Cc5ccccn5)CC4)c4ccccc34)C(=O)NC2=O)c2ccccc21,8.050609993355087,5.188454819164393,5.273452998360983
176167::PYK2::7878,PYK2,176167,Cn1cc(C2=C(c3cn(C4CCN(Cc5ccccn5)CC4)c4ccccc34)C(=O)NC2=O)c2ccccc21,5.0,5.188454819164393,5.304931929628333
176167::RIPK5::7888,RIPK5,176167,Cn1cc(C2=C(c3cn(C4CCN(Cc5ccccn5)CC4)c4ccccc34)C(=O)NC2=O)c2ccccc21,5.0,5.188454819164393,5.141415448998456
176167::RSK2(KinDom.1-N-terminal)::7895,RSK2(KinDom.1-N-terminal),176167,Cn1cc(C2=C(c3cn(C4CCN(Cc5ccccn5)CC4)c4ccccc34)C(=O)NC2=O)c2ccccc21,7.060480747381382,5.188454819164393,5.353426832445719
176167::SNARK::7905,SNARK,176167,Cn1cc(C2=C(c3cn(C4CCN(Cc5ccccn5)CC4)c4ccccc34)C(=O)NC2=O)c2ccccc21,5.3872161432802645,5.188454819164393,5.177984891001122
176167::TBK1::7922,TBK1,176167,Cn1cc(C2=C(c3cn(C4CCN(Cc5ccccn5)CC4)c4ccccc34)C(=O)NC2=O)c2ccccc21,5.0,5.188454819164393,5.23914637851762
176167::TNK1::7932,TNK1,176167,Cn1cc(C2=C(c3cn(C4CCN(Cc5ccccn5)CC4)c4ccccc34)C(=O)NC2=O)c2ccccc21,5.468521082957745,5.188454819164393,5.244929174180208
176167::TRKC::7937,TRKC,176167,Cn1cc(C2=C(c3cn(C4CCN(Cc5ccccn5)CC4)c4ccccc34)C(=O)NC2=O)c2ccccc21,5.0,5.188454819164393,5.284345462383822
176167::TRPM6::7938,TRPM6,176167,Cn1cc(C2=C(c3cn(C4CCN(Cc5ccccn5)CC4)c4ccccc34)C(=O)NC2=O)c2ccccc21,5.0,5.188454819164393,5.13812487432072
176167::TSSK1B::7939,TSSK1B,176167,Cn1cc(C2=C(c3cn(C4CCN(Cc5ccccn5)CC4)c4ccccc34)C(=O)NC2=O)c2ccccc21,5.0,5.188454819164393,5.1728117857355285
176167::ULK1::7944,ULK1,176167,Cn1cc(C2=C(c3cn(C4CCN(Cc5ccccn5)CC4)c4ccccc34)C(=O)NC2=O)c2ccccc21,5.0,5.188454819164393,5.2654091084928885
176870::ACVR2A::7964,ACVR2A,176870,C#Cc1cccc(Nc2ncnc3cc(OCCOC)c(OCCOC)cc23)c1,5.0,5.250051167969864,5.433965640864426
176870::AKT1::7969,AKT1,176870,C#Cc1cccc(Nc2ncnc3cc(OCCOC)c(OCCOC)cc23)c1,5.0,5.250051167969864,4.986586376103992
176870::AMPK-alpha1::7973,AMPK-alpha1,176870,C#Cc1cccc(Nc2ncnc3cc(OCCOC)c(OCCOC)cc23)c1,5.0,5.250051167969864,5.060422517117819
176870::ARK5::7976,ARK5,176870,C#Cc1cccc(Nc2ncnc3cc(OCCOC)c(OCCOC)cc23)c1,5.0,5.250051167969864,5.211346913965642
176870::AXL::7982,AXL,176870,C#Cc1cccc(Nc2ncnc3cc(OCCOC)c(OCCOC)cc23)c1,5.3979400086720375,5.250051167969864,5.394619698879911
176870::BIKE::7983,BIKE,176870,C#Cc1cccc(Nc2ncnc3cc(OCCOC)c(OCCOC)cc23)c1,5.920818753952375,5.250051167969864,5.446237261726344
176870::BLK::7984,BLK,176870,C#Cc1cccc(Nc2ncnc3cc(OCCOC)c(OCCOC)cc23)c1,6.721246399047171,5.250051167969864,5.322748451926242
176870::BMPR1A::7985,BMPR1A,176870,C#Cc1cccc(Nc2ncnc3cc(OCCOC)c(OCCOC)cc23)c1,5.0,5.250051167969864,5.2013039972707364
176870::BRAF(V600E)::7989,BRAF(V600E),176870,C#Cc1cccc(Nc2ncnc3cc(OCCOC)c(OCCOC)cc23)c1,5.0,5.250051167969864,5.146893701499105
176870::BRSK1::7991,BRSK1,176870,C#Cc1cccc(Nc2ncnc3cc(OCCOC)c(OCCOC)cc23)c1,5.0,5.250051167969864,5.121448362951667
176870::CAMK1::7994,CAMK1,176870,C#Cc1cccc(Nc2ncnc3cc(OCCOC)c(OCCOC)cc23)c1,5.0,5.250051167969864,5.178203912590515
176870::CAMK1D::7995,CAMK1D,176870,C#Cc1cccc(Nc2ncnc3cc(OCCOC)c(OCCOC)cc23)c1,5.0,5.250051167969864,5.195076670073295
176870::CAMK1G::7996,CAMK1G,176870,C#Cc1cccc(Nc2ncnc3cc(OCCOC)c(OCCOC)cc23)c1,5.0,5.250051167969864,5.259585198121503
176870::CAMK2G::8000,CAMK2G,176870,C#Cc1cccc(Nc2ncnc3cc(OCCOC)c(OCCOC)cc23)c1,5.0,5.250051167969864,5.0879379436944445
176870::CAMK4::8001,CAMK4,176870,C#Cc1cccc(Nc2ncnc3cc(OCCOC)c(OCCOC)cc23)c1,5.0,5.250051167969864,5.085168465029404
176870::CAMKK1::8002,CAMKK1,176870,C#Cc1cccc(Nc2ncnc3cc(OCCOC)c(OCCOC)cc23)c1,5.0,5.250051167969864,5.2594176500700796
176870::CDKL2::8017,CDKL2,176870,C#Cc1cccc(Nc2ncnc3cc(OCCOC)c(OCCOC)cc23)c1,5.0,5.250051167969864,5.134376262814256
176870::CDKL5::8019,CDKL5,176870,C#Cc1cccc(Nc2ncnc3cc(OCCOC)c(OCCOC)cc23)c1,5.0,5.250051167969864,5.023043089509219
176870::CLK1::8023,CLK1,176870,C#Cc1cccc(Nc2ncnc3cc(OCCOC)c(OCCOC)cc23)c1,5.0,5.250051167969864,5.234348605609493
176870::CLK2::8024,CLK2,176870,C#Cc1cccc(Nc2ncnc3cc(OCCOC)c(OCCOC)cc23)c1,5.0,5.250051167969864,5.545067134325352
176870::CSNK1A1L::8030,CSNK1A1L,176870,C#Cc1cccc(Nc2ncnc3cc(OCCOC)c(OCCOC)cc23)c1,5.0,5.250051167969864,4.922536859846105
176870::CSNK1G1::8033,CSNK1G1,176870,C#Cc1cccc(Nc2ncnc3cc(OCCOC)c(OCCOC)cc23)c1,5.0,5.250051167969864,5.230306778178871
176870::CSNK1G3::8035,CSNK1G3,176870,C#Cc1cccc(Nc2ncnc3cc(OCCOC)c(OCCOC)cc23)c1,5.0,5.250051167969864,5.107697183881625
176870::DCAMKL1::8042,DCAMKL1,176870,C#Cc1cccc(Nc2ncnc3cc(OCCOC)c(OCCOC)cc23)c1,5.0,5.250051167969864,5.080714722428549
176870::DCAMKL2::8043,DCAMKL2,176870,C#Cc1cccc(Nc2ncnc3cc(OCCOC)c(OCCOC)cc23)c1,5.0,5.250051167969864,5.1014509186518
176870::DMPK::8048,DMPK,176870,C#Cc1cccc(Nc2ncnc3cc(OCCOC)c(OCCOC)cc23)c1,5.537602002101044,5.250051167969864,5.298945899820578
176870::DYRK1A::8052,DYRK1A,176870,C#Cc1cccc(Nc2ncnc3cc(OCCOC)c(OCCOC)cc23)c1,5.0,5.250051167969864,5.208991957915544
176870::EPHA6::8062,EPHA6,176870,C#Cc1cccc(Nc2ncnc3cc(OCCOC)c(OCCOC)cc23)c1,6.356547323513812,5.250051167969864,5.899987120285616
176870::ERBB2::8070,ERBB2,176870,C#Cc1cccc(Nc2ncnc3cc(OCCOC)c(OCCOC)cc23)c1,5.537602002101044,5.250051167969864,5.718683607410305
176870::FGFR3(G697C)::8085,FGFR3(G697C),176870,C#Cc1cccc(Nc2ncnc3cc(OCCOC)c(OCCOC)cc23)c1,5.0,5.250051167969864,5.309304429017565
176870::FLT1::8088,FLT1,176870,C#Cc1cccc(Nc2ncnc3cc(OCCOC)c(OCCOC)cc23)c1,5.356547323513812,5.250051167969864,5.241102469977109
176870::FLT4::8090,FLT4,176870,C#Cc1cccc(Nc2ncnc3cc(OCCOC)c(OCCOC)cc23)c1,5.6777807052660805,5.250051167969864,5.182585920541708
176870::FYN::8092,FYN,176870,C#Cc1cccc(Nc2ncnc3cc(OCCOC)c(OCCOC)cc23)c1,5.0,5.250051167969864,5.451014476892088
176870::GAK::8093,GAK,176870,C#Cc1cccc(Nc2ncnc3cc(OCCOC)c(OCCOC)cc23)c1,8.508638306165727,5.250051167969864,5.119228071104807
176870::HIPK3::8103,HIPK3,176870,C#Cc1cccc(Nc2ncnc3cc(OCCOC)c(OCCOC)cc23)c1,5.0,5.250051167969864,5.211531336416282
176870::HUNK::8106,HUNK,176870,C#Cc1cccc(Nc2ncnc3cc(OCCOC)c(OCCOC)cc23)c1,5.0,5.250051167969864,5.170987182516863
176870::ICK::8107,ICK,176870,C#Cc1cccc(Nc2ncnc3cc(OCCOC)c(OCCOC)cc23)c1,5.0,5.250051167969864,5.0906815300835415
176870::IKK-alpha::8109,IKK-alpha,176870,C#Cc1cccc(Nc2ncnc3cc(OCCOC)c(OCCOC)cc23)c1,5.0,5.250051167969864,5.1624627593760755
176870::IKK-epsilon::8111,IKK-epsilon,176870,C#Cc1cccc(Nc2ncnc3cc(OCCOC)c(OCCOC)cc23)c1,5.0,5.250051167969864,5.086542314340558
176870::JAK3(JH1domain-catalytic)::8120,JAK3(JH1domain-catalytic),176870,C#Cc1cccc(Nc2ncnc3cc(OCCOC)c(OCCOC)cc23)c1,6.154901959985743,5.250051167969864,5.208526174886696
176870::JNK1::8121,JNK1,176870,C#Cc1cccc(Nc2ncnc3cc(OCCOC)c(OCCOC)cc23)c1,5.0,5.250051167969864,5.113737276780503
176870::JNK2::8122,JNK2,176870,C#Cc1cccc(Nc2ncnc3cc(OCCOC)c(OCCOC)cc23)c1,5.698970004336019,5.250051167969864,5.0907680688896155
176870::LOK::8131,LOK,176870,C#Cc1cccc(Nc2ncnc3cc(OCCOC)c(OCCOC)cc23)c1,7.721246399047171,5.250051167969864,5.353162895482122
176870::MAK::8136,MAK,176870,C#Cc1cccc(Nc2ncnc3cc(OCCOC)c(OCCOC)cc23)c1,5.0,5.250051167969864,5.306543479206725
176870::MAP3K15::8138,MAP3K15,176870,C#Cc1cccc(Nc2ncnc3cc(OCCOC)c(OCCOC)cc23)c1,5.0,5.250051167969864,5.097171931246041
176870::MAP4K2::8142,MAP4K2,176870,C#Cc1cccc(Nc2ncnc3cc(OCCOC)c(OCCOC)cc23)c1,5.0,5.250051167969864,5.191094551057095
176870::MAP4K3::8143,MAP4K3,176870,C#Cc1cccc(Nc2ncnc3cc(OCCOC)c(OCCOC)cc23)c1,5.0,5.250051167969864,5.211592530969537
176870::MEK1::8153,MEK1,176870,C#Cc1cccc(Nc2ncnc3cc(OCCOC)c(OCCOC)cc23)c1,5.0,5.250051167969864,5.326147503221148
176870::MELK::8159,MELK,176870,C#Cc1cccc(Nc2ncnc3cc(OCCOC)c(OCCOC)cc23)c1,5.0,5.250051167969864,5.062111507318524
176870::MLK1::8167,MLK1,176870,C#Cc1cccc(Nc2ncnc3cc(OCCOC)c(OCCOC)cc23)c1,5.0,5.250051167969864,5.312639071107793
176870::MLK2::8168,MLK2,176870,C#Cc1cccc(Nc2ncnc3cc(OCCOC)c(OCCOC)cc23)c1,5.0,5.250051167969864,5.2046935994157835
176870::MLK3::8169,MLK3,176870,C#Cc1cccc(Nc2ncnc3cc(OCCOC)c(OCCOC)cc23)c1,5.0,5.250051167969864,5.459013830589074
176870::MST1::8172,MST1,176870,C#Cc1cccc(Nc2ncnc3cc(OCCOC)c(OCCOC)cc23)c1,5.0,5.250051167969864,5.18624473179555
176870::MST1R::8173,MST1R,176870,C#Cc1cccc(Nc2ncnc3cc(OCCOC)c(OCCOC)cc23)c1,5.0,5.250051167969864,5.36816979629153
176870::MST2::8174,MST2,176870,C#Cc1cccc(Nc2ncnc3cc(OCCOC)c(OCCOC)cc23)c1,5.0,5.250051167969864,5.180967624264338
176870::MST3::8175,MST3,176870,C#Cc1cccc(Nc2ncnc3cc(OCCOC)c(OCCOC)cc23)c1,5.0,5.250051167969864,5.086639669949538
176870::MYLK::8179,MYLK,176870,C#Cc1cccc(Nc2ncnc3cc(OCCOC)c(OCCOC)cc23)c1,5.0,5.250051167969864,5.202765000817042
176870::MYLK2::8180,MYLK2,176870,C#Cc1cccc(Nc2ncnc3cc(OCCOC)c(OCCOC)cc23)c1,6.013228265733755,5.250051167969864,5.170081366323541
176870::NEK1::8186,NEK1,176870,C#Cc1cccc(Nc2ncnc3cc(OCCOC)c(OCCOC)cc23)c1,5.0,5.250051167969864,5.096408903814123
176870::p38-alpha::8198,p38-alpha,176870,C#Cc1cccc(Nc2ncnc3cc(OCCOC)c(OCCOC)cc23)c1,5.0,5.250051167969864,5.037230126450917
176870::PAK4::8205,PAK4,176870,C#Cc1cccc(Nc2ncnc3cc(OCCOC)c(OCCOC)cc23)c1,5.0,5.250051167969864,5.500819142605331
176870::PFPK5(Pfalciparum)::8215,PFPK5(Pfalciparum),176870,C#Cc1cccc(Nc2ncnc3cc(OCCOC)c(OCCOC)cc23)c1,5.0,5.250051167969864,5.02248493727103
176870::PIK3CA(Q546K)::8222,PIK3CA(Q546K),176870,C#Cc1cccc(Nc2ncnc3cc(OCCOC)c(OCCOC)cc23)c1,5.0,5.250051167969864,4.934196165781725
176870::PIK3CD::8224,PIK3CD,176870,C#Cc1cccc(Nc2ncnc3cc(OCCOC)c(OCCOC)cc23)c1,5.0,5.250051167969864,5.126024022826942
176870::PIM3::8229,PIM3,176870,C#Cc1cccc(Nc2ncnc3cc(OCCOC)c(OCCOC)cc23)c1,5.0,5.250051167969864,5.097244021706401
176870::PRKCE::8245,PRKCE,176870,C#Cc1cccc(Nc2ncnc3cc(OCCOC)c(OCCOC)cc23)c1,5.0,5.250051167969864,5.096330816158935
176870::PYK2::8257,PYK2,176870,C#Cc1cccc(Nc2ncnc3cc(OCCOC)c(OCCOC)cc23)c1,5.0,5.250051167969864,5.325255840847383
176870::RIPK5::8267,RIPK5,176870,C#Cc1cccc(Nc2ncnc3cc(OCCOC)c(OCCOC)cc23)c1,5.0,5.250051167969864,5.0994920063032385
176870::RSK2(KinDom.1-N-terminal)::8274,RSK2(KinDom.1-N-terminal),176870,C#Cc1cccc(Nc2ncnc3cc(OCCOC)c(OCCOC)cc23)c1,5.0,5.250051167969864,5.114148999690343
176870::SNARK::8284,SNARK,176870,C#Cc1cccc(Nc2ncnc3cc(OCCOC)c(OCCOC)cc23)c1,5.0,5.250051167969864,5.202439525544384
176870::TBK1::8301,TBK1,176870,C#Cc1cccc(Nc2ncnc3cc(OCCOC)c(OCCOC)cc23)c1,5.508638306165727,5.250051167969864,5.169782834447843
176870::TNK1::8311,TNK1,176870,C#Cc1cccc(Nc2ncnc3cc(OCCOC)c(OCCOC)cc23)c1,6.200659450546418,5.250051167969864,5.3247842037068045
176870::TRKC::8316,TRKC,176870,C#Cc1cccc(Nc2ncnc3cc(OCCOC)c(OCCOC)cc23)c1,5.0,5.250051167969864,5.589528049929761
176870::TRPM6::8317,TRPM6,176870,C#Cc1cccc(Nc2ncnc3cc(OCCOC)c(OCCOC)cc23)c1,5.0,5.250051167969864,5.126836893056303
176870::TSSK1B::8318,TSSK1B,176870,C#Cc1cccc(Nc2ncnc3cc(OCCOC)c(OCCOC)cc23)c1,5.0,5.250051167969864,5.0420944431971355
176870::ULK1::8323,ULK1,176870,C#Cc1cccc(Nc2ncnc3cc(OCCOC)c(OCCOC)cc23)c1,5.0,5.250051167969864,5.363208878830997
42642645::ACVR2A::8343,ACVR2A,42642645,COc1cc2c(Oc3ccc(NC(=O)C4(C(=O)Nc5ccc(F)cc5)CC4)cc3F)ccnc2cc1OCCCN1CCOCC1,5.0,6.007624311446597,6.549419424487736
42642645::AKT1::8348,AKT1,42642645,COc1cc2c(Oc3ccc(NC(=O)C4(C(=O)Nc5ccc(F)cc5)CC4)cc3F)ccnc2cc1OCCCN1CCOCC1,5.0,6.007624311446597,5.504749207040067
42642645::AMPK-alpha1::8352,AMPK-alpha1,42642645,COc1cc2c(Oc3ccc(NC(=O)C4(C(=O)Nc5ccc(F)cc5)CC4)cc3F)ccnc2cc1OCCCN1CCOCC1,6.136677139879544,6.007624311446597,5.382972373175458
42642645::ARK5::8355,ARK5,42642645,COc1cc2c(Oc3ccc(NC(=O)C4(C(=O)Nc5ccc(F)cc5)CC4)cc3F)ccnc2cc1OCCCN1CCOCC1,5.0,6.007624311446597,5.696411404289823
42642645::AXL::8361,AXL,42642645,COc1cc2c(Oc3ccc(NC(=O)C4(C(=O)Nc5ccc(F)cc5)CC4)cc3F)ccnc2cc1OCCCN1CCOCC1,10.031517051446064,6.007624311446597,7.091852460172239
42642645::BIKE::8362,BIKE,42642645,COc1cc2c(Oc3ccc(NC(=O)C4(C(=O)Nc5ccc(F)cc5)CC4)cc3F)ccnc2cc1OCCCN1CCOCC1,5.0,6.007624311446597,6.073470858077885
42642645::BLK::8363,BLK,42642645,COc1cc2c(Oc3ccc(NC(=O)C4(C(=O)Nc5ccc(F)cc5)CC4)cc3F)ccnc2cc1OCCCN1CCOCC1,8.267606240177031,6.007624311446597,6.123999162655241
42642645::BMPR1A::8364,BMPR1A,42642645,COc1cc2c(Oc3ccc(NC(=O)C4(C(=O)Nc5ccc(F)cc5)CC4)cc3F)ccnc2cc1OCCCN1CCOCC1,5.0,6.007624311446597,5.809862160403472
42642645::BRAF(V600E)::8368,BRAF(V600E),42642645,COc1cc2c(Oc3ccc(NC(=O)C4(C(=O)Nc5ccc(F)cc5)CC4)cc3F)ccnc2cc1OCCCN1CCOCC1,5.638272163982407,6.007624311446597,5.641504633546864
42642645::BRSK1::8370,BRSK1,42642645,COc1cc2c(Oc3ccc(NC(=O)C4(C(=O)Nc5ccc(F)cc5)CC4)cc3F)ccnc2cc1OCCCN1CCOCC1,5.0,6.007624311446597,5.393105064252921
42642645::CAMK1::8373,CAMK1,42642645,COc1cc2c(Oc3ccc(NC(=O)C4(C(=O)Nc5ccc(F)cc5)CC4)cc3F)ccnc2cc1OCCCN1CCOCC1,5.229147988357855,6.007624311446597,6.010361324176177
42642645::CAMK1D::8374,CAMK1D,42642645,COc1cc2c(Oc3ccc(NC(=O)C4(C(=O)Nc5ccc(F)cc5)CC4)cc3F)ccnc2cc1OCCCN1CCOCC1,5.275724130399211,6.007624311446597,6.218574968808975
42642645::CAMK1G::8375,CAMK1G,42642645,COc1cc2c(Oc3ccc(NC(=O)C4(C(=O)Nc5ccc(F)cc5)CC4)cc3F)ccnc2cc1OCCCN1CCOCC1,5.0,6.007624311446597,5.969623154958648
42642645::CAMK2G::8379,CAMK2G,42642645,COc1cc2c(Oc3ccc(NC(=O)C4(C(=O)Nc5ccc(F)cc5)CC4)cc3F)ccnc2cc1OCCCN1CCOCC1,5.0,6.007624311446597,5.819627919740774
42642645::CAMK4::8380,CAMK4,42642645,COc1cc2c(Oc3ccc(NC(=O)C4(C(=O)Nc5ccc(F)cc5)CC4)cc3F)ccnc2cc1OCCCN1CCOCC1,5.0,6.007624311446597,5.602883657137126
42642645::CAMKK1::8381,CAMKK1,42642645,COc1cc2c(Oc3ccc(NC(=O)C4(C(=O)Nc5ccc(F)cc5)CC4)cc3F)ccnc2cc1OCCCN1CCOCC1,6.259637310505756,6.007624311446597,5.783061397265339
42642645::CDKL2::8396,CDKL2,42642645,COc1cc2c(Oc3ccc(NC(=O)C4(C(=O)Nc5ccc(F)cc5)CC4)cc3F)ccnc2cc1OCCCN1CCOCC1,6.619788758288394,6.007624311446597,5.667545984754541
42642645::CDKL5::8398,CDKL5,42642645,COc1cc2c(Oc3ccc(NC(=O)C4(C(=O)Nc5ccc(F)cc5)CC4)cc3F)ccnc2cc1OCCCN1CCOCC1,5.568636235841012,6.007624311446597,5.400478401542289
42642645::CLK1::8402,CLK1,42642645,COc1cc2c(Oc3ccc(NC(=O)C4(C(=O)Nc5ccc(F)cc5)CC4)cc3F)ccnc2cc1OCCCN1CCOCC1,6.259637310505756,6.007624311446597,5.843695829601456
42642645::CLK2::8403,CLK2,42642645,COc1cc2c(Oc3ccc(NC(=O)C4(C(=O)Nc5ccc(F)cc5)CC4)cc3F)ccnc2cc1OCCCN1CCOCC1,5.0,6.007624311446597,5.82178965338999
42642645::CSNK1A1L::8409,CSNK1A1L,42642645,COc1cc2c(Oc3ccc(NC(=O)C4(C(=O)Nc5ccc(F)cc5)CC4)cc3F)ccnc2cc1OCCCN1CCOCC1,5.0,6.007624311446597,5.190580079865207
42642645::CSNK1G1::8412,CSNK1G1,42642645,COc1cc2c(Oc3ccc(NC(=O)C4(C(=O)Nc5ccc(F)cc5)CC4)cc3F)ccnc2cc1OCCCN1CCOCC1,5.0,6.007624311446597,5.437573258542595
42642645::CSNK1G3::8414,CSNK1G3,42642645,COc1cc2c(Oc3ccc(NC(=O)C4(C(=O)Nc5ccc(F)cc5)CC4)cc3F)ccnc2cc1OCCCN1CCOCC1,5.0,6.007624311446597,5.495826550165559
42642645::DCAMKL1::8421,DCAMKL1,42642645,COc1cc2c(Oc3ccc(NC(=O)C4(C(=O)Nc5ccc(F)cc5)CC4)cc3F)ccnc2cc1OCCCN1CCOCC1,5.0,6.007624311446597,5.5012849723736315
42642645::DCAMKL2::8422,DCAMKL2,42642645,COc1cc2c(Oc3ccc(NC(=O)C4(C(=O)Nc5ccc(F)cc5)CC4)cc3F)ccnc2cc1OCCCN1CCOCC1,5.0,6.007624311446597,5.330537504507794
42642645::DMPK::8427,DMPK,42642645,COc1cc2c(Oc3ccc(NC(=O)C4(C(=O)Nc5ccc(F)cc5)CC4)cc3F)ccnc2cc1OCCCN1CCOCC1,5.0,6.007624311446597,5.780388422340333
42642645::DYRK1A::8431,DYRK1A,42642645,COc1cc2c(Oc3ccc(NC(=O)C4(C(=O)Nc5ccc(F)cc5)CC4)cc3F)ccnc2cc1OCCCN1CCOCC1,5.0,6.007624311446597,5.734727760041032
42642645::EPHA6::8441,EPHA6,42642645,COc1cc2c(Oc3ccc(NC(=O)C4(C(=O)Nc5ccc(F)cc5)CC4)cc3F)ccnc2cc1OCCCN1CCOCC1,8.958607314841775,6.007624311446597,6.226975086570063
42642645::ERBB2::8449,ERBB2,42642645,COc1cc2c(Oc3ccc(NC(=O)C4(C(=O)Nc5ccc(F)cc5)CC4)cc3F)ccnc2cc1OCCCN1CCOCC1,6.236572006437063,6.007624311446597,6.457478556829775
42642645::FGFR3(G697C)::8464,FGFR3(G697C),42642645,COc1cc2c(Oc3ccc(NC(=O)C4(C(=O)Nc5ccc(F)cc5)CC4)cc3F)ccnc2cc1OCCCN1CCOCC1,6.040958607678906,6.007624311446597,6.726386833437122
42642645::FLT1::8467,FLT1,42642645,COc1cc2c(Oc3ccc(NC(=O)C4(C(=O)Nc5ccc(F)cc5)CC4)cc3F)ccnc2cc1OCCCN1CCOCC1,8.42021640338319,6.007624311446597,6.218975113404333
42642645::FLT4::8469,FLT4,42642645,COc1cc2c(Oc3ccc(NC(=O)C4(C(=O)Nc5ccc(F)cc5)CC4)cc3F)ccnc2cc1OCCCN1CCOCC1,8.823908740944319,6.007624311446597,5.804994920171213
42642645::FYN::8471,FYN,42642645,COc1cc2c(Oc3ccc(NC(=O)C4(C(=O)Nc5ccc(F)cc5)CC4)cc3F)ccnc2cc1OCCCN1CCOCC1,7.055517327849831,6.007624311446597,7.151797506535165
42642645::GAK::8472,GAK,42642645,COc1cc2c(Oc3ccc(NC(=O)C4(C(=O)Nc5ccc(F)cc5)CC4)cc3F)ccnc2cc1OCCCN1CCOCC1,5.0,6.007624311446597,5.563583919166537
42642645::HIPK3::8482,HIPK3,42642645,COc1cc2c(Oc3ccc(NC(=O)C4(C(=O)Nc5ccc(F)cc5)CC4)cc3F)ccnc2cc1OCCCN1CCOCC1,7.366531544420413,6.007624311446597,6.222877714904265
42642645::HUNK::8485,HUNK,42642645,COc1cc2c(Oc3ccc(NC(=O)C4(C(=O)Nc5ccc(F)cc5)CC4)cc3F)ccnc2cc1OCCCN1CCOCC1,5.267606240177031,6.007624311446597,5.830815638833069
42642645::ICK::8486,ICK,42642645,COc1cc2c(Oc3ccc(NC(=O)C4(C(=O)Nc5ccc(F)cc5)CC4)cc3F)ccnc2cc1OCCCN1CCOCC1,5.0,6.007624311446597,5.480314606402537
42642645::IKK-alpha::8488,IKK-alpha,42642645,COc1cc2c(Oc3ccc(NC(=O)C4(C(=O)Nc5ccc(F)cc5)CC4)cc3F)ccnc2cc1OCCCN1CCOCC1,5.229147988357855,6.007624311446597,5.490856357896779
42642645::IKK-epsilon::8490,IKK-epsilon,42642645,COc1cc2c(Oc3ccc(NC(=O)C4(C(=O)Nc5ccc(F)cc5)CC4)cc3F)ccnc2cc1OCCCN1CCOCC1,5.853871964321762,6.007624311446597,5.839437158906131
42642645::JAK3(JH1domain-catalytic)::8499,JAK3(JH1domain-catalytic),42642645,COc1cc2c(Oc3ccc(NC(=O)C4(C(=O)Nc5ccc(F)cc5)CC4)cc3F)ccnc2cc1OCCCN1CCOCC1,5.0,6.007624311446597,6.044405639195868
42642645::JNK1::8500,JNK1,42642645,COc1cc2c(Oc3ccc(NC(=O)C4(C(=O)Nc5ccc(F)cc5)CC4)cc3F)ccnc2cc1OCCCN1CCOCC1,5.2441251443275085,6.007624311446597,5.603682636272134
42642645::JNK2::8501,JNK2,42642645,COc1cc2c(Oc3ccc(NC(=O)C4(C(=O)Nc5ccc(F)cc5)CC4)cc3F)ccnc2cc1OCCCN1CCOCC1,6.173925197299173,6.007624311446597,6.100223777007544
42642645::LOK::8510,LOK,42642645,COc1cc2c(Oc3ccc(NC(=O)C4(C(=O)Nc5ccc(F)cc5)CC4)cc3F)ccnc2cc1OCCCN1CCOCC1,9.275724130399212,6.007624311446597,6.1676155460212865
42642645::MAK::8515,MAK,42642645,COc1cc2c(Oc3ccc(NC(=O)C4(C(=O)Nc5ccc(F)cc5)CC4)cc3F)ccnc2cc1OCCCN1CCOCC1,5.7447274948966935,6.007624311446597,5.911062641084345
42642645::MAP3K15::8517,MAP3K15,42642645,COc1cc2c(Oc3ccc(NC(=O)C4(C(=O)Nc5ccc(F)cc5)CC4)cc3F)ccnc2cc1OCCCN1CCOCC1,5.0,6.007624311446597,5.77167440150485
42642645::MAP4K2::8521,MAP4K2,42642645,COc1cc2c(Oc3ccc(NC(=O)C4(C(=O)Nc5ccc(F)cc5)CC4)cc3F)ccnc2cc1OCCCN1CCOCC1,5.698970004336019,6.007624311446597,5.669838891090567
42642645::MAP4K3::8522,MAP4K3,42642645,COc1cc2c(Oc3ccc(NC(=O)C4(C(=O)Nc5ccc(F)cc5)CC4)cc3F)ccnc2cc1OCCCN1CCOCC1,6.958607314841775,6.007624311446597,5.991715546208517
42642645::MEK1::8532,MEK1,42642645,COc1cc2c(Oc3ccc(NC(=O)C4(C(=O)Nc5ccc(F)cc5)CC4)cc3F)ccnc2cc1OCCCN1CCOCC1,7.920818753952375,6.007624311446597,6.037510848628558
42642645::MELK::8538,MELK,42642645,COc1cc2c(Oc3ccc(NC(=O)C4(C(=O)Nc5ccc(F)cc5)CC4)cc3F)ccnc2cc1OCCCN1CCOCC1,6.522878745280337,6.007624311446597,5.483870499789186
42642645::MLK1::8546,MLK1,42642645,COc1cc2c(Oc3ccc(NC(=O)C4(C(=O)Nc5ccc(F)cc5)CC4)cc3F)ccnc2cc1OCCCN1CCOCC1,6.0,6.007624311446597,5.9210482833247156
42642645::MLK2::8547,MLK2,42642645,COc1cc2c(Oc3ccc(NC(=O)C4(C(=O)Nc5ccc(F)cc5)CC4)cc3F)ccnc2cc1OCCCN1CCOCC1,6.275724130399211,6.007624311446597,6.40040368701092
42642645::MLK3::8548,MLK3,42642645,COc1cc2c(Oc3ccc(NC(=O)C4(C(=O)Nc5ccc(F)cc5)CC4)cc3F)ccnc2cc1OCCCN1CCOCC1,6.468521082957745,6.007624311446597,6.339943200404592
42642645::MST1::8551,MST1,42642645,COc1cc2c(Oc3ccc(NC(=O)C4(C(=O)Nc5ccc(F)cc5)CC4)cc3F)ccnc2cc1OCCCN1CCOCC1,5.958607314841775,6.007624311446597,5.916321302826163
42642645::MST1R::8552,MST1R,42642645,COc1cc2c(Oc3ccc(NC(=O)C4(C(=O)Nc5ccc(F)cc5)CC4)cc3F)ccnc2cc1OCCCN1CCOCC1,8.522878745280337,6.007624311446597,5.969827625423195
42642645::MST2::8553,MST2,42642645,COc1cc2c(Oc3ccc(NC(=O)C4(C(=O)Nc5ccc(F)cc5)CC4)cc3F)ccnc2cc1OCCCN1CCOCC1,5.0,6.007624311446597,5.801658560640112
42642645::MST3::8554,MST3,42642645,COc1cc2c(Oc3ccc(NC(=O)C4(C(=O)Nc5ccc(F)cc5)CC4)cc3F)ccnc2cc1OCCCN1CCOCC1,5.0,6.007624311446597,5.722877125099471
42642645::MYLK::8558,MYLK,42642645,COc1cc2c(Oc3ccc(NC(=O)C4(C(=O)Nc5ccc(F)cc5)CC4)cc3F)ccnc2cc1OCCCN1CCOCC1,5.0,6.007624311446597,6.135880615548019
42642645::MYLK2::8559,MYLK2,42642645,COc1cc2c(Oc3ccc(NC(=O)C4(C(=O)Nc5ccc(F)cc5)CC4)cc3F)ccnc2cc1OCCCN1CCOCC1,5.638272163982407,6.007624311446597,5.5578465975775195
42642645::NEK1::8565,NEK1,42642645,COc1cc2c(Oc3ccc(NC(=O)C4(C(=O)Nc5ccc(F)cc5)CC4)cc3F)ccnc2cc1OCCCN1CCOCC1,5.0,6.007624311446597,5.588188719563738
42642645::p38-alpha::8577,p38-alpha,42642645,COc1cc2c(Oc3ccc(NC(=O)C4(C(=O)Nc5ccc(F)cc5)CC4)cc3F)ccnc2cc1OCCCN1CCOCC1,6.494850021680094,6.007624311446597,5.885610933171284
42642645::PAK4::8584,PAK4,42642645,COc1cc2c(Oc3ccc(NC(=O)C4(C(=O)Nc5ccc(F)cc5)CC4)cc3F)ccnc2cc1OCCCN1CCOCC1,5.0,6.007624311446597,5.94403403396776
42642645::PFPK5(Pfalciparum)::8594,PFPK5(Pfalciparum),42642645,COc1cc2c(Oc3ccc(NC(=O)C4(C(=O)Nc5ccc(F)cc5)CC4)cc3F)ccnc2cc1OCCCN1CCOCC1,5.0,6.007624311446597,6.010689529849686
42642645::PIK3CA(Q546K)::8601,PIK3CA(Q546K),42642645,COc1cc2c(Oc3ccc(NC(=O)C4(C(=O)Nc5ccc(F)cc5)CC4)cc3F)ccnc2cc1OCCCN1CCOCC1,5.0,6.007624311446597,5.587604575857392
42642645::PIK3CD::8603,PIK3CD,42642645,COc1cc2c(Oc3ccc(NC(=O)C4(C(=O)Nc5ccc(F)cc5)CC4)cc3F)ccnc2cc1OCCCN1CCOCC1,5.0,6.007624311446597,5.952587977164631
42642645::PIM3::8608,PIM3,42642645,COc1cc2c(Oc3ccc(NC(=O)C4(C(=O)Nc5ccc(F)cc5)CC4)cc3F)ccnc2cc1OCCCN1CCOCC1,5.0,6.007624311446597,5.50762990185588
42642645::PRKCE::8624,PRKCE,42642645,COc1cc2c(Oc3ccc(NC(=O)C4(C(=O)Nc5ccc(F)cc5)CC4)cc3F)ccnc2cc1OCCCN1CCOCC1,5.0,6.007624311446597,5.3939702705936305
42642645::PYK2::8636,PYK2,42642645,COc1cc2c(Oc3ccc(NC(=O)C4(C(=O)Nc5ccc(F)cc5)CC4)cc3F)ccnc2cc1OCCCN1CCOCC1,7.853871964321762,6.007624311446597,6.38825542270086
42642645::RIPK5::8646,RIPK5,42642645,COc1cc2c(Oc3ccc(NC(=O)C4(C(=O)Nc5ccc(F)cc5)CC4)cc3F)ccnc2cc1OCCCN1CCOCC1,6.292429823902063,6.007624311446597,6.256483502364005
42642645::RSK2(KinDom.1-N-terminal)::8653,RSK2(KinDom.1-N-terminal),42642645,COc1cc2c(Oc3ccc(NC(=O)C4(C(=O)Nc5ccc(F)cc5)CC4)cc3F)ccnc2cc1OCCCN1CCOCC1,5.0,6.007624311446597,5.617338399967821
42642645::SNARK::8663,SNARK,42642645,COc1cc2c(Oc3ccc(NC(=O)C4(C(=O)Nc5ccc(F)cc5)CC4)cc3F)ccnc2cc1OCCCN1CCOCC1,5.0,6.007624311446597,5.650749043722509
42642645::TBK1::8680,TBK1,42642645,COc1cc2c(Oc3ccc(NC(=O)C4(C(=O)Nc5ccc(F)cc5)CC4)cc3F)ccnc2cc1OCCCN1CCOCC1,6.096910013008056,6.007624311446597,5.9993233463853555
42642645::TNK1::8690,TNK1,42642645,COc1cc2c(Oc3ccc(NC(=O)C4(C(=O)Nc5ccc(F)cc5)CC4)cc3F)ccnc2cc1OCCCN1CCOCC1,7.67778070526608,6.007624311446597,6.140750156053506
42642645::TRKC::8695,TRKC,42642645,COc1cc2c(Oc3ccc(NC(=O)C4(C(=O)Nc5ccc(F)cc5)CC4)cc3F)ccnc2cc1OCCCN1CCOCC1,8.468521082957745,6.007624311446597,6.940620578728006
42642645::TRPM6::8696,TRPM6,42642645,COc1cc2c(Oc3ccc(NC(=O)C4(C(=O)Nc5ccc(F)cc5)CC4)cc3F)ccnc2cc1OCCCN1CCOCC1,5.0,6.007624311446597,5.819548862050112
42642645::TSSK1B::8697,TSSK1B,42642645,COc1cc2c(Oc3ccc(NC(=O)C4(C(=O)Nc5ccc(F)cc5)CC4)cc3F)ccnc2cc1OCCCN1CCOCC1,5.0,6.007624311446597,5.806694290416673
42642645::ULK1::8702,ULK1,42642645,COc1cc2c(Oc3ccc(NC(=O)C4(C(=O)Nc5ccc(F)cc5)CC4)cc3F)ccnc2cc1OCCCN1CCOCC1,5.0,6.007624311446597,5.82201855924602
11717001::ACVR2A::8722,ACVR2A,11717001,OCCn1cc(-c2ccc3c(c2)CCC3=NO)c(-c2ccncc2)n1,5.0,5.068281593129596,5.077213694267026
11717001::AKT1::8727,AKT1,11717001,OCCn1cc(-c2ccc3c(c2)CCC3=NO)c(-c2ccncc2)n1,5.0,5.068281593129596,4.9339197713050185
11717001::AMPK-alpha1::8731,AMPK-alpha1,11717001,OCCn1cc(-c2ccc3c(c2)CCC3=NO)c(-c2ccncc2)n1,5.0,5.068281593129596,5.046016307491154
11717001::ARK5::8734,ARK5,11717001,OCCn1cc(-c2ccc3c(c2)CCC3=NO)c(-c2ccncc2)n1,5.0,5.068281593129596,5.015346909960739
11717001::AXL::8740,AXL,11717001,OCCn1cc(-c2ccc3c(c2)CCC3=NO)c(-c2ccncc2)n1,5.0,5.068281593129596,5.16491277870043
11717001::BIKE::8741,BIKE,11717001,OCCn1cc(-c2ccc3c(c2)CCC3=NO)c(-c2ccncc2)n1,5.0,5.068281593129596,5.240624811165163
11717001::BLK::8742,BLK,11717001,OCCn1cc(-c2ccc3c(c2)CCC3=NO)c(-c2ccncc2)n1,5.0,5.068281593129596,5.004072422386484
11717001::BMPR1A::8743,BMPR1A,11717001,OCCn1cc(-c2ccc3c(c2)CCC3=NO)c(-c2ccncc2)n1,5.0,5.068281593129596,5.054015516093717
11717001::BRAF(V600E)::8747,BRAF(V600E),11717001,OCCn1cc(-c2ccc3c(c2)CCC3=NO)c(-c2ccncc2)n1,9.744727494896694,5.068281593129596,5.094838758255139
11717001::BRSK1::8749,BRSK1,11717001,OCCn1cc(-c2ccc3c(c2)CCC3=NO)c(-c2ccncc2)n1,5.0,5.068281593129596,5.027441209285762
11717001::CAMK1::8752,CAMK1,11717001,OCCn1cc(-c2ccc3c(c2)CCC3=NO)c(-c2ccncc2)n1,5.0,5.068281593129596,5.009869099167477
11717001::CAMK1D::8753,CAMK1D,11717001,OCCn1cc(-c2ccc3c(c2)CCC3=NO)c(-c2ccncc2)n1,5.0,5.068281593129596,4.999493813218179
11717001::CAMK1G::8754,CAMK1G,11717001,OCCn1cc(-c2ccc3c(c2)CCC3=NO)c(-c2ccncc2)n1,5.0,5.068281593129596,5.000867317592594
11717001::CAMK2G::8758,CAMK2G,11717001,OCCn1cc(-c2ccc3c(c2)CCC3=NO)c(-c2ccncc2)n1,5.0,5.068281593129596,5.059965661634431
11717001::CAMK4::8759,CAMK4,11717001,OCCn1cc(-c2ccc3c(c2)CCC3=NO)c(-c2ccncc2)n1,5.0,5.068281593129596,4.9890753941914
11717001::CAMKK1::8760,CAMKK1,11717001,OCCn1cc(-c2ccc3c(c2)CCC3=NO)c(-c2ccncc2)n1,5.0,5.068281593129596,5.0088047757558805
11717001::CDKL2::8775,CDKL2,11717001,OCCn1cc(-c2ccc3c(c2)CCC3=NO)c(-c2ccncc2)n1,5.0,5.068281593129596,5.074302434528515
11717001::CDKL5::8777,CDKL5,11717001,OCCn1cc(-c2ccc3c(c2)CCC3=NO)c(-c2ccncc2)n1,5.0,5.068281593129596,4.982509036125664
11717001::CLK1::8781,CLK1,11717001,OCCn1cc(-c2ccc3c(c2)CCC3=NO)c(-c2ccncc2)n1,5.0,5.068281593129596,5.1899617539624225
11717001::CLK2::8782,CLK2,11717001,OCCn1cc(-c2ccc3c(c2)CCC3=NO)c(-c2ccncc2)n1,5.0,5.068281593129596,5.263476463484238
11717001::CSNK1A1L::8788,CSNK1A1L,11717001,OCCn1cc(-c2ccc3c(c2)CCC3=NO)c(-c2ccncc2)n1,5.0,5.068281593129596,5.029636013985239
11717001::CSNK1G1::8791,CSNK1G1,11717001,OCCn1cc(-c2ccc3c(c2)CCC3=NO)c(-c2ccncc2)n1,5.0,5.068281593129596,5.007604833152398
11717001::CSNK1G3::8793,CSNK1G3,11717001,OCCn1cc(-c2ccc3c(c2)CCC3=NO)c(-c2ccncc2)n1,5.0,5.068281593129596,4.963722932913918
11717001::DCAMKL1::8800,DCAMKL1,11717001,OCCn1cc(-c2ccc3c(c2)CCC3=NO)c(-c2ccncc2)n1,5.0,5.068281593129596,5.040044650316128
11717001::DCAMKL2::8801,DCAMKL2,11717001,OCCn1cc(-c2ccc3c(c2)CCC3=NO)c(-c2ccncc2)n1,5.0,5.068281593129596,5.030482237583707
11717001::DMPK::8806,DMPK,11717001,OCCn1cc(-c2ccc3c(c2)CCC3=NO)c(-c2ccncc2)n1,5.0,5.068281593129596,5.00775176175436
11717001::DYRK1A::8810,DYRK1A,11717001,OCCn1cc(-c2ccc3c(c2)CCC3=NO)c(-c2ccncc2)n1,5.0,5.068281593129596,5.055773745559291
11717001::EPHA6::8820,EPHA6,11717001,OCCn1cc(-c2ccc3c(c2)CCC3=NO)c(-c2ccncc2)n1,5.0,5.068281593129596,5.137695189763728
11717001::ERBB2::8828,ERBB2,11717001,OCCn1cc(-c2ccc3c(c2)CCC3=NO)c(-c2ccncc2)n1,5.0,5.068281593129596,5.10210569254418
11717001::FGFR3(G697C)::8843,FGFR3(G697C),11717001,OCCn1cc(-c2ccc3c(c2)CCC3=NO)c(-c2ccncc2)n1,5.0,5.068281593129596,5.067214686626426
11717001::FLT1::8846,FLT1,11717001,OCCn1cc(-c2ccc3c(c2)CCC3=NO)c(-c2ccncc2)n1,5.0,5.068281593129596,5.1268027685556135
11717001::FLT4::8848,FLT4,11717001,OCCn1cc(-c2ccc3c(c2)CCC3=NO)c(-c2ccncc2)n1,5.0,5.068281593129596,5.0672015309557175
11717001::FYN::8850,FYN,11717001,OCCn1cc(-c2ccc3c(c2)CCC3=NO)c(-c2ccncc2)n1,5.0,5.068281593129596,5.047535031821798
11717001::GAK::8851,GAK,11717001,OCCn1cc(-c2ccc3c(c2)CCC3=NO)c(-c2ccncc2)n1,5.0,5.068281593129596,5.104891108850688
11717001::HIPK3::8861,HIPK3,11717001,OCCn1cc(-c2ccc3c(c2)CCC3=NO)c(-c2ccncc2)n1,5.0,5.068281593129596,5.0437157073775625
11717001::HUNK::8864,HUNK,11717001,OCCn1cc(-c2ccc3c(c2)CCC3=NO)c(-c2ccncc2)n1,5.0,5.068281593129596,5.074293164523418
11717001::ICK::8865,ICK,11717001,OCCn1cc(-c2ccc3c(c2)CCC3=NO)c(-c2ccncc2)n1,5.0,5.068281593129596,5.002651631822553
11717001::IKK-alpha::8867,IKK-alpha,11717001,OCCn1cc(-c2ccc3c(c2)CCC3=NO)c(-c2ccncc2)n1,5.0,5.068281593129596,5.019086188294625
11717001::IKK-epsilon::8869,IKK-epsilon,11717001,OCCn1cc(-c2ccc3c(c2)CCC3=NO)c(-c2ccncc2)n1,5.0,5.068281593129596,4.963658140052205
11717001::JAK3(JH1domain-catalytic)::8878,JAK3(JH1domain-catalytic),11717001,OCCn1cc(-c2ccc3c(c2)CCC3=NO)c(-c2ccncc2)n1,5.0,5.068281593129596,5.073704603614522
11717001::JNK1::8879,JNK1,11717001,OCCn1cc(-c2ccc3c(c2)CCC3=NO)c(-c2ccncc2)n1,5.0,5.068281593129596,5.060626389855668
11717001::JNK2::8880,JNK2,11717001,OCCn1cc(-c2ccc3c(c2)CCC3=NO)c(-c2ccncc2)n1,5.0,5.068281593129596,5.024504363659398
11717001::LOK::8889,LOK,11717001,OCCn1cc(-c2ccc3c(c2)CCC3=NO)c(-c2ccncc2)n1,5.886056647693163,5.068281593129596,5.257787217717111
11717001::MAK::8894,MAK,11717001,OCCn1cc(-c2ccc3c(c2)CCC3=NO)c(-c2ccncc2)n1,5.0,5.068281593129596,5.114606040811129
11717001::MAP3K15::8896,MAP3K15,11717001,OCCn1cc(-c2ccc3c(c2)CCC3=NO)c(-c2ccncc2)n1,5.0,5.068281593129596,5.024590337835847
11717001::MAP4K2::8900,MAP4K2,11717001,OCCn1cc(-c2ccc3c(c2)CCC3=NO)c(-c2ccncc2)n1,5.0,5.068281593129596,5.0274596834813385
11717001::MAP4K3::8901,MAP4K3,11717001,OCCn1cc(-c2ccc3c(c2)CCC3=NO)c(-c2ccncc2)n1,5.0,5.068281593129596,5.101241557522551
11717001::MEK1::8911,MEK1,11717001,OCCn1cc(-c2ccc3c(c2)CCC3=NO)c(-c2ccncc2)n1,5.0,5.068281593129596,5.09139682840562
11717001::MELK::8917,MELK,11717001,OCCn1cc(-c2ccc3c(c2)CCC3=NO)c(-c2ccncc2)n1,5.0,5.068281593129596,5.075530707105379
11717001::MLK1::8925,MLK1,11717001,OCCn1cc(-c2ccc3c(c2)CCC3=NO)c(-c2ccncc2)n1,5.0,5.068281593129596,5.121451855108189
11717001::MLK2::8926,MLK2,11717001,OCCn1cc(-c2ccc3c(c2)CCC3=NO)c(-c2ccncc2)n1,5.0,5.068281593129596,5.036282603100631
11717001::MLK3::8927,MLK3,11717001,OCCn1cc(-c2ccc3c(c2)CCC3=NO)c(-c2ccncc2)n1,5.0,5.068281593129596,5.123145051733286
11717001::MST1::8930,MST1,11717001,OCCn1cc(-c2ccc3c(c2)CCC3=NO)c(-c2ccncc2)n1,5.0,5.068281593129596,5.050606174227521
11717001::MST1R::8931,MST1R,11717001,OCCn1cc(-c2ccc3c(c2)CCC3=NO)c(-c2ccncc2)n1,5.0,5.068281593129596,5.088760608142865
11717001::MST2::8932,MST2,11717001,OCCn1cc(-c2ccc3c(c2)CCC3=NO)c(-c2ccncc2)n1,5.0,5.068281593129596,5.094383851711236
11717001::MST3::8933,MST3,11717001,OCCn1cc(-c2ccc3c(c2)CCC3=NO)c(-c2ccncc2)n1,5.0,5.068281593129596,5.071495275185076
11717001::MYLK::8937,MYLK,11717001,OCCn1cc(-c2ccc3c(c2)CCC3=NO)c(-c2ccncc2)n1,5.0,5.068281593129596,5.066669900437379
11717001::MYLK2::8938,MYLK2,11717001,OCCn1cc(-c2ccc3c(c2)CCC3=NO)c(-c2ccncc2)n1,5.0,5.068281593129596,5.0712985020300545
11717001::NEK1::8944,NEK1,11717001,OCCn1cc(-c2ccc3c(c2)CCC3=NO)c(-c2ccncc2)n1,5.0,5.068281593129596,5.027724568043289
11717001::p38-alpha::8956,p38-alpha,11717001,OCCn1cc(-c2ccc3c(c2)CCC3=NO)c(-c2ccncc2)n1,5.0,5.068281593129596,5.074066656180656
11717001::PAK4::8963,PAK4,11717001,OCCn1cc(-c2ccc3c(c2)CCC3=NO)c(-c2ccncc2)n1,5.0,5.068281593129596,5.168913275043321
11717001::PFPK5(Pfalciparum)::8973,PFPK5(Pfalciparum),11717001,OCCn1cc(-c2ccc3c(c2)CCC3=NO)c(-c2ccncc2)n1,5.0,5.068281593129596,4.981291249341591
11717001::PIK3CA(Q546K)::8980,PIK3CA(Q546K),11717001,OCCn1cc(-c2ccc3c(c2)CCC3=NO)c(-c2ccncc2)n1,5.0,5.068281593129596,4.995181444143168
11717001::PIK3CD::8982,PIK3CD,11717001,OCCn1cc(-c2ccc3c(c2)CCC3=NO)c(-c2ccncc2)n1,5.0,5.068281593129596,5.083087082598418
11717001::PIM3::8987,PIM3,11717001,OCCn1cc(-c2ccc3c(c2)CCC3=NO)c(-c2ccncc2)n1,5.0,5.068281593129596,5.009778512083508
11717001::PRKCE::9003,PRKCE,11717001,OCCn1cc(-c2ccc3c(c2)CCC3=NO)c(-c2ccncc2)n1,5.0,5.068281593129596,5.0705890942768646
11717001::PYK2::9015,PYK2,11717001,OCCn1cc(-c2ccc3c(c2)CCC3=NO)c(-c2ccncc2)n1,5.0,5.068281593129596,5.165962018320731
11717001::RIPK5::9025,RIPK5,11717001,OCCn1cc(-c2ccc3c(c2)CCC3=NO)c(-c2ccncc2)n1,5.0,5.068281593129596,5.007605186729102
11717001::RSK2(KinDom.1-N-terminal)::9032,RSK2(KinDom.1-N-terminal),11717001,OCCn1cc(-c2ccc3c(c2)CCC3=NO)c(-c2ccncc2)n1,5.0,5.068281593129596,5.106532445797487
11717001::SNARK::9042,SNARK,11717001,OCCn1cc(-c2ccc3c(c2)CCC3=NO)c(-c2ccncc2)n1,5.0,5.068281593129596,5.00957643697653
11717001::TBK1::9059,TBK1,11717001,OCCn1cc(-c2ccc3c(c2)CCC3=NO)c(-c2ccncc2)n1,5.0,5.068281593129596,5.056167538511255
11717001::TNK1::9069,TNK1,11717001,OCCn1cc(-c2ccc3c(c2)CCC3=NO)c(-c2ccncc2)n1,5.0,5.068281593129596,5.1449181071392305
11717001::TRKC::9074,TRKC,11717001,OCCn1cc(-c2ccc3c(c2)CCC3=NO)c(-c2ccncc2)n1,5.0,5.068281593129596,5.271681201084086
11717001::TRPM6::9075,TRPM6,11717001,OCCn1cc(-c2ccc3c(c2)CCC3=NO)c(-c2ccncc2)n1,5.0,5.068281593129596,5.088969667383951
11717001::TSSK1B::9076,TSSK1B,11717001,OCCn1cc(-c2ccc3c(c2)CCC3=NO)c(-c2ccncc2)n1,5.0,5.068281593129596,5.011631003607727
11717001::ULK1::9081,ULK1,11717001,OCCn1cc(-c2ccc3c(c2)CCC3=NO)c(-c2ccncc2)n1,5.0,5.068281593129596,5.099703151429939
16725726::ACVR2A::9101,ACVR2A,16725726,CCn1c(-c2nonc2N)nc2c(C#CC(C)(C)O)ncc(OCC3CCCNC3)c21,5.0,5.281961871817409,5.4009311862368765
16725726::AKT1::9106,AKT1,16725726,CCn1c(-c2nonc2N)nc2c(C#CC(C)(C)O)ncc(OCC3CCCNC3)c21,8.657577319177793,5.281961871817409,5.397184150656102
16725726::AMPK-alpha1::9110,AMPK-alpha1,16725726,CCn1c(-c2nonc2N)nc2c(C#CC(C)(C)O)ncc(OCC3CCCNC3)c21,5.0,5.281961871817409,5.310882423475358
16725726::ARK5::9113,ARK5,16725726,CCn1c(-c2nonc2N)nc2c(C#CC(C)(C)O)ncc(OCC3CCCNC3)c21,6.376750709602099,5.281961871817409,5.176218666026117
16725726::AXL::9119,AXL,16725726,CCn1c(-c2nonc2N)nc2c(C#CC(C)(C)O)ncc(OCC3CCCNC3)c21,5.0,5.281961871817409,5.412685729787166
16725726::BIKE::9120,BIKE,16725726,CCn1c(-c2nonc2N)nc2c(C#CC(C)(C)O)ncc(OCC3CCCNC3)c21,5.0,5.281961871817409,5.373286136662883
16725726::BLK::9121,BLK,16725726,CCn1c(-c2nonc2N)nc2c(C#CC(C)(C)O)ncc(OCC3CCCNC3)c21,5.0,5.281961871817409,5.2314991347965405
16725726::BMPR1A::9122,BMPR1A,16725726,CCn1c(-c2nonc2N)nc2c(C#CC(C)(C)O)ncc(OCC3CCCNC3)c21,5.0,5.281961871817409,4.977859387981725
16725726::BRAF(V600E)::9126,BRAF(V600E),16725726,CCn1c(-c2nonc2N)nc2c(C#CC(C)(C)O)ncc(OCC3CCCNC3)c21,5.0,5.281961871817409,5.305723624000947
16725726::BRSK1::9128,BRSK1,16725726,CCn1c(-c2nonc2N)nc2c(C#CC(C)(C)O)ncc(OCC3CCCNC3)c21,5.0,5.281961871817409,5.515240854958242
16725726::CAMK1::9131,CAMK1,16725726,CCn1c(-c2nonc2N)nc2c(C#CC(C)(C)O)ncc(OCC3CCCNC3)c21,5.0,5.281961871817409,5.146299197573042
16725726::CAMK1D::9132,CAMK1D,16725726,CCn1c(-c2nonc2N)nc2c(C#CC(C)(C)O)ncc(OCC3CCCNC3)c21,5.6020599913279625,5.281961871817409,5.306279615488714
16725726::CAMK1G::9133,CAMK1G,16725726,CCn1c(-c2nonc2N)nc2c(C#CC(C)(C)O)ncc(OCC3CCCNC3)c21,5.0,5.281961871817409,5.256585692443967
16725726::CAMK2G::9137,CAMK2G,16725726,CCn1c(-c2nonc2N)nc2c(C#CC(C)(C)O)ncc(OCC3CCCNC3)c21,5.0,5.281961871817409,5.194961306814813
16725726::CAMK4::9138,CAMK4,16725726,CCn1c(-c2nonc2N)nc2c(C#CC(C)(C)O)ncc(OCC3CCCNC3)c21,6.431798275933005,5.281961871817409,5.362140078488468
16725726::CAMKK1::9139,CAMKK1,16725726,CCn1c(-c2nonc2N)nc2c(C#CC(C)(C)O)ncc(OCC3CCCNC3)c21,5.0,5.281961871817409,5.221326464020682
16725726::CDKL2::9154,CDKL2,16725726,CCn1c(-c2nonc2N)nc2c(C#CC(C)(C)O)ncc(OCC3CCCNC3)c21,5.0,5.281961871817409,5.290259943794632
16725726::CDKL5::9156,CDKL5,16725726,CCn1c(-c2nonc2N)nc2c(C#CC(C)(C)O)ncc(OCC3CCCNC3)c21,5.0,5.281961871817409,5.1125969932490465
16725726::CLK1::9160,CLK1,16725726,CCn1c(-c2nonc2N)nc2c(C#CC(C)(C)O)ncc(OCC3CCCNC3)c21,5.0,5.281961871817409,5.332685213664302
16725726::CLK2::9161,CLK2,16725726,CCn1c(-c2nonc2N)nc2c(C#CC(C)(C)O)ncc(OCC3CCCNC3)c21,6.136677139879544,5.281961871817409,5.516521070847103
16725726::CSNK1A1L::9167,CSNK1A1L,16725726,CCn1c(-c2nonc2N)nc2c(C#CC(C)(C)O)ncc(OCC3CCCNC3)c21,5.0,5.281961871817409,5.211511914831724
16725726::CSNK1G1::9170,CSNK1G1,16725726,CCn1c(-c2nonc2N)nc2c(C#CC(C)(C)O)ncc(OCC3CCCNC3)c21,5.0,5.281961871817409,5.161956852749565
16725726::CSNK1G3::9172,CSNK1G3,16725726,CCn1c(-c2nonc2N)nc2c(C#CC(C)(C)O)ncc(OCC3CCCNC3)c21,5.0,5.281961871817409,5.154397470943035
16725726::DCAMKL1::9179,DCAMKL1,16725726,CCn1c(-c2nonc2N)nc2c(C#CC(C)(C)O)ncc(OCC3CCCNC3)c21,5.619788758288394,5.281961871817409,5.359040693914867
16725726::DCAMKL2::9180,DCAMKL2,16725726,CCn1c(-c2nonc2N)nc2c(C#CC(C)(C)O)ncc(OCC3CCCNC3)c21,5.0,5.281961871817409,5.243511585224807
16725726::DMPK::9185,DMPK,16725726,CCn1c(-c2nonc2N)nc2c(C#CC(C)(C)O)ncc(OCC3CCCNC3)c21,5.0,5.281961871817409,5.310742598664393
16725726::DYRK1A::9189,DYRK1A,16725726,CCn1c(-c2nonc2N)nc2c(C#CC(C)(C)O)ncc(OCC3CCCNC3)c21,5.0,5.281961871817409,5.58209541619329
16725726::EPHA6::9199,EPHA6,16725726,CCn1c(-c2nonc2N)nc2c(C#CC(C)(C)O)ncc(OCC3CCCNC3)c21,5.0,5.281961871817409,5.396352887746845
16725726::ERBB2::9207,ERBB2,16725726,CCn1c(-c2nonc2N)nc2c(C#CC(C)(C)O)ncc(OCC3CCCNC3)c21,5.0,5.281961871817409,5.266631158094818
16725726::FGFR3(G697C)::9222,FGFR3(G697C),16725726,CCn1c(-c2nonc2N)nc2c(C#CC(C)(C)O)ncc(OCC3CCCNC3)c21,5.0,5.281961871817409,5.11951296998328
16725726::FLT1::9225,FLT1,16725726,CCn1c(-c2nonc2N)nc2c(C#CC(C)(C)O)ncc(OCC3CCCNC3)c21,5.0,5.281961871817409,5.273126980998216
16725726::FLT4::9227,FLT4,16725726,CCn1c(-c2nonc2N)nc2c(C#CC(C)(C)O)ncc(OCC3CCCNC3)c21,5.0,5.281961871817409,5.19120763259863
16725726::FYN::9229,FYN,16725726,CCn1c(-c2nonc2N)nc2c(C#CC(C)(C)O)ncc(OCC3CCCNC3)c21,5.0,5.281961871817409,5.162739608771104
16725726::GAK::9230,GAK,16725726,CCn1c(-c2nonc2N)nc2c(C#CC(C)(C)O)ncc(OCC3CCCNC3)c21,5.0,5.281961871817409,5.469338152643303
16725726::HIPK3::9240,HIPK3,16725726,CCn1c(-c2nonc2N)nc2c(C#CC(C)(C)O)ncc(OCC3CCCNC3)c21,6.698970004336019,5.281961871817409,5.281858469105868
16725726::HUNK::9243,HUNK,16725726,CCn1c(-c2nonc2N)nc2c(C#CC(C)(C)O)ncc(OCC3CCCNC3)c21,5.0,5.281961871817409,5.23091646937817
16725726::ICK::9244,ICK,16725726,CCn1c(-c2nonc2N)nc2c(C#CC(C)(C)O)ncc(OCC3CCCNC3)c21,5.0,5.281961871817409,5.225988807895405
16725726::IKK-alpha::9246,IKK-alpha,16725726,CCn1c(-c2nonc2N)nc2c(C#CC(C)(C)O)ncc(OCC3CCCNC3)c21,5.0,5.281961871817409,5.3921018359769635
16725726::IKK-epsilon::9248,IKK-epsilon,16725726,CCn1c(-c2nonc2N)nc2c(C#CC(C)(C)O)ncc(OCC3CCCNC3)c21,5.0,5.281961871817409,5.123517646132505
16725726::JAK3(JH1domain-catalytic)::9257,JAK3(JH1domain-catalytic),16725726,CCn1c(-c2nonc2N)nc2c(C#CC(C)(C)O)ncc(OCC3CCCNC3)c21,5.0,5.281961871817409,5.361971328055465
16725726::JNK1::9258,JNK1,16725726,CCn1c(-c2nonc2N)nc2c(C#CC(C)(C)O)ncc(OCC3CCCNC3)c21,5.0,5.281961871817409,5.252519376780033
16725726::JNK2::9259,JNK2,16725726,CCn1c(-c2nonc2N)nc2c(C#CC(C)(C)O)ncc(OCC3CCCNC3)c21,5.0,5.281961871817409,5.193109123288211
16725726::LOK::9268,LOK,16725726,CCn1c(-c2nonc2N)nc2c(C#CC(C)(C)O)ncc(OCC3CCCNC3)c21,5.0,5.281961871817409,5.627613082609289
16725726::MAK::9273,MAK,16725726,CCn1c(-c2nonc2N)nc2c(C#CC(C)(C)O)ncc(OCC3CCCNC3)c21,5.0,5.281961871817409,5.268727455240273
16725726::MAP3K15::9275,MAP3K15,16725726,CCn1c(-c2nonc2N)nc2c(C#CC(C)(C)O)ncc(OCC3CCCNC3)c21,5.0,5.281961871817409,5.0523657283920125
16725726::MAP4K2::9279,MAP4K2,16725726,CCn1c(-c2nonc2N)nc2c(C#CC(C)(C)O)ncc(OCC3CCCNC3)c21,5.0,5.281961871817409,5.281543743393482
16725726::MAP4K3::9280,MAP4K3,16725726,CCn1c(-c2nonc2N)nc2c(C#CC(C)(C)O)ncc(OCC3CCCNC3)c21,5.0,5.281961871817409,5.343103797036257
16725726::MEK1::9290,MEK1,16725726,CCn1c(-c2nonc2N)nc2c(C#CC(C)(C)O)ncc(OCC3CCCNC3)c21,5.0,5.281961871817409,5.361175049848373
16725726::MELK::9296,MELK,16725726,CCn1c(-c2nonc2N)nc2c(C#CC(C)(C)O)ncc(OCC3CCCNC3)c21,6.050609993355087,5.281961871817409,5.3005047442618
16725726::MLK1::9304,MLK1,16725726,CCn1c(-c2nonc2N)nc2c(C#CC(C)(C)O)ncc(OCC3CCCNC3)c21,5.0,5.281961871817409,5.4523661999899256
16725726::MLK2::9305,MLK2,16725726,CCn1c(-c2nonc2N)nc2c(C#CC(C)(C)O)ncc(OCC3CCCNC3)c21,5.0,5.281961871817409,5.28558420346448
16725726::MLK3::9306,MLK3,16725726,CCn1c(-c2nonc2N)nc2c(C#CC(C)(C)O)ncc(OCC3CCCNC3)c21,5.0,5.281961871817409,5.395994075197199
16725726::MST1::9309,MST1,16725726,CCn1c(-c2nonc2N)nc2c(C#CC(C)(C)O)ncc(OCC3CCCNC3)c21,5.0,5.281961871817409,5.175010843297376
16725726::MST1R::9310,MST1R,16725726,CCn1c(-c2nonc2N)nc2c(C#CC(C)(C)O)ncc(OCC3CCCNC3)c21,5.0,5.281961871817409,5.338527363635538
16725726::MST2::9311,MST2,16725726,CCn1c(-c2nonc2N)nc2c(C#CC(C)(C)O)ncc(OCC3CCCNC3)c21,5.0,5.281961871817409,5.3523908519889
16725726::MST3::9312,MST3,16725726,CCn1c(-c2nonc2N)nc2c(C#CC(C)(C)O)ncc(OCC3CCCNC3)c21,5.0,5.281961871817409,5.3707655033530335
16725726::MYLK::9316,MYLK,16725726,CCn1c(-c2nonc2N)nc2c(C#CC(C)(C)O)ncc(OCC3CCCNC3)c21,5.0,5.281961871817409,5.092534068875636
16725726::MYLK2::9317,MYLK2,16725726,CCn1c(-c2nonc2N)nc2c(C#CC(C)(C)O)ncc(OCC3CCCNC3)c21,5.0,5.281961871817409,5.348013085014602
16725726::NEK1::9323,NEK1,16725726,CCn1c(-c2nonc2N)nc2c(C#CC(C)(C)O)ncc(OCC3CCCNC3)c21,5.0,5.281961871817409,5.256705314547846
16725726::p38-alpha::9335,p38-alpha,16725726,CCn1c(-c2nonc2N)nc2c(C#CC(C)(C)O)ncc(OCC3CCCNC3)c21,5.0,5.281961871817409,5.2236026493030465
16725726::PAK4::9342,PAK4,16725726,CCn1c(-c2nonc2N)nc2c(C#CC(C)(C)O)ncc(OCC3CCCNC3)c21,7.744727494896693,5.281961871817409,5.484603188095131
16725726::PFPK5(Pfalciparum)::9352,PFPK5(Pfalciparum),16725726,CCn1c(-c2nonc2N)nc2c(C#CC(C)(C)O)ncc(OCC3CCCNC3)c21,5.0,5.281961871817409,5.200061165331078
16725726::PIK3CA(Q546K)::9359,PIK3CA(Q546K),16725726,CCn1c(-c2nonc2N)nc2c(C#CC(C)(C)O)ncc(OCC3CCCNC3)c21,5.0,5.281961871817409,5.029758830582642
16725726::PIK3CD::9361,PIK3CD,16725726,CCn1c(-c2nonc2N)nc2c(C#CC(C)(C)O)ncc(OCC3CCCNC3)c21,5.0,5.281961871817409,5.2345082449023215
16725726::PIM3::9366,PIM3,16725726,CCn1c(-c2nonc2N)nc2c(C#CC(C)(C)O)ncc(OCC3CCCNC3)c21,6.1249387366083,5.281961871817409,5.342087869643265
16725726::PRKCE::9382,PRKCE,16725726,CCn1c(-c2nonc2N)nc2c(C#CC(C)(C)O)ncc(OCC3CCCNC3)c21,8.275724130399212,5.281961871817409,5.387465808440282
16725726::PYK2::9394,PYK2,16725726,CCn1c(-c2nonc2N)nc2c(C#CC(C)(C)O)ncc(OCC3CCCNC3)c21,5.0,5.281961871817409,5.191720268742969
16725726::RIPK5::9404,RIPK5,16725726,CCn1c(-c2nonc2N)nc2c(C#CC(C)(C)O)ncc(OCC3CCCNC3)c21,5.0,5.281961871817409,5.159330397677567
16725726::RSK2(KinDom.1-N-terminal)::9411,RSK2(KinDom.1-N-terminal),16725726,CCn1c(-c2nonc2N)nc2c(C#CC(C)(C)O)ncc(OCC3CCCNC3)c21,5.0,5.281961871817409,5.233156790201676
16725726::SNARK::9421,SNARK,16725726,CCn1c(-c2nonc2N)nc2c(C#CC(C)(C)O)ncc(OCC3CCCNC3)c21,7.0655015487564325,5.281961871817409,5.231935159715086
16725726::TBK1::9438,TBK1,16725726,CCn1c(-c2nonc2N)nc2c(C#CC(C)(C)O)ncc(OCC3CCCNC3)c21,5.0,5.281961871817409,5.314441388647655
16725726::TNK1::9448,TNK1,16725726,CCn1c(-c2nonc2N)nc2c(C#CC(C)(C)O)ncc(OCC3CCCNC3)c21,5.0,5.281961871817409,5.478161844489444
16725726::TRKC::9453,TRKC,16725726,CCn1c(-c2nonc2N)nc2c(C#CC(C)(C)O)ncc(OCC3CCCNC3)c21,5.0,5.281961871817409,5.390542158626715
16725726::TRPM6::9454,TRPM6,16725726,CCn1c(-c2nonc2N)nc2c(C#CC(C)(C)O)ncc(OCC3CCCNC3)c21,5.0,5.281961871817409,5.247370773747776
16725726::TSSK1B::9455,TSSK1B,16725726,CCn1c(-c2nonc2N)nc2c(C#CC(C)(C)O)ncc(OCC3CCCNC3)c21,5.0,5.281961871817409,5.268624597623116
16725726::ULK1::9460,ULK1,16725726,CCn1c(-c2nonc2N)nc2c(C#CC(C)(C)O)ncc(OCC3CCCNC3)c21,5.229147988357855,5.281961871817409,5.338542888033795
11617559::ACVR2A::9480,ACVR2A,11617559,COc1ccc(COc2ccc(Cc3cnc(N)nc3N)cc2OC)cc1,5.0,5.03863777240285,5.244505789442501
11617559::AKT1::9485,AKT1,11617559,COc1ccc(COc2ccc(Cc3cnc(N)nc3N)cc2OC)cc1,5.0,5.03863777240285,5.070186949702519
11617559::AMPK-alpha1::9489,AMPK-alpha1,11617559,COc1ccc(COc2ccc(Cc3cnc(N)nc3N)cc2OC)cc1,5.0,5.03863777240285,4.99314696264148
11617559::ARK5::9492,ARK5,11617559,COc1ccc(COc2ccc(Cc3cnc(N)nc3N)cc2OC)cc1,5.0,5.03863777240285,5.002784187897472
11617559::AXL::9498,AXL,11617559,COc1ccc(COc2ccc(Cc3cnc(N)nc3N)cc2OC)cc1,5.0,5.03863777240285,5.155438888911895
11617559::BIKE::9499,BIKE,11617559,COc1ccc(COc2ccc(Cc3cnc(N)nc3N)cc2OC)cc1,5.0,5.03863777240285,5.116312868176529
11617559::BLK::9500,BLK,11617559,COc1ccc(COc2ccc(Cc3cnc(N)nc3N)cc2OC)cc1,5.0,5.03863777240285,4.964836630114734
11617559::BMPR1A::9501,BMPR1A,11617559,COc1ccc(COc2ccc(Cc3cnc(N)nc3N)cc2OC)cc1,5.0,5.03863777240285,4.986057429537705
11617559::BRAF(V600E)::9505,BRAF(V600E),11617559,COc1ccc(COc2ccc(Cc3cnc(N)nc3N)cc2OC)cc1,5.0,5.03863777240285,5.041013141509223
11617559::BRSK1::9507,BRSK1,11617559,COc1ccc(COc2ccc(Cc3cnc(N)nc3N)cc2OC)cc1,5.0,5.03863777240285,4.9749051045461945
11617559::CAMK1::9510,CAMK1,11617559,COc1ccc(COc2ccc(Cc3cnc(N)nc3N)cc2OC)cc1,5.0,5.03863777240285,4.945303775038535
11617559::CAMK1D::9511,CAMK1D,11617559,COc1ccc(COc2ccc(Cc3cnc(N)nc3N)cc2OC)cc1,5.0,5.03863777240285,4.975711642966302
11617559::CAMK1G::9512,CAMK1G,11617559,COc1ccc(COc2ccc(Cc3cnc(N)nc3N)cc2OC)cc1,5.0,5.03863777240285,4.984334621967935
11617559::CAMK2G::9516,CAMK2G,11617559,COc1ccc(COc2ccc(Cc3cnc(N)nc3N)cc2OC)cc1,5.0,5.03863777240285,4.964577402095412
11617559::CAMK4::9517,CAMK4,11617559,COc1ccc(COc2ccc(Cc3cnc(N)nc3N)cc2OC)cc1,5.0,5.03863777240285,4.9757921944744465
11617559::CAMKK1::9518,CAMKK1,11617559,COc1ccc(COc2ccc(Cc3cnc(N)nc3N)cc2OC)cc1,5.0,5.03863777240285,5.020709252048368
11617559::CDKL2::9533,CDKL2,11617559,COc1ccc(COc2ccc(Cc3cnc(N)nc3N)cc2OC)cc1,5.0,5.03863777240285,5.048999512312338
11617559::CDKL5::9535,CDKL5,11617559,COc1ccc(COc2ccc(Cc3cnc(N)nc3N)cc2OC)cc1,5.0,5.03863777240285,4.996319734813615
11617559::CLK1::9539,CLK1,11617559,COc1ccc(COc2ccc(Cc3cnc(N)nc3N)cc2OC)cc1,5.0,5.03863777240285,5.1394708216650615
11617559::CLK2::9540,CLK2,11617559,COc1ccc(COc2ccc(Cc3cnc(N)nc3N)cc2OC)cc1,5.0,5.03863777240285,5.46658708516895
11617559::CSNK1A1L::9546,CSNK1A1L,11617559,COc1ccc(COc2ccc(Cc3cnc(N)nc3N)cc2OC)cc1,5.0,5.03863777240285,4.9412424838555715
11617559::CSNK1G1::9549,CSNK1G1,11617559,COc1ccc(COc2ccc(Cc3cnc(N)nc3N)cc2OC)cc1,5.0,5.03863777240285,4.98802205904492
11617559::CSNK1G3::9551,CSNK1G3,11617559,COc1ccc(COc2ccc(Cc3cnc(N)nc3N)cc2OC)cc1,5.0,5.03863777240285,4.916203957598401
11617559::DCAMKL1::9558,DCAMKL1,11617559,COc1ccc(COc2ccc(Cc3cnc(N)nc3N)cc2OC)cc1,5.0,5.03863777240285,4.9740543275267095
11617559::DCAMKL2::9559,DCAMKL2,11617559,COc1ccc(COc2ccc(Cc3cnc(N)nc3N)cc2OC)cc1,5.0,5.03863777240285,4.9923925511218625
11617559::DMPK::9564,DMPK,11617559,COc1ccc(COc2ccc(Cc3cnc(N)nc3N)cc2OC)cc1,5.0,5.03863777240285,5.020964583746366
11617559::DYRK1A::9568,DYRK1A,11617559,COc1ccc(COc2ccc(Cc3cnc(N)nc3N)cc2OC)cc1,5.0,5.03863777240285,4.996600514116987
11617559::EPHA6::9578,EPHA6,11617559,COc1ccc(COc2ccc(Cc3cnc(N)nc3N)cc2OC)cc1,5.0,5.03863777240285,5.094887926253903
11617559::ERBB2::9586,ERBB2,11617559,COc1ccc(COc2ccc(Cc3cnc(N)nc3N)cc2OC)cc1,5.0,5.03863777240285,5.043398817941035
11617559::FGFR3(G697C)::9601,FGFR3(G697C),11617559,COc1ccc(COc2ccc(Cc3cnc(N)nc3N)cc2OC)cc1,5.0,5.03863777240285,5.094629968124055
11617559::FLT1::9604,FLT1,11617559,COc1ccc(COc2ccc(Cc3cnc(N)nc3N)cc2OC)cc1,5.0,5.03863777240285,5.0882794490240615
11617559::FLT4::9606,FLT4,11617559,COc1ccc(COc2ccc(Cc3cnc(N)nc3N)cc2OC)cc1,5.0,5.03863777240285,5.105769673176289
11617559::FYN::9608,FYN,11617559,COc1ccc(COc2ccc(Cc3cnc(N)nc3N)cc2OC)cc1,5.0,5.03863777240285,5.080055537628986
11617559::GAK::9609,GAK,11617559,COc1ccc(COc2ccc(Cc3cnc(N)nc3N)cc2OC)cc1,5.0,5.03863777240285,5.0087411587914845
11617559::HIPK3::9619,HIPK3,11617559,COc1ccc(COc2ccc(Cc3cnc(N)nc3N)cc2OC)cc1,5.0,5.03863777240285,5.06034031358487
11617559::HUNK::9622,HUNK,11617559,COc1ccc(COc2ccc(Cc3cnc(N)nc3N)cc2OC)cc1,5.0,5.03863777240285,5.061019754562971
11617559::ICK::9623,ICK,11617559,COc1ccc(COc2ccc(Cc3cnc(N)nc3N)cc2OC)cc1,5.0,5.03863777240285,4.932143070557693
11617559::IKK-alpha::9625,IKK-alpha,11617559,COc1ccc(COc2ccc(Cc3cnc(N)nc3N)cc2OC)cc1,5.0,5.03863777240285,4.982359667337052
11617559::IKK-epsilon::9627,IKK-epsilon,11617559,COc1ccc(COc2ccc(Cc3cnc(N)nc3N)cc2OC)cc1,5.0,5.03863777240285,4.974575777279654
11617559::JAK3(JH1domain-catalytic)::9636,JAK3(JH1domain-catalytic),11617559,COc1ccc(COc2ccc(Cc3cnc(N)nc3N)cc2OC)cc1,5.0,5.03863777240285,5.026949447431615
11617559::JNK1::9637,JNK1,11617559,COc1ccc(COc2ccc(Cc3cnc(N)nc3N)cc2OC)cc1,5.0,5.03863777240285,5.003428920701233
11617559::JNK2::9638,JNK2,11617559,COc1ccc(COc2ccc(Cc3cnc(N)nc3N)cc2OC)cc1,5.0,5.03863777240285,4.995625301379098
11617559::LOK::9647,LOK,11617559,COc1ccc(COc2ccc(Cc3cnc(N)nc3N)cc2OC)cc1,5.0,5.03863777240285,5.179638739098604
11617559::MAK::9652,MAK,11617559,COc1ccc(COc2ccc(Cc3cnc(N)nc3N)cc2OC)cc1,5.0,5.03863777240285,5.096713584821521
11617559::MAP3K15::9654,MAP3K15,11617559,COc1ccc(COc2ccc(Cc3cnc(N)nc3N)cc2OC)cc1,5.0,5.03863777240285,4.9940477031947434
11617559::MAP4K2::9658,MAP4K2,11617559,COc1ccc(COc2ccc(Cc3cnc(N)nc3N)cc2OC)cc1,5.0,5.03863777240285,5.026517804980806
11617559::MAP4K3::9659,MAP4K3,11617559,COc1ccc(COc2ccc(Cc3cnc(N)nc3N)cc2OC)cc1,5.0,5.03863777240285,5.0620689224967785
11617559::MEK1::9669,MEK1,11617559,COc1ccc(COc2ccc(Cc3cnc(N)nc3N)cc2OC)cc1,5.0,5.03863777240285,5.046384741065301
11617559::MELK::9675,MELK,11617559,COc1ccc(COc2ccc(Cc3cnc(N)nc3N)cc2OC)cc1,5.0,5.03863777240285,5.02013915176949
11617559::MLK1::9683,MLK1,11617559,COc1ccc(COc2ccc(Cc3cnc(N)nc3N)cc2OC)cc1,5.0,5.03863777240285,5.061852257945665
11617559::MLK2::9684,MLK2,11617559,COc1ccc(COc2ccc(Cc3cnc(N)nc3N)cc2OC)cc1,5.0,5.03863777240285,4.963019993380489
11617559::MLK3::9685,MLK3,11617559,COc1ccc(COc2ccc(Cc3cnc(N)nc3N)cc2OC)cc1,5.0,5.03863777240285,5.063463123990084
11617559::MST1::9688,MST1,11617559,COc1ccc(COc2ccc(Cc3cnc(N)nc3N)cc2OC)cc1,5.0,5.03863777240285,5.050902897681784
11617559::MST1R::9689,MST1R,11617559,COc1ccc(COc2ccc(Cc3cnc(N)nc3N)cc2OC)cc1,5.0,5.03863777240285,5.148820503714853
11617559::MST2::9690,MST2,11617559,COc1ccc(COc2ccc(Cc3cnc(N)nc3N)cc2OC)cc1,5.0,5.03863777240285,5.119924908688031
11617559::MST3::9691,MST3,11617559,COc1ccc(COc2ccc(Cc3cnc(N)nc3N)cc2OC)cc1,5.0,5.03863777240285,5.024753812303635
11617559::MYLK::9695,MYLK,11617559,COc1ccc(COc2ccc(Cc3cnc(N)nc3N)cc2OC)cc1,5.0,5.03863777240285,5.107649861206936
11617559::MYLK2::9696,MYLK2,11617559,COc1ccc(COc2ccc(Cc3cnc(N)nc3N)cc2OC)cc1,5.0,5.03863777240285,5.0181572052302945
11617559::NEK1::9702,NEK1,11617559,COc1ccc(COc2ccc(Cc3cnc(N)nc3N)cc2OC)cc1,5.0,5.03863777240285,4.965253996074209
11617559::p38-alpha::9714,p38-alpha,11617559,COc1ccc(COc2ccc(Cc3cnc(N)nc3N)cc2OC)cc1,5.0,5.03863777240285,5.046235755819679
11617559::PAK4::9721,PAK4,11617559,COc1ccc(COc2ccc(Cc3cnc(N)nc3N)cc2OC)cc1,5.0,5.03863777240285,5.1315704851728965
11617559::PFPK5(Pfalciparum)::9731,PFPK5(Pfalciparum),11617559,COc1ccc(COc2ccc(Cc3cnc(N)nc3N)cc2OC)cc1,5.0,5.03863777240285,5.0282111633623785
11617559::PIK3CA(Q546K)::9738,PIK3CA(Q546K),11617559,COc1ccc(COc2ccc(Cc3cnc(N)nc3N)cc2OC)cc1,5.0,5.03863777240285,4.9367510958117276
11617559::PIK3CD::9740,PIK3CD,11617559,COc1ccc(COc2ccc(Cc3cnc(N)nc3N)cc2OC)cc1,5.0,5.03863777240285,5.0010884523808254
11617559::PIM3::9745,PIM3,11617559,COc1ccc(COc2ccc(Cc3cnc(N)nc3N)cc2OC)cc1,5.0,5.03863777240285,5.114062474437613
11617559::PRKCE::9761,PRKCE,11617559,COc1ccc(COc2ccc(Cc3cnc(N)nc3N)cc2OC)cc1,5.0,5.03863777240285,5.025238443615314
11617559::PYK2::9773,PYK2,11617559,COc1ccc(COc2ccc(Cc3cnc(N)nc3N)cc2OC)cc1,5.0,5.03863777240285,5.102354008735124
11617559::RIPK5::9783,RIPK5,11617559,COc1ccc(COc2ccc(Cc3cnc(N)nc3N)cc2OC)cc1,5.0,5.03863777240285,4.963252113442954
11617559::RSK2(KinDom.1-N-terminal)::9790,RSK2(KinDom.1-N-terminal),11617559,COc1ccc(COc2ccc(Cc3cnc(N)nc3N)cc2OC)cc1,5.0,5.03863777240285,5.023826078284488
11617559::SNARK::9800,SNARK,11617559,COc1ccc(COc2ccc(Cc3cnc(N)nc3N)cc2OC)cc1,5.0,5.03863777240285,5.025293256206611
11617559::TBK1::9817,TBK1,11617559,COc1ccc(COc2ccc(Cc3cnc(N)nc3N)cc2OC)cc1,5.0,5.03863777240285,4.99916620465787
11617559::TNK1::9827,TNK1,11617559,COc1ccc(COc2ccc(Cc3cnc(N)nc3N)cc2OC)cc1,5.0,5.03863777240285,5.108748419835161
11617559::TRKC::9832,TRKC,11617559,COc1ccc(COc2ccc(Cc3cnc(N)nc3N)cc2OC)cc1,6.920818753952375,5.03863777240285,5.256671278559328
11617559::TRPM6::9833,TRPM6,11617559,COc1ccc(COc2ccc(Cc3cnc(N)nc3N)cc2OC)cc1,5.0,5.03863777240285,5.038186067189334
11617559::TSSK1B::9834,TSSK1B,11617559,COc1ccc(COc2ccc(Cc3cnc(N)nc3N)cc2OC)cc1,5.0,5.03863777240285,5.004192067686726
11617559::ULK1::9839,ULK1,11617559,COc1ccc(COc2ccc(Cc3cnc(N)nc3N)cc2OC)cc1,5.0,5.03863777240285,5.069314031346369
123631::ACVR2A::9859,ACVR2A,123631,COc1cc2ncnc(Nc3ccc(F)c(Cl)c3)c2cc1OCCCN1CCOCC1,5.0,5.182028815126342,5.29464262706147
123631::AKT1::9864,AKT1,123631,COc1cc2ncnc(Nc3ccc(F)c(Cl)c3)c2cc1OCCCN1CCOCC1,5.0,5.182028815126342,4.927509640438594
123631::AMPK-alpha1::9868,AMPK-alpha1,123631,COc1cc2ncnc(Nc3ccc(F)c(Cl)c3)c2cc1OCCCN1CCOCC1,5.0,5.182028815126342,5.096073844701951
123631::ARK5::9871,ARK5,123631,COc1cc2ncnc(Nc3ccc(F)c(Cl)c3)c2cc1OCCCN1CCOCC1,5.0,5.182028815126342,5.079862624425415
123631::AXL::9877,AXL,123631,COc1cc2ncnc(Nc3ccc(F)c(Cl)c3)c2cc1OCCCN1CCOCC1,5.7447274948966935,5.182028815126342,5.356622250050377
123631::BIKE::9878,BIKE,123631,COc1cc2ncnc(Nc3ccc(F)c(Cl)c3)c2cc1OCCCN1CCOCC1,5.0,5.182028815126342,5.4276183973087795
123631::BLK::9879,BLK,123631,COc1cc2ncnc(Nc3ccc(F)c(Cl)c3)c2cc1OCCCN1CCOCC1,5.920818753952375,5.182028815126342,5.416900102317079
123631::BMPR1A::9880,BMPR1A,123631,COc1cc2ncnc(Nc3ccc(F)c(Cl)c3)c2cc1OCCCN1CCOCC1,5.0,5.182028815126342,5.126539265954056
123631::BRAF(V600E)::9884,BRAF(V600E),123631,COc1cc2ncnc(Nc3ccc(F)c(Cl)c3)c2cc1OCCCN1CCOCC1,5.0,5.182028815126342,5.07604260896699
123631::BRSK1::9886,BRSK1,123631,COc1cc2ncnc(Nc3ccc(F)c(Cl)c3)c2cc1OCCCN1CCOCC1,5.0,5.182028815126342,5.059533539028346
123631::CAMK1::9889,CAMK1,123631,COc1cc2ncnc(Nc3ccc(F)c(Cl)c3)c2cc1OCCCN1CCOCC1,5.0,5.182028815126342,5.0703882632394865
123631::CAMK1D::9890,CAMK1D,123631,COc1cc2ncnc(Nc3ccc(F)c(Cl)c3)c2cc1OCCCN1CCOCC1,5.0,5.182028815126342,5.149511183619051
123631::CAMK1G::9891,CAMK1G,123631,COc1cc2ncnc(Nc3ccc(F)c(Cl)c3)c2cc1OCCCN1CCOCC1,5.0,5.182028815126342,5.12399215306257
123631::CAMK2G::9895,CAMK2G,123631,COc1cc2ncnc(Nc3ccc(F)c(Cl)c3)c2cc1OCCCN1CCOCC1,5.0,5.182028815126342,5.058658799311801
123631::CAMK4::9896,CAMK4,123631,COc1cc2ncnc(Nc3ccc(F)c(Cl)c3)c2cc1OCCCN1CCOCC1,5.0,5.182028815126342,5.124329704540817
123631::CAMKK1::9897,CAMKK1,123631,COc1cc2ncnc(Nc3ccc(F)c(Cl)c3)c2cc1OCCCN1CCOCC1,5.0,5.182028815126342,5.233951806000029
123631::CDKL2::9912,CDKL2,123631,COc1cc2ncnc(Nc3ccc(F)c(Cl)c3)c2cc1OCCCN1CCOCC1,5.0,5.182028815126342,5.157157554904298
123631::CDKL5::9914,CDKL5,123631,COc1cc2ncnc(Nc3ccc(F)c(Cl)c3)c2cc1OCCCN1CCOCC1,5.0,5.182028815126342,5.007346027056742
123631::CLK1::9918,CLK1,123631,COc1cc2ncnc(Nc3ccc(F)c(Cl)c3)c2cc1OCCCN1CCOCC1,5.0,5.182028815126342,5.1721441114585565
123631::CLK2::9919,CLK2,123631,COc1cc2ncnc(Nc3ccc(F)c(Cl)c3)c2cc1OCCCN1CCOCC1,5.0,5.182028815126342,5.392487616222664
123631::CSNK1A1L::9925,CSNK1A1L,123631,COc1cc2ncnc(Nc3ccc(F)c(Cl)c3)c2cc1OCCCN1CCOCC1,5.0,5.182028815126342,4.9807320932882995
123631::CSNK1G1::9928,CSNK1G1,123631,COc1cc2ncnc(Nc3ccc(F)c(Cl)c3)c2cc1OCCCN1CCOCC1,5.0,5.182028815126342,5.037674190530619
123631::CSNK1G3::9930,CSNK1G3,123631,COc1cc2ncnc(Nc3ccc(F)c(Cl)c3)c2cc1OCCCN1CCOCC1,5.0,5.182028815126342,4.989515253415702
123631::DCAMKL1::9937,DCAMKL1,123631,COc1cc2ncnc(Nc3ccc(F)c(Cl)c3)c2cc1OCCCN1CCOCC1,5.0,5.182028815126342,4.975867462892258
123631::DCAMKL2::9938,DCAMKL2,123631,COc1cc2ncnc(Nc3ccc(F)c(Cl)c3)c2cc1OCCCN1CCOCC1,5.0,5.182028815126342,4.995335172867718
123631::DMPK::9943,DMPK,123631,COc1cc2ncnc(Nc3ccc(F)c(Cl)c3)c2cc1OCCCN1CCOCC1,5.161150909262744,5.182028815126342,5.211803117747713
123631::DYRK1A::9947,DYRK1A,123631,COc1cc2ncnc(Nc3ccc(F)c(Cl)c3)c2cc1OCCCN1CCOCC1,5.0,5.182028815126342,5.053054161825384
123631::EPHA6::9957,EPHA6,123631,COc1cc2ncnc(Nc3ccc(F)c(Cl)c3)c2cc1OCCCN1CCOCC1,6.229147988357855,5.182028815126342,5.988431939282451
123631::ERBB2::9965,ERBB2,123631,COc1cc2ncnc(Nc3ccc(F)c(Cl)c3)c2cc1OCCCN1CCOCC1,5.455931955649724,5.182028815126342,6.0121948411747415
123631::FGFR3(G697C)::9980,FGFR3(G697C),123631,COc1cc2ncnc(Nc3ccc(F)c(Cl)c3)c2cc1OCCCN1CCOCC1,5.0,5.182028815126342,5.122362195960909
123631::FLT1::9983,FLT1,123631,COc1cc2ncnc(Nc3ccc(F)c(Cl)c3)c2cc1OCCCN1CCOCC1,5.0,5.182028815126342,5.391858230547345
123631::FLT4::9985,FLT4,123631,COc1cc2ncnc(Nc3ccc(F)c(Cl)c3)c2cc1OCCCN1CCOCC1,5.0,5.182028815126342,5.319563637197762
123631::FYN::9987,FYN,123631,COc1cc2ncnc(Nc3ccc(F)c(Cl)c3)c2cc1OCCCN1CCOCC1,5.0,5.182028815126342,5.521363592191144
123631::GAK::9988,GAK,123631,COc1cc2ncnc(Nc3ccc(F)c(Cl)c3)c2cc1OCCCN1CCOCC1,7.886056647693163,5.182028815126342,5.096034938585988
123631::HIPK3::9998,HIPK3,123631,COc1cc2ncnc(Nc3ccc(F)c(Cl)c3)c2cc1OCCCN1CCOCC1,5.0,5.182028815126342,5.123424974388005
123631::HUNK::10001,HUNK,123631,COc1cc2ncnc(Nc3ccc(F)c(Cl)c3)c2cc1OCCCN1CCOCC1,5.0,5.182028815126342,5.148346857929559
123631::ICK::10002,ICK,123631,COc1cc2ncnc(Nc3ccc(F)c(Cl)c3)c2cc1OCCCN1CCOCC1,5.0,5.182028815126342,5.043342235192615
123631::IKK-alpha::10004,IKK-alpha,123631,COc1cc2ncnc(Nc3ccc(F)c(Cl)c3)c2cc1OCCCN1CCOCC1,5.0,5.182028815126342,5.1318725166808505
123631::IKK-epsilon::10006,IKK-epsilon,123631,COc1cc2ncnc(Nc3ccc(F)c(Cl)c3)c2cc1OCCCN1CCOCC1,5.0,5.182028815126342,5.000493171997319
123631::JAK3(JH1domain-catalytic)::10015,JAK3(JH1domain-catalytic),123631,COc1cc2ncnc(Nc3ccc(F)c(Cl)c3)c2cc1OCCCN1CCOCC1,5.0,5.182028815126342,5.123466332183133
123631::JNK1::10016,JNK1,123631,COc1cc2ncnc(Nc3ccc(F)c(Cl)c3)c2cc1OCCCN1CCOCC1,5.0,5.182028815126342,5.004098139126232
123631::JNK2::10017,JNK2,123631,COc1cc2ncnc(Nc3ccc(F)c(Cl)c3)c2cc1OCCCN1CCOCC1,5.769551078621726,5.182028815126342,5.087082280363694
123631::LOK::10026,LOK,123631,COc1cc2ncnc(Nc3ccc(F)c(Cl)c3)c2cc1OCCCN1CCOCC1,6.327902142064282,5.182028815126342,5.428178266029672
123631::MAK::10031,MAK,123631,COc1cc2ncnc(Nc3ccc(F)c(Cl)c3)c2cc1OCCCN1CCOCC1,5.0,5.182028815126342,5.329166807243578
123631::MAP3K15::10033,MAP3K15,123631,COc1cc2ncnc(Nc3ccc(F)c(Cl)c3)c2cc1OCCCN1CCOCC1,5.0,5.182028815126342,5.069790155443035
123631::MAP4K2::10037,MAP4K2,123631,COc1cc2ncnc(Nc3ccc(F)c(Cl)c3)c2cc1OCCCN1CCOCC1,5.0,5.182028815126342,5.1803936169615215
123631::MAP4K3::10038,MAP4K3,123631,COc1cc2ncnc(Nc3ccc(F)c(Cl)c3)c2cc1OCCCN1CCOCC1,5.0,5.182028815126342,5.210598921751617
123631::MEK1::10048,MEK1,123631,COc1cc2ncnc(Nc3ccc(F)c(Cl)c3)c2cc1OCCCN1CCOCC1,5.0,5.182028815126342,5.254535497294775
123631::MELK::10054,MELK,123631,COc1cc2ncnc(Nc3ccc(F)c(Cl)c3)c2cc1OCCCN1CCOCC1,5.0,5.182028815126342,5.09647744092663
123631::MLK1::10062,MLK1,123631,COc1cc2ncnc(Nc3ccc(F)c(Cl)c3)c2cc1OCCCN1CCOCC1,5.0,5.182028815126342,5.22787609173546
123631::MLK2::10063,MLK2,123631,COc1cc2ncnc(Nc3ccc(F)c(Cl)c3)c2cc1OCCCN1CCOCC1,5.0,5.182028815126342,5.126421163809659
123631::MLK3::10064,MLK3,123631,COc1cc2ncnc(Nc3ccc(F)c(Cl)c3)c2cc1OCCCN1CCOCC1,5.0,5.182028815126342,5.5063340958572145
123631::MST1::10067,MST1,123631,COc1cc2ncnc(Nc3ccc(F)c(Cl)c3)c2cc1OCCCN1CCOCC1,5.0,5.182028815126342,5.241868172588274
123631::MST1R::10068,MST1R,123631,COc1cc2ncnc(Nc3ccc(F)c(Cl)c3)c2cc1OCCCN1CCOCC1,5.0,5.182028815126342,5.2507053365601335
123631::MST2::10069,MST2,123631,COc1cc2ncnc(Nc3ccc(F)c(Cl)c3)c2cc1OCCCN1CCOCC1,5.0,5.182028815126342,5.205678742069975
123631::MST3::10070,MST3,123631,COc1cc2ncnc(Nc3ccc(F)c(Cl)c3)c2cc1OCCCN1CCOCC1,5.0,5.182028815126342,5.134486485495657
123631::MYLK::10074,MYLK,123631,COc1cc2ncnc(Nc3ccc(F)c(Cl)c3)c2cc1OCCCN1CCOCC1,5.0,5.182028815126342,5.183690138069951
123631::MYLK2::10075,MYLK2,123631,COc1cc2ncnc(Nc3ccc(F)c(Cl)c3)c2cc1OCCCN1CCOCC1,5.721246399047171,5.182028815126342,5.136220567777387
123631::NEK1::10081,NEK1,123631,COc1cc2ncnc(Nc3ccc(F)c(Cl)c3)c2cc1OCCCN1CCOCC1,5.0,5.182028815126342,5.098675558390948
123631::p38-alpha::10093,p38-alpha,123631,COc1cc2ncnc(Nc3ccc(F)c(Cl)c3)c2cc1OCCCN1CCOCC1,5.0,5.182028815126342,5.015916011342146
123631::PAK4::10100,PAK4,123631,COc1cc2ncnc(Nc3ccc(F)c(Cl)c3)c2cc1OCCCN1CCOCC1,5.0,5.182028815126342,5.294451369985415
123631::PFPK5(Pfalciparum)::10110,PFPK5(Pfalciparum),123631,COc1cc2ncnc(Nc3ccc(F)c(Cl)c3)c2cc1OCCCN1CCOCC1,5.0,5.182028815126342,4.989279167294543
123631::PIK3CA(Q546K)::10117,PIK3CA(Q546K),123631,COc1cc2ncnc(Nc3ccc(F)c(Cl)c3)c2cc1OCCCN1CCOCC1,5.0,5.182028815126342,4.990818174976499
123631::PIK3CD::10119,PIK3CD,123631,COc1cc2ncnc(Nc3ccc(F)c(Cl)c3)c2cc1OCCCN1CCOCC1,5.0,5.182028815126342,5.0713603096839295
123631::PIM3::10124,PIM3,123631,COc1cc2ncnc(Nc3ccc(F)c(Cl)c3)c2cc1OCCCN1CCOCC1,5.236572006437063,5.182028815126342,5.139127099807953
123631::PRKCE::10140,PRKCE,123631,COc1cc2ncnc(Nc3ccc(F)c(Cl)c3)c2cc1OCCCN1CCOCC1,5.0,5.182028815126342,5.144664606271816
123631::PYK2::10152,PYK2,123631,COc1cc2ncnc(Nc3ccc(F)c(Cl)c3)c2cc1OCCCN1CCOCC1,5.0,5.182028815126342,5.404162056376775
123631::RIPK5::10162,RIPK5,123631,COc1cc2ncnc(Nc3ccc(F)c(Cl)c3)c2cc1OCCCN1CCOCC1,5.0,5.182028815126342,5.100516576138405
123631::RSK2(KinDom.1-N-terminal)::10169,RSK2(KinDom.1-N-terminal),123631,COc1cc2ncnc(Nc3ccc(F)c(Cl)c3)c2cc1OCCCN1CCOCC1,5.0,5.182028815126342,5.109094237366436
123631::SNARK::10179,SNARK,123631,COc1cc2ncnc(Nc3ccc(F)c(Cl)c3)c2cc1OCCCN1CCOCC1,5.337242168318426,5.182028815126342,5.083715058509876
123631::TBK1::10196,TBK1,123631,COc1cc2ncnc(Nc3ccc(F)c(Cl)c3)c2cc1OCCCN1CCOCC1,5.0,5.182028815126342,5.110667123864061
123631::TNK1::10206,TNK1,123631,COc1cc2ncnc(Nc3ccc(F)c(Cl)c3)c2cc1OCCCN1CCOCC1,5.0,5.182028815126342,5.197008890739464
123631::TRKC::10211,TRKC,123631,COc1cc2ncnc(Nc3ccc(F)c(Cl)c3)c2cc1OCCCN1CCOCC1,5.0,5.182028815126342,5.442084158715259
123631::TRPM6::10212,TRPM6,123631,COc1cc2ncnc(Nc3ccc(F)c(Cl)c3)c2cc1OCCCN1CCOCC1,5.0,5.182028815126342,5.113728116933145
123631::TSSK1B::10213,TSSK1B,123631,COc1cc2ncnc(Nc3ccc(F)c(Cl)c3)c2cc1OCCCN1CCOCC1,5.0,5.182028815126342,5.036033215871227
123631::ULK1::10218,ULK1,123631,COc1cc2ncnc(Nc3ccc(F)c(Cl)c3)c2cc1OCCCN1CCOCC1,5.0,5.182028815126342,5.269833722187541
5291::ACVR2A::10238,ACVR2A,5291,Cc1ccc(NC(=O)c2ccc(CN3CCN(C)CC3)cc2)cc1Nc1nccc(-c2cccnc2)n1,5.0,5.128578342640458,5.265709149349227
5291::AKT1::10243,AKT1,5291,Cc1ccc(NC(=O)c2ccc(CN3CCN(C)CC3)cc2)cc1Nc1nccc(-c2cccnc2)n1,5.0,5.128578342640458,5.1427826022843295
5291::AMPK-alpha1::10247,AMPK-alpha1,5291,Cc1ccc(NC(=O)c2ccc(CN3CCN(C)CC3)cc2)cc1Nc1nccc(-c2cccnc2)n1,5.0,5.128578342640458,5.031719482382095
5291::ARK5::10250,ARK5,5291,Cc1ccc(NC(=O)c2ccc(CN3CCN(C)CC3)cc2)cc1Nc1nccc(-c2cccnc2)n1,5.0,5.128578342640458,5.068436343790357
5291::AXL::10256,AXL,5291,Cc1ccc(NC(=O)c2ccc(CN3CCN(C)CC3)cc2)cc1Nc1nccc(-c2cccnc2)n1,5.0,5.128578342640458,5.257826768444618
5291::BIKE::10257,BIKE,5291,Cc1ccc(NC(=O)c2ccc(CN3CCN(C)CC3)cc2)cc1Nc1nccc(-c2cccnc2)n1,5.0,5.128578342640458,5.345043753027046
5291::BLK::10258,BLK,5291,Cc1ccc(NC(=O)c2ccc(CN3CCN(C)CC3)cc2)cc1Nc1nccc(-c2cccnc2)n1,6.2839966563652006,5.128578342640458,5.139624010463768
5291::BMPR1A::10259,BMPR1A,5291,Cc1ccc(NC(=O)c2ccc(CN3CCN(C)CC3)cc2)cc1Nc1nccc(-c2cccnc2)n1,5.0,5.128578342640458,5.234219745069158
5291::BRAF(V600E)::10263,BRAF(V600E),5291,Cc1ccc(NC(=O)c2ccc(CN3CCN(C)CC3)cc2)cc1Nc1nccc(-c2cccnc2)n1,5.481486060122112,5.128578342640458,5.024939249247915
5291::BRSK1::10265,BRSK1,5291,Cc1ccc(NC(=O)c2ccc(CN3CCN(C)CC3)cc2)cc1Nc1nccc(-c2cccnc2)n1,5.0,5.128578342640458,4.981760055224392
5291::CAMK1::10268,CAMK1,5291,Cc1ccc(NC(=O)c2ccc(CN3CCN(C)CC3)cc2)cc1Nc1nccc(-c2cccnc2)n1,5.0,5.128578342640458,5.036366449984239
5291::CAMK1D::10269,CAMK1D,5291,Cc1ccc(NC(=O)c2ccc(CN3CCN(C)CC3)cc2)cc1Nc1nccc(-c2cccnc2)n1,5.0,5.128578342640458,5.049558609272667
5291::CAMK1G::10270,CAMK1G,5291,Cc1ccc(NC(=O)c2ccc(CN3CCN(C)CC3)cc2)cc1Nc1nccc(-c2cccnc2)n1,5.0,5.128578342640458,5.042765115541316
5291::CAMK2G::10274,CAMK2G,5291,Cc1ccc(NC(=O)c2ccc(CN3CCN(C)CC3)cc2)cc1Nc1nccc(-c2cccnc2)n1,5.0,5.128578342640458,5.085422548719227
5291::CAMK4::10275,CAMK4,5291,Cc1ccc(NC(=O)c2ccc(CN3CCN(C)CC3)cc2)cc1Nc1nccc(-c2cccnc2)n1,5.0,5.128578342640458,4.989840534853195
5291::CAMKK1::10276,CAMKK1,5291,Cc1ccc(NC(=O)c2ccc(CN3CCN(C)CC3)cc2)cc1Nc1nccc(-c2cccnc2)n1,5.0,5.128578342640458,5.121973586480665
5291::CDKL2::10291,CDKL2,5291,Cc1ccc(NC(=O)c2ccc(CN3CCN(C)CC3)cc2)cc1Nc1nccc(-c2cccnc2)n1,5.0,5.128578342640458,5.188291713649616
5291::CDKL5::10293,CDKL5,5291,Cc1ccc(NC(=O)c2ccc(CN3CCN(C)CC3)cc2)cc1Nc1nccc(-c2cccnc2)n1,5.0,5.128578342640458,5.0121807947855155
5291::CLK1::10297,CLK1,5291,Cc1ccc(NC(=O)c2ccc(CN3CCN(C)CC3)cc2)cc1Nc1nccc(-c2cccnc2)n1,5.346787486224656,5.128578342640458,5.188492522890106
5291::CLK2::10298,CLK2,5291,Cc1ccc(NC(=O)c2ccc(CN3CCN(C)CC3)cc2)cc1Nc1nccc(-c2cccnc2)n1,5.0,5.128578342640458,5.450698465961915
5291::CSNK1A1L::10304,CSNK1A1L,5291,Cc1ccc(NC(=O)c2ccc(CN3CCN(C)CC3)cc2)cc1Nc1nccc(-c2cccnc2)n1,5.0,5.128578342640458,4.967661375585084
5291::CSNK1G1::10307,CSNK1G1,5291,Cc1ccc(NC(=O)c2ccc(CN3CCN(C)CC3)cc2)cc1Nc1nccc(-c2cccnc2)n1,5.0,5.128578342640458,4.968872386774043
5291::CSNK1G3::10309,CSNK1G3,5291,Cc1ccc(NC(=O)c2ccc(CN3CCN(C)CC3)cc2)cc1Nc1nccc(-c2cccnc2)n1,5.0,5.128578342640458,4.903058091881818
5291::DCAMKL1::10316,DCAMKL1,5291,Cc1ccc(NC(=O)c2ccc(CN3CCN(C)CC3)cc2)cc1Nc1nccc(-c2cccnc2)n1,5.0,5.128578342640458,5.003333167978524
5291::DCAMKL2::10317,DCAMKL2,5291,Cc1ccc(NC(=O)c2ccc(CN3CCN(C)CC3)cc2)cc1Nc1nccc(-c2cccnc2)n1,5.0,5.128578342640458,4.969842906095358
5291::DMPK::10322,DMPK,5291,Cc1ccc(NC(=O)c2ccc(CN3CCN(C)CC3)cc2)cc1Nc1nccc(-c2cccnc2)n1,5.0,5.128578342640458,5.112512786517601
5291::DYRK1A::10326,DYRK1A,5291,Cc1ccc(NC(=O)c2ccc(CN3CCN(C)CC3)cc2)cc1Nc1nccc(-c2cccnc2)n1,5.0,5.128578342640458,4.995963845138691
5291::EPHA6::10336,EPHA6,5291,Cc1ccc(NC(=O)c2ccc(CN3CCN(C)CC3)cc2)cc1Nc1nccc(-c2cccnc2)n1,5.0,5.128578342640458,5.0725206445170645
5291::ERBB2::10344,ERBB2,5291,Cc1ccc(NC(=O)c2ccc(CN3CCN(C)CC3)cc2)cc1Nc1nccc(-c2cccnc2)n1,5.0,5.128578342640458,5.172603581441205
5291::FGFR3(G697C)::10359,FGFR3(G697C),5291,Cc1ccc(NC(=O)c2ccc(CN3CCN(C)CC3)cc2)cc1Nc1nccc(-c2cccnc2)n1,5.0,5.128578342640458,5.103452597085721
5291::FLT1::10362,FLT1,5291,Cc1ccc(NC(=O)c2ccc(CN3CCN(C)CC3)cc2)cc1Nc1nccc(-c2cccnc2)n1,5.0,5.128578342640458,5.170758476276026
5291::FLT4::10364,FLT4,5291,Cc1ccc(NC(=O)c2ccc(CN3CCN(C)CC3)cc2)cc1Nc1nccc(-c2cccnc2)n1,5.0,5.128578342640458,5.099516381118085
5291::FYN::10366,FYN,5291,Cc1ccc(NC(=O)c2ccc(CN3CCN(C)CC3)cc2)cc1Nc1nccc(-c2cccnc2)n1,5.508638306165727,5.128578342640458,5.67525881048492
5291::GAK::10367,GAK,5291,Cc1ccc(NC(=O)c2ccc(CN3CCN(C)CC3)cc2)cc1Nc1nccc(-c2cccnc2)n1,6.0,5.128578342640458,5.066943379537569
5291::HIPK3::10377,HIPK3,5291,Cc1ccc(NC(=O)c2ccc(CN3CCN(C)CC3)cc2)cc1Nc1nccc(-c2cccnc2)n1,5.0,5.128578342640458,5.0876106591754455
5291::HUNK::10380,HUNK,5291,Cc1ccc(NC(=O)c2ccc(CN3CCN(C)CC3)cc2)cc1Nc1nccc(-c2cccnc2)n1,5.0,5.128578342640458,5.095033412415555
5291::ICK::10381,ICK,5291,Cc1ccc(NC(=O)c2ccc(CN3CCN(C)CC3)cc2)cc1Nc1nccc(-c2cccnc2)n1,5.0,5.128578342640458,5.07577666096678
5291::IKK-alpha::10383,IKK-alpha,5291,Cc1ccc(NC(=O)c2ccc(CN3CCN(C)CC3)cc2)cc1Nc1nccc(-c2cccnc2)n1,5.0,5.128578342640458,4.9780113590612585
5291::IKK-epsilon::10385,IKK-epsilon,5291,Cc1ccc(NC(=O)c2ccc(CN3CCN(C)CC3)cc2)cc1Nc1nccc(-c2cccnc2)n1,5.0,5.128578342640458,4.974894990703762
5291::JAK3(JH1domain-catalytic)::10394,JAK3(JH1domain-catalytic),5291,Cc1ccc(NC(=O)c2ccc(CN3CCN(C)CC3)cc2)cc1Nc1nccc(-c2cccnc2)n1,5.0,5.128578342640458,5.066851883326344
5291::JNK1::10395,JNK1,5291,Cc1ccc(NC(=O)c2ccc(CN3CCN(C)CC3)cc2)cc1Nc1nccc(-c2cccnc2)n1,5.301029995663981,5.128578342640458,5.048164319321036
5291::JNK2::10396,JNK2,5291,Cc1ccc(NC(=O)c2ccc(CN3CCN(C)CC3)cc2)cc1Nc1nccc(-c2cccnc2)n1,5.0,5.128578342640458,5.038120845691778
5291::LOK::10405,LOK,5291,Cc1ccc(NC(=O)c2ccc(CN3CCN(C)CC3)cc2)cc1Nc1nccc(-c2cccnc2)n1,5.0,5.128578342640458,5.229363867672812
5291::MAK::10410,MAK,5291,Cc1ccc(NC(=O)c2ccc(CN3CCN(C)CC3)cc2)cc1Nc1nccc(-c2cccnc2)n1,5.0,5.128578342640458,5.1941976568459465
5291::MAP3K15::10412,MAP3K15,5291,Cc1ccc(NC(=O)c2ccc(CN3CCN(C)CC3)cc2)cc1Nc1nccc(-c2cccnc2)n1,5.0,5.128578342640458,4.996549314905138
5291::MAP4K2::10416,MAP4K2,5291,Cc1ccc(NC(=O)c2ccc(CN3CCN(C)CC3)cc2)cc1Nc1nccc(-c2cccnc2)n1,5.0,5.128578342640458,5.040653993238225
5291::MAP4K3::10417,MAP4K3,5291,Cc1ccc(NC(=O)c2ccc(CN3CCN(C)CC3)cc2)cc1Nc1nccc(-c2cccnc2)n1,5.0,5.128578342640458,5.095146675796132
5291::MEK1::10427,MEK1,5291,Cc1ccc(NC(=O)c2ccc(CN3CCN(C)CC3)cc2)cc1Nc1nccc(-c2cccnc2)n1,5.0,5.128578342640458,5.08492007524195
5291::MELK::10433,MELK,5291,Cc1ccc(NC(=O)c2ccc(CN3CCN(C)CC3)cc2)cc1Nc1nccc(-c2cccnc2)n1,5.721246399047171,5.128578342640458,4.996234661018839
5291::MLK1::10441,MLK1,5291,Cc1ccc(NC(=O)c2ccc(CN3CCN(C)CC3)cc2)cc1Nc1nccc(-c2cccnc2)n1,5.0,5.128578342640458,5.0806921498630855
5291::MLK2::10442,MLK2,5291,Cc1ccc(NC(=O)c2ccc(CN3CCN(C)CC3)cc2)cc1Nc1nccc(-c2cccnc2)n1,5.0,5.128578342640458,5.037300355883671
5291::MLK3::10443,MLK3,5291,Cc1ccc(NC(=O)c2ccc(CN3CCN(C)CC3)cc2)cc1Nc1nccc(-c2cccnc2)n1,5.0,5.128578342640458,5.168275516668714
5291::MST1::10446,MST1,5291,Cc1ccc(NC(=O)c2ccc(CN3CCN(C)CC3)cc2)cc1Nc1nccc(-c2cccnc2)n1,5.0,5.128578342640458,5.093384410780375
5291::MST1R::10447,MST1R,5291,Cc1ccc(NC(=O)c2ccc(CN3CCN(C)CC3)cc2)cc1Nc1nccc(-c2cccnc2)n1,5.0,5.128578342640458,5.1386085549380605
5291::MST2::10448,MST2,5291,Cc1ccc(NC(=O)c2ccc(CN3CCN(C)CC3)cc2)cc1Nc1nccc(-c2cccnc2)n1,5.0,5.128578342640458,5.11069309120224
5291::MST3::10449,MST3,5291,Cc1ccc(NC(=O)c2ccc(CN3CCN(C)CC3)cc2)cc1Nc1nccc(-c2cccnc2)n1,5.0,5.128578342640458,5.019517865502773
5291::MYLK::10453,MYLK,5291,Cc1ccc(NC(=O)c2ccc(CN3CCN(C)CC3)cc2)cc1Nc1nccc(-c2cccnc2)n1,5.0,5.128578342640458,5.112872506608
5291::MYLK2::10454,MYLK2,5291,Cc1ccc(NC(=O)c2ccc(CN3CCN(C)CC3)cc2)cc1Nc1nccc(-c2cccnc2)n1,5.0,5.128578342640458,5.0284445316644995
5291::NEK1::10460,NEK1,5291,Cc1ccc(NC(=O)c2ccc(CN3CCN(C)CC3)cc2)cc1Nc1nccc(-c2cccnc2)n1,5.0,5.128578342640458,4.995168759501028
5291::p38-alpha::10472,p38-alpha,5291,Cc1ccc(NC(=O)c2ccc(CN3CCN(C)CC3)cc2)cc1Nc1nccc(-c2cccnc2)n1,5.0,5.128578342640458,5.050624126919886
5291::PAK4::10479,PAK4,5291,Cc1ccc(NC(=O)c2ccc(CN3CCN(C)CC3)cc2)cc1Nc1nccc(-c2cccnc2)n1,5.0,5.128578342640458,5.167125611994266
5291::PFPK5(Pfalciparum)::10489,PFPK5(Pfalciparum),5291,Cc1ccc(NC(=O)c2ccc(CN3CCN(C)CC3)cc2)cc1Nc1nccc(-c2cccnc2)n1,5.0,5.128578342640458,5.017168471072473
5291::PIK3CA(Q546K)::10496,PIK3CA(Q546K),5291,Cc1ccc(NC(=O)c2ccc(CN3CCN(C)CC3)cc2)cc1Nc1nccc(-c2cccnc2)n1,5.0,5.128578342640458,5.014058845105936
5291::PIK3CD::10498,PIK3CD,5291,Cc1ccc(NC(=O)c2ccc(CN3CCN(C)CC3)cc2)cc1Nc1nccc(-c2cccnc2)n1,5.0,5.128578342640458,5.10533992800432
5291::PIM3::10503,PIM3,5291,Cc1ccc(NC(=O)c2ccc(CN3CCN(C)CC3)cc2)cc1Nc1nccc(-c2cccnc2)n1,5.0,5.128578342640458,5.102134521035684
5291::PRKCE::10519,PRKCE,5291,Cc1ccc(NC(=O)c2ccc(CN3CCN(C)CC3)cc2)cc1Nc1nccc(-c2cccnc2)n1,5.0,5.128578342640458,5.013141568493892
5291::PYK2::10531,PYK2,5291,Cc1ccc(NC(=O)c2ccc(CN3CCN(C)CC3)cc2)cc1Nc1nccc(-c2cccnc2)n1,5.0,5.128578342640458,5.229452555421022
5291::RIPK5::10541,RIPK5,5291,Cc1ccc(NC(=O)c2ccc(CN3CCN(C)CC3)cc2)cc1Nc1nccc(-c2cccnc2)n1,5.0,5.128578342640458,5.023023378582926
5291::RSK2(KinDom.1-N-terminal)::10548,RSK2(KinDom.1-N-terminal),5291,Cc1ccc(NC(=O)c2ccc(CN3CCN(C)CC3)cc2)cc1Nc1nccc(-c2cccnc2)n1,5.0,5.128578342640458,5.121787993128634
5291::SNARK::10558,SNARK,5291,Cc1ccc(NC(=O)c2ccc(CN3CCN(C)CC3)cc2)cc1Nc1nccc(-c2cccnc2)n1,5.0,5.128578342640458,5.081732202809715
5291::TBK1::10575,TBK1,5291,Cc1ccc(NC(=O)c2ccc(CN3CCN(C)CC3)cc2)cc1Nc1nccc(-c2cccnc2)n1,5.0,5.128578342640458,5.054964665327359
5291::TNK1::10585,TNK1,5291,Cc1ccc(NC(=O)c2ccc(CN3CCN(C)CC3)cc2)cc1Nc1nccc(-c2cccnc2)n1,5.0,5.128578342640458,5.120178432986905
5291::TRKC::10590,TRKC,5291,Cc1ccc(NC(=O)c2ccc(CN3CCN(C)CC3)cc2)cc1Nc1nccc(-c2cccnc2)n1,5.0,5.128578342640458,5.31518365209484
5291::TRPM6::10591,TRPM6,5291,Cc1ccc(NC(=O)c2ccc(CN3CCN(C)CC3)cc2)cc1Nc1nccc(-c2cccnc2)n1,5.0,5.128578342640458,5.095089916354812
5291::TSSK1B::10592,TSSK1B,5291,Cc1ccc(NC(=O)c2ccc(CN3CCN(C)CC3)cc2)cc1Nc1nccc(-c2cccnc2)n1,5.0,5.128578342640458,4.990443183374718
5291::ULK1::10597,ULK1,5291,Cc1ccc(NC(=O)c2ccc(CN3CCN(C)CC3)cc2)cc1Nc1nccc(-c2cccnc2)n1,5.0,5.128578342640458,5.058644317066259
4908365::ACVR2A::10617,ACVR2A,4908365,CN1CCN(C(=O)c2cc3cc(Cl)ccc3[nH]2)CC1,5.0,5.607955322105704,5.684495332572127
4908365::AKT1::10622,AKT1,4908365,CN1CCN(C(=O)c2cc3cc(Cl)ccc3[nH]2)CC1,5.0,5.607955322105704,5.50462084992767
4908365::AMPK-alpha1::10626,AMPK-alpha1,4908365,CN1CCN(C(=O)c2cc3cc(Cl)ccc3[nH]2)CC1,6.698970004336019,5.607955322105704,5.85617496797162
4908365::ARK5::10629,ARK5,4908365,CN1CCN(C(=O)c2cc3cc(Cl)ccc3[nH]2)CC1,5.638272163982407,5.607955322105704,5.5516168621814455
4908365::AXL::10635,AXL,4908365,CN1CCN(C(=O)c2cc3cc(Cl)ccc3[nH]2)CC1,8.275724130399212,5.607955322105704,5.795377372128315
4908365::BIKE::10636,BIKE,4908365,CN1CCN(C(=O)c2cc3cc(Cl)ccc3[nH]2)CC1,6.853871964321762,5.607955322105704,6.0891673144381455
4908365::BLK::10637,BLK,4908365,CN1CCN(C(=O)c2cc3cc(Cl)ccc3[nH]2)CC1,7.958607314841775,5.607955322105704,5.46963641079895
4908365::BMPR1A::10638,BMPR1A,4908365,CN1CCN(C(=O)c2cc3cc(Cl)ccc3[nH]2)CC1,5.0,5.607955322105704,5.692623256375962
4908365::BRAF(V600E)::10642,BRAF(V600E),4908365,CN1CCN(C(=O)c2cc3cc(Cl)ccc3[nH]2)CC1,5.0,5.607955322105704,5.897497931792818
4908365::BRSK1::10644,BRSK1,4908365,CN1CCN(C(=O)c2cc3cc(Cl)ccc3[nH]2)CC1,5.0,5.607955322105704,5.347581715631315
4908365::CAMK1::10647,CAMK1,4908365,CN1CCN(C(=O)c2cc3cc(Cl)ccc3[nH]2)CC1,5.0,5.607955322105704,5.512693857717656
4908365::CAMK1D::10648,CAMK1D,4908365,CN1CCN(C(=O)c2cc3cc(Cl)ccc3[nH]2)CC1,5.180456064458131,5.607955322105704,5.451300774492327
4908365::CAMK1G::10649,CAMK1G,4908365,CN1CCN(C(=O)c2cc3cc(Cl)ccc3[nH]2)CC1,5.207608310501746,5.607955322105704,5.650022224960368
4908365::CAMK2G::10653,CAMK2G,4908365,CN1CCN(C(=O)c2cc3cc(Cl)ccc3[nH]2)CC1,5.0,5.607955322105704,5.566126576981228
4908365::CAMK4::10654,CAMK4,4908365,CN1CCN(C(=O)c2cc3cc(Cl)ccc3[nH]2)CC1,5.0,5.607955322105704,5.706886349911544
4908365::CAMKK1::10655,CAMKK1,4908365,CN1CCN(C(=O)c2cc3cc(Cl)ccc3[nH]2)CC1,5.552841968657781,5.607955322105704,5.500445256573792
4908365::CDKL2::10670,CDKL2,4908365,CN1CCN(C(=O)c2cc3cc(Cl)ccc3[nH]2)CC1,5.0,5.607955322105704,5.666742545782755
4908365::CDKL5::10672,CDKL5,4908365,CN1CCN(C(=O)c2cc3cc(Cl)ccc3[nH]2)CC1,5.0,5.607955322105704,5.277152961053758
4908365::CLK1::10676,CLK1,4908365,CN1CCN(C(=O)c2cc3cc(Cl)ccc3[nH]2)CC1,6.045757490560675,5.607955322105704,5.679294705313796
4908365::CLK2::10677,CLK2,4908365,CN1CCN(C(=O)c2cc3cc(Cl)ccc3[nH]2)CC1,6.026872146400301,5.607955322105704,5.7496515041847
4908365::CSNK1A1L::10683,CSNK1A1L,4908365,CN1CCN(C(=O)c2cc3cc(Cl)ccc3[nH]2)CC1,5.0,5.607955322105704,5.575214197852914
4908365::CSNK1G1::10686,CSNK1G1,4908365,CN1CCN(C(=O)c2cc3cc(Cl)ccc3[nH]2)CC1,5.0,5.607955322105704,5.457095024478876
4908365::CSNK1G3::10688,CSNK1G3,4908365,CN1CCN(C(=O)c2cc3cc(Cl)ccc3[nH]2)CC1,5.0,5.607955322105704,5.503048088101519
4908365::DCAMKL1::10695,DCAMKL1,4908365,CN1CCN(C(=O)c2cc3cc(Cl)ccc3[nH]2)CC1,5.080921907623926,5.607955322105704,5.662844676214213
4908365::DCAMKL2::10696,DCAMKL2,4908365,CN1CCN(C(=O)c2cc3cc(Cl)ccc3[nH]2)CC1,5.0,5.607955322105704,5.571183579905894
4908365::DMPK::10701,DMPK,4908365,CN1CCN(C(=O)c2cc3cc(Cl)ccc3[nH]2)CC1,5.0,5.607955322105704,5.6067112626676066
4908365::DYRK1A::10705,DYRK1A,4908365,CN1CCN(C(=O)c2cc3cc(Cl)ccc3[nH]2)CC1,5.0,5.607955322105704,5.734226212698126
4908365::EPHA6::10715,EPHA6,4908365,CN1CCN(C(=O)c2cc3cc(Cl)ccc3[nH]2)CC1,5.356547323513812,5.607955322105704,5.352671435862026
4908365::ERBB2::10723,ERBB2,4908365,CN1CCN(C(=O)c2cc3cc(Cl)ccc3[nH]2)CC1,5.0,5.607955322105704,5.4962740663302485
4908365::FGFR3(G697C)::10738,FGFR3(G697C),4908365,CN1CCN(C(=O)c2cc3cc(Cl)ccc3[nH]2)CC1,5.958607314841775,5.607955322105704,5.518584001265411
4908365::FLT1::10741,FLT1,4908365,CN1CCN(C(=O)c2cc3cc(Cl)ccc3[nH]2)CC1,7.275724130399211,5.607955322105704,5.852218719734568
4908365::FLT4::10743,FLT4,4908365,CN1CCN(C(=O)c2cc3cc(Cl)ccc3[nH]2)CC1,6.154901959985743,5.607955322105704,5.544744315743197
4908365::FYN::10745,FYN,4908365,CN1CCN(C(=O)c2cc3cc(Cl)ccc3[nH]2)CC1,6.468521082957745,5.607955322105704,5.619766375376155
4908365::GAK::10746,GAK,4908365,CN1CCN(C(=O)c2cc3cc(Cl)ccc3[nH]2)CC1,6.060480747381382,5.607955322105704,5.517781217298565
4908365::HIPK3::10756,HIPK3,4908365,CN1CCN(C(=O)c2cc3cc(Cl)ccc3[nH]2)CC1,5.3979400086720375,5.607955322105704,5.472189372847377
4908365::HUNK::10759,HUNK,4908365,CN1CCN(C(=O)c2cc3cc(Cl)ccc3[nH]2)CC1,5.0,5.607955322105704,5.675984833047988
4908365::ICK::10760,ICK,4908365,CN1CCN(C(=O)c2cc3cc(Cl)ccc3[nH]2)CC1,5.0,5.607955322105704,5.5045441554267995
4908365::IKK-alpha::10762,IKK-alpha,4908365,CN1CCN(C(=O)c2cc3cc(Cl)ccc3[nH]2)CC1,5.0,5.607955322105704,5.389358699587538
4908365::IKK-epsilon::10764,IKK-epsilon,4908365,CN1CCN(C(=O)c2cc3cc(Cl)ccc3[nH]2)CC1,5.886056647693163,5.607955322105704,5.342450222612221
4908365::JAK3(JH1domain-catalytic)::10773,JAK3(JH1domain-catalytic),4908365,CN1CCN(C(=O)c2cc3cc(Cl)ccc3[nH]2)CC1,7.744727494896693,5.607955322105704,5.464815607170406
4908365::JNK1::10774,JNK1,4908365,CN1CCN(C(=O)c2cc3cc(Cl)ccc3[nH]2)CC1,6.080921907623926,5.607955322105704,5.384570289892709
4908365::JNK2::10775,JNK2,4908365,CN1CCN(C(=O)c2cc3cc(Cl)ccc3[nH]2)CC1,5.853871964321762,5.607955322105704,5.323612792712755
4908365::LOK::10784,LOK,4908365,CN1CCN(C(=O)c2cc3cc(Cl)ccc3[nH]2)CC1,5.769551078621726,5.607955322105704,5.784852062677457
4908365::MAK::10789,MAK,4908365,CN1CCN(C(=O)c2cc3cc(Cl)ccc3[nH]2)CC1,5.0,5.607955322105704,5.874492824209186
4908365::MAP3K15::10791,MAP3K15,4908365,CN1CCN(C(=O)c2cc3cc(Cl)ccc3[nH]2)CC1,5.6020599913279625,5.607955322105704,5.349257477405775
4908365::MAP4K2::10795,MAP4K2,4908365,CN1CCN(C(=O)c2cc3cc(Cl)ccc3[nH]2)CC1,7.187086643357144,5.607955322105704,5.56523048069152
4908365::MAP4K3::10796,MAP4K3,4908365,CN1CCN(C(=O)c2cc3cc(Cl)ccc3[nH]2)CC1,6.6777807052660805,5.607955322105704,5.711314096354592
4908365::MEK1::10806,MEK1,4908365,CN1CCN(C(=O)c2cc3cc(Cl)ccc3[nH]2)CC1,6.698970004336019,5.607955322105704,5.736468744801671
4908365::MELK::10812,MELK,4908365,CN1CCN(C(=O)c2cc3cc(Cl)ccc3[nH]2)CC1,5.958607314841775,5.607955322105704,5.505742051237897
4908365::MLK1::10820,MLK1,4908365,CN1CCN(C(=O)c2cc3cc(Cl)ccc3[nH]2)CC1,5.0,5.607955322105704,5.583131889972151
4908365::MLK2::10821,MLK2,4908365,CN1CCN(C(=O)c2cc3cc(Cl)ccc3[nH]2)CC1,5.0,5.607955322105704,5.54831244093235
4908365::MLK3::10822,MLK3,4908365,CN1CCN(C(=O)c2cc3cc(Cl)ccc3[nH]2)CC1,5.0,5.607955322105704,5.741749951093189
4908365::MST1::10825,MST1,4908365,CN1CCN(C(=O)c2cc3cc(Cl)ccc3[nH]2)CC1,7.318758762624412,5.607955322105704,5.667711465509931
4908365::MST1R::10826,MST1R,4908365,CN1CCN(C(=O)c2cc3cc(Cl)ccc3[nH]2)CC1,5.0,5.607955322105704,5.773752537481219
4908365::MST2::10827,MST2,4908365,CN1CCN(C(=O)c2cc3cc(Cl)ccc3[nH]2)CC1,6.795880017344075,5.607955322105704,5.68417287065073
4908365::MST3::10828,MST3,4908365,CN1CCN(C(=O)c2cc3cc(Cl)ccc3[nH]2)CC1,5.6777807052660805,5.607955322105704,5.623254858576192
4908365::MYLK::10832,MYLK,4908365,CN1CCN(C(=O)c2cc3cc(Cl)ccc3[nH]2)CC1,6.229147988357855,5.607955322105704,5.534015232022345
4908365::MYLK2::10833,MYLK2,4908365,CN1CCN(C(=O)c2cc3cc(Cl)ccc3[nH]2)CC1,5.0,5.607955322105704,5.5376969042351964
4908365::NEK1::10839,NEK1,4908365,CN1CCN(C(=O)c2cc3cc(Cl)ccc3[nH]2)CC1,5.0,5.607955322105704,5.499040232075542
4908365::p38-alpha::10851,p38-alpha,4908365,CN1CCN(C(=O)c2cc3cc(Cl)ccc3[nH]2)CC1,5.0,5.607955322105704,5.272082502307455
4908365::PAK4::10858,PAK4,4908365,CN1CCN(C(=O)c2cc3cc(Cl)ccc3[nH]2)CC1,5.823908740944319,5.607955322105704,5.7903615601534755
4908365::PFPK5(Pfalciparum)::10868,PFPK5(Pfalciparum),4908365,CN1CCN(C(=O)c2cc3cc(Cl)ccc3[nH]2)CC1,5.0,5.607955322105704,5.1660474479004606
4908365::PIK3CA(Q546K)::10875,PIK3CA(Q546K),4908365,CN1CCN(C(=O)c2cc3cc(Cl)ccc3[nH]2)CC1,5.0,5.607955322105704,5.362188264604317
4908365::PIK3CD::10877,PIK3CD,4908365,CN1CCN(C(=O)c2cc3cc(Cl)ccc3[nH]2)CC1,5.0,5.607955322105704,5.473316222006131
4908365::PIM3::10882,PIM3,4908365,CN1CCN(C(=O)c2cc3cc(Cl)ccc3[nH]2)CC1,5.769551078621726,5.607955322105704,5.698096807050185
4908365::PRKCE::10898,PRKCE,4908365,CN1CCN(C(=O)c2cc3cc(Cl)ccc3[nH]2)CC1,5.0,5.607955322105704,5.509199009475435
4908365::PYK2::10910,PYK2,4908365,CN1CCN(C(=O)c2cc3cc(Cl)ccc3[nH]2)CC1,6.119186407719209,5.607955322105704,5.678516012970931
4908365::RIPK5::10920,RIPK5,4908365,CN1CCN(C(=O)c2cc3cc(Cl)ccc3[nH]2)CC1,6.130768280269024,5.607955322105704,5.587442398450451
4908365::RSK2(KinDom.1-N-terminal)::10927,RSK2(KinDom.1-N-terminal),4908365,CN1CCN(C(=O)c2cc3cc(Cl)ccc3[nH]2)CC1,6.356547323513812,5.607955322105704,5.626547709110059
4908365::SNARK::10937,SNARK,4908365,CN1CCN(C(=O)c2cc3cc(Cl)ccc3[nH]2)CC1,6.886056647693163,5.607955322105704,5.586806019599882
4908365::TBK1::10954,TBK1,4908365,CN1CCN(C(=O)c2cc3cc(Cl)ccc3[nH]2)CC1,6.327902142064282,5.607955322105704,5.447779201977235
4908365::TNK1::10964,TNK1,4908365,CN1CCN(C(=O)c2cc3cc(Cl)ccc3[nH]2)CC1,5.657577319177793,5.607955322105704,5.847598123526099
4908365::TRKC::10969,TRKC,4908365,CN1CCN(C(=O)c2cc3cc(Cl)ccc3[nH]2)CC1,7.167491087293763,5.607955322105704,6.128105072313475
4908365::TRPM6::10970,TRPM6,4908365,CN1CCN(C(=O)c2cc3cc(Cl)ccc3[nH]2)CC1,5.0,5.607955322105704,5.629397885595366
4908365::TSSK1B::10971,TSSK1B,4908365,CN1CCN(C(=O)c2cc3cc(Cl)ccc3[nH]2)CC1,5.494850021680094,5.607955322105704,5.251032035031584
4908365::ULK1::10976,ULK1,4908365,CN1CCN(C(=O)c2cc3cc(Cl)ccc3[nH]2)CC1,5.721246399047171,5.607955322105704,5.665842345087483
11427553::ACVR2A::10996,ACVR2A,11427553,O=C(c1ccc(C=Cc2n[nH]c3ccccc23)cc1)N1CCNCC1,6.494850021680094,6.027213504703672,6.119155323859326
11427553::AKT1::11001,AKT1,11427553,O=C(c1ccc(C=Cc2n[nH]c3ccccc23)cc1)N1CCNCC1,5.0,6.027213504703672,6.011385447799612
11427553::AMPK-alpha1::11005,AMPK-alpha1,11427553,O=C(c1ccc(C=Cc2n[nH]c3ccccc23)cc1)N1CCNCC1,6.366531544420413,6.027213504703672,6.322921096939105
11427553::ARK5::11008,ARK5,11427553,O=C(c1ccc(C=Cc2n[nH]c3ccccc23)cc1)N1CCNCC1,5.0,6.027213504703672,6.078432346910384
11427553::AXL::11014,AXL,11427553,O=C(c1ccc(C=Cc2n[nH]c3ccccc23)cc1)N1CCNCC1,6.7447274948966935,6.027213504703672,6.321359686465456
11427553::BIKE::11015,BIKE,11427553,O=C(c1ccc(C=Cc2n[nH]c3ccccc23)cc1)N1CCNCC1,8.017728766960431,6.027213504703672,6.442949382876937
11427553::BLK::11016,BLK,11427553,O=C(c1ccc(C=Cc2n[nH]c3ccccc23)cc1)N1CCNCC1,5.455931955649724,6.027213504703672,5.897868446547289
11427553::BMPR1A::11017,BMPR1A,11427553,O=C(c1ccc(C=Cc2n[nH]c3ccccc23)cc1)N1CCNCC1,5.721246399047171,6.027213504703672,5.955012452185521
11427553::BRAF(V600E)::11021,BRAF(V600E),11427553,O=C(c1ccc(C=Cc2n[nH]c3ccccc23)cc1)N1CCNCC1,5.0,6.027213504703672,6.409137821102456
11427553::BRSK1::11023,BRSK1,11427553,O=C(c1ccc(C=Cc2n[nH]c3ccccc23)cc1)N1CCNCC1,5.721246399047171,6.027213504703672,5.839924498828023
11427553::CAMK1::11026,CAMK1,11427553,O=C(c1ccc(C=Cc2n[nH]c3ccccc23)cc1)N1CCNCC1,5.853871964321762,6.027213504703672,6.215120971707199
11427553::CAMK1D::11027,CAMK1D,11427553,O=C(c1ccc(C=Cc2n[nH]c3ccccc23)cc1)N1CCNCC1,6.275724130399211,6.027213504703672,6.070552872039609
11427553::CAMK1G::11028,CAMK1G,11427553,O=C(c1ccc(C=Cc2n[nH]c3ccccc23)cc1)N1CCNCC1,5.6777807052660805,6.027213504703672,6.16030922875785
11427553::CAMK2G::11032,CAMK2G,11427553,O=C(c1ccc(C=Cc2n[nH]c3ccccc23)cc1)N1CCNCC1,5.0,6.027213504703672,6.168800689046404
11427553::CAMK4::11033,CAMK4,11427553,O=C(c1ccc(C=Cc2n[nH]c3ccccc23)cc1)N1CCNCC1,5.0,6.027213504703672,6.065158807714706
11427553::CAMKK1::11034,CAMKK1,11427553,O=C(c1ccc(C=Cc2n[nH]c3ccccc23)cc1)N1CCNCC1,6.6777807052660805,6.027213504703672,5.833771624955364
11427553::CDKL2::11049,CDKL2,11427553,O=C(c1ccc(C=Cc2n[nH]c3ccccc23)cc1)N1CCNCC1,5.853871964321762,6.027213504703672,6.125312194048378
11427553::CDKL5::11051,CDKL5,11427553,O=C(c1ccc(C=Cc2n[nH]c3ccccc23)cc1)N1CCNCC1,5.0,6.027213504703672,5.693968691792023
11427553::CLK1::11055,CLK1,11427553,O=C(c1ccc(C=Cc2n[nH]c3ccccc23)cc1)N1CCNCC1,7.1938200260161125,6.027213504703672,6.610967463412382
11427553::CLK2::11056,CLK2,11427553,O=C(c1ccc(C=Cc2n[nH]c3ccccc23)cc1)N1CCNCC1,7.031517051446064,6.027213504703672,5.949816886031541
11427553::CSNK1A1L::11062,CSNK1A1L,11427553,O=C(c1ccc(C=Cc2n[nH]c3ccccc23)cc1)N1CCNCC1,5.0,6.027213504703672,5.632639881371202
11427553::CSNK1G1::11065,CSNK1G1,11427553,O=C(c1ccc(C=Cc2n[nH]c3ccccc23)cc1)N1CCNCC1,5.920818753952375,6.027213504703672,5.818524528518373
11427553::CSNK1G3::11067,CSNK1G3,11427553,O=C(c1ccc(C=Cc2n[nH]c3ccccc23)cc1)N1CCNCC1,5.920818753952375,6.027213504703672,5.843898611506777
11427553::DCAMKL1::11074,DCAMKL1,11427553,O=C(c1ccc(C=Cc2n[nH]c3ccccc23)cc1)N1CCNCC1,5.698970004336019,6.027213504703672,6.2260522105777145
11427553::DCAMKL2::11075,DCAMKL2,11427553,O=C(c1ccc(C=Cc2n[nH]c3ccccc23)cc1)N1CCNCC1,5.0,6.027213504703672,6.292238560169283
11427553::DMPK::11080,DMPK,11427553,O=C(c1ccc(C=Cc2n[nH]c3ccccc23)cc1)N1CCNCC1,5.42021640338319,6.027213504703672,6.087212397348312
11427553::DYRK1A::11084,DYRK1A,11427553,O=C(c1ccc(C=Cc2n[nH]c3ccccc23)cc1)N1CCNCC1,6.7447274948966935,6.027213504703672,6.170680854929424
11427553::EPHA6::11094,EPHA6,11427553,O=C(c1ccc(C=Cc2n[nH]c3ccccc23)cc1)N1CCNCC1,5.823908740944319,6.027213504703672,5.778123187235867
11427553::ERBB2::11102,ERBB2,11427553,O=C(c1ccc(C=Cc2n[nH]c3ccccc23)cc1)N1CCNCC1,5.0,6.027213504703672,5.824829889185336
11427553::FGFR3(G697C)::11117,FGFR3(G697C),11427553,O=C(c1ccc(C=Cc2n[nH]c3ccccc23)cc1)N1CCNCC1,6.552841968657781,6.027213504703672,5.988661590555296
11427553::FLT1::11120,FLT1,11427553,O=C(c1ccc(C=Cc2n[nH]c3ccccc23)cc1)N1CCNCC1,7.136677139879544,6.027213504703672,6.383173168579456
11427553::FLT4::11122,FLT4,11427553,O=C(c1ccc(C=Cc2n[nH]c3ccccc23)cc1)N1CCNCC1,5.886056647693163,6.027213504703672,5.959491421753204
11427553::FYN::11124,FYN,11427553,O=C(c1ccc(C=Cc2n[nH]c3ccccc23)cc1)N1CCNCC1,6.180456064458131,6.027213504703672,6.060574464889607
11427553::GAK::11125,GAK,11427553,O=C(c1ccc(C=Cc2n[nH]c3ccccc23)cc1)N1CCNCC1,6.585026652029182,6.027213504703672,5.730373126680707
11427553::HIPK3::11135,HIPK3,11427553,O=C(c1ccc(C=Cc2n[nH]c3ccccc23)cc1)N1CCNCC1,6.236572006437063,6.027213504703672,5.844329418508793
11427553::HUNK::11138,HUNK,11427553,O=C(c1ccc(C=Cc2n[nH]c3ccccc23)cc1)N1CCNCC1,6.337242168318426,6.027213504703672,6.088568147424309
11427553::ICK::11139,ICK,11427553,O=C(c1ccc(C=Cc2n[nH]c3ccccc23)cc1)N1CCNCC1,5.657577319177793,6.027213504703672,5.919104492356045
11427553::IKK-alpha::11141,IKK-alpha,11427553,O=C(c1ccc(C=Cc2n[nH]c3ccccc23)cc1)N1CCNCC1,6.7447274948966935,6.027213504703672,5.900746680394291
11427553::IKK-epsilon::11143,IKK-epsilon,11427553,O=C(c1ccc(C=Cc2n[nH]c3ccccc23)cc1)N1CCNCC1,6.468521082957745,6.027213504703672,5.608882337329182
11427553::JAK3(JH1domain-catalytic)::11152,JAK3(JH1domain-catalytic),11427553,O=C(c1ccc(C=Cc2n[nH]c3ccccc23)cc1)N1CCNCC1,7.4089353929735005,6.027213504703672,5.734036734425187
11427553::JNK1::11153,JNK1,11427553,O=C(c1ccc(C=Cc2n[nH]c3ccccc23)cc1)N1CCNCC1,6.236572006437063,6.027213504703672,6.41879661526372
11427553::JNK2::11154,JNK2,11427553,O=C(c1ccc(C=Cc2n[nH]c3ccccc23)cc1)N1CCNCC1,6.638272163982407,6.027213504703672,5.943550640693655
11427553::LOK::11163,LOK,11427553,O=C(c1ccc(C=Cc2n[nH]c3ccccc23)cc1)N1CCNCC1,7.886056647693163,6.027213504703672,6.175601957680035
11427553::MAK::11168,MAK,11427553,O=C(c1ccc(C=Cc2n[nH]c3ccccc23)cc1)N1CCNCC1,5.0,6.027213504703672,6.321577336286355
11427553::MAP3K15::11170,MAP3K15,11427553,O=C(c1ccc(C=Cc2n[nH]c3ccccc23)cc1)N1CCNCC1,5.0,6.027213504703672,5.611042151850593
11427553::MAP4K2::11174,MAP4K2,11427553,O=C(c1ccc(C=Cc2n[nH]c3ccccc23)cc1)N1CCNCC1,7.958607314841775,6.027213504703672,5.8511351188656
11427553::MAP4K3::11175,MAP4K3,11427553,O=C(c1ccc(C=Cc2n[nH]c3ccccc23)cc1)N1CCNCC1,6.823908740944319,6.027213504703672,6.189025411809122
11427553::MEK1::11185,MEK1,11427553,O=C(c1ccc(C=Cc2n[nH]c3ccccc23)cc1)N1CCNCC1,6.275724130399211,6.027213504703672,5.998341943404201
11427553::MELK::11191,MELK,11427553,O=C(c1ccc(C=Cc2n[nH]c3ccccc23)cc1)N1CCNCC1,6.6777807052660805,6.027213504703672,6.135097697108769
11427553::MLK1::11199,MLK1,11427553,O=C(c1ccc(C=Cc2n[nH]c3ccccc23)cc1)N1CCNCC1,6.187086643357144,6.027213504703672,6.142075355703305
11427553::MLK2::11200,MLK2,11427553,O=C(c1ccc(C=Cc2n[nH]c3ccccc23)cc1)N1CCNCC1,5.823908740944319,6.027213504703672,5.850430972123586
11427553::MLK3::11201,MLK3,11427553,O=C(c1ccc(C=Cc2n[nH]c3ccccc23)cc1)N1CCNCC1,6.638272163982407,6.027213504703672,6.209219063669586
11427553::MST1::11204,MST1,11427553,O=C(c1ccc(C=Cc2n[nH]c3ccccc23)cc1)N1CCNCC1,6.251811972993799,6.027213504703672,6.479403377735712
11427553::MST1R::11205,MST1R,11427553,O=C(c1ccc(C=Cc2n[nH]c3ccccc23)cc1)N1CCNCC1,6.09151498112135,6.027213504703672,6.17577624762872
11427553::MST2::11206,MST2,11427553,O=C(c1ccc(C=Cc2n[nH]c3ccccc23)cc1)N1CCNCC1,5.0,6.027213504703672,6.1570126467713555
11427553::MST3::11207,MST3,11427553,O=C(c1ccc(C=Cc2n[nH]c3ccccc23)cc1)N1CCNCC1,5.958607314841775,6.027213504703672,6.2653452764774515
11427553::MYLK::11211,MYLK,11427553,O=C(c1ccc(C=Cc2n[nH]c3ccccc23)cc1)N1CCNCC1,6.130768280269024,6.027213504703672,6.0194728216237925
11427553::MYLK2::11212,MYLK2,11427553,O=C(c1ccc(C=Cc2n[nH]c3ccccc23)cc1)N1CCNCC1,7.2839966563652,6.027213504703672,6.031258288361295
11427553::NEK1::11218,NEK1,11427553,O=C(c1ccc(C=Cc2n[nH]c3ccccc23)cc1)N1CCNCC1,5.508638306165727,6.027213504703672,6.12400923416787
11427553::p38-alpha::11230,p38-alpha,11427553,O=C(c1ccc(C=Cc2n[nH]c3ccccc23)cc1)N1CCNCC1,5.0,6.027213504703672,5.559524009893672
11427553::PAK4::11237,PAK4,11427553,O=C(c1ccc(C=Cc2n[nH]c3ccccc23)cc1)N1CCNCC1,5.823908740944319,6.027213504703672,6.500729609538855
11427553::PFPK5(Pfalciparum)::11247,PFPK5(Pfalciparum),11427553,O=C(c1ccc(C=Cc2n[nH]c3ccccc23)cc1)N1CCNCC1,5.0,6.027213504703672,5.573924724379957
11427553::PIK3CA(Q546K)::11254,PIK3CA(Q546K),11427553,O=C(c1ccc(C=Cc2n[nH]c3ccccc23)cc1)N1CCNCC1,5.0,6.027213504703672,5.7493982187905175
11427553::PIK3CD::11256,PIK3CD,11427553,O=C(c1ccc(C=Cc2n[nH]c3ccccc23)cc1)N1CCNCC1,5.0,6.027213504703672,6.049580095258024
11427553::PIM3::11261,PIM3,11427553,O=C(c1ccc(C=Cc2n[nH]c3ccccc23)cc1)N1CCNCC1,5.0,6.027213504703672,6.026452521869604
11427553::PRKCE::11277,PRKCE,11427553,O=C(c1ccc(C=Cc2n[nH]c3ccccc23)cc1)N1CCNCC1,5.0,6.027213504703672,5.951809908908575
11427553::PYK2::11289,PYK2,11427553,O=C(c1ccc(C=Cc2n[nH]c3ccccc23)cc1)N1CCNCC1,6.119186407719209,6.027213504703672,6.163941949736432
11427553::RIPK5::11299,RIPK5,11427553,O=C(c1ccc(C=Cc2n[nH]c3ccccc23)cc1)N1CCNCC1,6.180456064458131,6.027213504703672,5.861320602670447
11427553::RSK2(KinDom.1-N-terminal)::11306,RSK2(KinDom.1-N-terminal),11427553,O=C(c1ccc(C=Cc2n[nH]c3ccccc23)cc1)N1CCNCC1,6.552841968657781,6.027213504703672,6.2199859451919135
11427553::SNARK::11316,SNARK,11427553,O=C(c1ccc(C=Cc2n[nH]c3ccccc23)cc1)N1CCNCC1,7.267606240177031,6.027213504703672,6.313028032318133
11427553::TBK1::11333,TBK1,11427553,O=C(c1ccc(C=Cc2n[nH]c3ccccc23)cc1)N1CCNCC1,6.886056647693163,6.027213504703672,5.908967551847249
11427553::TNK1::11343,TNK1,11427553,O=C(c1ccc(C=Cc2n[nH]c3ccccc23)cc1)N1CCNCC1,6.236572006437063,6.027213504703672,6.228834985601375
11427553::TRKC::11348,TRKC,11427553,O=C(c1ccc(C=Cc2n[nH]c3ccccc23)cc1)N1CCNCC1,6.6020599913279625,6.027213504703672,6.41483029739049
11427553::TRPM6::11349,TRPM6,11427553,O=C(c1ccc(C=Cc2n[nH]c3ccccc23)cc1)N1CCNCC1,5.0,6.027213504703672,6.04242643816792
11427553::TSSK1B::11350,TSSK1B,11427553,O=C(c1ccc(C=Cc2n[nH]c3ccccc23)cc1)N1CCNCC1,5.638272163982407,6.027213504703672,5.602901698817173
11427553::ULK1::11355,ULK1,11427553,O=C(c1ccc(C=Cc2n[nH]c3ccccc23)cc1)N1CCNCC1,7.275724130399211,6.027213504703672,5.987938899604129
208908::ACVR2A::11375,ACVR2A,208908,CS(=O)(=O)CCNCc1ccc(-c2ccc3ncnc(Nc4ccc(OCc5cccc(F)c5)c(Cl)c4)c3c2)o1,5.0,5.047931975839957,5.15271883840863
208908::AKT1::11380,AKT1,208908,CS(=O)(=O)CCNCc1ccc(-c2ccc3ncnc(Nc4ccc(OCc5cccc(F)c5)c(Cl)c4)c3c2)o1,5.0,5.047931975839957,4.976335892038035
208908::AMPK-alpha1::11384,AMPK-alpha1,208908,CS(=O)(=O)CCNCc1ccc(-c2ccc3ncnc(Nc4ccc(OCc5cccc(F)c5)c(Cl)c4)c3c2)o1,5.0,5.047931975839957,5.051343548963329
208908::ARK5::11387,ARK5,208908,CS(=O)(=O)CCNCc1ccc(-c2ccc3ncnc(Nc4ccc(OCc5cccc(F)c5)c(Cl)c4)c3c2)o1,5.0,5.047931975839957,5.041603581416296
208908::AXL::11393,AXL,208908,CS(=O)(=O)CCNCc1ccc(-c2ccc3ncnc(Nc4ccc(OCc5cccc(F)c5)c(Cl)c4)c3c2)o1,5.0,5.047931975839957,5.151069680248076
208908::BIKE::11394,BIKE,208908,CS(=O)(=O)CCNCc1ccc(-c2ccc3ncnc(Nc4ccc(OCc5cccc(F)c5)c(Cl)c4)c3c2)o1,5.0,5.047931975839957,5.22217435075488
208908::BLK::11395,BLK,208908,CS(=O)(=O)CCNCc1ccc(-c2ccc3ncnc(Nc4ccc(OCc5cccc(F)c5)c(Cl)c4)c3c2)o1,5.0,5.047931975839957,5.008106964159761
208908::BMPR1A::11396,BMPR1A,208908,CS(=O)(=O)CCNCc1ccc(-c2ccc3ncnc(Nc4ccc(OCc5cccc(F)c5)c(Cl)c4)c3c2)o1,5.0,5.047931975839957,5.07488581353819
208908::BRAF(V600E)::11400,BRAF(V600E),208908,CS(=O)(=O)CCNCc1ccc(-c2ccc3ncnc(Nc4ccc(OCc5cccc(F)c5)c(Cl)c4)c3c2)o1,5.0,5.047931975839957,5.017247664280298
208908::BRSK1::11402,BRSK1,208908,CS(=O)(=O)CCNCc1ccc(-c2ccc3ncnc(Nc4ccc(OCc5cccc(F)c5)c(Cl)c4)c3c2)o1,5.0,5.047931975839957,4.983955888692384
208908::CAMK1::11405,CAMK1,208908,CS(=O)(=O)CCNCc1ccc(-c2ccc3ncnc(Nc4ccc(OCc5cccc(F)c5)c(Cl)c4)c3c2)o1,5.0,5.047931975839957,5.0310337361151864
208908::CAMK1D::11406,CAMK1D,208908,CS(=O)(=O)CCNCc1ccc(-c2ccc3ncnc(Nc4ccc(OCc5cccc(F)c5)c(Cl)c4)c3c2)o1,5.0,5.047931975839957,5.045980356996505
208908::CAMK1G::11407,CAMK1G,208908,CS(=O)(=O)CCNCc1ccc(-c2ccc3ncnc(Nc4ccc(OCc5cccc(F)c5)c(Cl)c4)c3c2)o1,5.0,5.047931975839957,5.057062234376673
208908::CAMK2G::11411,CAMK2G,208908,CS(=O)(=O)CCNCc1ccc(-c2ccc3ncnc(Nc4ccc(OCc5cccc(F)c5)c(Cl)c4)c3c2)o1,5.0,5.047931975839957,4.944521461245711
208908::CAMK4::11412,CAMK4,208908,CS(=O)(=O)CCNCc1ccc(-c2ccc3ncnc(Nc4ccc(OCc5cccc(F)c5)c(Cl)c4)c3c2)o1,5.0,5.047931975839957,4.966661201447067
208908::CAMKK1::11413,CAMKK1,208908,CS(=O)(=O)CCNCc1ccc(-c2ccc3ncnc(Nc4ccc(OCc5cccc(F)c5)c(Cl)c4)c3c2)o1,5.0,5.047931975839957,4.987470793452953
208908::CDKL2::11428,CDKL2,208908,CS(=O)(=O)CCNCc1ccc(-c2ccc3ncnc(Nc4ccc(OCc5cccc(F)c5)c(Cl)c4)c3c2)o1,5.0,5.047931975839957,5.17021714310485
208908::CDKL5::11430,CDKL5,208908,CS(=O)(=O)CCNCc1ccc(-c2ccc3ncnc(Nc4ccc(OCc5cccc(F)c5)c(Cl)c4)c3c2)o1,5.0,5.047931975839957,4.950805856129953
208908::CLK1::11434,CLK1,208908,CS(=O)(=O)CCNCc1ccc(-c2ccc3ncnc(Nc4ccc(OCc5cccc(F)c5)c(Cl)c4)c3c2)o1,5.0,5.047931975839957,5.088092204568256
208908::CLK2::11435,CLK2,208908,CS(=O)(=O)CCNCc1ccc(-c2ccc3ncnc(Nc4ccc(OCc5cccc(F)c5)c(Cl)c4)c3c2)o1,5.0,5.047931975839957,5.452142967519077
208908::CSNK1A1L::11441,CSNK1A1L,208908,CS(=O)(=O)CCNCc1ccc(-c2ccc3ncnc(Nc4ccc(OCc5cccc(F)c5)c(Cl)c4)c3c2)o1,5.0,5.047931975839957,4.953301106655133
208908::CSNK1G1::11444,CSNK1G1,208908,CS(=O)(=O)CCNCc1ccc(-c2ccc3ncnc(Nc4ccc(OCc5cccc(F)c5)c(Cl)c4)c3c2)o1,5.0,5.047931975839957,5.043167412371764
208908::CSNK1G3::11446,CSNK1G3,208908,CS(=O)(=O)CCNCc1ccc(-c2ccc3ncnc(Nc4ccc(OCc5cccc(F)c5)c(Cl)c4)c3c2)o1,5.0,5.047931975839957,4.995324795718357
208908::DCAMKL1::11453,DCAMKL1,208908,CS(=O)(=O)CCNCc1ccc(-c2ccc3ncnc(Nc4ccc(OCc5cccc(F)c5)c(Cl)c4)c3c2)o1,5.0,5.047931975839957,4.975416266592385
208908::DCAMKL2::11454,DCAMKL2,208908,CS(=O)(=O)CCNCc1ccc(-c2ccc3ncnc(Nc4ccc(OCc5cccc(F)c5)c(Cl)c4)c3c2)o1,5.0,5.047931975839957,4.970936076230724
208908::DMPK::11459,DMPK,208908,CS(=O)(=O)CCNCc1ccc(-c2ccc3ncnc(Nc4ccc(OCc5cccc(F)c5)c(Cl)c4)c3c2)o1,5.0,5.047931975839957,5.008920661553222
208908::DYRK1A::11463,DYRK1A,208908,CS(=O)(=O)CCNCc1ccc(-c2ccc3ncnc(Nc4ccc(OCc5cccc(F)c5)c(Cl)c4)c3c2)o1,5.0,5.047931975839957,5.004344713863554
208908::EPHA6::11473,EPHA6,208908,CS(=O)(=O)CCNCc1ccc(-c2ccc3ncnc(Nc4ccc(OCc5cccc(F)c5)c(Cl)c4)c3c2)o1,5.0,5.047931975839957,5.439917951764975
208908::ERBB2::11481,ERBB2,208908,CS(=O)(=O)CCNCc1ccc(-c2ccc3ncnc(Nc4ccc(OCc5cccc(F)c5)c(Cl)c4)c3c2)o1,8.154901959985743,5.047931975839957,5.4721259605534405
208908::FGFR3(G697C)::11496,FGFR3(G697C),208908,CS(=O)(=O)CCNCc1ccc(-c2ccc3ncnc(Nc4ccc(OCc5cccc(F)c5)c(Cl)c4)c3c2)o1,5.0,5.047931975839957,4.991731581026766
208908::FLT1::11499,FLT1,208908,CS(=O)(=O)CCNCc1ccc(-c2ccc3ncnc(Nc4ccc(OCc5cccc(F)c5)c(Cl)c4)c3c2)o1,5.0,5.047931975839957,5.130728859507768
208908::FLT4::11501,FLT4,208908,CS(=O)(=O)CCNCc1ccc(-c2ccc3ncnc(Nc4ccc(OCc5cccc(F)c5)c(Cl)c4)c3c2)o1,5.0,5.047931975839957,4.997185531481902
208908::FYN::11503,FYN,208908,CS(=O)(=O)CCNCc1ccc(-c2ccc3ncnc(Nc4ccc(OCc5cccc(F)c5)c(Cl)c4)c3c2)o1,5.0,5.047931975839957,5.155480376434434
208908::GAK::11504,GAK,208908,CS(=O)(=O)CCNCc1ccc(-c2ccc3ncnc(Nc4ccc(OCc5cccc(F)c5)c(Cl)c4)c3c2)o1,5.0,5.047931975839957,5.0203576695988685
208908::HIPK3::11514,HIPK3,208908,CS(=O)(=O)CCNCc1ccc(-c2ccc3ncnc(Nc4ccc(OCc5cccc(F)c5)c(Cl)c4)c3c2)o1,5.0,5.047931975839957,5.0531945460997045
208908::HUNK::11517,HUNK,208908,CS(=O)(=O)CCNCc1ccc(-c2ccc3ncnc(Nc4ccc(OCc5cccc(F)c5)c(Cl)c4)c3c2)o1,5.0,5.047931975839957,5.0711659791196935
208908::ICK::11518,ICK,208908,CS(=O)(=O)CCNCc1ccc(-c2ccc3ncnc(Nc4ccc(OCc5cccc(F)c5)c(Cl)c4)c3c2)o1,5.0,5.047931975839957,4.970428154971043
208908::IKK-alpha::11520,IKK-alpha,208908,CS(=O)(=O)CCNCc1ccc(-c2ccc3ncnc(Nc4ccc(OCc5cccc(F)c5)c(Cl)c4)c3c2)o1,5.0,5.047931975839957,5.002747546455877
208908::IKK-epsilon::11522,IKK-epsilon,208908,CS(=O)(=O)CCNCc1ccc(-c2ccc3ncnc(Nc4ccc(OCc5cccc(F)c5)c(Cl)c4)c3c2)o1,5.0,5.047931975839957,4.929290375988753
208908::JAK3(JH1domain-catalytic)::11531,JAK3(JH1domain-catalytic),208908,CS(=O)(=O)CCNCc1ccc(-c2ccc3ncnc(Nc4ccc(OCc5cccc(F)c5)c(Cl)c4)c3c2)o1,5.0,5.047931975839957,5.023093610480237
208908::JNK1::11532,JNK1,208908,CS(=O)(=O)CCNCc1ccc(-c2ccc3ncnc(Nc4ccc(OCc5cccc(F)c5)c(Cl)c4)c3c2)o1,5.0,5.047931975839957,4.9753281050630145
208908::JNK2::11533,JNK2,208908,CS(=O)(=O)CCNCc1ccc(-c2ccc3ncnc(Nc4ccc(OCc5cccc(F)c5)c(Cl)c4)c3c2)o1,5.0,5.047931975839957,4.9924982333165016
208908::LOK::11542,LOK,208908,CS(=O)(=O)CCNCc1ccc(-c2ccc3ncnc(Nc4ccc(OCc5cccc(F)c5)c(Cl)c4)c3c2)o1,5.356547323513812,5.047931975839957,5.176641065658255
208908::MAK::11547,MAK,208908,CS(=O)(=O)CCNCc1ccc(-c2ccc3ncnc(Nc4ccc(OCc5cccc(F)c5)c(Cl)c4)c3c2)o1,5.0,5.047931975839957,5.148506948377919
208908::MAP3K15::11549,MAP3K15,208908,CS(=O)(=O)CCNCc1ccc(-c2ccc3ncnc(Nc4ccc(OCc5cccc(F)c5)c(Cl)c4)c3c2)o1,5.0,5.047931975839957,4.955967938588116
208908::MAP4K2::11553,MAP4K2,208908,CS(=O)(=O)CCNCc1ccc(-c2ccc3ncnc(Nc4ccc(OCc5cccc(F)c5)c(Cl)c4)c3c2)o1,5.0,5.047931975839957,5.070440643175926
208908::MAP4K3::11554,MAP4K3,208908,CS(=O)(=O)CCNCc1ccc(-c2ccc3ncnc(Nc4ccc(OCc5cccc(F)c5)c(Cl)c4)c3c2)o1,5.0,5.047931975839957,5.0739371785024305
208908::MEK1::11564,MEK1,208908,CS(=O)(=O)CCNCc1ccc(-c2ccc3ncnc(Nc4ccc(OCc5cccc(F)c5)c(Cl)c4)c3c2)o1,5.0,5.047931975839957,5.113846890570521
208908::MELK::11570,MELK,208908,CS(=O)(=O)CCNCc1ccc(-c2ccc3ncnc(Nc4ccc(OCc5cccc(F)c5)c(Cl)c4)c3c2)o1,5.0,5.047931975839957,5.010046528915671
208908::MLK1::11578,MLK1,208908,CS(=O)(=O)CCNCc1ccc(-c2ccc3ncnc(Nc4ccc(OCc5cccc(F)c5)c(Cl)c4)c3c2)o1,5.0,5.047931975839957,5.067499008705426
208908::MLK2::11579,MLK2,208908,CS(=O)(=O)CCNCc1ccc(-c2ccc3ncnc(Nc4ccc(OCc5cccc(F)c5)c(Cl)c4)c3c2)o1,5.0,5.047931975839957,4.984987170478195
208908::MLK3::11580,MLK3,208908,CS(=O)(=O)CCNCc1ccc(-c2ccc3ncnc(Nc4ccc(OCc5cccc(F)c5)c(Cl)c4)c3c2)o1,5.0,5.047931975839957,5.1754313686362785
208908::MST1::11583,MST1,208908,CS(=O)(=O)CCNCc1ccc(-c2ccc3ncnc(Nc4ccc(OCc5cccc(F)c5)c(Cl)c4)c3c2)o1,5.0,5.047931975839957,5.086184811780767
208908::MST1R::11584,MST1R,208908,CS(=O)(=O)CCNCc1ccc(-c2ccc3ncnc(Nc4ccc(OCc5cccc(F)c5)c(Cl)c4)c3c2)o1,5.0,5.047931975839957,5.081908531008929
208908::MST2::11585,MST2,208908,CS(=O)(=O)CCNCc1ccc(-c2ccc3ncnc(Nc4ccc(OCc5cccc(F)c5)c(Cl)c4)c3c2)o1,5.0,5.047931975839957,5.13301851158272
208908::MST3::11586,MST3,208908,CS(=O)(=O)CCNCc1ccc(-c2ccc3ncnc(Nc4ccc(OCc5cccc(F)c5)c(Cl)c4)c3c2)o1,5.0,5.047931975839957,5.076362305008458
208908::MYLK::11590,MYLK,208908,CS(=O)(=O)CCNCc1ccc(-c2ccc3ncnc(Nc4ccc(OCc5cccc(F)c5)c(Cl)c4)c3c2)o1,5.0,5.047931975839957,5.139188038661106
208908::MYLK2::11591,MYLK2,208908,CS(=O)(=O)CCNCc1ccc(-c2ccc3ncnc(Nc4ccc(OCc5cccc(F)c5)c(Cl)c4)c3c2)o1,5.0,5.047931975839957,5.068606728991136
208908::NEK1::11597,NEK1,208908,CS(=O)(=O)CCNCc1ccc(-c2ccc3ncnc(Nc4ccc(OCc5cccc(F)c5)c(Cl)c4)c3c2)o1,5.0,5.047931975839957,5.043002324671697
208908::p38-alpha::11609,p38-alpha,208908,CS(=O)(=O)CCNCc1ccc(-c2ccc3ncnc(Nc4ccc(OCc5cccc(F)c5)c(Cl)c4)c3c2)o1,5.0,5.047931975839957,4.965870758303953
208908::PAK4::11616,PAK4,208908,CS(=O)(=O)CCNCc1ccc(-c2ccc3ncnc(Nc4ccc(OCc5cccc(F)c5)c(Cl)c4)c3c2)o1,5.0,5.047931975839957,5.122639131582407
208908::PFPK5(Pfalciparum)::11626,PFPK5(Pfalciparum),208908,CS(=O)(=O)CCNCc1ccc(-c2ccc3ncnc(Nc4ccc(OCc5cccc(F)c5)c(Cl)c4)c3c2)o1,5.0,5.047931975839957,4.91028275447633
208908::PIK3CA(Q546K)::11633,PIK3CA(Q546K),208908,CS(=O)(=O)CCNCc1ccc(-c2ccc3ncnc(Nc4ccc(OCc5cccc(F)c5)c(Cl)c4)c3c2)o1,5.0,5.047931975839957,4.980240348067628
208908::PIK3CD::11635,PIK3CD,208908,CS(=O)(=O)CCNCc1ccc(-c2ccc3ncnc(Nc4ccc(OCc5cccc(F)c5)c(Cl)c4)c3c2)o1,5.0,5.047931975839957,5.037942814274745
208908::PIM3::11640,PIM3,208908,CS(=O)(=O)CCNCc1ccc(-c2ccc3ncnc(Nc4ccc(OCc5cccc(F)c5)c(Cl)c4)c3c2)o1,5.0,5.047931975839957,4.965841744359865
208908::PRKCE::11656,PRKCE,208908,CS(=O)(=O)CCNCc1ccc(-c2ccc3ncnc(Nc4ccc(OCc5cccc(F)c5)c(Cl)c4)c3c2)o1,5.0,5.047931975839957,5.019791777950044
208908::PYK2::11668,PYK2,208908,CS(=O)(=O)CCNCc1ccc(-c2ccc3ncnc(Nc4ccc(OCc5cccc(F)c5)c(Cl)c4)c3c2)o1,5.0,5.047931975839957,5.143245202483664
208908::RIPK5::11678,RIPK5,208908,CS(=O)(=O)CCNCc1ccc(-c2ccc3ncnc(Nc4ccc(OCc5cccc(F)c5)c(Cl)c4)c3c2)o1,5.0,5.047931975839957,5.017894789583734
208908::RSK2(KinDom.1-N-terminal)::11685,RSK2(KinDom.1-N-terminal),208908,CS(=O)(=O)CCNCc1ccc(-c2ccc3ncnc(Nc4ccc(OCc5cccc(F)c5)c(Cl)c4)c3c2)o1,5.0,5.047931975839957,5.060484493558568
208908::SNARK::11695,SNARK,208908,CS(=O)(=O)CCNCc1ccc(-c2ccc3ncnc(Nc4ccc(OCc5cccc(F)c5)c(Cl)c4)c3c2)o1,5.0,5.047931975839957,5.030411055992632
208908::TBK1::11712,TBK1,208908,CS(=O)(=O)CCNCc1ccc(-c2ccc3ncnc(Nc4ccc(OCc5cccc(F)c5)c(Cl)c4)c3c2)o1,5.0,5.047931975839957,5.013130717741767
208908::TNK1::11722,TNK1,208908,CS(=O)(=O)CCNCc1ccc(-c2ccc3ncnc(Nc4ccc(OCc5cccc(F)c5)c(Cl)c4)c3c2)o1,5.0,5.047931975839957,5.103467682112096
208908::TRKC::11727,TRKC,208908,CS(=O)(=O)CCNCc1ccc(-c2ccc3ncnc(Nc4ccc(OCc5cccc(F)c5)c(Cl)c4)c3c2)o1,5.0,5.047931975839957,5.222075214973868
208908::TRPM6::11728,TRPM6,208908,CS(=O)(=O)CCNCc1ccc(-c2ccc3ncnc(Nc4ccc(OCc5cccc(F)c5)c(Cl)c4)c3c2)o1,5.0,5.047931975839957,5.043648002386929
208908::TSSK1B::11729,TSSK1B,208908,CS(=O)(=O)CCNCc1ccc(-c2ccc3ncnc(Nc4ccc(OCc5cccc(F)c5)c(Cl)c4)c3c2)o1,5.0,5.047931975839957,4.96331344194786
208908::ULK1::11734,ULK1,208908,CS(=O)(=O)CCNCc1ccc(-c2ccc3ncnc(Nc4ccc(OCc5cccc(F)c5)c(Cl)c4)c3c2)o1,5.0,5.047931975839957,5.075755306558123
126565::ACVR2A::11754,ACVR2A,126565,CC12OC(CC1(O)CO)n1c3ccccc3c3c4c(c5c6ccccc6n2c5c31)CNC4=O,5.6020599913279625,6.725776446056964,7.236217506747174
126565::AKT1::11759,AKT1,126565,CC12OC(CC1(O)CO)n1c3ccccc3c3c4c(c5c6ccccc6n2c5c31)CNC4=O,5.356547323513812,6.725776446056964,6.540751810801977
126565::AMPK-alpha1::11763,AMPK-alpha1,126565,CC12OC(CC1(O)CO)n1c3ccccc3c3c4c(c5c6ccccc6n2c5c31)CNC4=O,7.602059991327962,6.725776446056964,7.249544452917347
126565::ARK5::11766,ARK5,126565,CC12OC(CC1(O)CO)n1c3ccccc3c3c4c(c5c6ccccc6n2c5c31)CNC4=O,8.431798275933005,6.725776446056964,6.511412623705449
126565::AXL::11772,AXL,126565,CC12OC(CC1(O)CO)n1c3ccccc3c3c4c(c5c6ccccc6n2c5c31)CNC4=O,7.455931955649724,6.725776446056964,6.190586600100752
126565::BIKE::11773,BIKE,126565,CC12OC(CC1(O)CO)n1c3ccccc3c3c4c(c5c6ccccc6n2c5c31)CNC4=O,7.795880017344075,6.725776446056964,6.741945699446935
126565::BLK::11774,BLK,126565,CC12OC(CC1(O)CO)n1c3ccccc3c3c4c(c5c6ccccc6n2c5c31)CNC4=O,6.795880017344075,6.725776446056964,6.608157643300907
126565::BMPR1A::11775,BMPR1A,126565,CC12OC(CC1(O)CO)n1c3ccccc3c3c4c(c5c6ccccc6n2c5c31)CNC4=O,6.022276394711152,6.725776446056964,6.583521792384275
126565::BRAF(V600E)::11779,BRAF(V600E),126565,CC12OC(CC1(O)CO)n1c3ccccc3c3c4c(c5c6ccccc6n2c5c31)CNC4=O,5.0,6.725776446056964,7.10176776289794
126565::BRSK1::11781,BRSK1,126565,CC12OC(CC1(O)CO)n1c3ccccc3c3c4c(c5c6ccccc6n2c5c31)CNC4=O,7.602059991327962,6.725776446056964,7.337661179733058
126565::CAMK1::11784,CAMK1,126565,CC12OC(CC1(O)CO)n1c3ccccc3c3c4c(c5c6ccccc6n2c5c31)CNC4=O,6.886056647693163,6.725776446056964,7.237819981367203
126565::CAMK1D::11785,CAMK1D,126565,CC12OC(CC1(O)CO)n1c3ccccc3c3c4c(c5c6ccccc6n2c5c31)CNC4=O,7.327902142064282,6.725776446056964,6.733052805417012
126565::CAMK1G::11786,CAMK1G,126565,CC12OC(CC1(O)CO)n1c3ccccc3c3c4c(c5c6ccccc6n2c5c31)CNC4=O,6.327902142064282,6.725776446056964,6.7957989730804815
126565::CAMK2G::11790,CAMK2G,126565,CC12OC(CC1(O)CO)n1c3ccccc3c3c4c(c5c6ccccc6n2c5c31)CNC4=O,7.585026652029182,6.725776446056964,7.5453343518225475
126565::CAMK4::11791,CAMK4,126565,CC12OC(CC1(O)CO)n1c3ccccc3c3c4c(c5c6ccccc6n2c5c31)CNC4=O,5.522878745280337,6.725776446056964,7.624776292207965
126565::CAMKK1::11792,CAMKK1,126565,CC12OC(CC1(O)CO)n1c3ccccc3c3c4c(c5c6ccccc6n2c5c31)CNC4=O,7.638272163982407,6.725776446056964,7.215289125168784
126565::CDKL2::11807,CDKL2,126565,CC12OC(CC1(O)CO)n1c3ccccc3c3c4c(c5c6ccccc6n2c5c31)CNC4=O,7.366531544420413,6.725776446056964,6.310757856899544
126565::CDKL5::11809,CDKL5,126565,CC12OC(CC1(O)CO)n1c3ccccc3c3c4c(c5c6ccccc6n2c5c31)CNC4=O,8.0,6.725776446056964,6.274732779721557
126565::CLK1::11813,CLK1,126565,CC12OC(CC1(O)CO)n1c3ccccc3c3c4c(c5c6ccccc6n2c5c31)CNC4=O,8.017728766960431,6.725776446056964,7.578882114736347
126565::CLK2::11814,CLK2,126565,CC12OC(CC1(O)CO)n1c3ccccc3c3c4c(c5c6ccccc6n2c5c31)CNC4=O,7.356547323513812,6.725776446056964,7.256542012568219
126565::CSNK1A1L::11820,CSNK1A1L,126565,CC12OC(CC1(O)CO)n1c3ccccc3c3c4c(c5c6ccccc6n2c5c31)CNC4=O,5.1487416512809245,6.725776446056964,6.157414549364943
126565::CSNK1G1::11823,CSNK1G1,126565,CC12OC(CC1(O)CO)n1c3ccccc3c3c4c(c5c6ccccc6n2c5c31)CNC4=O,5.0,6.725776446056964,6.689284464717125
126565::CSNK1G3::11825,CSNK1G3,126565,CC12OC(CC1(O)CO)n1c3ccccc3c3c4c(c5c6ccccc6n2c5c31)CNC4=O,5.0,6.725776446056964,6.654520436691192
126565::DCAMKL1::11832,DCAMKL1,126565,CC12OC(CC1(O)CO)n1c3ccccc3c3c4c(c5c6ccccc6n2c5c31)CNC4=O,5.0,6.725776446056964,6.8562725644748355
126565::DCAMKL2::11833,DCAMKL2,126565,CC12OC(CC1(O)CO)n1c3ccccc3c3c4c(c5c6ccccc6n2c5c31)CNC4=O,5.346787486224656,6.725776446056964,7.031357786396646
126565::DMPK::11838,DMPK,126565,CC12OC(CC1(O)CO)n1c3ccccc3c3c4c(c5c6ccccc6n2c5c31)CNC4=O,6.619788758288394,6.725776446056964,6.958103799699188
126565::DYRK1A::11842,DYRK1A,126565,CC12OC(CC1(O)CO)n1c3ccccc3c3c4c(c5c6ccccc6n2c5c31)CNC4=O,7.698970004336019,6.725776446056964,7.069919548057537
126565::EPHA6::11852,EPHA6,126565,CC12OC(CC1(O)CO)n1c3ccccc3c3c4c(c5c6ccccc6n2c5c31)CNC4=O,5.920818753952375,6.725776446056964,6.58729241784934
126565::ERBB2::11860,ERBB2,126565,CC12OC(CC1(O)CO)n1c3ccccc3c3c4c(c5c6ccccc6n2c5c31)CNC4=O,5.0,6.725776446056964,6.601060648129945
126565::FGFR3(G697C)::11875,FGFR3(G697C),126565,CC12OC(CC1(O)CO)n1c3ccccc3c3c4c(c5c6ccccc6n2c5c31)CNC4=O,6.236572006437063,6.725776446056964,6.202422240131655
126565::FLT1::11878,FLT1,126565,CC12OC(CC1(O)CO)n1c3ccccc3c3c4c(c5c6ccccc6n2c5c31)CNC4=O,6.920818753952375,6.725776446056964,6.80592837547841
126565::FLT4::11880,FLT4,126565,CC12OC(CC1(O)CO)n1c3ccccc3c3c4c(c5c6ccccc6n2c5c31)CNC4=O,7.769551078621726,6.725776446056964,6.925206056108367
126565::FYN::11882,FYN,126565,CC12OC(CC1(O)CO)n1c3ccccc3c3c4c(c5c6ccccc6n2c5c31)CNC4=O,7.075720713938118,6.725776446056964,6.440947657438186
126565::GAK::11883,GAK,126565,CC12OC(CC1(O)CO)n1c3ccccc3c3c4c(c5c6ccccc6n2c5c31)CNC4=O,8.136677139879545,6.725776446056964,6.5602472597350365
126565::HIPK3::11893,HIPK3,126565,CC12OC(CC1(O)CO)n1c3ccccc3c3c4c(c5c6ccccc6n2c5c31)CNC4=O,6.6020599913279625,6.725776446056964,6.925443307277547
126565::HUNK::11896,HUNK,126565,CC12OC(CC1(O)CO)n1c3ccccc3c3c4c(c5c6ccccc6n2c5c31)CNC4=O,6.2441251443275085,6.725776446056964,6.720523499043613
126565::ICK::11897,ICK,126565,CC12OC(CC1(O)CO)n1c3ccccc3c3c4c(c5c6ccccc6n2c5c31)CNC4=O,7.4089353929735005,6.725776446056964,6.659914922681729
126565::IKK-alpha::11899,IKK-alpha,126565,CC12OC(CC1(O)CO)n1c3ccccc3c3c4c(c5c6ccccc6n2c5c31)CNC4=O,8.045757490560675,6.725776446056964,6.594782263266694
126565::IKK-epsilon::11901,IKK-epsilon,126565,CC12OC(CC1(O)CO)n1c3ccccc3c3c4c(c5c6ccccc6n2c5c31)CNC4=O,7.958607314841775,6.725776446056964,6.475414060974084
126565::JAK3(JH1domain-catalytic)::11910,JAK3(JH1domain-catalytic),126565,CC12OC(CC1(O)CO)n1c3ccccc3c3c4c(c5c6ccccc6n2c5c31)CNC4=O,8.638272163982407,6.725776446056964,6.922915141233478
126565::JNK1::11911,JNK1,126565,CC12OC(CC1(O)CO)n1c3ccccc3c3c4c(c5c6ccccc6n2c5c31)CNC4=O,7.958607314841775,6.725776446056964,6.584786190332902
126565::JNK2::11912,JNK2,126565,CC12OC(CC1(O)CO)n1c3ccccc3c3c4c(c5c6ccccc6n2c5c31)CNC4=O,6.494850021680094,6.725776446056964,6.708775681306439
126565::LOK::11921,LOK,126565,CC12OC(CC1(O)CO)n1c3ccccc3c3c4c(c5c6ccccc6n2c5c31)CNC4=O,8.244125144327509,6.725776446056964,7.039914594289143
126565::MAK::11926,MAK,126565,CC12OC(CC1(O)CO)n1c3ccccc3c3c4c(c5c6ccccc6n2c5c31)CNC4=O,5.769551078621726,6.725776446056964,6.8429675389082725
126565::MAP3K15::11928,MAP3K15,126565,CC12OC(CC1(O)CO)n1c3ccccc3c3c4c(c5c6ccccc6n2c5c31)CNC4=O,8.468521082957745,6.725776446056964,6.276980427117132
126565::MAP4K2::11932,MAP4K2,126565,CC12OC(CC1(O)CO)n1c3ccccc3c3c4c(c5c6ccccc6n2c5c31)CNC4=O,8.327902142064282,6.725776446056964,6.75586884735667
126565::MAP4K3::11933,MAP4K3,126565,CC12OC(CC1(O)CO)n1c3ccccc3c3c4c(c5c6ccccc6n2c5c31)CNC4=O,6.958607314841775,6.725776446056964,7.438824765635254
126565::MEK1::11943,MEK1,126565,CC12OC(CC1(O)CO)n1c3ccccc3c3c4c(c5c6ccccc6n2c5c31)CNC4=O,8.455931955649724,6.725776446056964,7.094808709861323
126565::MELK::11949,MELK,126565,CC12OC(CC1(O)CO)n1c3ccccc3c3c4c(c5c6ccccc6n2c5c31)CNC4=O,7.585026652029182,6.725776446056964,6.964926458154765
126565::MLK1::11957,MLK1,126565,CC12OC(CC1(O)CO)n1c3ccccc3c3c4c(c5c6ccccc6n2c5c31)CNC4=O,8.455931955649724,6.725776446056964,6.7019307163822734
126565::MLK2::11958,MLK2,126565,CC12OC(CC1(O)CO)n1c3ccccc3c3c4c(c5c6ccccc6n2c5c31)CNC4=O,7.823908740944319,6.725776446056964,6.502057805745719
126565::MLK3::11959,MLK3,126565,CC12OC(CC1(O)CO)n1c3ccccc3c3c4c(c5c6ccccc6n2c5c31)CNC4=O,7.744727494896693,6.725776446056964,6.821324216046098
126565::MST1::11962,MST1,126565,CC12OC(CC1(O)CO)n1c3ccccc3c3c4c(c5c6ccccc6n2c5c31)CNC4=O,8.522878745280337,6.725776446056964,7.477187773341621
126565::MST1R::11963,MST1R,126565,CC12OC(CC1(O)CO)n1c3ccccc3c3c4c(c5c6ccccc6n2c5c31)CNC4=O,5.086186147616283,6.725776446056964,7.048466536454894
126565::MST2::11964,MST2,126565,CC12OC(CC1(O)CO)n1c3ccccc3c3c4c(c5c6ccccc6n2c5c31)CNC4=O,8.619788758288394,6.725776446056964,7.263262374565025
126565::MST3::11965,MST3,126565,CC12OC(CC1(O)CO)n1c3ccccc3c3c4c(c5c6ccccc6n2c5c31)CNC4=O,6.119186407719209,6.725776446056964,6.862002323167569
126565::MYLK::11969,MYLK,126565,CC12OC(CC1(O)CO)n1c3ccccc3c3c4c(c5c6ccccc6n2c5c31)CNC4=O,7.886056647693163,6.725776446056964,6.848054166084478
126565::MYLK2::11970,MYLK2,126565,CC12OC(CC1(O)CO)n1c3ccccc3c3c4c(c5c6ccccc6n2c5c31)CNC4=O,7.251811972993799,6.725776446056964,6.781973338695977
126565::NEK1::11976,NEK1,126565,CC12OC(CC1(O)CO)n1c3ccccc3c3c4c(c5c6ccccc6n2c5c31)CNC4=O,5.6020599913279625,6.725776446056964,7.041622078886767
126565::p38-alpha::11988,p38-alpha,126565,CC12OC(CC1(O)CO)n1c3ccccc3c3c4c(c5c6ccccc6n2c5c31)CNC4=O,5.0,6.725776446056964,6.3676653279245174
126565::PAK4::11995,PAK4,126565,CC12OC(CC1(O)CO)n1c3ccccc3c3c4c(c5c6ccccc6n2c5c31)CNC4=O,7.619788758288394,6.725776446056964,7.528797350415965
126565::PFPK5(Pfalciparum)::12005,PFPK5(Pfalciparum),126565,CC12OC(CC1(O)CO)n1c3ccccc3c3c4c(c5c6ccccc6n2c5c31)CNC4=O,5.251811972993799,6.725776446056964,6.115647541087182
126565::PIK3CA(Q546K)::12012,PIK3CA(Q546K),126565,CC12OC(CC1(O)CO)n1c3ccccc3c3c4c(c5c6ccccc6n2c5c31)CNC4=O,7.309803919971486,6.725776446056964,6.25252774421516
126565::PIK3CD::12014,PIK3CD,126565,CC12OC(CC1(O)CO)n1c3ccccc3c3c4c(c5c6ccccc6n2c5c31)CNC4=O,5.3979400086720375,6.725776446056964,6.936790999275169
126565::PIM3::12019,PIM3,126565,CC12OC(CC1(O)CO)n1c3ccccc3c3c4c(c5c6ccccc6n2c5c31)CNC4=O,7.744727494896693,6.725776446056964,6.756437230921161
126565::PRKCE::12035,PRKCE,126565,CC12OC(CC1(O)CO)n1c3ccccc3c3c4c(c5c6ccccc6n2c5c31)CNC4=O,6.795880017344075,6.725776446056964,7.073163146171526
126565::PYK2::12047,PYK2,126565,CC12OC(CC1(O)CO)n1c3ccccc3c3c4c(c5c6ccccc6n2c5c31)CNC4=O,7.387216143280264,6.725776446056964,6.851228131953169
126565::RIPK5::12057,RIPK5,126565,CC12OC(CC1(O)CO)n1c3ccccc3c3c4c(c5c6ccccc6n2c5c31)CNC4=O,8.275724130399212,6.725776446056964,6.68337612914713
126565::RSK2(KinDom.1-N-terminal)::12064,RSK2(KinDom.1-N-terminal),126565,CC12OC(CC1(O)CO)n1c3ccccc3c3c4c(c5c6ccccc6n2c5c31)CNC4=O,6.537602002101044,6.725776446056964,7.285065760725099
126565::SNARK::12074,SNARK,126565,CC12OC(CC1(O)CO)n1c3ccccc3c3c4c(c5c6ccccc6n2c5c31)CNC4=O,9.0,6.725776446056964,7.012360050451848
126565::TBK1::12091,TBK1,126565,CC12OC(CC1(O)CO)n1c3ccccc3c3c4c(c5c6ccccc6n2c5c31)CNC4=O,7.744727494896693,6.725776446056964,6.8892551258455805
126565::TNK1::12101,TNK1,126565,CC12OC(CC1(O)CO)n1c3ccccc3c3c4c(c5c6ccccc6n2c5c31)CNC4=O,8.031517051446064,6.725776446056964,6.493818770509124
126565::TRKC::12106,TRKC,126565,CC12OC(CC1(O)CO)n1c3ccccc3c3c4c(c5c6ccccc6n2c5c31)CNC4=O,7.853871964321762,6.725776446056964,6.915863814367093
126565::TRPM6::12107,TRPM6,126565,CC12OC(CC1(O)CO)n1c3ccccc3c3c4c(c5c6ccccc6n2c5c31)CNC4=O,5.0,6.725776446056964,6.664015016466918
126565::TSSK1B::12108,TSSK1B,126565,CC12OC(CC1(O)CO)n1c3ccccc3c3c4c(c5c6ccccc6n2c5c31)CNC4=O,7.008773924307505,6.725776446056964,6.743393876620277
126565::ULK1::12113,ULK1,126565,CC12OC(CC1(O)CO)n1c3ccccc3c3c4c(c5c6ccccc6n2c5c31)CNC4=O,6.0,6.725776446056964,7.344269706155458
11485656::ACVR2A::12133,ACVR2A,11485656,Cc1ccc(F)c(NC(=O)Nc2ccc(-c3cccc4[nH]nc(N)c34)cc2)c1,5.0,5.306971783472993,5.428750540062608
11485656::AKT1::12138,AKT1,11485656,Cc1ccc(F)c(NC(=O)Nc2ccc(-c3cccc4[nH]nc(N)c34)cc2)c1,5.0,5.306971783472993,5.207919147799705
11485656::AMPK-alpha1::12142,AMPK-alpha1,11485656,Cc1ccc(F)c(NC(=O)Nc2ccc(-c3cccc4[nH]nc(N)c34)cc2)c1,5.0,5.306971783472993,5.1650626369830865
11485656::ARK5::12145,ARK5,11485656,Cc1ccc(F)c(NC(=O)Nc2ccc(-c3cccc4[nH]nc(N)c34)cc2)c1,5.0,5.306971783472993,5.193618152838991
11485656::AXL::12151,AXL,11485656,Cc1ccc(F)c(NC(=O)Nc2ccc(-c3cccc4[nH]nc(N)c34)cc2)c1,6.468521082957745,5.306971783472993,5.577965389907477
11485656::BIKE::12152,BIKE,11485656,Cc1ccc(F)c(NC(=O)Nc2ccc(-c3cccc4[nH]nc(N)c34)cc2)c1,5.0,5.306971783472993,5.406908782993138
11485656::BLK::12153,BLK,11485656,Cc1ccc(F)c(NC(=O)Nc2ccc(-c3cccc4[nH]nc(N)c34)cc2)c1,5.0,5.306971783472993,5.2702480563552045
11485656::BMPR1A::12154,BMPR1A,11485656,Cc1ccc(F)c(NC(=O)Nc2ccc(-c3cccc4[nH]nc(N)c34)cc2)c1,5.0,5.306971783472993,5.195741813777731
11485656::BRAF(V600E)::12158,BRAF(V600E),11485656,Cc1ccc(F)c(NC(=O)Nc2ccc(-c3cccc4[nH]nc(N)c34)cc2)c1,5.0,5.306971783472993,5.200536601792153
11485656::BRSK1::12160,BRSK1,11485656,Cc1ccc(F)c(NC(=O)Nc2ccc(-c3cccc4[nH]nc(N)c34)cc2)c1,5.0,5.306971783472993,5.164784100252555
11485656::CAMK1::12163,CAMK1,11485656,Cc1ccc(F)c(NC(=O)Nc2ccc(-c3cccc4[nH]nc(N)c34)cc2)c1,5.0,5.306971783472993,5.12635909665915
11485656::CAMK1D::12164,CAMK1D,11485656,Cc1ccc(F)c(NC(=O)Nc2ccc(-c3cccc4[nH]nc(N)c34)cc2)c1,5.0,5.306971783472993,5.1932909408740064
11485656::CAMK1G::12165,CAMK1G,11485656,Cc1ccc(F)c(NC(=O)Nc2ccc(-c3cccc4[nH]nc(N)c34)cc2)c1,5.0,5.306971783472993,5.271750679226
11485656::CAMK2G::12169,CAMK2G,11485656,Cc1ccc(F)c(NC(=O)Nc2ccc(-c3cccc4[nH]nc(N)c34)cc2)c1,5.0,5.306971783472993,5.172504402790164
11485656::CAMK4::12170,CAMK4,11485656,Cc1ccc(F)c(NC(=O)Nc2ccc(-c3cccc4[nH]nc(N)c34)cc2)c1,5.0,5.306971783472993,5.346761228271693
11485656::CAMKK1::12171,CAMKK1,11485656,Cc1ccc(F)c(NC(=O)Nc2ccc(-c3cccc4[nH]nc(N)c34)cc2)c1,5.0,5.306971783472993,5.297956779202758
11485656::CDKL2::12186,CDKL2,11485656,Cc1ccc(F)c(NC(=O)Nc2ccc(-c3cccc4[nH]nc(N)c34)cc2)c1,5.0,5.306971783472993,5.311604725173228
11485656::CDKL5::12188,CDKL5,11485656,Cc1ccc(F)c(NC(=O)Nc2ccc(-c3cccc4[nH]nc(N)c34)cc2)c1,5.0,5.306971783472993,5.102635608189324
11485656::CLK1::12192,CLK1,11485656,Cc1ccc(F)c(NC(=O)Nc2ccc(-c3cccc4[nH]nc(N)c34)cc2)c1,5.050609993355087,5.306971783472993,5.439071475617929
11485656::CLK2::12193,CLK2,11485656,Cc1ccc(F)c(NC(=O)Nc2ccc(-c3cccc4[nH]nc(N)c34)cc2)c1,5.0,5.306971783472993,5.619010470148464
11485656::CSNK1A1L::12199,CSNK1A1L,11485656,Cc1ccc(F)c(NC(=O)Nc2ccc(-c3cccc4[nH]nc(N)c34)cc2)c1,5.0,5.306971783472993,5.095447259691671
11485656::CSNK1G1::12202,CSNK1G1,11485656,Cc1ccc(F)c(NC(=O)Nc2ccc(-c3cccc4[nH]nc(N)c34)cc2)c1,5.0,5.306971783472993,5.162976380264028
11485656::CSNK1G3::12204,CSNK1G3,11485656,Cc1ccc(F)c(NC(=O)Nc2ccc(-c3cccc4[nH]nc(N)c34)cc2)c1,5.0,5.306971783472993,5.087071298334534
11485656::DCAMKL1::12211,DCAMKL1,11485656,Cc1ccc(F)c(NC(=O)Nc2ccc(-c3cccc4[nH]nc(N)c34)cc2)c1,5.0,5.306971783472993,5.1821154785353345
11485656::DCAMKL2::12212,DCAMKL2,11485656,Cc1ccc(F)c(NC(=O)Nc2ccc(-c3cccc4[nH]nc(N)c34)cc2)c1,5.0,5.306971783472993,5.163779729023445
11485656::DMPK::12217,DMPK,11485656,Cc1ccc(F)c(NC(=O)Nc2ccc(-c3cccc4[nH]nc(N)c34)cc2)c1,5.0,5.306971783472993,5.295127321251294
11485656::DYRK1A::12221,DYRK1A,11485656,Cc1ccc(F)c(NC(=O)Nc2ccc(-c3cccc4[nH]nc(N)c34)cc2)c1,5.0,5.306971783472993,5.28959565080458
11485656::EPHA6::12231,EPHA6,11485656,Cc1ccc(F)c(NC(=O)Nc2ccc(-c3cccc4[nH]nc(N)c34)cc2)c1,6.481486060122112,5.306971783472993,5.174120964535577
11485656::ERBB2::12239,ERBB2,11485656,Cc1ccc(F)c(NC(=O)Nc2ccc(-c3cccc4[nH]nc(N)c34)cc2)c1,5.0,5.306971783472993,5.246175237370937
11485656::FGFR3(G697C)::12254,FGFR3(G697C),11485656,Cc1ccc(F)c(NC(=O)Nc2ccc(-c3cccc4[nH]nc(N)c34)cc2)c1,5.0,5.306971783472993,5.33836135562332
11485656::FLT1::12257,FLT1,11485656,Cc1ccc(F)c(NC(=O)Nc2ccc(-c3cccc4[nH]nc(N)c34)cc2)c1,8.1249387366083,5.306971783472993,5.530262357081688
11485656::FLT4::12259,FLT4,11485656,Cc1ccc(F)c(NC(=O)Nc2ccc(-c3cccc4[nH]nc(N)c34)cc2)c1,7.795880017344075,5.306971783472993,5.4011636825771525
11485656::FYN::12261,FYN,11485656,Cc1ccc(F)c(NC(=O)Nc2ccc(-c3cccc4[nH]nc(N)c34)cc2)c1,5.0,5.306971783472993,5.446655386664521
11485656::GAK::12262,GAK,11485656,Cc1ccc(F)c(NC(=O)Nc2ccc(-c3cccc4[nH]nc(N)c34)cc2)c1,5.638272163982407,5.306971783472993,5.1997564439744615
11485656::HIPK3::12272,HIPK3,11485656,Cc1ccc(F)c(NC(=O)Nc2ccc(-c3cccc4[nH]nc(N)c34)cc2)c1,5.638272163982407,5.306971783472993,5.275883498627161
11485656::HUNK::12275,HUNK,11485656,Cc1ccc(F)c(NC(=O)Nc2ccc(-c3cccc4[nH]nc(N)c34)cc2)c1,5.0,5.306971783472993,5.321648043292952
11485656::ICK::12276,ICK,11485656,Cc1ccc(F)c(NC(=O)Nc2ccc(-c3cccc4[nH]nc(N)c34)cc2)c1,5.0,5.306971783472993,5.138210502166931
11485656::IKK-alpha::12278,IKK-alpha,11485656,Cc1ccc(F)c(NC(=O)Nc2ccc(-c3cccc4[nH]nc(N)c34)cc2)c1,5.0,5.306971783472993,5.116130949131427
11485656::IKK-epsilon::12280,IKK-epsilon,11485656,Cc1ccc(F)c(NC(=O)Nc2ccc(-c3cccc4[nH]nc(N)c34)cc2)c1,5.0,5.306971783472993,5.319210288163241
11485656::JAK3(JH1domain-catalytic)::12289,JAK3(JH1domain-catalytic),11485656,Cc1ccc(F)c(NC(=O)Nc2ccc(-c3cccc4[nH]nc(N)c34)cc2)c1,5.0,5.306971783472993,5.156063376120378
11485656::JNK1::12290,JNK1,11485656,Cc1ccc(F)c(NC(=O)Nc2ccc(-c3cccc4[nH]nc(N)c34)cc2)c1,5.0,5.306971783472993,5.21034943723095
11485656::JNK2::12291,JNK2,11485656,Cc1ccc(F)c(NC(=O)Nc2ccc(-c3cccc4[nH]nc(N)c34)cc2)c1,6.619788758288394,5.306971783472993,5.406832868319799
11485656::LOK::12300,LOK,11485656,Cc1ccc(F)c(NC(=O)Nc2ccc(-c3cccc4[nH]nc(N)c34)cc2)c1,6.337242168318426,5.306971783472993,5.490597740850724
11485656::MAK::12305,MAK,11485656,Cc1ccc(F)c(NC(=O)Nc2ccc(-c3cccc4[nH]nc(N)c34)cc2)c1,5.0,5.306971783472993,5.357712246551603
11485656::MAP3K15::12307,MAP3K15,11485656,Cc1ccc(F)c(NC(=O)Nc2ccc(-c3cccc4[nH]nc(N)c34)cc2)c1,5.0,5.306971783472993,5.145757574090929
11485656::MAP4K2::12311,MAP4K2,11485656,Cc1ccc(F)c(NC(=O)Nc2ccc(-c3cccc4[nH]nc(N)c34)cc2)c1,5.0,5.306971783472993,5.2491049826705884
11485656::MAP4K3::12312,MAP4K3,11485656,Cc1ccc(F)c(NC(=O)Nc2ccc(-c3cccc4[nH]nc(N)c34)cc2)c1,5.494850021680094,5.306971783472993,5.327271923215493
11485656::MEK1::12322,MEK1,11485656,Cc1ccc(F)c(NC(=O)Nc2ccc(-c3cccc4[nH]nc(N)c34)cc2)c1,5.0,5.306971783472993,5.372558481553469
11485656::MELK::12328,MELK,11485656,Cc1ccc(F)c(NC(=O)Nc2ccc(-c3cccc4[nH]nc(N)c34)cc2)c1,5.0,5.306971783472993,5.151468664320785
11485656::MLK1::12336,MLK1,11485656,Cc1ccc(F)c(NC(=O)Nc2ccc(-c3cccc4[nH]nc(N)c34)cc2)c1,5.0,5.306971783472993,5.332620448360532
11485656::MLK2::12337,MLK2,11485656,Cc1ccc(F)c(NC(=O)Nc2ccc(-c3cccc4[nH]nc(N)c34)cc2)c1,5.0,5.306971783472993,5.197665868207062
11485656::MLK3::12338,MLK3,11485656,Cc1ccc(F)c(NC(=O)Nc2ccc(-c3cccc4[nH]nc(N)c34)cc2)c1,5.0,5.306971783472993,5.350866715930588
11485656::MST1::12341,MST1,11485656,Cc1ccc(F)c(NC(=O)Nc2ccc(-c3cccc4[nH]nc(N)c34)cc2)c1,5.853871964321762,5.306971783472993,5.428963360167332
11485656::MST1R::12342,MST1R,11485656,Cc1ccc(F)c(NC(=O)Nc2ccc(-c3cccc4[nH]nc(N)c34)cc2)c1,5.119186407719209,5.306971783472993,5.425061653360597
11485656::MST2::12343,MST2,11485656,Cc1ccc(F)c(NC(=O)Nc2ccc(-c3cccc4[nH]nc(N)c34)cc2)c1,5.823908740944319,5.306971783472993,5.340403360008782
11485656::MST3::12344,MST3,11485656,Cc1ccc(F)c(NC(=O)Nc2ccc(-c3cccc4[nH]nc(N)c34)cc2)c1,5.0,5.306971783472993,5.2199161856922585
11485656::MYLK::12348,MYLK,11485656,Cc1ccc(F)c(NC(=O)Nc2ccc(-c3cccc4[nH]nc(N)c34)cc2)c1,5.0,5.306971783472993,5.327203931643908
11485656::MYLK2::12349,MYLK2,11485656,Cc1ccc(F)c(NC(=O)Nc2ccc(-c3cccc4[nH]nc(N)c34)cc2)c1,5.552841968657781,5.306971783472993,5.196466527953467
11485656::NEK1::12355,NEK1,11485656,Cc1ccc(F)c(NC(=O)Nc2ccc(-c3cccc4[nH]nc(N)c34)cc2)c1,5.0,5.306971783472993,5.207766188333544
11485656::p38-alpha::12367,p38-alpha,11485656,Cc1ccc(F)c(NC(=O)Nc2ccc(-c3cccc4[nH]nc(N)c34)cc2)c1,5.0,5.306971783472993,5.2441632578746
11485656::PAK4::12374,PAK4,11485656,Cc1ccc(F)c(NC(=O)Nc2ccc(-c3cccc4[nH]nc(N)c34)cc2)c1,5.0,5.306971783472993,5.416919717217172
11485656::PFPK5(Pfalciparum)::12384,PFPK5(Pfalciparum),11485656,Cc1ccc(F)c(NC(=O)Nc2ccc(-c3cccc4[nH]nc(N)c34)cc2)c1,5.0,5.306971783472993,5.106002809654804
11485656::PIK3CA(Q546K)::12391,PIK3CA(Q546K),11485656,Cc1ccc(F)c(NC(=O)Nc2ccc(-c3cccc4[nH]nc(N)c34)cc2)c1,5.0,5.306971783472993,5.096685378639572
11485656::PIK3CD::12393,PIK3CD,11485656,Cc1ccc(F)c(NC(=O)Nc2ccc(-c3cccc4[nH]nc(N)c34)cc2)c1,5.0,5.306971783472993,5.2936316482030925
11485656::PIM3::12398,PIM3,11485656,Cc1ccc(F)c(NC(=O)Nc2ccc(-c3cccc4[nH]nc(N)c34)cc2)c1,5.0,5.306971783472993,5.316052909484038
11485656::PRKCE::12414,PRKCE,11485656,Cc1ccc(F)c(NC(=O)Nc2ccc(-c3cccc4[nH]nc(N)c34)cc2)c1,5.0,5.306971783472993,5.180881510867569
11485656::PYK2::12426,PYK2,11485656,Cc1ccc(F)c(NC(=O)Nc2ccc(-c3cccc4[nH]nc(N)c34)cc2)c1,5.0,5.306971783472993,5.395799157213483
11485656::RIPK5::12436,RIPK5,11485656,Cc1ccc(F)c(NC(=O)Nc2ccc(-c3cccc4[nH]nc(N)c34)cc2)c1,5.0,5.306971783472993,5.104717387208139
11485656::RSK2(KinDom.1-N-terminal)::12443,RSK2(KinDom.1-N-terminal),11485656,Cc1ccc(F)c(NC(=O)Nc2ccc(-c3cccc4[nH]nc(N)c34)cc2)c1,5.0,5.306971783472993,5.241797223674698
11485656::SNARK::12453,SNARK,11485656,Cc1ccc(F)c(NC(=O)Nc2ccc(-c3cccc4[nH]nc(N)c34)cc2)c1,5.0,5.306971783472993,5.159743839168474
11485656::TBK1::12470,TBK1,11485656,Cc1ccc(F)c(NC(=O)Nc2ccc(-c3cccc4[nH]nc(N)c34)cc2)c1,5.0,5.306971783472993,5.283699318561455
11485656::TNK1::12480,TNK1,11485656,Cc1ccc(F)c(NC(=O)Nc2ccc(-c3cccc4[nH]nc(N)c34)cc2)c1,5.0,5.306971783472993,5.302611491453042
11485656::TRKC::12485,TRKC,11485656,Cc1ccc(F)c(NC(=O)Nc2ccc(-c3cccc4[nH]nc(N)c34)cc2)c1,6.6777807052660805,5.306971783472993,5.80359784538228
11485656::TRPM6::12486,TRPM6,11485656,Cc1ccc(F)c(NC(=O)Nc2ccc(-c3cccc4[nH]nc(N)c34)cc2)c1,5.0,5.306971783472993,5.321675204447684
11485656::TSSK1B::12487,TSSK1B,11485656,Cc1ccc(F)c(NC(=O)Nc2ccc(-c3cccc4[nH]nc(N)c34)cc2)c1,5.0,5.306971783472993,5.162896817342301
11485656::ULK1::12492,ULK1,11485656,Cc1ccc(F)c(NC(=O)Nc2ccc(-c3cccc4[nH]nc(N)c34)cc2)c1,5.0,5.306971783472993,5.251661093244368
9929127::ACVR2A::12512,ACVR2A,9929127,COc1c(Cl)cc2c([nH]c3cnccc32)c1NC(=O)c1cccnc1C,5.0,5.0292865332936385,4.968715766573471
9929127::AKT1::12517,AKT1,9929127,COc1c(Cl)cc2c([nH]c3cnccc32)c1NC(=O)c1cccnc1C,5.0,5.0292865332936385,4.989751535325813
9929127::AMPK-alpha1::12521,AMPK-alpha1,9929127,COc1c(Cl)cc2c([nH]c3cnccc32)c1NC(=O)c1cccnc1C,5.0,5.0292865332936385,5.002191856588751
9929127::ARK5::12524,ARK5,9929127,COc1c(Cl)cc2c([nH]c3cnccc32)c1NC(=O)c1cccnc1C,5.0,5.0292865332936385,4.976907315091142
9929127::AXL::12530,AXL,9929127,COc1c(Cl)cc2c([nH]c3cnccc32)c1NC(=O)c1cccnc1C,5.0,5.0292865332936385,5.200616505689507
9929127::BIKE::12531,BIKE,9929127,COc1c(Cl)cc2c([nH]c3cnccc32)c1NC(=O)c1cccnc1C,5.0,5.0292865332936385,5.145902875408259
9929127::BLK::12532,BLK,9929127,COc1c(Cl)cc2c([nH]c3cnccc32)c1NC(=O)c1cccnc1C,5.0,5.0292865332936385,4.9980711034792735
9929127::BMPR1A::12533,BMPR1A,9929127,COc1c(Cl)cc2c([nH]c3cnccc32)c1NC(=O)c1cccnc1C,5.0,5.0292865332936385,5.050623279887918
9929127::BRAF(V600E)::12537,BRAF(V600E),9929127,COc1c(Cl)cc2c([nH]c3cnccc32)c1NC(=O)c1cccnc1C,5.0,5.0292865332936385,5.0293786618334835
9929127::BRSK1::12539,BRSK1,9929127,COc1c(Cl)cc2c([nH]c3cnccc32)c1NC(=O)c1cccnc1C,5.0,5.0292865332936385,5.022555978776307
9929127::CAMK1::12542,CAMK1,9929127,COc1c(Cl)cc2c([nH]c3cnccc32)c1NC(=O)c1cccnc1C,5.0,5.0292865332936385,4.974568347203952
9929127::CAMK1D::12543,CAMK1D,9929127,COc1c(Cl)cc2c([nH]c3cnccc32)c1NC(=O)c1cccnc1C,5.0,5.0292865332936385,4.997441795218373
9929127::CAMK1G::12544,CAMK1G,9929127,COc1c(Cl)cc2c([nH]c3cnccc32)c1NC(=O)c1cccnc1C,5.0,5.0292865332936385,5.006570489959497
9929127::CAMK2G::12548,CAMK2G,9929127,COc1c(Cl)cc2c([nH]c3cnccc32)c1NC(=O)c1cccnc1C,5.0,5.0292865332936385,5.008087232976305
9929127::CAMK4::12549,CAMK4,9929127,COc1c(Cl)cc2c([nH]c3cnccc32)c1NC(=O)c1cccnc1C,5.0,5.0292865332936385,4.95651681639387
9929127::CAMKK1::12550,CAMKK1,9929127,COc1c(Cl)cc2c([nH]c3cnccc32)c1NC(=O)c1cccnc1C,5.0,5.0292865332936385,4.997869930244156
9929127::CDKL2::12565,CDKL2,9929127,COc1c(Cl)cc2c([nH]c3cnccc32)c1NC(=O)c1cccnc1C,5.0,5.0292865332936385,5.109145122001774
9929127::CDKL5::12567,CDKL5,9929127,COc1c(Cl)cc2c([nH]c3cnccc32)c1NC(=O)c1cccnc1C,5.0,5.0292865332936385,5.044705260032881
9929127::CLK1::12571,CLK1,9929127,COc1c(Cl)cc2c([nH]c3cnccc32)c1NC(=O)c1cccnc1C,6.1938200260161125,5.0292865332936385,5.163542177234926
9929127::CLK2::12572,CLK2,9929127,COc1c(Cl)cc2c([nH]c3cnccc32)c1NC(=O)c1cccnc1C,5.638272163982407,5.0292865332936385,5.301031130225091
9929127::CSNK1A1L::12578,CSNK1A1L,9929127,COc1c(Cl)cc2c([nH]c3cnccc32)c1NC(=O)c1cccnc1C,5.0,5.0292865332936385,4.970564858668266
9929127::CSNK1G1::12581,CSNK1G1,9929127,COc1c(Cl)cc2c([nH]c3cnccc32)c1NC(=O)c1cccnc1C,5.0,5.0292865332936385,5.008952507971213
9929127::CSNK1G3::12583,CSNK1G3,9929127,COc1c(Cl)cc2c([nH]c3cnccc32)c1NC(=O)c1cccnc1C,5.0,5.0292865332936385,4.982649017191137
9929127::DCAMKL1::12590,DCAMKL1,9929127,COc1c(Cl)cc2c([nH]c3cnccc32)c1NC(=O)c1cccnc1C,5.0,5.0292865332936385,5.035577315224478
9929127::DCAMKL2::12591,DCAMKL2,9929127,COc1c(Cl)cc2c([nH]c3cnccc32)c1NC(=O)c1cccnc1C,5.0,5.0292865332936385,4.97245976486714
9929127::DMPK::12596,DMPK,9929127,COc1c(Cl)cc2c([nH]c3cnccc32)c1NC(=O)c1cccnc1C,5.0,5.0292865332936385,4.9796028840013395
9929127::DYRK1A::12600,DYRK1A,9929127,COc1c(Cl)cc2c([nH]c3cnccc32)c1NC(=O)c1cccnc1C,5.6777807052660805,5.0292865332936385,5.103873906197644
9929127::EPHA6::12610,EPHA6,9929127,COc1c(Cl)cc2c([nH]c3cnccc32)c1NC(=O)c1cccnc1C,5.0,5.0292865332936385,5.130289254418547
9929127::ERBB2::12618,ERBB2,9929127,COc1c(Cl)cc2c([nH]c3cnccc32)c1NC(=O)c1cccnc1C,5.0,5.0292865332936385,5.058949749622705
9929127::FGFR3(G697C)::12633,FGFR3(G697C),9929127,COc1c(Cl)cc2c([nH]c3cnccc32)c1NC(=O)c1cccnc1C,5.0,5.0292865332936385,5.063867851330389
9929127::FLT1::12636,FLT1,9929127,COc1c(Cl)cc2c([nH]c3cnccc32)c1NC(=O)c1cccnc1C,5.0,5.0292865332936385,5.015319729468583
9929127::FLT4::12638,FLT4,9929127,COc1c(Cl)cc2c([nH]c3cnccc32)c1NC(=O)c1cccnc1C,5.0,5.0292865332936385,5.119885202478064
9929127::FYN::12640,FYN,9929127,COc1c(Cl)cc2c([nH]c3cnccc32)c1NC(=O)c1cccnc1C,5.0,5.0292865332936385,5.0196622232782415
9929127::GAK::12641,GAK,9929127,COc1c(Cl)cc2c([nH]c3cnccc32)c1NC(=O)c1cccnc1C,5.0,5.0292865332936385,5.075138353761857
9929127::HIPK3::12651,HIPK3,9929127,COc1c(Cl)cc2c([nH]c3cnccc32)c1NC(=O)c1cccnc1C,5.0,5.0292865332936385,5.073692740250847
9929127::HUNK::12654,HUNK,9929127,COc1c(Cl)cc2c([nH]c3cnccc32)c1NC(=O)c1cccnc1C,5.0,5.0292865332936385,5.1236211119466955
9929127::ICK::12655,ICK,9929127,COc1c(Cl)cc2c([nH]c3cnccc32)c1NC(=O)c1cccnc1C,5.0,5.0292865332936385,4.968081196034686
9929127::IKK-alpha::12657,IKK-alpha,9929127,COc1c(Cl)cc2c([nH]c3cnccc32)c1NC(=O)c1cccnc1C,6.0,5.0292865332936385,4.983291242603683
9929127::IKK-epsilon::12659,IKK-epsilon,9929127,COc1c(Cl)cc2c([nH]c3cnccc32)c1NC(=O)c1cccnc1C,5.0,5.0292865332936385,4.992466893442543
9929127::JAK3(JH1domain-catalytic)::12668,JAK3(JH1domain-catalytic),9929127,COc1c(Cl)cc2c([nH]c3cnccc32)c1NC(=O)c1cccnc1C,5.0,5.0292865332936385,5.011672905369526
9929127::JNK1::12669,JNK1,9929127,COc1c(Cl)cc2c([nH]c3cnccc32)c1NC(=O)c1cccnc1C,5.0,5.0292865332936385,5.006865058494839
9929127::JNK2::12670,JNK2,9929127,COc1c(Cl)cc2c([nH]c3cnccc32)c1NC(=O)c1cccnc1C,5.0,5.0292865332936385,4.9839818839401895
9929127::LOK::12679,LOK,9929127,COc1c(Cl)cc2c([nH]c3cnccc32)c1NC(=O)c1cccnc1C,5.0,5.0292865332936385,5.253968747384396
9929127::MAK::12684,MAK,9929127,COc1c(Cl)cc2c([nH]c3cnccc32)c1NC(=O)c1cccnc1C,5.0,5.0292865332936385,5.053615781121391
9929127::MAP3K15::12686,MAP3K15,9929127,COc1c(Cl)cc2c([nH]c3cnccc32)c1NC(=O)c1cccnc1C,5.0,5.0292865332936385,4.973712665378009
9929127::MAP4K2::12690,MAP4K2,9929127,COc1c(Cl)cc2c([nH]c3cnccc32)c1NC(=O)c1cccnc1C,5.0,5.0292865332936385,5.024452026757937
9929127::MAP4K3::12691,MAP4K3,9929127,COc1c(Cl)cc2c([nH]c3cnccc32)c1NC(=O)c1cccnc1C,5.0,5.0292865332936385,5.101470497596433
9929127::MEK1::12701,MEK1,9929127,COc1c(Cl)cc2c([nH]c3cnccc32)c1NC(=O)c1cccnc1C,5.0,5.0292865332936385,5.067413027569153
9929127::MELK::12707,MELK,9929127,COc1c(Cl)cc2c([nH]c3cnccc32)c1NC(=O)c1cccnc1C,5.0,5.0292865332936385,5.014373730442555
9929127::MLK1::12715,MLK1,9929127,COc1c(Cl)cc2c([nH]c3cnccc32)c1NC(=O)c1cccnc1C,5.0,5.0292865332936385,5.093028144972406
9929127::MLK2::12716,MLK2,9929127,COc1c(Cl)cc2c([nH]c3cnccc32)c1NC(=O)c1cccnc1C,5.0,5.0292865332936385,5.000479622004694
9929127::MLK3::12717,MLK3,9929127,COc1c(Cl)cc2c([nH]c3cnccc32)c1NC(=O)c1cccnc1C,5.0,5.0292865332936385,5.068097115496286
9929127::MST1::12720,MST1,9929127,COc1c(Cl)cc2c([nH]c3cnccc32)c1NC(=O)c1cccnc1C,5.0,5.0292865332936385,5.014617671226376
9929127::MST1R::12721,MST1R,9929127,COc1c(Cl)cc2c([nH]c3cnccc32)c1NC(=O)c1cccnc1C,5.0,5.0292865332936385,5.079939644433161
9929127::MST2::12722,MST2,9929127,COc1c(Cl)cc2c([nH]c3cnccc32)c1NC(=O)c1cccnc1C,5.0,5.0292865332936385,5.124108383212577
9929127::MST3::12723,MST3,9929127,COc1c(Cl)cc2c([nH]c3cnccc32)c1NC(=O)c1cccnc1C,5.0,5.0292865332936385,5.048679665831239
9929127::MYLK::12727,MYLK,9929127,COc1c(Cl)cc2c([nH]c3cnccc32)c1NC(=O)c1cccnc1C,5.0,5.0292865332936385,5.089830169789923
9929127::MYLK2::12728,MYLK2,9929127,COc1c(Cl)cc2c([nH]c3cnccc32)c1NC(=O)c1cccnc1C,5.0,5.0292865332936385,5.015423005390275
9929127::NEK1::12734,NEK1,9929127,COc1c(Cl)cc2c([nH]c3cnccc32)c1NC(=O)c1cccnc1C,5.0,5.0292865332936385,4.973575448633702
9929127::p38-alpha::12746,p38-alpha,9929127,COc1c(Cl)cc2c([nH]c3cnccc32)c1NC(=O)c1cccnc1C,5.0,5.0292865332936385,4.971404929605825
9929127::PAK4::12753,PAK4,9929127,COc1c(Cl)cc2c([nH]c3cnccc32)c1NC(=O)c1cccnc1C,5.0,5.0292865332936385,5.089858135990379
9929127::PFPK5(Pfalciparum)::12763,PFPK5(Pfalciparum),9929127,COc1c(Cl)cc2c([nH]c3cnccc32)c1NC(=O)c1cccnc1C,5.0,5.0292865332936385,4.990119061947258
9929127::PIK3CA(Q546K)::12770,PIK3CA(Q546K),9929127,COc1c(Cl)cc2c([nH]c3cnccc32)c1NC(=O)c1cccnc1C,5.0,5.0292865332936385,4.953627736388134
9929127::PIK3CD::12772,PIK3CD,9929127,COc1c(Cl)cc2c([nH]c3cnccc32)c1NC(=O)c1cccnc1C,5.0,5.0292865332936385,4.992535300119808
9929127::PIM3::12777,PIM3,9929127,COc1c(Cl)cc2c([nH]c3cnccc32)c1NC(=O)c1cccnc1C,5.0,5.0292865332936385,5.031852388879903
9929127::PRKCE::12793,PRKCE,9929127,COc1c(Cl)cc2c([nH]c3cnccc32)c1NC(=O)c1cccnc1C,5.0,5.0292865332936385,5.0171393403057
9929127::PYK2::12805,PYK2,9929127,COc1c(Cl)cc2c([nH]c3cnccc32)c1NC(=O)c1cccnc1C,5.0,5.0292865332936385,5.166227180254321
9929127::RIPK5::12815,RIPK5,9929127,COc1c(Cl)cc2c([nH]c3cnccc32)c1NC(=O)c1cccnc1C,5.0,5.0292865332936385,4.989767207338064
9929127::RSK2(KinDom.1-N-terminal)::12822,RSK2(KinDom.1-N-terminal),9929127,COc1c(Cl)cc2c([nH]c3cnccc32)c1NC(=O)c1cccnc1C,5.0,5.0292865332936385,5.049465413629048
9929127::SNARK::12832,SNARK,9929127,COc1c(Cl)cc2c([nH]c3cnccc32)c1NC(=O)c1cccnc1C,5.0,5.0292865332936385,5.0352752803959655
9929127::TBK1::12849,TBK1,9929127,COc1c(Cl)cc2c([nH]c3cnccc32)c1NC(=O)c1cccnc1C,5.0,5.0292865332936385,5.105273214689359
9929127::TNK1::12859,TNK1,9929127,COc1c(Cl)cc2c([nH]c3cnccc32)c1NC(=O)c1cccnc1C,5.0,5.0292865332936385,5.124360510588864
9929127::TRKC::12864,TRKC,9929127,COc1c(Cl)cc2c([nH]c3cnccc32)c1NC(=O)c1cccnc1C,5.0,5.0292865332936385,5.148770285497099
9929127::TRPM6::12865,TRPM6,9929127,COc1c(Cl)cc2c([nH]c3cnccc32)c1NC(=O)c1cccnc1C,5.0,5.0292865332936385,5.067709765553818
9929127::TSSK1B::12866,TSSK1B,9929127,COc1c(Cl)cc2c([nH]c3cnccc32)c1NC(=O)c1cccnc1C,5.0,5.0292865332936385,4.9923156629667265
9929127::ULK1::12871,ULK1,9929127,COc1c(Cl)cc2c([nH]c3cnccc32)c1NC(=O)c1cccnc1C,5.0,5.0292865332936385,5.07110907734786
11712649::ACVR2A::12891,ACVR2A,11712649,O=C(O)c1ccc(Nc2ncc3c(n2)-c2ccc(Cl)cc2C(c2c(F)cccc2F)=NC3)cc1,5.0,5.153752396493352,5.25793810315267
11712649::AKT1::12896,AKT1,11712649,O=C(O)c1ccc(Nc2ncc3c(n2)-c2ccc(Cl)cc2C(c2c(F)cccc2F)=NC3)cc1,5.0,5.153752396493352,5.073843786924949
11712649::AMPK-alpha1::12900,AMPK-alpha1,11712649,O=C(O)c1ccc(Nc2ncc3c(n2)-c2ccc(Cl)cc2C(c2c(F)cccc2F)=NC3)cc1,5.0,5.153752396493352,5.145203295394603
11712649::ARK5::12903,ARK5,11712649,O=C(O)c1ccc(Nc2ncc3c(n2)-c2ccc(Cl)cc2C(c2c(F)cccc2F)=NC3)cc1,5.0,5.153752396493352,5.184274678653621
11712649::AXL::12909,AXL,11712649,O=C(O)c1ccc(Nc2ncc3c(n2)-c2ccc(Cl)cc2C(c2c(F)cccc2F)=NC3)cc1,6.356547323513812,5.153752396493352,5.298608875796399
11712649::BIKE::12910,BIKE,11712649,O=C(O)c1ccc(Nc2ncc3c(n2)-c2ccc(Cl)cc2C(c2c(F)cccc2F)=NC3)cc1,5.0,5.153752396493352,5.296999536072576
11712649::BLK::12911,BLK,11712649,O=C(O)c1ccc(Nc2ncc3c(n2)-c2ccc(Cl)cc2C(c2c(F)cccc2F)=NC3)cc1,7.167491087293763,5.153752396493352,5.177197482631172
11712649::BMPR1A::12912,BMPR1A,11712649,O=C(O)c1ccc(Nc2ncc3c(n2)-c2ccc(Cl)cc2C(c2c(F)cccc2F)=NC3)cc1,5.0,5.153752396493352,5.2122322434056345
11712649::BRAF(V600E)::12916,BRAF(V600E),11712649,O=C(O)c1ccc(Nc2ncc3c(n2)-c2ccc(Cl)cc2C(c2c(F)cccc2F)=NC3)cc1,5.0,5.153752396493352,5.104393627287254
11712649::BRSK1::12918,BRSK1,11712649,O=C(O)c1ccc(Nc2ncc3c(n2)-c2ccc(Cl)cc2C(c2c(F)cccc2F)=NC3)cc1,5.0,5.153752396493352,5.03470889438272
11712649::CAMK1::12921,CAMK1,11712649,O=C(O)c1ccc(Nc2ncc3c(n2)-c2ccc(Cl)cc2C(c2c(F)cccc2F)=NC3)cc1,5.0,5.153752396493352,5.090078337812147
11712649::CAMK1D::12922,CAMK1D,11712649,O=C(O)c1ccc(Nc2ncc3c(n2)-c2ccc(Cl)cc2C(c2c(F)cccc2F)=NC3)cc1,5.0,5.153752396493352,5.082058443588168
11712649::CAMK1G::12923,CAMK1G,11712649,O=C(O)c1ccc(Nc2ncc3c(n2)-c2ccc(Cl)cc2C(c2c(F)cccc2F)=NC3)cc1,5.0,5.153752396493352,5.029593278786737
11712649::CAMK2G::12927,CAMK2G,11712649,O=C(O)c1ccc(Nc2ncc3c(n2)-c2ccc(Cl)cc2C(c2c(F)cccc2F)=NC3)cc1,5.0,5.153752396493352,5.133355922553873
11712649::CAMK4::12928,CAMK4,11712649,O=C(O)c1ccc(Nc2ncc3c(n2)-c2ccc(Cl)cc2C(c2c(F)cccc2F)=NC3)cc1,5.0,5.153752396493352,5.10847390129122
11712649::CAMKK1::12929,CAMKK1,11712649,O=C(O)c1ccc(Nc2ncc3c(n2)-c2ccc(Cl)cc2C(c2c(F)cccc2F)=NC3)cc1,5.0,5.153752396493352,5.209592980602064
11712649::CDKL2::12944,CDKL2,11712649,O=C(O)c1ccc(Nc2ncc3c(n2)-c2ccc(Cl)cc2C(c2c(F)cccc2F)=NC3)cc1,5.0,5.153752396493352,5.144737559675715
11712649::CDKL5::12946,CDKL5,11712649,O=C(O)c1ccc(Nc2ncc3c(n2)-c2ccc(Cl)cc2C(c2c(F)cccc2F)=NC3)cc1,5.0,5.153752396493352,5.0333367466608046
11712649::CLK1::12950,CLK1,11712649,O=C(O)c1ccc(Nc2ncc3c(n2)-c2ccc(Cl)cc2C(c2c(F)cccc2F)=NC3)cc1,5.0,5.153752396493352,5.2505107571608685
11712649::CLK2::12951,CLK2,11712649,O=C(O)c1ccc(Nc2ncc3c(n2)-c2ccc(Cl)cc2C(c2c(F)cccc2F)=NC3)cc1,5.494850021680094,5.153752396493352,5.275946761849735
11712649::CSNK1A1L::12957,CSNK1A1L,11712649,O=C(O)c1ccc(Nc2ncc3c(n2)-c2ccc(Cl)cc2C(c2c(F)cccc2F)=NC3)cc1,5.0,5.153752396493352,5.173334482146558
11712649::CSNK1G1::12960,CSNK1G1,11712649,O=C(O)c1ccc(Nc2ncc3c(n2)-c2ccc(Cl)cc2C(c2c(F)cccc2F)=NC3)cc1,5.0,5.153752396493352,5.085889720612273
11712649::CSNK1G3::12962,CSNK1G3,11712649,O=C(O)c1ccc(Nc2ncc3c(n2)-c2ccc(Cl)cc2C(c2c(F)cccc2F)=NC3)cc1,5.0,5.153752396493352,5.022499787780189
11712649::DCAMKL1::12969,DCAMKL1,11712649,O=C(O)c1ccc(Nc2ncc3c(n2)-c2ccc(Cl)cc2C(c2c(F)cccc2F)=NC3)cc1,5.0,5.153752396493352,5.01127282424402
11712649::DCAMKL2::12970,DCAMKL2,11712649,O=C(O)c1ccc(Nc2ncc3c(n2)-c2ccc(Cl)cc2C(c2c(F)cccc2F)=NC3)cc1,5.0,5.153752396493352,5.012780032276681
11712649::DMPK::12975,DMPK,11712649,O=C(O)c1ccc(Nc2ncc3c(n2)-c2ccc(Cl)cc2C(c2c(F)cccc2F)=NC3)cc1,5.0,5.153752396493352,5.212749873160825
11712649::DYRK1A::12979,DYRK1A,11712649,O=C(O)c1ccc(Nc2ncc3c(n2)-c2ccc(Cl)cc2C(c2c(F)cccc2F)=NC3)cc1,5.0,5.153752396493352,5.0606475339116335
11712649::EPHA6::12989,EPHA6,11712649,O=C(O)c1ccc(Nc2ncc3c(n2)-c2ccc(Cl)cc2C(c2c(F)cccc2F)=NC3)cc1,6.236572006437063,5.153752396493352,5.266514975228364
11712649::ERBB2::12997,ERBB2,11712649,O=C(O)c1ccc(Nc2ncc3c(n2)-c2ccc(Cl)cc2C(c2c(F)cccc2F)=NC3)cc1,5.0,5.153752396493352,5.238644680929828
11712649::FGFR3(G697C)::13012,FGFR3(G697C),11712649,O=C(O)c1ccc(Nc2ncc3c(n2)-c2ccc(Cl)cc2C(c2c(F)cccc2F)=NC3)cc1,5.920818753952375,5.153752396493352,5.178872211524891
11712649::FLT1::13015,FLT1,11712649,O=C(O)c1ccc(Nc2ncc3c(n2)-c2ccc(Cl)cc2C(c2c(F)cccc2F)=NC3)cc1,6.0,5.153752396493352,5.1612215130647705
11712649::FLT4::13017,FLT4,11712649,O=C(O)c1ccc(Nc2ncc3c(n2)-c2ccc(Cl)cc2C(c2c(F)cccc2F)=NC3)cc1,5.508638306165727,5.153752396493352,5.1267642115299425
11712649::FYN::13019,FYN,11712649,O=C(O)c1ccc(Nc2ncc3c(n2)-c2ccc(Cl)cc2C(c2c(F)cccc2F)=NC3)cc1,5.886056647693163,5.153752396493352,5.65674293820304
11712649::GAK::13020,GAK,11712649,O=C(O)c1ccc(Nc2ncc3c(n2)-c2ccc(Cl)cc2C(c2c(F)cccc2F)=NC3)cc1,5.0,5.153752396493352,5.094615864384138
11712649::HIPK3::13030,HIPK3,11712649,O=C(O)c1ccc(Nc2ncc3c(n2)-c2ccc(Cl)cc2C(c2c(F)cccc2F)=NC3)cc1,5.0,5.153752396493352,5.196452950191412
11712649::HUNK::13033,HUNK,11712649,O=C(O)c1ccc(Nc2ncc3c(n2)-c2ccc(Cl)cc2C(c2c(F)cccc2F)=NC3)cc1,5.0,5.153752396493352,5.144099578307606
11712649::ICK::13034,ICK,11712649,O=C(O)c1ccc(Nc2ncc3c(n2)-c2ccc(Cl)cc2C(c2c(F)cccc2F)=NC3)cc1,5.0,5.153752396493352,5.007222738430659
11712649::IKK-alpha::13036,IKK-alpha,11712649,O=C(O)c1ccc(Nc2ncc3c(n2)-c2ccc(Cl)cc2C(c2c(F)cccc2F)=NC3)cc1,5.0,5.153752396493352,5.047356431173557
11712649::IKK-epsilon::13038,IKK-epsilon,11712649,O=C(O)c1ccc(Nc2ncc3c(n2)-c2ccc(Cl)cc2C(c2c(F)cccc2F)=NC3)cc1,5.0,5.153752396493352,5.018895658188981
11712649::JAK3(JH1domain-catalytic)::13047,JAK3(JH1domain-catalytic),11712649,O=C(O)c1ccc(Nc2ncc3c(n2)-c2ccc(Cl)cc2C(c2c(F)cccc2F)=NC3)cc1,5.0,5.153752396493352,5.101167485568328
11712649::JNK1::13048,JNK1,11712649,O=C(O)c1ccc(Nc2ncc3c(n2)-c2ccc(Cl)cc2C(c2c(F)cccc2F)=NC3)cc1,5.0,5.153752396493352,5.044569423082764
11712649::JNK2::13049,JNK2,11712649,O=C(O)c1ccc(Nc2ncc3c(n2)-c2ccc(Cl)cc2C(c2c(F)cccc2F)=NC3)cc1,5.0,5.153752396493352,5.033424515686779
11712649::LOK::13058,LOK,11712649,O=C(O)c1ccc(Nc2ncc3c(n2)-c2ccc(Cl)cc2C(c2c(F)cccc2F)=NC3)cc1,5.431798275933005,5.153752396493352,5.281734065694854
11712649::MAK::13063,MAK,11712649,O=C(O)c1ccc(Nc2ncc3c(n2)-c2ccc(Cl)cc2C(c2c(F)cccc2F)=NC3)cc1,5.0,5.153752396493352,5.1138867294762305
11712649::MAP3K15::13065,MAP3K15,11712649,O=C(O)c1ccc(Nc2ncc3c(n2)-c2ccc(Cl)cc2C(c2c(F)cccc2F)=NC3)cc1,5.0,5.153752396493352,5.041946702816526
11712649::MAP4K2::13069,MAP4K2,11712649,O=C(O)c1ccc(Nc2ncc3c(n2)-c2ccc(Cl)cc2C(c2c(F)cccc2F)=NC3)cc1,5.0,5.153752396493352,5.143962363188307
11712649::MAP4K3::13070,MAP4K3,11712649,O=C(O)c1ccc(Nc2ncc3c(n2)-c2ccc(Cl)cc2C(c2c(F)cccc2F)=NC3)cc1,5.0,5.153752396493352,5.213770133344535
11712649::MEK1::13080,MEK1,11712649,O=C(O)c1ccc(Nc2ncc3c(n2)-c2ccc(Cl)cc2C(c2c(F)cccc2F)=NC3)cc1,5.0,5.153752396493352,5.120507824899217
11712649::MELK::13086,MELK,11712649,O=C(O)c1ccc(Nc2ncc3c(n2)-c2ccc(Cl)cc2C(c2c(F)cccc2F)=NC3)cc1,5.0,5.153752396493352,5.118593324471212
11712649::MLK1::13094,MLK1,11712649,O=C(O)c1ccc(Nc2ncc3c(n2)-c2ccc(Cl)cc2C(c2c(F)cccc2F)=NC3)cc1,5.0,5.153752396493352,5.138521644566729
11712649::MLK2::13095,MLK2,11712649,O=C(O)c1ccc(Nc2ncc3c(n2)-c2ccc(Cl)cc2C(c2c(F)cccc2F)=NC3)cc1,5.0,5.153752396493352,5.132109058550236
11712649::MLK3::13096,MLK3,11712649,O=C(O)c1ccc(Nc2ncc3c(n2)-c2ccc(Cl)cc2C(c2c(F)cccc2F)=NC3)cc1,5.0,5.153752396493352,5.255610148431586
11712649::MST1::13099,MST1,11712649,O=C(O)c1ccc(Nc2ncc3c(n2)-c2ccc(Cl)cc2C(c2c(F)cccc2F)=NC3)cc1,5.0,5.153752396493352,5.185115723712592
11712649::MST1R::13100,MST1R,11712649,O=C(O)c1ccc(Nc2ncc3c(n2)-c2ccc(Cl)cc2C(c2c(F)cccc2F)=NC3)cc1,5.0,5.153752396493352,5.1661744295452445
11712649::MST2::13101,MST2,11712649,O=C(O)c1ccc(Nc2ncc3c(n2)-c2ccc(Cl)cc2C(c2c(F)cccc2F)=NC3)cc1,5.0,5.153752396493352,5.194405448036716
11712649::MST3::13102,MST3,11712649,O=C(O)c1ccc(Nc2ncc3c(n2)-c2ccc(Cl)cc2C(c2c(F)cccc2F)=NC3)cc1,5.0,5.153752396493352,5.123458877154411
11712649::MYLK::13106,MYLK,11712649,O=C(O)c1ccc(Nc2ncc3c(n2)-c2ccc(Cl)cc2C(c2c(F)cccc2F)=NC3)cc1,5.0,5.153752396493352,5.129744401930382
11712649::MYLK2::13107,MYLK2,11712649,O=C(O)c1ccc(Nc2ncc3c(n2)-c2ccc(Cl)cc2C(c2c(F)cccc2F)=NC3)cc1,5.0,5.153752396493352,5.08929390233996
11712649::NEK1::13113,NEK1,11712649,O=C(O)c1ccc(Nc2ncc3c(n2)-c2ccc(Cl)cc2C(c2c(F)cccc2F)=NC3)cc1,5.0,5.153752396493352,5.09651405942056
11712649::p38-alpha::13125,p38-alpha,11712649,O=C(O)c1ccc(Nc2ncc3c(n2)-c2ccc(Cl)cc2C(c2c(F)cccc2F)=NC3)cc1,5.0,5.153752396493352,5.039500392005646
11712649::PAK4::13132,PAK4,11712649,O=C(O)c1ccc(Nc2ncc3c(n2)-c2ccc(Cl)cc2C(c2c(F)cccc2F)=NC3)cc1,5.0,5.153752396493352,5.27396986000371
11712649::PFPK5(Pfalciparum)::13142,PFPK5(Pfalciparum),11712649,O=C(O)c1ccc(Nc2ncc3c(n2)-c2ccc(Cl)cc2C(c2c(F)cccc2F)=NC3)cc1,5.0,5.153752396493352,4.955219628817866
11712649::PIK3CA(Q546K)::13149,PIK3CA(Q546K),11712649,O=C(O)c1ccc(Nc2ncc3c(n2)-c2ccc(Cl)cc2C(c2c(F)cccc2F)=NC3)cc1,5.0,5.153752396493352,5.125163286429081
11712649::PIK3CD::13151,PIK3CD,11712649,O=C(O)c1ccc(Nc2ncc3c(n2)-c2ccc(Cl)cc2C(c2c(F)cccc2F)=NC3)cc1,5.0,5.153752396493352,5.122930243641078
11712649::PIM3::13156,PIM3,11712649,O=C(O)c1ccc(Nc2ncc3c(n2)-c2ccc(Cl)cc2C(c2c(F)cccc2F)=NC3)cc1,5.0,5.153752396493352,5.190743811610838
11712649::PRKCE::13172,PRKCE,11712649,O=C(O)c1ccc(Nc2ncc3c(n2)-c2ccc(Cl)cc2C(c2c(F)cccc2F)=NC3)cc1,5.0,5.153752396493352,5.083597864875081
11712649::PYK2::13184,PYK2,11712649,O=C(O)c1ccc(Nc2ncc3c(n2)-c2ccc(Cl)cc2C(c2c(F)cccc2F)=NC3)cc1,5.698970004336019,5.153752396493352,5.330251128859642
11712649::RIPK5::13194,RIPK5,11712649,O=C(O)c1ccc(Nc2ncc3c(n2)-c2ccc(Cl)cc2C(c2c(F)cccc2F)=NC3)cc1,5.0,5.153752396493352,5.099645122736012
11712649::RSK2(KinDom.1-N-terminal)::13201,RSK2(KinDom.1-N-terminal),11712649,O=C(O)c1ccc(Nc2ncc3c(n2)-c2ccc(Cl)cc2C(c2c(F)cccc2F)=NC3)cc1,5.0,5.153752396493352,5.229159234245985
11712649::SNARK::13211,SNARK,11712649,O=C(O)c1ccc(Nc2ncc3c(n2)-c2ccc(Cl)cc2C(c2c(F)cccc2F)=NC3)cc1,5.0,5.153752396493352,5.1569565760072384
11712649::TBK1::13228,TBK1,11712649,O=C(O)c1ccc(Nc2ncc3c(n2)-c2ccc(Cl)cc2C(c2c(F)cccc2F)=NC3)cc1,5.0,5.153752396493352,5.059196984264074
11712649::TNK1::13238,TNK1,11712649,O=C(O)c1ccc(Nc2ncc3c(n2)-c2ccc(Cl)cc2C(c2c(F)cccc2F)=NC3)cc1,5.619788758288394,5.153752396493352,5.226739718130671
11712649::TRKC::13243,TRKC,11712649,O=C(O)c1ccc(Nc2ncc3c(n2)-c2ccc(Cl)cc2C(c2c(F)cccc2F)=NC3)cc1,5.0,5.153752396493352,5.355940686143602
11712649::TRPM6::13244,TRPM6,11712649,O=C(O)c1ccc(Nc2ncc3c(n2)-c2ccc(Cl)cc2C(c2c(F)cccc2F)=NC3)cc1,5.0,5.153752396493352,5.114191376779323
11712649::TSSK1B::13245,TSSK1B,11712649,O=C(O)c1ccc(Nc2ncc3c(n2)-c2ccc(Cl)cc2C(c2c(F)cccc2F)=NC3)cc1,5.0,5.153752396493352,5.096335899130867
11712649::ULK1::13250,ULK1,11712649,O=C(O)c1ccc(Nc2ncc3c(n2)-c2ccc(Cl)cc2C(c2c(F)cccc2F)=NC3)cc1,5.0,5.153752396493352,5.128868376266986
10074640::ACVR2A::13270,ACVR2A,10074640,Cc1ccc(NC(=O)c2ccc(CN3CCN(C)CC3)cc2)cc1Nc1nc(-c2cccnc2)cs1,5.0,5.0961636709051135,5.298986317538349
10074640::AKT1::13275,AKT1,10074640,Cc1ccc(NC(=O)c2ccc(CN3CCN(C)CC3)cc2)cc1Nc1nc(-c2cccnc2)cs1,5.0,5.0961636709051135,5.138047555756968
10074640::AMPK-alpha1::13279,AMPK-alpha1,10074640,Cc1ccc(NC(=O)c2ccc(CN3CCN(C)CC3)cc2)cc1Nc1nc(-c2cccnc2)cs1,5.0,5.0961636709051135,5.006181080186811
10074640::ARK5::13282,ARK5,10074640,Cc1ccc(NC(=O)c2ccc(CN3CCN(C)CC3)cc2)cc1Nc1nc(-c2cccnc2)cs1,5.0,5.0961636709051135,5.057315255759536
10074640::AXL::13288,AXL,10074640,Cc1ccc(NC(=O)c2ccc(CN3CCN(C)CC3)cc2)cc1Nc1nc(-c2cccnc2)cs1,5.0,5.0961636709051135,5.290973992243805
10074640::BIKE::13289,BIKE,10074640,Cc1ccc(NC(=O)c2ccc(CN3CCN(C)CC3)cc2)cc1Nc1nc(-c2cccnc2)cs1,5.0,5.0961636709051135,5.338484807395586
10074640::BLK::13290,BLK,10074640,Cc1ccc(NC(=O)c2ccc(CN3CCN(C)CC3)cc2)cc1Nc1nc(-c2cccnc2)cs1,6.823908740944319,5.0961636709051135,5.144311886622726
10074640::BMPR1A::13291,BMPR1A,10074640,Cc1ccc(NC(=O)c2ccc(CN3CCN(C)CC3)cc2)cc1Nc1nc(-c2cccnc2)cs1,5.0,5.0961636709051135,5.259620716011304
10074640::BRAF(V600E)::13295,BRAF(V600E),10074640,Cc1ccc(NC(=O)c2ccc(CN3CCN(C)CC3)cc2)cc1Nc1nc(-c2cccnc2)cs1,5.7447274948966935,5.0961636709051135,5.006143517056057
10074640::BRSK1::13297,BRSK1,10074640,Cc1ccc(NC(=O)c2ccc(CN3CCN(C)CC3)cc2)cc1Nc1nc(-c2cccnc2)cs1,5.0,5.0961636709051135,4.967398441224504
10074640::CAMK1::13300,CAMK1,10074640,Cc1ccc(NC(=O)c2ccc(CN3CCN(C)CC3)cc2)cc1Nc1nc(-c2cccnc2)cs1,5.0,5.0961636709051135,5.036707194932514
10074640::CAMK1D::13301,CAMK1D,10074640,Cc1ccc(NC(=O)c2ccc(CN3CCN(C)CC3)cc2)cc1Nc1nc(-c2cccnc2)cs1,5.0,5.0961636709051135,5.023769221165819
10074640::CAMK1G::13302,CAMK1G,10074640,Cc1ccc(NC(=O)c2ccc(CN3CCN(C)CC3)cc2)cc1Nc1nc(-c2cccnc2)cs1,5.0,5.0961636709051135,5.037530450948047
10074640::CAMK2G::13306,CAMK2G,10074640,Cc1ccc(NC(=O)c2ccc(CN3CCN(C)CC3)cc2)cc1Nc1nc(-c2cccnc2)cs1,5.0,5.0961636709051135,5.080130727888941
10074640::CAMK4::13307,CAMK4,10074640,Cc1ccc(NC(=O)c2ccc(CN3CCN(C)CC3)cc2)cc1Nc1nc(-c2cccnc2)cs1,5.0,5.0961636709051135,5.068709866264321
10074640::CAMKK1::13308,CAMKK1,10074640,Cc1ccc(NC(=O)c2ccc(CN3CCN(C)CC3)cc2)cc1Nc1nc(-c2cccnc2)cs1,5.0,5.0961636709051135,5.125403650156103
10074640::CDKL2::13323,CDKL2,10074640,Cc1ccc(NC(=O)c2ccc(CN3CCN(C)CC3)cc2)cc1Nc1nc(-c2cccnc2)cs1,5.0,5.0961636709051135,5.169270266322981
10074640::CDKL5::13325,CDKL5,10074640,Cc1ccc(NC(=O)c2ccc(CN3CCN(C)CC3)cc2)cc1Nc1nc(-c2cccnc2)cs1,5.0,5.0961636709051135,4.987239724447111
10074640::CLK1::13329,CLK1,10074640,Cc1ccc(NC(=O)c2ccc(CN3CCN(C)CC3)cc2)cc1Nc1nc(-c2cccnc2)cs1,5.0,5.0961636709051135,5.194449370814447
10074640::CLK2::13330,CLK2,10074640,Cc1ccc(NC(=O)c2ccc(CN3CCN(C)CC3)cc2)cc1Nc1nc(-c2cccnc2)cs1,5.0,5.0961636709051135,5.44330481640037
10074640::CSNK1A1L::13336,CSNK1A1L,10074640,Cc1ccc(NC(=O)c2ccc(CN3CCN(C)CC3)cc2)cc1Nc1nc(-c2cccnc2)cs1,5.0,5.0961636709051135,4.997651830128625
10074640::CSNK1G1::13339,CSNK1G1,10074640,Cc1ccc(NC(=O)c2ccc(CN3CCN(C)CC3)cc2)cc1Nc1nc(-c2cccnc2)cs1,5.0,5.0961636709051135,4.998034712196063
10074640::CSNK1G3::13341,CSNK1G3,10074640,Cc1ccc(NC(=O)c2ccc(CN3CCN(C)CC3)cc2)cc1Nc1nc(-c2cccnc2)cs1,5.0,5.0961636709051135,4.911941371291997
10074640::DCAMKL1::13348,DCAMKL1,10074640,Cc1ccc(NC(=O)c2ccc(CN3CCN(C)CC3)cc2)cc1Nc1nc(-c2cccnc2)cs1,5.0,5.0961636709051135,4.970232193654407
10074640::DCAMKL2::13349,DCAMKL2,10074640,Cc1ccc(NC(=O)c2ccc(CN3CCN(C)CC3)cc2)cc1Nc1nc(-c2cccnc2)cs1,5.0,5.0961636709051135,4.972196785832978
10074640::DMPK::13354,DMPK,10074640,Cc1ccc(NC(=O)c2ccc(CN3CCN(C)CC3)cc2)cc1Nc1nc(-c2cccnc2)cs1,5.0,5.0961636709051135,5.066622588992307
10074640::DYRK1A::13358,DYRK1A,10074640,Cc1ccc(NC(=O)c2ccc(CN3CCN(C)CC3)cc2)cc1Nc1nc(-c2cccnc2)cs1,5.0,5.0961636709051135,5.0017430149943465
10074640::EPHA6::13368,EPHA6,10074640,Cc1ccc(NC(=O)c2ccc(CN3CCN(C)CC3)cc2)cc1Nc1nc(-c2cccnc2)cs1,5.0,5.0961636709051135,5.076411951878924
10074640::ERBB2::13376,ERBB2,10074640,Cc1ccc(NC(=O)c2ccc(CN3CCN(C)CC3)cc2)cc1Nc1nc(-c2cccnc2)cs1,5.920818753952375,5.0961636709051135,5.211988491755402
10074640::FGFR3(G697C)::13391,FGFR3(G697C),10074640,Cc1ccc(NC(=O)c2ccc(CN3CCN(C)CC3)cc2)cc1Nc1nc(-c2cccnc2)cs1,5.0,5.0961636709051135,5.095541751509436
10074640::FLT1::13394,FLT1,10074640,Cc1ccc(NC(=O)c2ccc(CN3CCN(C)CC3)cc2)cc1Nc1nc(-c2cccnc2)cs1,5.0,5.0961636709051135,5.159697138593989
10074640::FLT4::13396,FLT4,10074640,Cc1ccc(NC(=O)c2ccc(CN3CCN(C)CC3)cc2)cc1Nc1nc(-c2cccnc2)cs1,5.0,5.0961636709051135,5.067162371173775
10074640::FYN::13398,FYN,10074640,Cc1ccc(NC(=O)c2ccc(CN3CCN(C)CC3)cc2)cc1Nc1nc(-c2cccnc2)cs1,6.853871964321762,5.0961636709051135,5.644224619343801
10074640::GAK::13399,GAK,10074640,Cc1ccc(NC(=O)c2ccc(CN3CCN(C)CC3)cc2)cc1Nc1nc(-c2cccnc2)cs1,5.0,5.0961636709051135,5.042534345239377
10074640::HIPK3::13409,HIPK3,10074640,Cc1ccc(NC(=O)c2ccc(CN3CCN(C)CC3)cc2)cc1Nc1nc(-c2cccnc2)cs1,5.0,5.0961636709051135,5.048427695925029
10074640::HUNK::13412,HUNK,10074640,Cc1ccc(NC(=O)c2ccc(CN3CCN(C)CC3)cc2)cc1Nc1nc(-c2cccnc2)cs1,5.0,5.0961636709051135,5.08285422655828
10074640::ICK::13413,ICK,10074640,Cc1ccc(NC(=O)c2ccc(CN3CCN(C)CC3)cc2)cc1Nc1nc(-c2cccnc2)cs1,5.0,5.0961636709051135,5.084202936987489
10074640::IKK-alpha::13415,IKK-alpha,10074640,Cc1ccc(NC(=O)c2ccc(CN3CCN(C)CC3)cc2)cc1Nc1nc(-c2cccnc2)cs1,5.0,5.0961636709051135,4.972594982301508
10074640::IKK-epsilon::13417,IKK-epsilon,10074640,Cc1ccc(NC(=O)c2ccc(CN3CCN(C)CC3)cc2)cc1Nc1nc(-c2cccnc2)cs1,5.0,5.0961636709051135,4.993466430129478
10074640::JAK3(JH1domain-catalytic)::13426,JAK3(JH1domain-catalytic),10074640,Cc1ccc(NC(=O)c2ccc(CN3CCN(C)CC3)cc2)cc1Nc1nc(-c2cccnc2)cs1,5.0,5.0961636709051135,5.106177043291757
10074640::JNK1::13427,JNK1,10074640,Cc1ccc(NC(=O)c2ccc(CN3CCN(C)CC3)cc2)cc1Nc1nc(-c2cccnc2)cs1,5.0,5.0961636709051135,5.062637879719409
10074640::JNK2::13428,JNK2,10074640,Cc1ccc(NC(=O)c2ccc(CN3CCN(C)CC3)cc2)cc1Nc1nc(-c2cccnc2)cs1,5.0,5.0961636709051135,5.049382549224009
10074640::LOK::13437,LOK,10074640,Cc1ccc(NC(=O)c2ccc(CN3CCN(C)CC3)cc2)cc1Nc1nc(-c2cccnc2)cs1,5.0,5.0961636709051135,5.22163892209512
10074640::MAK::13442,MAK,10074640,Cc1ccc(NC(=O)c2ccc(CN3CCN(C)CC3)cc2)cc1Nc1nc(-c2cccnc2)cs1,5.0,5.0961636709051135,5.226608718880714
10074640::MAP3K15::13444,MAP3K15,10074640,Cc1ccc(NC(=O)c2ccc(CN3CCN(C)CC3)cc2)cc1Nc1nc(-c2cccnc2)cs1,5.0,5.0961636709051135,5.00387862234001
10074640::MAP4K2::13448,MAP4K2,10074640,Cc1ccc(NC(=O)c2ccc(CN3CCN(C)CC3)cc2)cc1Nc1nc(-c2cccnc2)cs1,5.0,5.0961636709051135,5.0461621413681375
10074640::MAP4K3::13449,MAP4K3,10074640,Cc1ccc(NC(=O)c2ccc(CN3CCN(C)CC3)cc2)cc1Nc1nc(-c2cccnc2)cs1,5.0,5.0961636709051135,5.09502997507845
10074640::MEK1::13459,MEK1,10074640,Cc1ccc(NC(=O)c2ccc(CN3CCN(C)CC3)cc2)cc1Nc1nc(-c2cccnc2)cs1,5.0,5.0961636709051135,5.093391418054948
10074640::MELK::13465,MELK,10074640,Cc1ccc(NC(=O)c2ccc(CN3CCN(C)CC3)cc2)cc1Nc1nc(-c2cccnc2)cs1,5.0,5.0961636709051135,4.999582436057116
10074640::MLK1::13473,MLK1,10074640,Cc1ccc(NC(=O)c2ccc(CN3CCN(C)CC3)cc2)cc1Nc1nc(-c2cccnc2)cs1,5.0,5.0961636709051135,5.123957686571125
10074640::MLK2::13474,MLK2,10074640,Cc1ccc(NC(=O)c2ccc(CN3CCN(C)CC3)cc2)cc1Nc1nc(-c2cccnc2)cs1,5.0,5.0961636709051135,4.996169648997387
10074640::MLK3::13475,MLK3,10074640,Cc1ccc(NC(=O)c2ccc(CN3CCN(C)CC3)cc2)cc1Nc1nc(-c2cccnc2)cs1,5.0,5.0961636709051135,5.143551679309419
10074640::MST1::13478,MST1,10074640,Cc1ccc(NC(=O)c2ccc(CN3CCN(C)CC3)cc2)cc1Nc1nc(-c2cccnc2)cs1,5.0,5.0961636709051135,5.0767476635567945
10074640::MST1R::13479,MST1R,10074640,Cc1ccc(NC(=O)c2ccc(CN3CCN(C)CC3)cc2)cc1Nc1nc(-c2cccnc2)cs1,5.0,5.0961636709051135,5.137161979733322
10074640::MST2::13480,MST2,10074640,Cc1ccc(NC(=O)c2ccc(CN3CCN(C)CC3)cc2)cc1Nc1nc(-c2cccnc2)cs1,5.0,5.0961636709051135,5.106631247026938
10074640::MST3::13481,MST3,10074640,Cc1ccc(NC(=O)c2ccc(CN3CCN(C)CC3)cc2)cc1Nc1nc(-c2cccnc2)cs1,5.0,5.0961636709051135,5.055940016370379
10074640::MYLK::13485,MYLK,10074640,Cc1ccc(NC(=O)c2ccc(CN3CCN(C)CC3)cc2)cc1Nc1nc(-c2cccnc2)cs1,5.0,5.0961636709051135,5.1199482923088215
10074640::MYLK2::13486,MYLK2,10074640,Cc1ccc(NC(=O)c2ccc(CN3CCN(C)CC3)cc2)cc1Nc1nc(-c2cccnc2)cs1,5.0,5.0961636709051135,5.014425427817574
10074640::NEK1::13492,NEK1,10074640,Cc1ccc(NC(=O)c2ccc(CN3CCN(C)CC3)cc2)cc1Nc1nc(-c2cccnc2)cs1,5.0,5.0961636709051135,4.978532012277447
10074640::p38-alpha::13504,p38-alpha,10074640,Cc1ccc(NC(=O)c2ccc(CN3CCN(C)CC3)cc2)cc1Nc1nc(-c2cccnc2)cs1,5.0,5.0961636709051135,5.0607456066954155
10074640::PAK4::13511,PAK4,10074640,Cc1ccc(NC(=O)c2ccc(CN3CCN(C)CC3)cc2)cc1Nc1nc(-c2cccnc2)cs1,5.0,5.0961636709051135,5.172510779514682
10074640::PFPK5(Pfalciparum)::13521,PFPK5(Pfalciparum),10074640,Cc1ccc(NC(=O)c2ccc(CN3CCN(C)CC3)cc2)cc1Nc1nc(-c2cccnc2)cs1,5.0,5.0961636709051135,5.002393564791733
10074640::PIK3CA(Q546K)::13528,PIK3CA(Q546K),10074640,Cc1ccc(NC(=O)c2ccc(CN3CCN(C)CC3)cc2)cc1Nc1nc(-c2cccnc2)cs1,5.0,5.0961636709051135,4.985122383612947
10074640::PIK3CD::13530,PIK3CD,10074640,Cc1ccc(NC(=O)c2ccc(CN3CCN(C)CC3)cc2)cc1Nc1nc(-c2cccnc2)cs1,5.0,5.0961636709051135,5.03710603221118
10074640::PIM3::13535,PIM3,10074640,Cc1ccc(NC(=O)c2ccc(CN3CCN(C)CC3)cc2)cc1Nc1nc(-c2cccnc2)cs1,6.142667503568731,5.0961636709051135,5.140489674061674
10074640::PRKCE::13551,PRKCE,10074640,Cc1ccc(NC(=O)c2ccc(CN3CCN(C)CC3)cc2)cc1Nc1nc(-c2cccnc2)cs1,5.0,5.0961636709051135,5.026509998672237
10074640::PYK2::13563,PYK2,10074640,Cc1ccc(NC(=O)c2ccc(CN3CCN(C)CC3)cc2)cc1Nc1nc(-c2cccnc2)cs1,5.0,5.0961636709051135,5.22374149768778
10074640::RIPK5::13573,RIPK5,10074640,Cc1ccc(NC(=O)c2ccc(CN3CCN(C)CC3)cc2)cc1Nc1nc(-c2cccnc2)cs1,5.0,5.0961636709051135,5.039125044833405
10074640::RSK2(KinDom.1-N-terminal)::13580,RSK2(KinDom.1-N-terminal),10074640,Cc1ccc(NC(=O)c2ccc(CN3CCN(C)CC3)cc2)cc1Nc1nc(-c2cccnc2)cs1,5.0,5.0961636709051135,5.138687868214164
10074640::SNARK::13590,SNARK,10074640,Cc1ccc(NC(=O)c2ccc(CN3CCN(C)CC3)cc2)cc1Nc1nc(-c2cccnc2)cs1,5.0,5.0961636709051135,5.070670865127679
10074640::TBK1::13607,TBK1,10074640,Cc1ccc(NC(=O)c2ccc(CN3CCN(C)CC3)cc2)cc1Nc1nc(-c2cccnc2)cs1,5.0,5.0961636709051135,5.041848213265101
10074640::TNK1::13617,TNK1,10074640,Cc1ccc(NC(=O)c2ccc(CN3CCN(C)CC3)cc2)cc1Nc1nc(-c2cccnc2)cs1,5.0,5.0961636709051135,5.161801422226852
10074640::TRKC::13622,TRKC,10074640,Cc1ccc(NC(=O)c2ccc(CN3CCN(C)CC3)cc2)cc1Nc1nc(-c2cccnc2)cs1,5.0,5.0961636709051135,5.314523183795376
10074640::TRPM6::13623,TRPM6,10074640,Cc1ccc(NC(=O)c2ccc(CN3CCN(C)CC3)cc2)cc1Nc1nc(-c2cccnc2)cs1,5.0,5.0961636709051135,5.089673539595061
10074640::TSSK1B::13624,TSSK1B,10074640,Cc1ccc(NC(=O)c2ccc(CN3CCN(C)CC3)cc2)cc1Nc1nc(-c2cccnc2)cs1,5.0,5.0961636709051135,4.982349412889527
10074640::ULK1::13629,ULK1,10074640,Cc1ccc(NC(=O)c2ccc(CN3CCN(C)CC3)cc2)cc1Nc1nc(-c2cccnc2)cs1,5.0,5.0961636709051135,5.032080561717313
51004351::ACVR2A::13649,ACVR2A,51004351,COC1C(N(C)C(=O)c2ccccc2)CC2OC1(C)n1c3ccccc3c3c4c(c5c6ccccc6n2c5c31)C(=O)NC4,5.0,5.620126089984839,5.897905947791706
51004351::AKT1::13654,AKT1,51004351,COC1C(N(C)C(=O)c2ccccc2)CC2OC1(C)n1c3ccccc3c3c4c(c5c6ccccc6n2c5c31)C(=O)NC4,6.022276394711152,5.620126089984839,5.709531362239344
51004351::AMPK-alpha1::13658,AMPK-alpha1,51004351,COC1C(N(C)C(=O)c2ccccc2)CC2OC1(C)n1c3ccccc3c3c4c(c5c6ccccc6n2c5c31)C(=O)NC4,6.7447274948966935,5.620126089984839,5.822726773236959
51004351::ARK5::13661,ARK5,51004351,COC1C(N(C)C(=O)c2ccccc2)CC2OC1(C)n1c3ccccc3c3c4c(c5c6ccccc6n2c5c31)C(=O)NC4,7.387216143280264,5.620126089984839,5.644054711529806
51004351::AXL::13667,AXL,51004351,COC1C(N(C)C(=O)c2ccccc2)CC2OC1(C)n1c3ccccc3c3c4c(c5c6ccccc6n2c5c31)C(=O)NC4,6.207608310501746,5.620126089984839,5.391547630974496
51004351::BIKE::13668,BIKE,51004351,COC1C(N(C)C(=O)c2ccccc2)CC2OC1(C)n1c3ccccc3c3c4c(c5c6ccccc6n2c5c31)C(=O)NC4,6.657577319177793,5.620126089984839,5.600506733348605
51004351::BLK::13669,BLK,51004351,COC1C(N(C)C(=O)c2ccccc2)CC2OC1(C)n1c3ccccc3c3c4c(c5c6ccccc6n2c5c31)C(=O)NC4,6.301029995663981,5.620126089984839,5.734650835251903
51004351::BMPR1A::13670,BMPR1A,51004351,COC1C(N(C)C(=O)c2ccccc2)CC2OC1(C)n1c3ccccc3c3c4c(c5c6ccccc6n2c5c31)C(=O)NC4,5.0,5.620126089984839,5.315688932834095
51004351::BRAF(V600E)::13674,BRAF(V600E),51004351,COC1C(N(C)C(=O)c2ccccc2)CC2OC1(C)n1c3ccccc3c3c4c(c5c6ccccc6n2c5c31)C(=O)NC4,5.0,5.620126089984839,5.69789055628127
51004351::BRSK1::13676,BRSK1,51004351,COC1C(N(C)C(=O)c2ccccc2)CC2OC1(C)n1c3ccccc3c3c4c(c5c6ccccc6n2c5c31)C(=O)NC4,5.920818753952375,5.620126089984839,5.446073071425987
51004351::CAMK1::13679,CAMK1,51004351,COC1C(N(C)C(=O)c2ccccc2)CC2OC1(C)n1c3ccccc3c3c4c(c5c6ccccc6n2c5c31)C(=O)NC4,5.698970004336019,5.620126089984839,5.629803443218775
51004351::CAMK1D::13680,CAMK1D,51004351,COC1C(N(C)C(=O)c2ccccc2)CC2OC1(C)n1c3ccccc3c3c4c(c5c6ccccc6n2c5c31)C(=O)NC4,6.173925197299173,5.620126089984839,5.457707916187766
51004351::CAMK1G::13681,CAMK1G,51004351,COC1C(N(C)C(=O)c2ccccc2)CC2OC1(C)n1c3ccccc3c3c4c(c5c6ccccc6n2c5c31)C(=O)NC4,5.7447274948966935,5.620126089984839,5.753299911201006
51004351::CAMK2G::13685,CAMK2G,51004351,COC1C(N(C)C(=O)c2ccccc2)CC2OC1(C)n1c3ccccc3c3c4c(c5c6ccccc6n2c5c31)C(=O)NC4,6.853871964321762,5.620126089984839,6.521483333664345
51004351::CAMK4::13686,CAMK4,51004351,COC1C(N(C)C(=O)c2ccccc2)CC2OC1(C)n1c3ccccc3c3c4c(c5c6ccccc6n2c5c31)C(=O)NC4,5.0,5.620126089984839,5.998921296542949
51004351::CAMKK1::13687,CAMKK1,51004351,COC1C(N(C)C(=O)c2ccccc2)CC2OC1(C)n1c3ccccc3c3c4c(c5c6ccccc6n2c5c31)C(=O)NC4,6.886056647693163,5.620126089984839,5.984780535756848
51004351::CDKL2::13702,CDKL2,51004351,COC1C(N(C)C(=O)c2ccccc2)CC2OC1(C)n1c3ccccc3c3c4c(c5c6ccccc6n2c5c31)C(=O)NC4,5.0,5.620126089984839,5.340901133792781
51004351::CDKL5::13704,CDKL5,51004351,COC1C(N(C)C(=O)c2ccccc2)CC2OC1(C)n1c3ccccc3c3c4c(c5c6ccccc6n2c5c31)C(=O)NC4,5.0,5.620126089984839,5.536661567022029
51004351::CLK1::13708,CLK1,51004351,COC1C(N(C)C(=O)c2ccccc2)CC2OC1(C)n1c3ccccc3c3c4c(c5c6ccccc6n2c5c31)C(=O)NC4,6.455931955649724,5.620126089984839,6.41581872383705
51004351::CLK2::13709,CLK2,51004351,COC1C(N(C)C(=O)c2ccccc2)CC2OC1(C)n1c3ccccc3c3c4c(c5c6ccccc6n2c5c31)C(=O)NC4,6.065501548756432,5.620126089984839,5.828600187287989
51004351::CSNK1A1L::13715,CSNK1A1L,51004351,COC1C(N(C)C(=O)c2ccccc2)CC2OC1(C)n1c3ccccc3c3c4c(c5c6ccccc6n2c5c31)C(=O)NC4,5.0,5.620126089984839,5.4560395824843155
51004351::CSNK1G1::13718,CSNK1G1,51004351,COC1C(N(C)C(=O)c2ccccc2)CC2OC1(C)n1c3ccccc3c3c4c(c5c6ccccc6n2c5c31)C(=O)NC4,5.0,5.620126089984839,5.666244668494641
51004351::CSNK1G3::13720,CSNK1G3,51004351,COC1C(N(C)C(=O)c2ccccc2)CC2OC1(C)n1c3ccccc3c3c4c(c5c6ccccc6n2c5c31)C(=O)NC4,5.0,5.620126089984839,5.731626829659132
51004351::DCAMKL1::13727,DCAMKL1,51004351,COC1C(N(C)C(=O)c2ccccc2)CC2OC1(C)n1c3ccccc3c3c4c(c5c6ccccc6n2c5c31)C(=O)NC4,5.0,5.620126089984839,5.6163644057257045
51004351::DCAMKL2::13728,DCAMKL2,51004351,COC1C(N(C)C(=O)c2ccccc2)CC2OC1(C)n1c3ccccc3c3c4c(c5c6ccccc6n2c5c31)C(=O)NC4,5.0,5.620126089984839,5.691113716550783
51004351::DMPK::13733,DMPK,51004351,COC1C(N(C)C(=O)c2ccccc2)CC2OC1(C)n1c3ccccc3c3c4c(c5c6ccccc6n2c5c31)C(=O)NC4,5.42021640338319,5.620126089984839,6.040668458811531
51004351::DYRK1A::13737,DYRK1A,51004351,COC1C(N(C)C(=O)c2ccccc2)CC2OC1(C)n1c3ccccc3c3c4c(c5c6ccccc6n2c5c31)C(=O)NC4,7.0,5.620126089984839,5.9483401405675895
51004351::EPHA6::13747,EPHA6,51004351,COC1C(N(C)C(=O)c2ccccc2)CC2OC1(C)n1c3ccccc3c3c4c(c5c6ccccc6n2c5c31)C(=O)NC4,5.0,5.620126089984839,5.367058912999838
51004351::ERBB2::13755,ERBB2,51004351,COC1C(N(C)C(=O)c2ccccc2)CC2OC1(C)n1c3ccccc3c3c4c(c5c6ccccc6n2c5c31)C(=O)NC4,5.0,5.620126089984839,5.5144142215451115
51004351::FGFR3(G697C)::13770,FGFR3(G697C),51004351,COC1C(N(C)C(=O)c2ccccc2)CC2OC1(C)n1c3ccccc3c3c4c(c5c6ccccc6n2c5c31)C(=O)NC4,5.769551078621726,5.620126089984839,5.53890701369649
51004351::FLT1::13773,FLT1,51004351,COC1C(N(C)C(=O)c2ccccc2)CC2OC1(C)n1c3ccccc3c3c4c(c5c6ccccc6n2c5c31)C(=O)NC4,6.346787486224656,5.620126089984839,6.059285328828218
51004351::FLT4::13775,FLT4,51004351,COC1C(N(C)C(=O)c2ccccc2)CC2OC1(C)n1c3ccccc3c3c4c(c5c6ccccc6n2c5c31)C(=O)NC4,6.173925197299173,5.620126089984839,5.571360889729774
51004351::FYN::13777,FYN,51004351,COC1C(N(C)C(=O)c2ccccc2)CC2OC1(C)n1c3ccccc3c3c4c(c5c6ccccc6n2c5c31)C(=O)NC4,5.6777807052660805,5.620126089984839,5.562373326652949
51004351::GAK::13778,GAK,51004351,COC1C(N(C)C(=O)c2ccccc2)CC2OC1(C)n1c3ccccc3c3c4c(c5c6ccccc6n2c5c31)C(=O)NC4,6.42021640338319,5.620126089984839,5.398671641659739
51004351::HIPK3::13788,HIPK3,51004351,COC1C(N(C)C(=O)c2ccccc2)CC2OC1(C)n1c3ccccc3c3c4c(c5c6ccccc6n2c5c31)C(=O)NC4,5.638272163982407,5.620126089984839,5.595141269199759
51004351::HUNK::13791,HUNK,51004351,COC1C(N(C)C(=O)c2ccccc2)CC2OC1(C)n1c3ccccc3c3c4c(c5c6ccccc6n2c5c31)C(=O)NC4,6.619788758288394,5.620126089984839,5.908428539675915
51004351::ICK::13792,ICK,51004351,COC1C(N(C)C(=O)c2ccccc2)CC2OC1(C)n1c3ccccc3c3c4c(c5c6ccccc6n2c5c31)C(=O)NC4,5.229147988357855,5.620126089984839,5.560719616901452
51004351::IKK-alpha::13794,IKK-alpha,51004351,COC1C(N(C)C(=O)c2ccccc2)CC2OC1(C)n1c3ccccc3c3c4c(c5c6ccccc6n2c5c31)C(=O)NC4,5.42021640338319,5.620126089984839,5.702039453925195
51004351::IKK-epsilon::13796,IKK-epsilon,51004351,COC1C(N(C)C(=O)c2ccccc2)CC2OC1(C)n1c3ccccc3c3c4c(c5c6ccccc6n2c5c31)C(=O)NC4,6.795880017344075,5.620126089984839,5.270886737100601
51004351::JAK3(JH1domain-catalytic)::13805,JAK3(JH1domain-catalytic),51004351,COC1C(N(C)C(=O)c2ccccc2)CC2OC1(C)n1c3ccccc3c3c4c(c5c6ccccc6n2c5c31)C(=O)NC4,7.920818753952375,5.620126089984839,5.678393756041188
51004351::JNK1::13806,JNK1,51004351,COC1C(N(C)C(=O)c2ccccc2)CC2OC1(C)n1c3ccccc3c3c4c(c5c6ccccc6n2c5c31)C(=O)NC4,5.356547323513812,5.620126089984839,5.4006003856092
51004351::JNK2::13807,JNK2,51004351,COC1C(N(C)C(=O)c2ccccc2)CC2OC1(C)n1c3ccccc3c3c4c(c5c6ccccc6n2c5c31)C(=O)NC4,5.301029995663981,5.620126089984839,5.287081849011869
51004351::LOK::13816,LOK,51004351,COC1C(N(C)C(=O)c2ccccc2)CC2OC1(C)n1c3ccccc3c3c4c(c5c6ccccc6n2c5c31)C(=O)NC4,6.229147988357855,5.620126089984839,5.523170143136502
51004351::MAK::13821,MAK,51004351,COC1C(N(C)C(=O)c2ccccc2)CC2OC1(C)n1c3ccccc3c3c4c(c5c6ccccc6n2c5c31)C(=O)NC4,5.0,5.620126089984839,5.81069571424991
51004351::MAP3K15::13823,MAP3K15,51004351,COC1C(N(C)C(=O)c2ccccc2)CC2OC1(C)n1c3ccccc3c3c4c(c5c6ccccc6n2c5c31)C(=O)NC4,5.0,5.620126089984839,5.355825915568278
51004351::MAP4K2::13827,MAP4K2,51004351,COC1C(N(C)C(=O)c2ccccc2)CC2OC1(C)n1c3ccccc3c3c4c(c5c6ccccc6n2c5c31)C(=O)NC4,5.6020599913279625,5.620126089984839,5.42040347986958
51004351::MAP4K3::13828,MAP4K3,51004351,COC1C(N(C)C(=O)c2ccccc2)CC2OC1(C)n1c3ccccc3c3c4c(c5c6ccccc6n2c5c31)C(=O)NC4,6.920818753952375,5.620126089984839,6.009007075304422
51004351::MEK1::13838,MEK1,51004351,COC1C(N(C)C(=O)c2ccccc2)CC2OC1(C)n1c3ccccc3c3c4c(c5c6ccccc6n2c5c31)C(=O)NC4,5.0,5.620126089984839,5.5894461238949535
51004351::MELK::13844,MELK,51004351,COC1C(N(C)C(=O)c2ccccc2)CC2OC1(C)n1c3ccccc3c3c4c(c5c6ccccc6n2c5c31)C(=O)NC4,6.552841968657781,5.620126089984839,5.752650295493172
51004351::MLK1::13852,MLK1,51004351,COC1C(N(C)C(=O)c2ccccc2)CC2OC1(C)n1c3ccccc3c3c4c(c5c6ccccc6n2c5c31)C(=O)NC4,7.823908740944319,5.620126089984839,5.7306044804156135
51004351::MLK2::13853,MLK2,51004351,COC1C(N(C)C(=O)c2ccccc2)CC2OC1(C)n1c3ccccc3c3c4c(c5c6ccccc6n2c5c31)C(=O)NC4,6.102372908709558,5.620126089984839,5.441880700998621
51004351::MLK3::13854,MLK3,51004351,COC1C(N(C)C(=O)c2ccccc2)CC2OC1(C)n1c3ccccc3c3c4c(c5c6ccccc6n2c5c31)C(=O)NC4,7.769551078621726,5.620126089984839,5.647946734512058
51004351::MST1::13857,MST1,51004351,COC1C(N(C)C(=O)c2ccccc2)CC2OC1(C)n1c3ccccc3c3c4c(c5c6ccccc6n2c5c31)C(=O)NC4,7.397940008672037,5.620126089984839,5.93345109602916
51004351::MST1R::13858,MST1R,51004351,COC1C(N(C)C(=O)c2ccccc2)CC2OC1(C)n1c3ccccc3c3c4c(c5c6ccccc6n2c5c31)C(=O)NC4,5.0,5.620126089984839,5.664780794471829
51004351::MST2::13859,MST2,51004351,COC1C(N(C)C(=O)c2ccccc2)CC2OC1(C)n1c3ccccc3c3c4c(c5c6ccccc6n2c5c31)C(=O)NC4,6.657577319177793,5.620126089984839,5.65566739316478
51004351::MST3::13860,MST3,51004351,COC1C(N(C)C(=O)c2ccccc2)CC2OC1(C)n1c3ccccc3c3c4c(c5c6ccccc6n2c5c31)C(=O)NC4,5.0,5.620126089984839,5.721203992638171
51004351::MYLK::13864,MYLK,51004351,COC1C(N(C)C(=O)c2ccccc2)CC2OC1(C)n1c3ccccc3c3c4c(c5c6ccccc6n2c5c31)C(=O)NC4,5.698970004336019,5.620126089984839,5.538518550071305
51004351::MYLK2::13865,MYLK2,51004351,COC1C(N(C)C(=O)c2ccccc2)CC2OC1(C)n1c3ccccc3c3c4c(c5c6ccccc6n2c5c31)C(=O)NC4,5.0,5.620126089984839,5.62315978848512
51004351::NEK1::13871,NEK1,51004351,COC1C(N(C)C(=O)c2ccccc2)CC2OC1(C)n1c3ccccc3c3c4c(c5c6ccccc6n2c5c31)C(=O)NC4,5.0,5.620126089984839,5.667209358432664
51004351::p38-alpha::13883,p38-alpha,51004351,COC1C(N(C)C(=O)c2ccccc2)CC2OC1(C)n1c3ccccc3c3c4c(c5c6ccccc6n2c5c31)C(=O)NC4,5.0,5.620126089984839,5.449606409004566
51004351::PAK4::13890,PAK4,51004351,COC1C(N(C)C(=O)c2ccccc2)CC2OC1(C)n1c3ccccc3c3c4c(c5c6ccccc6n2c5c31)C(=O)NC4,5.0,5.620126089984839,5.826656177313974
51004351::PFPK5(Pfalciparum)::13900,PFPK5(Pfalciparum),51004351,COC1C(N(C)C(=O)c2ccccc2)CC2OC1(C)n1c3ccccc3c3c4c(c5c6ccccc6n2c5c31)C(=O)NC4,5.0,5.620126089984839,5.279083383188128
51004351::PIK3CA(Q546K)::13907,PIK3CA(Q546K),51004351,COC1C(N(C)C(=O)c2ccccc2)CC2OC1(C)n1c3ccccc3c3c4c(c5c6ccccc6n2c5c31)C(=O)NC4,5.958607314841775,5.620126089984839,5.425475967765702
51004351::PIK3CD::13909,PIK3CD,51004351,COC1C(N(C)C(=O)c2ccccc2)CC2OC1(C)n1c3ccccc3c3c4c(c5c6ccccc6n2c5c31)C(=O)NC4,5.0,5.620126089984839,5.851061403931127
51004351::PIM3::13914,PIM3,51004351,COC1C(N(C)C(=O)c2ccccc2)CC2OC1(C)n1c3ccccc3c3c4c(c5c6ccccc6n2c5c31)C(=O)NC4,6.251811972993799,5.620126089984839,5.560434780023706
51004351::PRKCE::13930,PRKCE,51004351,COC1C(N(C)C(=O)c2ccccc2)CC2OC1(C)n1c3ccccc3c3c4c(c5c6ccccc6n2c5c31)C(=O)NC4,6.267606240177031,5.620126089984839,5.581515966376563
51004351::PYK2::13942,PYK2,51004351,COC1C(N(C)C(=O)c2ccccc2)CC2OC1(C)n1c3ccccc3c3c4c(c5c6ccccc6n2c5c31)C(=O)NC4,6.180456064458131,5.620126089984839,5.60448686187834
51004351::RIPK5::13952,RIPK5,51004351,COC1C(N(C)C(=O)c2ccccc2)CC2OC1(C)n1c3ccccc3c3c4c(c5c6ccccc6n2c5c31)C(=O)NC4,5.327902142064282,5.620126089984839,5.668129545654278
51004351::RSK2(KinDom.1-N-terminal)::13959,RSK2(KinDom.1-N-terminal),51004351,COC1C(N(C)C(=O)c2ccccc2)CC2OC1(C)n1c3ccccc3c3c4c(c5c6ccccc6n2c5c31)C(=O)NC4,6.130768280269024,5.620126089984839,6.3518947301505655
51004351::SNARK::13969,SNARK,51004351,COC1C(N(C)C(=O)c2ccccc2)CC2OC1(C)n1c3ccccc3c3c4c(c5c6ccccc6n2c5c31)C(=O)NC4,7.200659450546418,5.620126089984839,5.880849685030977
51004351::TBK1::13986,TBK1,51004351,COC1C(N(C)C(=O)c2ccccc2)CC2OC1(C)n1c3ccccc3c3c4c(c5c6ccccc6n2c5c31)C(=O)NC4,8.031517051446064,5.620126089984839,5.644697762784225
51004351::TNK1::13996,TNK1,51004351,COC1C(N(C)C(=O)c2ccccc2)CC2OC1(C)n1c3ccccc3c3c4c(c5c6ccccc6n2c5c31)C(=O)NC4,7.080921907623926,5.620126089984839,5.562890846682683
51004351::TRKC::14001,TRKC,51004351,COC1C(N(C)C(=O)c2ccccc2)CC2OC1(C)n1c3ccccc3c3c4c(c5c6ccccc6n2c5c31)C(=O)NC4,5.769551078621726,5.620126089984839,5.749130437932964
51004351::TRPM6::14002,TRPM6,51004351,COC1C(N(C)C(=O)c2ccccc2)CC2OC1(C)n1c3ccccc3c3c4c(c5c6ccccc6n2c5c31)C(=O)NC4,5.0,5.620126089984839,5.367093417163715
51004351::TSSK1B::14003,TSSK1B,51004351,COC1C(N(C)C(=O)c2ccccc2)CC2OC1(C)n1c3ccccc3c3c4c(c5c6ccccc6n2c5c31)C(=O)NC4,5.318758762624412,5.620126089984839,5.679675548838981
51004351::ULK1::14008,ULK1,51004351,COC1C(N(C)C(=O)c2ccccc2)CC2OC1(C)n1c3ccccc3c3c4c(c5c6ccccc6n2c5c31)C(=O)NC4,5.0,5.620126089984839,5.595319532554494
11667893::ACVR2A::14028,ACVR2A,11667893,CC1(C)CNc2cc(NC(=O)c3cccnc3NCc3ccncc3)ccc21,5.0,5.144350001753496,5.166113640956598
11667893::AKT1::14033,AKT1,11667893,CC1(C)CNc2cc(NC(=O)c3cccnc3NCc3ccncc3)ccc21,5.0,5.144350001753496,5.145737788409587
11667893::AMPK-alpha1::14037,AMPK-alpha1,11667893,CC1(C)CNc2cc(NC(=O)c3cccnc3NCc3ccncc3)ccc21,5.0,5.144350001753496,5.039750258739191
11667893::ARK5::14040,ARK5,11667893,CC1(C)CNc2cc(NC(=O)c3cccnc3NCc3ccncc3)ccc21,5.0,5.144350001753496,5.072290133529635
11667893::AXL::14046,AXL,11667893,CC1(C)CNc2cc(NC(=O)c3cccnc3NCc3ccncc3)ccc21,5.0,5.144350001753496,5.132860090012026
11667893::BIKE::14047,BIKE,11667893,CC1(C)CNc2cc(NC(=O)c3cccnc3NCc3ccncc3)ccc21,5.0,5.144350001753496,5.176897369749506
11667893::BLK::14048,BLK,11667893,CC1(C)CNc2cc(NC(=O)c3cccnc3NCc3ccncc3)ccc21,5.657577319177793,5.144350001753496,5.100592163692884
11667893::BMPR1A::14049,BMPR1A,11667893,CC1(C)CNc2cc(NC(=O)c3cccnc3NCc3ccncc3)ccc21,5.0,5.144350001753496,5.084739612883703
11667893::BRAF(V600E)::14053,BRAF(V600E),11667893,CC1(C)CNc2cc(NC(=O)c3cccnc3NCc3ccncc3)ccc21,6.552841968657781,5.144350001753496,5.028327980920885
11667893::BRSK1::14055,BRSK1,11667893,CC1(C)CNc2cc(NC(=O)c3cccnc3NCc3ccncc3)ccc21,5.0,5.144350001753496,5.000484993571828
11667893::CAMK1::14058,CAMK1,11667893,CC1(C)CNc2cc(NC(=O)c3cccnc3NCc3ccncc3)ccc21,5.0,5.144350001753496,5.069235191125247
11667893::CAMK1D::14059,CAMK1D,11667893,CC1(C)CNc2cc(NC(=O)c3cccnc3NCc3ccncc3)ccc21,5.0,5.144350001753496,5.1650704382802175
11667893::CAMK1G::14060,CAMK1G,11667893,CC1(C)CNc2cc(NC(=O)c3cccnc3NCc3ccncc3)ccc21,5.0,5.144350001753496,5.101609094005841
11667893::CAMK2G::14064,CAMK2G,11667893,CC1(C)CNc2cc(NC(=O)c3cccnc3NCc3ccncc3)ccc21,5.0,5.144350001753496,5.06825295293479
11667893::CAMK4::14065,CAMK4,11667893,CC1(C)CNc2cc(NC(=O)c3cccnc3NCc3ccncc3)ccc21,5.0,5.144350001753496,5.284632507097537
11667893::CAMKK1::14066,CAMKK1,11667893,CC1(C)CNc2cc(NC(=O)c3cccnc3NCc3ccncc3)ccc21,5.0,5.144350001753496,5.105292623213569
11667893::CDKL2::14081,CDKL2,11667893,CC1(C)CNc2cc(NC(=O)c3cccnc3NCc3ccncc3)ccc21,5.0,5.144350001753496,4.980504730759374
11667893::CDKL5::14083,CDKL5,11667893,CC1(C)CNc2cc(NC(=O)c3cccnc3NCc3ccncc3)ccc21,5.0,5.144350001753496,5.045577626856254
11667893::CLK1::14087,CLK1,11667893,CC1(C)CNc2cc(NC(=O)c3cccnc3NCc3ccncc3)ccc21,5.0,5.144350001753496,5.195822174606405
11667893::CLK2::14088,CLK2,11667893,CC1(C)CNc2cc(NC(=O)c3cccnc3NCc3ccncc3)ccc21,5.0,5.144350001753496,5.553180083685
11667893::CSNK1A1L::14094,CSNK1A1L,11667893,CC1(C)CNc2cc(NC(=O)c3cccnc3NCc3ccncc3)ccc21,5.0,5.144350001753496,5.014776592400578
11667893::CSNK1G1::14097,CSNK1G1,11667893,CC1(C)CNc2cc(NC(=O)c3cccnc3NCc3ccncc3)ccc21,5.0,5.144350001753496,5.085806166565723
11667893::CSNK1G3::14099,CSNK1G3,11667893,CC1(C)CNc2cc(NC(=O)c3cccnc3NCc3ccncc3)ccc21,5.0,5.144350001753496,5.0596148027534955
11667893::DCAMKL1::14106,DCAMKL1,11667893,CC1(C)CNc2cc(NC(=O)c3cccnc3NCc3ccncc3)ccc21,5.0,5.144350001753496,5.117987624932701
11667893::DCAMKL2::14107,DCAMKL2,11667893,CC1(C)CNc2cc(NC(=O)c3cccnc3NCc3ccncc3)ccc21,5.0,5.144350001753496,5.031606345665721
11667893::DMPK::14112,DMPK,11667893,CC1(C)CNc2cc(NC(=O)c3cccnc3NCc3ccncc3)ccc21,5.0,5.144350001753496,5.252127590318756
11667893::DYRK1A::14116,DYRK1A,11667893,CC1(C)CNc2cc(NC(=O)c3cccnc3NCc3ccncc3)ccc21,5.0,5.144350001753496,5.094119640646678
11667893::EPHA6::14126,EPHA6,11667893,CC1(C)CNc2cc(NC(=O)c3cccnc3NCc3ccncc3)ccc21,6.309803919971486,5.144350001753496,5.028295885402626
11667893::ERBB2::14134,ERBB2,11667893,CC1(C)CNc2cc(NC(=O)c3cccnc3NCc3ccncc3)ccc21,5.0,5.144350001753496,5.120052621338522
11667893::FGFR3(G697C)::14149,FGFR3(G697C),11667893,CC1(C)CNc2cc(NC(=O)c3cccnc3NCc3ccncc3)ccc21,5.0,5.144350001753496,5.078033954263974
11667893::FLT1::14152,FLT1,11667893,CC1(C)CNc2cc(NC(=O)c3cccnc3NCc3ccncc3)ccc21,7.920818753952375,5.144350001753496,5.207723718672158
11667893::FLT4::14154,FLT4,11667893,CC1(C)CNc2cc(NC(=O)c3cccnc3NCc3ccncc3)ccc21,8.013228265733755,5.144350001753496,5.289381031687046
11667893::FYN::14156,FYN,11667893,CC1(C)CNc2cc(NC(=O)c3cccnc3NCc3ccncc3)ccc21,5.552841968657781,5.144350001753496,5.51798056419898
11667893::GAK::14157,GAK,11667893,CC1(C)CNc2cc(NC(=O)c3cccnc3NCc3ccncc3)ccc21,5.0,5.144350001753496,5.076391191405469
11667893::HIPK3::14167,HIPK3,11667893,CC1(C)CNc2cc(NC(=O)c3cccnc3NCc3ccncc3)ccc21,5.0,5.144350001753496,5.316203824835843
11667893::HUNK::14170,HUNK,11667893,CC1(C)CNc2cc(NC(=O)c3cccnc3NCc3ccncc3)ccc21,5.0,5.144350001753496,5.133624045177713
11667893::ICK::14171,ICK,11667893,CC1(C)CNc2cc(NC(=O)c3cccnc3NCc3ccncc3)ccc21,5.0,5.144350001753496,5.0641606792216525
11667893::IKK-alpha::14173,IKK-alpha,11667893,CC1(C)CNc2cc(NC(=O)c3cccnc3NCc3ccncc3)ccc21,5.0,5.144350001753496,4.960289429300277
11667893::IKK-epsilon::14175,IKK-epsilon,11667893,CC1(C)CNc2cc(NC(=O)c3cccnc3NCc3ccncc3)ccc21,5.0,5.144350001753496,5.162573297249856
11667893::JAK3(JH1domain-catalytic)::14184,JAK3(JH1domain-catalytic),11667893,CC1(C)CNc2cc(NC(=O)c3cccnc3NCc3ccncc3)ccc21,5.0,5.144350001753496,5.084046149828722
11667893::JNK1::14185,JNK1,11667893,CC1(C)CNc2cc(NC(=O)c3cccnc3NCc3ccncc3)ccc21,5.0,5.144350001753496,5.114039048953444
11667893::JNK2::14186,JNK2,11667893,CC1(C)CNc2cc(NC(=O)c3cccnc3NCc3ccncc3)ccc21,5.0,5.144350001753496,5.108031547778269
11667893::LOK::14195,LOK,11667893,CC1(C)CNc2cc(NC(=O)c3cccnc3NCc3ccncc3)ccc21,5.958607314841775,5.144350001753496,5.2858085558716
11667893::MAK::14200,MAK,11667893,CC1(C)CNc2cc(NC(=O)c3cccnc3NCc3ccncc3)ccc21,5.0,5.144350001753496,5.209404174351561
11667893::MAP3K15::14202,MAP3K15,11667893,CC1(C)CNc2cc(NC(=O)c3cccnc3NCc3ccncc3)ccc21,5.0,5.144350001753496,4.981022293886248
11667893::MAP4K2::14206,MAP4K2,11667893,CC1(C)CNc2cc(NC(=O)c3cccnc3NCc3ccncc3)ccc21,5.0,5.144350001753496,5.049332422917584
11667893::MAP4K3::14207,MAP4K3,11667893,CC1(C)CNc2cc(NC(=O)c3cccnc3NCc3ccncc3)ccc21,5.0,5.144350001753496,5.218840786047075
11667893::MEK1::14217,MEK1,11667893,CC1(C)CNc2cc(NC(=O)c3cccnc3NCc3ccncc3)ccc21,5.0,5.144350001753496,5.185948010021521
11667893::MELK::14223,MELK,11667893,CC1(C)CNc2cc(NC(=O)c3cccnc3NCc3ccncc3)ccc21,5.0,5.144350001753496,5.014421220445388
11667893::MLK1::14231,MLK1,11667893,CC1(C)CNc2cc(NC(=O)c3cccnc3NCc3ccncc3)ccc21,5.0,5.144350001753496,5.1881413952990085
11667893::MLK2::14232,MLK2,11667893,CC1(C)CNc2cc(NC(=O)c3cccnc3NCc3ccncc3)ccc21,5.0,5.144350001753496,5.000475036872827
11667893::MLK3::14233,MLK3,11667893,CC1(C)CNc2cc(NC(=O)c3cccnc3NCc3ccncc3)ccc21,5.0,5.144350001753496,5.138577143619972
11667893::MST1::14236,MST1,11667893,CC1(C)CNc2cc(NC(=O)c3cccnc3NCc3ccncc3)ccc21,5.0,5.144350001753496,5.109933347760237
11667893::MST1R::14237,MST1R,11667893,CC1(C)CNc2cc(NC(=O)c3cccnc3NCc3ccncc3)ccc21,5.0,5.144350001753496,5.222616876401479
11667893::MST2::14238,MST2,11667893,CC1(C)CNc2cc(NC(=O)c3cccnc3NCc3ccncc3)ccc21,5.0,5.144350001753496,5.192744115143946
11667893::MST3::14239,MST3,11667893,CC1(C)CNc2cc(NC(=O)c3cccnc3NCc3ccncc3)ccc21,5.0,5.144350001753496,5.132418753441017
11667893::MYLK::14243,MYLK,11667893,CC1(C)CNc2cc(NC(=O)c3cccnc3NCc3ccncc3)ccc21,5.0,5.144350001753496,5.123825394804817
11667893::MYLK2::14244,MYLK2,11667893,CC1(C)CNc2cc(NC(=O)c3cccnc3NCc3ccncc3)ccc21,5.0,5.144350001753496,5.083524189340161
11667893::NEK1::14250,NEK1,11667893,CC1(C)CNc2cc(NC(=O)c3cccnc3NCc3ccncc3)ccc21,5.0,5.144350001753496,5.085387814037447
11667893::p38-alpha::14262,p38-alpha,11667893,CC1(C)CNc2cc(NC(=O)c3cccnc3NCc3ccncc3)ccc21,5.0,5.144350001753496,5.083156102131619
11667893::PAK4::14269,PAK4,11667893,CC1(C)CNc2cc(NC(=O)c3cccnc3NCc3ccncc3)ccc21,5.0,5.144350001753496,5.150053856404833
11667893::PFPK5(Pfalciparum)::14279,PFPK5(Pfalciparum),11667893,CC1(C)CNc2cc(NC(=O)c3cccnc3NCc3ccncc3)ccc21,5.0,5.144350001753496,5.038568689024102
11667893::PIK3CA(Q546K)::14286,PIK3CA(Q546K),11667893,CC1(C)CNc2cc(NC(=O)c3cccnc3NCc3ccncc3)ccc21,5.0,5.144350001753496,5.065093410010644
11667893::PIK3CD::14288,PIK3CD,11667893,CC1(C)CNc2cc(NC(=O)c3cccnc3NCc3ccncc3)ccc21,5.0,5.144350001753496,5.132189186487642
11667893::PIM3::14293,PIM3,11667893,CC1(C)CNc2cc(NC(=O)c3cccnc3NCc3ccncc3)ccc21,5.0,5.144350001753496,5.259963416562238
11667893::PRKCE::14309,PRKCE,11667893,CC1(C)CNc2cc(NC(=O)c3cccnc3NCc3ccncc3)ccc21,5.0,5.144350001753496,4.995848989363915
11667893::PYK2::14321,PYK2,11667893,CC1(C)CNc2cc(NC(=O)c3cccnc3NCc3ccncc3)ccc21,5.0,5.144350001753496,5.160797708776596
11667893::RIPK5::14331,RIPK5,11667893,CC1(C)CNc2cc(NC(=O)c3cccnc3NCc3ccncc3)ccc21,5.0,5.144350001753496,5.015589758785196
11667893::RSK2(KinDom.1-N-terminal)::14338,RSK2(KinDom.1-N-terminal),11667893,CC1(C)CNc2cc(NC(=O)c3cccnc3NCc3ccncc3)ccc21,5.0,5.144350001753496,5.0947715100275435
11667893::SNARK::14348,SNARK,11667893,CC1(C)CNc2cc(NC(=O)c3cccnc3NCc3ccncc3)ccc21,5.0,5.144350001753496,5.151775000720637
11667893::TBK1::14365,TBK1,11667893,CC1(C)CNc2cc(NC(=O)c3cccnc3NCc3ccncc3)ccc21,5.0,5.144350001753496,5.221136702639499
11667893::TNK1::14375,TNK1,11667893,CC1(C)CNc2cc(NC(=O)c3cccnc3NCc3ccncc3)ccc21,5.0,5.144350001753496,5.125525812852976
11667893::TRKC::14380,TRKC,11667893,CC1(C)CNc2cc(NC(=O)c3cccnc3NCc3ccncc3)ccc21,5.0,5.144350001753496,5.351445569273425
11667893::TRPM6::14381,TRPM6,11667893,CC1(C)CNc2cc(NC(=O)c3cccnc3NCc3ccncc3)ccc21,5.0,5.144350001753496,5.152511234190325
11667893::TSSK1B::14382,TSSK1B,11667893,CC1(C)CNc2cc(NC(=O)c3cccnc3NCc3ccncc3)ccc21,5.0,5.144350001753496,5.118657365662473
11667893::ULK1::14387,ULK1,11667893,CC1(C)CNc2cc(NC(=O)c3cccnc3NCc3ccncc3)ccc21,5.0,5.144350001753496,5.142600478974049
9915743::ACVR2A::14407,ACVR2A,9915743,CCOc1cc2ncc(C#N)c(Nc3ccc(OCc4ccccn4)c(Cl)c3)c2cc1NC(=O)C=CCN(C)C,5.0,5.332599825063521,5.339703566185096
9915743::AKT1::14412,AKT1,9915743,CCOc1cc2ncc(C#N)c(Nc3ccc(OCc4ccccn4)c(Cl)c3)c2cc1NC(=O)C=CCN(C)C,5.0,5.332599825063521,4.9734265984964106
9915743::AMPK-alpha1::14416,AMPK-alpha1,9915743,CCOc1cc2ncc(C#N)c(Nc3ccc(OCc4ccccn4)c(Cl)c3)c2cc1NC(=O)C=CCN(C)C,5.0,5.332599825063521,5.210622636562208
9915743::ARK5::14419,ARK5,9915743,CCOc1cc2ncc(C#N)c(Nc3ccc(OCc4ccccn4)c(Cl)c3)c2cc1NC(=O)C=CCN(C)C,5.823908740944319,5.332599825063521,5.454570007297612
9915743::AXL::14425,AXL,9915743,CCOc1cc2ncc(C#N)c(Nc3ccc(OCc4ccccn4)c(Cl)c3)c2cc1NC(=O)C=CCN(C)C,6.721246399047171,5.332599825063521,5.412522485654639
9915743::BIKE::14426,BIKE,9915743,CCOc1cc2ncc(C#N)c(Nc3ccc(OCc4ccccn4)c(Cl)c3)c2cc1NC(=O)C=CCN(C)C,5.0,5.332599825063521,5.82167940715395
9915743::BLK::14427,BLK,9915743,CCOc1cc2ncc(C#N)c(Nc3ccc(OCc4ccccn4)c(Cl)c3)c2cc1NC(=O)C=CCN(C)C,7.070581074285707,5.332599825063521,5.471309408046035
9915743::BMPR1A::14428,BMPR1A,9915743,CCOc1cc2ncc(C#N)c(Nc3ccc(OCc4ccccn4)c(Cl)c3)c2cc1NC(=O)C=CCN(C)C,5.0,5.332599825063521,5.538233724759527
9915743::BRAF(V600E)::14432,BRAF(V600E),9915743,CCOc1cc2ncc(C#N)c(Nc3ccc(OCc4ccccn4)c(Cl)c3)c2cc1NC(=O)C=CCN(C)C,5.0,5.332599825063521,5.562638814798933
9915743::BRSK1::14434,BRSK1,9915743,CCOc1cc2ncc(C#N)c(Nc3ccc(OCc4ccccn4)c(Cl)c3)c2cc1NC(=O)C=CCN(C)C,5.0,5.332599825063521,5.13081944732558
9915743::CAMK1::14437,CAMK1,9915743,CCOc1cc2ncc(C#N)c(Nc3ccc(OCc4ccccn4)c(Cl)c3)c2cc1NC(=O)C=CCN(C)C,5.0,5.332599825063521,5.2173657980373145
9915743::CAMK1D::14438,CAMK1D,9915743,CCOc1cc2ncc(C#N)c(Nc3ccc(OCc4ccccn4)c(Cl)c3)c2cc1NC(=O)C=CCN(C)C,5.251811972993799,5.332599825063521,5.1470544237038895
9915743::CAMK1G::14439,CAMK1G,9915743,CCOc1cc2ncc(C#N)c(Nc3ccc(OCc4ccccn4)c(Cl)c3)c2cc1NC(=O)C=CCN(C)C,5.0,5.332599825063521,5.157231023429455
9915743::CAMK2G::14443,CAMK2G,9915743,CCOc1cc2ncc(C#N)c(Nc3ccc(OCc4ccccn4)c(Cl)c3)c2cc1NC(=O)C=CCN(C)C,5.0,5.332599825063521,5.118939812545948
9915743::CAMK4::14444,CAMK4,9915743,CCOc1cc2ncc(C#N)c(Nc3ccc(OCc4ccccn4)c(Cl)c3)c2cc1NC(=O)C=CCN(C)C,5.0,5.332599825063521,5.25323235897302
9915743::CAMKK1::14445,CAMKK1,9915743,CCOc1cc2ncc(C#N)c(Nc3ccc(OCc4ccccn4)c(Cl)c3)c2cc1NC(=O)C=CCN(C)C,5.0,5.332599825063521,5.393391741698012
9915743::CDKL2::14460,CDKL2,9915743,CCOc1cc2ncc(C#N)c(Nc3ccc(OCc4ccccn4)c(Cl)c3)c2cc1NC(=O)C=CCN(C)C,5.0,5.332599825063521,5.196996662166819
9915743::CDKL5::14462,CDKL5,9915743,CCOc1cc2ncc(C#N)c(Nc3ccc(OCc4ccccn4)c(Cl)c3)c2cc1NC(=O)C=CCN(C)C,5.0,5.332599825063521,5.016029316374015
9915743::CLK1::14466,CLK1,9915743,CCOc1cc2ncc(C#N)c(Nc3ccc(OCc4ccccn4)c(Cl)c3)c2cc1NC(=O)C=CCN(C)C,5.0,5.332599825063521,5.1472429597701295
9915743::CLK2::14467,CLK2,9915743,CCOc1cc2ncc(C#N)c(Nc3ccc(OCc4ccccn4)c(Cl)c3)c2cc1NC(=O)C=CCN(C)C,5.0,5.332599825063521,5.401734922192607
9915743::CSNK1A1L::14473,CSNK1A1L,9915743,CCOc1cc2ncc(C#N)c(Nc3ccc(OCc4ccccn4)c(Cl)c3)c2cc1NC(=O)C=CCN(C)C,5.0,5.332599825063521,4.977626041970668
9915743::CSNK1G1::14476,CSNK1G1,9915743,CCOc1cc2ncc(C#N)c(Nc3ccc(OCc4ccccn4)c(Cl)c3)c2cc1NC(=O)C=CCN(C)C,5.0,5.332599825063521,5.32503045478691
9915743::CSNK1G3::14478,CSNK1G3,9915743,CCOc1cc2ncc(C#N)c(Nc3ccc(OCc4ccccn4)c(Cl)c3)c2cc1NC(=O)C=CCN(C)C,5.107905397309519,5.332599825063521,5.2160171914216535
9915743::DCAMKL1::14485,DCAMKL1,9915743,CCOc1cc2ncc(C#N)c(Nc3ccc(OCc4ccccn4)c(Cl)c3)c2cc1NC(=O)C=CCN(C)C,5.0,5.332599825063521,5.105648153073823
9915743::DCAMKL2::14486,DCAMKL2,9915743,CCOc1cc2ncc(C#N)c(Nc3ccc(OCc4ccccn4)c(Cl)c3)c2cc1NC(=O)C=CCN(C)C,5.0,5.332599825063521,5.118339234526692
9915743::DMPK::14491,DMPK,9915743,CCOc1cc2ncc(C#N)c(Nc3ccc(OCc4ccccn4)c(Cl)c3)c2cc1NC(=O)C=CCN(C)C,5.0,5.332599825063521,5.161172053258021
9915743::DYRK1A::14495,DYRK1A,9915743,CCOc1cc2ncc(C#N)c(Nc3ccc(OCc4ccccn4)c(Cl)c3)c2cc1NC(=O)C=CCN(C)C,5.0,5.332599825063521,5.289005454133645
9915743::EPHA6::14505,EPHA6,9915743,CCOc1cc2ncc(C#N)c(Nc3ccc(OCc4ccccn4)c(Cl)c3)c2cc1NC(=O)C=CCN(C)C,5.0,5.332599825063521,5.990890104219928
9915743::ERBB2::14513,ERBB2,9915743,CCOc1cc2ncc(C#N)c(Nc3ccc(OCc4ccccn4)c(Cl)c3)c2cc1NC(=O)C=CCN(C)C,8.221848749616356,5.332599825063521,5.792692914782542
9915743::FGFR3(G697C)::14528,FGFR3(G697C),9915743,CCOc1cc2ncc(C#N)c(Nc3ccc(OCc4ccccn4)c(Cl)c3)c2cc1NC(=O)C=CCN(C)C,5.0,5.332599825063521,5.304284250785869
9915743::FLT1::14531,FLT1,9915743,CCOc1cc2ncc(C#N)c(Nc3ccc(OCc4ccccn4)c(Cl)c3)c2cc1NC(=O)C=CCN(C)C,5.0,5.332599825063521,5.442162798685906
9915743::FLT4::14533,FLT4,9915743,CCOc1cc2ncc(C#N)c(Nc3ccc(OCc4ccccn4)c(Cl)c3)c2cc1NC(=O)C=CCN(C)C,5.0,5.332599825063521,5.376054965724535
9915743::FYN::14535,FYN,9915743,CCOc1cc2ncc(C#N)c(Nc3ccc(OCc4ccccn4)c(Cl)c3)c2cc1NC(=O)C=CCN(C)C,5.1938200260161125,5.332599825063521,5.998758590644889
9915743::GAK::14536,GAK,9915743,CCOc1cc2ncc(C#N)c(Nc3ccc(OCc4ccccn4)c(Cl)c3)c2cc1NC(=O)C=CCN(C)C,6.6020599913279625,5.332599825063521,5.123146820019928
9915743::HIPK3::14546,HIPK3,9915743,CCOc1cc2ncc(C#N)c(Nc3ccc(OCc4ccccn4)c(Cl)c3)c2cc1NC(=O)C=CCN(C)C,5.0,5.332599825063521,5.359214805134721
9915743::HUNK::14549,HUNK,9915743,CCOc1cc2ncc(C#N)c(Nc3ccc(OCc4ccccn4)c(Cl)c3)c2cc1NC(=O)C=CCN(C)C,5.0,5.332599825063521,5.246227923912818
9915743::ICK::14550,ICK,9915743,CCOc1cc2ncc(C#N)c(Nc3ccc(OCc4ccccn4)c(Cl)c3)c2cc1NC(=O)C=CCN(C)C,5.0,5.332599825063521,4.999985536842194
9915743::IKK-alpha::14552,IKK-alpha,9915743,CCOc1cc2ncc(C#N)c(Nc3ccc(OCc4ccccn4)c(Cl)c3)c2cc1NC(=O)C=CCN(C)C,5.0,5.332599825063521,5.185237617054535
9915743::IKK-epsilon::14554,IKK-epsilon,9915743,CCOc1cc2ncc(C#N)c(Nc3ccc(OCc4ccccn4)c(Cl)c3)c2cc1NC(=O)C=CCN(C)C,5.0,5.332599825063521,5.228419149333991
9915743::JAK3(JH1domain-catalytic)::14563,JAK3(JH1domain-catalytic),9915743,CCOc1cc2ncc(C#N)c(Nc3ccc(OCc4ccccn4)c(Cl)c3)c2cc1NC(=O)C=CCN(C)C,5.698970004336019,5.332599825063521,5.029454202747857
9915743::JNK1::14564,JNK1,9915743,CCOc1cc2ncc(C#N)c(Nc3ccc(OCc4ccccn4)c(Cl)c3)c2cc1NC(=O)C=CCN(C)C,5.481486060122112,5.332599825063521,5.201525722211033
9915743::JNK2::14565,JNK2,9915743,CCOc1cc2ncc(C#N)c(Nc3ccc(OCc4ccccn4)c(Cl)c3)c2cc1NC(=O)C=CCN(C)C,5.0,5.332599825063521,5.154233359360986
9915743::LOK::14574,LOK,9915743,CCOc1cc2ncc(C#N)c(Nc3ccc(OCc4ccccn4)c(Cl)c3)c2cc1NC(=O)C=CCN(C)C,7.886056647693163,5.332599825063521,5.613147162822584
9915743::MAK::14579,MAK,9915743,CCOc1cc2ncc(C#N)c(Nc3ccc(OCc4ccccn4)c(Cl)c3)c2cc1NC(=O)C=CCN(C)C,5.0,5.332599825063521,5.210549453331255
9915743::MAP3K15::14581,MAP3K15,9915743,CCOc1cc2ncc(C#N)c(Nc3ccc(OCc4ccccn4)c(Cl)c3)c2cc1NC(=O)C=CCN(C)C,5.0,5.332599825063521,5.348073872684198
9915743::MAP4K2::14585,MAP4K2,9915743,CCOc1cc2ncc(C#N)c(Nc3ccc(OCc4ccccn4)c(Cl)c3)c2cc1NC(=O)C=CCN(C)C,6.657577319177793,5.332599825063521,5.3591045419763335
9915743::MAP4K3::14586,MAP4K3,9915743,CCOc1cc2ncc(C#N)c(Nc3ccc(OCc4ccccn4)c(Cl)c3)c2cc1NC(=O)C=CCN(C)C,8.113509274827518,5.332599825063521,5.837389601771912
9915743::MEK1::14596,MEK1,9915743,CCOc1cc2ncc(C#N)c(Nc3ccc(OCc4ccccn4)c(Cl)c3)c2cc1NC(=O)C=CCN(C)C,7.853871964321762,5.332599825063521,5.684636337249366
9915743::MELK::14602,MELK,9915743,CCOc1cc2ncc(C#N)c(Nc3ccc(OCc4ccccn4)c(Cl)c3)c2cc1NC(=O)C=CCN(C)C,5.795880017344075,5.332599825063521,5.122650553866264
9915743::MLK1::14610,MLK1,9915743,CCOc1cc2ncc(C#N)c(Nc3ccc(OCc4ccccn4)c(Cl)c3)c2cc1NC(=O)C=CCN(C)C,5.267606240177031,5.332599825063521,5.339987814885641
9915743::MLK2::14611,MLK2,9915743,CCOc1cc2ncc(C#N)c(Nc3ccc(OCc4ccccn4)c(Cl)c3)c2cc1NC(=O)C=CCN(C)C,5.337242168318426,5.332599825063521,5.396938058485624
9915743::MLK3::14612,MLK3,9915743,CCOc1cc2ncc(C#N)c(Nc3ccc(OCc4ccccn4)c(Cl)c3)c2cc1NC(=O)C=CCN(C)C,5.236572006437063,5.332599825063521,5.553367087486913
9915743::MST1::14615,MST1,9915743,CCOc1cc2ncc(C#N)c(Nc3ccc(OCc4ccccn4)c(Cl)c3)c2cc1NC(=O)C=CCN(C)C,6.568636235841012,5.332599825063521,6.171515571093605
9915743::MST1R::14616,MST1R,9915743,CCOc1cc2ncc(C#N)c(Nc3ccc(OCc4ccccn4)c(Cl)c3)c2cc1NC(=O)C=CCN(C)C,5.075720713938118,5.332599825063521,5.080764452326343
9915743::MST2::14617,MST2,9915743,CCOc1cc2ncc(C#N)c(Nc3ccc(OCc4ccccn4)c(Cl)c3)c2cc1NC(=O)C=CCN(C)C,7.236572006437063,5.332599825063521,5.9869760915603045
9915743::MST3::14618,MST3,9915743,CCOc1cc2ncc(C#N)c(Nc3ccc(OCc4ccccn4)c(Cl)c3)c2cc1NC(=O)C=CCN(C)C,8.187086643357144,5.332599825063521,6.084705858922331
9915743::MYLK::14622,MYLK,9915743,CCOc1cc2ncc(C#N)c(Nc3ccc(OCc4ccccn4)c(Cl)c3)c2cc1NC(=O)C=CCN(C)C,5.0,5.332599825063521,5.6696796717478515
9915743::MYLK2::14623,MYLK2,9915743,CCOc1cc2ncc(C#N)c(Nc3ccc(OCc4ccccn4)c(Cl)c3)c2cc1NC(=O)C=CCN(C)C,5.0,5.332599825063521,5.2789947994833
9915743::NEK1::14629,NEK1,9915743,CCOc1cc2ncc(C#N)c(Nc3ccc(OCc4ccccn4)c(Cl)c3)c2cc1NC(=O)C=CCN(C)C,5.0,5.332599825063521,5.299011189866938
9915743::p38-alpha::14641,p38-alpha,9915743,CCOc1cc2ncc(C#N)c(Nc3ccc(OCc4ccccn4)c(Cl)c3)c2cc1NC(=O)C=CCN(C)C,5.0,5.332599825063521,5.192929457248818
9915743::PAK4::14648,PAK4,9915743,CCOc1cc2ncc(C#N)c(Nc3ccc(OCc4ccccn4)c(Cl)c3)c2cc1NC(=O)C=CCN(C)C,5.0,5.332599825063521,5.674601686864544
9915743::PFPK5(Pfalciparum)::14658,PFPK5(Pfalciparum),9915743,CCOc1cc2ncc(C#N)c(Nc3ccc(OCc4ccccn4)c(Cl)c3)c2cc1NC(=O)C=CCN(C)C,5.0,5.332599825063521,5.0619803158975545
9915743::PIK3CA(Q546K)::14665,PIK3CA(Q546K),9915743,CCOc1cc2ncc(C#N)c(Nc3ccc(OCc4ccccn4)c(Cl)c3)c2cc1NC(=O)C=CCN(C)C,5.0,5.332599825063521,5.173248068058747
9915743::PIK3CD::14667,PIK3CD,9915743,CCOc1cc2ncc(C#N)c(Nc3ccc(OCc4ccccn4)c(Cl)c3)c2cc1NC(=O)C=CCN(C)C,5.0,5.332599825063521,5.083828637891116
9915743::PIM3::14672,PIM3,9915743,CCOc1cc2ncc(C#N)c(Nc3ccc(OCc4ccccn4)c(Cl)c3)c2cc1NC(=O)C=CCN(C)C,5.0,5.332599825063521,5.079207197498761
9915743::PRKCE::14688,PRKCE,9915743,CCOc1cc2ncc(C#N)c(Nc3ccc(OCc4ccccn4)c(Cl)c3)c2cc1NC(=O)C=CCN(C)C,5.0,5.332599825063521,5.2176162779306114
9915743::PYK2::14700,PYK2,9915743,CCOc1cc2ncc(C#N)c(Nc3ccc(OCc4ccccn4)c(Cl)c3)c2cc1NC(=O)C=CCN(C)C,5.096910013008056,5.332599825063521,5.469993281759851
9915743::RIPK5::14710,RIPK5,9915743,CCOc1cc2ncc(C#N)c(Nc3ccc(OCc4ccccn4)c(Cl)c3)c2cc1NC(=O)C=CCN(C)C,5.1938200260161125,5.332599825063521,5.162046456201108
9915743::RSK2(KinDom.1-N-terminal)::14717,RSK2(KinDom.1-N-terminal),9915743,CCOc1cc2ncc(C#N)c(Nc3ccc(OCc4ccccn4)c(Cl)c3)c2cc1NC(=O)C=CCN(C)C,5.0,5.332599825063521,5.057692721960627
9915743::SNARK::14727,SNARK,9915743,CCOc1cc2ncc(C#N)c(Nc3ccc(OCc4ccccn4)c(Cl)c3)c2cc1NC(=O)C=CCN(C)C,6.853871964321762,5.332599825063521,5.262994952344071
9915743::TBK1::14744,TBK1,9915743,CCOc1cc2ncc(C#N)c(Nc3ccc(OCc4ccccn4)c(Cl)c3)c2cc1NC(=O)C=CCN(C)C,5.0,5.332599825063521,5.332043589579947
9915743::TNK1::14754,TNK1,9915743,CCOc1cc2ncc(C#N)c(Nc3ccc(OCc4ccccn4)c(Cl)c3)c2cc1NC(=O)C=CCN(C)C,5.0,5.332599825063521,5.806102434554563
9915743::TRKC::14759,TRKC,9915743,CCOc1cc2ncc(C#N)c(Nc3ccc(OCc4ccccn4)c(Cl)c3)c2cc1NC(=O)C=CCN(C)C,5.0,5.332599825063521,5.682601734751857
9915743::TRPM6::14760,TRPM6,9915743,CCOc1cc2ncc(C#N)c(Nc3ccc(OCc4ccccn4)c(Cl)c3)c2cc1NC(=O)C=CCN(C)C,5.0,5.332599825063521,5.415779111105288
9915743::TSSK1B::14761,TSSK1B,9915743,CCOc1cc2ncc(C#N)c(Nc3ccc(OCc4ccccn4)c(Cl)c3)c2cc1NC(=O)C=CCN(C)C,5.0,5.332599825063521,5.709061332663698
9915743::ULK1::14766,ULK1,9915743,CCOc1cc2ncc(C#N)c(Nc3ccc(OCc4ccccn4)c(Cl)c3)c2cc1NC(=O)C=CCN(C)C,5.0,5.332599825063521,5.4410480207053675
644241::ACVR2A::14786,ACVR2A,644241,Cc1cn(-c2cc(NC(=O)c3ccc(C)c(Nc4nccc(-c5cccnc5)n4)c3)cc(C(F)(F)F)c2)cn1,5.0,5.201769831309486,5.31265928343585
644241::AKT1::14791,AKT1,644241,Cc1cn(-c2cc(NC(=O)c3ccc(C)c(Nc4nccc(-c5cccnc5)n4)c3)cc(C(F)(F)F)c2)cn1,5.0,5.201769831309486,5.122021429969348
644241::AMPK-alpha1::14795,AMPK-alpha1,644241,Cc1cn(-c2cc(NC(=O)c3ccc(C)c(Nc4nccc(-c5cccnc5)n4)c3)cc(C(F)(F)F)c2)cn1,5.0,5.201769831309486,5.160609020325517
644241::ARK5::14798,ARK5,644241,Cc1cn(-c2cc(NC(=O)c3ccc(C)c(Nc4nccc(-c5cccnc5)n4)c3)cc(C(F)(F)F)c2)cn1,5.0,5.201769831309486,5.1257570683361395
644241::AXL::14804,AXL,644241,Cc1cn(-c2cc(NC(=O)c3ccc(C)c(Nc4nccc(-c5cccnc5)n4)c3)cc(C(F)(F)F)c2)cn1,5.0,5.201769831309486,5.369043517305262
644241::BIKE::14805,BIKE,644241,Cc1cn(-c2cc(NC(=O)c3ccc(C)c(Nc4nccc(-c5cccnc5)n4)c3)cc(C(F)(F)F)c2)cn1,5.0,5.201769831309486,5.273823696224655
644241::BLK::14806,BLK,644241,Cc1cn(-c2cc(NC(=O)c3ccc(C)c(Nc4nccc(-c5cccnc5)n4)c3)cc(C(F)(F)F)c2)cn1,6.301029995663981,5.201769831309486,5.239659319678663
644241::BMPR1A::14807,BMPR1A,644241,Cc1cn(-c2cc(NC(=O)c3ccc(C)c(Nc4nccc(-c5cccnc5)n4)c3)cc(C(F)(F)F)c2)cn1,5.0,5.201769831309486,5.27169057251938
644241::BRAF(V600E)::14811,BRAF(V600E),644241,Cc1cn(-c2cc(NC(=O)c3ccc(C)c(Nc4nccc(-c5cccnc5)n4)c3)cc(C(F)(F)F)c2)cn1,6.2441251443275085,5.201769831309486,5.094892551594573
644241::BRSK1::14813,BRSK1,644241,Cc1cn(-c2cc(NC(=O)c3ccc(C)c(Nc4nccc(-c5cccnc5)n4)c3)cc(C(F)(F)F)c2)cn1,5.0,5.201769831309486,5.067012195751186
644241::CAMK1::14816,CAMK1,644241,Cc1cn(-c2cc(NC(=O)c3ccc(C)c(Nc4nccc(-c5cccnc5)n4)c3)cc(C(F)(F)F)c2)cn1,5.0,5.201769831309486,5.059195874702406
644241::CAMK1D::14817,CAMK1D,644241,Cc1cn(-c2cc(NC(=O)c3ccc(C)c(Nc4nccc(-c5cccnc5)n4)c3)cc(C(F)(F)F)c2)cn1,5.0,5.201769831309486,5.07506783906545
644241::CAMK1G::14818,CAMK1G,644241,Cc1cn(-c2cc(NC(=O)c3ccc(C)c(Nc4nccc(-c5cccnc5)n4)c3)cc(C(F)(F)F)c2)cn1,5.0,5.201769831309486,5.108794958512347
644241::CAMK2G::14822,CAMK2G,644241,Cc1cn(-c2cc(NC(=O)c3ccc(C)c(Nc4nccc(-c5cccnc5)n4)c3)cc(C(F)(F)F)c2)cn1,5.0,5.201769831309486,5.150913111890194
644241::CAMK4::14823,CAMK4,644241,Cc1cn(-c2cc(NC(=O)c3ccc(C)c(Nc4nccc(-c5cccnc5)n4)c3)cc(C(F)(F)F)c2)cn1,5.0,5.201769831309486,5.0848613702430105
644241::CAMKK1::14824,CAMKK1,644241,Cc1cn(-c2cc(NC(=O)c3ccc(C)c(Nc4nccc(-c5cccnc5)n4)c3)cc(C(F)(F)F)c2)cn1,5.0,5.201769831309486,5.136677728863264
644241::CDKL2::14839,CDKL2,644241,Cc1cn(-c2cc(NC(=O)c3ccc(C)c(Nc4nccc(-c5cccnc5)n4)c3)cc(C(F)(F)F)c2)cn1,5.0,5.201769831309486,5.201519242280673
644241::CDKL5::14841,CDKL5,644241,Cc1cn(-c2cc(NC(=O)c3ccc(C)c(Nc4nccc(-c5cccnc5)n4)c3)cc(C(F)(F)F)c2)cn1,5.0,5.201769831309486,5.083548041815671
644241::CLK1::14845,CLK1,644241,Cc1cn(-c2cc(NC(=O)c3ccc(C)c(Nc4nccc(-c5cccnc5)n4)c3)cc(C(F)(F)F)c2)cn1,5.6777807052660805,5.201769831309486,5.181239005833603
644241::CLK2::14846,CLK2,644241,Cc1cn(-c2cc(NC(=O)c3ccc(C)c(Nc4nccc(-c5cccnc5)n4)c3)cc(C(F)(F)F)c2)cn1,5.0,5.201769831309486,5.304417640332683
644241::CSNK1A1L::14852,CSNK1A1L,644241,Cc1cn(-c2cc(NC(=O)c3ccc(C)c(Nc4nccc(-c5cccnc5)n4)c3)cc(C(F)(F)F)c2)cn1,5.0,5.201769831309486,5.091587587219737
644241::CSNK1G1::14855,CSNK1G1,644241,Cc1cn(-c2cc(NC(=O)c3ccc(C)c(Nc4nccc(-c5cccnc5)n4)c3)cc(C(F)(F)F)c2)cn1,5.0,5.201769831309486,5.054418864724179
644241::CSNK1G3::14857,CSNK1G3,644241,Cc1cn(-c2cc(NC(=O)c3ccc(C)c(Nc4nccc(-c5cccnc5)n4)c3)cc(C(F)(F)F)c2)cn1,5.0,5.201769831309486,4.964022670746279
644241::DCAMKL1::14864,DCAMKL1,644241,Cc1cn(-c2cc(NC(=O)c3ccc(C)c(Nc4nccc(-c5cccnc5)n4)c3)cc(C(F)(F)F)c2)cn1,5.0,5.201769831309486,5.055703868850254
644241::DCAMKL2::14865,DCAMKL2,644241,Cc1cn(-c2cc(NC(=O)c3ccc(C)c(Nc4nccc(-c5cccnc5)n4)c3)cc(C(F)(F)F)c2)cn1,5.0,5.201769831309486,5.075346546724298
644241::DMPK::14870,DMPK,644241,Cc1cn(-c2cc(NC(=O)c3ccc(C)c(Nc4nccc(-c5cccnc5)n4)c3)cc(C(F)(F)F)c2)cn1,5.0,5.201769831309486,5.172413207301009
644241::DYRK1A::14874,DYRK1A,644241,Cc1cn(-c2cc(NC(=O)c3ccc(C)c(Nc4nccc(-c5cccnc5)n4)c3)cc(C(F)(F)F)c2)cn1,5.0,5.201769831309486,5.0368981823188586
644241::EPHA6::14884,EPHA6,644241,Cc1cn(-c2cc(NC(=O)c3ccc(C)c(Nc4nccc(-c5cccnc5)n4)c3)cc(C(F)(F)F)c2)cn1,6.1938200260161125,5.201769831309486,5.45605325973477
644241::ERBB2::14892,ERBB2,644241,Cc1cn(-c2cc(NC(=O)c3ccc(C)c(Nc4nccc(-c5cccnc5)n4)c3)cc(C(F)(F)F)c2)cn1,5.0,5.201769831309486,5.137939557509895
644241::FGFR3(G697C)::14907,FGFR3(G697C),644241,Cc1cn(-c2cc(NC(=O)c3ccc(C)c(Nc4nccc(-c5cccnc5)n4)c3)cc(C(F)(F)F)c2)cn1,5.0,5.201769831309486,5.143480072694718
644241::FLT1::14910,FLT1,644241,Cc1cn(-c2cc(NC(=O)c3ccc(C)c(Nc4nccc(-c5cccnc5)n4)c3)cc(C(F)(F)F)c2)cn1,5.0,5.201769831309486,5.115117245282293
644241::FLT4::14912,FLT4,644241,Cc1cn(-c2cc(NC(=O)c3ccc(C)c(Nc4nccc(-c5cccnc5)n4)c3)cc(C(F)(F)F)c2)cn1,5.0,5.201769831309486,5.153935541572985
644241::FYN::14914,FYN,644241,Cc1cn(-c2cc(NC(=O)c3ccc(C)c(Nc4nccc(-c5cccnc5)n4)c3)cc(C(F)(F)F)c2)cn1,5.795880017344075,5.201769831309486,5.804822678859057
644241::GAK::14915,GAK,644241,Cc1cn(-c2cc(NC(=O)c3ccc(C)c(Nc4nccc(-c5cccnc5)n4)c3)cc(C(F)(F)F)c2)cn1,5.0,5.201769831309486,5.121788641269823
644241::HIPK3::14925,HIPK3,644241,Cc1cn(-c2cc(NC(=O)c3ccc(C)c(Nc4nccc(-c5cccnc5)n4)c3)cc(C(F)(F)F)c2)cn1,5.0,5.201769831309486,5.312200585424297
644241::HUNK::14928,HUNK,644241,Cc1cn(-c2cc(NC(=O)c3ccc(C)c(Nc4nccc(-c5cccnc5)n4)c3)cc(C(F)(F)F)c2)cn1,5.0,5.201769831309486,5.10626480381122
644241::ICK::14929,ICK,644241,Cc1cn(-c2cc(NC(=O)c3ccc(C)c(Nc4nccc(-c5cccnc5)n4)c3)cc(C(F)(F)F)c2)cn1,5.0,5.201769831309486,5.078681712081292
644241::IKK-alpha::14931,IKK-alpha,644241,Cc1cn(-c2cc(NC(=O)c3ccc(C)c(Nc4nccc(-c5cccnc5)n4)c3)cc(C(F)(F)F)c2)cn1,5.0,5.201769831309486,5.0072466389587476
644241::IKK-epsilon::14933,IKK-epsilon,644241,Cc1cn(-c2cc(NC(=O)c3ccc(C)c(Nc4nccc(-c5cccnc5)n4)c3)cc(C(F)(F)F)c2)cn1,5.0,5.201769831309486,5.04872621985538
644241::JAK3(JH1domain-catalytic)::14942,JAK3(JH1domain-catalytic),644241,Cc1cn(-c2cc(NC(=O)c3ccc(C)c(Nc4nccc(-c5cccnc5)n4)c3)cc(C(F)(F)F)c2)cn1,5.0,5.201769831309486,5.086604850154221
644241::JNK1::14943,JNK1,644241,Cc1cn(-c2cc(NC(=O)c3ccc(C)c(Nc4nccc(-c5cccnc5)n4)c3)cc(C(F)(F)F)c2)cn1,6.346787486224656,5.201769831309486,5.17365306830093
644241::JNK2::14944,JNK2,644241,Cc1cn(-c2cc(NC(=O)c3ccc(C)c(Nc4nccc(-c5cccnc5)n4)c3)cc(C(F)(F)F)c2)cn1,5.236572006437063,5.201769831309486,5.132065102397156
644241::LOK::14953,LOK,644241,Cc1cn(-c2cc(NC(=O)c3ccc(C)c(Nc4nccc(-c5cccnc5)n4)c3)cc(C(F)(F)F)c2)cn1,5.167491087293763,5.201769831309486,5.381733466265647
644241::MAK::14958,MAK,644241,Cc1cn(-c2cc(NC(=O)c3ccc(C)c(Nc4nccc(-c5cccnc5)n4)c3)cc(C(F)(F)F)c2)cn1,5.0,5.201769831309486,5.078178189471783
644241::MAP3K15::14960,MAP3K15,644241,Cc1cn(-c2cc(NC(=O)c3ccc(C)c(Nc4nccc(-c5cccnc5)n4)c3)cc(C(F)(F)F)c2)cn1,5.0,5.201769831309486,5.066636858637855
644241::MAP4K2::14964,MAP4K2,644241,Cc1cn(-c2cc(NC(=O)c3ccc(C)c(Nc4nccc(-c5cccnc5)n4)c3)cc(C(F)(F)F)c2)cn1,5.0,5.201769831309486,5.181567746423817
644241::MAP4K3::14965,MAP4K3,644241,Cc1cn(-c2cc(NC(=O)c3ccc(C)c(Nc4nccc(-c5cccnc5)n4)c3)cc(C(F)(F)F)c2)cn1,5.0,5.201769831309486,5.167169192540654
644241::MEK1::14975,MEK1,644241,Cc1cn(-c2cc(NC(=O)c3ccc(C)c(Nc4nccc(-c5cccnc5)n4)c3)cc(C(F)(F)F)c2)cn1,5.0,5.201769831309486,5.275022779121987
644241::MELK::14981,MELK,644241,Cc1cn(-c2cc(NC(=O)c3ccc(C)c(Nc4nccc(-c5cccnc5)n4)c3)cc(C(F)(F)F)c2)cn1,5.0,5.201769831309486,5.13725432635262
644241::MLK1::14989,MLK1,644241,Cc1cn(-c2cc(NC(=O)c3ccc(C)c(Nc4nccc(-c5cccnc5)n4)c3)cc(C(F)(F)F)c2)cn1,5.0,5.201769831309486,5.198869885829905
644241::MLK2::14990,MLK2,644241,Cc1cn(-c2cc(NC(=O)c3ccc(C)c(Nc4nccc(-c5cccnc5)n4)c3)cc(C(F)(F)F)c2)cn1,5.0,5.201769831309486,5.016567551542119
644241::MLK3::14991,MLK3,644241,Cc1cn(-c2cc(NC(=O)c3ccc(C)c(Nc4nccc(-c5cccnc5)n4)c3)cc(C(F)(F)F)c2)cn1,5.0,5.201769831309486,5.19246988786281
644241::MST1::14994,MST1,644241,Cc1cn(-c2cc(NC(=O)c3ccc(C)c(Nc4nccc(-c5cccnc5)n4)c3)cc(C(F)(F)F)c2)cn1,5.0,5.201769831309486,5.099096859336866
644241::MST1R::14995,MST1R,644241,Cc1cn(-c2cc(NC(=O)c3ccc(C)c(Nc4nccc(-c5cccnc5)n4)c3)cc(C(F)(F)F)c2)cn1,5.0,5.201769831309486,5.295901710707458
644241::MST2::14996,MST2,644241,Cc1cn(-c2cc(NC(=O)c3ccc(C)c(Nc4nccc(-c5cccnc5)n4)c3)cc(C(F)(F)F)c2)cn1,5.0,5.201769831309486,5.233126144045632
644241::MST3::14997,MST3,644241,Cc1cn(-c2cc(NC(=O)c3ccc(C)c(Nc4nccc(-c5cccnc5)n4)c3)cc(C(F)(F)F)c2)cn1,5.0,5.201769831309486,5.058657669135572
644241::MYLK::15001,MYLK,644241,Cc1cn(-c2cc(NC(=O)c3ccc(C)c(Nc4nccc(-c5cccnc5)n4)c3)cc(C(F)(F)F)c2)cn1,5.0,5.201769831309486,5.104391986676911
644241::MYLK2::15002,MYLK2,644241,Cc1cn(-c2cc(NC(=O)c3ccc(C)c(Nc4nccc(-c5cccnc5)n4)c3)cc(C(F)(F)F)c2)cn1,5.0,5.201769831309486,5.070502777640691
644241::NEK1::15008,NEK1,644241,Cc1cn(-c2cc(NC(=O)c3ccc(C)c(Nc4nccc(-c5cccnc5)n4)c3)cc(C(F)(F)F)c2)cn1,5.0,5.201769831309486,5.170099708046365
644241::p38-alpha::15020,p38-alpha,644241,Cc1cn(-c2cc(NC(=O)c3ccc(C)c(Nc4nccc(-c5cccnc5)n4)c3)cc(C(F)(F)F)c2)cn1,6.337242168318426,5.201769831309486,5.233239899474033
644241::PAK4::15027,PAK4,644241,Cc1cn(-c2cc(NC(=O)c3ccc(C)c(Nc4nccc(-c5cccnc5)n4)c3)cc(C(F)(F)F)c2)cn1,5.0,5.201769831309486,5.216661558002999
644241::PFPK5(Pfalciparum)::15037,PFPK5(Pfalciparum),644241,Cc1cn(-c2cc(NC(=O)c3ccc(C)c(Nc4nccc(-c5cccnc5)n4)c3)cc(C(F)(F)F)c2)cn1,5.0,5.201769831309486,5.031445305439126
644241::PIK3CA(Q546K)::15044,PIK3CA(Q546K),644241,Cc1cn(-c2cc(NC(=O)c3ccc(C)c(Nc4nccc(-c5cccnc5)n4)c3)cc(C(F)(F)F)c2)cn1,5.0,5.201769831309486,5.123468476326128
644241::PIK3CD::15046,PIK3CD,644241,Cc1cn(-c2cc(NC(=O)c3ccc(C)c(Nc4nccc(-c5cccnc5)n4)c3)cc(C(F)(F)F)c2)cn1,5.0,5.201769831309486,5.132721201651886
644241::PIM3::15051,PIM3,644241,Cc1cn(-c2cc(NC(=O)c3ccc(C)c(Nc4nccc(-c5cccnc5)n4)c3)cc(C(F)(F)F)c2)cn1,5.0,5.201769831309486,5.065552716516163
644241::PRKCE::15067,PRKCE,644241,Cc1cn(-c2cc(NC(=O)c3ccc(C)c(Nc4nccc(-c5cccnc5)n4)c3)cc(C(F)(F)F)c2)cn1,5.0,5.201769831309486,5.071964334813847
644241::PYK2::15079,PYK2,644241,Cc1cn(-c2cc(NC(=O)c3ccc(C)c(Nc4nccc(-c5cccnc5)n4)c3)cc(C(F)(F)F)c2)cn1,5.0,5.201769831309486,5.296268366893633
644241::RIPK5::15089,RIPK5,644241,Cc1cn(-c2cc(NC(=O)c3ccc(C)c(Nc4nccc(-c5cccnc5)n4)c3)cc(C(F)(F)F)c2)cn1,5.0,5.201769831309486,5.020994086264509
644241::RSK2(KinDom.1-N-terminal)::15096,RSK2(KinDom.1-N-terminal),644241,Cc1cn(-c2cc(NC(=O)c3ccc(C)c(Nc4nccc(-c5cccnc5)n4)c3)cc(C(F)(F)F)c2)cn1,5.0,5.201769831309486,5.219464083210865
644241::SNARK::15106,SNARK,644241,Cc1cn(-c2cc(NC(=O)c3ccc(C)c(Nc4nccc(-c5cccnc5)n4)c3)cc(C(F)(F)F)c2)cn1,5.0,5.201769831309486,5.159319693532295
644241::TBK1::15123,TBK1,644241,Cc1cn(-c2cc(NC(=O)c3ccc(C)c(Nc4nccc(-c5cccnc5)n4)c3)cc(C(F)(F)F)c2)cn1,5.0,5.201769831309486,5.108239014689963
644241::TNK1::15133,TNK1,644241,Cc1cn(-c2cc(NC(=O)c3ccc(C)c(Nc4nccc(-c5cccnc5)n4)c3)cc(C(F)(F)F)c2)cn1,5.0,5.201769831309486,5.25012049477937
644241::TRKC::15138,TRKC,644241,Cc1cn(-c2cc(NC(=O)c3ccc(C)c(Nc4nccc(-c5cccnc5)n4)c3)cc(C(F)(F)F)c2)cn1,6.221848749616356,5.201769831309486,5.510144753331317
644241::TRPM6::15139,TRPM6,644241,Cc1cn(-c2cc(NC(=O)c3ccc(C)c(Nc4nccc(-c5cccnc5)n4)c3)cc(C(F)(F)F)c2)cn1,5.0,5.201769831309486,5.159021054072428
644241::TSSK1B::15140,TSSK1B,644241,Cc1cn(-c2cc(NC(=O)c3ccc(C)c(Nc4nccc(-c5cccnc5)n4)c3)cc(C(F)(F)F)c2)cn1,5.0,5.201769831309486,5.0073142595928175
644241::ULK1::15145,ULK1,644241,Cc1cn(-c2cc(NC(=O)c3ccc(C)c(Nc4nccc(-c5cccnc5)n4)c3)cc(C(F)(F)F)c2)cn1,5.0,5.201769831309486,5.173900389736493
447077::ACVR2A::15165,ACVR2A,447077,CSc1cccc(Nc2ncc3cc(-c4c(Cl)cccc4Cl)c(=O)n(C)c3n2)c1,8.0,5.746219156337313,6.380840739973057
447077::AKT1::15170,AKT1,447077,CSc1cccc(Nc2ncc3cc(-c4c(Cl)cccc4Cl)c(=O)n(C)c3n2)c1,5.0,5.746219156337313,5.430865416411124
447077::AMPK-alpha1::15174,AMPK-alpha1,447077,CSc1cccc(Nc2ncc3cc(-c4c(Cl)cccc4Cl)c(=O)n(C)c3n2)c1,5.0,5.746219156337313,5.284881430296717
447077::ARK5::15177,ARK5,447077,CSc1cccc(Nc2ncc3cc(-c4c(Cl)cccc4Cl)c(=O)n(C)c3n2)c1,5.0,5.746219156337313,5.442776192897347
447077::AXL::15183,AXL,447077,CSc1cccc(Nc2ncc3cc(-c4c(Cl)cccc4Cl)c(=O)n(C)c3n2)c1,5.0,5.746219156337313,6.5783345381508775
447077::BIKE::15184,BIKE,447077,CSc1cccc(Nc2ncc3cc(-c4c(Cl)cccc4Cl)c(=O)n(C)c3n2)c1,5.0,5.746219156337313,5.5534494932448855
447077::BLK::15185,BLK,447077,CSc1cccc(Nc2ncc3cc(-c4c(Cl)cccc4Cl)c(=O)n(C)c3n2)c1,8.823908740944319,5.746219156337313,6.313825628917868
447077::BMPR1A::15186,BMPR1A,447077,CSc1cccc(Nc2ncc3cc(-c4c(Cl)cccc4Cl)c(=O)n(C)c3n2)c1,6.769551078621726,5.746219156337313,6.695796820168783
447077::BRAF(V600E)::15190,BRAF(V600E),447077,CSc1cccc(Nc2ncc3cc(-c4c(Cl)cccc4Cl)c(=O)n(C)c3n2)c1,8.356547323513812,5.746219156337313,5.391674233921617
447077::BRSK1::15192,BRSK1,447077,CSc1cccc(Nc2ncc3cc(-c4c(Cl)cccc4Cl)c(=O)n(C)c3n2)c1,5.468521082957745,5.746219156337313,5.458905120204769
447077::CAMK1::15195,CAMK1,447077,CSc1cccc(Nc2ncc3cc(-c4c(Cl)cccc4Cl)c(=O)n(C)c3n2)c1,5.0,5.746219156337313,6.028100225837694
447077::CAMK1D::15196,CAMK1D,447077,CSc1cccc(Nc2ncc3cc(-c4c(Cl)cccc4Cl)c(=O)n(C)c3n2)c1,5.0,5.746219156337313,5.992467466531343
447077::CAMK1G::15197,CAMK1G,447077,CSc1cccc(Nc2ncc3cc(-c4c(Cl)cccc4Cl)c(=O)n(C)c3n2)c1,5.0,5.746219156337313,5.999620175304281
447077::CAMK2G::15201,CAMK2G,447077,CSc1cccc(Nc2ncc3cc(-c4c(Cl)cccc4Cl)c(=O)n(C)c3n2)c1,5.0,5.746219156337313,5.3105505926111345
447077::CAMK4::15202,CAMK4,447077,CSc1cccc(Nc2ncc3cc(-c4c(Cl)cccc4Cl)c(=O)n(C)c3n2)c1,5.0,5.746219156337313,5.285181328271359
447077::CAMKK1::15203,CAMKK1,447077,CSc1cccc(Nc2ncc3cc(-c4c(Cl)cccc4Cl)c(=O)n(C)c3n2)c1,5.0,5.746219156337313,5.599572240111155
447077::CDKL2::15218,CDKL2,447077,CSc1cccc(Nc2ncc3cc(-c4c(Cl)cccc4Cl)c(=O)n(C)c3n2)c1,5.0,5.746219156337313,5.434324956191468
447077::CDKL5::15220,CDKL5,447077,CSc1cccc(Nc2ncc3cc(-c4c(Cl)cccc4Cl)c(=O)n(C)c3n2)c1,5.0,5.746219156337313,5.3536653276657935
447077::CLK1::15224,CLK1,447077,CSc1cccc(Nc2ncc3cc(-c4c(Cl)cccc4Cl)c(=O)n(C)c3n2)c1,5.0,5.746219156337313,5.536188331203135
447077::CLK2::15225,CLK2,447077,CSc1cccc(Nc2ncc3cc(-c4c(Cl)cccc4Cl)c(=O)n(C)c3n2)c1,5.0,5.746219156337313,5.244394885630161
447077::CSNK1A1L::15231,CSNK1A1L,447077,CSc1cccc(Nc2ncc3cc(-c4c(Cl)cccc4Cl)c(=O)n(C)c3n2)c1,5.0,5.746219156337313,5.25031258551367
447077::CSNK1G1::15234,CSNK1G1,447077,CSc1cccc(Nc2ncc3cc(-c4c(Cl)cccc4Cl)c(=O)n(C)c3n2)c1,5.0,5.746219156337313,5.226007656195268
447077::CSNK1G3::15236,CSNK1G3,447077,CSc1cccc(Nc2ncc3cc(-c4c(Cl)cccc4Cl)c(=O)n(C)c3n2)c1,5.0,5.746219156337313,5.144160309187216
447077::DCAMKL1::15243,DCAMKL1,447077,CSc1cccc(Nc2ncc3cc(-c4c(Cl)cccc4Cl)c(=O)n(C)c3n2)c1,5.0,5.746219156337313,5.290501288189003
447077::DCAMKL2::15244,DCAMKL2,447077,CSc1cccc(Nc2ncc3cc(-c4c(Cl)cccc4Cl)c(=O)n(C)c3n2)c1,5.0,5.746219156337313,5.272364845913829
447077::DMPK::15249,DMPK,447077,CSc1cccc(Nc2ncc3cc(-c4c(Cl)cccc4Cl)c(=O)n(C)c3n2)c1,5.0,5.746219156337313,5.649768629107792
447077::DYRK1A::15253,DYRK1A,447077,CSc1cccc(Nc2ncc3cc(-c4c(Cl)cccc4Cl)c(=O)n(C)c3n2)c1,5.0,5.746219156337313,5.481008166451503
447077::EPHA6::15263,EPHA6,447077,CSc1cccc(Nc2ncc3cc(-c4c(Cl)cccc4Cl)c(=O)n(C)c3n2)c1,7.154901959985743,5.746219156337313,5.791124230414919
447077::ERBB2::15271,ERBB2,447077,CSc1cccc(Nc2ncc3cc(-c4c(Cl)cccc4Cl)c(=O)n(C)c3n2)c1,5.0,5.746219156337313,5.90372340085513
447077::FGFR3(G697C)::15286,FGFR3(G697C),447077,CSc1cccc(Nc2ncc3cc(-c4c(Cl)cccc4Cl)c(=O)n(C)c3n2)c1,7.337242168318426,5.746219156337313,6.174597915925436
447077::FLT1::15289,FLT1,447077,CSc1cccc(Nc2ncc3cc(-c4c(Cl)cccc4Cl)c(=O)n(C)c3n2)c1,7.638272163982407,5.746219156337313,5.540159654626699
447077::FLT4::15291,FLT4,447077,CSc1cccc(Nc2ncc3cc(-c4c(Cl)cccc4Cl)c(=O)n(C)c3n2)c1,6.130768280269024,5.746219156337313,5.823457950683981
447077::FYN::15293,FYN,447077,CSc1cccc(Nc2ncc3cc(-c4c(Cl)cccc4Cl)c(=O)n(C)c3n2)c1,8.309803919971486,5.746219156337313,7.17537598277188
447077::GAK::15294,GAK,447077,CSc1cccc(Nc2ncc3cc(-c4c(Cl)cccc4Cl)c(=O)n(C)c3n2)c1,8.086186147616283,5.746219156337313,5.396471756689854
447077::HIPK3::15304,HIPK3,447077,CSc1cccc(Nc2ncc3cc(-c4c(Cl)cccc4Cl)c(=O)n(C)c3n2)c1,5.0,5.746219156337313,5.366824165136817
447077::HUNK::15307,HUNK,447077,CSc1cccc(Nc2ncc3cc(-c4c(Cl)cccc4Cl)c(=O)n(C)c3n2)c1,5.0,5.746219156337313,5.571451583633653
447077::ICK::15308,ICK,447077,CSc1cccc(Nc2ncc3cc(-c4c(Cl)cccc4Cl)c(=O)n(C)c3n2)c1,5.0,5.746219156337313,5.307640968797907
447077::IKK-alpha::15310,IKK-alpha,447077,CSc1cccc(Nc2ncc3cc(-c4c(Cl)cccc4Cl)c(=O)n(C)c3n2)c1,5.0,5.746219156337313,5.264978479487791
447077::IKK-epsilon::15312,IKK-epsilon,447077,CSc1cccc(Nc2ncc3cc(-c4c(Cl)cccc4Cl)c(=O)n(C)c3n2)c1,5.0,5.746219156337313,5.499982292848736
447077::JAK3(JH1domain-catalytic)::15321,JAK3(JH1domain-catalytic),447077,CSc1cccc(Nc2ncc3cc(-c4c(Cl)cccc4Cl)c(=O)n(C)c3n2)c1,6.292429823902063,5.746219156337313,5.858335885468567
447077::JNK1::15322,JNK1,447077,CSc1cccc(Nc2ncc3cc(-c4c(Cl)cccc4Cl)c(=O)n(C)c3n2)c1,5.823908740944319,5.746219156337313,5.449873819427478
447077::JNK2::15323,JNK2,447077,CSc1cccc(Nc2ncc3cc(-c4c(Cl)cccc4Cl)c(=O)n(C)c3n2)c1,5.0,5.746219156337313,5.492338441078087
447077::LOK::15332,LOK,447077,CSc1cccc(Nc2ncc3cc(-c4c(Cl)cccc4Cl)c(=O)n(C)c3n2)c1,5.7447274948966935,5.746219156337313,6.1692449116181765
447077::MAK::15337,MAK,447077,CSc1cccc(Nc2ncc3cc(-c4c(Cl)cccc4Cl)c(=O)n(C)c3n2)c1,5.0,5.746219156337313,5.440224864969791
447077::MAP3K15::15339,MAP3K15,447077,CSc1cccc(Nc2ncc3cc(-c4c(Cl)cccc4Cl)c(=O)n(C)c3n2)c1,5.0,5.746219156337313,5.329075567231931
447077::MAP4K2::15343,MAP4K2,447077,CSc1cccc(Nc2ncc3cc(-c4c(Cl)cccc4Cl)c(=O)n(C)c3n2)c1,5.920818753952375,5.746219156337313,5.711479435774353
447077::MAP4K3::15344,MAP4K3,447077,CSc1cccc(Nc2ncc3cc(-c4c(Cl)cccc4Cl)c(=O)n(C)c3n2)c1,6.4089353929735005,5.746219156337313,5.462351104711367
447077::MEK1::15354,MEK1,447077,CSc1cccc(Nc2ncc3cc(-c4c(Cl)cccc4Cl)c(=O)n(C)c3n2)c1,6.080921907623926,5.746219156337313,5.430328883235312
447077::MELK::15360,MELK,447077,CSc1cccc(Nc2ncc3cc(-c4c(Cl)cccc4Cl)c(=O)n(C)c3n2)c1,5.0,5.746219156337313,5.4211902575247155
447077::MLK1::15368,MLK1,447077,CSc1cccc(Nc2ncc3cc(-c4c(Cl)cccc4Cl)c(=O)n(C)c3n2)c1,6.3872161432802645,5.746219156337313,5.406322904517409
447077::MLK2::15369,MLK2,447077,CSc1cccc(Nc2ncc3cc(-c4c(Cl)cccc4Cl)c(=O)n(C)c3n2)c1,5.275724130399211,5.746219156337313,6.334618971717013
447077::MLK3::15370,MLK3,447077,CSc1cccc(Nc2ncc3cc(-c4c(Cl)cccc4Cl)c(=O)n(C)c3n2)c1,6.259637310505756,5.746219156337313,6.395646400141459
447077::MST1::15373,MST1,447077,CSc1cccc(Nc2ncc3cc(-c4c(Cl)cccc4Cl)c(=O)n(C)c3n2)c1,5.356547323513812,5.746219156337313,5.657356201297703
447077::MST1R::15374,MST1R,447077,CSc1cccc(Nc2ncc3cc(-c4c(Cl)cccc4Cl)c(=O)n(C)c3n2)c1,5.6020599913279625,5.746219156337313,5.548229597847573
447077::MST2::15375,MST2,447077,CSc1cccc(Nc2ncc3cc(-c4c(Cl)cccc4Cl)c(=O)n(C)c3n2)c1,5.823908740944319,5.746219156337313,5.623668306736269
447077::MST3::15376,MST3,447077,CSc1cccc(Nc2ncc3cc(-c4c(Cl)cccc4Cl)c(=O)n(C)c3n2)c1,5.585026652029182,5.746219156337313,5.4681219638615355
447077::MYLK::15380,MYLK,447077,CSc1cccc(Nc2ncc3cc(-c4c(Cl)cccc4Cl)c(=O)n(C)c3n2)c1,5.0,5.746219156337313,5.528753431507235
447077::MYLK2::15381,MYLK2,447077,CSc1cccc(Nc2ncc3cc(-c4c(Cl)cccc4Cl)c(=O)n(C)c3n2)c1,6.721246399047171,5.746219156337313,5.251387144791424
447077::NEK1::15387,NEK1,447077,CSc1cccc(Nc2ncc3cc(-c4c(Cl)cccc4Cl)c(=O)n(C)c3n2)c1,5.080921907623926,5.746219156337313,5.255959524066136
447077::p38-alpha::15399,p38-alpha,447077,CSc1cccc(Nc2ncc3cc(-c4c(Cl)cccc4Cl)c(=O)n(C)c3n2)c1,7.173925197299173,5.746219156337313,5.555098033157765
447077::PAK4::15406,PAK4,447077,CSc1cccc(Nc2ncc3cc(-c4c(Cl)cccc4Cl)c(=O)n(C)c3n2)c1,5.0,5.746219156337313,5.573374942674555
447077::PFPK5(Pfalciparum)::15416,PFPK5(Pfalciparum),447077,CSc1cccc(Nc2ncc3cc(-c4c(Cl)cccc4Cl)c(=O)n(C)c3n2)c1,5.0,5.746219156337313,5.27320401854291
447077::PIK3CA(Q546K)::15423,PIK3CA(Q546K),447077,CSc1cccc(Nc2ncc3cc(-c4c(Cl)cccc4Cl)c(=O)n(C)c3n2)c1,5.0,5.746219156337313,5.548159711940473
447077::PIK3CD::15425,PIK3CD,447077,CSc1cccc(Nc2ncc3cc(-c4c(Cl)cccc4Cl)c(=O)n(C)c3n2)c1,5.0,5.746219156337313,5.1836156716828485
447077::PIM3::15430,PIM3,447077,CSc1cccc(Nc2ncc3cc(-c4c(Cl)cccc4Cl)c(=O)n(C)c3n2)c1,5.0,5.746219156337313,5.635921537816944
447077::PRKCE::15446,PRKCE,447077,CSc1cccc(Nc2ncc3cc(-c4c(Cl)cccc4Cl)c(=O)n(C)c3n2)c1,5.0,5.746219156337313,5.1287855272561576
447077::PYK2::15458,PYK2,447077,CSc1cccc(Nc2ncc3cc(-c4c(Cl)cccc4Cl)c(=O)n(C)c3n2)c1,5.301029995663981,5.746219156337313,6.307393187463388
447077::RIPK5::15468,RIPK5,447077,CSc1cccc(Nc2ncc3cc(-c4c(Cl)cccc4Cl)c(=O)n(C)c3n2)c1,5.0,5.746219156337313,5.8656659160008875
447077::RSK2(KinDom.1-N-terminal)::15475,RSK2(KinDom.1-N-terminal),447077,CSc1cccc(Nc2ncc3cc(-c4c(Cl)cccc4Cl)c(=O)n(C)c3n2)c1,5.0,5.746219156337313,5.480020710516721
447077::SNARK::15485,SNARK,447077,CSc1cccc(Nc2ncc3cc(-c4c(Cl)cccc4Cl)c(=O)n(C)c3n2)c1,5.0,5.746219156337313,5.587056767578947
447077::TBK1::15502,TBK1,447077,CSc1cccc(Nc2ncc3cc(-c4c(Cl)cccc4Cl)c(=O)n(C)c3n2)c1,5.0,5.746219156337313,5.710635834336665
447077::TNK1::15512,TNK1,447077,CSc1cccc(Nc2ncc3cc(-c4c(Cl)cccc4Cl)c(=O)n(C)c3n2)c1,6.443697499232712,5.746219156337313,6.19144530208467
447077::TRKC::15517,TRKC,447077,CSc1cccc(Nc2ncc3cc(-c4c(Cl)cccc4Cl)c(=O)n(C)c3n2)c1,5.200659450546418,5.746219156337313,6.194795638111827
447077::TRPM6::15518,TRPM6,447077,CSc1cccc(Nc2ncc3cc(-c4c(Cl)cccc4Cl)c(=O)n(C)c3n2)c1,5.0,5.746219156337313,5.635471835291615
447077::TSSK1B::15519,TSSK1B,447077,CSc1cccc(Nc2ncc3cc(-c4c(Cl)cccc4Cl)c(=O)n(C)c3n2)c1,5.0,5.746219156337313,5.970590067784279
447077::ULK1::15524,ULK1,447077,CSc1cccc(Nc2ncc3cc(-c4c(Cl)cccc4Cl)c(=O)n(C)c3n2)c1,5.0,5.746219156337313,5.526910787408988
10461815::ACVR2A::15544,ACVR2A,10461815,Cc1[nH]c(C=C2C(=O)Nc3ccc(S(=O)(=O)Cc4c(Cl)cccc4Cl)cc32)c(C)c1C(=O)N1CCCC1CN1CCCC1,5.0,5.340044227625627,5.437029000448252
10461815::AKT1::15549,AKT1,10461815,Cc1[nH]c(C=C2C(=O)Nc3ccc(S(=O)(=O)Cc4c(Cl)cccc4Cl)cc32)c(C)c1C(=O)N1CCCC1CN1CCCC1,5.0,5.340044227625627,5.236523483679564
10461815::AMPK-alpha1::15553,AMPK-alpha1,10461815,Cc1[nH]c(C=C2C(=O)Nc3ccc(S(=O)(=O)Cc4c(Cl)cccc4Cl)cc32)c(C)c1C(=O)N1CCCC1CN1CCCC1,6.508638306165727,5.340044227625627,5.528699014239943
10461815::ARK5::15556,ARK5,10461815,Cc1[nH]c(C=C2C(=O)Nc3ccc(S(=O)(=O)Cc4c(Cl)cccc4Cl)cc32)c(C)c1C(=O)N1CCCC1CN1CCCC1,6.207608310501746,5.340044227625627,5.388048268308585
10461815::AXL::15562,AXL,10461815,Cc1[nH]c(C=C2C(=O)Nc3ccc(S(=O)(=O)Cc4c(Cl)cccc4Cl)cc32)c(C)c1C(=O)N1CCCC1CN1CCCC1,6.958607314841775,5.340044227625627,5.483288139462435
10461815::BIKE::15563,BIKE,10461815,Cc1[nH]c(C=C2C(=O)Nc3ccc(S(=O)(=O)Cc4c(Cl)cccc4Cl)cc32)c(C)c1C(=O)N1CCCC1CN1CCCC1,7.327902142064282,5.340044227625627,5.746244578500151
10461815::BLK::15564,BLK,10461815,Cc1[nH]c(C=C2C(=O)Nc3ccc(S(=O)(=O)Cc4c(Cl)cccc4Cl)cc32)c(C)c1C(=O)N1CCCC1CN1CCCC1,5.721246399047171,5.340044227625627,5.3179638415040165
10461815::BMPR1A::15565,BMPR1A,10461815,Cc1[nH]c(C=C2C(=O)Nc3ccc(S(=O)(=O)Cc4c(Cl)cccc4Cl)cc32)c(C)c1C(=O)N1CCCC1CN1CCCC1,5.0,5.340044227625627,5.141864582165366
10461815::BRAF(V600E)::15569,BRAF(V600E),10461815,Cc1[nH]c(C=C2C(=O)Nc3ccc(S(=O)(=O)Cc4c(Cl)cccc4Cl)cc32)c(C)c1C(=O)N1CCCC1CN1CCCC1,5.0,5.340044227625627,5.3815520644833885
10461815::BRSK1::15571,BRSK1,10461815,Cc1[nH]c(C=C2C(=O)Nc3ccc(S(=O)(=O)Cc4c(Cl)cccc4Cl)cc32)c(C)c1C(=O)N1CCCC1CN1CCCC1,5.0,5.340044227625627,5.182967889464868
10461815::CAMK1::15574,CAMK1,10461815,Cc1[nH]c(C=C2C(=O)Nc3ccc(S(=O)(=O)Cc4c(Cl)cccc4Cl)cc32)c(C)c1C(=O)N1CCCC1CN1CCCC1,5.6777807052660805,5.340044227625627,5.449950946522922
10461815::CAMK1D::15575,CAMK1D,10461815,Cc1[nH]c(C=C2C(=O)Nc3ccc(S(=O)(=O)Cc4c(Cl)cccc4Cl)cc32)c(C)c1C(=O)N1CCCC1CN1CCCC1,5.823908740944319,5.340044227625627,5.582173922016233
10461815::CAMK1G::15576,CAMK1G,10461815,Cc1[nH]c(C=C2C(=O)Nc3ccc(S(=O)(=O)Cc4c(Cl)cccc4Cl)cc32)c(C)c1C(=O)N1CCCC1CN1CCCC1,5.0,5.340044227625627,5.291620465668786
10461815::CAMK2G::15580,CAMK2G,10461815,Cc1[nH]c(C=C2C(=O)Nc3ccc(S(=O)(=O)Cc4c(Cl)cccc4Cl)cc32)c(C)c1C(=O)N1CCCC1CN1CCCC1,5.698970004336019,5.340044227625627,5.4203230243494245
10461815::CAMK4::15581,CAMK4,10461815,Cc1[nH]c(C=C2C(=O)Nc3ccc(S(=O)(=O)Cc4c(Cl)cccc4Cl)cc32)c(C)c1C(=O)N1CCCC1CN1CCCC1,5.0,5.340044227625627,5.392133669761416
10461815::CAMKK1::15582,CAMKK1,10461815,Cc1[nH]c(C=C2C(=O)Nc3ccc(S(=O)(=O)Cc4c(Cl)cccc4Cl)cc32)c(C)c1C(=O)N1CCCC1CN1CCCC1,7.1938200260161125,5.340044227625627,5.308025292761647
10461815::CDKL2::15597,CDKL2,10461815,Cc1[nH]c(C=C2C(=O)Nc3ccc(S(=O)(=O)Cc4c(Cl)cccc4Cl)cc32)c(C)c1C(=O)N1CCCC1CN1CCCC1,5.619788758288394,5.340044227625627,5.56119913664878
10461815::CDKL5::15599,CDKL5,10461815,Cc1[nH]c(C=C2C(=O)Nc3ccc(S(=O)(=O)Cc4c(Cl)cccc4Cl)cc32)c(C)c1C(=O)N1CCCC1CN1CCCC1,5.0,5.340044227625627,5.308741147721767
10461815::CLK1::15603,CLK1,10461815,Cc1[nH]c(C=C2C(=O)Nc3ccc(S(=O)(=O)Cc4c(Cl)cccc4Cl)cc32)c(C)c1C(=O)N1CCCC1CN1CCCC1,6.136677139879544,5.340044227625627,5.290059955846225
10461815::CLK2::15604,CLK2,10461815,Cc1[nH]c(C=C2C(=O)Nc3ccc(S(=O)(=O)Cc4c(Cl)cccc4Cl)cc32)c(C)c1C(=O)N1CCCC1CN1CCCC1,6.3872161432802645,5.340044227625627,5.328437274738422
10461815::CSNK1A1L::15610,CSNK1A1L,10461815,Cc1[nH]c(C=C2C(=O)Nc3ccc(S(=O)(=O)Cc4c(Cl)cccc4Cl)cc32)c(C)c1C(=O)N1CCCC1CN1CCCC1,5.0,5.340044227625627,5.553814005902074
10461815::CSNK1G1::15613,CSNK1G1,10461815,Cc1[nH]c(C=C2C(=O)Nc3ccc(S(=O)(=O)Cc4c(Cl)cccc4Cl)cc32)c(C)c1C(=O)N1CCCC1CN1CCCC1,5.0,5.340044227625627,5.187707290439071
10461815::CSNK1G3::15615,CSNK1G3,10461815,Cc1[nH]c(C=C2C(=O)Nc3ccc(S(=O)(=O)Cc4c(Cl)cccc4Cl)cc32)c(C)c1C(=O)N1CCCC1CN1CCCC1,5.0,5.340044227625627,5.2469056905880676
10461815::DCAMKL1::15622,DCAMKL1,10461815,Cc1[nH]c(C=C2C(=O)Nc3ccc(S(=O)(=O)Cc4c(Cl)cccc4Cl)cc32)c(C)c1C(=O)N1CCCC1CN1CCCC1,5.853871964321762,5.340044227625627,5.27252380573153
10461815::DCAMKL2::15623,DCAMKL2,10461815,Cc1[nH]c(C=C2C(=O)Nc3ccc(S(=O)(=O)Cc4c(Cl)cccc4Cl)cc32)c(C)c1C(=O)N1CCCC1CN1CCCC1,6.004364805402449,5.340044227625627,5.188486931470253
10461815::DMPK::15628,DMPK,10461815,Cc1[nH]c(C=C2C(=O)Nc3ccc(S(=O)(=O)Cc4c(Cl)cccc4Cl)cc32)c(C)c1C(=O)N1CCCC1CN1CCCC1,5.0,5.340044227625627,5.387115154669358
10461815::DYRK1A::15632,DYRK1A,10461815,Cc1[nH]c(C=C2C(=O)Nc3ccc(S(=O)(=O)Cc4c(Cl)cccc4Cl)cc32)c(C)c1C(=O)N1CCCC1CN1CCCC1,5.0,5.340044227625627,5.371746770026111
10461815::EPHA6::15642,EPHA6,10461815,Cc1[nH]c(C=C2C(=O)Nc3ccc(S(=O)(=O)Cc4c(Cl)cccc4Cl)cc32)c(C)c1C(=O)N1CCCC1CN1CCCC1,5.0,5.340044227625627,5.343592710552637
10461815::ERBB2::15650,ERBB2,10461815,Cc1[nH]c(C=C2C(=O)Nc3ccc(S(=O)(=O)Cc4c(Cl)cccc4Cl)cc32)c(C)c1C(=O)N1CCCC1CN1CCCC1,5.0,5.340044227625627,5.275429539592719
10461815::FGFR3(G697C)::15665,FGFR3(G697C),10461815,Cc1[nH]c(C=C2C(=O)Nc3ccc(S(=O)(=O)Cc4c(Cl)cccc4Cl)cc32)c(C)c1C(=O)N1CCCC1CN1CCCC1,5.2839966563652006,5.340044227625627,5.278564525267893
10461815::FLT1::15668,FLT1,10461815,Cc1[nH]c(C=C2C(=O)Nc3ccc(S(=O)(=O)Cc4c(Cl)cccc4Cl)cc32)c(C)c1C(=O)N1CCCC1CN1CCCC1,5.0,5.340044227625627,5.64305051131078
10461815::FLT4::15670,FLT4,10461815,Cc1[nH]c(C=C2C(=O)Nc3ccc(S(=O)(=O)Cc4c(Cl)cccc4Cl)cc32)c(C)c1C(=O)N1CCCC1CN1CCCC1,5.853871964321762,5.340044227625627,5.279396063072257
10461815::FYN::15672,FYN,10461815,Cc1[nH]c(C=C2C(=O)Nc3ccc(S(=O)(=O)Cc4c(Cl)cccc4Cl)cc32)c(C)c1C(=O)N1CCCC1CN1CCCC1,5.0,5.340044227625627,5.515565592258954
10461815::GAK::15673,GAK,10461815,Cc1[nH]c(C=C2C(=O)Nc3ccc(S(=O)(=O)Cc4c(Cl)cccc4Cl)cc32)c(C)c1C(=O)N1CCCC1CN1CCCC1,5.886056647693163,5.340044227625627,5.316845804538693
10461815::HIPK3::15683,HIPK3,10461815,Cc1[nH]c(C=C2C(=O)Nc3ccc(S(=O)(=O)Cc4c(Cl)cccc4Cl)cc32)c(C)c1C(=O)N1CCCC1CN1CCCC1,7.200659450546418,5.340044227625627,5.807333324034267
10461815::HUNK::15686,HUNK,10461815,Cc1[nH]c(C=C2C(=O)Nc3ccc(S(=O)(=O)Cc4c(Cl)cccc4Cl)cc32)c(C)c1C(=O)N1CCCC1CN1CCCC1,5.853871964321762,5.340044227625627,5.53972391669111
10461815::ICK::15687,ICK,10461815,Cc1[nH]c(C=C2C(=O)Nc3ccc(S(=O)(=O)Cc4c(Cl)cccc4Cl)cc32)c(C)c1C(=O)N1CCCC1CN1CCCC1,6.3979400086720375,5.340044227625627,5.241899220903465
10461815::IKK-alpha::15689,IKK-alpha,10461815,Cc1[nH]c(C=C2C(=O)Nc3ccc(S(=O)(=O)Cc4c(Cl)cccc4Cl)cc32)c(C)c1C(=O)N1CCCC1CN1CCCC1,5.0,5.340044227625627,5.1654669274442595
10461815::IKK-epsilon::15691,IKK-epsilon,10461815,Cc1[nH]c(C=C2C(=O)Nc3ccc(S(=O)(=O)Cc4c(Cl)cccc4Cl)cc32)c(C)c1C(=O)N1CCCC1CN1CCCC1,6.154901959985743,5.340044227625627,4.969857080838062
10461815::JAK3(JH1domain-catalytic)::15700,JAK3(JH1domain-catalytic),10461815,Cc1[nH]c(C=C2C(=O)Nc3ccc(S(=O)(=O)Cc4c(Cl)cccc4Cl)cc32)c(C)c1C(=O)N1CCCC1CN1CCCC1,6.327902142064282,5.340044227625627,5.36475272181724
10461815::JNK1::15701,JNK1,10461815,Cc1[nH]c(C=C2C(=O)Nc3ccc(S(=O)(=O)Cc4c(Cl)cccc4Cl)cc32)c(C)c1C(=O)N1CCCC1CN1CCCC1,5.0,5.340044227625627,5.36437833293021
10461815::JNK2::15702,JNK2,10461815,Cc1[nH]c(C=C2C(=O)Nc3ccc(S(=O)(=O)Cc4c(Cl)cccc4Cl)cc32)c(C)c1C(=O)N1CCCC1CN1CCCC1,5.0,5.340044227625627,5.405946232662336
10461815::LOK::15711,LOK,10461815,Cc1[nH]c(C=C2C(=O)Nc3ccc(S(=O)(=O)Cc4c(Cl)cccc4Cl)cc32)c(C)c1C(=O)N1CCCC1CN1CCCC1,6.537602002101044,5.340044227625627,5.6837797683156985
10461815::MAK::15716,MAK,10461815,Cc1[nH]c(C=C2C(=O)Nc3ccc(S(=O)(=O)Cc4c(Cl)cccc4Cl)cc32)c(C)c1C(=O)N1CCCC1CN1CCCC1,6.050609993355087,5.340044227625627,5.920963188046044
10461815::MAP3K15::15718,MAP3K15,10461815,Cc1[nH]c(C=C2C(=O)Nc3ccc(S(=O)(=O)Cc4c(Cl)cccc4Cl)cc32)c(C)c1C(=O)N1CCCC1CN1CCCC1,5.0,5.340044227625627,5.113030506201406
10461815::MAP4K2::15722,MAP4K2,10461815,Cc1[nH]c(C=C2C(=O)Nc3ccc(S(=O)(=O)Cc4c(Cl)cccc4Cl)cc32)c(C)c1C(=O)N1CCCC1CN1CCCC1,5.443697499232712,5.340044227625627,5.251349506051389
10461815::MAP4K3::15723,MAP4K3,10461815,Cc1[nH]c(C=C2C(=O)Nc3ccc(S(=O)(=O)Cc4c(Cl)cccc4Cl)cc32)c(C)c1C(=O)N1CCCC1CN1CCCC1,6.309803919971486,5.340044227625627,5.589438365164009
10461815::MEK1::15733,MEK1,10461815,Cc1[nH]c(C=C2C(=O)Nc3ccc(S(=O)(=O)Cc4c(Cl)cccc4Cl)cc32)c(C)c1C(=O)N1CCCC1CN1CCCC1,5.958607314841775,5.340044227625627,5.3357956378971885
10461815::MELK::15739,MELK,10461815,Cc1[nH]c(C=C2C(=O)Nc3ccc(S(=O)(=O)Cc4c(Cl)cccc4Cl)cc32)c(C)c1C(=O)N1CCCC1CN1CCCC1,5.0,5.340044227625627,5.308423187080053
10461815::MLK1::15747,MLK1,10461815,Cc1[nH]c(C=C2C(=O)Nc3ccc(S(=O)(=O)Cc4c(Cl)cccc4Cl)cc32)c(C)c1C(=O)N1CCCC1CN1CCCC1,5.0,5.340044227625627,5.478584502965355
10461815::MLK2::15748,MLK2,10461815,Cc1[nH]c(C=C2C(=O)Nc3ccc(S(=O)(=O)Cc4c(Cl)cccc4Cl)cc32)c(C)c1C(=O)N1CCCC1CN1CCCC1,5.0,5.340044227625627,5.430366387739736
10461815::MLK3::15749,MLK3,10461815,Cc1[nH]c(C=C2C(=O)Nc3ccc(S(=O)(=O)Cc4c(Cl)cccc4Cl)cc32)c(C)c1C(=O)N1CCCC1CN1CCCC1,5.0,5.340044227625627,5.322839764077868
10461815::MST1::15752,MST1,10461815,Cc1[nH]c(C=C2C(=O)Nc3ccc(S(=O)(=O)Cc4c(Cl)cccc4Cl)cc32)c(C)c1C(=O)N1CCCC1CN1CCCC1,5.0,5.340044227625627,5.422418134670968
10461815::MST1R::15753,MST1R,10461815,Cc1[nH]c(C=C2C(=O)Nc3ccc(S(=O)(=O)Cc4c(Cl)cccc4Cl)cc32)c(C)c1C(=O)N1CCCC1CN1CCCC1,5.698970004336019,5.340044227625627,5.300628791295751
10461815::MST2::15754,MST2,10461815,Cc1[nH]c(C=C2C(=O)Nc3ccc(S(=O)(=O)Cc4c(Cl)cccc4Cl)cc32)c(C)c1C(=O)N1CCCC1CN1CCCC1,5.721246399047171,5.340044227625627,5.32092538630048
10461815::MST3::15755,MST3,10461815,Cc1[nH]c(C=C2C(=O)Nc3ccc(S(=O)(=O)Cc4c(Cl)cccc4Cl)cc32)c(C)c1C(=O)N1CCCC1CN1CCCC1,5.0,5.340044227625627,5.309249183371757
10461815::MYLK::15759,MYLK,10461815,Cc1[nH]c(C=C2C(=O)Nc3ccc(S(=O)(=O)Cc4c(Cl)cccc4Cl)cc32)c(C)c1C(=O)N1CCCC1CN1CCCC1,5.102372908709558,5.340044227625627,5.388869634351655
10461815::MYLK2::15760,MYLK2,10461815,Cc1[nH]c(C=C2C(=O)Nc3ccc(S(=O)(=O)Cc4c(Cl)cccc4Cl)cc32)c(C)c1C(=O)N1CCCC1CN1CCCC1,6.017728766960431,5.340044227625627,5.498190515920375
10461815::NEK1::15766,NEK1,10461815,Cc1[nH]c(C=C2C(=O)Nc3ccc(S(=O)(=O)Cc4c(Cl)cccc4Cl)cc32)c(C)c1C(=O)N1CCCC1CN1CCCC1,5.0,5.340044227625627,5.306771244569615
10461815::p38-alpha::15778,p38-alpha,10461815,Cc1[nH]c(C=C2C(=O)Nc3ccc(S(=O)(=O)Cc4c(Cl)cccc4Cl)cc32)c(C)c1C(=O)N1CCCC1CN1CCCC1,5.0,5.340044227625627,5.164729463143815
10461815::PAK4::15785,PAK4,10461815,Cc1[nH]c(C=C2C(=O)Nc3ccc(S(=O)(=O)Cc4c(Cl)cccc4Cl)cc32)c(C)c1C(=O)N1CCCC1CN1CCCC1,5.0,5.340044227625627,5.367130942484334
10461815::PFPK5(Pfalciparum)::15795,PFPK5(Pfalciparum),10461815,Cc1[nH]c(C=C2C(=O)Nc3ccc(S(=O)(=O)Cc4c(Cl)cccc4Cl)cc32)c(C)c1C(=O)N1CCCC1CN1CCCC1,5.0,5.340044227625627,5.351998204164276
10461815::PIK3CA(Q546K)::15802,PIK3CA(Q546K),10461815,Cc1[nH]c(C=C2C(=O)Nc3ccc(S(=O)(=O)Cc4c(Cl)cccc4Cl)cc32)c(C)c1C(=O)N1CCCC1CN1CCCC1,5.0,5.340044227625627,5.30180623486148
10461815::PIK3CD::15804,PIK3CD,10461815,Cc1[nH]c(C=C2C(=O)Nc3ccc(S(=O)(=O)Cc4c(Cl)cccc4Cl)cc32)c(C)c1C(=O)N1CCCC1CN1CCCC1,5.0,5.340044227625627,5.474166826806573
10461815::PIM3::15809,PIM3,10461815,Cc1[nH]c(C=C2C(=O)Nc3ccc(S(=O)(=O)Cc4c(Cl)cccc4Cl)cc32)c(C)c1C(=O)N1CCCC1CN1CCCC1,5.0,5.340044227625627,5.20824417894691
10461815::PRKCE::15825,PRKCE,10461815,Cc1[nH]c(C=C2C(=O)Nc3ccc(S(=O)(=O)Cc4c(Cl)cccc4Cl)cc32)c(C)c1C(=O)N1CCCC1CN1CCCC1,5.0,5.340044227625627,5.158564517114107
10461815::PYK2::15837,PYK2,10461815,Cc1[nH]c(C=C2C(=O)Nc3ccc(S(=O)(=O)Cc4c(Cl)cccc4Cl)cc32)c(C)c1C(=O)N1CCCC1CN1CCCC1,6.040958607678906,5.340044227625627,5.467824397313736
10461815::RIPK5::15847,RIPK5,10461815,Cc1[nH]c(C=C2C(=O)Nc3ccc(S(=O)(=O)Cc4c(Cl)cccc4Cl)cc32)c(C)c1C(=O)N1CCCC1CN1CCCC1,5.0,5.340044227625627,5.270963550164752
10461815::RSK2(KinDom.1-N-terminal)::15854,RSK2(KinDom.1-N-terminal),10461815,Cc1[nH]c(C=C2C(=O)Nc3ccc(S(=O)(=O)Cc4c(Cl)cccc4Cl)cc32)c(C)c1C(=O)N1CCCC1CN1CCCC1,5.004364805402449,5.340044227625627,5.35077437442634
10461815::SNARK::15864,SNARK,10461815,Cc1[nH]c(C=C2C(=O)Nc3ccc(S(=O)(=O)Cc4c(Cl)cccc4Cl)cc32)c(C)c1C(=O)N1CCCC1CN1CCCC1,6.040958607678906,5.340044227625627,5.350129810292943
10461815::TBK1::15881,TBK1,10461815,Cc1[nH]c(C=C2C(=O)Nc3ccc(S(=O)(=O)Cc4c(Cl)cccc4Cl)cc32)c(C)c1C(=O)N1CCCC1CN1CCCC1,6.013228265733755,5.340044227625627,5.3352821157181864
10461815::TNK1::15891,TNK1,10461815,Cc1[nH]c(C=C2C(=O)Nc3ccc(S(=O)(=O)Cc4c(Cl)cccc4Cl)cc32)c(C)c1C(=O)N1CCCC1CN1CCCC1,5.0,5.340044227625627,5.4038877931938005
10461815::TRKC::15896,TRKC,10461815,Cc1[nH]c(C=C2C(=O)Nc3ccc(S(=O)(=O)Cc4c(Cl)cccc4Cl)cc32)c(C)c1C(=O)N1CCCC1CN1CCCC1,6.031517051446064,5.340044227625627,5.544723749804049
10461815::TRPM6::15897,TRPM6,10461815,Cc1[nH]c(C=C2C(=O)Nc3ccc(S(=O)(=O)Cc4c(Cl)cccc4Cl)cc32)c(C)c1C(=O)N1CCCC1CN1CCCC1,5.0,5.340044227625627,5.291751520259031
10461815::TSSK1B::15898,TSSK1B,10461815,Cc1[nH]c(C=C2C(=O)Nc3ccc(S(=O)(=O)Cc4c(Cl)cccc4Cl)cc32)c(C)c1C(=O)N1CCCC1CN1CCCC1,5.6777807052660805,5.340044227625627,5.240427863887792
10461815::ULK1::15903,ULK1,10461815,Cc1[nH]c(C=C2C(=O)Nc3ccc(S(=O)(=O)Cc4c(Cl)cccc4Cl)cc32)c(C)c1C(=O)N1CCCC1CN1CCCC1,5.698970004336019,5.340044227625627,5.572003238415434
9884685::ACVR2A::15923,ACVR2A,9884685,Oc1cccc(-c2nc(N3CCOCC3)c3oc4ncccc4c3n2)c1,5.0,5.0920395107562975,5.262711978358368
9884685::AKT1::15928,AKT1,9884685,Oc1cccc(-c2nc(N3CCOCC3)c3oc4ncccc4c3n2)c1,5.0,5.0920395107562975,4.97086967579364
9884685::AMPK-alpha1::15932,AMPK-alpha1,9884685,Oc1cccc(-c2nc(N3CCOCC3)c3oc4ncccc4c3n2)c1,5.0,5.0920395107562975,5.022329746803603
9884685::ARK5::15935,ARK5,9884685,Oc1cccc(-c2nc(N3CCOCC3)c3oc4ncccc4c3n2)c1,5.0,5.0920395107562975,5.033929527723748
9884685::AXL::15941,AXL,9884685,Oc1cccc(-c2nc(N3CCOCC3)c3oc4ncccc4c3n2)c1,5.0,5.0920395107562975,5.20119194137943
9884685::BIKE::15942,BIKE,9884685,Oc1cccc(-c2nc(N3CCOCC3)c3oc4ncccc4c3n2)c1,5.0,5.0920395107562975,5.3115675940602785
9884685::BLK::15943,BLK,9884685,Oc1cccc(-c2nc(N3CCOCC3)c3oc4ncccc4c3n2)c1,5.0,5.0920395107562975,5.03507501627949
9884685::BMPR1A::15944,BMPR1A,9884685,Oc1cccc(-c2nc(N3CCOCC3)c3oc4ncccc4c3n2)c1,5.0,5.0920395107562975,5.186847814875575
9884685::BRAF(V600E)::15948,BRAF(V600E),9884685,Oc1cccc(-c2nc(N3CCOCC3)c3oc4ncccc4c3n2)c1,5.638272163982407,5.0920395107562975,5.008517332129034
9884685::BRSK1::15950,BRSK1,9884685,Oc1cccc(-c2nc(N3CCOCC3)c3oc4ncccc4c3n2)c1,5.0,5.0920395107562975,5.044977643929638
9884685::CAMK1::15953,CAMK1,9884685,Oc1cccc(-c2nc(N3CCOCC3)c3oc4ncccc4c3n2)c1,5.0,5.0920395107562975,4.96307885446407
9884685::CAMK1D::15954,CAMK1D,9884685,Oc1cccc(-c2nc(N3CCOCC3)c3oc4ncccc4c3n2)c1,5.0,5.0920395107562975,5.009868901725218
9884685::CAMK1G::15955,CAMK1G,9884685,Oc1cccc(-c2nc(N3CCOCC3)c3oc4ncccc4c3n2)c1,5.0,5.0920395107562975,4.947011855424434
9884685::CAMK2G::15959,CAMK2G,9884685,Oc1cccc(-c2nc(N3CCOCC3)c3oc4ncccc4c3n2)c1,5.0,5.0920395107562975,5.111650807678154
9884685::CAMK4::15960,CAMK4,9884685,Oc1cccc(-c2nc(N3CCOCC3)c3oc4ncccc4c3n2)c1,5.0,5.0920395107562975,4.987454077311167
9884685::CAMKK1::15961,CAMKK1,9884685,Oc1cccc(-c2nc(N3CCOCC3)c3oc4ncccc4c3n2)c1,5.0,5.0920395107562975,5.058872027509816
9884685::CDKL2::15976,CDKL2,9884685,Oc1cccc(-c2nc(N3CCOCC3)c3oc4ncccc4c3n2)c1,5.0,5.0920395107562975,5.1190383923151845
9884685::CDKL5::15978,CDKL5,9884685,Oc1cccc(-c2nc(N3CCOCC3)c3oc4ncccc4c3n2)c1,5.0,5.0920395107562975,5.024736353307795
9884685::CLK1::15982,CLK1,9884685,Oc1cccc(-c2nc(N3CCOCC3)c3oc4ncccc4c3n2)c1,5.4089353929735005,5.0920395107562975,5.331065833707893
9884685::CLK2::15983,CLK2,9884685,Oc1cccc(-c2nc(N3CCOCC3)c3oc4ncccc4c3n2)c1,5.259637310505756,5.0920395107562975,5.2726919653905675
9884685::CSNK1A1L::15989,CSNK1A1L,9884685,Oc1cccc(-c2nc(N3CCOCC3)c3oc4ncccc4c3n2)c1,5.0,5.0920395107562975,5.055328820293187
9884685::CSNK1G1::15992,CSNK1G1,9884685,Oc1cccc(-c2nc(N3CCOCC3)c3oc4ncccc4c3n2)c1,5.0,5.0920395107562975,5.154439075168084
9884685::CSNK1G3::15994,CSNK1G3,9884685,Oc1cccc(-c2nc(N3CCOCC3)c3oc4ncccc4c3n2)c1,5.0,5.0920395107562975,5.088477926340543
9884685::DCAMKL1::16001,DCAMKL1,9884685,Oc1cccc(-c2nc(N3CCOCC3)c3oc4ncccc4c3n2)c1,5.0,5.0920395107562975,5.005844914236748
9884685::DCAMKL2::16002,DCAMKL2,9884685,Oc1cccc(-c2nc(N3CCOCC3)c3oc4ncccc4c3n2)c1,5.0,5.0920395107562975,4.9857988218827805
9884685::DMPK::16007,DMPK,9884685,Oc1cccc(-c2nc(N3CCOCC3)c3oc4ncccc4c3n2)c1,5.0,5.0920395107562975,4.995310240025543
9884685::DYRK1A::16011,DYRK1A,9884685,Oc1cccc(-c2nc(N3CCOCC3)c3oc4ncccc4c3n2)c1,5.0,5.0920395107562975,5.214159725181195
9884685::EPHA6::16021,EPHA6,9884685,Oc1cccc(-c2nc(N3CCOCC3)c3oc4ncccc4c3n2)c1,5.0,5.0920395107562975,5.200884283386176
9884685::ERBB2::16029,ERBB2,9884685,Oc1cccc(-c2nc(N3CCOCC3)c3oc4ncccc4c3n2)c1,5.0,5.0920395107562975,5.239678102506444
9884685::FGFR3(G697C)::16044,FGFR3(G697C),9884685,Oc1cccc(-c2nc(N3CCOCC3)c3oc4ncccc4c3n2)c1,5.0,5.0920395107562975,5.138743603741213
9884685::FLT1::16047,FLT1,9884685,Oc1cccc(-c2nc(N3CCOCC3)c3oc4ncccc4c3n2)c1,5.0,5.0920395107562975,5.221741907884284
9884685::FLT4::16049,FLT4,9884685,Oc1cccc(-c2nc(N3CCOCC3)c3oc4ncccc4c3n2)c1,5.0,5.0920395107562975,5.063747187301449
9884685::FYN::16051,FYN,9884685,Oc1cccc(-c2nc(N3CCOCC3)c3oc4ncccc4c3n2)c1,5.0,5.0920395107562975,5.165144722471911
9884685::GAK::16052,GAK,9884685,Oc1cccc(-c2nc(N3CCOCC3)c3oc4ncccc4c3n2)c1,5.0,5.0920395107562975,5.049465983047454
9884685::HIPK3::16062,HIPK3,9884685,Oc1cccc(-c2nc(N3CCOCC3)c3oc4ncccc4c3n2)c1,6.508638306165727,5.0920395107562975,5.124059294798686
9884685::HUNK::16065,HUNK,9884685,Oc1cccc(-c2nc(N3CCOCC3)c3oc4ncccc4c3n2)c1,5.0,5.0920395107562975,5.124779925351501
9884685::ICK::16066,ICK,9884685,Oc1cccc(-c2nc(N3CCOCC3)c3oc4ncccc4c3n2)c1,5.0,5.0920395107562975,5.079772363904485
9884685::IKK-alpha::16068,IKK-alpha,9884685,Oc1cccc(-c2nc(N3CCOCC3)c3oc4ncccc4c3n2)c1,5.769551078621726,5.0920395107562975,5.026684464635734
9884685::IKK-epsilon::16070,IKK-epsilon,9884685,Oc1cccc(-c2nc(N3CCOCC3)c3oc4ncccc4c3n2)c1,5.0,5.0920395107562975,4.953720555938922
9884685::JAK3(JH1domain-catalytic)::16079,JAK3(JH1domain-catalytic),9884685,Oc1cccc(-c2nc(N3CCOCC3)c3oc4ncccc4c3n2)c1,5.0,5.0920395107562975,4.995939904494879
9884685::JNK1::16080,JNK1,9884685,Oc1cccc(-c2nc(N3CCOCC3)c3oc4ncccc4c3n2)c1,5.0,5.0920395107562975,5.061277454978283
9884685::JNK2::16081,JNK2,9884685,Oc1cccc(-c2nc(N3CCOCC3)c3oc4ncccc4c3n2)c1,5.0,5.0920395107562975,5.060960835080333
9884685::LOK::16090,LOK,9884685,Oc1cccc(-c2nc(N3CCOCC3)c3oc4ncccc4c3n2)c1,5.0,5.0920395107562975,5.195372309072861
9884685::MAK::16095,MAK,9884685,Oc1cccc(-c2nc(N3CCOCC3)c3oc4ncccc4c3n2)c1,5.0,5.0920395107562975,5.285994232974856
9884685::MAP3K15::16097,MAP3K15,9884685,Oc1cccc(-c2nc(N3CCOCC3)c3oc4ncccc4c3n2)c1,5.0,5.0920395107562975,4.9947065576341565
9884685::MAP4K2::16101,MAP4K2,9884685,Oc1cccc(-c2nc(N3CCOCC3)c3oc4ncccc4c3n2)c1,5.0,5.0920395107562975,5.005814048003569
9884685::MAP4K3::16102,MAP4K3,9884685,Oc1cccc(-c2nc(N3CCOCC3)c3oc4ncccc4c3n2)c1,5.0,5.0920395107562975,5.066043096638646
9884685::MEK1::16112,MEK1,9884685,Oc1cccc(-c2nc(N3CCOCC3)c3oc4ncccc4c3n2)c1,5.0,5.0920395107562975,5.220510827622368
9884685::MELK::16118,MELK,9884685,Oc1cccc(-c2nc(N3CCOCC3)c3oc4ncccc4c3n2)c1,5.0,5.0920395107562975,5.025330008978613
9884685::MLK1::16126,MLK1,9884685,Oc1cccc(-c2nc(N3CCOCC3)c3oc4ncccc4c3n2)c1,5.0,5.0920395107562975,5.1830708913311305
9884685::MLK2::16127,MLK2,9884685,Oc1cccc(-c2nc(N3CCOCC3)c3oc4ncccc4c3n2)c1,5.0,5.0920395107562975,5.002563229393261
9884685::MLK3::16128,MLK3,9884685,Oc1cccc(-c2nc(N3CCOCC3)c3oc4ncccc4c3n2)c1,5.0,5.0920395107562975,5.149432412664515
9884685::MST1::16131,MST1,9884685,Oc1cccc(-c2nc(N3CCOCC3)c3oc4ncccc4c3n2)c1,5.0,5.0920395107562975,5.103171428208154
9884685::MST1R::16132,MST1R,9884685,Oc1cccc(-c2nc(N3CCOCC3)c3oc4ncccc4c3n2)c1,5.0,5.0920395107562975,5.081102081025984
9884685::MST2::16133,MST2,9884685,Oc1cccc(-c2nc(N3CCOCC3)c3oc4ncccc4c3n2)c1,5.0,5.0920395107562975,5.0892779681719595
9884685::MST3::16134,MST3,9884685,Oc1cccc(-c2nc(N3CCOCC3)c3oc4ncccc4c3n2)c1,5.0,5.0920395107562975,5.052757315507106
9884685::MYLK::16138,MYLK,9884685,Oc1cccc(-c2nc(N3CCOCC3)c3oc4ncccc4c3n2)c1,5.823908740944319,5.0920395107562975,5.186319150996154
9884685::MYLK2::16139,MYLK2,9884685,Oc1cccc(-c2nc(N3CCOCC3)c3oc4ncccc4c3n2)c1,5.0,5.0920395107562975,5.025467114258025
9884685::NEK1::16145,NEK1,9884685,Oc1cccc(-c2nc(N3CCOCC3)c3oc4ncccc4c3n2)c1,5.0,5.0920395107562975,5.058919703445321
9884685::p38-alpha::16157,p38-alpha,9884685,Oc1cccc(-c2nc(N3CCOCC3)c3oc4ncccc4c3n2)c1,5.0,5.0920395107562975,5.0453364479696265
9884685::PAK4::16164,PAK4,9884685,Oc1cccc(-c2nc(N3CCOCC3)c3oc4ncccc4c3n2)c1,5.0,5.0920395107562975,5.226332577944846
9884685::PFPK5(Pfalciparum)::16174,PFPK5(Pfalciparum),9884685,Oc1cccc(-c2nc(N3CCOCC3)c3oc4ncccc4c3n2)c1,5.0,5.0920395107562975,5.086816185994759
9884685::PIK3CA(Q546K)::16181,PIK3CA(Q546K),9884685,Oc1cccc(-c2nc(N3CCOCC3)c3oc4ncccc4c3n2)c1,8.886056647693163,5.0920395107562975,4.943079513896988
9884685::PIK3CD::16183,PIK3CD,9884685,Oc1cccc(-c2nc(N3CCOCC3)c3oc4ncccc4c3n2)c1,7.769551078621726,5.0920395107562975,5.127363022404093
9884685::PIM3::16188,PIM3,9884685,Oc1cccc(-c2nc(N3CCOCC3)c3oc4ncccc4c3n2)c1,5.0,5.0920395107562975,5.007202762059061
9884685::PRKCE::16204,PRKCE,9884685,Oc1cccc(-c2nc(N3CCOCC3)c3oc4ncccc4c3n2)c1,5.0,5.0920395107562975,5.097815189272425
9884685::PYK2::16216,PYK2,9884685,Oc1cccc(-c2nc(N3CCOCC3)c3oc4ncccc4c3n2)c1,5.0,5.0920395107562975,5.277243979548139
9884685::RIPK5::16226,RIPK5,9884685,Oc1cccc(-c2nc(N3CCOCC3)c3oc4ncccc4c3n2)c1,5.0,5.0920395107562975,5.039725757544137
9884685::RSK2(KinDom.1-N-terminal)::16233,RSK2(KinDom.1-N-terminal),9884685,Oc1cccc(-c2nc(N3CCOCC3)c3oc4ncccc4c3n2)c1,5.0,5.0920395107562975,5.064034732963255
9884685::SNARK::16243,SNARK,9884685,Oc1cccc(-c2nc(N3CCOCC3)c3oc4ncccc4c3n2)c1,5.0,5.0920395107562975,5.058393569227576
9884685::TBK1::16260,TBK1,9884685,Oc1cccc(-c2nc(N3CCOCC3)c3oc4ncccc4c3n2)c1,5.0,5.0920395107562975,5.0756373901135925
9884685::TNK1::16270,TNK1,9884685,Oc1cccc(-c2nc(N3CCOCC3)c3oc4ncccc4c3n2)c1,5.0,5.0920395107562975,5.106720143895955
9884685::TRKC::16275,TRKC,9884685,Oc1cccc(-c2nc(N3CCOCC3)c3oc4ncccc4c3n2)c1,5.0,5.0920395107562975,5.239051923351547
9884685::TRPM6::16276,TRPM6,9884685,Oc1cccc(-c2nc(N3CCOCC3)c3oc4ncccc4c3n2)c1,5.0,5.0920395107562975,5.015440840739894
9884685::TSSK1B::16277,TSSK1B,9884685,Oc1cccc(-c2nc(N3CCOCC3)c3oc4ncccc4c3n2)c1,5.0,5.0920395107562975,5.059484550209813
9884685::ULK1::16282,ULK1,9884685,Oc1cccc(-c2nc(N3CCOCC3)c3oc4ncccc4c3n2)c1,5.0,5.0920395107562975,5.115120111883288
24180719::ACVR2A::16302,ACVR2A,24180719,CCCS(=O)(=O)Nc1ccc(F)c(C(=O)c2c[nH]c3ncc(Cl)cc23)c1F,5.0,5.191226236770588,5.1834444901465115
24180719::AKT1::16307,AKT1,24180719,CCCS(=O)(=O)Nc1ccc(F)c(C(=O)c2c[nH]c3ncc(Cl)cc23)c1F,5.0,5.191226236770588,5.093603950929191
24180719::AMPK-alpha1::16311,AMPK-alpha1,24180719,CCCS(=O)(=O)Nc1ccc(F)c(C(=O)c2c[nH]c3ncc(Cl)cc23)c1F,5.0,5.191226236770588,5.1320521329960975
24180719::ARK5::16314,ARK5,24180719,CCCS(=O)(=O)Nc1ccc(F)c(C(=O)c2c[nH]c3ncc(Cl)cc23)c1F,5.0,5.191226236770588,5.136671668260608
24180719::AXL::16320,AXL,24180719,CCCS(=O)(=O)Nc1ccc(F)c(C(=O)c2c[nH]c3ncc(Cl)cc23)c1F,5.0,5.191226236770588,5.342877865399085
24180719::BIKE::16321,BIKE,24180719,CCCS(=O)(=O)Nc1ccc(F)c(C(=O)c2c[nH]c3ncc(Cl)cc23)c1F,5.0,5.191226236770588,5.271709889578517
24180719::BLK::16322,BLK,24180719,CCCS(=O)(=O)Nc1ccc(F)c(C(=O)c2c[nH]c3ncc(Cl)cc23)c1F,5.958607314841775,5.191226236770588,5.247487729917885
24180719::BMPR1A::16323,BMPR1A,24180719,CCCS(=O)(=O)Nc1ccc(F)c(C(=O)c2c[nH]c3ncc(Cl)cc23)c1F,5.0,5.191226236770588,5.129037583977404
24180719::BRAF(V600E)::16327,BRAF(V600E),24180719,CCCS(=O)(=O)Nc1ccc(F)c(C(=O)c2c[nH]c3ncc(Cl)cc23)c1F,7.0,5.191226236770588,5.2518311145333865
24180719::BRSK1::16329,BRSK1,24180719,CCCS(=O)(=O)Nc1ccc(F)c(C(=O)c2c[nH]c3ncc(Cl)cc23)c1F,5.0,5.191226236770588,5.072212686977431
24180719::CAMK1::16332,CAMK1,24180719,CCCS(=O)(=O)Nc1ccc(F)c(C(=O)c2c[nH]c3ncc(Cl)cc23)c1F,5.721246399047171,5.191226236770588,5.070670300789279
24180719::CAMK1D::16333,CAMK1D,24180719,CCCS(=O)(=O)Nc1ccc(F)c(C(=O)c2c[nH]c3ncc(Cl)cc23)c1F,5.0,5.191226236770588,5.008984398473872
24180719::CAMK1G::16334,CAMK1G,24180719,CCCS(=O)(=O)Nc1ccc(F)c(C(=O)c2c[nH]c3ncc(Cl)cc23)c1F,5.0,5.191226236770588,5.212182275029147
24180719::CAMK2G::16338,CAMK2G,24180719,CCCS(=O)(=O)Nc1ccc(F)c(C(=O)c2c[nH]c3ncc(Cl)cc23)c1F,5.0,5.191226236770588,5.086177033975133
24180719::CAMK4::16339,CAMK4,24180719,CCCS(=O)(=O)Nc1ccc(F)c(C(=O)c2c[nH]c3ncc(Cl)cc23)c1F,5.0,5.191226236770588,5.221708269055515
24180719::CAMKK1::16340,CAMKK1,24180719,CCCS(=O)(=O)Nc1ccc(F)c(C(=O)c2c[nH]c3ncc(Cl)cc23)c1F,5.0,5.191226236770588,5.17069098691898
24180719::CDKL2::16355,CDKL2,24180719,CCCS(=O)(=O)Nc1ccc(F)c(C(=O)c2c[nH]c3ncc(Cl)cc23)c1F,5.0,5.191226236770588,5.1542090683118555
24180719::CDKL5::16357,CDKL5,24180719,CCCS(=O)(=O)Nc1ccc(F)c(C(=O)c2c[nH]c3ncc(Cl)cc23)c1F,5.0,5.191226236770588,5.0663230180180125
24180719::CLK1::16361,CLK1,24180719,CCCS(=O)(=O)Nc1ccc(F)c(C(=O)c2c[nH]c3ncc(Cl)cc23)c1F,5.180456064458131,5.191226236770588,5.410210888597126
24180719::CLK2::16362,CLK2,24180719,CCCS(=O)(=O)Nc1ccc(F)c(C(=O)c2c[nH]c3ncc(Cl)cc23)c1F,5.585026652029182,5.191226236770588,5.431593314108053
24180719::CSNK1A1L::16368,CSNK1A1L,24180719,CCCS(=O)(=O)Nc1ccc(F)c(C(=O)c2c[nH]c3ncc(Cl)cc23)c1F,5.0,5.191226236770588,5.041584698261912
24180719::CSNK1G1::16371,CSNK1G1,24180719,CCCS(=O)(=O)Nc1ccc(F)c(C(=O)c2c[nH]c3ncc(Cl)cc23)c1F,5.0,5.191226236770588,5.2016803949196
24180719::CSNK1G3::16373,CSNK1G3,24180719,CCCS(=O)(=O)Nc1ccc(F)c(C(=O)c2c[nH]c3ncc(Cl)cc23)c1F,5.0,5.191226236770588,5.1294080863619875
24180719::DCAMKL1::16380,DCAMKL1,24180719,CCCS(=O)(=O)Nc1ccc(F)c(C(=O)c2c[nH]c3ncc(Cl)cc23)c1F,5.09151498112135,5.191226236770588,5.098108867638735
24180719::DCAMKL2::16381,DCAMKL2,24180719,CCCS(=O)(=O)Nc1ccc(F)c(C(=O)c2c[nH]c3ncc(Cl)cc23)c1F,5.0,5.191226236770588,5.073879069928584
24180719::DMPK::16386,DMPK,24180719,CCCS(=O)(=O)Nc1ccc(F)c(C(=O)c2c[nH]c3ncc(Cl)cc23)c1F,5.0,5.191226236770588,5.174407763255469
24180719::DYRK1A::16390,DYRK1A,24180719,CCCS(=O)(=O)Nc1ccc(F)c(C(=O)c2c[nH]c3ncc(Cl)cc23)c1F,5.0,5.191226236770588,5.12698611193606
24180719::EPHA6::16400,EPHA6,24180719,CCCS(=O)(=O)Nc1ccc(F)c(C(=O)c2c[nH]c3ncc(Cl)cc23)c1F,5.0,5.191226236770588,5.3025521277126275
24180719::ERBB2::16408,ERBB2,24180719,CCCS(=O)(=O)Nc1ccc(F)c(C(=O)c2c[nH]c3ncc(Cl)cc23)c1F,5.0,5.191226236770588,5.1300460373342975
24180719::FGFR3(G697C)::16423,FGFR3(G697C),24180719,CCCS(=O)(=O)Nc1ccc(F)c(C(=O)c2c[nH]c3ncc(Cl)cc23)c1F,5.0,5.191226236770588,5.150329080528392
24180719::FLT1::16426,FLT1,24180719,CCCS(=O)(=O)Nc1ccc(F)c(C(=O)c2c[nH]c3ncc(Cl)cc23)c1F,5.721246399047171,5.191226236770588,5.302839855814583
24180719::FLT4::16428,FLT4,24180719,CCCS(=O)(=O)Nc1ccc(F)c(C(=O)c2c[nH]c3ncc(Cl)cc23)c1F,5.0,5.191226236770588,5.2372550495895025
24180719::FYN::16430,FYN,24180719,CCCS(=O)(=O)Nc1ccc(F)c(C(=O)c2c[nH]c3ncc(Cl)cc23)c1F,5.638272163982407,5.191226236770588,5.1899460502745685
24180719::GAK::16431,GAK,24180719,CCCS(=O)(=O)Nc1ccc(F)c(C(=O)c2c[nH]c3ncc(Cl)cc23)c1F,5.0,5.191226236770588,5.180733509559161
24180719::HIPK3::16441,HIPK3,24180719,CCCS(=O)(=O)Nc1ccc(F)c(C(=O)c2c[nH]c3ncc(Cl)cc23)c1F,5.013228265733755,5.191226236770588,5.239714619592851
24180719::HUNK::16444,HUNK,24180719,CCCS(=O)(=O)Nc1ccc(F)c(C(=O)c2c[nH]c3ncc(Cl)cc23)c1F,5.0,5.191226236770588,5.2043722966732515
24180719::ICK::16445,ICK,24180719,CCCS(=O)(=O)Nc1ccc(F)c(C(=O)c2c[nH]c3ncc(Cl)cc23)c1F,5.0,5.191226236770588,5.04774902724147
24180719::IKK-alpha::16447,IKK-alpha,24180719,CCCS(=O)(=O)Nc1ccc(F)c(C(=O)c2c[nH]c3ncc(Cl)cc23)c1F,5.0,5.191226236770588,5.086076483396187
24180719::IKK-epsilon::16449,IKK-epsilon,24180719,CCCS(=O)(=O)Nc1ccc(F)c(C(=O)c2c[nH]c3ncc(Cl)cc23)c1F,5.0,5.191226236770588,5.066955440570266
24180719::JAK3(JH1domain-catalytic)::16458,JAK3(JH1domain-catalytic),24180719,CCCS(=O)(=O)Nc1ccc(F)c(C(=O)c2c[nH]c3ncc(Cl)cc23)c1F,5.0,5.191226236770588,5.167044354148767
24180719::JNK1::16459,JNK1,24180719,CCCS(=O)(=O)Nc1ccc(F)c(C(=O)c2c[nH]c3ncc(Cl)cc23)c1F,5.0,5.191226236770588,5.105487955191665
24180719::JNK2::16460,JNK2,24180719,CCCS(=O)(=O)Nc1ccc(F)c(C(=O)c2c[nH]c3ncc(Cl)cc23)c1F,5.0,5.191226236770588,5.0846997588605
24180719::LOK::16469,LOK,24180719,CCCS(=O)(=O)Nc1ccc(F)c(C(=O)c2c[nH]c3ncc(Cl)cc23)c1F,5.0,5.191226236770588,5.260494336815093
24180719::MAK::16474,MAK,24180719,CCCS(=O)(=O)Nc1ccc(F)c(C(=O)c2c[nH]c3ncc(Cl)cc23)c1F,5.0,5.191226236770588,5.178211832012835
24180719::MAP3K15::16476,MAP3K15,24180719,CCCS(=O)(=O)Nc1ccc(F)c(C(=O)c2c[nH]c3ncc(Cl)cc23)c1F,5.0,5.191226236770588,5.075053524745621
24180719::MAP4K2::16480,MAP4K2,24180719,CCCS(=O)(=O)Nc1ccc(F)c(C(=O)c2c[nH]c3ncc(Cl)cc23)c1F,5.0,5.191226236770588,5.2265951135894975
24180719::MAP4K3::16481,MAP4K3,24180719,CCCS(=O)(=O)Nc1ccc(F)c(C(=O)c2c[nH]c3ncc(Cl)cc23)c1F,5.0,5.191226236770588,5.340712960906084
24180719::MEK1::16491,MEK1,24180719,CCCS(=O)(=O)Nc1ccc(F)c(C(=O)c2c[nH]c3ncc(Cl)cc23)c1F,6.259637310505756,5.191226236770588,5.25508302770579
24180719::MELK::16497,MELK,24180719,CCCS(=O)(=O)Nc1ccc(F)c(C(=O)c2c[nH]c3ncc(Cl)cc23)c1F,5.0,5.191226236770588,5.1597226153988185
24180719::MLK1::16505,MLK1,24180719,CCCS(=O)(=O)Nc1ccc(F)c(C(=O)c2c[nH]c3ncc(Cl)cc23)c1F,5.0,5.191226236770588,5.244639114341594
24180719::MLK2::16506,MLK2,24180719,CCCS(=O)(=O)Nc1ccc(F)c(C(=O)c2c[nH]c3ncc(Cl)cc23)c1F,5.0,5.191226236770588,5.146206975783567
24180719::MLK3::16507,MLK3,24180719,CCCS(=O)(=O)Nc1ccc(F)c(C(=O)c2c[nH]c3ncc(Cl)cc23)c1F,5.0,5.191226236770588,5.2104659620992
24180719::MST1::16510,MST1,24180719,CCCS(=O)(=O)Nc1ccc(F)c(C(=O)c2c[nH]c3ncc(Cl)cc23)c1F,5.0,5.191226236770588,5.186529426374278
24180719::MST1R::16511,MST1R,24180719,CCCS(=O)(=O)Nc1ccc(F)c(C(=O)c2c[nH]c3ncc(Cl)cc23)c1F,5.0,5.191226236770588,5.185345623906304
24180719::MST2::16512,MST2,24180719,CCCS(=O)(=O)Nc1ccc(F)c(C(=O)c2c[nH]c3ncc(Cl)cc23)c1F,5.0,5.191226236770588,5.244610572004204
24180719::MST3::16513,MST3,24180719,CCCS(=O)(=O)Nc1ccc(F)c(C(=O)c2c[nH]c3ncc(Cl)cc23)c1F,5.0,5.191226236770588,5.222087226995612
24180719::MYLK::16517,MYLK,24180719,CCCS(=O)(=O)Nc1ccc(F)c(C(=O)c2c[nH]c3ncc(Cl)cc23)c1F,5.0,5.191226236770588,5.1955685678244
24180719::MYLK2::16518,MYLK2,24180719,CCCS(=O)(=O)Nc1ccc(F)c(C(=O)c2c[nH]c3ncc(Cl)cc23)c1F,5.0,5.191226236770588,5.209205825760554
24180719::NEK1::16524,NEK1,24180719,CCCS(=O)(=O)Nc1ccc(F)c(C(=O)c2c[nH]c3ncc(Cl)cc23)c1F,5.0,5.191226236770588,5.095721144242459
24180719::p38-alpha::16536,p38-alpha,24180719,CCCS(=O)(=O)Nc1ccc(F)c(C(=O)c2c[nH]c3ncc(Cl)cc23)c1F,5.0,5.191226236770588,5.062379492593532
24180719::PAK4::16543,PAK4,24180719,CCCS(=O)(=O)Nc1ccc(F)c(C(=O)c2c[nH]c3ncc(Cl)cc23)c1F,5.0,5.191226236770588,5.296247161802121
24180719::PFPK5(Pfalciparum)::16553,PFPK5(Pfalciparum),24180719,CCCS(=O)(=O)Nc1ccc(F)c(C(=O)c2c[nH]c3ncc(Cl)cc23)c1F,5.0,5.191226236770588,5.026014200608313
24180719::PIK3CA(Q546K)::16560,PIK3CA(Q546K),24180719,CCCS(=O)(=O)Nc1ccc(F)c(C(=O)c2c[nH]c3ncc(Cl)cc23)c1F,5.0,5.191226236770588,5.046883708728272
24180719::PIK3CD::16562,PIK3CD,24180719,CCCS(=O)(=O)Nc1ccc(F)c(C(=O)c2c[nH]c3ncc(Cl)cc23)c1F,5.0,5.191226236770588,5.150662711066702
24180719::PIM3::16567,PIM3,24180719,CCCS(=O)(=O)Nc1ccc(F)c(C(=O)c2c[nH]c3ncc(Cl)cc23)c1F,5.0,5.191226236770588,5.160877912164518
24180719::PRKCE::16583,PRKCE,24180719,CCCS(=O)(=O)Nc1ccc(F)c(C(=O)c2c[nH]c3ncc(Cl)cc23)c1F,5.0,5.191226236770588,5.13635424741182
24180719::PYK2::16595,PYK2,24180719,CCCS(=O)(=O)Nc1ccc(F)c(C(=O)c2c[nH]c3ncc(Cl)cc23)c1F,5.0,5.191226236770588,5.229868824895362
24180719::RIPK5::16605,RIPK5,24180719,CCCS(=O)(=O)Nc1ccc(F)c(C(=O)c2c[nH]c3ncc(Cl)cc23)c1F,5.0,5.191226236770588,5.074318610450731
24180719::RSK2(KinDom.1-N-terminal)::16612,RSK2(KinDom.1-N-terminal),24180719,CCCS(=O)(=O)Nc1ccc(F)c(C(=O)c2c[nH]c3ncc(Cl)cc23)c1F,5.0,5.191226236770588,5.2234553602930935
24180719::SNARK::16622,SNARK,24180719,CCCS(=O)(=O)Nc1ccc(F)c(C(=O)c2c[nH]c3ncc(Cl)cc23)c1F,5.0,5.191226236770588,5.221745156301937
24180719::TBK1::16639,TBK1,24180719,CCCS(=O)(=O)Nc1ccc(F)c(C(=O)c2c[nH]c3ncc(Cl)cc23)c1F,5.0,5.191226236770588,5.108340191921937
24180719::TNK1::16649,TNK1,24180719,CCCS(=O)(=O)Nc1ccc(F)c(C(=O)c2c[nH]c3ncc(Cl)cc23)c1F,5.0,5.191226236770588,5.193719972329379
24180719::TRKC::16654,TRKC,24180719,CCCS(=O)(=O)Nc1ccc(F)c(C(=O)c2c[nH]c3ncc(Cl)cc23)c1F,5.0,5.191226236770588,5.420859040209469
24180719::TRPM6::16655,TRPM6,24180719,CCCS(=O)(=O)Nc1ccc(F)c(C(=O)c2c[nH]c3ncc(Cl)cc23)c1F,5.0,5.191226236770588,5.148174693516093
24180719::TSSK1B::16656,TSSK1B,24180719,CCCS(=O)(=O)Nc1ccc(F)c(C(=O)c2c[nH]c3ncc(Cl)cc23)c1F,5.0,5.191226236770588,5.122416067496465
24180719::ULK1::16661,ULK1,24180719,CCCS(=O)(=O)Nc1ccc(F)c(C(=O)c2c[nH]c3ncc(Cl)cc23)c1F,5.0,5.191226236770588,5.215063132761388
25243800::ACVR2A::16681,ACVR2A,25243800,CC(C)N1NC(=C2C=c3cc(O)ccc3=N2)c2c(N)ncnc21,7.744727494896693,5.655985891892063,6.090175508286303
25243800::AKT1::16686,AKT1,25243800,CC(C)N1NC(=C2C=c3cc(O)ccc3=N2)c2c(N)ncnc21,5.0,5.655985891892063,5.514064237233092
25243800::AMPK-alpha1::16690,AMPK-alpha1,25243800,CC(C)N1NC(=C2C=c3cc(O)ccc3=N2)c2c(N)ncnc21,5.0,5.655985891892063,5.408319407480152
25243800::ARK5::16693,ARK5,25243800,CC(C)N1NC(=C2C=c3cc(O)ccc3=N2)c2c(N)ncnc21,5.0,5.655985891892063,5.540842310580362
25243800::AXL::16699,AXL,25243800,CC(C)N1NC(=C2C=c3cc(O)ccc3=N2)c2c(N)ncnc21,5.920818753952375,5.655985891892063,5.8996146369176365
25243800::BIKE::16700,BIKE,25243800,CC(C)N1NC(=C2C=c3cc(O)ccc3=N2)c2c(N)ncnc21,5.221848749616356,5.655985891892063,5.780653675123038
25243800::BLK::16701,BLK,25243800,CC(C)N1NC(=C2C=c3cc(O)ccc3=N2)c2c(N)ncnc21,6.619788758288394,5.655985891892063,5.288545716746871
25243800::BMPR1A::16702,BMPR1A,25243800,CC(C)N1NC(=C2C=c3cc(O)ccc3=N2)c2c(N)ncnc21,7.1938200260161125,5.655985891892063,6.30496116924056
25243800::BRAF(V600E)::16706,BRAF(V600E),25243800,CC(C)N1NC(=C2C=c3cc(O)ccc3=N2)c2c(N)ncnc21,6.055517327849831,5.655985891892063,5.56967012619221
25243800::BRSK1::16708,BRSK1,25243800,CC(C)N1NC(=C2C=c3cc(O)ccc3=N2)c2c(N)ncnc21,7.853871964321762,5.655985891892063,5.754961956773245
25243800::CAMK1::16711,CAMK1,25243800,CC(C)N1NC(=C2C=c3cc(O)ccc3=N2)c2c(N)ncnc21,5.0,5.655985891892063,5.569337391125967
25243800::CAMK1D::16712,CAMK1D,25243800,CC(C)N1NC(=C2C=c3cc(O)ccc3=N2)c2c(N)ncnc21,5.823908740944319,5.655985891892063,5.557661834943997
25243800::CAMK1G::16713,CAMK1G,25243800,CC(C)N1NC(=C2C=c3cc(O)ccc3=N2)c2c(N)ncnc21,5.0,5.655985891892063,5.558164053468496
25243800::CAMK2G::16717,CAMK2G,25243800,CC(C)N1NC(=C2C=c3cc(O)ccc3=N2)c2c(N)ncnc21,5.0,5.655985891892063,5.675351673790515
25243800::CAMK4::16718,CAMK4,25243800,CC(C)N1NC(=C2C=c3cc(O)ccc3=N2)c2c(N)ncnc21,5.0,5.655985891892063,5.5842433497893165
25243800::CAMKK1::16719,CAMKK1,25243800,CC(C)N1NC(=C2C=c3cc(O)ccc3=N2)c2c(N)ncnc21,5.0,5.655985891892063,5.446535897936914
25243800::CDKL2::16734,CDKL2,25243800,CC(C)N1NC(=C2C=c3cc(O)ccc3=N2)c2c(N)ncnc21,5.0,5.655985891892063,5.468831438155592
25243800::CDKL5::16736,CDKL5,25243800,CC(C)N1NC(=C2C=c3cc(O)ccc3=N2)c2c(N)ncnc21,5.0,5.655985891892063,5.29418824890313
25243800::CLK1::16740,CLK1,25243800,CC(C)N1NC(=C2C=c3cc(O)ccc3=N2)c2c(N)ncnc21,6.040958607678906,5.655985891892063,5.798209889331662
25243800::CLK2::16741,CLK2,25243800,CC(C)N1NC(=C2C=c3cc(O)ccc3=N2)c2c(N)ncnc21,6.0,5.655985891892063,5.755914396761032
25243800::CSNK1A1L::16747,CSNK1A1L,25243800,CC(C)N1NC(=C2C=c3cc(O)ccc3=N2)c2c(N)ncnc21,5.698970004336019,5.655985891892063,5.740243407518872
25243800::CSNK1G1::16750,CSNK1G1,25243800,CC(C)N1NC(=C2C=c3cc(O)ccc3=N2)c2c(N)ncnc21,5.4089353929735005,5.655985891892063,5.776377490785363
25243800::CSNK1G3::16752,CSNK1G3,25243800,CC(C)N1NC(=C2C=c3cc(O)ccc3=N2)c2c(N)ncnc21,5.585026652029182,5.655985891892063,5.729652462329078
25243800::DCAMKL1::16759,DCAMKL1,25243800,CC(C)N1NC(=C2C=c3cc(O)ccc3=N2)c2c(N)ncnc21,5.0,5.655985891892063,5.351574423375639
25243800::DCAMKL2::16760,DCAMKL2,25243800,CC(C)N1NC(=C2C=c3cc(O)ccc3=N2)c2c(N)ncnc21,5.0,5.655985891892063,5.346443744624961
25243800::DMPK::16765,DMPK,25243800,CC(C)N1NC(=C2C=c3cc(O)ccc3=N2)c2c(N)ncnc21,6.853871964321762,5.655985891892063,5.661397621957714
25243800::DYRK1A::16769,DYRK1A,25243800,CC(C)N1NC(=C2C=c3cc(O)ccc3=N2)c2c(N)ncnc21,5.638272163982407,5.655985891892063,5.636422262442035
25243800::EPHA6::16779,EPHA6,25243800,CC(C)N1NC(=C2C=c3cc(O)ccc3=N2)c2c(N)ncnc21,6.6777807052660805,5.655985891892063,5.903476276514666
25243800::ERBB2::16787,ERBB2,25243800,CC(C)N1NC(=C2C=c3cc(O)ccc3=N2)c2c(N)ncnc21,5.537602002101044,5.655985891892063,5.710042603496547
25243800::FGFR3(G697C)::16802,FGFR3(G697C),25243800,CC(C)N1NC(=C2C=c3cc(O)ccc3=N2)c2c(N)ncnc21,6.180456064458131,5.655985891892063,5.713245146832333
25243800::FLT1::16805,FLT1,25243800,CC(C)N1NC(=C2C=c3cc(O)ccc3=N2)c2c(N)ncnc21,5.920818753952375,5.655985891892063,5.795595495970191
25243800::FLT4::16807,FLT4,25243800,CC(C)N1NC(=C2C=c3cc(O)ccc3=N2)c2c(N)ncnc21,6.619788758288394,5.655985891892063,5.702838704216039
25243800::FYN::16809,FYN,25243800,CC(C)N1NC(=C2C=c3cc(O)ccc3=N2)c2c(N)ncnc21,6.522878745280337,5.655985891892063,5.964241388709043
25243800::GAK::16810,GAK,25243800,CC(C)N1NC(=C2C=c3cc(O)ccc3=N2)c2c(N)ncnc21,6.494850021680094,5.655985891892063,5.464237456558644
25243800::HIPK3::16820,HIPK3,25243800,CC(C)N1NC(=C2C=c3cc(O)ccc3=N2)c2c(N)ncnc21,6.886056647693163,5.655985891892063,5.7779979590375765
25243800::HUNK::16823,HUNK,25243800,CC(C)N1NC(=C2C=c3cc(O)ccc3=N2)c2c(N)ncnc21,5.0,5.655985891892063,5.8011738161754804
25243800::ICK::16824,ICK,25243800,CC(C)N1NC(=C2C=c3cc(O)ccc3=N2)c2c(N)ncnc21,5.0,5.655985891892063,5.469747968603309
25243800::IKK-alpha::16826,IKK-alpha,25243800,CC(C)N1NC(=C2C=c3cc(O)ccc3=N2)c2c(N)ncnc21,5.0,5.655985891892063,5.406148662094632
25243800::IKK-epsilon::16828,IKK-epsilon,25243800,CC(C)N1NC(=C2C=c3cc(O)ccc3=N2)c2c(N)ncnc21,5.0,5.655985891892063,5.7853502381437
25243800::JAK3(JH1domain-catalytic)::16837,JAK3(JH1domain-catalytic),25243800,CC(C)N1NC(=C2C=c3cc(O)ccc3=N2)c2c(N)ncnc21,7.0655015487564325,5.655985891892063,5.808964835771775
25243800::JNK1::16838,JNK1,25243800,CC(C)N1NC(=C2C=c3cc(O)ccc3=N2)c2c(N)ncnc21,5.0,5.655985891892063,5.614827825314636
25243800::JNK2::16839,JNK2,25243800,CC(C)N1NC(=C2C=c3cc(O)ccc3=N2)c2c(N)ncnc21,5.0,5.655985891892063,5.433660942357994
25243800::LOK::16848,LOK,25243800,CC(C)N1NC(=C2C=c3cc(O)ccc3=N2)c2c(N)ncnc21,7.113509274827518,5.655985891892063,5.81786439549331
25243800::MAK::16853,MAK,25243800,CC(C)N1NC(=C2C=c3cc(O)ccc3=N2)c2c(N)ncnc21,5.0,5.655985891892063,5.625942518950356
25243800::MAP3K15::16855,MAP3K15,25243800,CC(C)N1NC(=C2C=c3cc(O)ccc3=N2)c2c(N)ncnc21,5.0,5.655985891892063,5.418841046756615
25243800::MAP4K2::16859,MAP4K2,25243800,CC(C)N1NC(=C2C=c3cc(O)ccc3=N2)c2c(N)ncnc21,7.0,5.655985891892063,5.441025694562026
25243800::MAP4K3::16860,MAP4K3,25243800,CC(C)N1NC(=C2C=c3cc(O)ccc3=N2)c2c(N)ncnc21,5.0,5.655985891892063,5.820611480899193
25243800::MEK1::16870,MEK1,25243800,CC(C)N1NC(=C2C=c3cc(O)ccc3=N2)c2c(N)ncnc21,7.292429823902063,5.655985891892063,5.531981421697383
25243800::MELK::16876,MELK,25243800,CC(C)N1NC(=C2C=c3cc(O)ccc3=N2)c2c(N)ncnc21,6.769551078621726,5.655985891892063,5.6314312022369535
25243800::MLK1::16884,MLK1,25243800,CC(C)N1NC(=C2C=c3cc(O)ccc3=N2)c2c(N)ncnc21,5.537602002101044,5.655985891892063,5.646062561398885
25243800::MLK2::16885,MLK2,25243800,CC(C)N1NC(=C2C=c3cc(O)ccc3=N2)c2c(N)ncnc21,5.0,5.655985891892063,5.5356492611524555
25243800::MLK3::16886,MLK3,25243800,CC(C)N1NC(=C2C=c3cc(O)ccc3=N2)c2c(N)ncnc21,5.0,5.655985891892063,5.776894720689232
25243800::MST1::16889,MST1,25243800,CC(C)N1NC(=C2C=c3cc(O)ccc3=N2)c2c(N)ncnc21,5.0,5.655985891892063,5.55535363118363
25243800::MST1R::16890,MST1R,25243800,CC(C)N1NC(=C2C=c3cc(O)ccc3=N2)c2c(N)ncnc21,5.0,5.655985891892063,5.572265799693717
25243800::MST2::16891,MST2,25243800,CC(C)N1NC(=C2C=c3cc(O)ccc3=N2)c2c(N)ncnc21,5.585026652029182,5.655985891892063,5.66975976866411
25243800::MST3::16892,MST3,25243800,CC(C)N1NC(=C2C=c3cc(O)ccc3=N2)c2c(N)ncnc21,5.0,5.655985891892063,5.5920700249159365
25243800::MYLK::16896,MYLK,25243800,CC(C)N1NC(=C2C=c3cc(O)ccc3=N2)c2c(N)ncnc21,6.481486060122112,5.655985891892063,5.7180820536150385
25243800::MYLK2::16897,MYLK2,25243800,CC(C)N1NC(=C2C=c3cc(O)ccc3=N2)c2c(N)ncnc21,5.0,5.655985891892063,5.463094461323608
25243800::NEK1::16903,NEK1,25243800,CC(C)N1NC(=C2C=c3cc(O)ccc3=N2)c2c(N)ncnc21,5.0,5.655985891892063,5.672348720866859
25243800::p38-alpha::16915,p38-alpha,25243800,CC(C)N1NC(=C2C=c3cc(O)ccc3=N2)c2c(N)ncnc21,5.0,5.655985891892063,5.373889063148659
25243800::PAK4::16922,PAK4,25243800,CC(C)N1NC(=C2C=c3cc(O)ccc3=N2)c2c(N)ncnc21,6.0,5.655985891892063,5.785881113946166
25243800::PFPK5(Pfalciparum)::16932,PFPK5(Pfalciparum),25243800,CC(C)N1NC(=C2C=c3cc(O)ccc3=N2)c2c(N)ncnc21,5.0,5.655985891892063,5.39113514782375
25243800::PIK3CA(Q546K)::16939,PIK3CA(Q546K),25243800,CC(C)N1NC(=C2C=c3cc(O)ccc3=N2)c2c(N)ncnc21,6.853871964321762,5.655985891892063,5.516942826496869
25243800::PIK3CD::16941,PIK3CD,25243800,CC(C)N1NC(=C2C=c3cc(O)ccc3=N2)c2c(N)ncnc21,7.508638306165727,5.655985891892063,5.739239602251134
25243800::PIM3::16946,PIM3,25243800,CC(C)N1NC(=C2C=c3cc(O)ccc3=N2)c2c(N)ncnc21,5.522878745280337,5.655985891892063,5.537771548686036
25243800::PRKCE::16962,PRKCE,25243800,CC(C)N1NC(=C2C=c3cc(O)ccc3=N2)c2c(N)ncnc21,8.045757490560675,5.655985891892063,5.562176694742342
25243800::PYK2::16974,PYK2,25243800,CC(C)N1NC(=C2C=c3cc(O)ccc3=N2)c2c(N)ncnc21,5.0,5.655985891892063,5.746898147537686
25243800::RIPK5::16984,RIPK5,25243800,CC(C)N1NC(=C2C=c3cc(O)ccc3=N2)c2c(N)ncnc21,6.292429823902063,5.655985891892063,5.692070631757643
25243800::RSK2(KinDom.1-N-terminal)::16991,RSK2(KinDom.1-N-terminal),25243800,CC(C)N1NC(=C2C=c3cc(O)ccc3=N2)c2c(N)ncnc21,6.698970004336019,5.655985891892063,5.681854593907214
25243800::SNARK::17001,SNARK,25243800,CC(C)N1NC(=C2C=c3cc(O)ccc3=N2)c2c(N)ncnc21,5.443697499232712,5.655985891892063,5.5059347028886405
25243800::TBK1::17018,TBK1,25243800,CC(C)N1NC(=C2C=c3cc(O)ccc3=N2)c2c(N)ncnc21,5.0,5.655985891892063,5.4947587527485755
25243800::TNK1::17028,TNK1,25243800,CC(C)N1NC(=C2C=c3cc(O)ccc3=N2)c2c(N)ncnc21,5.920818753952375,5.655985891892063,5.67022793182695
25243800::TRKC::17033,TRKC,25243800,CC(C)N1NC(=C2C=c3cc(O)ccc3=N2)c2c(N)ncnc21,5.0,5.655985891892063,5.952831246013852
25243800::TRPM6::17034,TRPM6,25243800,CC(C)N1NC(=C2C=c3cc(O)ccc3=N2)c2c(N)ncnc21,5.0,5.655985891892063,5.928423647920667
25243800::TSSK1B::17035,TSSK1B,25243800,CC(C)N1NC(=C2C=c3cc(O)ccc3=N2)c2c(N)ncnc21,5.0,5.655985891892063,5.541853934115367
25243800::ULK1::17040,ULK1,25243800,CC(C)N1NC(=C2C=c3cc(O)ccc3=N2)c2c(N)ncnc21,5.0,5.655985891892063,5.726459919735916
10113978::ACVR2A::17060,ACVR2A,10113978,Cc1ccc(Nc2nccc(N(C)c3ccc4c(C)n(C)nc4c3)n2)cc1S(N)(=O)=O,5.0,5.267184024048972,5.37472506869789
10113978::AKT1::17065,AKT1,10113978,Cc1ccc(Nc2nccc(N(C)c3ccc4c(C)n(C)nc4c3)n2)cc1S(N)(=O)=O,5.0,5.267184024048972,5.116616668756461
10113978::AMPK-alpha1::17069,AMPK-alpha1,10113978,Cc1ccc(Nc2nccc(N(C)c3ccc4c(C)n(C)nc4c3)n2)cc1S(N)(=O)=O,5.0,5.267184024048972,5.191325702443816
10113978::ARK5::17072,ARK5,10113978,Cc1ccc(Nc2nccc(N(C)c3ccc4c(C)n(C)nc4c3)n2)cc1S(N)(=O)=O,5.0,5.267184024048972,5.315984673416863
10113978::AXL::17078,AXL,10113978,Cc1ccc(Nc2nccc(N(C)c3ccc4c(C)n(C)nc4c3)n2)cc1S(N)(=O)=O,5.0,5.267184024048972,5.44622088129803
10113978::BIKE::17079,BIKE,10113978,Cc1ccc(Nc2nccc(N(C)c3ccc4c(C)n(C)nc4c3)n2)cc1S(N)(=O)=O,5.055517327849831,5.267184024048972,5.480746111450993
10113978::BLK::17080,BLK,10113978,Cc1ccc(Nc2nccc(N(C)c3ccc4c(C)n(C)nc4c3)n2)cc1S(N)(=O)=O,5.585026652029182,5.267184024048972,5.134092694485351
10113978::BMPR1A::17081,BMPR1A,10113978,Cc1ccc(Nc2nccc(N(C)c3ccc4c(C)n(C)nc4c3)n2)cc1S(N)(=O)=O,5.0,5.267184024048972,5.3824363713294785
10113978::BRAF(V600E)::17085,BRAF(V600E),10113978,Cc1ccc(Nc2nccc(N(C)c3ccc4c(C)n(C)nc4c3)n2)cc1S(N)(=O)=O,6.366531544420413,5.267184024048972,5.163855233138555
10113978::BRSK1::17087,BRSK1,10113978,Cc1ccc(Nc2nccc(N(C)c3ccc4c(C)n(C)nc4c3)n2)cc1S(N)(=O)=O,5.0,5.267184024048972,5.067994294047503
10113978::CAMK1::17090,CAMK1,10113978,Cc1ccc(Nc2nccc(N(C)c3ccc4c(C)n(C)nc4c3)n2)cc1S(N)(=O)=O,5.6777807052660805,5.267184024048972,5.2224217334072485
10113978::CAMK1D::17091,CAMK1D,10113978,Cc1ccc(Nc2nccc(N(C)c3ccc4c(C)n(C)nc4c3)n2)cc1S(N)(=O)=O,5.0,5.267184024048972,5.440616798403493
10113978::CAMK1G::17092,CAMK1G,10113978,Cc1ccc(Nc2nccc(N(C)c3ccc4c(C)n(C)nc4c3)n2)cc1S(N)(=O)=O,5.431798275933005,5.267184024048972,5.067667423781026
10113978::CAMK2G::17096,CAMK2G,10113978,Cc1ccc(Nc2nccc(N(C)c3ccc4c(C)n(C)nc4c3)n2)cc1S(N)(=O)=O,5.0,5.267184024048972,5.269245528946491
10113978::CAMK4::17097,CAMK4,10113978,Cc1ccc(Nc2nccc(N(C)c3ccc4c(C)n(C)nc4c3)n2)cc1S(N)(=O)=O,5.0,5.267184024048972,5.168282038217381
10113978::CAMKK1::17098,CAMKK1,10113978,Cc1ccc(Nc2nccc(N(C)c3ccc4c(C)n(C)nc4c3)n2)cc1S(N)(=O)=O,5.0,5.267184024048972,5.210663166120993
10113978::CDKL2::17113,CDKL2,10113978,Cc1ccc(Nc2nccc(N(C)c3ccc4c(C)n(C)nc4c3)n2)cc1S(N)(=O)=O,5.0,5.267184024048972,5.119645673298801
10113978::CDKL5::17115,CDKL5,10113978,Cc1ccc(Nc2nccc(N(C)c3ccc4c(C)n(C)nc4c3)n2)cc1S(N)(=O)=O,5.0,5.267184024048972,5.1686070053866
10113978::CLK1::17119,CLK1,10113978,Cc1ccc(Nc2nccc(N(C)c3ccc4c(C)n(C)nc4c3)n2)cc1S(N)(=O)=O,5.0,5.267184024048972,5.331227592206245
10113978::CLK2::17120,CLK2,10113978,Cc1ccc(Nc2nccc(N(C)c3ccc4c(C)n(C)nc4c3)n2)cc1S(N)(=O)=O,5.0,5.267184024048972,5.513436899932409
10113978::CSNK1A1L::17126,CSNK1A1L,10113978,Cc1ccc(Nc2nccc(N(C)c3ccc4c(C)n(C)nc4c3)n2)cc1S(N)(=O)=O,5.0,5.267184024048972,5.149496787616864
10113978::CSNK1G1::17129,CSNK1G1,10113978,Cc1ccc(Nc2nccc(N(C)c3ccc4c(C)n(C)nc4c3)n2)cc1S(N)(=O)=O,5.0,5.267184024048972,5.301990618111898
10113978::CSNK1G3::17131,CSNK1G3,10113978,Cc1ccc(Nc2nccc(N(C)c3ccc4c(C)n(C)nc4c3)n2)cc1S(N)(=O)=O,5.0,5.267184024048972,5.272549383069116
10113978::DCAMKL1::17138,DCAMKL1,10113978,Cc1ccc(Nc2nccc(N(C)c3ccc4c(C)n(C)nc4c3)n2)cc1S(N)(=O)=O,5.0,5.267184024048972,5.0386240983983335
10113978::DCAMKL2::17139,DCAMKL2,10113978,Cc1ccc(Nc2nccc(N(C)c3ccc4c(C)n(C)nc4c3)n2)cc1S(N)(=O)=O,5.0,5.267184024048972,5.072348721892608
10113978::DMPK::17144,DMPK,10113978,Cc1ccc(Nc2nccc(N(C)c3ccc4c(C)n(C)nc4c3)n2)cc1S(N)(=O)=O,5.0,5.267184024048972,5.088914720356713
10113978::DYRK1A::17148,DYRK1A,10113978,Cc1ccc(Nc2nccc(N(C)c3ccc4c(C)n(C)nc4c3)n2)cc1S(N)(=O)=O,5.0,5.267184024048972,5.150569893147948
10113978::EPHA6::17158,EPHA6,10113978,Cc1ccc(Nc2nccc(N(C)c3ccc4c(C)n(C)nc4c3)n2)cc1S(N)(=O)=O,5.0,5.267184024048972,5.143742582176658
10113978::ERBB2::17166,ERBB2,10113978,Cc1ccc(Nc2nccc(N(C)c3ccc4c(C)n(C)nc4c3)n2)cc1S(N)(=O)=O,5.0,5.267184024048972,5.246144309529596
10113978::FGFR3(G697C)::17181,FGFR3(G697C),10113978,Cc1ccc(Nc2nccc(N(C)c3ccc4c(C)n(C)nc4c3)n2)cc1S(N)(=O)=O,6.207608310501746,5.267184024048972,5.283141587060314
10113978::FLT1::17184,FLT1,10113978,Cc1ccc(Nc2nccc(N(C)c3ccc4c(C)n(C)nc4c3)n2)cc1S(N)(=O)=O,7.853871964321762,5.267184024048972,5.599748608551928
10113978::FLT4::17186,FLT4,10113978,Cc1ccc(Nc2nccc(N(C)c3ccc4c(C)n(C)nc4c3)n2)cc1S(N)(=O)=O,7.568636235841012,5.267184024048972,5.3209971745288485
10113978::FYN::17188,FYN,10113978,Cc1ccc(Nc2nccc(N(C)c3ccc4c(C)n(C)nc4c3)n2)cc1S(N)(=O)=O,5.568636235841012,5.267184024048972,5.464980179895795
10113978::GAK::17189,GAK,10113978,Cc1ccc(Nc2nccc(N(C)c3ccc4c(C)n(C)nc4c3)n2)cc1S(N)(=O)=O,6.698970004336019,5.267184024048972,5.102550955502001
10113978::HIPK3::17199,HIPK3,10113978,Cc1ccc(Nc2nccc(N(C)c3ccc4c(C)n(C)nc4c3)n2)cc1S(N)(=O)=O,5.0,5.267184024048972,5.2190402359614465
10113978::HUNK::17202,HUNK,10113978,Cc1ccc(Nc2nccc(N(C)c3ccc4c(C)n(C)nc4c3)n2)cc1S(N)(=O)=O,5.0,5.267184024048972,5.370253388866092
10113978::ICK::17203,ICK,10113978,Cc1ccc(Nc2nccc(N(C)c3ccc4c(C)n(C)nc4c3)n2)cc1S(N)(=O)=O,5.0,5.267184024048972,5.222835632788329
10113978::IKK-alpha::17205,IKK-alpha,10113978,Cc1ccc(Nc2nccc(N(C)c3ccc4c(C)n(C)nc4c3)n2)cc1S(N)(=O)=O,5.0,5.267184024048972,5.15219200159993
10113978::IKK-epsilon::17207,IKK-epsilon,10113978,Cc1ccc(Nc2nccc(N(C)c3ccc4c(C)n(C)nc4c3)n2)cc1S(N)(=O)=O,5.0,5.267184024048972,5.052851409957471
10113978::JAK3(JH1domain-catalytic)::17216,JAK3(JH1domain-catalytic),10113978,Cc1ccc(Nc2nccc(N(C)c3ccc4c(C)n(C)nc4c3)n2)cc1S(N)(=O)=O,5.161150909262744,5.267184024048972,5.057662775295032
10113978::JNK1::17217,JNK1,10113978,Cc1ccc(Nc2nccc(N(C)c3ccc4c(C)n(C)nc4c3)n2)cc1S(N)(=O)=O,5.698970004336019,5.267184024048972,5.200233823256856
10113978::JNK2::17218,JNK2,10113978,Cc1ccc(Nc2nccc(N(C)c3ccc4c(C)n(C)nc4c3)n2)cc1S(N)(=O)=O,5.0,5.267184024048972,5.182142051815521
10113978::LOK::17227,LOK,10113978,Cc1ccc(Nc2nccc(N(C)c3ccc4c(C)n(C)nc4c3)n2)cc1S(N)(=O)=O,7.075720713938118,5.267184024048972,5.618377684157144
10113978::MAK::17232,MAK,10113978,Cc1ccc(Nc2nccc(N(C)c3ccc4c(C)n(C)nc4c3)n2)cc1S(N)(=O)=O,5.0,5.267184024048972,5.3002230520160785
10113978::MAP3K15::17234,MAP3K15,10113978,Cc1ccc(Nc2nccc(N(C)c3ccc4c(C)n(C)nc4c3)n2)cc1S(N)(=O)=O,5.0,5.267184024048972,5.041039391562094
10113978::MAP4K2::17238,MAP4K2,10113978,Cc1ccc(Nc2nccc(N(C)c3ccc4c(C)n(C)nc4c3)n2)cc1S(N)(=O)=O,5.568636235841012,5.267184024048972,5.193552601300097
10113978::MAP4K3::17239,MAP4K3,10113978,Cc1ccc(Nc2nccc(N(C)c3ccc4c(C)n(C)nc4c3)n2)cc1S(N)(=O)=O,5.795880017344075,5.267184024048972,5.333010677556139
10113978::MEK1::17249,MEK1,10113978,Cc1ccc(Nc2nccc(N(C)c3ccc4c(C)n(C)nc4c3)n2)cc1S(N)(=O)=O,5.0,5.267184024048972,5.232995408489972
10113978::MELK::17255,MELK,10113978,Cc1ccc(Nc2nccc(N(C)c3ccc4c(C)n(C)nc4c3)n2)cc1S(N)(=O)=O,5.0,5.267184024048972,5.224747148362253
10113978::MLK1::17263,MLK1,10113978,Cc1ccc(Nc2nccc(N(C)c3ccc4c(C)n(C)nc4c3)n2)cc1S(N)(=O)=O,6.537602002101044,5.267184024048972,5.220392110875315
10113978::MLK2::17264,MLK2,10113978,Cc1ccc(Nc2nccc(N(C)c3ccc4c(C)n(C)nc4c3)n2)cc1S(N)(=O)=O,5.6777807052660805,5.267184024048972,5.121703218504063
10113978::MLK3::17265,MLK3,10113978,Cc1ccc(Nc2nccc(N(C)c3ccc4c(C)n(C)nc4c3)n2)cc1S(N)(=O)=O,6.130768280269024,5.267184024048972,5.3304003965014015
10113978::MST1::17268,MST1,10113978,Cc1ccc(Nc2nccc(N(C)c3ccc4c(C)n(C)nc4c3)n2)cc1S(N)(=O)=O,5.0,5.267184024048972,5.279726776928
10113978::MST1R::17269,MST1R,10113978,Cc1ccc(Nc2nccc(N(C)c3ccc4c(C)n(C)nc4c3)n2)cc1S(N)(=O)=O,5.0,5.267184024048972,5.279255928357211
10113978::MST2::17270,MST2,10113978,Cc1ccc(Nc2nccc(N(C)c3ccc4c(C)n(C)nc4c3)n2)cc1S(N)(=O)=O,5.0,5.267184024048972,5.350195370636472
10113978::MST3::17271,MST3,10113978,Cc1ccc(Nc2nccc(N(C)c3ccc4c(C)n(C)nc4c3)n2)cc1S(N)(=O)=O,5.0,5.267184024048972,5.250727155140229
10113978::MYLK::17275,MYLK,10113978,Cc1ccc(Nc2nccc(N(C)c3ccc4c(C)n(C)nc4c3)n2)cc1S(N)(=O)=O,5.0,5.267184024048972,5.400228427250522
10113978::MYLK2::17276,MYLK2,10113978,Cc1ccc(Nc2nccc(N(C)c3ccc4c(C)n(C)nc4c3)n2)cc1S(N)(=O)=O,5.698970004336019,5.267184024048972,5.147361504879563
10113978::NEK1::17282,NEK1,10113978,Cc1ccc(Nc2nccc(N(C)c3ccc4c(C)n(C)nc4c3)n2)cc1S(N)(=O)=O,5.0,5.267184024048972,5.173821037366279
10113978::p38-alpha::17294,p38-alpha,10113978,Cc1ccc(Nc2nccc(N(C)c3ccc4c(C)n(C)nc4c3)n2)cc1S(N)(=O)=O,5.0,5.267184024048972,5.035196802545896
10113978::PAK4::17301,PAK4,10113978,Cc1ccc(Nc2nccc(N(C)c3ccc4c(C)n(C)nc4c3)n2)cc1S(N)(=O)=O,5.0,5.267184024048972,5.368257849075708
10113978::PFPK5(Pfalciparum)::17311,PFPK5(Pfalciparum),10113978,Cc1ccc(Nc2nccc(N(C)c3ccc4c(C)n(C)nc4c3)n2)cc1S(N)(=O)=O,5.0,5.267184024048972,4.9876919790524195
10113978::PIK3CA(Q546K)::17318,PIK3CA(Q546K),10113978,Cc1ccc(Nc2nccc(N(C)c3ccc4c(C)n(C)nc4c3)n2)cc1S(N)(=O)=O,5.0,5.267184024048972,5.108649970886946
10113978::PIK3CD::17320,PIK3CD,10113978,Cc1ccc(Nc2nccc(N(C)c3ccc4c(C)n(C)nc4c3)n2)cc1S(N)(=O)=O,5.0,5.267184024048972,5.226048416095842
10113978::PIM3::17325,PIM3,10113978,Cc1ccc(Nc2nccc(N(C)c3ccc4c(C)n(C)nc4c3)n2)cc1S(N)(=O)=O,5.0,5.267184024048972,5.164860513825602
10113978::PRKCE::17341,PRKCE,10113978,Cc1ccc(Nc2nccc(N(C)c3ccc4c(C)n(C)nc4c3)n2)cc1S(N)(=O)=O,5.0,5.267184024048972,5.131830798411123
10113978::PYK2::17353,PYK2,10113978,Cc1ccc(Nc2nccc(N(C)c3ccc4c(C)n(C)nc4c3)n2)cc1S(N)(=O)=O,5.0,5.267184024048972,5.4107414957313305
10113978::RIPK5::17363,RIPK5,10113978,Cc1ccc(Nc2nccc(N(C)c3ccc4c(C)n(C)nc4c3)n2)cc1S(N)(=O)=O,5.0,5.267184024048972,5.121964265310371
10113978::RSK2(KinDom.1-N-terminal)::17370,RSK2(KinDom.1-N-terminal),10113978,Cc1ccc(Nc2nccc(N(C)c3ccc4c(C)n(C)nc4c3)n2)cc1S(N)(=O)=O,5.0,5.267184024048972,5.25437087902353
10113978::SNARK::17380,SNARK,10113978,Cc1ccc(Nc2nccc(N(C)c3ccc4c(C)n(C)nc4c3)n2)cc1S(N)(=O)=O,5.0,5.267184024048972,5.178787704026152
10113978::TBK1::17397,TBK1,10113978,Cc1ccc(Nc2nccc(N(C)c3ccc4c(C)n(C)nc4c3)n2)cc1S(N)(=O)=O,5.0,5.267184024048972,5.173868671402305
10113978::TNK1::17407,TNK1,10113978,Cc1ccc(Nc2nccc(N(C)c3ccc4c(C)n(C)nc4c3)n2)cc1S(N)(=O)=O,5.0,5.267184024048972,5.295788375194193
10113978::TRKC::17412,TRKC,10113978,Cc1ccc(Nc2nccc(N(C)c3ccc4c(C)n(C)nc4c3)n2)cc1S(N)(=O)=O,5.0,5.267184024048972,5.502826634301935
10113978::TRPM6::17413,TRPM6,10113978,Cc1ccc(Nc2nccc(N(C)c3ccc4c(C)n(C)nc4c3)n2)cc1S(N)(=O)=O,5.0,5.267184024048972,5.429701046439434
10113978::TSSK1B::17414,TSSK1B,10113978,Cc1ccc(Nc2nccc(N(C)c3ccc4c(C)n(C)nc4c3)n2)cc1S(N)(=O)=O,5.0,5.267184024048972,5.206815315030413
10113978::ULK1::17419,ULK1,10113978,Cc1ccc(Nc2nccc(N(C)c3ccc4c(C)n(C)nc4c3)n2)cc1S(N)(=O)=O,5.0,5.267184024048972,5.2577232447154705
17755052::ACVR2A::17439,ACVR2A,17755052,CS(=O)(=O)N1CCN(Cc2cc3nc(-c4cccc5[nH]ncc45)nc(N4CCOCC4)c3s2)CC1,5.0,5.096477351984441,4.977626273646634
17755052::AKT1::17444,AKT1,17755052,CS(=O)(=O)N1CCN(Cc2cc3nc(-c4cccc5[nH]ncc45)nc(N4CCOCC4)c3s2)CC1,5.0,5.096477351984441,5.026119197767065
17755052::AMPK-alpha1::17448,AMPK-alpha1,17755052,CS(=O)(=O)N1CCN(Cc2cc3nc(-c4cccc5[nH]ncc45)nc(N4CCOCC4)c3s2)CC1,5.0,5.096477351984441,5.031058310460355
17755052::ARK5::17451,ARK5,17755052,CS(=O)(=O)N1CCN(Cc2cc3nc(-c4cccc5[nH]ncc45)nc(N4CCOCC4)c3s2)CC1,5.0,5.096477351984441,5.022429718948065
17755052::AXL::17457,AXL,17755052,CS(=O)(=O)N1CCN(Cc2cc3nc(-c4cccc5[nH]ncc45)nc(N4CCOCC4)c3s2)CC1,5.0,5.096477351984441,5.199659648958711
17755052::BIKE::17458,BIKE,17755052,CS(=O)(=O)N1CCN(Cc2cc3nc(-c4cccc5[nH]ncc45)nc(N4CCOCC4)c3s2)CC1,5.0,5.096477351984441,5.274263194369055
17755052::BLK::17459,BLK,17755052,CS(=O)(=O)N1CCN(Cc2cc3nc(-c4cccc5[nH]ncc45)nc(N4CCOCC4)c3s2)CC1,5.0,5.096477351984441,5.088804250150242
17755052::BMPR1A::17460,BMPR1A,17755052,CS(=O)(=O)N1CCN(Cc2cc3nc(-c4cccc5[nH]ncc45)nc(N4CCOCC4)c3s2)CC1,5.0,5.096477351984441,5.063359142765191
17755052::BRAF(V600E)::17464,BRAF(V600E),17755052,CS(=O)(=O)N1CCN(Cc2cc3nc(-c4cccc5[nH]ncc45)nc(N4CCOCC4)c3s2)CC1,5.0,5.096477351984441,5.1239657663980305
17755052::BRSK1::17466,BRSK1,17755052,CS(=O)(=O)N1CCN(Cc2cc3nc(-c4cccc5[nH]ncc45)nc(N4CCOCC4)c3s2)CC1,5.0,5.096477351984441,5.024017318443505
17755052::CAMK1::17469,CAMK1,17755052,CS(=O)(=O)N1CCN(Cc2cc3nc(-c4cccc5[nH]ncc45)nc(N4CCOCC4)c3s2)CC1,5.327902142064282,5.096477351984441,5.016980620477663
17755052::CAMK1D::17470,CAMK1D,17755052,CS(=O)(=O)N1CCN(Cc2cc3nc(-c4cccc5[nH]ncc45)nc(N4CCOCC4)c3s2)CC1,5.0,5.096477351984441,5.02405645212411
17755052::CAMK1G::17471,CAMK1G,17755052,CS(=O)(=O)N1CCN(Cc2cc3nc(-c4cccc5[nH]ncc45)nc(N4CCOCC4)c3s2)CC1,5.167491087293763,5.096477351984441,5.02137802080331
17755052::CAMK2G::17475,CAMK2G,17755052,CS(=O)(=O)N1CCN(Cc2cc3nc(-c4cccc5[nH]ncc45)nc(N4CCOCC4)c3s2)CC1,5.0,5.096477351984441,5.052449479876778
17755052::CAMK4::17476,CAMK4,17755052,CS(=O)(=O)N1CCN(Cc2cc3nc(-c4cccc5[nH]ncc45)nc(N4CCOCC4)c3s2)CC1,5.0,5.096477351984441,5.0095272475638675
17755052::CAMKK1::17477,CAMKK1,17755052,CS(=O)(=O)N1CCN(Cc2cc3nc(-c4cccc5[nH]ncc45)nc(N4CCOCC4)c3s2)CC1,5.0,5.096477351984441,5.051930657068471
17755052::CDKL2::17492,CDKL2,17755052,CS(=O)(=O)N1CCN(Cc2cc3nc(-c4cccc5[nH]ncc45)nc(N4CCOCC4)c3s2)CC1,5.0,5.096477351984441,5.089304920283211
17755052::CDKL5::17494,CDKL5,17755052,CS(=O)(=O)N1CCN(Cc2cc3nc(-c4cccc5[nH]ncc45)nc(N4CCOCC4)c3s2)CC1,5.0,5.096477351984441,5.070619005651101
17755052::CLK1::17498,CLK1,17755052,CS(=O)(=O)N1CCN(Cc2cc3nc(-c4cccc5[nH]ncc45)nc(N4CCOCC4)c3s2)CC1,5.958607314841775,5.096477351984441,5.169678836526188
17755052::CLK2::17499,CLK2,17755052,CS(=O)(=O)N1CCN(Cc2cc3nc(-c4cccc5[nH]ncc45)nc(N4CCOCC4)c3s2)CC1,6.221848749616356,5.096477351984441,5.418136727371763
17755052::CSNK1A1L::17505,CSNK1A1L,17755052,CS(=O)(=O)N1CCN(Cc2cc3nc(-c4cccc5[nH]ncc45)nc(N4CCOCC4)c3s2)CC1,5.0,5.096477351984441,5.079602932082671
17755052::CSNK1G1::17508,CSNK1G1,17755052,CS(=O)(=O)N1CCN(Cc2cc3nc(-c4cccc5[nH]ncc45)nc(N4CCOCC4)c3s2)CC1,5.0,5.096477351984441,5.048997265398467
17755052::CSNK1G3::17510,CSNK1G3,17755052,CS(=O)(=O)N1CCN(Cc2cc3nc(-c4cccc5[nH]ncc45)nc(N4CCOCC4)c3s2)CC1,5.0,5.096477351984441,4.958597808281721
17755052::DCAMKL1::17517,DCAMKL1,17755052,CS(=O)(=O)N1CCN(Cc2cc3nc(-c4cccc5[nH]ncc45)nc(N4CCOCC4)c3s2)CC1,5.0,5.096477351984441,5.047956034487595
17755052::DCAMKL2::17518,DCAMKL2,17755052,CS(=O)(=O)N1CCN(Cc2cc3nc(-c4cccc5[nH]ncc45)nc(N4CCOCC4)c3s2)CC1,5.0,5.096477351984441,5.0171633388907155
17755052::DMPK::17523,DMPK,17755052,CS(=O)(=O)N1CCN(Cc2cc3nc(-c4cccc5[nH]ncc45)nc(N4CCOCC4)c3s2)CC1,5.0,5.096477351984441,5.0067421451246386
17755052::DYRK1A::17527,DYRK1A,17755052,CS(=O)(=O)N1CCN(Cc2cc3nc(-c4cccc5[nH]ncc45)nc(N4CCOCC4)c3s2)CC1,5.0,5.096477351984441,5.151947273737306
17755052::EPHA6::17537,EPHA6,17755052,CS(=O)(=O)N1CCN(Cc2cc3nc(-c4cccc5[nH]ncc45)nc(N4CCOCC4)c3s2)CC1,5.0,5.096477351984441,5.019980200398651
17755052::ERBB2::17545,ERBB2,17755052,CS(=O)(=O)N1CCN(Cc2cc3nc(-c4cccc5[nH]ncc45)nc(N4CCOCC4)c3s2)CC1,5.0,5.096477351984441,5.109426741680536
17755052::FGFR3(G697C)::17560,FGFR3(G697C),17755052,CS(=O)(=O)N1CCN(Cc2cc3nc(-c4cccc5[nH]ncc45)nc(N4CCOCC4)c3s2)CC1,5.0,5.096477351984441,5.135178014838375
17755052::FLT1::17563,FLT1,17755052,CS(=O)(=O)N1CCN(Cc2cc3nc(-c4cccc5[nH]ncc45)nc(N4CCOCC4)c3s2)CC1,5.0,5.096477351984441,5.366270674983105
17755052::FLT4::17565,FLT4,17755052,CS(=O)(=O)N1CCN(Cc2cc3nc(-c4cccc5[nH]ncc45)nc(N4CCOCC4)c3s2)CC1,5.0,5.096477351984441,5.1443576511730456
17755052::FYN::17567,FYN,17755052,CS(=O)(=O)N1CCN(Cc2cc3nc(-c4cccc5[nH]ncc45)nc(N4CCOCC4)c3s2)CC1,5.0,5.096477351984441,5.036738729694925
17755052::GAK::17568,GAK,17755052,CS(=O)(=O)N1CCN(Cc2cc3nc(-c4cccc5[nH]ncc45)nc(N4CCOCC4)c3s2)CC1,5.568636235841012,5.096477351984441,5.146120679502239
17755052::HIPK3::17578,HIPK3,17755052,CS(=O)(=O)N1CCN(Cc2cc3nc(-c4cccc5[nH]ncc45)nc(N4CCOCC4)c3s2)CC1,6.221848749616356,5.096477351984441,5.08373290258251
17755052::HUNK::17581,HUNK,17755052,CS(=O)(=O)N1CCN(Cc2cc3nc(-c4cccc5[nH]ncc45)nc(N4CCOCC4)c3s2)CC1,5.0,5.096477351984441,5.180917841831243
17755052::ICK::17582,ICK,17755052,CS(=O)(=O)N1CCN(Cc2cc3nc(-c4cccc5[nH]ncc45)nc(N4CCOCC4)c3s2)CC1,5.031517051446064,5.096477351984441,4.966361207841879
17755052::IKK-alpha::17584,IKK-alpha,17755052,CS(=O)(=O)N1CCN(Cc2cc3nc(-c4cccc5[nH]ncc45)nc(N4CCOCC4)c3s2)CC1,5.0,5.096477351984441,4.995278604713381
17755052::IKK-epsilon::17586,IKK-epsilon,17755052,CS(=O)(=O)N1CCN(Cc2cc3nc(-c4cccc5[nH]ncc45)nc(N4CCOCC4)c3s2)CC1,5.0,5.096477351984441,4.995995346229474
17755052::JAK3(JH1domain-catalytic)::17595,JAK3(JH1domain-catalytic),17755052,CS(=O)(=O)N1CCN(Cc2cc3nc(-c4cccc5[nH]ncc45)nc(N4CCOCC4)c3s2)CC1,5.0,5.096477351984441,5.067959960136737
17755052::JNK1::17596,JNK1,17755052,CS(=O)(=O)N1CCN(Cc2cc3nc(-c4cccc5[nH]ncc45)nc(N4CCOCC4)c3s2)CC1,5.823908740944319,5.096477351984441,5.089579792959621
17755052::JNK2::17597,JNK2,17755052,CS(=O)(=O)N1CCN(Cc2cc3nc(-c4cccc5[nH]ncc45)nc(N4CCOCC4)c3s2)CC1,5.7447274948966935,5.096477351984441,5.155350425389685
17755052::LOK::17606,LOK,17755052,CS(=O)(=O)N1CCN(Cc2cc3nc(-c4cccc5[nH]ncc45)nc(N4CCOCC4)c3s2)CC1,5.0,5.096477351984441,5.227488897263677
17755052::MAK::17611,MAK,17755052,CS(=O)(=O)N1CCN(Cc2cc3nc(-c4cccc5[nH]ncc45)nc(N4CCOCC4)c3s2)CC1,5.0,5.096477351984441,5.267947560290655
17755052::MAP3K15::17613,MAP3K15,17755052,CS(=O)(=O)N1CCN(Cc2cc3nc(-c4cccc5[nH]ncc45)nc(N4CCOCC4)c3s2)CC1,5.0,5.096477351984441,5.003413518352524
17755052::MAP4K2::17617,MAP4K2,17755052,CS(=O)(=O)N1CCN(Cc2cc3nc(-c4cccc5[nH]ncc45)nc(N4CCOCC4)c3s2)CC1,5.0,5.096477351984441,4.9971114350651025
17755052::MAP4K3::17618,MAP4K3,17755052,CS(=O)(=O)N1CCN(Cc2cc3nc(-c4cccc5[nH]ncc45)nc(N4CCOCC4)c3s2)CC1,5.0,5.096477351984441,5.141407210278899
17755052::MEK1::17628,MEK1,17755052,CS(=O)(=O)N1CCN(Cc2cc3nc(-c4cccc5[nH]ncc45)nc(N4CCOCC4)c3s2)CC1,5.0,5.096477351984441,5.1382965388308515
17755052::MELK::17634,MELK,17755052,CS(=O)(=O)N1CCN(Cc2cc3nc(-c4cccc5[nH]ncc45)nc(N4CCOCC4)c3s2)CC1,5.2441251443275085,5.096477351984441,5.099861364726354
17755052::MLK1::17642,MLK1,17755052,CS(=O)(=O)N1CCN(Cc2cc3nc(-c4cccc5[nH]ncc45)nc(N4CCOCC4)c3s2)CC1,5.0,5.096477351984441,5.161159904306214
17755052::MLK2::17643,MLK2,17755052,CS(=O)(=O)N1CCN(Cc2cc3nc(-c4cccc5[nH]ncc45)nc(N4CCOCC4)c3s2)CC1,5.0,5.096477351984441,5.037221335459986
17755052::MLK3::17644,MLK3,17755052,CS(=O)(=O)N1CCN(Cc2cc3nc(-c4cccc5[nH]ncc45)nc(N4CCOCC4)c3s2)CC1,5.0,5.096477351984441,5.104150351931704
17755052::MST1::17647,MST1,17755052,CS(=O)(=O)N1CCN(Cc2cc3nc(-c4cccc5[nH]ncc45)nc(N4CCOCC4)c3s2)CC1,5.0,5.096477351984441,5.056733844108232
17755052::MST1R::17648,MST1R,17755052,CS(=O)(=O)N1CCN(Cc2cc3nc(-c4cccc5[nH]ncc45)nc(N4CCOCC4)c3s2)CC1,5.0,5.096477351984441,5.126953863907423
17755052::MST2::17649,MST2,17755052,CS(=O)(=O)N1CCN(Cc2cc3nc(-c4cccc5[nH]ncc45)nc(N4CCOCC4)c3s2)CC1,5.0,5.096477351984441,5.082389002472486
17755052::MST3::17650,MST3,17755052,CS(=O)(=O)N1CCN(Cc2cc3nc(-c4cccc5[nH]ncc45)nc(N4CCOCC4)c3s2)CC1,5.0,5.096477351984441,5.092208792971882
17755052::MYLK::17654,MYLK,17755052,CS(=O)(=O)N1CCN(Cc2cc3nc(-c4cccc5[nH]ncc45)nc(N4CCOCC4)c3s2)CC1,5.0,5.096477351984441,5.058872930716141
17755052::MYLK2::17655,MYLK2,17755052,CS(=O)(=O)N1CCN(Cc2cc3nc(-c4cccc5[nH]ncc45)nc(N4CCOCC4)c3s2)CC1,5.0,5.096477351984441,5.048983165808884
17755052::NEK1::17661,NEK1,17755052,CS(=O)(=O)N1CCN(Cc2cc3nc(-c4cccc5[nH]ncc45)nc(N4CCOCC4)c3s2)CC1,5.0,5.096477351984441,5.018981682358326
17755052::p38-alpha::17673,p38-alpha,17755052,CS(=O)(=O)N1CCN(Cc2cc3nc(-c4cccc5[nH]ncc45)nc(N4CCOCC4)c3s2)CC1,5.0,5.096477351984441,5.0061786589844965
17755052::PAK4::17680,PAK4,17755052,CS(=O)(=O)N1CCN(Cc2cc3nc(-c4cccc5[nH]ncc45)nc(N4CCOCC4)c3s2)CC1,5.0,5.096477351984441,5.137061040990869
17755052::PFPK5(Pfalciparum)::17690,PFPK5(Pfalciparum),17755052,CS(=O)(=O)N1CCN(Cc2cc3nc(-c4cccc5[nH]ncc45)nc(N4CCOCC4)c3s2)CC1,5.0,5.096477351984441,5.009549567353615
17755052::PIK3CA(Q546K)::17697,PIK3CA(Q546K),17755052,CS(=O)(=O)N1CCN(Cc2cc3nc(-c4cccc5[nH]ncc45)nc(N4CCOCC4)c3s2)CC1,9.065501548756432,5.096477351984441,4.995082755082401
17755052::PIK3CD::17699,PIK3CD,17755052,CS(=O)(=O)N1CCN(Cc2cc3nc(-c4cccc5[nH]ncc45)nc(N4CCOCC4)c3s2)CC1,8.301029995663981,5.096477351984441,5.133579432511582
17755052::PIM3::17704,PIM3,17755052,CS(=O)(=O)N1CCN(Cc2cc3nc(-c4cccc5[nH]ncc45)nc(N4CCOCC4)c3s2)CC1,5.0,5.096477351984441,5.042621805386597
17755052::PRKCE::17720,PRKCE,17755052,CS(=O)(=O)N1CCN(Cc2cc3nc(-c4cccc5[nH]ncc45)nc(N4CCOCC4)c3s2)CC1,5.0,5.096477351984441,5.106467861657405
17755052::PYK2::17732,PYK2,17755052,CS(=O)(=O)N1CCN(Cc2cc3nc(-c4cccc5[nH]ncc45)nc(N4CCOCC4)c3s2)CC1,5.0,5.096477351984441,5.202090018400942
17755052::RIPK5::17742,RIPK5,17755052,CS(=O)(=O)N1CCN(Cc2cc3nc(-c4cccc5[nH]ncc45)nc(N4CCOCC4)c3s2)CC1,5.0,5.096477351984441,4.994840698039371
17755052::RSK2(KinDom.1-N-terminal)::17749,RSK2(KinDom.1-N-terminal),17755052,CS(=O)(=O)N1CCN(Cc2cc3nc(-c4cccc5[nH]ncc45)nc(N4CCOCC4)c3s2)CC1,5.522878745280337,5.096477351984441,5.117700621942971
17755052::SNARK::17759,SNARK,17755052,CS(=O)(=O)N1CCN(Cc2cc3nc(-c4cccc5[nH]ncc45)nc(N4CCOCC4)c3s2)CC1,5.0,5.096477351984441,5.025093785892941
17755052::TBK1::17776,TBK1,17755052,CS(=O)(=O)N1CCN(Cc2cc3nc(-c4cccc5[nH]ncc45)nc(N4CCOCC4)c3s2)CC1,5.0,5.096477351984441,5.082671020229665
17755052::TNK1::17786,TNK1,17755052,CS(=O)(=O)N1CCN(Cc2cc3nc(-c4cccc5[nH]ncc45)nc(N4CCOCC4)c3s2)CC1,5.0,5.096477351984441,5.10930334302586
17755052::TRKC::17791,TRKC,17755052,CS(=O)(=O)N1CCN(Cc2cc3nc(-c4cccc5[nH]ncc45)nc(N4CCOCC4)c3s2)CC1,5.0,5.096477351984441,5.353885433000384
17755052::TRPM6::17792,TRPM6,17755052,CS(=O)(=O)N1CCN(Cc2cc3nc(-c4cccc5[nH]ncc45)nc(N4CCOCC4)c3s2)CC1,5.0,5.096477351984441,5.106742030658847
17755052::TSSK1B::17793,TSSK1B,17755052,CS(=O)(=O)N1CCN(Cc2cc3nc(-c4cccc5[nH]ncc45)nc(N4CCOCC4)c3s2)CC1,5.0,5.096477351984441,4.98895934829631
17755052::ULK1::17798,ULK1,17755052,CS(=O)(=O)N1CCN(Cc2cc3nc(-c4cccc5[nH]ncc45)nc(N4CCOCC4)c3s2)CC1,5.0,5.096477351984441,5.17755745183328
11984591::ACVR2A::17818,ACVR2A,11984591,COc1cc(Nc2ncc(F)c(Nc3ccc4c(n3)NC(=O)C(C)(C)O4)n2)cc(OC)c1OC.O=S(=O)(O)c1ccccc1,5.0,6.157640613117903,6.485639223989727
11984591::AKT1::17823,AKT1,11984591,COc1cc(Nc2ncc(F)c(Nc3ccc4c(n3)NC(=O)C(C)(C)O4)n2)cc(OC)c1OC.O=S(=O)(O)c1ccccc1,5.0,6.157640613117903,6.017424240578264
11984591::AMPK-alpha1::17827,AMPK-alpha1,11984591,COc1cc(Nc2ncc(F)c(Nc3ccc4c(n3)NC(=O)C(C)(C)O4)n2)cc(OC)c1OC.O=S(=O)(O)c1ccccc1,6.522878745280337,6.157640613117903,6.68482642049876
11984591::ARK5::17830,ARK5,11984591,COc1cc(Nc2ncc(F)c(Nc3ccc4c(n3)NC(=O)C(C)(C)O4)n2)cc(OC)c1OC.O=S(=O)(O)c1ccccc1,7.1249387366083,6.157640613117903,6.032665137189693
11984591::AXL::17836,AXL,11984591,COc1cc(Nc2ncc(F)c(Nc3ccc4c(n3)NC(=O)C(C)(C)O4)n2)cc(OC)c1OC.O=S(=O)(O)c1ccccc1,7.086186147616283,6.157640613117903,6.452168023954354
11984591::BIKE::17837,BIKE,11984591,COc1cc(Nc2ncc(F)c(Nc3ccc4c(n3)NC(=O)C(C)(C)O4)n2)cc(OC)c1OC.O=S(=O)(O)c1ccccc1,5.721246399047171,6.157640613117903,6.005430188419504
11984591::BLK::17838,BLK,11984591,COc1cc(Nc2ncc(F)c(Nc3ccc4c(n3)NC(=O)C(C)(C)O4)n2)cc(OC)c1OC.O=S(=O)(O)c1ccccc1,7.602059991327962,6.157640613117903,6.027605292481364
11984591::BMPR1A::17839,BMPR1A,11984591,COc1cc(Nc2ncc(F)c(Nc3ccc4c(n3)NC(=O)C(C)(C)O4)n2)cc(OC)c1OC.O=S(=O)(O)c1ccccc1,5.0,6.157640613117903,6.0429786084228985
11984591::BRAF(V600E)::17843,BRAF(V600E),11984591,COc1cc(Nc2ncc(F)c(Nc3ccc4c(n3)NC(=O)C(C)(C)O4)n2)cc(OC)c1OC.O=S(=O)(O)c1ccccc1,6.619788758288394,6.157640613117903,6.267859398775666
11984591::BRSK1::17845,BRSK1,11984591,COc1cc(Nc2ncc(F)c(Nc3ccc4c(n3)NC(=O)C(C)(C)O4)n2)cc(OC)c1OC.O=S(=O)(O)c1ccccc1,5.0,6.157640613117903,6.085860043424541
11984591::CAMK1::17848,CAMK1,11984591,COc1cc(Nc2ncc(F)c(Nc3ccc4c(n3)NC(=O)C(C)(C)O4)n2)cc(OC)c1OC.O=S(=O)(O)c1ccccc1,6.638272163982407,6.157640613117903,5.943149741368211
11984591::CAMK1D::17849,CAMK1D,11984591,COc1cc(Nc2ncc(F)c(Nc3ccc4c(n3)NC(=O)C(C)(C)O4)n2)cc(OC)c1OC.O=S(=O)(O)c1ccccc1,6.698970004336019,6.157640613117903,6.022285375755772
11984591::CAMK1G::17850,CAMK1G,11984591,COc1cc(Nc2ncc(F)c(Nc3ccc4c(n3)NC(=O)C(C)(C)O4)n2)cc(OC)c1OC.O=S(=O)(O)c1ccccc1,6.337242168318426,6.157640613117903,6.461938023907621
11984591::CAMK2G::17854,CAMK2G,11984591,COc1cc(Nc2ncc(F)c(Nc3ccc4c(n3)NC(=O)C(C)(C)O4)n2)cc(OC)c1OC.O=S(=O)(O)c1ccccc1,6.036212172654444,6.157640613117903,6.136868386821527
11984591::CAMK4::17855,CAMK4,11984591,COc1cc(Nc2ncc(F)c(Nc3ccc4c(n3)NC(=O)C(C)(C)O4)n2)cc(OC)c1OC.O=S(=O)(O)c1ccccc1,5.0,6.157640613117903,6.44387118341213
11984591::CAMKK1::17856,CAMKK1,11984591,COc1cc(Nc2ncc(F)c(Nc3ccc4c(n3)NC(=O)C(C)(C)O4)n2)cc(OC)c1OC.O=S(=O)(O)c1ccccc1,5.0,6.157640613117903,6.355721792895604
11984591::CDKL2::17871,CDKL2,11984591,COc1cc(Nc2ncc(F)c(Nc3ccc4c(n3)NC(=O)C(C)(C)O4)n2)cc(OC)c1OC.O=S(=O)(O)c1ccccc1,5.229147988357855,6.157640613117903,5.766380315316075
11984591::CDKL5::17873,CDKL5,11984591,COc1cc(Nc2ncc(F)c(Nc3ccc4c(n3)NC(=O)C(C)(C)O4)n2)cc(OC)c1OC.O=S(=O)(O)c1ccccc1,5.0,6.157640613117903,5.697377389312233
11984591::CLK1::17877,CLK1,11984591,COc1cc(Nc2ncc(F)c(Nc3ccc4c(n3)NC(=O)C(C)(C)O4)n2)cc(OC)c1OC.O=S(=O)(O)c1ccccc1,5.920818753952375,6.157640613117903,6.331402374575626
11984591::CLK2::17878,CLK2,11984591,COc1cc(Nc2ncc(F)c(Nc3ccc4c(n3)NC(=O)C(C)(C)O4)n2)cc(OC)c1OC.O=S(=O)(O)c1ccccc1,5.795880017344075,6.157640613117903,6.280117615653862
11984591::CSNK1A1L::17884,CSNK1A1L,11984591,COc1cc(Nc2ncc(F)c(Nc3ccc4c(n3)NC(=O)C(C)(C)O4)n2)cc(OC)c1OC.O=S(=O)(O)c1ccccc1,5.0,6.157640613117903,5.7100460317746
11984591::CSNK1G1::17887,CSNK1G1,11984591,COc1cc(Nc2ncc(F)c(Nc3ccc4c(n3)NC(=O)C(C)(C)O4)n2)cc(OC)c1OC.O=S(=O)(O)c1ccccc1,5.0,6.157640613117903,6.157374983502008
11984591::CSNK1G3::17889,CSNK1G3,11984591,COc1cc(Nc2ncc(F)c(Nc3ccc4c(n3)NC(=O)C(C)(C)O4)n2)cc(OC)c1OC.O=S(=O)(O)c1ccccc1,5.0,6.157640613117903,6.202671572718703
11984591::DCAMKL1::17896,DCAMKL1,11984591,COc1cc(Nc2ncc(F)c(Nc3ccc4c(n3)NC(=O)C(C)(C)O4)n2)cc(OC)c1OC.O=S(=O)(O)c1ccccc1,5.0,6.157640613117903,5.941300665121827
11984591::DCAMKL2::17897,DCAMKL2,11984591,COc1cc(Nc2ncc(F)c(Nc3ccc4c(n3)NC(=O)C(C)(C)O4)n2)cc(OC)c1OC.O=S(=O)(O)c1ccccc1,5.0,6.157640613117903,6.0018746078518594
11984591::DMPK::17902,DMPK,11984591,COc1cc(Nc2ncc(F)c(Nc3ccc4c(n3)NC(=O)C(C)(C)O4)n2)cc(OC)c1OC.O=S(=O)(O)c1ccccc1,5.0,6.157640613117903,6.319526326604871
11984591::DYRK1A::17906,DYRK1A,11984591,COc1cc(Nc2ncc(F)c(Nc3ccc4c(n3)NC(=O)C(C)(C)O4)n2)cc(OC)c1OC.O=S(=O)(O)c1ccccc1,6.585026652029182,6.157640613117903,6.166611219865363
11984591::EPHA6::17916,EPHA6,11984591,COc1cc(Nc2ncc(F)c(Nc3ccc4c(n3)NC(=O)C(C)(C)O4)n2)cc(OC)c1OC.O=S(=O)(O)c1ccccc1,6.920818753952375,6.157640613117903,6.122357166640718
11984591::ERBB2::17924,ERBB2,11984591,COc1cc(Nc2ncc(F)c(Nc3ccc4c(n3)NC(=O)C(C)(C)O4)n2)cc(OC)c1OC.O=S(=O)(O)c1ccccc1,5.0,6.157640613117903,6.343690232745632
11984591::FGFR3(G697C)::17939,FGFR3(G697C),11984591,COc1cc(Nc2ncc(F)c(Nc3ccc4c(n3)NC(=O)C(C)(C)O4)n2)cc(OC)c1OC.O=S(=O)(O)c1ccccc1,7.251811972993799,6.157640613117903,6.165864151212315
11984591::FLT1::17942,FLT1,11984591,COc1cc(Nc2ncc(F)c(Nc3ccc4c(n3)NC(=O)C(C)(C)O4)n2)cc(OC)c1OC.O=S(=O)(O)c1ccccc1,7.795880017344075,6.157640613117903,6.118585918512782
11984591::FLT4::17944,FLT4,11984591,COc1cc(Nc2ncc(F)c(Nc3ccc4c(n3)NC(=O)C(C)(C)O4)n2)cc(OC)c1OC.O=S(=O)(O)c1ccccc1,8.040958607678906,6.157640613117903,6.469719483638272
11984591::FYN::17946,FYN,11984591,COc1cc(Nc2ncc(F)c(Nc3ccc4c(n3)NC(=O)C(C)(C)O4)n2)cc(OC)c1OC.O=S(=O)(O)c1ccccc1,7.552841968657781,6.157640613117903,6.227149171994367
11984591::GAK::17947,GAK,11984591,COc1cc(Nc2ncc(F)c(Nc3ccc4c(n3)NC(=O)C(C)(C)O4)n2)cc(OC)c1OC.O=S(=O)(O)c1ccccc1,6.6020599913279625,6.157640613117903,6.038835075893032
11984591::HIPK3::17957,HIPK3,11984591,COc1cc(Nc2ncc(F)c(Nc3ccc4c(n3)NC(=O)C(C)(C)O4)n2)cc(OC)c1OC.O=S(=O)(O)c1ccccc1,5.494850021680094,6.157640613117903,6.0932956621249135
11984591::HUNK::17960,HUNK,11984591,COc1cc(Nc2ncc(F)c(Nc3ccc4c(n3)NC(=O)C(C)(C)O4)n2)cc(OC)c1OC.O=S(=O)(O)c1ccccc1,5.0,6.157640613117903,6.134573954781182
11984591::ICK::17961,ICK,11984591,COc1cc(Nc2ncc(F)c(Nc3ccc4c(n3)NC(=O)C(C)(C)O4)n2)cc(OC)c1OC.O=S(=O)(O)c1ccccc1,5.0,6.157640613117903,6.1272472775708655
11984591::IKK-alpha::17963,IKK-alpha,11984591,COc1cc(Nc2ncc(F)c(Nc3ccc4c(n3)NC(=O)C(C)(C)O4)n2)cc(OC)c1OC.O=S(=O)(O)c1ccccc1,6.920818753952375,6.157640613117903,5.906971220455472
11984591::IKK-epsilon::17965,IKK-epsilon,11984591,COc1cc(Nc2ncc(F)c(Nc3ccc4c(n3)NC(=O)C(C)(C)O4)n2)cc(OC)c1OC.O=S(=O)(O)c1ccccc1,7.886056647693163,6.157640613117903,5.896580175731867
11984591::JAK3(JH1domain-catalytic)::17974,JAK3(JH1domain-catalytic),11984591,COc1cc(Nc2ncc(F)c(Nc3ccc4c(n3)NC(=O)C(C)(C)O4)n2)cc(OC)c1OC.O=S(=O)(O)c1ccccc1,7.443697499232712,6.157640613117903,6.136351142117411
11984591::JNK1::17975,JNK1,11984591,COc1cc(Nc2ncc(F)c(Nc3ccc4c(n3)NC(=O)C(C)(C)O4)n2)cc(OC)c1OC.O=S(=O)(O)c1ccccc1,7.42021640338319,6.157640613117903,5.981123921484473
11984591::JNK2::17976,JNK2,11984591,COc1cc(Nc2ncc(F)c(Nc3ccc4c(n3)NC(=O)C(C)(C)O4)n2)cc(OC)c1OC.O=S(=O)(O)c1ccccc1,7.327902142064282,6.157640613117903,6.283168210264364
11984591::LOK::17985,LOK,11984591,COc1cc(Nc2ncc(F)c(Nc3ccc4c(n3)NC(=O)C(C)(C)O4)n2)cc(OC)c1OC.O=S(=O)(O)c1ccccc1,7.154901959985743,6.157640613117903,6.216908894779027
11984591::MAK::17990,MAK,11984591,COc1cc(Nc2ncc(F)c(Nc3ccc4c(n3)NC(=O)C(C)(C)O4)n2)cc(OC)c1OC.O=S(=O)(O)c1ccccc1,5.0,6.157640613117903,6.251910299997043
11984591::MAP3K15::17992,MAP3K15,11984591,COc1cc(Nc2ncc(F)c(Nc3ccc4c(n3)NC(=O)C(C)(C)O4)n2)cc(OC)c1OC.O=S(=O)(O)c1ccccc1,5.0,6.157640613117903,5.685498066039262
11984591::MAP4K2::17996,MAP4K2,11984591,COc1cc(Nc2ncc(F)c(Nc3ccc4c(n3)NC(=O)C(C)(C)O4)n2)cc(OC)c1OC.O=S(=O)(O)c1ccccc1,6.173925197299173,6.157640613117903,5.923012450621749
11984591::MAP4K3::17997,MAP4K3,11984591,COc1cc(Nc2ncc(F)c(Nc3ccc4c(n3)NC(=O)C(C)(C)O4)n2)cc(OC)c1OC.O=S(=O)(O)c1ccccc1,5.619788758288394,6.157640613117903,6.198096705475174
11984591::MEK1::18007,MEK1,11984591,COc1cc(Nc2ncc(F)c(Nc3ccc4c(n3)NC(=O)C(C)(C)O4)n2)cc(OC)c1OC.O=S(=O)(O)c1ccccc1,6.494850021680094,6.157640613117903,6.157978728728677
11984591::MELK::18013,MELK,11984591,COc1cc(Nc2ncc(F)c(Nc3ccc4c(n3)NC(=O)C(C)(C)O4)n2)cc(OC)c1OC.O=S(=O)(O)c1ccccc1,5.0,6.157640613117903,6.175522077855592
11984591::MLK1::18021,MLK1,11984591,COc1cc(Nc2ncc(F)c(Nc3ccc4c(n3)NC(=O)C(C)(C)O4)n2)cc(OC)c1OC.O=S(=O)(O)c1ccccc1,8.366531544420413,6.157640613117903,5.802261321503094
11984591::MLK2::18022,MLK2,11984591,COc1cc(Nc2ncc(F)c(Nc3ccc4c(n3)NC(=O)C(C)(C)O4)n2)cc(OC)c1OC.O=S(=O)(O)c1ccccc1,8.42021640338319,6.157640613117903,5.972893665736127
11984591::MLK3::18023,MLK3,11984591,COc1cc(Nc2ncc(F)c(Nc3ccc4c(n3)NC(=O)C(C)(C)O4)n2)cc(OC)c1OC.O=S(=O)(O)c1ccccc1,7.958607314841775,6.157640613117903,6.127377040236507
11984591::MST1::18026,MST1,11984591,COc1cc(Nc2ncc(F)c(Nc3ccc4c(n3)NC(=O)C(C)(C)O4)n2)cc(OC)c1OC.O=S(=O)(O)c1ccccc1,5.0,6.157640613117903,6.2426756102258425
11984591::MST1R::18027,MST1R,11984591,COc1cc(Nc2ncc(F)c(Nc3ccc4c(n3)NC(=O)C(C)(C)O4)n2)cc(OC)c1OC.O=S(=O)(O)c1ccccc1,6.327902142064282,6.157640613117903,6.048780160942334
11984591::MST2::18028,MST2,11984591,COc1cc(Nc2ncc(F)c(Nc3ccc4c(n3)NC(=O)C(C)(C)O4)n2)cc(OC)c1OC.O=S(=O)(O)c1ccccc1,5.522878745280337,6.157640613117903,6.01121219537966
11984591::MST3::18029,MST3,11984591,COc1cc(Nc2ncc(F)c(Nc3ccc4c(n3)NC(=O)C(C)(C)O4)n2)cc(OC)c1OC.O=S(=O)(O)c1ccccc1,5.0,6.157640613117903,5.823906455503364
11984591::MYLK::18033,MYLK,11984591,COc1cc(Nc2ncc(F)c(Nc3ccc4c(n3)NC(=O)C(C)(C)O4)n2)cc(OC)c1OC.O=S(=O)(O)c1ccccc1,5.187086643357144,6.157640613117903,6.529372818284605
11984591::MYLK2::18034,MYLK2,11984591,COc1cc(Nc2ncc(F)c(Nc3ccc4c(n3)NC(=O)C(C)(C)O4)n2)cc(OC)c1OC.O=S(=O)(O)c1ccccc1,5.0,6.157640613117903,6.022017173717593
11984591::NEK1::18040,NEK1,11984591,COc1cc(Nc2ncc(F)c(Nc3ccc4c(n3)NC(=O)C(C)(C)O4)n2)cc(OC)c1OC.O=S(=O)(O)c1ccccc1,6.769551078621726,6.157640613117903,6.105386553560745
11984591::p38-alpha::18052,p38-alpha,11984591,COc1cc(Nc2ncc(F)c(Nc3ccc4c(n3)NC(=O)C(C)(C)O4)n2)cc(OC)c1OC.O=S(=O)(O)c1ccccc1,5.0,6.157640613117903,5.962858016725337
11984591::PAK4::18059,PAK4,11984591,COc1cc(Nc2ncc(F)c(Nc3ccc4c(n3)NC(=O)C(C)(C)O4)n2)cc(OC)c1OC.O=S(=O)(O)c1ccccc1,7.017728766960431,6.157640613117903,6.477736969270751
11984591::PFPK5(Pfalciparum)::18069,PFPK5(Pfalciparum),11984591,COc1cc(Nc2ncc(F)c(Nc3ccc4c(n3)NC(=O)C(C)(C)O4)n2)cc(OC)c1OC.O=S(=O)(O)c1ccccc1,5.0,6.157640613117903,5.76383996606256
11984591::PIK3CA(Q546K)::18076,PIK3CA(Q546K),11984591,COc1cc(Nc2ncc(F)c(Nc3ccc4c(n3)NC(=O)C(C)(C)O4)n2)cc(OC)c1OC.O=S(=O)(O)c1ccccc1,5.0,6.157640613117903,6.060009349271353
11984591::PIK3CD::18078,PIK3CD,11984591,COc1cc(Nc2ncc(F)c(Nc3ccc4c(n3)NC(=O)C(C)(C)O4)n2)cc(OC)c1OC.O=S(=O)(O)c1ccccc1,5.376750709602099,6.157640613117903,6.514276639037408
11984591::PIM3::18083,PIM3,11984591,COc1cc(Nc2ncc(F)c(Nc3ccc4c(n3)NC(=O)C(C)(C)O4)n2)cc(OC)c1OC.O=S(=O)(O)c1ccccc1,5.0,6.157640613117903,6.166798962019184
11984591::PRKCE::18099,PRKCE,11984591,COc1cc(Nc2ncc(F)c(Nc3ccc4c(n3)NC(=O)C(C)(C)O4)n2)cc(OC)c1OC.O=S(=O)(O)c1ccccc1,5.0,6.157640613117903,6.291935891721032
11984591::PYK2::18111,PYK2,11984591,COc1cc(Nc2ncc(F)c(Nc3ccc4c(n3)NC(=O)C(C)(C)O4)n2)cc(OC)c1OC.O=S(=O)(O)c1ccccc1,7.537602002101044,6.157640613117903,6.257913413416698
11984591::RIPK5::18121,RIPK5,11984591,COc1cc(Nc2ncc(F)c(Nc3ccc4c(n3)NC(=O)C(C)(C)O4)n2)cc(OC)c1OC.O=S(=O)(O)c1ccccc1,5.0,6.157640613117903,6.013977096434567
11984591::RSK2(KinDom.1-N-terminal)::18128,RSK2(KinDom.1-N-terminal),11984591,COc1cc(Nc2ncc(F)c(Nc3ccc4c(n3)NC(=O)C(C)(C)O4)n2)cc(OC)c1OC.O=S(=O)(O)c1ccccc1,5.096910013008056,6.157640613117903,6.098503933617728
11984591::SNARK::18138,SNARK,11984591,COc1cc(Nc2ncc(F)c(Nc3ccc4c(n3)NC(=O)C(C)(C)O4)n2)cc(OC)c1OC.O=S(=O)(O)c1ccccc1,7.187086643357144,6.157640613117903,6.405584717622127
11984591::TBK1::18155,TBK1,11984591,COc1cc(Nc2ncc(F)c(Nc3ccc4c(n3)NC(=O)C(C)(C)O4)n2)cc(OC)c1OC.O=S(=O)(O)c1ccccc1,7.638272163982407,6.157640613117903,6.180694385454203
11984591::TNK1::18165,TNK1,11984591,COc1cc(Nc2ncc(F)c(Nc3ccc4c(n3)NC(=O)C(C)(C)O4)n2)cc(OC)c1OC.O=S(=O)(O)c1ccccc1,7.602059991327962,6.157640613117903,6.142011735334978
11984591::TRKC::18170,TRKC,11984591,COc1cc(Nc2ncc(F)c(Nc3ccc4c(n3)NC(=O)C(C)(C)O4)n2)cc(OC)c1OC.O=S(=O)(O)c1ccccc1,6.2441251443275085,6.157640613117903,6.434875728317735
11984591::TRPM6::18171,TRPM6,11984591,COc1cc(Nc2ncc(F)c(Nc3ccc4c(n3)NC(=O)C(C)(C)O4)n2)cc(OC)c1OC.O=S(=O)(O)c1ccccc1,5.0,6.157640613117903,6.175290550509485
11984591::TSSK1B::18172,TSSK1B,11984591,COc1cc(Nc2ncc(F)c(Nc3ccc4c(n3)NC(=O)C(C)(C)O4)n2)cc(OC)c1OC.O=S(=O)(O)c1ccccc1,6.0,6.157640613117903,6.139717067132869
11984591::ULK1::18177,ULK1,11984591,COc1cc(Nc2ncc(F)c(Nc3ccc4c(n3)NC(=O)C(C)(C)O4)n2)cc(OC)c1OC.O=S(=O)(O)c1ccccc1,7.853871964321762,6.157640613117903,6.520095181431935
153999::ACVR2A::18197,ACVR2A,153999,CN(C)CC1CCn2cc(c3ccccc32)C2=C(C(=O)NC2=O)c2cn(c3ccccc23)CCO1,5.0,5.271883208659291,5.403481920349734
153999::AKT1::18202,AKT1,153999,CN(C)CC1CCn2cc(c3ccccc32)C2=C(C(=O)NC2=O)c2cn(c3ccccc23)CCO1,5.0,5.271883208659291,5.583657882129732
153999::AMPK-alpha1::18206,AMPK-alpha1,153999,CN(C)CC1CCn2cc(c3ccccc32)C2=C(C(=O)NC2=O)c2cn(c3ccccc23)CCO1,5.0,5.271883208659291,5.274870036939424
153999::ARK5::18209,ARK5,153999,CN(C)CC1CCn2cc(c3ccccc32)C2=C(C(=O)NC2=O)c2cn(c3ccccc23)CCO1,5.7447274948966935,5.271883208659291,5.225943333024072
153999::AXL::18215,AXL,153999,CN(C)CC1CCn2cc(c3ccccc32)C2=C(C(=O)NC2=O)c2cn(c3ccccc23)CCO1,5.0,5.271883208659291,5.238012825920303
153999::BIKE::18216,BIKE,153999,CN(C)CC1CCn2cc(c3ccccc32)C2=C(C(=O)NC2=O)c2cn(c3ccccc23)CCO1,6.366531544420413,5.271883208659291,5.558366496010645
153999::BLK::18217,BLK,153999,CN(C)CC1CCn2cc(c3ccccc32)C2=C(C(=O)NC2=O)c2cn(c3ccccc23)CCO1,5.0,5.271883208659291,5.319716542306627
153999::BMPR1A::18218,BMPR1A,153999,CN(C)CC1CCn2cc(c3ccccc32)C2=C(C(=O)NC2=O)c2cn(c3ccccc23)CCO1,5.0,5.271883208659291,5.1081834054623165
153999::BRAF(V600E)::18222,BRAF(V600E),153999,CN(C)CC1CCn2cc(c3ccccc32)C2=C(C(=O)NC2=O)c2cn(c3ccccc23)CCO1,5.0,5.271883208659291,5.263629666040702
153999::BRSK1::18224,BRSK1,153999,CN(C)CC1CCn2cc(c3ccccc32)C2=C(C(=O)NC2=O)c2cn(c3ccccc23)CCO1,5.0,5.271883208659291,5.25045229192297
153999::CAMK1::18227,CAMK1,153999,CN(C)CC1CCn2cc(c3ccccc32)C2=C(C(=O)NC2=O)c2cn(c3ccccc23)CCO1,5.0,5.271883208659291,5.2002240710497185
153999::CAMK1D::18228,CAMK1D,153999,CN(C)CC1CCn2cc(c3ccccc32)C2=C(C(=O)NC2=O)c2cn(c3ccccc23)CCO1,5.346787486224656,5.271883208659291,5.1283163954454
153999::CAMK1G::18229,CAMK1G,153999,CN(C)CC1CCn2cc(c3ccccc32)C2=C(C(=O)NC2=O)c2cn(c3ccccc23)CCO1,5.0,5.271883208659291,5.093252329864906
153999::CAMK2G::18233,CAMK2G,153999,CN(C)CC1CCn2cc(c3ccccc32)C2=C(C(=O)NC2=O)c2cn(c3ccccc23)CCO1,5.107905397309519,5.271883208659291,5.3079348599252265
153999::CAMK4::18234,CAMK4,153999,CN(C)CC1CCn2cc(c3ccccc32)C2=C(C(=O)NC2=O)c2cn(c3ccccc23)CCO1,5.0,5.271883208659291,5.420351354635413
153999::CAMKK1::18235,CAMKK1,153999,CN(C)CC1CCn2cc(c3ccccc32)C2=C(C(=O)NC2=O)c2cn(c3ccccc23)CCO1,5.301029995663981,5.271883208659291,5.300605253248091
153999::CDKL2::18250,CDKL2,153999,CN(C)CC1CCn2cc(c3ccccc32)C2=C(C(=O)NC2=O)c2cn(c3ccccc23)CCO1,5.0,5.271883208659291,5.111472159955545
153999::CDKL5::18252,CDKL5,153999,CN(C)CC1CCn2cc(c3ccccc32)C2=C(C(=O)NC2=O)c2cn(c3ccccc23)CCO1,5.3872161432802645,5.271883208659291,5.063092434003274
153999::CLK1::18256,CLK1,153999,CN(C)CC1CCn2cc(c3ccccc32)C2=C(C(=O)NC2=O)c2cn(c3ccccc23)CCO1,6.040958607678906,5.271883208659291,5.290634578304212
153999::CLK2::18257,CLK2,153999,CN(C)CC1CCn2cc(c3ccccc32)C2=C(C(=O)NC2=O)c2cn(c3ccccc23)CCO1,6.376750709602099,5.271883208659291,5.45721572303364
153999::CSNK1A1L::18263,CSNK1A1L,153999,CN(C)CC1CCn2cc(c3ccccc32)C2=C(C(=O)NC2=O)c2cn(c3ccccc23)CCO1,5.0,5.271883208659291,5.14102323414207
153999::CSNK1G1::18266,CSNK1G1,153999,CN(C)CC1CCn2cc(c3ccccc32)C2=C(C(=O)NC2=O)c2cn(c3ccccc23)CCO1,5.0,5.271883208659291,5.06330547181231
153999::CSNK1G3::18268,CSNK1G3,153999,CN(C)CC1CCn2cc(c3ccccc32)C2=C(C(=O)NC2=O)c2cn(c3ccccc23)CCO1,5.0,5.271883208659291,5.192328445346385
153999::DCAMKL1::18275,DCAMKL1,153999,CN(C)CC1CCn2cc(c3ccccc32)C2=C(C(=O)NC2=O)c2cn(c3ccccc23)CCO1,5.0,5.271883208659291,5.173280441105703
153999::DCAMKL2::18276,DCAMKL2,153999,CN(C)CC1CCn2cc(c3ccccc32)C2=C(C(=O)NC2=O)c2cn(c3ccccc23)CCO1,5.0,5.271883208659291,5.183710258734435
153999::DMPK::18281,DMPK,153999,CN(C)CC1CCn2cc(c3ccccc32)C2=C(C(=O)NC2=O)c2cn(c3ccccc23)CCO1,6.552841968657781,5.271883208659291,5.155036482949234
153999::DYRK1A::18285,DYRK1A,153999,CN(C)CC1CCn2cc(c3ccccc32)C2=C(C(=O)NC2=O)c2cn(c3ccccc23)CCO1,6.6020599913279625,5.271883208659291,5.392916335348499
153999::EPHA6::18295,EPHA6,153999,CN(C)CC1CCn2cc(c3ccccc32)C2=C(C(=O)NC2=O)c2cn(c3ccccc23)CCO1,5.0,5.271883208659291,5.110798499962011
153999::ERBB2::18303,ERBB2,153999,CN(C)CC1CCn2cc(c3ccccc32)C2=C(C(=O)NC2=O)c2cn(c3ccccc23)CCO1,5.0,5.271883208659291,5.182628517370517
153999::FGFR3(G697C)::18318,FGFR3(G697C),153999,CN(C)CC1CCn2cc(c3ccccc32)C2=C(C(=O)NC2=O)c2cn(c3ccccc23)CCO1,5.0,5.271883208659291,5.102371129082961
153999::FLT1::18321,FLT1,153999,CN(C)CC1CCn2cc(c3ccccc32)C2=C(C(=O)NC2=O)c2cn(c3ccccc23)CCO1,5.0,5.271883208659291,5.502023810206551
153999::FLT4::18323,FLT4,153999,CN(C)CC1CCn2cc(c3ccccc32)C2=C(C(=O)NC2=O)c2cn(c3ccccc23)CCO1,5.0,5.271883208659291,5.237306287374647
153999::FYN::18325,FYN,153999,CN(C)CC1CCn2cc(c3ccccc32)C2=C(C(=O)NC2=O)c2cn(c3ccccc23)CCO1,5.0,5.271883208659291,5.20501088880697
153999::GAK::18326,GAK,153999,CN(C)CC1CCn2cc(c3ccccc32)C2=C(C(=O)NC2=O)c2cn(c3ccccc23)CCO1,5.958607314841775,5.271883208659291,5.264733623480814
153999::HIPK3::18336,HIPK3,153999,CN(C)CC1CCn2cc(c3ccccc32)C2=C(C(=O)NC2=O)c2cn(c3ccccc23)CCO1,7.113509274827518,5.271883208659291,5.298350811291261
153999::HUNK::18339,HUNK,153999,CN(C)CC1CCn2cc(c3ccccc32)C2=C(C(=O)NC2=O)c2cn(c3ccccc23)CCO1,5.0,5.271883208659291,5.245299114475088
153999::ICK::18340,ICK,153999,CN(C)CC1CCn2cc(c3ccccc32)C2=C(C(=O)NC2=O)c2cn(c3ccccc23)CCO1,6.619788758288394,5.271883208659291,5.168820991664828
153999::IKK-alpha::18342,IKK-alpha,153999,CN(C)CC1CCn2cc(c3ccccc32)C2=C(C(=O)NC2=O)c2cn(c3ccccc23)CCO1,5.0,5.271883208659291,5.1323560044645635
153999::IKK-epsilon::18344,IKK-epsilon,153999,CN(C)CC1CCn2cc(c3ccccc32)C2=C(C(=O)NC2=O)c2cn(c3ccccc23)CCO1,5.0,5.271883208659291,5.054919296919682
153999::JAK3(JH1domain-catalytic)::18353,JAK3(JH1domain-catalytic),153999,CN(C)CC1CCn2cc(c3ccccc32)C2=C(C(=O)NC2=O)c2cn(c3ccccc23)CCO1,5.920818753952375,5.271883208659291,5.180239319896592
153999::JNK1::18354,JNK1,153999,CN(C)CC1CCn2cc(c3ccccc32)C2=C(C(=O)NC2=O)c2cn(c3ccccc23)CCO1,5.0,5.271883208659291,5.2640479245555545
153999::JNK2::18355,JNK2,153999,CN(C)CC1CCn2cc(c3ccccc32)C2=C(C(=O)NC2=O)c2cn(c3ccccc23)CCO1,5.0,5.271883208659291,5.248247098687133
153999::LOK::18364,LOK,153999,CN(C)CC1CCn2cc(c3ccccc32)C2=C(C(=O)NC2=O)c2cn(c3ccccc23)CCO1,6.552841968657781,5.271883208659291,5.345028563157983
153999::MAK::18369,MAK,153999,CN(C)CC1CCn2cc(c3ccccc32)C2=C(C(=O)NC2=O)c2cn(c3ccccc23)CCO1,5.0,5.271883208659291,5.5000091689896875
153999::MAP3K15::18371,MAP3K15,153999,CN(C)CC1CCn2cc(c3ccccc32)C2=C(C(=O)NC2=O)c2cn(c3ccccc23)CCO1,5.0,5.271883208659291,5.199493630900156
153999::MAP4K2::18375,MAP4K2,153999,CN(C)CC1CCn2cc(c3ccccc32)C2=C(C(=O)NC2=O)c2cn(c3ccccc23)CCO1,6.537602002101044,5.271883208659291,5.244132193304342
153999::MAP4K3::18376,MAP4K3,153999,CN(C)CC1CCn2cc(c3ccccc32)C2=C(C(=O)NC2=O)c2cn(c3ccccc23)CCO1,5.075720713938118,5.271883208659291,5.38743906560211
153999::MEK1::18386,MEK1,153999,CN(C)CC1CCn2cc(c3ccccc32)C2=C(C(=O)NC2=O)c2cn(c3ccccc23)CCO1,5.0,5.271883208659291,5.354122253549818
153999::MELK::18392,MELK,153999,CN(C)CC1CCn2cc(c3ccccc32)C2=C(C(=O)NC2=O)c2cn(c3ccccc23)CCO1,5.0,5.271883208659291,5.351769329451446
153999::MLK1::18400,MLK1,153999,CN(C)CC1CCn2cc(c3ccccc32)C2=C(C(=O)NC2=O)c2cn(c3ccccc23)CCO1,5.853871964321762,5.271883208659291,5.226991733544889
153999::MLK2::18401,MLK2,153999,CN(C)CC1CCn2cc(c3ccccc32)C2=C(C(=O)NC2=O)c2cn(c3ccccc23)CCO1,5.0,5.271883208659291,5.196218497064802
153999::MLK3::18402,MLK3,153999,CN(C)CC1CCn2cc(c3ccccc32)C2=C(C(=O)NC2=O)c2cn(c3ccccc23)CCO1,5.0,5.271883208659291,5.317204334448526
153999::MST1::18405,MST1,153999,CN(C)CC1CCn2cc(c3ccccc32)C2=C(C(=O)NC2=O)c2cn(c3ccccc23)CCO1,5.0,5.271883208659291,5.350896610129452
153999::MST1R::18406,MST1R,153999,CN(C)CC1CCn2cc(c3ccccc32)C2=C(C(=O)NC2=O)c2cn(c3ccccc23)CCO1,5.0,5.271883208659291,5.290429173245892
153999::MST2::18407,MST2,153999,CN(C)CC1CCn2cc(c3ccccc32)C2=C(C(=O)NC2=O)c2cn(c3ccccc23)CCO1,6.017728766960431,5.271883208659291,5.214336759178914
153999::MST3::18408,MST3,153999,CN(C)CC1CCn2cc(c3ccccc32)C2=C(C(=O)NC2=O)c2cn(c3ccccc23)CCO1,5.0,5.271883208659291,5.275361107229592
153999::MYLK::18412,MYLK,153999,CN(C)CC1CCn2cc(c3ccccc32)C2=C(C(=O)NC2=O)c2cn(c3ccccc23)CCO1,6.537602002101044,5.271883208659291,5.170301886036452
153999::MYLK2::18413,MYLK2,153999,CN(C)CC1CCn2cc(c3ccccc32)C2=C(C(=O)NC2=O)c2cn(c3ccccc23)CCO1,5.0,5.271883208659291,5.286474878655258
153999::NEK1::18419,NEK1,153999,CN(C)CC1CCn2cc(c3ccccc32)C2=C(C(=O)NC2=O)c2cn(c3ccccc23)CCO1,5.0,5.271883208659291,5.390987117213127
153999::p38-alpha::18431,p38-alpha,153999,CN(C)CC1CCn2cc(c3ccccc32)C2=C(C(=O)NC2=O)c2cn(c3ccccc23)CCO1,5.0,5.271883208659291,5.1628873895731795
153999::PAK4::18438,PAK4,153999,CN(C)CC1CCn2cc(c3ccccc32)C2=C(C(=O)NC2=O)c2cn(c3ccccc23)CCO1,5.0,5.271883208659291,5.2703829459078335
153999::PFPK5(Pfalciparum)::18448,PFPK5(Pfalciparum),153999,CN(C)CC1CCn2cc(c3ccccc32)C2=C(C(=O)NC2=O)c2cn(c3ccccc23)CCO1,5.0,5.271883208659291,5.081820539361078
153999::PIK3CA(Q546K)::18455,PIK3CA(Q546K),153999,CN(C)CC1CCn2cc(c3ccccc32)C2=C(C(=O)NC2=O)c2cn(c3ccccc23)CCO1,5.0,5.271883208659291,5.195359333575478
153999::PIK3CD::18457,PIK3CD,153999,CN(C)CC1CCn2cc(c3ccccc32)C2=C(C(=O)NC2=O)c2cn(c3ccccc23)CCO1,5.0,5.271883208659291,5.123634927811545
153999::PIM3::18462,PIM3,153999,CN(C)CC1CCn2cc(c3ccccc32)C2=C(C(=O)NC2=O)c2cn(c3ccccc23)CCO1,7.920818753952375,5.271883208659291,5.286488617652324
153999::PRKCE::18478,PRKCE,153999,CN(C)CC1CCn2cc(c3ccccc32)C2=C(C(=O)NC2=O)c2cn(c3ccccc23)CCO1,7.958607314841775,5.271883208659291,5.30150545708742
153999::PYK2::18490,PYK2,153999,CN(C)CC1CCn2cc(c3ccccc32)C2=C(C(=O)NC2=O)c2cn(c3ccccc23)CCO1,5.0,5.271883208659291,5.318978356804855
153999::RIPK5::18500,RIPK5,153999,CN(C)CC1CCn2cc(c3ccccc32)C2=C(C(=O)NC2=O)c2cn(c3ccccc23)CCO1,5.0,5.271883208659291,5.18881801206942
153999::RSK2(KinDom.1-N-terminal)::18507,RSK2(KinDom.1-N-terminal),153999,CN(C)CC1CCn2cc(c3ccccc32)C2=C(C(=O)NC2=O)c2cn(c3ccccc23)CCO1,5.443697499232712,5.271883208659291,5.431926535664959
153999::SNARK::18517,SNARK,153999,CN(C)CC1CCn2cc(c3ccccc32)C2=C(C(=O)NC2=O)c2cn(c3ccccc23)CCO1,6.494850021680094,5.271883208659291,5.235276813574353
153999::TBK1::18534,TBK1,153999,CN(C)CC1CCn2cc(c3ccccc32)C2=C(C(=O)NC2=O)c2cn(c3ccccc23)CCO1,6.013228265733755,5.271883208659291,5.282388606468399
153999::TNK1::18544,TNK1,153999,CN(C)CC1CCn2cc(c3ccccc32)C2=C(C(=O)NC2=O)c2cn(c3ccccc23)CCO1,5.0,5.271883208659291,5.256937284607421
153999::TRKC::18549,TRKC,153999,CN(C)CC1CCn2cc(c3ccccc32)C2=C(C(=O)NC2=O)c2cn(c3ccccc23)CCO1,5.0,5.271883208659291,5.342110465757717
153999::TRPM6::18550,TRPM6,153999,CN(C)CC1CCn2cc(c3ccccc32)C2=C(C(=O)NC2=O)c2cn(c3ccccc23)CCO1,5.0,5.271883208659291,5.205076341022421
153999::TSSK1B::18551,TSSK1B,153999,CN(C)CC1CCn2cc(c3ccccc32)C2=C(C(=O)NC2=O)c2cn(c3ccccc23)CCO1,5.0,5.271883208659291,5.215910061487667
153999::ULK1::18556,ULK1,153999,CN(C)CC1CCn2cc(c3ccccc32)C2=C(C(=O)NC2=O)c2cn(c3ccccc23)CCO1,5.0,5.271883208659291,5.317364730880152
25127112::ACVR2A::18576,ACVR2A,25127112,N#CCC(C1CCCC1)n1cc(-c2ncnc3[nH]ccc23)cn1.O=P(O)(O)O,5.0,5.37317219348789,5.441332817156301
25127112::AKT1::18581,AKT1,25127112,N#CCC(C1CCCC1)n1cc(-c2ncnc3[nH]ccc23)cn1.O=P(O)(O)O,5.0,5.37317219348789,5.051167314776876
25127112::AMPK-alpha1::18585,AMPK-alpha1,25127112,N#CCC(C1CCCC1)n1cc(-c2ncnc3[nH]ccc23)cn1.O=P(O)(O)O,5.0,5.37317219348789,5.307839556233205
25127112::ARK5::18588,ARK5,25127112,N#CCC(C1CCCC1)n1cc(-c2ncnc3[nH]ccc23)cn1.O=P(O)(O)O,5.0,5.37317219348789,5.250138345904996
25127112::AXL::18594,AXL,25127112,N#CCC(C1CCCC1)n1cc(-c2ncnc3[nH]ccc23)cn1.O=P(O)(O)O,5.0,5.37317219348789,5.439622454376047
25127112::BIKE::18595,BIKE,25127112,N#CCC(C1CCCC1)n1cc(-c2ncnc3[nH]ccc23)cn1.O=P(O)(O)O,6.6777807052660805,5.37317219348789,5.494215733787918
25127112::BLK::18596,BLK,25127112,N#CCC(C1CCCC1)n1cc(-c2ncnc3[nH]ccc23)cn1.O=P(O)(O)O,5.0,5.37317219348789,5.24827625289875
25127112::BMPR1A::18597,BMPR1A,25127112,N#CCC(C1CCCC1)n1cc(-c2ncnc3[nH]ccc23)cn1.O=P(O)(O)O,5.0,5.37317219348789,5.1421315520425805
25127112::BRAF(V600E)::18601,BRAF(V600E),25127112,N#CCC(C1CCCC1)n1cc(-c2ncnc3[nH]ccc23)cn1.O=P(O)(O)O,5.657577319177793,5.37317219348789,5.406325009809577
25127112::BRSK1::18603,BRSK1,25127112,N#CCC(C1CCCC1)n1cc(-c2ncnc3[nH]ccc23)cn1.O=P(O)(O)O,5.0,5.37317219348789,5.370812165745991
25127112::CAMK1::18606,CAMK1,25127112,N#CCC(C1CCCC1)n1cc(-c2ncnc3[nH]ccc23)cn1.O=P(O)(O)O,6.327902142064282,5.37317219348789,5.273468404531968
25127112::CAMK1D::18607,CAMK1D,25127112,N#CCC(C1CCCC1)n1cc(-c2ncnc3[nH]ccc23)cn1.O=P(O)(O)O,6.920818753952375,5.37317219348789,5.205155094239337
25127112::CAMK1G::18608,CAMK1G,25127112,N#CCC(C1CCCC1)n1cc(-c2ncnc3[nH]ccc23)cn1.O=P(O)(O)O,5.657577319177793,5.37317219348789,5.305268944814809
25127112::CAMK2G::18612,CAMK2G,25127112,N#CCC(C1CCCC1)n1cc(-c2ncnc3[nH]ccc23)cn1.O=P(O)(O)O,7.0,5.37317219348789,5.375767550829223
25127112::CAMK4::18613,CAMK4,25127112,N#CCC(C1CCCC1)n1cc(-c2ncnc3[nH]ccc23)cn1.O=P(O)(O)O,5.0,5.37317219348789,5.2434191822185765
25127112::CAMKK1::18614,CAMKK1,25127112,N#CCC(C1CCCC1)n1cc(-c2ncnc3[nH]ccc23)cn1.O=P(O)(O)O,5.0,5.37317219348789,5.296143965734831
25127112::CDKL2::18629,CDKL2,25127112,N#CCC(C1CCCC1)n1cc(-c2ncnc3[nH]ccc23)cn1.O=P(O)(O)O,5.0,5.37317219348789,5.222905640572109
25127112::CDKL5::18631,CDKL5,25127112,N#CCC(C1CCCC1)n1cc(-c2ncnc3[nH]ccc23)cn1.O=P(O)(O)O,5.0,5.37317219348789,5.269898633391591
25127112::CLK1::18635,CLK1,25127112,N#CCC(C1CCCC1)n1cc(-c2ncnc3[nH]ccc23)cn1.O=P(O)(O)O,5.0,5.37317219348789,5.358832657881364
25127112::CLK2::18636,CLK2,25127112,N#CCC(C1CCCC1)n1cc(-c2ncnc3[nH]ccc23)cn1.O=P(O)(O)O,6.337242168318426,5.37317219348789,5.558387957678186
25127112::CSNK1A1L::18642,CSNK1A1L,25127112,N#CCC(C1CCCC1)n1cc(-c2ncnc3[nH]ccc23)cn1.O=P(O)(O)O,5.0,5.37317219348789,5.298986708041815
25127112::CSNK1G1::18645,CSNK1G1,25127112,N#CCC(C1CCCC1)n1cc(-c2ncnc3[nH]ccc23)cn1.O=P(O)(O)O,5.0,5.37317219348789,5.296762096485256
25127112::CSNK1G3::18647,CSNK1G3,25127112,N#CCC(C1CCCC1)n1cc(-c2ncnc3[nH]ccc23)cn1.O=P(O)(O)O,5.0,5.37317219348789,5.289244329251517
25127112::DCAMKL1::18654,DCAMKL1,25127112,N#CCC(C1CCCC1)n1cc(-c2ncnc3[nH]ccc23)cn1.O=P(O)(O)O,7.167491087293763,5.37317219348789,5.550783524733717
25127112::DCAMKL2::18655,DCAMKL2,25127112,N#CCC(C1CCCC1)n1cc(-c2ncnc3[nH]ccc23)cn1.O=P(O)(O)O,6.119186407719209,5.37317219348789,5.418819777341405
25127112::DMPK::18660,DMPK,25127112,N#CCC(C1CCCC1)n1cc(-c2ncnc3[nH]ccc23)cn1.O=P(O)(O)O,5.455931955649724,5.37317219348789,5.471862962254424
25127112::DYRK1A::18664,DYRK1A,25127112,N#CCC(C1CCCC1)n1cc(-c2ncnc3[nH]ccc23)cn1.O=P(O)(O)O,6.040958607678906,5.37317219348789,5.538759427779779
25127112::EPHA6::18674,EPHA6,25127112,N#CCC(C1CCCC1)n1cc(-c2ncnc3[nH]ccc23)cn1.O=P(O)(O)O,5.0,5.37317219348789,5.391839497554264
25127112::ERBB2::18682,ERBB2,25127112,N#CCC(C1CCCC1)n1cc(-c2ncnc3[nH]ccc23)cn1.O=P(O)(O)O,5.0,5.37317219348789,5.421181506366164
25127112::FGFR3(G697C)::18697,FGFR3(G697C),25127112,N#CCC(C1CCCC1)n1cc(-c2ncnc3[nH]ccc23)cn1.O=P(O)(O)O,5.0,5.37317219348789,5.4249010817001215
25127112::FLT1::18700,FLT1,25127112,N#CCC(C1CCCC1)n1cc(-c2ncnc3[nH]ccc23)cn1.O=P(O)(O)O,5.0,5.37317219348789,5.27236104785935
25127112::FLT4::18702,FLT4,25127112,N#CCC(C1CCCC1)n1cc(-c2ncnc3[nH]ccc23)cn1.O=P(O)(O)O,5.0,5.37317219348789,5.403163918356295
25127112::FYN::18704,FYN,25127112,N#CCC(C1CCCC1)n1cc(-c2ncnc3[nH]ccc23)cn1.O=P(O)(O)O,5.0,5.37317219348789,5.182573141162061
25127112::GAK::18705,GAK,25127112,N#CCC(C1CCCC1)n1cc(-c2ncnc3[nH]ccc23)cn1.O=P(O)(O)O,7.00436480540245,5.37317219348789,5.52512319771911
25127112::HIPK3::18715,HIPK3,25127112,N#CCC(C1CCCC1)n1cc(-c2ncnc3[nH]ccc23)cn1.O=P(O)(O)O,5.920818753952375,5.37317219348789,5.255987896125903
25127112::HUNK::18718,HUNK,25127112,N#CCC(C1CCCC1)n1cc(-c2ncnc3[nH]ccc23)cn1.O=P(O)(O)O,5.0,5.37317219348789,5.576798354639535
25127112::ICK::18719,ICK,25127112,N#CCC(C1CCCC1)n1cc(-c2ncnc3[nH]ccc23)cn1.O=P(O)(O)O,5.0,5.37317219348789,5.122873260805253
25127112::IKK-alpha::18721,IKK-alpha,25127112,N#CCC(C1CCCC1)n1cc(-c2ncnc3[nH]ccc23)cn1.O=P(O)(O)O,5.0,5.37317219348789,5.423397159390876
25127112::IKK-epsilon::18723,IKK-epsilon,25127112,N#CCC(C1CCCC1)n1cc(-c2ncnc3[nH]ccc23)cn1.O=P(O)(O)O,5.920818753952375,5.37317219348789,5.22648978532991
25127112::JAK3(JH1domain-catalytic)::18732,JAK3(JH1domain-catalytic),25127112,N#CCC(C1CCCC1)n1cc(-c2ncnc3[nH]ccc23)cn1.O=P(O)(O)O,8.698970004336019,5.37317219348789,5.55734235597447
25127112::JNK1::18733,JNK1,25127112,N#CCC(C1CCCC1)n1cc(-c2ncnc3[nH]ccc23)cn1.O=P(O)(O)O,5.318758762624412,5.37317219348789,5.183632171880077
25127112::JNK2::18734,JNK2,25127112,N#CCC(C1CCCC1)n1cc(-c2ncnc3[nH]ccc23)cn1.O=P(O)(O)O,5.0,5.37317219348789,5.1333735831720455
25127112::LOK::18743,LOK,25127112,N#CCC(C1CCCC1)n1cc(-c2ncnc3[nH]ccc23)cn1.O=P(O)(O)O,5.0,5.37317219348789,5.606494253503827
25127112::MAK::18748,MAK,25127112,N#CCC(C1CCCC1)n1cc(-c2ncnc3[nH]ccc23)cn1.O=P(O)(O)O,5.0,5.37317219348789,5.302759070591914
25127112::MAP3K15::18750,MAP3K15,25127112,N#CCC(C1CCCC1)n1cc(-c2ncnc3[nH]ccc23)cn1.O=P(O)(O)O,5.958607314841775,5.37317219348789,5.171542936406853
25127112::MAP4K2::18754,MAP4K2,25127112,N#CCC(C1CCCC1)n1cc(-c2ncnc3[nH]ccc23)cn1.O=P(O)(O)O,5.698970004336019,5.37317219348789,5.310089501016859
25127112::MAP4K3::18755,MAP4K3,25127112,N#CCC(C1CCCC1)n1cc(-c2ncnc3[nH]ccc23)cn1.O=P(O)(O)O,5.0,5.37317219348789,5.486879790655358
25127112::MEK1::18765,MEK1,25127112,N#CCC(C1CCCC1)n1cc(-c2ncnc3[nH]ccc23)cn1.O=P(O)(O)O,5.721246399047171,5.37317219348789,5.390808286722223
25127112::MELK::18771,MELK,25127112,N#CCC(C1CCCC1)n1cc(-c2ncnc3[nH]ccc23)cn1.O=P(O)(O)O,5.657577319177793,5.37317219348789,5.343518020962475
25127112::MLK1::18779,MLK1,25127112,N#CCC(C1CCCC1)n1cc(-c2ncnc3[nH]ccc23)cn1.O=P(O)(O)O,5.0,5.37317219348789,5.541949667499203
25127112::MLK2::18780,MLK2,25127112,N#CCC(C1CCCC1)n1cc(-c2ncnc3[nH]ccc23)cn1.O=P(O)(O)O,5.0,5.37317219348789,5.412386052166359
25127112::MLK3::18781,MLK3,25127112,N#CCC(C1CCCC1)n1cc(-c2ncnc3[nH]ccc23)cn1.O=P(O)(O)O,5.0,5.37317219348789,5.588153771986532
25127112::MST1::18784,MST1,25127112,N#CCC(C1CCCC1)n1cc(-c2ncnc3[nH]ccc23)cn1.O=P(O)(O)O,5.0,5.37317219348789,5.369307340262315
25127112::MST1R::18785,MST1R,25127112,N#CCC(C1CCCC1)n1cc(-c2ncnc3[nH]ccc23)cn1.O=P(O)(O)O,5.0,5.37317219348789,5.351062228022317
25127112::MST2::18786,MST2,25127112,N#CCC(C1CCCC1)n1cc(-c2ncnc3[nH]ccc23)cn1.O=P(O)(O)O,5.0,5.37317219348789,5.397829160960374
25127112::MST3::18787,MST3,25127112,N#CCC(C1CCCC1)n1cc(-c2ncnc3[nH]ccc23)cn1.O=P(O)(O)O,5.0,5.37317219348789,5.29385814594098
25127112::MYLK::18791,MYLK,25127112,N#CCC(C1CCCC1)n1cc(-c2ncnc3[nH]ccc23)cn1.O=P(O)(O)O,6.443697499232712,5.37317219348789,5.183823965585797
25127112::MYLK2::18792,MYLK2,25127112,N#CCC(C1CCCC1)n1cc(-c2ncnc3[nH]ccc23)cn1.O=P(O)(O)O,5.0,5.37317219348789,5.454279750559436
25127112::NEK1::18798,NEK1,25127112,N#CCC(C1CCCC1)n1cc(-c2ncnc3[nH]ccc23)cn1.O=P(O)(O)O,5.0,5.37317219348789,5.414638291381566
25127112::p38-alpha::18810,p38-alpha,25127112,N#CCC(C1CCCC1)n1cc(-c2ncnc3[nH]ccc23)cn1.O=P(O)(O)O,5.0,5.37317219348789,5.095065064975095
25127112::PAK4::18817,PAK4,25127112,N#CCC(C1CCCC1)n1cc(-c2ncnc3[nH]ccc23)cn1.O=P(O)(O)O,5.795880017344075,5.37317219348789,5.477178686043146
25127112::PFPK5(Pfalciparum)::18827,PFPK5(Pfalciparum),25127112,N#CCC(C1CCCC1)n1cc(-c2ncnc3[nH]ccc23)cn1.O=P(O)(O)O,5.0,5.37317219348789,5.18975195693352
25127112::PIK3CA(Q546K)::18834,PIK3CA(Q546K),25127112,N#CCC(C1CCCC1)n1cc(-c2ncnc3[nH]ccc23)cn1.O=P(O)(O)O,5.0,5.37317219348789,5.237844757875575
25127112::PIK3CD::18836,PIK3CD,25127112,N#CCC(C1CCCC1)n1cc(-c2ncnc3[nH]ccc23)cn1.O=P(O)(O)O,5.0,5.37317219348789,5.344608259922102
25127112::PIM3::18841,PIM3,25127112,N#CCC(C1CCCC1)n1cc(-c2ncnc3[nH]ccc23)cn1.O=P(O)(O)O,5.0,5.37317219348789,5.3048933631946396
25127112::PRKCE::18857,PRKCE,25127112,N#CCC(C1CCCC1)n1cc(-c2ncnc3[nH]ccc23)cn1.O=P(O)(O)O,6.275724130399211,5.37317219348789,5.497209397559921
25127112::PYK2::18869,PYK2,25127112,N#CCC(C1CCCC1)n1cc(-c2ncnc3[nH]ccc23)cn1.O=P(O)(O)O,5.0,5.37317219348789,5.376527714285115
25127112::RIPK5::18879,RIPK5,25127112,N#CCC(C1CCCC1)n1cc(-c2ncnc3[nH]ccc23)cn1.O=P(O)(O)O,5.0,5.37317219348789,5.315490483908869
25127112::RSK2(KinDom.1-N-terminal)::18886,RSK2(KinDom.1-N-terminal),25127112,N#CCC(C1CCCC1)n1cc(-c2ncnc3[nH]ccc23)cn1.O=P(O)(O)O,5.0,5.37317219348789,5.372180906472583
25127112::SNARK::18896,SNARK,25127112,N#CCC(C1CCCC1)n1cc(-c2ncnc3[nH]ccc23)cn1.O=P(O)(O)O,6.494850021680094,5.37317219348789,5.254970987239768
25127112::TBK1::18913,TBK1,25127112,N#CCC(C1CCCC1)n1cc(-c2ncnc3[nH]ccc23)cn1.O=P(O)(O)O,5.769551078621726,5.37317219348789,5.463696280454774
25127112::TNK1::18923,TNK1,25127112,N#CCC(C1CCCC1)n1cc(-c2ncnc3[nH]ccc23)cn1.O=P(O)(O)O,5.0,5.37317219348789,5.5799198219852135
25127112::TRKC::18928,TRKC,25127112,N#CCC(C1CCCC1)n1cc(-c2ncnc3[nH]ccc23)cn1.O=P(O)(O)O,6.481486060122112,5.37317219348789,5.876236916694798
25127112::TRPM6::18929,TRPM6,25127112,N#CCC(C1CCCC1)n1cc(-c2ncnc3[nH]ccc23)cn1.O=P(O)(O)O,5.0,5.37317219348789,5.309723005646045
25127112::TSSK1B::18930,TSSK1B,25127112,N#CCC(C1CCCC1)n1cc(-c2ncnc3[nH]ccc23)cn1.O=P(O)(O)O,5.0,5.37317219348789,5.566511287224189
25127112::ULK1::18935,ULK1,25127112,N#CCC(C1CCCC1)n1cc(-c2ncnc3[nH]ccc23)cn1.O=P(O)(O)O,6.522878745280337,5.37317219348789,5.408880655486274
176155::ACVR2A::18955,ACVR2A,176155,CS(=O)c1ccc(-c2nc(-c3ccc(F)cc3)c(-c3ccncc3)[nH]2)cc1,5.0,5.146893523211647,5.102673461665861
176155::AKT1::18960,AKT1,176155,CS(=O)c1ccc(-c2nc(-c3ccc(F)cc3)c(-c3ccncc3)[nH]2)cc1,5.0,5.146893523211647,5.100792260552373
176155::AMPK-alpha1::18964,AMPK-alpha1,176155,CS(=O)c1ccc(-c2nc(-c3ccc(F)cc3)c(-c3ccncc3)[nH]2)cc1,5.0,5.146893523211647,5.08125087720119
176155::ARK5::18967,ARK5,176155,CS(=O)c1ccc(-c2nc(-c3ccc(F)cc3)c(-c3ccncc3)[nH]2)cc1,5.0,5.146893523211647,5.074622890724834
176155::AXL::18973,AXL,176155,CS(=O)c1ccc(-c2nc(-c3ccc(F)cc3)c(-c3ccncc3)[nH]2)cc1,5.0,5.146893523211647,5.267118415214612
176155::BIKE::18974,BIKE,176155,CS(=O)c1ccc(-c2nc(-c3ccc(F)cc3)c(-c3ccncc3)[nH]2)cc1,5.0,5.146893523211647,5.199206765647277
176155::BLK::18975,BLK,176155,CS(=O)c1ccc(-c2nc(-c3ccc(F)cc3)c(-c3ccncc3)[nH]2)cc1,5.0,5.146893523211647,5.0468334879231715
176155::BMPR1A::18976,BMPR1A,176155,CS(=O)c1ccc(-c2nc(-c3ccc(F)cc3)c(-c3ccncc3)[nH]2)cc1,5.0,5.146893523211647,5.132791588158398
176155::BRAF(V600E)::18980,BRAF(V600E),176155,CS(=O)c1ccc(-c2nc(-c3ccc(F)cc3)c(-c3ccncc3)[nH]2)cc1,6.275724130399211,5.146893523211647,5.171091720746312
176155::BRSK1::18982,BRSK1,176155,CS(=O)c1ccc(-c2nc(-c3ccc(F)cc3)c(-c3ccncc3)[nH]2)cc1,5.0,5.146893523211647,5.04768638978216
176155::CAMK1::18985,CAMK1,176155,CS(=O)c1ccc(-c2nc(-c3ccc(F)cc3)c(-c3ccncc3)[nH]2)cc1,5.0,5.146893523211647,5.052139271446174
176155::CAMK1D::18986,CAMK1D,176155,CS(=O)c1ccc(-c2nc(-c3ccc(F)cc3)c(-c3ccncc3)[nH]2)cc1,5.0,5.146893523211647,5.013444335612853
176155::CAMK1G::18987,CAMK1G,176155,CS(=O)c1ccc(-c2nc(-c3ccc(F)cc3)c(-c3ccncc3)[nH]2)cc1,5.0,5.146893523211647,5.0949992071287165
176155::CAMK2G::18991,CAMK2G,176155,CS(=O)c1ccc(-c2nc(-c3ccc(F)cc3)c(-c3ccncc3)[nH]2)cc1,5.0,5.146893523211647,5.060947971359085
176155::CAMK4::18992,CAMK4,176155,CS(=O)c1ccc(-c2nc(-c3ccc(F)cc3)c(-c3ccncc3)[nH]2)cc1,5.0,5.146893523211647,5.152200959502956
176155::CAMKK1::18993,CAMKK1,176155,CS(=O)c1ccc(-c2nc(-c3ccc(F)cc3)c(-c3ccncc3)[nH]2)cc1,5.0,5.146893523211647,5.075864347161618
176155::CDKL2::19008,CDKL2,176155,CS(=O)c1ccc(-c2nc(-c3ccc(F)cc3)c(-c3ccncc3)[nH]2)cc1,5.0,5.146893523211647,5.101697643139086
176155::CDKL5::19010,CDKL5,176155,CS(=O)c1ccc(-c2nc(-c3ccc(F)cc3)c(-c3ccncc3)[nH]2)cc1,5.0,5.146893523211647,5.04281615638496
176155::CLK1::19014,CLK1,176155,CS(=O)c1ccc(-c2nc(-c3ccc(F)cc3)c(-c3ccncc3)[nH]2)cc1,5.0,5.146893523211647,5.233949283976704
176155::CLK2::19015,CLK2,176155,CS(=O)c1ccc(-c2nc(-c3ccc(F)cc3)c(-c3ccncc3)[nH]2)cc1,5.0,5.146893523211647,5.504972172692042
176155::CSNK1A1L::19021,CSNK1A1L,176155,CS(=O)c1ccc(-c2nc(-c3ccc(F)cc3)c(-c3ccncc3)[nH]2)cc1,5.769551078621726,5.146893523211647,5.06130548802781
176155::CSNK1G1::19024,CSNK1G1,176155,CS(=O)c1ccc(-c2nc(-c3ccc(F)cc3)c(-c3ccncc3)[nH]2)cc1,5.0,5.146893523211647,5.116809469141256
176155::CSNK1G3::19026,CSNK1G3,176155,CS(=O)c1ccc(-c2nc(-c3ccc(F)cc3)c(-c3ccncc3)[nH]2)cc1,5.0,5.146893523211647,5.054903683089417
176155::DCAMKL1::19033,DCAMKL1,176155,CS(=O)c1ccc(-c2nc(-c3ccc(F)cc3)c(-c3ccncc3)[nH]2)cc1,5.0,5.146893523211647,5.098291054513408
176155::DCAMKL2::19034,DCAMKL2,176155,CS(=O)c1ccc(-c2nc(-c3ccc(F)cc3)c(-c3ccncc3)[nH]2)cc1,5.0,5.146893523211647,5.021550979732452
176155::DMPK::19039,DMPK,176155,CS(=O)c1ccc(-c2nc(-c3ccc(F)cc3)c(-c3ccncc3)[nH]2)cc1,5.0,5.146893523211647,5.070306048771406
176155::DYRK1A::19043,DYRK1A,176155,CS(=O)c1ccc(-c2nc(-c3ccc(F)cc3)c(-c3ccncc3)[nH]2)cc1,5.0,5.146893523211647,5.131173152854528
176155::EPHA6::19053,EPHA6,176155,CS(=O)c1ccc(-c2nc(-c3ccc(F)cc3)c(-c3ccncc3)[nH]2)cc1,5.920818753952375,5.146893523211647,5.10658780472597
176155::ERBB2::19061,ERBB2,176155,CS(=O)c1ccc(-c2nc(-c3ccc(F)cc3)c(-c3ccncc3)[nH]2)cc1,5.0,5.146893523211647,5.166228506196252
176155::FGFR3(G697C)::19076,FGFR3(G697C),176155,CS(=O)c1ccc(-c2nc(-c3ccc(F)cc3)c(-c3ccncc3)[nH]2)cc1,5.0,5.146893523211647,5.170236872535546
176155::FLT1::19079,FLT1,176155,CS(=O)c1ccc(-c2nc(-c3ccc(F)cc3)c(-c3ccncc3)[nH]2)cc1,5.0,5.146893523211647,5.214049291307852
176155::FLT4::19081,FLT4,176155,CS(=O)c1ccc(-c2nc(-c3ccc(F)cc3)c(-c3ccncc3)[nH]2)cc1,5.0,5.146893523211647,5.159750766602611
176155::FYN::19083,FYN,176155,CS(=O)c1ccc(-c2nc(-c3ccc(F)cc3)c(-c3ccncc3)[nH]2)cc1,5.0,5.146893523211647,5.231041450258743
176155::GAK::19084,GAK,176155,CS(=O)c1ccc(-c2nc(-c3ccc(F)cc3)c(-c3ccncc3)[nH]2)cc1,7.721246399047171,5.146893523211647,5.143120005491271
176155::HIPK3::19094,HIPK3,176155,CS(=O)c1ccc(-c2nc(-c3ccc(F)cc3)c(-c3ccncc3)[nH]2)cc1,5.0,5.146893523211647,5.117921896743295
176155::HUNK::19097,HUNK,176155,CS(=O)c1ccc(-c2nc(-c3ccc(F)cc3)c(-c3ccncc3)[nH]2)cc1,5.0,5.146893523211647,5.176523958146868
176155::ICK::19098,ICK,176155,CS(=O)c1ccc(-c2nc(-c3ccc(F)cc3)c(-c3ccncc3)[nH]2)cc1,5.0,5.146893523211647,5.049568255812835
176155::IKK-alpha::19100,IKK-alpha,176155,CS(=O)c1ccc(-c2nc(-c3ccc(F)cc3)c(-c3ccncc3)[nH]2)cc1,5.0,5.146893523211647,5.058185726604587
176155::IKK-epsilon::19102,IKK-epsilon,176155,CS(=O)c1ccc(-c2nc(-c3ccc(F)cc3)c(-c3ccncc3)[nH]2)cc1,5.0,5.146893523211647,5.094372815318594
176155::JAK3(JH1domain-catalytic)::19111,JAK3(JH1domain-catalytic),176155,CS(=O)c1ccc(-c2nc(-c3ccc(F)cc3)c(-c3ccncc3)[nH]2)cc1,5.0,5.146893523211647,5.123223579752471
176155::JNK1::19112,JNK1,176155,CS(=O)c1ccc(-c2nc(-c3ccc(F)cc3)c(-c3ccncc3)[nH]2)cc1,5.958607314841775,5.146893523211647,5.187383838336795
176155::JNK2::19113,JNK2,176155,CS(=O)c1ccc(-c2nc(-c3ccc(F)cc3)c(-c3ccncc3)[nH]2)cc1,6.886056647693163,5.146893523211647,5.209555099120325
176155::LOK::19122,LOK,176155,CS(=O)c1ccc(-c2nc(-c3ccc(F)cc3)c(-c3ccncc3)[nH]2)cc1,5.0,5.146893523211647,5.249587195318807
176155::MAK::19127,MAK,176155,CS(=O)c1ccc(-c2nc(-c3ccc(F)cc3)c(-c3ccncc3)[nH]2)cc1,5.0,5.146893523211647,5.186089897879305
176155::MAP3K15::19129,MAP3K15,176155,CS(=O)c1ccc(-c2nc(-c3ccc(F)cc3)c(-c3ccncc3)[nH]2)cc1,5.0,5.146893523211647,5.062844234809685
176155::MAP4K2::19133,MAP4K2,176155,CS(=O)c1ccc(-c2nc(-c3ccc(F)cc3)c(-c3ccncc3)[nH]2)cc1,5.0,5.146893523211647,5.128626889519796
176155::MAP4K3::19134,MAP4K3,176155,CS(=O)c1ccc(-c2nc(-c3ccc(F)cc3)c(-c3ccncc3)[nH]2)cc1,5.0,5.146893523211647,5.2378074069102665
176155::MEK1::19144,MEK1,176155,CS(=O)c1ccc(-c2nc(-c3ccc(F)cc3)c(-c3ccncc3)[nH]2)cc1,5.0,5.146893523211647,5.15400073629082
176155::MELK::19150,MELK,176155,CS(=O)c1ccc(-c2nc(-c3ccc(F)cc3)c(-c3ccncc3)[nH]2)cc1,5.0,5.146893523211647,5.116341146545148
176155::MLK1::19158,MLK1,176155,CS(=O)c1ccc(-c2nc(-c3ccc(F)cc3)c(-c3ccncc3)[nH]2)cc1,5.0,5.146893523211647,5.260880281995044
176155::MLK2::19159,MLK2,176155,CS(=O)c1ccc(-c2nc(-c3ccc(F)cc3)c(-c3ccncc3)[nH]2)cc1,5.0,5.146893523211647,5.062941092010701
176155::MLK3::19160,MLK3,176155,CS(=O)c1ccc(-c2nc(-c3ccc(F)cc3)c(-c3ccncc3)[nH]2)cc1,5.0,5.146893523211647,5.145041515540837
176155::MST1::19163,MST1,176155,CS(=O)c1ccc(-c2nc(-c3ccc(F)cc3)c(-c3ccncc3)[nH]2)cc1,5.0,5.146893523211647,5.108860177011386
176155::MST1R::19164,MST1R,176155,CS(=O)c1ccc(-c2nc(-c3ccc(F)cc3)c(-c3ccncc3)[nH]2)cc1,5.0,5.146893523211647,5.193008456299595
176155::MST2::19165,MST2,176155,CS(=O)c1ccc(-c2nc(-c3ccc(F)cc3)c(-c3ccncc3)[nH]2)cc1,5.0,5.146893523211647,5.134462689185666
176155::MST3::19166,MST3,176155,CS(=O)c1ccc(-c2nc(-c3ccc(F)cc3)c(-c3ccncc3)[nH]2)cc1,5.0,5.146893523211647,5.1162430451347936
176155::MYLK::19170,MYLK,176155,CS(=O)c1ccc(-c2nc(-c3ccc(F)cc3)c(-c3ccncc3)[nH]2)cc1,5.0,5.146893523211647,5.059675533853167
176155::MYLK2::19171,MYLK2,176155,CS(=O)c1ccc(-c2nc(-c3ccc(F)cc3)c(-c3ccncc3)[nH]2)cc1,5.0,5.146893523211647,5.0716722140306025
176155::NEK1::19177,NEK1,176155,CS(=O)c1ccc(-c2nc(-c3ccc(F)cc3)c(-c3ccncc3)[nH]2)cc1,5.0,5.146893523211647,5.0827261168827125
176155::p38-alpha::19189,p38-alpha,176155,CS(=O)c1ccc(-c2nc(-c3ccc(F)cc3)c(-c3ccncc3)[nH]2)cc1,7.920818753952375,5.146893523211647,5.140023590923882
176155::PAK4::19196,PAK4,176155,CS(=O)c1ccc(-c2nc(-c3ccc(F)cc3)c(-c3ccncc3)[nH]2)cc1,5.0,5.146893523211647,5.22135139052248
176155::PFPK5(Pfalciparum)::19206,PFPK5(Pfalciparum),176155,CS(=O)c1ccc(-c2nc(-c3ccc(F)cc3)c(-c3ccncc3)[nH]2)cc1,5.0,5.146893523211647,5.015869286716414
176155::PIK3CA(Q546K)::19213,PIK3CA(Q546K),176155,CS(=O)c1ccc(-c2nc(-c3ccc(F)cc3)c(-c3ccncc3)[nH]2)cc1,5.0,5.146893523211647,5.070128950644971
176155::PIK3CD::19215,PIK3CD,176155,CS(=O)c1ccc(-c2nc(-c3ccc(F)cc3)c(-c3ccncc3)[nH]2)cc1,5.0,5.146893523211647,5.171048360465476
176155::PIM3::19220,PIM3,176155,CS(=O)c1ccc(-c2nc(-c3ccc(F)cc3)c(-c3ccncc3)[nH]2)cc1,5.0,5.146893523211647,5.090754310349462
176155::PRKCE::19236,PRKCE,176155,CS(=O)c1ccc(-c2nc(-c3ccc(F)cc3)c(-c3ccncc3)[nH]2)cc1,5.0,5.146893523211647,5.146836215270795
176155::PYK2::19248,PYK2,176155,CS(=O)c1ccc(-c2nc(-c3ccc(F)cc3)c(-c3ccncc3)[nH]2)cc1,5.0,5.146893523211647,5.218250273129165
176155::RIPK5::19258,RIPK5,176155,CS(=O)c1ccc(-c2nc(-c3ccc(F)cc3)c(-c3ccncc3)[nH]2)cc1,5.0,5.146893523211647,5.069655535555999
176155::RSK2(KinDom.1-N-terminal)::19265,RSK2(KinDom.1-N-terminal),176155,CS(=O)c1ccc(-c2nc(-c3ccc(F)cc3)c(-c3ccncc3)[nH]2)cc1,5.0,5.146893523211647,5.293263613600836
176155::SNARK::19275,SNARK,176155,CS(=O)c1ccc(-c2nc(-c3ccc(F)cc3)c(-c3ccncc3)[nH]2)cc1,5.0,5.146893523211647,5.057815379868883
176155::TBK1::19292,TBK1,176155,CS(=O)c1ccc(-c2nc(-c3ccc(F)cc3)c(-c3ccncc3)[nH]2)cc1,5.0,5.146893523211647,5.1820115638012405
176155::TNK1::19302,TNK1,176155,CS(=O)c1ccc(-c2nc(-c3ccc(F)cc3)c(-c3ccncc3)[nH]2)cc1,5.0,5.146893523211647,5.2278537637774205
176155::TRKC::19307,TRKC,176155,CS(=O)c1ccc(-c2nc(-c3ccc(F)cc3)c(-c3ccncc3)[nH]2)cc1,5.0,5.146893523211647,5.362610525751147
176155::TRPM6::19308,TRPM6,176155,CS(=O)c1ccc(-c2nc(-c3ccc(F)cc3)c(-c3ccncc3)[nH]2)cc1,5.0,5.146893523211647,5.242793186484051
176155::TSSK1B::19309,TSSK1B,176155,CS(=O)c1ccc(-c2nc(-c3ccc(F)cc3)c(-c3ccncc3)[nH]2)cc1,5.0,5.146893523211647,5.079439279023611
176155::ULK1::19314,ULK1,176155,CS(=O)c1ccc(-c2nc(-c3ccc(F)cc3)c(-c3ccncc3)[nH]2)cc1,5.0,5.146893523211647,5.176313026958969
24779724::ACVR2A::19334,ACVR2A,24779724,Cn1cc(-c2ccc3nnc(Sc4ccc5ncccc5c4)n3n2)cn1,5.0,5.018295986120428,5.1991919361915455
24779724::AKT1::19339,AKT1,24779724,Cn1cc(-c2ccc3nnc(Sc4ccc5ncccc5c4)n3n2)cn1,5.0,5.018295986120428,4.930470761864244
24779724::AMPK-alpha1::19343,AMPK-alpha1,24779724,Cn1cc(-c2ccc3nnc(Sc4ccc5ncccc5c4)n3n2)cn1,5.0,5.018295986120428,5.008740250020181
24779724::ARK5::19346,ARK5,24779724,Cn1cc(-c2ccc3nnc(Sc4ccc5ncccc5c4)n3n2)cn1,5.0,5.018295986120428,4.984695158977929
24779724::AXL::19352,AXL,24779724,Cn1cc(-c2ccc3nnc(Sc4ccc5ncccc5c4)n3n2)cn1,5.0,5.018295986120428,5.165699384296118
24779724::BIKE::19353,BIKE,24779724,Cn1cc(-c2ccc3nnc(Sc4ccc5ncccc5c4)n3n2)cn1,5.0,5.018295986120428,5.163424686485071
24779724::BLK::19354,BLK,24779724,Cn1cc(-c2ccc3nnc(Sc4ccc5ncccc5c4)n3n2)cn1,5.0,5.018295986120428,4.960537517108797
24779724::BMPR1A::19355,BMPR1A,24779724,Cn1cc(-c2ccc3nnc(Sc4ccc5ncccc5c4)n3n2)cn1,5.0,5.018295986120428,5.000755833398688
24779724::BRAF(V600E)::19359,BRAF(V600E),24779724,Cn1cc(-c2ccc3nnc(Sc4ccc5ncccc5c4)n3n2)cn1,5.0,5.018295986120428,4.986734419719926
24779724::BRSK1::19361,BRSK1,24779724,Cn1cc(-c2ccc3nnc(Sc4ccc5ncccc5c4)n3n2)cn1,5.0,5.018295986120428,5.014343408081662
24779724::CAMK1::19364,CAMK1,24779724,Cn1cc(-c2ccc3nnc(Sc4ccc5ncccc5c4)n3n2)cn1,5.0,5.018295986120428,4.967123517924826
24779724::CAMK1D::19365,CAMK1D,24779724,Cn1cc(-c2ccc3nnc(Sc4ccc5ncccc5c4)n3n2)cn1,5.0,5.018295986120428,5.001898837356844
24779724::CAMK1G::19366,CAMK1G,24779724,Cn1cc(-c2ccc3nnc(Sc4ccc5ncccc5c4)n3n2)cn1,5.0,5.018295986120428,5.0111404760943925
24779724::CAMK2G::19370,CAMK2G,24779724,Cn1cc(-c2ccc3nnc(Sc4ccc5ncccc5c4)n3n2)cn1,5.0,5.018295986120428,5.034449857906979
24779724::CAMK4::19371,CAMK4,24779724,Cn1cc(-c2ccc3nnc(Sc4ccc5ncccc5c4)n3n2)cn1,5.0,5.018295986120428,4.921512560219998
24779724::CAMKK1::19372,CAMKK1,24779724,Cn1cc(-c2ccc3nnc(Sc4ccc5ncccc5c4)n3n2)cn1,5.0,5.018295986120428,5.0221267774976255
24779724::CDKL2::19387,CDKL2,24779724,Cn1cc(-c2ccc3nnc(Sc4ccc5ncccc5c4)n3n2)cn1,5.0,5.018295986120428,5.051563461312055
24779724::CDKL5::19389,CDKL5,24779724,Cn1cc(-c2ccc3nnc(Sc4ccc5ncccc5c4)n3n2)cn1,5.0,5.018295986120428,4.94712642686394
24779724::CLK1::19393,CLK1,24779724,Cn1cc(-c2ccc3nnc(Sc4ccc5ncccc5c4)n3n2)cn1,5.0,5.018295986120428,5.199450660958674
24779724::CLK2::19394,CLK2,24779724,Cn1cc(-c2ccc3nnc(Sc4ccc5ncccc5c4)n3n2)cn1,5.0,5.018295986120428,5.211824057080138
24779724::CSNK1A1L::19400,CSNK1A1L,24779724,Cn1cc(-c2ccc3nnc(Sc4ccc5ncccc5c4)n3n2)cn1,5.0,5.018295986120428,4.957824172729672
24779724::CSNK1G1::19403,CSNK1G1,24779724,Cn1cc(-c2ccc3nnc(Sc4ccc5ncccc5c4)n3n2)cn1,5.0,5.018295986120428,5.025889361605977
24779724::CSNK1G3::19405,CSNK1G3,24779724,Cn1cc(-c2ccc3nnc(Sc4ccc5ncccc5c4)n3n2)cn1,5.0,5.018295986120428,4.943752753140671
24779724::DCAMKL1::19412,DCAMKL1,24779724,Cn1cc(-c2ccc3nnc(Sc4ccc5ncccc5c4)n3n2)cn1,5.0,5.018295986120428,4.980793483039094
24779724::DCAMKL2::19413,DCAMKL2,24779724,Cn1cc(-c2ccc3nnc(Sc4ccc5ncccc5c4)n3n2)cn1,5.0,5.018295986120428,5.022187145827221
24779724::DMPK::19418,DMPK,24779724,Cn1cc(-c2ccc3nnc(Sc4ccc5ncccc5c4)n3n2)cn1,5.0,5.018295986120428,4.975846158330349
24779724::DYRK1A::19422,DYRK1A,24779724,Cn1cc(-c2ccc3nnc(Sc4ccc5ncccc5c4)n3n2)cn1,6.107905397309519,5.018295986120428,5.043186153166023
24779724::EPHA6::19432,EPHA6,24779724,Cn1cc(-c2ccc3nnc(Sc4ccc5ncccc5c4)n3n2)cn1,5.0,5.018295986120428,5.0642227419802195
24779724::ERBB2::19440,ERBB2,24779724,Cn1cc(-c2ccc3nnc(Sc4ccc5ncccc5c4)n3n2)cn1,5.0,5.018295986120428,5.0168565678781185
24779724::FGFR3(G697C)::19455,FGFR3(G697C),24779724,Cn1cc(-c2ccc3nnc(Sc4ccc5ncccc5c4)n3n2)cn1,5.0,5.018295986120428,5.055113716896296
24779724::FLT1::19458,FLT1,24779724,Cn1cc(-c2ccc3nnc(Sc4ccc5ncccc5c4)n3n2)cn1,5.0,5.018295986120428,5.051460768105864
24779724::FLT4::19460,FLT4,24779724,Cn1cc(-c2ccc3nnc(Sc4ccc5ncccc5c4)n3n2)cn1,5.0,5.018295986120428,4.970846668545611
24779724::FYN::19462,FYN,24779724,Cn1cc(-c2ccc3nnc(Sc4ccc5ncccc5c4)n3n2)cn1,5.0,5.018295986120428,5.0271470656823265
24779724::GAK::19463,GAK,24779724,Cn1cc(-c2ccc3nnc(Sc4ccc5ncccc5c4)n3n2)cn1,5.0,5.018295986120428,5.000092383251581
24779724::HIPK3::19473,HIPK3,24779724,Cn1cc(-c2ccc3nnc(Sc4ccc5ncccc5c4)n3n2)cn1,5.0,5.018295986120428,5.075267359321258
24779724::HUNK::19476,HUNK,24779724,Cn1cc(-c2ccc3nnc(Sc4ccc5ncccc5c4)n3n2)cn1,5.0,5.018295986120428,4.989001695985993
24779724::ICK::19477,ICK,24779724,Cn1cc(-c2ccc3nnc(Sc4ccc5ncccc5c4)n3n2)cn1,5.0,5.018295986120428,4.96652755040177
24779724::IKK-alpha::19479,IKK-alpha,24779724,Cn1cc(-c2ccc3nnc(Sc4ccc5ncccc5c4)n3n2)cn1,5.0,5.018295986120428,4.9877172789125375
24779724::IKK-epsilon::19481,IKK-epsilon,24779724,Cn1cc(-c2ccc3nnc(Sc4ccc5ncccc5c4)n3n2)cn1,5.0,5.018295986120428,4.946407124898511
24779724::JAK3(JH1domain-catalytic)::19490,JAK3(JH1domain-catalytic),24779724,Cn1cc(-c2ccc3nnc(Sc4ccc5ncccc5c4)n3n2)cn1,5.0,5.018295986120428,5.000870777528913
24779724::JNK1::19491,JNK1,24779724,Cn1cc(-c2ccc3nnc(Sc4ccc5ncccc5c4)n3n2)cn1,5.376750709602099,5.018295986120428,5.0445312149495445
24779724::JNK2::19492,JNK2,24779724,Cn1cc(-c2ccc3nnc(Sc4ccc5ncccc5c4)n3n2)cn1,5.0,5.018295986120428,5.034740160124813
24779724::LOK::19501,LOK,24779724,Cn1cc(-c2ccc3nnc(Sc4ccc5ncccc5c4)n3n2)cn1,5.0,5.018295986120428,5.185993456994533
24779724::MAK::19506,MAK,24779724,Cn1cc(-c2ccc3nnc(Sc4ccc5ncccc5c4)n3n2)cn1,5.0,5.018295986120428,5.102193300630322
24779724::MAP3K15::19508,MAP3K15,24779724,Cn1cc(-c2ccc3nnc(Sc4ccc5ncccc5c4)n3n2)cn1,5.0,5.018295986120428,4.995885325279144
24779724::MAP4K2::19512,MAP4K2,24779724,Cn1cc(-c2ccc3nnc(Sc4ccc5ncccc5c4)n3n2)cn1,5.0,5.018295986120428,5.011064276088326
24779724::MAP4K3::19513,MAP4K3,24779724,Cn1cc(-c2ccc3nnc(Sc4ccc5ncccc5c4)n3n2)cn1,5.0,5.018295986120428,5.070565350176702
24779724::MEK1::19523,MEK1,24779724,Cn1cc(-c2ccc3nnc(Sc4ccc5ncccc5c4)n3n2)cn1,5.0,5.018295986120428,5.098051537100041
24779724::MELK::19529,MELK,24779724,Cn1cc(-c2ccc3nnc(Sc4ccc5ncccc5c4)n3n2)cn1,5.0,5.018295986120428,5.010180509401061
24779724::MLK1::19537,MLK1,24779724,Cn1cc(-c2ccc3nnc(Sc4ccc5ncccc5c4)n3n2)cn1,5.0,5.018295986120428,5.073531929156091
24779724::MLK2::19538,MLK2,24779724,Cn1cc(-c2ccc3nnc(Sc4ccc5ncccc5c4)n3n2)cn1,5.0,5.018295986120428,4.987570484856336
24779724::MLK3::19539,MLK3,24779724,Cn1cc(-c2ccc3nnc(Sc4ccc5ncccc5c4)n3n2)cn1,5.0,5.018295986120428,5.07984029660592
24779724::MST1::19542,MST1,24779724,Cn1cc(-c2ccc3nnc(Sc4ccc5ncccc5c4)n3n2)cn1,5.0,5.018295986120428,5.026159196232401
24779724::MST1R::19543,MST1R,24779724,Cn1cc(-c2ccc3nnc(Sc4ccc5ncccc5c4)n3n2)cn1,5.0,5.018295986120428,5.015445235109577
24779724::MST2::19544,MST2,24779724,Cn1cc(-c2ccc3nnc(Sc4ccc5ncccc5c4)n3n2)cn1,5.0,5.018295986120428,5.093324305072513
24779724::MST3::19545,MST3,24779724,Cn1cc(-c2ccc3nnc(Sc4ccc5ncccc5c4)n3n2)cn1,5.0,5.018295986120428,5.028794167352318
24779724::MYLK::19549,MYLK,24779724,Cn1cc(-c2ccc3nnc(Sc4ccc5ncccc5c4)n3n2)cn1,5.0,5.018295986120428,5.114146741135309
24779724::MYLK2::19550,MYLK2,24779724,Cn1cc(-c2ccc3nnc(Sc4ccc5ncccc5c4)n3n2)cn1,5.0,5.018295986120428,5.022680294172282
24779724::NEK1::19556,NEK1,24779724,Cn1cc(-c2ccc3nnc(Sc4ccc5ncccc5c4)n3n2)cn1,5.0,5.018295986120428,5.0186540695767645
24779724::p38-alpha::19568,p38-alpha,24779724,Cn1cc(-c2ccc3nnc(Sc4ccc5ncccc5c4)n3n2)cn1,5.0,5.018295986120428,4.995228662648761
24779724::PAK4::19575,PAK4,24779724,Cn1cc(-c2ccc3nnc(Sc4ccc5ncccc5c4)n3n2)cn1,5.0,5.018295986120428,5.138198901432616
24779724::PFPK5(Pfalciparum)::19585,PFPK5(Pfalciparum),24779724,Cn1cc(-c2ccc3nnc(Sc4ccc5ncccc5c4)n3n2)cn1,5.0,5.018295986120428,4.986185755506207
24779724::PIK3CA(Q546K)::19592,PIK3CA(Q546K),24779724,Cn1cc(-c2ccc3nnc(Sc4ccc5ncccc5c4)n3n2)cn1,5.0,5.018295986120428,4.987081098153179
24779724::PIK3CD::19594,PIK3CD,24779724,Cn1cc(-c2ccc3nnc(Sc4ccc5ncccc5c4)n3n2)cn1,5.0,5.018295986120428,4.99216498965495
24779724::PIM3::19599,PIM3,24779724,Cn1cc(-c2ccc3nnc(Sc4ccc5ncccc5c4)n3n2)cn1,5.0,5.018295986120428,4.968789495370622
24779724::PRKCE::19615,PRKCE,24779724,Cn1cc(-c2ccc3nnc(Sc4ccc5ncccc5c4)n3n2)cn1,5.0,5.018295986120428,5.072162722513803
24779724::PYK2::19627,PYK2,24779724,Cn1cc(-c2ccc3nnc(Sc4ccc5ncccc5c4)n3n2)cn1,5.0,5.018295986120428,5.125163611581306
24779724::RIPK5::19637,RIPK5,24779724,Cn1cc(-c2ccc3nnc(Sc4ccc5ncccc5c4)n3n2)cn1,5.0,5.018295986120428,4.993965988848863
24779724::RSK2(KinDom.1-N-terminal)::19644,RSK2(KinDom.1-N-terminal),24779724,Cn1cc(-c2ccc3nnc(Sc4ccc5ncccc5c4)n3n2)cn1,5.0,5.018295986120428,5.014970715349549
24779724::SNARK::19654,SNARK,24779724,Cn1cc(-c2ccc3nnc(Sc4ccc5ncccc5c4)n3n2)cn1,5.0,5.018295986120428,5.038902063786988
24779724::TBK1::19671,TBK1,24779724,Cn1cc(-c2ccc3nnc(Sc4ccc5ncccc5c4)n3n2)cn1,5.0,5.018295986120428,5.013046450095256
24779724::TNK1::19681,TNK1,24779724,Cn1cc(-c2ccc3nnc(Sc4ccc5ncccc5c4)n3n2)cn1,5.0,5.018295986120428,5.1029556423239315
24779724::TRKC::19686,TRKC,24779724,Cn1cc(-c2ccc3nnc(Sc4ccc5ncccc5c4)n3n2)cn1,5.0,5.018295986120428,5.190262160403139
24779724::TRPM6::19687,TRPM6,24779724,Cn1cc(-c2ccc3nnc(Sc4ccc5ncccc5c4)n3n2)cn1,5.0,5.018295986120428,5.0330509590951245
24779724::TSSK1B::19688,TSSK1B,24779724,Cn1cc(-c2ccc3nnc(Sc4ccc5ncccc5c4)n3n2)cn1,5.0,5.018295986120428,4.977496269987741
24779724::ULK1::19693,ULK1,24779724,Cn1cc(-c2ccc3nnc(Sc4ccc5ncccc5c4)n3n2)cn1,5.0,5.018295986120428,5.040397973264383
3025986::ACVR2A::19713,ACVR2A,3025986,CC(C)(C)c1cnc(CSc2cnc(NC(=O)C3CCNCC3)s2)o1,5.0,5.23318955766113,5.337054108744517
3025986::AKT1::19718,AKT1,3025986,CC(C)(C)c1cnc(CSc2cnc(NC(=O)C3CCNCC3)s2)o1,5.0,5.23318955766113,5.138636362361618
3025986::AMPK-alpha1::19722,AMPK-alpha1,3025986,CC(C)(C)c1cnc(CSc2cnc(NC(=O)C3CCNCC3)s2)o1,5.086186147616283,5.23318955766113,5.262732571063508
3025986::ARK5::19725,ARK5,3025986,CC(C)(C)c1cnc(CSc2cnc(NC(=O)C3CCNCC3)s2)o1,5.0,5.23318955766113,5.111661848155104
3025986::AXL::19731,AXL,3025986,CC(C)(C)c1cnc(CSc2cnc(NC(=O)C3CCNCC3)s2)o1,5.0,5.23318955766113,5.251918588076185
3025986::BIKE::19732,BIKE,3025986,CC(C)(C)c1cnc(CSc2cnc(NC(=O)C3CCNCC3)s2)o1,5.0,5.23318955766113,5.296347113294503
3025986::BLK::19733,BLK,3025986,CC(C)(C)c1cnc(CSc2cnc(NC(=O)C3CCNCC3)s2)o1,5.0,5.23318955766113,5.232628782264453
3025986::BMPR1A::19734,BMPR1A,3025986,CC(C)(C)c1cnc(CSc2cnc(NC(=O)C3CCNCC3)s2)o1,5.0,5.23318955766113,5.109938320004575
3025986::BRAF(V600E)::19738,BRAF(V600E),3025986,CC(C)(C)c1cnc(CSc2cnc(NC(=O)C3CCNCC3)s2)o1,5.886056647693163,5.23318955766113,5.2031849509705586
3025986::BRSK1::19740,BRSK1,3025986,CC(C)(C)c1cnc(CSc2cnc(NC(=O)C3CCNCC3)s2)o1,5.0,5.23318955766113,5.290067521027237
3025986::CAMK1::19743,CAMK1,3025986,CC(C)(C)c1cnc(CSc2cnc(NC(=O)C3CCNCC3)s2)o1,5.0,5.23318955766113,5.169665922907806
3025986::CAMK1D::19744,CAMK1D,3025986,CC(C)(C)c1cnc(CSc2cnc(NC(=O)C3CCNCC3)s2)o1,5.0,5.23318955766113,5.147636671717336
3025986::CAMK1G::19745,CAMK1G,3025986,CC(C)(C)c1cnc(CSc2cnc(NC(=O)C3CCNCC3)s2)o1,5.0,5.23318955766113,5.164986239347128
3025986::CAMK2G::19749,CAMK2G,3025986,CC(C)(C)c1cnc(CSc2cnc(NC(=O)C3CCNCC3)s2)o1,5.0,5.23318955766113,5.1333818327827405
3025986::CAMK4::19750,CAMK4,3025986,CC(C)(C)c1cnc(CSc2cnc(NC(=O)C3CCNCC3)s2)o1,5.0,5.23318955766113,5.077380017724021
3025986::CAMKK1::19751,CAMKK1,3025986,CC(C)(C)c1cnc(CSc2cnc(NC(=O)C3CCNCC3)s2)o1,5.0,5.23318955766113,5.1440077844039385
3025986::CDKL2::19766,CDKL2,3025986,CC(C)(C)c1cnc(CSc2cnc(NC(=O)C3CCNCC3)s2)o1,7.387216143280264,5.23318955766113,5.34425882024827
3025986::CDKL5::19768,CDKL5,3025986,CC(C)(C)c1cnc(CSc2cnc(NC(=O)C3CCNCC3)s2)o1,8.769551078621726,5.23318955766113,5.162041943052321
3025986::CLK1::19772,CLK1,3025986,CC(C)(C)c1cnc(CSc2cnc(NC(=O)C3CCNCC3)s2)o1,6.3872161432802645,5.23318955766113,5.347132211042677
3025986::CLK2::19773,CLK2,3025986,CC(C)(C)c1cnc(CSc2cnc(NC(=O)C3CCNCC3)s2)o1,5.958607314841775,5.23318955766113,5.444488039819005
3025986::CSNK1A1L::19779,CSNK1A1L,3025986,CC(C)(C)c1cnc(CSc2cnc(NC(=O)C3CCNCC3)s2)o1,5.0,5.23318955766113,5.415834932244573
3025986::CSNK1G1::19782,CSNK1G1,3025986,CC(C)(C)c1cnc(CSc2cnc(NC(=O)C3CCNCC3)s2)o1,5.0,5.23318955766113,5.189372279198357
3025986::CSNK1G3::19784,CSNK1G3,3025986,CC(C)(C)c1cnc(CSc2cnc(NC(=O)C3CCNCC3)s2)o1,5.0,5.23318955766113,5.19526317026171
3025986::DCAMKL1::19791,DCAMKL1,3025986,CC(C)(C)c1cnc(CSc2cnc(NC(=O)C3CCNCC3)s2)o1,5.795880017344075,5.23318955766113,5.156201662343383
3025986::DCAMKL2::19792,DCAMKL2,3025986,CC(C)(C)c1cnc(CSc2cnc(NC(=O)C3CCNCC3)s2)o1,6.0,5.23318955766113,5.116219898120139
3025986::DMPK::19797,DMPK,3025986,CC(C)(C)c1cnc(CSc2cnc(NC(=O)C3CCNCC3)s2)o1,5.0,5.23318955766113,5.156682698539347
3025986::DYRK1A::19801,DYRK1A,3025986,CC(C)(C)c1cnc(CSc2cnc(NC(=O)C3CCNCC3)s2)o1,6.468521082957745,5.23318955766113,5.243090378634383
3025986::EPHA6::19811,EPHA6,3025986,CC(C)(C)c1cnc(CSc2cnc(NC(=O)C3CCNCC3)s2)o1,5.0,5.23318955766113,5.33487120701146
3025986::ERBB2::19819,ERBB2,3025986,CC(C)(C)c1cnc(CSc2cnc(NC(=O)C3CCNCC3)s2)o1,5.0,5.23318955766113,5.0593560695573085
3025986::FGFR3(G697C)::19834,FGFR3(G697C),3025986,CC(C)(C)c1cnc(CSc2cnc(NC(=O)C3CCNCC3)s2)o1,5.0,5.23318955766113,5.158642659372205
3025986::FLT1::19837,FLT1,3025986,CC(C)(C)c1cnc(CSc2cnc(NC(=O)C3CCNCC3)s2)o1,5.004364805402449,5.23318955766113,5.12659332402166
3025986::FLT4::19839,FLT4,3025986,CC(C)(C)c1cnc(CSc2cnc(NC(=O)C3CCNCC3)s2)o1,5.0,5.23318955766113,5.386900813765141
3025986::FYN::19841,FYN,3025986,CC(C)(C)c1cnc(CSc2cnc(NC(=O)C3CCNCC3)s2)o1,5.0,5.23318955766113,5.1417648535243154
3025986::GAK::19842,GAK,3025986,CC(C)(C)c1cnc(CSc2cnc(NC(=O)C3CCNCC3)s2)o1,5.7447274948966935,5.23318955766113,5.185985205493618
3025986::HIPK3::19852,HIPK3,3025986,CC(C)(C)c1cnc(CSc2cnc(NC(=O)C3CCNCC3)s2)o1,5.698970004336019,5.23318955766113,5.298728369380168
3025986::HUNK::19855,HUNK,3025986,CC(C)(C)c1cnc(CSc2cnc(NC(=O)C3CCNCC3)s2)o1,5.0,5.23318955766113,5.2578811172507285
3025986::ICK::19856,ICK,3025986,CC(C)(C)c1cnc(CSc2cnc(NC(=O)C3CCNCC3)s2)o1,6.823908740944319,5.23318955766113,5.337301318496922
3025986::IKK-alpha::19858,IKK-alpha,3025986,CC(C)(C)c1cnc(CSc2cnc(NC(=O)C3CCNCC3)s2)o1,5.0,5.23318955766113,5.200051859914862
3025986::IKK-epsilon::19860,IKK-epsilon,3025986,CC(C)(C)c1cnc(CSc2cnc(NC(=O)C3CCNCC3)s2)o1,5.0,5.23318955766113,5.067626752920072
3025986::JAK3(JH1domain-catalytic)::19869,JAK3(JH1domain-catalytic),3025986,CC(C)(C)c1cnc(CSc2cnc(NC(=O)C3CCNCC3)s2)o1,5.0,5.23318955766113,5.140497658126421
3025986::JNK1::19870,JNK1,3025986,CC(C)(C)c1cnc(CSc2cnc(NC(=O)C3CCNCC3)s2)o1,5.0,5.23318955766113,5.50311367563577
3025986::JNK2::19871,JNK2,3025986,CC(C)(C)c1cnc(CSc2cnc(NC(=O)C3CCNCC3)s2)o1,5.0,5.23318955766113,5.646337712406622
3025986::LOK::19880,LOK,3025986,CC(C)(C)c1cnc(CSc2cnc(NC(=O)C3CCNCC3)s2)o1,5.0,5.23318955766113,5.374996778611743
3025986::MAK::19885,MAK,3025986,CC(C)(C)c1cnc(CSc2cnc(NC(=O)C3CCNCC3)s2)o1,5.638272163982407,5.23318955766113,5.202820222236882
3025986::MAP3K15::19887,MAP3K15,3025986,CC(C)(C)c1cnc(CSc2cnc(NC(=O)C3CCNCC3)s2)o1,5.0,5.23318955766113,5.176708888990594
3025986::MAP4K2::19891,MAP4K2,3025986,CC(C)(C)c1cnc(CSc2cnc(NC(=O)C3CCNCC3)s2)o1,5.0,5.23318955766113,5.146827555457962
3025986::MAP4K3::19892,MAP4K3,3025986,CC(C)(C)c1cnc(CSc2cnc(NC(=O)C3CCNCC3)s2)o1,5.0,5.23318955766113,5.211775362823143
3025986::MEK1::19902,MEK1,3025986,CC(C)(C)c1cnc(CSc2cnc(NC(=O)C3CCNCC3)s2)o1,5.0,5.23318955766113,5.196623067934642
3025986::MELK::19908,MELK,3025986,CC(C)(C)c1cnc(CSc2cnc(NC(=O)C3CCNCC3)s2)o1,5.251811972993799,5.23318955766113,5.155203867165076
3025986::MLK1::19916,MLK1,3025986,CC(C)(C)c1cnc(CSc2cnc(NC(=O)C3CCNCC3)s2)o1,5.0,5.23318955766113,5.395905472990969
3025986::MLK2::19917,MLK2,3025986,CC(C)(C)c1cnc(CSc2cnc(NC(=O)C3CCNCC3)s2)o1,5.0,5.23318955766113,5.084959316637925
3025986::MLK3::19918,MLK3,3025986,CC(C)(C)c1cnc(CSc2cnc(NC(=O)C3CCNCC3)s2)o1,5.0,5.23318955766113,5.216015232682803
3025986::MST1::19921,MST1,3025986,CC(C)(C)c1cnc(CSc2cnc(NC(=O)C3CCNCC3)s2)o1,5.0,5.23318955766113,5.175182138488057
3025986::MST1R::19922,MST1R,3025986,CC(C)(C)c1cnc(CSc2cnc(NC(=O)C3CCNCC3)s2)o1,5.0,5.23318955766113,5.207767615437381
3025986::MST2::19923,MST2,3025986,CC(C)(C)c1cnc(CSc2cnc(NC(=O)C3CCNCC3)s2)o1,5.0,5.23318955766113,5.209879643333333
3025986::MST3::19924,MST3,3025986,CC(C)(C)c1cnc(CSc2cnc(NC(=O)C3CCNCC3)s2)o1,5.0,5.23318955766113,5.297756360352709
3025986::MYLK::19928,MYLK,3025986,CC(C)(C)c1cnc(CSc2cnc(NC(=O)C3CCNCC3)s2)o1,5.0,5.23318955766113,5.156940561145233
3025986::MYLK2::19929,MYLK2,3025986,CC(C)(C)c1cnc(CSc2cnc(NC(=O)C3CCNCC3)s2)o1,6.008773924307505,5.23318955766113,5.20188664480161
3025986::NEK1::19935,NEK1,3025986,CC(C)(C)c1cnc(CSc2cnc(NC(=O)C3CCNCC3)s2)o1,5.0,5.23318955766113,5.151453338538258
3025986::p38-alpha::19947,p38-alpha,3025986,CC(C)(C)c1cnc(CSc2cnc(NC(=O)C3CCNCC3)s2)o1,5.0,5.23318955766113,5.244262025968643
3025986::PAK4::19954,PAK4,3025986,CC(C)(C)c1cnc(CSc2cnc(NC(=O)C3CCNCC3)s2)o1,5.0,5.23318955766113,5.15455564754366
3025986::PFPK5(Pfalciparum)::19964,PFPK5(Pfalciparum),3025986,CC(C)(C)c1cnc(CSc2cnc(NC(=O)C3CCNCC3)s2)o1,5.0,5.23318955766113,5.357485753809905
3025986::PIK3CA(Q546K)::19971,PIK3CA(Q546K),3025986,CC(C)(C)c1cnc(CSc2cnc(NC(=O)C3CCNCC3)s2)o1,5.0,5.23318955766113,5.243973388310868
3025986::PIK3CD::19973,PIK3CD,3025986,CC(C)(C)c1cnc(CSc2cnc(NC(=O)C3CCNCC3)s2)o1,5.0,5.23318955766113,5.126520194567472
3025986::PIM3::19978,PIM3,3025986,CC(C)(C)c1cnc(CSc2cnc(NC(=O)C3CCNCC3)s2)o1,5.0,5.23318955766113,5.1918599223964215
3025986::PRKCE::19994,PRKCE,3025986,CC(C)(C)c1cnc(CSc2cnc(NC(=O)C3CCNCC3)s2)o1,5.0,5.23318955766113,5.173792645788531
3025986::PYK2::20006,PYK2,3025986,CC(C)(C)c1cnc(CSc2cnc(NC(=O)C3CCNCC3)s2)o1,5.0,5.23318955766113,5.21041839432679
3025986::RIPK5::20016,RIPK5,3025986,CC(C)(C)c1cnc(CSc2cnc(NC(=O)C3CCNCC3)s2)o1,5.0,5.23318955766113,5.17732862921214
3025986::RSK2(KinDom.1-N-terminal)::20023,RSK2(KinDom.1-N-terminal),3025986,CC(C)(C)c1cnc(CSc2cnc(NC(=O)C3CCNCC3)s2)o1,5.0,5.23318955766113,5.2181951454022055
3025986::SNARK::20033,SNARK,3025986,CC(C)(C)c1cnc(CSc2cnc(NC(=O)C3CCNCC3)s2)o1,5.769551078621726,5.23318955766113,5.180982547645494
3025986::TBK1::20050,TBK1,3025986,CC(C)(C)c1cnc(CSc2cnc(NC(=O)C3CCNCC3)s2)o1,5.0,5.23318955766113,5.340569543592438
3025986::TNK1::20060,TNK1,3025986,CC(C)(C)c1cnc(CSc2cnc(NC(=O)C3CCNCC3)s2)o1,5.0,5.23318955766113,5.407623678795246
3025986::TRKC::20065,TRKC,3025986,CC(C)(C)c1cnc(CSc2cnc(NC(=O)C3CCNCC3)s2)o1,5.0,5.23318955766113,5.439704912855376
3025986::TRPM6::20066,TRPM6,3025986,CC(C)(C)c1cnc(CSc2cnc(NC(=O)C3CCNCC3)s2)o1,5.0,5.23318955766113,5.1710649864281555
3025986::TSSK1B::20067,TSSK1B,3025986,CC(C)(C)c1cnc(CSc2cnc(NC(=O)C3CCNCC3)s2)o1,5.0,5.23318955766113,5.117120957027702
3025986::ULK1::20072,ULK1,3025986,CC(C)(C)c1cnc(CSc2cnc(NC(=O)C3CCNCC3)s2)o1,5.552841968657781,5.23318955766113,5.282456964286706
10138260::ACVR2A::20092,ACVR2A,10138260,Cc1[nH]c(C=C2C(=O)Nc3ccc(F)cc32)c(C)c1C(=O)NCC(O)CN1CCOCC1,5.0,5.791595906129761,5.934075120950051
10138260::AKT1::20097,AKT1,10138260,Cc1[nH]c(C=C2C(=O)Nc3ccc(F)cc32)c(C)c1C(=O)NCC(O)CN1CCOCC1,5.0,5.791595906129761,5.465688174118765
10138260::AMPK-alpha1::20101,AMPK-alpha1,10138260,Cc1[nH]c(C=C2C(=O)Nc3ccc(F)cc32)c(C)c1C(=O)NCC(O)CN1CCOCC1,7.0,5.791595906129761,5.9954613036219415
10138260::ARK5::20104,ARK5,10138260,Cc1[nH]c(C=C2C(=O)Nc3ccc(F)cc32)c(C)c1C(=O)NCC(O)CN1CCOCC1,6.337242168318426,5.791595906129761,5.8064196713854095
10138260::AXL::20110,AXL,10138260,Cc1[nH]c(C=C2C(=O)Nc3ccc(F)cc32)c(C)c1C(=O)NCC(O)CN1CCOCC1,7.075720713938118,5.791595906129761,5.773204318159402
10138260::BIKE::20111,BIKE,10138260,Cc1[nH]c(C=C2C(=O)Nc3ccc(F)cc32)c(C)c1C(=O)NCC(O)CN1CCOCC1,7.568636235841012,5.791595906129761,6.463526063718652
10138260::BLK::20112,BLK,10138260,Cc1[nH]c(C=C2C(=O)Nc3ccc(F)cc32)c(C)c1C(=O)NCC(O)CN1CCOCC1,6.1249387366083,5.791595906129761,5.557523109846022
10138260::BMPR1A::20113,BMPR1A,10138260,Cc1[nH]c(C=C2C(=O)Nc3ccc(F)cc32)c(C)c1C(=O)NCC(O)CN1CCOCC1,5.0,5.791595906129761,5.391111617593064
10138260::BRAF(V600E)::20117,BRAF(V600E),10138260,Cc1[nH]c(C=C2C(=O)Nc3ccc(F)cc32)c(C)c1C(=O)NCC(O)CN1CCOCC1,5.0,5.791595906129761,6.196074825740514
10138260::BRSK1::20119,BRSK1,10138260,Cc1[nH]c(C=C2C(=O)Nc3ccc(F)cc32)c(C)c1C(=O)NCC(O)CN1CCOCC1,5.301029995663981,5.791595906129761,5.87375080438515
10138260::CAMK1::20122,CAMK1,10138260,Cc1[nH]c(C=C2C(=O)Nc3ccc(F)cc32)c(C)c1C(=O)NCC(O)CN1CCOCC1,5.481486060122112,5.791595906129761,5.844394900248757
10138260::CAMK1D::20123,CAMK1D,10138260,Cc1[nH]c(C=C2C(=O)Nc3ccc(F)cc32)c(C)c1C(=O)NCC(O)CN1CCOCC1,6.013228265733755,5.791595906129761,6.1117201842031275
10138260::CAMK1G::20124,CAMK1G,10138260,Cc1[nH]c(C=C2C(=O)Nc3ccc(F)cc32)c(C)c1C(=O)NCC(O)CN1CCOCC1,6.026872146400301,5.791595906129761,5.817065790470986
10138260::CAMK2G::20128,CAMK2G,10138260,Cc1[nH]c(C=C2C(=O)Nc3ccc(F)cc32)c(C)c1C(=O)NCC(O)CN1CCOCC1,5.958607314841775,5.791595906129761,5.918346646585869
10138260::CAMK4::20129,CAMK4,10138260,Cc1[nH]c(C=C2C(=O)Nc3ccc(F)cc32)c(C)c1C(=O)NCC(O)CN1CCOCC1,5.568636235841012,5.791595906129761,5.8239690763456435
10138260::CAMKK1::20130,CAMKK1,10138260,Cc1[nH]c(C=C2C(=O)Nc3ccc(F)cc32)c(C)c1C(=O)NCC(O)CN1CCOCC1,6.070581074285707,5.791595906129761,5.673601763035733
10138260::CDKL2::20145,CDKL2,10138260,Cc1[nH]c(C=C2C(=O)Nc3ccc(F)cc32)c(C)c1C(=O)NCC(O)CN1CCOCC1,5.4089353929735005,5.791595906129761,5.950519207901656
10138260::CDKL5::20147,CDKL5,10138260,Cc1[nH]c(C=C2C(=O)Nc3ccc(F)cc32)c(C)c1C(=O)NCC(O)CN1CCOCC1,5.0,5.791595906129761,5.54015888258541
10138260::CLK1::20151,CLK1,10138260,Cc1[nH]c(C=C2C(=O)Nc3ccc(F)cc32)c(C)c1C(=O)NCC(O)CN1CCOCC1,6.443697499232712,5.791595906129761,6.315789270922275
10138260::CLK2::20152,CLK2,10138260,Cc1[nH]c(C=C2C(=O)Nc3ccc(F)cc32)c(C)c1C(=O)NCC(O)CN1CCOCC1,6.823908740944319,5.791595906129761,6.103290206046132
10138260::CSNK1A1L::20158,CSNK1A1L,10138260,Cc1[nH]c(C=C2C(=O)Nc3ccc(F)cc32)c(C)c1C(=O)NCC(O)CN1CCOCC1,5.823908740944319,5.791595906129761,5.611296532042667
10138260::CSNK1G1::20161,CSNK1G1,10138260,Cc1[nH]c(C=C2C(=O)Nc3ccc(F)cc32)c(C)c1C(=O)NCC(O)CN1CCOCC1,6.0,5.791595906129761,5.764031034192899
10138260::CSNK1G3::20163,CSNK1G3,10138260,Cc1[nH]c(C=C2C(=O)Nc3ccc(F)cc32)c(C)c1C(=O)NCC(O)CN1CCOCC1,6.2441251443275085,5.791595906129761,5.571147849517472
10138260::DCAMKL1::20170,DCAMKL1,10138260,Cc1[nH]c(C=C2C(=O)Nc3ccc(F)cc32)c(C)c1C(=O)NCC(O)CN1CCOCC1,6.259637310505756,5.791595906129761,5.944054912899047
10138260::DCAMKL2::20171,DCAMKL2,10138260,Cc1[nH]c(C=C2C(=O)Nc3ccc(F)cc32)c(C)c1C(=O)NCC(O)CN1CCOCC1,5.431798275933005,5.791595906129761,5.7562001863452545
10138260::DMPK::20176,DMPK,10138260,Cc1[nH]c(C=C2C(=O)Nc3ccc(F)cc32)c(C)c1C(=O)NCC(O)CN1CCOCC1,5.0,5.791595906129761,5.859741676765156
10138260::DYRK1A::20180,DYRK1A,10138260,Cc1[nH]c(C=C2C(=O)Nc3ccc(F)cc32)c(C)c1C(=O)NCC(O)CN1CCOCC1,6.585026652029182,5.791595906129761,5.75654113263893
10138260::EPHA6::20190,EPHA6,10138260,Cc1[nH]c(C=C2C(=O)Nc3ccc(F)cc32)c(C)c1C(=O)NCC(O)CN1CCOCC1,5.698970004336019,5.791595906129761,5.640077930676457
10138260::ERBB2::20198,ERBB2,10138260,Cc1[nH]c(C=C2C(=O)Nc3ccc(F)cc32)c(C)c1C(=O)NCC(O)CN1CCOCC1,5.0,5.791595906129761,5.667354499167007
10138260::FGFR3(G697C)::20213,FGFR3(G697C),10138260,Cc1[nH]c(C=C2C(=O)Nc3ccc(F)cc32)c(C)c1C(=O)NCC(O)CN1CCOCC1,6.42021640338319,5.791595906129761,5.956074573999795
10138260::FLT1::20216,FLT1,10138260,Cc1[nH]c(C=C2C(=O)Nc3ccc(F)cc32)c(C)c1C(=O)NCC(O)CN1CCOCC1,8.327902142064282,5.791595906129761,6.454453828962957
10138260::FLT4::20218,FLT4,10138260,Cc1[nH]c(C=C2C(=O)Nc3ccc(F)cc32)c(C)c1C(=O)NCC(O)CN1CCOCC1,7.301029995663981,5.791595906129761,5.9201580991617115
10138260::FYN::20220,FYN,10138260,Cc1[nH]c(C=C2C(=O)Nc3ccc(F)cc32)c(C)c1C(=O)NCC(O)CN1CCOCC1,5.585026652029182,5.791595906129761,5.918683692005162
10138260::GAK::20221,GAK,10138260,Cc1[nH]c(C=C2C(=O)Nc3ccc(F)cc32)c(C)c1C(=O)NCC(O)CN1CCOCC1,7.356547323513812,5.791595906129761,5.582125942047675
10138260::HIPK3::20231,HIPK3,10138260,Cc1[nH]c(C=C2C(=O)Nc3ccc(F)cc32)c(C)c1C(=O)NCC(O)CN1CCOCC1,7.080921907623926,5.791595906129761,6.142698437733591
10138260::HUNK::20234,HUNK,10138260,Cc1[nH]c(C=C2C(=O)Nc3ccc(F)cc32)c(C)c1C(=O)NCC(O)CN1CCOCC1,8.431798275933005,5.791595906129761,6.031014361050983
10138260::ICK::20235,ICK,10138260,Cc1[nH]c(C=C2C(=O)Nc3ccc(F)cc32)c(C)c1C(=O)NCC(O)CN1CCOCC1,5.920818753952375,5.791595906129761,5.5485276803579335
10138260::IKK-alpha::20237,IKK-alpha,10138260,Cc1[nH]c(C=C2C(=O)Nc3ccc(F)cc32)c(C)c1C(=O)NCC(O)CN1CCOCC1,6.173925197299173,5.791595906129761,5.419997474440548
10138260::IKK-epsilon::20239,IKK-epsilon,10138260,Cc1[nH]c(C=C2C(=O)Nc3ccc(F)cc32)c(C)c1C(=O)NCC(O)CN1CCOCC1,6.318758762624412,5.791595906129761,5.5583706056451545
10138260::JAK3(JH1domain-catalytic)::20248,JAK3(JH1domain-catalytic),10138260,Cc1[nH]c(C=C2C(=O)Nc3ccc(F)cc32)c(C)c1C(=O)NCC(O)CN1CCOCC1,6.236572006437063,5.791595906129761,5.814782541278122
10138260::JNK1::20249,JNK1,10138260,Cc1[nH]c(C=C2C(=O)Nc3ccc(F)cc32)c(C)c1C(=O)NCC(O)CN1CCOCC1,5.0,5.791595906129761,5.611395577154765
10138260::JNK2::20250,JNK2,10138260,Cc1[nH]c(C=C2C(=O)Nc3ccc(F)cc32)c(C)c1C(=O)NCC(O)CN1CCOCC1,5.481486060122112,5.791595906129761,5.603531298547727
10138260::LOK::20259,LOK,10138260,Cc1[nH]c(C=C2C(=O)Nc3ccc(F)cc32)c(C)c1C(=O)NCC(O)CN1CCOCC1,6.638272163982407,5.791595906129761,6.0158513351610665
10138260::MAK::20264,MAK,10138260,Cc1[nH]c(C=C2C(=O)Nc3ccc(F)cc32)c(C)c1C(=O)NCC(O)CN1CCOCC1,5.0,5.791595906129761,6.229030167654841
10138260::MAP3K15::20266,MAP3K15,10138260,Cc1[nH]c(C=C2C(=O)Nc3ccc(F)cc32)c(C)c1C(=O)NCC(O)CN1CCOCC1,5.920818753952375,5.791595906129761,5.712827744973682
10138260::MAP4K2::20270,MAP4K2,10138260,Cc1[nH]c(C=C2C(=O)Nc3ccc(F)cc32)c(C)c1C(=O)NCC(O)CN1CCOCC1,5.769551078621726,5.791595906129761,5.482842432487152
10138260::MAP4K3::20271,MAP4K3,10138260,Cc1[nH]c(C=C2C(=O)Nc3ccc(F)cc32)c(C)c1C(=O)NCC(O)CN1CCOCC1,6.6777807052660805,5.791595906129761,5.90330574281051
10138260::MEK1::20281,MEK1,10138260,Cc1[nH]c(C=C2C(=O)Nc3ccc(F)cc32)c(C)c1C(=O)NCC(O)CN1CCOCC1,7.113509274827518,5.791595906129761,5.868009470080451
10138260::MELK::20287,MELK,10138260,Cc1[nH]c(C=C2C(=O)Nc3ccc(F)cc32)c(C)c1C(=O)NCC(O)CN1CCOCC1,6.468521082957745,5.791595906129761,5.798273914595548
10138260::MLK1::20295,MLK1,10138260,Cc1[nH]c(C=C2C(=O)Nc3ccc(F)cc32)c(C)c1C(=O)NCC(O)CN1CCOCC1,5.585026652029182,5.791595906129761,6.030299707407541
10138260::MLK2::20296,MLK2,10138260,Cc1[nH]c(C=C2C(=O)Nc3ccc(F)cc32)c(C)c1C(=O)NCC(O)CN1CCOCC1,5.0,5.791595906129761,5.704925945391698
10138260::MLK3::20297,MLK3,10138260,Cc1[nH]c(C=C2C(=O)Nc3ccc(F)cc32)c(C)c1C(=O)NCC(O)CN1CCOCC1,5.769551078621726,5.791595906129761,5.598689869810425
10138260::MST1::20300,MST1,10138260,Cc1[nH]c(C=C2C(=O)Nc3ccc(F)cc32)c(C)c1C(=O)NCC(O)CN1CCOCC1,6.886056647693163,5.791595906129761,6.150833693281378
10138260::MST1R::20301,MST1R,10138260,Cc1[nH]c(C=C2C(=O)Nc3ccc(F)cc32)c(C)c1C(=O)NCC(O)CN1CCOCC1,5.0,5.791595906129761,5.6691425632043915
10138260::MST2::20302,MST2,10138260,Cc1[nH]c(C=C2C(=O)Nc3ccc(F)cc32)c(C)c1C(=O)NCC(O)CN1CCOCC1,7.187086643357144,5.791595906129761,5.821540093376763
10138260::MST3::20303,MST3,10138260,Cc1[nH]c(C=C2C(=O)Nc3ccc(F)cc32)c(C)c1C(=O)NCC(O)CN1CCOCC1,7.0,5.791595906129761,5.654138872188272
10138260::MYLK::20307,MYLK,10138260,Cc1[nH]c(C=C2C(=O)Nc3ccc(F)cc32)c(C)c1C(=O)NCC(O)CN1CCOCC1,6.443697499232712,5.791595906129761,5.978170282510183
10138260::MYLK2::20308,MYLK2,10138260,Cc1[nH]c(C=C2C(=O)Nc3ccc(F)cc32)c(C)c1C(=O)NCC(O)CN1CCOCC1,6.721246399047171,5.791595906129761,5.984675996316532
10138260::NEK1::20314,NEK1,10138260,Cc1[nH]c(C=C2C(=O)Nc3ccc(F)cc32)c(C)c1C(=O)NCC(O)CN1CCOCC1,5.0,5.791595906129761,5.834680599022084
10138260::p38-alpha::20326,p38-alpha,10138260,Cc1[nH]c(C=C2C(=O)Nc3ccc(F)cc32)c(C)c1C(=O)NCC(O)CN1CCOCC1,5.0,5.791595906129761,5.4255679969374455
10138260::PAK4::20333,PAK4,10138260,Cc1[nH]c(C=C2C(=O)Nc3ccc(F)cc32)c(C)c1C(=O)NCC(O)CN1CCOCC1,5.920818753952375,5.791595906129761,6.216301682283305
10138260::PFPK5(Pfalciparum)::20343,PFPK5(Pfalciparum),10138260,Cc1[nH]c(C=C2C(=O)Nc3ccc(F)cc32)c(C)c1C(=O)NCC(O)CN1CCOCC1,5.0,5.791595906129761,5.482294618783585
10138260::PIK3CA(Q546K)::20350,PIK3CA(Q546K),10138260,Cc1[nH]c(C=C2C(=O)Nc3ccc(F)cc32)c(C)c1C(=O)NCC(O)CN1CCOCC1,5.0,5.791595906129761,5.658891158232873
10138260::PIK3CD::20352,PIK3CD,10138260,Cc1[nH]c(C=C2C(=O)Nc3ccc(F)cc32)c(C)c1C(=O)NCC(O)CN1CCOCC1,5.0,5.791595906129761,5.88230758568641
10138260::PIM3::20357,PIM3,10138260,Cc1[nH]c(C=C2C(=O)Nc3ccc(F)cc32)c(C)c1C(=O)NCC(O)CN1CCOCC1,5.619788758288394,5.791595906129761,5.62298928224481
10138260::PRKCE::20373,PRKCE,10138260,Cc1[nH]c(C=C2C(=O)Nc3ccc(F)cc32)c(C)c1C(=O)NCC(O)CN1CCOCC1,5.0,5.791595906129761,5.395693077903729
10138260::PYK2::20385,PYK2,10138260,Cc1[nH]c(C=C2C(=O)Nc3ccc(F)cc32)c(C)c1C(=O)NCC(O)CN1CCOCC1,6.221848749616356,5.791595906129761,5.932390902834792
10138260::RIPK5::20395,RIPK5,10138260,Cc1[nH]c(C=C2C(=O)Nc3ccc(F)cc32)c(C)c1C(=O)NCC(O)CN1CCOCC1,6.031517051446064,5.791595906129761,5.973132842126549
10138260::RSK2(KinDom.1-N-terminal)::20402,RSK2(KinDom.1-N-terminal),10138260,Cc1[nH]c(C=C2C(=O)Nc3ccc(F)cc32)c(C)c1C(=O)NCC(O)CN1CCOCC1,5.6777807052660805,5.791595906129761,5.628669938860995
10138260::SNARK::20412,SNARK,10138260,Cc1[nH]c(C=C2C(=O)Nc3ccc(F)cc32)c(C)c1C(=O)NCC(O)CN1CCOCC1,6.3979400086720375,5.791595906129761,5.970704918402723
10138260::TBK1::20429,TBK1,10138260,Cc1[nH]c(C=C2C(=O)Nc3ccc(F)cc32)c(C)c1C(=O)NCC(O)CN1CCOCC1,6.795880017344075,5.791595906129761,5.887845950775917
10138260::TNK1::20439,TNK1,10138260,Cc1[nH]c(C=C2C(=O)Nc3ccc(F)cc32)c(C)c1C(=O)NCC(O)CN1CCOCC1,5.823908740944319,5.791595906129761,5.773374269069976
10138260::TRKC::20444,TRKC,10138260,Cc1[nH]c(C=C2C(=O)Nc3ccc(F)cc32)c(C)c1C(=O)NCC(O)CN1CCOCC1,6.657577319177793,5.791595906129761,5.985251563446911
10138260::TRPM6::20445,TRPM6,10138260,Cc1[nH]c(C=C2C(=O)Nc3ccc(F)cc32)c(C)c1C(=O)NCC(O)CN1CCOCC1,5.0,5.791595906129761,5.812829803033868
10138260::TSSK1B::20446,TSSK1B,10138260,Cc1[nH]c(C=C2C(=O)Nc3ccc(F)cc32)c(C)c1C(=O)NCC(O)CN1CCOCC1,5.0,5.791595906129761,5.6835558431373725
10138260::ULK1::20451,ULK1,10138260,Cc1[nH]c(C=C2C(=O)Nc3ccc(F)cc32)c(C)c1C(=O)NCC(O)CN1CCOCC1,7.086186147616283,5.791595906129761,5.907977788700027
10127622::ACVR2A::20471,ACVR2A,10127622,Cn1cnc2c(F)c(Nc3ccc(Br)cc3Cl)c(C(=O)NOCCO)cc21,5.0,5.010620820143733,5.00431785997111
10127622::AKT1::20476,AKT1,10127622,Cn1cnc2c(F)c(Nc3ccc(Br)cc3Cl)c(C(=O)NOCCO)cc21,5.0,5.010620820143733,4.947357360948786
10127622::AMPK-alpha1::20480,AMPK-alpha1,10127622,Cn1cnc2c(F)c(Nc3ccc(Br)cc3Cl)c(C(=O)NOCCO)cc21,5.0,5.010620820143733,4.979673469305259
10127622::ARK5::20483,ARK5,10127622,Cn1cnc2c(F)c(Nc3ccc(Br)cc3Cl)c(C(=O)NOCCO)cc21,5.0,5.010620820143733,4.987355359522567
10127622::AXL::20489,AXL,10127622,Cn1cnc2c(F)c(Nc3ccc(Br)cc3Cl)c(C(=O)NOCCO)cc21,5.0,5.010620820143733,5.133870019603213
10127622::BIKE::20490,BIKE,10127622,Cn1cnc2c(F)c(Nc3ccc(Br)cc3Cl)c(C(=O)NOCCO)cc21,5.0,5.010620820143733,5.070317850100781
10127622::BLK::20491,BLK,10127622,Cn1cnc2c(F)c(Nc3ccc(Br)cc3Cl)c(C(=O)NOCCO)cc21,5.0,5.010620820143733,4.9119856462172935
10127622::BMPR1A::20492,BMPR1A,10127622,Cn1cnc2c(F)c(Nc3ccc(Br)cc3Cl)c(C(=O)NOCCO)cc21,5.0,5.010620820143733,4.970412765916096
10127622::BRAF(V600E)::20496,BRAF(V600E),10127622,Cn1cnc2c(F)c(Nc3ccc(Br)cc3Cl)c(C(=O)NOCCO)cc21,5.0,5.010620820143733,5.014576217512664
10127622::BRSK1::20498,BRSK1,10127622,Cn1cnc2c(F)c(Nc3ccc(Br)cc3Cl)c(C(=O)NOCCO)cc21,5.0,5.010620820143733,4.957604116831868
10127622::CAMK1::20501,CAMK1,10127622,Cn1cnc2c(F)c(Nc3ccc(Br)cc3Cl)c(C(=O)NOCCO)cc21,5.0,5.010620820143733,4.952883315964576
10127622::CAMK1D::20502,CAMK1D,10127622,Cn1cnc2c(F)c(Nc3ccc(Br)cc3Cl)c(C(=O)NOCCO)cc21,5.0,5.010620820143733,4.953895034841024
10127622::CAMK1G::20503,CAMK1G,10127622,Cn1cnc2c(F)c(Nc3ccc(Br)cc3Cl)c(C(=O)NOCCO)cc21,5.0,5.010620820143733,4.978652084995057
10127622::CAMK2G::20507,CAMK2G,10127622,Cn1cnc2c(F)c(Nc3ccc(Br)cc3Cl)c(C(=O)NOCCO)cc21,5.0,5.010620820143733,4.919451997189709
10127622::CAMK4::20508,CAMK4,10127622,Cn1cnc2c(F)c(Nc3ccc(Br)cc3Cl)c(C(=O)NOCCO)cc21,5.0,5.010620820143733,5.054014495912716
10127622::CAMKK1::20509,CAMKK1,10127622,Cn1cnc2c(F)c(Nc3ccc(Br)cc3Cl)c(C(=O)NOCCO)cc21,5.0,5.010620820143733,5.038380216021168
10127622::CDKL2::20524,CDKL2,10127622,Cn1cnc2c(F)c(Nc3ccc(Br)cc3Cl)c(C(=O)NOCCO)cc21,5.0,5.010620820143733,4.973207169203203
10127622::CDKL5::20526,CDKL5,10127622,Cn1cnc2c(F)c(Nc3ccc(Br)cc3Cl)c(C(=O)NOCCO)cc21,5.0,5.010620820143733,4.958331425975592
10127622::CLK1::20530,CLK1,10127622,Cn1cnc2c(F)c(Nc3ccc(Br)cc3Cl)c(C(=O)NOCCO)cc21,5.0,5.010620820143733,5.185587518437048
10127622::CLK2::20531,CLK2,10127622,Cn1cnc2c(F)c(Nc3ccc(Br)cc3Cl)c(C(=O)NOCCO)cc21,5.0,5.010620820143733,5.251401304541394
10127622::CSNK1A1L::20537,CSNK1A1L,10127622,Cn1cnc2c(F)c(Nc3ccc(Br)cc3Cl)c(C(=O)NOCCO)cc21,5.0,5.010620820143733,4.933982206989118
10127622::CSNK1G1::20540,CSNK1G1,10127622,Cn1cnc2c(F)c(Nc3ccc(Br)cc3Cl)c(C(=O)NOCCO)cc21,5.0,5.010620820143733,4.969404133462791
10127622::CSNK1G3::20542,CSNK1G3,10127622,Cn1cnc2c(F)c(Nc3ccc(Br)cc3Cl)c(C(=O)NOCCO)cc21,5.0,5.010620820143733,4.953268738512882
10127622::DCAMKL1::20549,DCAMKL1,10127622,Cn1cnc2c(F)c(Nc3ccc(Br)cc3Cl)c(C(=O)NOCCO)cc21,5.0,5.010620820143733,4.963856389872372
10127622::DCAMKL2::20550,DCAMKL2,10127622,Cn1cnc2c(F)c(Nc3ccc(Br)cc3Cl)c(C(=O)NOCCO)cc21,5.0,5.010620820143733,4.955590997510767
10127622::DMPK::20555,DMPK,10127622,Cn1cnc2c(F)c(Nc3ccc(Br)cc3Cl)c(C(=O)NOCCO)cc21,5.0,5.010620820143733,4.947096946444777
10127622::DYRK1A::20559,DYRK1A,10127622,Cn1cnc2c(F)c(Nc3ccc(Br)cc3Cl)c(C(=O)NOCCO)cc21,5.0,5.010620820143733,5.086063278103202
10127622::EPHA6::20569,EPHA6,10127622,Cn1cnc2c(F)c(Nc3ccc(Br)cc3Cl)c(C(=O)NOCCO)cc21,5.0,5.010620820143733,5.222133066709206
10127622::ERBB2::20577,ERBB2,10127622,Cn1cnc2c(F)c(Nc3ccc(Br)cc3Cl)c(C(=O)NOCCO)cc21,5.0,5.010620820143733,5.238147255802685
10127622::FGFR3(G697C)::20592,FGFR3(G697C),10127622,Cn1cnc2c(F)c(Nc3ccc(Br)cc3Cl)c(C(=O)NOCCO)cc21,5.0,5.010620820143733,4.997310714534681
10127622::FLT1::20595,FLT1,10127622,Cn1cnc2c(F)c(Nc3ccc(Br)cc3Cl)c(C(=O)NOCCO)cc21,5.0,5.010620820143733,5.097195506998874
10127622::FLT4::20597,FLT4,10127622,Cn1cnc2c(F)c(Nc3ccc(Br)cc3Cl)c(C(=O)NOCCO)cc21,5.0,5.010620820143733,5.017428154494599
10127622::FYN::20599,FYN,10127622,Cn1cnc2c(F)c(Nc3ccc(Br)cc3Cl)c(C(=O)NOCCO)cc21,5.0,5.010620820143733,4.9697832107186315
10127622::GAK::20600,GAK,10127622,Cn1cnc2c(F)c(Nc3ccc(Br)cc3Cl)c(C(=O)NOCCO)cc21,5.0,5.010620820143733,5.039291674279751
10127622::HIPK3::20610,HIPK3,10127622,Cn1cnc2c(F)c(Nc3ccc(Br)cc3Cl)c(C(=O)NOCCO)cc21,5.0,5.010620820143733,4.9787612345775
10127622::HUNK::20613,HUNK,10127622,Cn1cnc2c(F)c(Nc3ccc(Br)cc3Cl)c(C(=O)NOCCO)cc21,5.0,5.010620820143733,5.03364659327803
10127622::ICK::20614,ICK,10127622,Cn1cnc2c(F)c(Nc3ccc(Br)cc3Cl)c(C(=O)NOCCO)cc21,5.0,5.010620820143733,4.887542183215773
10127622::IKK-alpha::20616,IKK-alpha,10127622,Cn1cnc2c(F)c(Nc3ccc(Br)cc3Cl)c(C(=O)NOCCO)cc21,5.0,5.010620820143733,4.960030339042397
10127622::IKK-epsilon::20618,IKK-epsilon,10127622,Cn1cnc2c(F)c(Nc3ccc(Br)cc3Cl)c(C(=O)NOCCO)cc21,5.0,5.010620820143733,4.938701172949763
10127622::JAK3(JH1domain-catalytic)::20627,JAK3(JH1domain-catalytic),10127622,Cn1cnc2c(F)c(Nc3ccc(Br)cc3Cl)c(C(=O)NOCCO)cc21,5.0,5.010620820143733,4.972571771075458
10127622::JNK1::20628,JNK1,10127622,Cn1cnc2c(F)c(Nc3ccc(Br)cc3Cl)c(C(=O)NOCCO)cc21,5.0,5.010620820143733,4.915366949306028
10127622::JNK2::20629,JNK2,10127622,Cn1cnc2c(F)c(Nc3ccc(Br)cc3Cl)c(C(=O)NOCCO)cc21,5.0,5.010620820143733,4.944699222894781
10127622::LOK::20638,LOK,10127622,Cn1cnc2c(F)c(Nc3ccc(Br)cc3Cl)c(C(=O)NOCCO)cc21,5.0,5.010620820143733,5.115533657405945
10127622::MAK::20643,MAK,10127622,Cn1cnc2c(F)c(Nc3ccc(Br)cc3Cl)c(C(=O)NOCCO)cc21,5.0,5.010620820143733,5.1211879062142796
10127622::MAP3K15::20645,MAP3K15,10127622,Cn1cnc2c(F)c(Nc3ccc(Br)cc3Cl)c(C(=O)NOCCO)cc21,5.0,5.010620820143733,4.974639460930249
10127622::MAP4K2::20649,MAP4K2,10127622,Cn1cnc2c(F)c(Nc3ccc(Br)cc3Cl)c(C(=O)NOCCO)cc21,5.0,5.010620820143733,5.013231314918547
10127622::MAP4K3::20650,MAP4K3,10127622,Cn1cnc2c(F)c(Nc3ccc(Br)cc3Cl)c(C(=O)NOCCO)cc21,5.0,5.010620820143733,5.0877740419249236
10127622::MEK1::20660,MEK1,10127622,Cn1cnc2c(F)c(Nc3ccc(Br)cc3Cl)c(C(=O)NOCCO)cc21,7.00436480540245,5.010620820143733,5.029829257633578
10127622::MELK::20666,MELK,10127622,Cn1cnc2c(F)c(Nc3ccc(Br)cc3Cl)c(C(=O)NOCCO)cc21,5.0,5.010620820143733,4.963874260690787
10127622::MLK1::20674,MLK1,10127622,Cn1cnc2c(F)c(Nc3ccc(Br)cc3Cl)c(C(=O)NOCCO)cc21,5.0,5.010620820143733,5.019689802570082
10127622::MLK2::20675,MLK2,10127622,Cn1cnc2c(F)c(Nc3ccc(Br)cc3Cl)c(C(=O)NOCCO)cc21,5.0,5.010620820143733,4.95413745429735
10127622::MLK3::20676,MLK3,10127622,Cn1cnc2c(F)c(Nc3ccc(Br)cc3Cl)c(C(=O)NOCCO)cc21,5.0,5.010620820143733,5.034889798412244
10127622::MST1::20679,MST1,10127622,Cn1cnc2c(F)c(Nc3ccc(Br)cc3Cl)c(C(=O)NOCCO)cc21,5.0,5.010620820143733,5.001964626017355
10127622::MST1R::20680,MST1R,10127622,Cn1cnc2c(F)c(Nc3ccc(Br)cc3Cl)c(C(=O)NOCCO)cc21,5.0,5.010620820143733,5.0893542657139355
10127622::MST2::20681,MST2,10127622,Cn1cnc2c(F)c(Nc3ccc(Br)cc3Cl)c(C(=O)NOCCO)cc21,5.0,5.010620820143733,5.052740592542473
10127622::MST3::20682,MST3,10127622,Cn1cnc2c(F)c(Nc3ccc(Br)cc3Cl)c(C(=O)NOCCO)cc21,5.0,5.010620820143733,5.004208837948962
10127622::MYLK::20686,MYLK,10127622,Cn1cnc2c(F)c(Nc3ccc(Br)cc3Cl)c(C(=O)NOCCO)cc21,5.0,5.010620820143733,5.075772650904494
10127622::MYLK2::20687,MYLK2,10127622,Cn1cnc2c(F)c(Nc3ccc(Br)cc3Cl)c(C(=O)NOCCO)cc21,5.0,5.010620820143733,5.053736438235173
10127622::NEK1::20693,NEK1,10127622,Cn1cnc2c(F)c(Nc3ccc(Br)cc3Cl)c(C(=O)NOCCO)cc21,5.0,5.010620820143733,4.9724647766408605
10127622::p38-alpha::20705,p38-alpha,10127622,Cn1cnc2c(F)c(Nc3ccc(Br)cc3Cl)c(C(=O)NOCCO)cc21,5.0,5.010620820143733,4.946999168584847
10127622::PAK4::20712,PAK4,10127622,Cn1cnc2c(F)c(Nc3ccc(Br)cc3Cl)c(C(=O)NOCCO)cc21,5.0,5.010620820143733,5.090983002804064
10127622::PFPK5(Pfalciparum)::20722,PFPK5(Pfalciparum),10127622,Cn1cnc2c(F)c(Nc3ccc(Br)cc3Cl)c(C(=O)NOCCO)cc21,5.0,5.010620820143733,4.861167919653965
10127622::PIK3CA(Q546K)::20729,PIK3CA(Q546K),10127622,Cn1cnc2c(F)c(Nc3ccc(Br)cc3Cl)c(C(=O)NOCCO)cc21,5.0,5.010620820143733,4.891117317920904
10127622::PIK3CD::20731,PIK3CD,10127622,Cn1cnc2c(F)c(Nc3ccc(Br)cc3Cl)c(C(=O)NOCCO)cc21,5.0,5.010620820143733,4.992009263683355
10127622::PIM3::20736,PIM3,10127622,Cn1cnc2c(F)c(Nc3ccc(Br)cc3Cl)c(C(=O)NOCCO)cc21,5.0,5.010620820143733,5.080778922930419
10127622::PRKCE::20752,PRKCE,10127622,Cn1cnc2c(F)c(Nc3ccc(Br)cc3Cl)c(C(=O)NOCCO)cc21,5.0,5.010620820143733,4.986082854974551
10127622::PYK2::20764,PYK2,10127622,Cn1cnc2c(F)c(Nc3ccc(Br)cc3Cl)c(C(=O)NOCCO)cc21,5.0,5.010620820143733,5.052627837636568
10127622::RIPK5::20774,RIPK5,10127622,Cn1cnc2c(F)c(Nc3ccc(Br)cc3Cl)c(C(=O)NOCCO)cc21,5.0,5.010620820143733,4.9308765997108805
10127622::RSK2(KinDom.1-N-terminal)::20781,RSK2(KinDom.1-N-terminal),10127622,Cn1cnc2c(F)c(Nc3ccc(Br)cc3Cl)c(C(=O)NOCCO)cc21,5.0,5.010620820143733,5.0311285621109985
10127622::SNARK::20791,SNARK,10127622,Cn1cnc2c(F)c(Nc3ccc(Br)cc3Cl)c(C(=O)NOCCO)cc21,5.0,5.010620820143733,4.9802243781191695
10127622::TBK1::20808,TBK1,10127622,Cn1cnc2c(F)c(Nc3ccc(Br)cc3Cl)c(C(=O)NOCCO)cc21,5.0,5.010620820143733,5.002465628346347
10127622::TNK1::20818,TNK1,10127622,Cn1cnc2c(F)c(Nc3ccc(Br)cc3Cl)c(C(=O)NOCCO)cc21,5.0,5.010620820143733,5.086401198818702
10127622::TRKC::20823,TRKC,10127622,Cn1cnc2c(F)c(Nc3ccc(Br)cc3Cl)c(C(=O)NOCCO)cc21,5.0,5.010620820143733,5.068000828551393
10127622::TRPM6::20824,TRPM6,10127622,Cn1cnc2c(F)c(Nc3ccc(Br)cc3Cl)c(C(=O)NOCCO)cc21,5.0,5.010620820143733,5.013174180347228
10127622::TSSK1B::20825,TSSK1B,10127622,Cn1cnc2c(F)c(Nc3ccc(Br)cc3Cl)c(C(=O)NOCCO)cc21,5.0,5.010620820143733,4.965742864510776
10127622::ULK1::20830,ULK1,10127622,Cn1cnc2c(F)c(Nc3ccc(Br)cc3Cl)c(C(=O)NOCCO)cc21,5.0,5.010620820143733,5.023011331156887
216239::ACVR2A::20850,ACVR2A,216239,CNC(=O)c1cc(Oc2ccc(NC(=O)Nc3ccc(Cl)c(C(F)(F)F)c3)cc2)ccn1,5.0,5.292450714587498,5.572696335391704
216239::AKT1::20855,AKT1,216239,CNC(=O)c1cc(Oc2ccc(NC(=O)Nc3ccc(Cl)c(C(F)(F)F)c3)cc2)ccn1,5.0,5.292450714587498,5.1048489314678465
216239::AMPK-alpha1::20859,AMPK-alpha1,216239,CNC(=O)c1cc(Oc2ccc(NC(=O)Nc3ccc(Cl)c(C(F)(F)F)c3)cc2)ccn1,5.0,5.292450714587498,5.073466754185841
216239::ARK5::20862,ARK5,216239,CNC(=O)c1cc(Oc2ccc(NC(=O)Nc3ccc(Cl)c(C(F)(F)F)c3)cc2)ccn1,5.0,5.292450714587498,5.216835434957207
216239::AXL::20868,AXL,216239,CNC(=O)c1cc(Oc2ccc(NC(=O)Nc3ccc(Cl)c(C(F)(F)F)c3)cc2)ccn1,5.346787486224656,5.292450714587498,5.658556930575415
216239::BIKE::20869,BIKE,216239,CNC(=O)c1cc(Oc2ccc(NC(=O)Nc3ccc(Cl)c(C(F)(F)F)c3)cc2)ccn1,5.0,5.292450714587498,5.511652705739073
216239::BLK::20870,BLK,216239,CNC(=O)c1cc(Oc2ccc(NC(=O)Nc3ccc(Cl)c(C(F)(F)F)c3)cc2)ccn1,5.0,5.292450714587498,5.114047590483425
216239::BMPR1A::20871,BMPR1A,216239,CNC(=O)c1cc(Oc2ccc(NC(=O)Nc3ccc(Cl)c(C(F)(F)F)c3)cc2)ccn1,5.0,5.292450714587498,5.240662603835024
216239::BRAF(V600E)::20875,BRAF(V600E),216239,CNC(=O)c1cc(Oc2ccc(NC(=O)Nc3ccc(Cl)c(C(F)(F)F)c3)cc2)ccn1,6.585026652029182,5.292450714587498,5.285929587776201
216239::BRSK1::20877,BRSK1,216239,CNC(=O)c1cc(Oc2ccc(NC(=O)Nc3ccc(Cl)c(C(F)(F)F)c3)cc2)ccn1,5.0,5.292450714587498,5.098350174670619
216239::CAMK1::20880,CAMK1,216239,CNC(=O)c1cc(Oc2ccc(NC(=O)Nc3ccc(Cl)c(C(F)(F)F)c3)cc2)ccn1,5.0,5.292450714587498,5.102575681339303
216239::CAMK1D::20881,CAMK1D,216239,CNC(=O)c1cc(Oc2ccc(NC(=O)Nc3ccc(Cl)c(C(F)(F)F)c3)cc2)ccn1,5.0,5.292450714587498,5.1395593888008975
216239::CAMK1G::20882,CAMK1G,216239,CNC(=O)c1cc(Oc2ccc(NC(=O)Nc3ccc(Cl)c(C(F)(F)F)c3)cc2)ccn1,5.0,5.292450714587498,5.1610589804784635
216239::CAMK2G::20886,CAMK2G,216239,CNC(=O)c1cc(Oc2ccc(NC(=O)Nc3ccc(Cl)c(C(F)(F)F)c3)cc2)ccn1,5.0,5.292450714587498,5.246100871329844
216239::CAMK4::20887,CAMK4,216239,CNC(=O)c1cc(Oc2ccc(NC(=O)Nc3ccc(Cl)c(C(F)(F)F)c3)cc2)ccn1,5.0,5.292450714587498,5.172219167747522
216239::CAMKK1::20888,CAMKK1,216239,CNC(=O)c1cc(Oc2ccc(NC(=O)Nc3ccc(Cl)c(C(F)(F)F)c3)cc2)ccn1,5.0,5.292450714587498,5.382662423301654
216239::CDKL2::20903,CDKL2,216239,CNC(=O)c1cc(Oc2ccc(NC(=O)Nc3ccc(Cl)c(C(F)(F)F)c3)cc2)ccn1,6.886056647693163,5.292450714587498,5.190584573729012
216239::CDKL5::20905,CDKL5,216239,CNC(=O)c1cc(Oc2ccc(NC(=O)Nc3ccc(Cl)c(C(F)(F)F)c3)cc2)ccn1,5.0,5.292450714587498,5.024809188298745
216239::CLK1::20909,CLK1,216239,CNC(=O)c1cc(Oc2ccc(NC(=O)Nc3ccc(Cl)c(C(F)(F)F)c3)cc2)ccn1,5.1249387366083,5.292450714587498,5.299748426823016
216239::CLK2::20910,CLK2,216239,CNC(=O)c1cc(Oc2ccc(NC(=O)Nc3ccc(Cl)c(C(F)(F)F)c3)cc2)ccn1,5.0,5.292450714587498,5.63969520846449
216239::CSNK1A1L::20916,CSNK1A1L,216239,CNC(=O)c1cc(Oc2ccc(NC(=O)Nc3ccc(Cl)c(C(F)(F)F)c3)cc2)ccn1,5.0,5.292450714587498,5.111341165730299
216239::CSNK1G1::20919,CSNK1G1,216239,CNC(=O)c1cc(Oc2ccc(NC(=O)Nc3ccc(Cl)c(C(F)(F)F)c3)cc2)ccn1,5.0,5.292450714587498,5.1611080639914695
216239::CSNK1G3::20921,CSNK1G3,216239,CNC(=O)c1cc(Oc2ccc(NC(=O)Nc3ccc(Cl)c(C(F)(F)F)c3)cc2)ccn1,5.0,5.292450714587498,4.981022247028906
216239::DCAMKL1::20928,DCAMKL1,216239,CNC(=O)c1cc(Oc2ccc(NC(=O)Nc3ccc(Cl)c(C(F)(F)F)c3)cc2)ccn1,5.0,5.292450714587498,5.096052672986022
216239::DCAMKL2::20929,DCAMKL2,216239,CNC(=O)c1cc(Oc2ccc(NC(=O)Nc3ccc(Cl)c(C(F)(F)F)c3)cc2)ccn1,5.0,5.292450714587498,5.062499325295674
216239::DMPK::20934,DMPK,216239,CNC(=O)c1cc(Oc2ccc(NC(=O)Nc3ccc(Cl)c(C(F)(F)F)c3)cc2)ccn1,5.0,5.292450714587498,5.127983699692831
216239::DYRK1A::20938,DYRK1A,216239,CNC(=O)c1cc(Oc2ccc(NC(=O)Nc3ccc(Cl)c(C(F)(F)F)c3)cc2)ccn1,5.0,5.292450714587498,5.353549098719796
216239::EPHA6::20948,EPHA6,216239,CNC(=O)c1cc(Oc2ccc(NC(=O)Nc3ccc(Cl)c(C(F)(F)F)c3)cc2)ccn1,6.431798275933005,5.292450714587498,5.398767525316492
216239::ERBB2::20956,ERBB2,216239,CNC(=O)c1cc(Oc2ccc(NC(=O)Nc3ccc(Cl)c(C(F)(F)F)c3)cc2)ccn1,5.0,5.292450714587498,5.359729019154601
216239::FGFR3(G697C)::20971,FGFR3(G697C),216239,CNC(=O)c1cc(Oc2ccc(NC(=O)Nc3ccc(Cl)c(C(F)(F)F)c3)cc2)ccn1,5.376750709602099,5.292450714587498,5.3536765147979395
216239::FLT1::20974,FLT1,216239,CNC(=O)c1cc(Oc2ccc(NC(=O)Nc3ccc(Cl)c(C(F)(F)F)c3)cc2)ccn1,7.508638306165727,5.292450714587498,5.4810673410228326
216239::FLT4::20976,FLT4,216239,CNC(=O)c1cc(Oc2ccc(NC(=O)Nc3ccc(Cl)c(C(F)(F)F)c3)cc2)ccn1,7.022276394711152,5.292450714587498,5.355448480785052
216239::FYN::20978,FYN,216239,CNC(=O)c1cc(Oc2ccc(NC(=O)Nc3ccc(Cl)c(C(F)(F)F)c3)cc2)ccn1,5.075720713938118,5.292450714587498,5.372034616375207
216239::GAK::20979,GAK,216239,CNC(=O)c1cc(Oc2ccc(NC(=O)Nc3ccc(Cl)c(C(F)(F)F)c3)cc2)ccn1,5.0,5.292450714587498,5.1928285117250645
216239::HIPK3::20989,HIPK3,216239,CNC(=O)c1cc(Oc2ccc(NC(=O)Nc3ccc(Cl)c(C(F)(F)F)c3)cc2)ccn1,6.356547323513812,5.292450714587498,5.418642409042908
216239::HUNK::20992,HUNK,216239,CNC(=O)c1cc(Oc2ccc(NC(=O)Nc3ccc(Cl)c(C(F)(F)F)c3)cc2)ccn1,5.0,5.292450714587498,5.225603215414982
216239::ICK::20993,ICK,216239,CNC(=O)c1cc(Oc2ccc(NC(=O)Nc3ccc(Cl)c(C(F)(F)F)c3)cc2)ccn1,5.0,5.292450714587498,5.101433897537469
216239::IKK-alpha::20995,IKK-alpha,216239,CNC(=O)c1cc(Oc2ccc(NC(=O)Nc3ccc(Cl)c(C(F)(F)F)c3)cc2)ccn1,5.0,5.292450714587498,5.099235598129784
216239::IKK-epsilon::20997,IKK-epsilon,216239,CNC(=O)c1cc(Oc2ccc(NC(=O)Nc3ccc(Cl)c(C(F)(F)F)c3)cc2)ccn1,5.0,5.292450714587498,5.166642573008784
216239::JAK3(JH1domain-catalytic)::21006,JAK3(JH1domain-catalytic),216239,CNC(=O)c1cc(Oc2ccc(NC(=O)Nc3ccc(Cl)c(C(F)(F)F)c3)cc2)ccn1,5.136677139879544,5.292450714587498,5.206899143895641
216239::JNK1::21007,JNK1,216239,CNC(=O)c1cc(Oc2ccc(NC(=O)Nc3ccc(Cl)c(C(F)(F)F)c3)cc2)ccn1,5.0,5.292450714587498,5.312707979408848
216239::JNK2::21008,JNK2,216239,CNC(=O)c1cc(Oc2ccc(NC(=O)Nc3ccc(Cl)c(C(F)(F)F)c3)cc2)ccn1,5.130768280269024,5.292450714587498,5.437105540513254
216239::LOK::21017,LOK,216239,CNC(=O)c1cc(Oc2ccc(NC(=O)Nc3ccc(Cl)c(C(F)(F)F)c3)cc2)ccn1,6.823908740944319,5.292450714587498,5.464800074334367
216239::MAK::21022,MAK,216239,CNC(=O)c1cc(Oc2ccc(NC(=O)Nc3ccc(Cl)c(C(F)(F)F)c3)cc2)ccn1,5.0,5.292450714587498,5.282477505785655
216239::MAP3K15::21024,MAP3K15,216239,CNC(=O)c1cc(Oc2ccc(NC(=O)Nc3ccc(Cl)c(C(F)(F)F)c3)cc2)ccn1,5.0,5.292450714587498,5.131203404930326
216239::MAP4K2::21028,MAP4K2,216239,CNC(=O)c1cc(Oc2ccc(NC(=O)Nc3ccc(Cl)c(C(F)(F)F)c3)cc2)ccn1,5.0,5.292450714587498,5.3630755234871135
216239::MAP4K3::21029,MAP4K3,216239,CNC(=O)c1cc(Oc2ccc(NC(=O)Nc3ccc(Cl)c(C(F)(F)F)c3)cc2)ccn1,5.0,5.292450714587498,5.339360017480637
216239::MEK1::21039,MEK1,216239,CNC(=O)c1cc(Oc2ccc(NC(=O)Nc3ccc(Cl)c(C(F)(F)F)c3)cc2)ccn1,5.0,5.292450714587498,5.226061973492375
216239::MELK::21045,MELK,216239,CNC(=O)c1cc(Oc2ccc(NC(=O)Nc3ccc(Cl)c(C(F)(F)F)c3)cc2)ccn1,5.0,5.292450714587498,5.152307237885417
216239::MLK1::21053,MLK1,216239,CNC(=O)c1cc(Oc2ccc(NC(=O)Nc3ccc(Cl)c(C(F)(F)F)c3)cc2)ccn1,5.0,5.292450714587498,5.337014354020528
216239::MLK2::21054,MLK2,216239,CNC(=O)c1cc(Oc2ccc(NC(=O)Nc3ccc(Cl)c(C(F)(F)F)c3)cc2)ccn1,5.0,5.292450714587498,5.445371569183545
216239::MLK3::21055,MLK3,216239,CNC(=O)c1cc(Oc2ccc(NC(=O)Nc3ccc(Cl)c(C(F)(F)F)c3)cc2)ccn1,5.0,5.292450714587498,5.326469600248312
216239::MST1::21058,MST1,216239,CNC(=O)c1cc(Oc2ccc(NC(=O)Nc3ccc(Cl)c(C(F)(F)F)c3)cc2)ccn1,5.0,5.292450714587498,5.463701951909837
216239::MST1R::21059,MST1R,216239,CNC(=O)c1cc(Oc2ccc(NC(=O)Nc3ccc(Cl)c(C(F)(F)F)c3)cc2)ccn1,5.0,5.292450714587498,5.241362401080264
216239::MST2::21060,MST2,216239,CNC(=O)c1cc(Oc2ccc(NC(=O)Nc3ccc(Cl)c(C(F)(F)F)c3)cc2)ccn1,5.0,5.292450714587498,5.301431414915434
216239::MST3::21061,MST3,216239,CNC(=O)c1cc(Oc2ccc(NC(=O)Nc3ccc(Cl)c(C(F)(F)F)c3)cc2)ccn1,5.0,5.292450714587498,5.140641663491492
216239::MYLK::21065,MYLK,216239,CNC(=O)c1cc(Oc2ccc(NC(=O)Nc3ccc(Cl)c(C(F)(F)F)c3)cc2)ccn1,5.0,5.292450714587498,5.458232017272081
216239::MYLK2::21066,MYLK2,216239,CNC(=O)c1cc(Oc2ccc(NC(=O)Nc3ccc(Cl)c(C(F)(F)F)c3)cc2)ccn1,5.267606240177031,5.292450714587498,5.047853441187806
216239::NEK1::21072,NEK1,216239,CNC(=O)c1cc(Oc2ccc(NC(=O)Nc3ccc(Cl)c(C(F)(F)F)c3)cc2)ccn1,5.0,5.292450714587498,5.026377686122755
216239::p38-alpha::21084,p38-alpha,216239,CNC(=O)c1cc(Oc2ccc(NC(=O)Nc3ccc(Cl)c(C(F)(F)F)c3)cc2)ccn1,6.431798275933005,5.292450714587498,5.261371310488967
216239::PAK4::21091,PAK4,216239,CNC(=O)c1cc(Oc2ccc(NC(=O)Nc3ccc(Cl)c(C(F)(F)F)c3)cc2)ccn1,5.0,5.292450714587498,5.470712364919944
216239::PFPK5(Pfalciparum)::21101,PFPK5(Pfalciparum),216239,CNC(=O)c1cc(Oc2ccc(NC(=O)Nc3ccc(Cl)c(C(F)(F)F)c3)cc2)ccn1,5.0,5.292450714587498,5.138569132628268
216239::PIK3CA(Q546K)::21108,PIK3CA(Q546K),216239,CNC(=O)c1cc(Oc2ccc(NC(=O)Nc3ccc(Cl)c(C(F)(F)F)c3)cc2)ccn1,5.0,5.292450714587498,5.216155334633758
216239::PIK3CD::21110,PIK3CD,216239,CNC(=O)c1cc(Oc2ccc(NC(=O)Nc3ccc(Cl)c(C(F)(F)F)c3)cc2)ccn1,5.0,5.292450714587498,5.312339562211499
216239::PIM3::21115,PIM3,216239,CNC(=O)c1cc(Oc2ccc(NC(=O)Nc3ccc(Cl)c(C(F)(F)F)c3)cc2)ccn1,5.0,5.292450714587498,5.261020022400039
216239::PRKCE::21131,PRKCE,216239,CNC(=O)c1cc(Oc2ccc(NC(=O)Nc3ccc(Cl)c(C(F)(F)F)c3)cc2)ccn1,5.0,5.292450714587498,5.072415292738523
216239::PYK2::21143,PYK2,216239,CNC(=O)c1cc(Oc2ccc(NC(=O)Nc3ccc(Cl)c(C(F)(F)F)c3)cc2)ccn1,5.0,5.292450714587498,5.551522288628079
216239::RIPK5::21153,RIPK5,216239,CNC(=O)c1cc(Oc2ccc(NC(=O)Nc3ccc(Cl)c(C(F)(F)F)c3)cc2)ccn1,5.0,5.292450714587498,5.215371964010459
216239::RSK2(KinDom.1-N-terminal)::21160,RSK2(KinDom.1-N-terminal),216239,CNC(=O)c1cc(Oc2ccc(NC(=O)Nc3ccc(Cl)c(C(F)(F)F)c3)cc2)ccn1,5.0,5.292450714587498,5.194616436109289
216239::SNARK::21170,SNARK,216239,CNC(=O)c1cc(Oc2ccc(NC(=O)Nc3ccc(Cl)c(C(F)(F)F)c3)cc2)ccn1,5.0,5.292450714587498,5.192089034773584
216239::TBK1::21187,TBK1,216239,CNC(=O)c1cc(Oc2ccc(NC(=O)Nc3ccc(Cl)c(C(F)(F)F)c3)cc2)ccn1,5.0,5.292450714587498,5.344481812398572
216239::TNK1::21197,TNK1,216239,CNC(=O)c1cc(Oc2ccc(NC(=O)Nc3ccc(Cl)c(C(F)(F)F)c3)cc2)ccn1,5.638272163982407,5.292450714587498,5.292928160827158
216239::TRKC::21202,TRKC,216239,CNC(=O)c1cc(Oc2ccc(NC(=O)Nc3ccc(Cl)c(C(F)(F)F)c3)cc2)ccn1,6.221848749616356,5.292450714587498,5.797496731977685
216239::TRPM6::21203,TRPM6,216239,CNC(=O)c1cc(Oc2ccc(NC(=O)Nc3ccc(Cl)c(C(F)(F)F)c3)cc2)ccn1,5.0,5.292450714587498,5.370364844782412
216239::TSSK1B::21204,TSSK1B,216239,CNC(=O)c1cc(Oc2ccc(NC(=O)Nc3ccc(Cl)c(C(F)(F)F)c3)cc2)ccn1,5.0,5.292450714587498,5.265383969587411
216239::ULK1::21209,ULK1,216239,CNC(=O)c1cc(Oc2ccc(NC(=O)Nc3ccc(Cl)c(C(F)(F)F)c3)cc2)ccn1,5.0,5.292450714587498,5.240224532464319
44259::ACVR2A::21229,ACVR2A,44259,CNC1CC2OC(C)(C1OC)n1c3ccccc3c3c4c(c5c6ccccc6n2c5c31)C(=O)NC4,5.050609993355087,7.220504565013923,7.462471730655109
44259::AKT1::21234,AKT1,44259,CNC1CC2OC(C)(C1OC)n1c3ccccc3c3c4c(c5c6ccccc6n2c5c31)C(=O)NC4,7.698970004336019,7.220504565013923,7.164881776345657
44259::AMPK-alpha1::21238,AMPK-alpha1,44259,CNC1CC2OC(C)(C1OC)n1c3ccccc3c3c4c(c5c6ccccc6n2c5c31)C(=O)NC4,8.431798275933005,7.220504565013923,7.892142291031588
44259::ARK5::21241,ARK5,44259,CNC1CC2OC(C)(C1OC)n1c3ccccc3c3c4c(c5c6ccccc6n2c5c31)C(=O)NC4,8.356547323513812,7.220504565013923,7.117547022306731
44259::AXL::21247,AXL,44259,CNC1CC2OC(C)(C1OC)n1c3ccccc3c3c4c(c5c6ccccc6n2c5c31)C(=O)NC4,8.167491087293763,7.220504565013923,6.335284102793341
44259::BIKE::21248,BIKE,44259,CNC1CC2OC(C)(C1OC)n1c3ccccc3c3c4c(c5c6ccccc6n2c5c31)C(=O)NC4,8.2518119729938,7.220504565013923,7.468594483686746
44259::BLK::21249,BLK,44259,CNC1CC2OC(C)(C1OC)n1c3ccccc3c3c4c(c5c6ccccc6n2c5c31)C(=O)NC4,7.823908740944319,7.220504565013923,7.005223328449299
44259::BMPR1A::21250,BMPR1A,44259,CNC1CC2OC(C)(C1OC)n1c3ccccc3c3c4c(c5c6ccccc6n2c5c31)C(=O)NC4,5.431798275933005,7.220504565013923,6.7398548811780365
44259::BRAF(V600E)::21254,BRAF(V600E),44259,CNC1CC2OC(C)(C1OC)n1c3ccccc3c3c4c(c5c6ccccc6n2c5c31)C(=O)NC4,5.0,7.220504565013923,7.333667511755576
44259::BRSK1::21256,BRSK1,44259,CNC1CC2OC(C)(C1OC)n1c3ccccc3c3c4c(c5c6ccccc6n2c5c31)C(=O)NC4,7.585026652029182,7.220504565013923,7.955198008553114
44259::CAMK1::21259,CAMK1,44259,CNC1CC2OC(C)(C1OC)n1c3ccccc3c3c4c(c5c6ccccc6n2c5c31)C(=O)NC4,7.568636235841012,7.220504565013923,7.904362128142698
44259::CAMK1D::21260,CAMK1D,44259,CNC1CC2OC(C)(C1OC)n1c3ccccc3c3c4c(c5c6ccccc6n2c5c31)C(=O)NC4,8.958607314841775,7.220504565013923,7.536326308840566
44259::CAMK1G::21261,CAMK1G,44259,CNC1CC2OC(C)(C1OC)n1c3ccccc3c3c4c(c5c6ccccc6n2c5c31)C(=O)NC4,7.638272163982407,7.220504565013923,7.556243987242574
44259::CAMK2G::21265,CAMK2G,44259,CNC1CC2OC(C)(C1OC)n1c3ccccc3c3c4c(c5c6ccccc6n2c5c31)C(=O)NC4,9.259637310505756,7.220504565013923,8.177902722737246
44259::CAMK4::21266,CAMK4,44259,CNC1CC2OC(C)(C1OC)n1c3ccccc3c3c4c(c5c6ccccc6n2c5c31)C(=O)NC4,7.387216143280264,7.220504565013923,7.939524840086588
44259::CAMKK1::21267,CAMKK1,44259,CNC1CC2OC(C)(C1OC)n1c3ccccc3c3c4c(c5c6ccccc6n2c5c31)C(=O)NC4,10.4089353929735,7.220504565013923,7.623734176592136
44259::CDKL2::21282,CDKL2,44259,CNC1CC2OC(C)(C1OC)n1c3ccccc3c3c4c(c5c6ccccc6n2c5c31)C(=O)NC4,6.292429823902063,7.220504565013923,6.998394253546164
44259::CDKL5::21284,CDKL5,44259,CNC1CC2OC(C)(C1OC)n1c3ccccc3c3c4c(c5c6ccccc6n2c5c31)C(=O)NC4,6.468521082957745,7.220504565013923,7.020712047408356
44259::CLK1::21288,CLK1,44259,CNC1CC2OC(C)(C1OC)n1c3ccccc3c3c4c(c5c6ccccc6n2c5c31)C(=O)NC4,7.494850021680094,7.220504565013923,7.938450956712048
44259::CLK2::21289,CLK2,44259,CNC1CC2OC(C)(C1OC)n1c3ccccc3c3c4c(c5c6ccccc6n2c5c31)C(=O)NC4,8.086186147616283,7.220504565013923,7.6750733333598955
44259::CSNK1A1L::21295,CSNK1A1L,44259,CNC1CC2OC(C)(C1OC)n1c3ccccc3c3c4c(c5c6ccccc6n2c5c31)C(=O)NC4,6.6020599913279625,7.220504565013923,6.666764305218575
44259::CSNK1G1::21298,CSNK1G1,44259,CNC1CC2OC(C)(C1OC)n1c3ccccc3c3c4c(c5c6ccccc6n2c5c31)C(=O)NC4,5.455931955649724,7.220504565013923,7.1521910735763425
44259::CSNK1G3::21300,CSNK1G3,44259,CNC1CC2OC(C)(C1OC)n1c3ccccc3c3c4c(c5c6ccccc6n2c5c31)C(=O)NC4,5.0,7.220504565013923,7.108181374821305
44259::DCAMKL1::21307,DCAMKL1,44259,CNC1CC2OC(C)(C1OC)n1c3ccccc3c3c4c(c5c6ccccc6n2c5c31)C(=O)NC4,6.958607314841775,7.220504565013923,7.572463912653144
44259::DCAMKL2::21308,DCAMKL2,44259,CNC1CC2OC(C)(C1OC)n1c3ccccc3c3c4c(c5c6ccccc6n2c5c31)C(=O)NC4,7.136677139879544,7.220504565013923,7.6905086335174495
44259::DMPK::21313,DMPK,44259,CNC1CC2OC(C)(C1OC)n1c3ccccc3c3c4c(c5c6ccccc6n2c5c31)C(=O)NC4,8.455931955649724,7.220504565013923,7.1645430975921895
44259::DYRK1A::21317,DYRK1A,44259,CNC1CC2OC(C)(C1OC)n1c3ccccc3c3c4c(c5c6ccccc6n2c5c31)C(=O)NC4,8.397940008672037,7.220504565013923,7.475221339763664
44259::EPHA6::21327,EPHA6,44259,CNC1CC2OC(C)(C1OC)n1c3ccccc3c3c4c(c5c6ccccc6n2c5c31)C(=O)NC4,6.537602002101044,7.220504565013923,6.928578646002323
44259::ERBB2::21335,ERBB2,44259,CNC1CC2OC(C)(C1OC)n1c3ccccc3c3c4c(c5c6ccccc6n2c5c31)C(=O)NC4,6.721246399047171,7.220504565013923,6.886270167452625
44259::FGFR3(G697C)::21350,FGFR3(G697C),44259,CNC1CC2OC(C)(C1OC)n1c3ccccc3c3c4c(c5c6ccccc6n2c5c31)C(=O)NC4,7.055517327849831,7.220504565013923,6.79044711580632
44259::FLT1::21353,FLT1,44259,CNC1CC2OC(C)(C1OC)n1c3ccccc3c3c4c(c5c6ccccc6n2c5c31)C(=O)NC4,6.823908740944319,7.220504565013923,6.911529047613022
44259::FLT4::21355,FLT4,44259,CNC1CC2OC(C)(C1OC)n1c3ccccc3c3c4c(c5c6ccccc6n2c5c31)C(=O)NC4,7.552841968657781,7.220504565013923,7.070680977257256
44259::FYN::21357,FYN,44259,CNC1CC2OC(C)(C1OC)n1c3ccccc3c3c4c(c5c6ccccc6n2c5c31)C(=O)NC4,7.481486060122112,7.220504565013923,6.975090789825711
44259::GAK::21358,GAK,44259,CNC1CC2OC(C)(C1OC)n1c3ccccc3c3c4c(c5c6ccccc6n2c5c31)C(=O)NC4,7.769551078621726,7.220504565013923,6.673604583330009
44259::HIPK3::21368,HIPK3,44259,CNC1CC2OC(C)(C1OC)n1c3ccccc3c3c4c(c5c6ccccc6n2c5c31)C(=O)NC4,7.1249387366083,7.220504565013923,7.1427635750906004
44259::HUNK::21371,HUNK,44259,CNC1CC2OC(C)(C1OC)n1c3ccccc3c3c4c(c5c6ccccc6n2c5c31)C(=O)NC4,6.207608310501746,7.220504565013923,6.912935761119407
44259::ICK::21372,ICK,44259,CNC1CC2OC(C)(C1OC)n1c3ccccc3c3c4c(c5c6ccccc6n2c5c31)C(=O)NC4,7.795880017344075,7.220504565013923,6.880792666699332
44259::IKK-alpha::21374,IKK-alpha,44259,CNC1CC2OC(C)(C1OC)n1c3ccccc3c3c4c(c5c6ccccc6n2c5c31)C(=O)NC4,8.236572006437063,7.220504565013923,6.710466311000993
44259::IKK-epsilon::21376,IKK-epsilon,44259,CNC1CC2OC(C)(C1OC)n1c3ccccc3c3c4c(c5c6ccccc6n2c5c31)C(=O)NC4,8.292429823902063,7.220504565013923,6.8640760193149095
44259::JAK3(JH1domain-catalytic)::21385,JAK3(JH1domain-catalytic),44259,CNC1CC2OC(C)(C1OC)n1c3ccccc3c3c4c(c5c6ccccc6n2c5c31)C(=O)NC4,7.920818753952375,7.220504565013923,7.302513335826069
44259::JNK1::21386,JNK1,44259,CNC1CC2OC(C)(C1OC)n1c3ccccc3c3c4c(c5c6ccccc6n2c5c31)C(=O)NC4,6.657577319177793,7.220504565013923,6.875603595148601
44259::JNK2::21387,JNK2,44259,CNC1CC2OC(C)(C1OC)n1c3ccccc3c3c4c(c5c6ccccc6n2c5c31)C(=O)NC4,6.040958607678906,7.220504565013923,7.068924495569021
44259::LOK::21396,LOK,44259,CNC1CC2OC(C)(C1OC)n1c3ccccc3c3c4c(c5c6ccccc6n2c5c31)C(=O)NC4,10.431798275933003,7.220504565013923,7.710755638239162
44259::MAK::21401,MAK,44259,CNC1CC2OC(C)(C1OC)n1c3ccccc3c3c4c(c5c6ccccc6n2c5c31)C(=O)NC4,5.585026652029182,7.220504565013923,6.7597983921835025
44259::MAP3K15::21403,MAP3K15,44259,CNC1CC2OC(C)(C1OC)n1c3ccccc3c3c4c(c5c6ccccc6n2c5c31)C(=O)NC4,8.602059991327963,7.220504565013923,6.649926385816242
44259::MAP4K2::21407,MAP4K2,44259,CNC1CC2OC(C)(C1OC)n1c3ccccc3c3c4c(c5c6ccccc6n2c5c31)C(=O)NC4,8.05551732784983,7.220504565013923,7.138747948910216
44259::MAP4K3::21408,MAP4K3,44259,CNC1CC2OC(C)(C1OC)n1c3ccccc3c3c4c(c5c6ccccc6n2c5c31)C(=O)NC4,8.086186147616283,7.220504565013923,8.078401037102918
44259::MEK1::21418,MEK1,44259,CNC1CC2OC(C)(C1OC)n1c3ccccc3c3c4c(c5c6ccccc6n2c5c31)C(=O)NC4,7.67778070526608,7.220504565013923,7.440708146225082
44259::MELK::21424,MELK,44259,CNC1CC2OC(C)(C1OC)n1c3ccccc3c3c4c(c5c6ccccc6n2c5c31)C(=O)NC4,7.481486060122112,7.220504565013923,7.65429249356244
44259::MLK1::21432,MLK1,44259,CNC1CC2OC(C)(C1OC)n1c3ccccc3c3c4c(c5c6ccccc6n2c5c31)C(=O)NC4,8.0,7.220504565013923,7.0743929436877435
44259::MLK2::21433,MLK2,44259,CNC1CC2OC(C)(C1OC)n1c3ccccc3c3c4c(c5c6ccccc6n2c5c31)C(=O)NC4,7.2839966563652,7.220504565013923,6.981826401461558
44259::MLK3::21434,MLK3,44259,CNC1CC2OC(C)(C1OC)n1c3ccccc3c3c4c(c5c6ccccc6n2c5c31)C(=O)NC4,7.698970004336019,7.220504565013923,7.241778786399205
44259::MST1::21437,MST1,44259,CNC1CC2OC(C)(C1OC)n1c3ccccc3c3c4c(c5c6ccccc6n2c5c31)C(=O)NC4,9.721246399047171,7.220504565013923,8.113498365763249
44259::MST1R::21438,MST1R,44259,CNC1CC2OC(C)(C1OC)n1c3ccccc3c3c4c(c5c6ccccc6n2c5c31)C(=O)NC4,6.3979400086720375,7.220504565013923,7.123421296806791
44259::MST2::21439,MST2,44259,CNC1CC2OC(C)(C1OC)n1c3ccccc3c3c4c(c5c6ccccc6n2c5c31)C(=O)NC4,9.744727494896694,7.220504565013923,7.773231175629345
44259::MST3::21440,MST3,44259,CNC1CC2OC(C)(C1OC)n1c3ccccc3c3c4c(c5c6ccccc6n2c5c31)C(=O)NC4,6.920818753952375,7.220504565013923,7.1110816445227245
44259::MYLK::21444,MYLK,44259,CNC1CC2OC(C)(C1OC)n1c3ccccc3c3c4c(c5c6ccccc6n2c5c31)C(=O)NC4,7.823908740944319,7.220504565013923,7.164861132618187
44259::MYLK2::21445,MYLK2,44259,CNC1CC2OC(C)(C1OC)n1c3ccccc3c3c4c(c5c6ccccc6n2c5c31)C(=O)NC4,7.214670164989233,7.220504565013923,6.897535985356732
44259::NEK1::21451,NEK1,44259,CNC1CC2OC(C)(C1OC)n1c3ccccc3c3c4c(c5c6ccccc6n2c5c31)C(=O)NC4,6.065501548756432,7.220504565013923,7.5624530975007165
44259::p38-alpha::21463,p38-alpha,44259,CNC1CC2OC(C)(C1OC)n1c3ccccc3c3c4c(c5c6ccccc6n2c5c31)C(=O)NC4,5.0,7.220504565013923,6.868069043388355
44259::PAK4::21470,PAK4,44259,CNC1CC2OC(C)(C1OC)n1c3ccccc3c3c4c(c5c6ccccc6n2c5c31)C(=O)NC4,8.200659450546418,7.220504565013923,7.806020615862064
44259::PFPK5(Pfalciparum)::21480,PFPK5(Pfalciparum),44259,CNC1CC2OC(C)(C1OC)n1c3ccccc3c3c4c(c5c6ccccc6n2c5c31)C(=O)NC4,6.096910013008056,7.220504565013923,6.41064249123046
44259::PIK3CA(Q546K)::21487,PIK3CA(Q546K),44259,CNC1CC2OC(C)(C1OC)n1c3ccccc3c3c4c(c5c6ccccc6n2c5c31)C(=O)NC4,6.3979400086720375,7.220504565013923,7.224303816161213
44259::PIK3CD::21489,PIK3CD,44259,CNC1CC2OC(C)(C1OC)n1c3ccccc3c3c4c(c5c6ccccc6n2c5c31)C(=O)NC4,5.0,7.220504565013923,7.394990509085021
44259::PIM3::21494,PIM3,44259,CNC1CC2OC(C)(C1OC)n1c3ccccc3c3c4c(c5c6ccccc6n2c5c31)C(=O)NC4,9.292429823902063,7.220504565013923,7.3281979525404415
44259::PRKCE::21510,PRKCE,44259,CNC1CC2OC(C)(C1OC)n1c3ccccc3c3c4c(c5c6ccccc6n2c5c31)C(=O)NC4,9.602059991327964,7.220504565013923,7.627818541940985
44259::PYK2::21522,PYK2,44259,CNC1CC2OC(C)(C1OC)n1c3ccccc3c3c4c(c5c6ccccc6n2c5c31)C(=O)NC4,8.455931955649724,7.220504565013923,7.339355362925489
44259::RIPK5::21532,RIPK5,44259,CNC1CC2OC(C)(C1OC)n1c3ccccc3c3c4c(c5c6ccccc6n2c5c31)C(=O)NC4,7.958607314841775,7.220504565013923,7.429563122347267
44259::RSK2(KinDom.1-N-terminal)::21539,RSK2(KinDom.1-N-terminal),44259,CNC1CC2OC(C)(C1OC)n1c3ccccc3c3c4c(c5c6ccccc6n2c5c31)C(=O)NC4,7.161150909262744,7.220504565013923,7.644445371809775
44259::SNARK::21549,SNARK,44259,CNC1CC2OC(C)(C1OC)n1c3ccccc3c3c4c(c5c6ccccc6n2c5c31)C(=O)NC4,10.065501548756432,7.220504565013923,7.710564396417858
44259::TBK1::21566,TBK1,44259,CNC1CC2OC(C)(C1OC)n1c3ccccc3c3c4c(c5c6ccccc6n2c5c31)C(=O)NC4,9.050609993355089,7.220504565013923,7.430648449591551
44259::TNK1::21576,TNK1,44259,CNC1CC2OC(C)(C1OC)n1c3ccccc3c3c4c(c5c6ccccc6n2c5c31)C(=O)NC4,8.602059991327963,7.220504565013923,6.660391425496158
44259::TRKC::21581,TRKC,44259,CNC1CC2OC(C)(C1OC)n1c3ccccc3c3c4c(c5c6ccccc6n2c5c31)C(=O)NC4,7.769551078621726,7.220504565013923,7.23313060146731
44259::TRPM6::21582,TRPM6,44259,CNC1CC2OC(C)(C1OC)n1c3ccccc3c3c4c(c5c6ccccc6n2c5c31)C(=O)NC4,5.0,7.220504565013923,6.92365714768411
44259::TSSK1B::21583,TSSK1B,44259,CNC1CC2OC(C)(C1OC)n1c3ccccc3c3c4c(c5c6ccccc6n2c5c31)C(=O)NC4,7.619788758288394,7.220504565013923,7.134282025682098
44259::ULK1::21588,ULK1,44259,CNC1CC2OC(C)(C1OC)n1c3ccccc3c3c4c(c5c6ccccc6n2c5c31)C(=O)NC4,8.00436480540245,7.220504565013923,7.753911107580132
5329102::ACVR2A::21608,ACVR2A,5329102,CCN(CC)CCNC(=O)c1c(C)[nH]c(C=C2C(=O)Nc3ccc(F)cc32)c1C,5.0,6.023488769710157,5.7562795069599835
5329102::AKT1::21613,AKT1,5329102,CCN(CC)CCNC(=O)c1c(C)[nH]c(C=C2C(=O)Nc3ccc(F)cc32)c1C,5.0,6.023488769710157,5.704912002037061
5329102::AMPK-alpha1::21617,AMPK-alpha1,5329102,CCN(CC)CCNC(=O)c1c(C)[nH]c(C=C2C(=O)Nc3ccc(F)cc32)c1C,7.721246399047171,6.023488769710157,6.254694459407255
5329102::ARK5::21620,ARK5,5329102,CCN(CC)CCNC(=O)c1c(C)[nH]c(C=C2C(=O)Nc3ccc(F)cc32)c1C,7.318758762624412,6.023488769710157,6.177218444939628
5329102::AXL::21626,AXL,5329102,CCN(CC)CCNC(=O)c1c(C)[nH]c(C=C2C(=O)Nc3ccc(F)cc32)c1C,8.045757490560675,6.023488769710157,5.857622261393927
5329102::BIKE::21627,BIKE,5329102,CCN(CC)CCNC(=O)c1c(C)[nH]c(C=C2C(=O)Nc3ccc(F)cc32)c1C,8.259637310505756,6.023488769710157,6.656209688710474
5329102::BLK::21628,BLK,5329102,CCN(CC)CCNC(=O)c1c(C)[nH]c(C=C2C(=O)Nc3ccc(F)cc32)c1C,7.187086643357144,6.023488769710157,5.347321854644292
5329102::BMPR1A::21629,BMPR1A,5329102,CCN(CC)CCNC(=O)c1c(C)[nH]c(C=C2C(=O)Nc3ccc(F)cc32)c1C,5.0,6.023488769710157,5.318530648877116
5329102::BRAF(V600E)::21633,BRAF(V600E),5329102,CCN(CC)CCNC(=O)c1c(C)[nH]c(C=C2C(=O)Nc3ccc(F)cc32)c1C,5.0,6.023488769710157,6.565037811665206
5329102::BRSK1::21635,BRSK1,5329102,CCN(CC)CCNC(=O)c1c(C)[nH]c(C=C2C(=O)Nc3ccc(F)cc32)c1C,5.455931955649724,6.023488769710157,6.213522928193998
5329102::CAMK1::21638,CAMK1,5329102,CCN(CC)CCNC(=O)c1c(C)[nH]c(C=C2C(=O)Nc3ccc(F)cc32)c1C,6.013228265733755,6.023488769710157,6.140005798307101
5329102::CAMK1D::21639,CAMK1D,5329102,CCN(CC)CCNC(=O)c1c(C)[nH]c(C=C2C(=O)Nc3ccc(F)cc32)c1C,6.292429823902063,6.023488769710157,6.491945746407954
5329102::CAMK1G::21640,CAMK1G,5329102,CCN(CC)CCNC(=O)c1c(C)[nH]c(C=C2C(=O)Nc3ccc(F)cc32)c1C,6.356547323513812,6.023488769710157,6.0754637283770165
5329102::CAMK2G::21644,CAMK2G,5329102,CCN(CC)CCNC(=O)c1c(C)[nH]c(C=C2C(=O)Nc3ccc(F)cc32)c1C,6.161150909262744,6.023488769710157,5.994475116231945
5329102::CAMK4::21645,CAMK4,5329102,CCN(CC)CCNC(=O)c1c(C)[nH]c(C=C2C(=O)Nc3ccc(F)cc32)c1C,6.050609993355087,6.023488769710157,6.264217932619102
5329102::CAMKK1::21646,CAMKK1,5329102,CCN(CC)CCNC(=O)c1c(C)[nH]c(C=C2C(=O)Nc3ccc(F)cc32)c1C,6.376750709602099,6.023488769710157,5.746260003656309
5329102::CDKL2::21661,CDKL2,5329102,CCN(CC)CCNC(=O)c1c(C)[nH]c(C=C2C(=O)Nc3ccc(F)cc32)c1C,5.958607314841775,6.023488769710157,6.1289069457026
5329102::CDKL5::21663,CDKL5,5329102,CCN(CC)CCNC(=O)c1c(C)[nH]c(C=C2C(=O)Nc3ccc(F)cc32)c1C,5.0,6.023488769710157,5.902446463743511
5329102::CLK1::21667,CLK1,5329102,CCN(CC)CCNC(=O)c1c(C)[nH]c(C=C2C(=O)Nc3ccc(F)cc32)c1C,7.657577319177793,6.023488769710157,6.593490785977728
5329102::CLK2::21668,CLK2,5329102,CCN(CC)CCNC(=O)c1c(C)[nH]c(C=C2C(=O)Nc3ccc(F)cc32)c1C,7.698970004336019,6.023488769710157,6.484527496165901
5329102::CSNK1A1L::21674,CSNK1A1L,5329102,CCN(CC)CCNC(=O)c1c(C)[nH]c(C=C2C(=O)Nc3ccc(F)cc32)c1C,6.259637310505756,6.023488769710157,5.806701900724658
5329102::CSNK1G1::21677,CSNK1G1,5329102,CCN(CC)CCNC(=O)c1c(C)[nH]c(C=C2C(=O)Nc3ccc(F)cc32)c1C,6.031517051446064,6.023488769710157,6.077444176231821
5329102::CSNK1G3::21679,CSNK1G3,5329102,CCN(CC)CCNC(=O)c1c(C)[nH]c(C=C2C(=O)Nc3ccc(F)cc32)c1C,6.619788758288394,6.023488769710157,6.015292193678319
5329102::DCAMKL1::21686,DCAMKL1,5329102,CCN(CC)CCNC(=O)c1c(C)[nH]c(C=C2C(=O)Nc3ccc(F)cc32)c1C,6.431798275933005,6.023488769710157,6.2304495206750765
5329102::DCAMKL2::21687,DCAMKL2,5329102,CCN(CC)CCNC(=O)c1c(C)[nH]c(C=C2C(=O)Nc3ccc(F)cc32)c1C,5.568636235841012,6.023488769710157,6.0124038752806435
5329102::DMPK::21692,DMPK,5329102,CCN(CC)CCNC(=O)c1c(C)[nH]c(C=C2C(=O)Nc3ccc(F)cc32)c1C,5.0,6.023488769710157,5.967696815592575
5329102::DYRK1A::21696,DYRK1A,5329102,CCN(CC)CCNC(=O)c1c(C)[nH]c(C=C2C(=O)Nc3ccc(F)cc32)c1C,6.698970004336019,6.023488769710157,6.001915427025309
5329102::EPHA6::21706,EPHA6,5329102,CCN(CC)CCNC(=O)c1c(C)[nH]c(C=C2C(=O)Nc3ccc(F)cc32)c1C,6.017728766960431,6.023488769710157,5.6804082676460625
5329102::ERBB2::21714,ERBB2,5329102,CCN(CC)CCNC(=O)c1c(C)[nH]c(C=C2C(=O)Nc3ccc(F)cc32)c1C,5.0,6.023488769710157,5.770072689912783
5329102::FGFR3(G697C)::21729,FGFR3(G697C),5329102,CCN(CC)CCNC(=O)c1c(C)[nH]c(C=C2C(=O)Nc3ccc(F)cc32)c1C,6.537602002101044,6.023488769710157,6.034390325620048
5329102::FLT1::21732,FLT1,5329102,CCN(CC)CCNC(=O)c1c(C)[nH]c(C=C2C(=O)Nc3ccc(F)cc32)c1C,8.744727494896694,6.023488769710157,6.567608434427009
5329102::FLT4::21734,FLT4,5329102,CCN(CC)CCNC(=O)c1c(C)[nH]c(C=C2C(=O)Nc3ccc(F)cc32)c1C,7.301029995663981,6.023488769710157,5.932047828623049
5329102::FYN::21736,FYN,5329102,CCN(CC)CCNC(=O)c1c(C)[nH]c(C=C2C(=O)Nc3ccc(F)cc32)c1C,6.2839966563652006,6.023488769710157,6.108127835882133
5329102::GAK::21737,GAK,5329102,CCN(CC)CCNC(=O)c1c(C)[nH]c(C=C2C(=O)Nc3ccc(F)cc32)c1C,7.698970004336019,6.023488769710157,5.932693244755365
5329102::HIPK3::21747,HIPK3,5329102,CCN(CC)CCNC(=O)c1c(C)[nH]c(C=C2C(=O)Nc3ccc(F)cc32)c1C,7.387216143280264,6.023488769710157,6.478317436355336
5329102::HUNK::21750,HUNK,5329102,CCN(CC)CCNC(=O)c1c(C)[nH]c(C=C2C(=O)Nc3ccc(F)cc32)c1C,6.301029995663981,6.023488769710157,6.302078231407701
5329102::ICK::21751,ICK,5329102,CCN(CC)CCNC(=O)c1c(C)[nH]c(C=C2C(=O)Nc3ccc(F)cc32)c1C,6.327902142064282,6.023488769710157,5.864417317074376
5329102::IKK-alpha::21753,IKK-alpha,5329102,CCN(CC)CCNC(=O)c1c(C)[nH]c(C=C2C(=O)Nc3ccc(F)cc32)c1C,6.2839966563652006,6.023488769710157,5.623672677714366
5329102::IKK-epsilon::21755,IKK-epsilon,5329102,CCN(CC)CCNC(=O)c1c(C)[nH]c(C=C2C(=O)Nc3ccc(F)cc32)c1C,6.207608310501746,6.023488769710157,5.728382195616652
5329102::JAK3(JH1domain-catalytic)::21764,JAK3(JH1domain-catalytic),5329102,CCN(CC)CCNC(=O)c1c(C)[nH]c(C=C2C(=O)Nc3ccc(F)cc32)c1C,5.920818753952375,6.023488769710157,5.924978450481559
5329102::JNK1::21765,JNK1,5329102,CCN(CC)CCNC(=O)c1c(C)[nH]c(C=C2C(=O)Nc3ccc(F)cc32)c1C,5.0,6.023488769710157,5.73848784988945
5329102::JNK2::21766,JNK2,5329102,CCN(CC)CCNC(=O)c1c(C)[nH]c(C=C2C(=O)Nc3ccc(F)cc32)c1C,5.619788758288394,6.023488769710157,5.767903348634156
5329102::LOK::21775,LOK,5329102,CCN(CC)CCNC(=O)c1c(C)[nH]c(C=C2C(=O)Nc3ccc(F)cc32)c1C,7.721246399047171,6.023488769710157,6.358053174838205
5329102::MAK::21780,MAK,5329102,CCN(CC)CCNC(=O)c1c(C)[nH]c(C=C2C(=O)Nc3ccc(F)cc32)c1C,5.0,6.023488769710157,6.465978955370351
5329102::MAP3K15::21782,MAP3K15,5329102,CCN(CC)CCNC(=O)c1c(C)[nH]c(C=C2C(=O)Nc3ccc(F)cc32)c1C,5.886056647693163,6.023488769710157,6.128527617225152
5329102::MAP4K2::21786,MAP4K2,5329102,CCN(CC)CCNC(=O)c1c(C)[nH]c(C=C2C(=O)Nc3ccc(F)cc32)c1C,7.481486060122112,6.023488769710157,5.700739666426232
5329102::MAP4K3::21787,MAP4K3,5329102,CCN(CC)CCNC(=O)c1c(C)[nH]c(C=C2C(=O)Nc3ccc(F)cc32)c1C,6.7447274948966935,6.023488769710157,6.243835772523792
5329102::MEK1::21797,MEK1,5329102,CCN(CC)CCNC(=O)c1c(C)[nH]c(C=C2C(=O)Nc3ccc(F)cc32)c1C,6.886056647693163,6.023488769710157,5.817076674973338
5329102::MELK::21803,MELK,5329102,CCN(CC)CCNC(=O)c1c(C)[nH]c(C=C2C(=O)Nc3ccc(F)cc32)c1C,6.455931955649724,6.023488769710157,6.1783502917959945
5329102::MLK1::21811,MLK1,5329102,CCN(CC)CCNC(=O)c1c(C)[nH]c(C=C2C(=O)Nc3ccc(F)cc32)c1C,5.468521082957745,6.023488769710157,6.115802290179674
5329102::MLK2::21812,MLK2,5329102,CCN(CC)CCNC(=O)c1c(C)[nH]c(C=C2C(=O)Nc3ccc(F)cc32)c1C,5.0,6.023488769710157,5.7632597144237225
5329102::MLK3::21813,MLK3,5329102,CCN(CC)CCNC(=O)c1c(C)[nH]c(C=C2C(=O)Nc3ccc(F)cc32)c1C,5.886056647693163,6.023488769710157,5.750281285521242
5329102::MST1::21816,MST1,5329102,CCN(CC)CCNC(=O)c1c(C)[nH]c(C=C2C(=O)Nc3ccc(F)cc32)c1C,7.721246399047171,6.023488769710157,6.301872524494877
5329102::MST1R::21817,MST1R,5329102,CCN(CC)CCNC(=O)c1c(C)[nH]c(C=C2C(=O)Nc3ccc(F)cc32)c1C,5.0,6.023488769710157,5.736886451181081
5329102::MST2::21818,MST2,5329102,CCN(CC)CCNC(=O)c1c(C)[nH]c(C=C2C(=O)Nc3ccc(F)cc32)c1C,7.251811972993799,6.023488769710157,5.869676336336028
5329102::MST3::21819,MST3,5329102,CCN(CC)CCNC(=O)c1c(C)[nH]c(C=C2C(=O)Nc3ccc(F)cc32)c1C,7.200659450546418,6.023488769710157,5.935199640521721
5329102::MYLK::21823,MYLK,5329102,CCN(CC)CCNC(=O)c1c(C)[nH]c(C=C2C(=O)Nc3ccc(F)cc32)c1C,6.552841968657781,6.023488769710157,6.2195092928978655
5329102::MYLK2::21824,MYLK2,5329102,CCN(CC)CCNC(=O)c1c(C)[nH]c(C=C2C(=O)Nc3ccc(F)cc32)c1C,7.309803919971486,6.023488769710157,6.3120347166435735
5329102::NEK1::21830,NEK1,5329102,CCN(CC)CCNC(=O)c1c(C)[nH]c(C=C2C(=O)Nc3ccc(F)cc32)c1C,5.0,6.023488769710157,5.9041374426986515
5329102::p38-alpha::21842,p38-alpha,5329102,CCN(CC)CCNC(=O)c1c(C)[nH]c(C=C2C(=O)Nc3ccc(F)cc32)c1C,5.0,6.023488769710157,5.730928272701506
5329102::PAK4::21849,PAK4,5329102,CCN(CC)CCNC(=O)c1c(C)[nH]c(C=C2C(=O)Nc3ccc(F)cc32)c1C,5.638272163982407,6.023488769710157,6.352538443089636
5329102::PFPK5(Pfalciparum)::21859,PFPK5(Pfalciparum),5329102,CCN(CC)CCNC(=O)c1c(C)[nH]c(C=C2C(=O)Nc3ccc(F)cc32)c1C,5.0,6.023488769710157,5.717859675734931
5329102::PIK3CA(Q546K)::21866,PIK3CA(Q546K),5329102,CCN(CC)CCNC(=O)c1c(C)[nH]c(C=C2C(=O)Nc3ccc(F)cc32)c1C,5.0,6.023488769710157,5.936600593655523
5329102::PIK3CD::21868,PIK3CD,5329102,CCN(CC)CCNC(=O)c1c(C)[nH]c(C=C2C(=O)Nc3ccc(F)cc32)c1C,5.0,6.023488769710157,6.101690716502358
5329102::PIM3::21873,PIM3,5329102,CCN(CC)CCNC(=O)c1c(C)[nH]c(C=C2C(=O)Nc3ccc(F)cc32)c1C,5.619788758288394,6.023488769710157,5.87686347197191
5329102::PRKCE::21889,PRKCE,5329102,CCN(CC)CCNC(=O)c1c(C)[nH]c(C=C2C(=O)Nc3ccc(F)cc32)c1C,5.0,6.023488769710157,5.653230639373811
5329102::PYK2::21901,PYK2,5329102,CCN(CC)CCNC(=O)c1c(C)[nH]c(C=C2C(=O)Nc3ccc(F)cc32)c1C,7.086186147616283,6.023488769710157,6.140714473824752
5329102::RIPK5::21911,RIPK5,5329102,CCN(CC)CCNC(=O)c1c(C)[nH]c(C=C2C(=O)Nc3ccc(F)cc32)c1C,5.886056647693163,6.023488769710157,6.063830530894101
5329102::RSK2(KinDom.1-N-terminal)::21918,RSK2(KinDom.1-N-terminal),5329102,CCN(CC)CCNC(=O)c1c(C)[nH]c(C=C2C(=O)Nc3ccc(F)cc32)c1C,6.236572006437063,6.023488769710157,6.019112440738145
5329102::SNARK::21928,SNARK,5329102,CCN(CC)CCNC(=O)c1c(C)[nH]c(C=C2C(=O)Nc3ccc(F)cc32)c1C,6.823908740944319,6.023488769710157,6.266689704140302
5329102::TBK1::21945,TBK1,5329102,CCN(CC)CCNC(=O)c1c(C)[nH]c(C=C2C(=O)Nc3ccc(F)cc32)c1C,6.920818753952375,6.023488769710157,6.185070181912363
5329102::TNK1::21955,TNK1,5329102,CCN(CC)CCNC(=O)c1c(C)[nH]c(C=C2C(=O)Nc3ccc(F)cc32)c1C,6.167491087293763,6.023488769710157,5.916432500729088
5329102::TRKC::21960,TRKC,5329102,CCN(CC)CCNC(=O)c1c(C)[nH]c(C=C2C(=O)Nc3ccc(F)cc32)c1C,5.292429823902063,6.023488769710157,6.137030414893803
5329102::TRPM6::21961,TRPM6,5329102,CCN(CC)CCNC(=O)c1c(C)[nH]c(C=C2C(=O)Nc3ccc(F)cc32)c1C,5.0,6.023488769710157,6.020949170642733
5329102::TSSK1B::21962,TSSK1B,5329102,CCN(CC)CCNC(=O)c1c(C)[nH]c(C=C2C(=O)Nc3ccc(F)cc32)c1C,5.200659450546418,6.023488769710157,6.00338270870993
5329102::ULK1::21967,ULK1,5329102,CCN(CC)CCNC(=O)c1c(C)[nH]c(C=C2C(=O)Nc3ccc(F)cc32)c1C,7.638272163982407,6.023488769710157,6.12855918211762
16038120::ACVR2A::21987,ACVR2A,16038120,COc1cc(N2CCC(N3CCN(C)CC3)CC2)ccc1Nc1ncc(Cl)c(Nc2ccccc2S(=O)(=O)C(C)C)n1,5.657577319177793,6.23395407628867,7.15652646608874
16038120::AKT1::21992,AKT1,16038120,COc1cc(N2CCC(N3CCN(C)CC3)CC2)ccc1Nc1ncc(Cl)c(Nc2ccccc2S(=O)(=O)C(C)C)n1,5.0,6.23395407628867,5.788037585891849
16038120::AMPK-alpha1::21996,AMPK-alpha1,16038120,COc1cc(N2CCC(N3CCN(C)CC3)CC2)ccc1Nc1ncc(Cl)c(Nc2ccccc2S(=O)(=O)C(C)C)n1,7.568636235841012,6.23395407628867,6.040893945457563
16038120::ARK5::21999,ARK5,16038120,COc1cc(N2CCC(N3CCN(C)CC3)CC2)ccc1Nc1ncc(Cl)c(Nc2ccccc2S(=O)(=O)C(C)C)n1,7.886056647693163,6.23395407628867,5.927142106413877
16038120::AXL::22005,AXL,16038120,COc1cc(N2CCC(N3CCN(C)CC3)CC2)ccc1Nc1ncc(Cl)c(Nc2ccccc2S(=O)(=O)C(C)C)n1,7.920818753952375,6.23395407628867,6.791627653054588
16038120::BIKE::22006,BIKE,16038120,COc1cc(N2CCC(N3CCN(C)CC3)CC2)ccc1Nc1ncc(Cl)c(Nc2ccccc2S(=O)(=O)C(C)C)n1,5.721246399047171,6.23395407628867,6.159594155926031
16038120::BLK::22007,BLK,16038120,COc1cc(N2CCC(N3CCN(C)CC3)CC2)ccc1Nc1ncc(Cl)c(Nc2ccccc2S(=O)(=O)C(C)C)n1,6.886056647693163,6.23395407628867,6.647644650746171
16038120::BMPR1A::22008,BMPR1A,16038120,COc1cc(N2CCC(N3CCN(C)CC3)CC2)ccc1Nc1ncc(Cl)c(Nc2ccccc2S(=O)(=O)C(C)C)n1,6.769551078621726,6.23395407628867,6.63808016462881
16038120::BRAF(V600E)::22012,BRAF(V600E),16038120,COc1cc(N2CCC(N3CCN(C)CC3)CC2)ccc1Nc1ncc(Cl)c(Nc2ccccc2S(=O)(=O)C(C)C)n1,5.0,6.23395407628867,6.130005821601207
16038120::BRSK1::22014,BRSK1,16038120,COc1cc(N2CCC(N3CCN(C)CC3)CC2)ccc1Nc1ncc(Cl)c(Nc2ccccc2S(=O)(=O)C(C)C)n1,6.508638306165727,6.23395407628867,6.143610583681531
16038120::CAMK1::22017,CAMK1,16038120,COc1cc(N2CCC(N3CCN(C)CC3)CC2)ccc1Nc1ncc(Cl)c(Nc2ccccc2S(=O)(=O)C(C)C)n1,5.958607314841775,6.23395407628867,6.350895510511033
16038120::CAMK1D::22018,CAMK1D,16038120,COc1cc(N2CCC(N3CCN(C)CC3)CC2)ccc1Nc1ncc(Cl)c(Nc2ccccc2S(=O)(=O)C(C)C)n1,6.638272163982407,6.23395407628867,6.514477929044999
16038120::CAMK1G::22019,CAMK1G,16038120,COc1cc(N2CCC(N3CCN(C)CC3)CC2)ccc1Nc1ncc(Cl)c(Nc2ccccc2S(=O)(=O)C(C)C)n1,5.522878745280337,6.23395407628867,6.828578320223724
16038120::CAMK2G::22023,CAMK2G,16038120,COc1cc(N2CCC(N3CCN(C)CC3)CC2)ccc1Nc1ncc(Cl)c(Nc2ccccc2S(=O)(=O)C(C)C)n1,6.107905397309519,6.23395407628867,5.788266228159301
16038120::CAMK4::22024,CAMK4,16038120,COc1cc(N2CCC(N3CCN(C)CC3)CC2)ccc1Nc1ncc(Cl)c(Nc2ccccc2S(=O)(=O)C(C)C)n1,7.522878745280337,6.23395407628867,6.00997073398122
16038120::CAMKK1::22025,CAMKK1,16038120,COc1cc(N2CCC(N3CCN(C)CC3)CC2)ccc1Nc1ncc(Cl)c(Nc2ccccc2S(=O)(=O)C(C)C)n1,7.301029995663981,6.23395407628867,5.882124161111849
16038120::CDKL2::22040,CDKL2,16038120,COc1cc(N2CCC(N3CCN(C)CC3)CC2)ccc1Nc1ncc(Cl)c(Nc2ccccc2S(=O)(=O)C(C)C)n1,5.0,6.23395407628867,6.038432472941045
16038120::CDKL5::22042,CDKL5,16038120,COc1cc(N2CCC(N3CCN(C)CC3)CC2)ccc1Nc1ncc(Cl)c(Nc2ccccc2S(=O)(=O)C(C)C)n1,5.0,6.23395407628867,6.014211698090325
16038120::CLK1::22046,CLK1,16038120,COc1cc(N2CCC(N3CCN(C)CC3)CC2)ccc1Nc1ncc(Cl)c(Nc2ccccc2S(=O)(=O)C(C)C)n1,7.920818753952375,6.23395407628867,5.981757009385704
16038120::CLK2::22047,CLK2,16038120,COc1cc(N2CCC(N3CCN(C)CC3)CC2)ccc1Nc1ncc(Cl)c(Nc2ccccc2S(=O)(=O)C(C)C)n1,7.086186147616283,6.23395407628867,5.701042710879447
16038120::CSNK1A1L::22053,CSNK1A1L,16038120,COc1cc(N2CCC(N3CCN(C)CC3)CC2)ccc1Nc1ncc(Cl)c(Nc2ccccc2S(=O)(=O)C(C)C)n1,5.2839966563652006,6.23395407628867,5.703798178219161
16038120::CSNK1G1::22056,CSNK1G1,16038120,COc1cc(N2CCC(N3CCN(C)CC3)CC2)ccc1Nc1ncc(Cl)c(Nc2ccccc2S(=O)(=O)C(C)C)n1,5.0,6.23395407628867,5.828908198393895
16038120::CSNK1G3::22058,CSNK1G3,16038120,COc1cc(N2CCC(N3CCN(C)CC3)CC2)ccc1Nc1ncc(Cl)c(Nc2ccccc2S(=O)(=O)C(C)C)n1,5.0,6.23395407628867,5.751138675758804
16038120::DCAMKL1::22065,DCAMKL1,16038120,COc1cc(N2CCC(N3CCN(C)CC3)CC2)ccc1Nc1ncc(Cl)c(Nc2ccccc2S(=O)(=O)C(C)C)n1,8.309803919971486,6.23395407628867,6.133925586845992
16038120::DCAMKL2::22066,DCAMKL2,16038120,COc1cc(N2CCC(N3CCN(C)CC3)CC2)ccc1Nc1ncc(Cl)c(Nc2ccccc2S(=O)(=O)C(C)C)n1,7.795880017344075,6.23395407628867,5.928805154001213
16038120::DMPK::22071,DMPK,16038120,COc1cc(N2CCC(N3CCN(C)CC3)CC2)ccc1Nc1ncc(Cl)c(Nc2ccccc2S(=O)(=O)C(C)C)n1,5.6777807052660805,6.23395407628867,5.990634593293798
16038120::DYRK1A::22075,DYRK1A,16038120,COc1cc(N2CCC(N3CCN(C)CC3)CC2)ccc1Nc1ncc(Cl)c(Nc2ccccc2S(=O)(=O)C(C)C)n1,5.537602002101044,6.23395407628867,6.0638288232168795
16038120::EPHA6::22085,EPHA6,16038120,COc1cc(N2CCC(N3CCN(C)CC3)CC2)ccc1Nc1ncc(Cl)c(Nc2ccccc2S(=O)(=O)C(C)C)n1,6.920818753952375,6.23395407628867,5.952528482586994
16038120::ERBB2::22093,ERBB2,16038120,COc1cc(N2CCC(N3CCN(C)CC3)CC2)ccc1Nc1ncc(Cl)c(Nc2ccccc2S(=O)(=O)C(C)C)n1,6.267606240177031,6.23395407628867,6.882188378374634
16038120::FGFR3(G697C)::22108,FGFR3(G697C),16038120,COc1cc(N2CCC(N3CCN(C)CC3)CC2)ccc1Nc1ncc(Cl)c(Nc2ccccc2S(=O)(=O)C(C)C)n1,7.022276394711152,6.23395407628867,6.246599779628102
16038120::FLT1::22111,FLT1,16038120,COc1cc(N2CCC(N3CCN(C)CC3)CC2)ccc1Nc1ncc(Cl)c(Nc2ccccc2S(=O)(=O)C(C)C)n1,6.259637310505756,6.23395407628867,5.8215653111136225
16038120::FLT4::22113,FLT4,16038120,COc1cc(N2CCC(N3CCN(C)CC3)CC2)ccc1Nc1ncc(Cl)c(Nc2ccccc2S(=O)(=O)C(C)C)n1,6.769551078621726,6.23395407628867,6.465435866986195
16038120::FYN::22115,FYN,16038120,COc1cc(N2CCC(N3CCN(C)CC3)CC2)ccc1Nc1ncc(Cl)c(Nc2ccccc2S(=O)(=O)C(C)C)n1,5.853871964321762,6.23395407628867,6.926814579337907
16038120::GAK::22116,GAK,16038120,COc1cc(N2CCC(N3CCN(C)CC3)CC2)ccc1Nc1ncc(Cl)c(Nc2ccccc2S(=O)(=O)C(C)C)n1,8.275724130399212,6.23395407628867,6.042210299048323
16038120::HIPK3::22126,HIPK3,16038120,COc1cc(N2CCC(N3CCN(C)CC3)CC2)ccc1Nc1ncc(Cl)c(Nc2ccccc2S(=O)(=O)C(C)C)n1,5.161150909262744,6.23395407628867,5.749526575874055
16038120::HUNK::22129,HUNK,16038120,COc1cc(N2CCC(N3CCN(C)CC3)CC2)ccc1Nc1ncc(Cl)c(Nc2ccccc2S(=O)(=O)C(C)C)n1,6.455931955649724,6.23395407628867,6.009439459401842
16038120::ICK::22130,ICK,16038120,COc1cc(N2CCC(N3CCN(C)CC3)CC2)ccc1Nc1ncc(Cl)c(Nc2ccccc2S(=O)(=O)C(C)C)n1,5.3979400086720375,6.23395407628867,5.916696316318993
16038120::IKK-alpha::22132,IKK-alpha,16038120,COc1cc(N2CCC(N3CCN(C)CC3)CC2)ccc1Nc1ncc(Cl)c(Nc2ccccc2S(=O)(=O)C(C)C)n1,5.0,6.23395407628867,6.168369815407673
16038120::IKK-epsilon::22134,IKK-epsilon,16038120,COc1cc(N2CCC(N3CCN(C)CC3)CC2)ccc1Nc1ncc(Cl)c(Nc2ccccc2S(=O)(=O)C(C)C)n1,5.958607314841775,6.23395407628867,5.89538989893642
16038120::JAK3(JH1domain-catalytic)::22143,JAK3(JH1domain-catalytic),16038120,COc1cc(N2CCC(N3CCN(C)CC3)CC2)ccc1Nc1ncc(Cl)c(Nc2ccccc2S(=O)(=O)C(C)C)n1,7.769551078621726,6.23395407628867,6.381712355699743
16038120::JNK1::22144,JNK1,16038120,COc1cc(N2CCC(N3CCN(C)CC3)CC2)ccc1Nc1ncc(Cl)c(Nc2ccccc2S(=O)(=O)C(C)C)n1,6.795880017344075,6.23395407628867,6.034425095493138
16038120::JNK2::22145,JNK2,16038120,COc1cc(N2CCC(N3CCN(C)CC3)CC2)ccc1Nc1ncc(Cl)c(Nc2ccccc2S(=O)(=O)C(C)C)n1,6.552841968657781,6.23395407628867,6.232691264773121
16038120::LOK::22154,LOK,16038120,COc1cc(N2CCC(N3CCN(C)CC3)CC2)ccc1Nc1ncc(Cl)c(Nc2ccccc2S(=O)(=O)C(C)C)n1,7.086186147616283,6.23395407628867,6.710890106023523
16038120::MAK::22159,MAK,16038120,COc1cc(N2CCC(N3CCN(C)CC3)CC2)ccc1Nc1ncc(Cl)c(Nc2ccccc2S(=O)(=O)C(C)C)n1,5.0,6.23395407628867,6.237783083472738
16038120::MAP3K15::22161,MAP3K15,16038120,COc1cc(N2CCC(N3CCN(C)CC3)CC2)ccc1Nc1ncc(Cl)c(Nc2ccccc2S(=O)(=O)C(C)C)n1,6.096910013008056,6.23395407628867,5.599670706249522
16038120::MAP4K2::22165,MAP4K2,16038120,COc1cc(N2CCC(N3CCN(C)CC3)CC2)ccc1Nc1ncc(Cl)c(Nc2ccccc2S(=O)(=O)C(C)C)n1,6.721246399047171,6.23395407628867,5.9199862253644655
16038120::MAP4K3::22166,MAP4K3,16038120,COc1cc(N2CCC(N3CCN(C)CC3)CC2)ccc1Nc1ncc(Cl)c(Nc2ccccc2S(=O)(=O)C(C)C)n1,7.187086643357144,6.23395407628867,6.285136288309387
16038120::MEK1::22176,MEK1,16038120,COc1cc(N2CCC(N3CCN(C)CC3)CC2)ccc1Nc1ncc(Cl)c(Nc2ccccc2S(=O)(=O)C(C)C)n1,6.259637310505756,6.23395407628867,5.927788056010879
16038120::MELK::22182,MELK,16038120,COc1cc(N2CCC(N3CCN(C)CC3)CC2)ccc1Nc1ncc(Cl)c(Nc2ccccc2S(=O)(=O)C(C)C)n1,7.00436480540245,6.23395407628867,5.972044886608568
16038120::MLK1::22190,MLK1,16038120,COc1cc(N2CCC(N3CCN(C)CC3)CC2)ccc1Nc1ncc(Cl)c(Nc2ccccc2S(=O)(=O)C(C)C)n1,6.3872161432802645,6.23395407628867,5.894680439307296
16038120::MLK2::22191,MLK2,16038120,COc1cc(N2CCC(N3CCN(C)CC3)CC2)ccc1Nc1ncc(Cl)c(Nc2ccccc2S(=O)(=O)C(C)C)n1,5.958607314841775,6.23395407628867,6.90624323679336
16038120::MLK3::22192,MLK3,16038120,COc1cc(N2CCC(N3CCN(C)CC3)CC2)ccc1Nc1ncc(Cl)c(Nc2ccccc2S(=O)(=O)C(C)C)n1,6.376750709602099,6.23395407628867,7.024164982383353
16038120::MST1::22195,MST1,16038120,COc1cc(N2CCC(N3CCN(C)CC3)CC2)ccc1Nc1ncc(Cl)c(Nc2ccccc2S(=O)(=O)C(C)C)n1,6.481486060122112,6.23395407628867,6.01183470953892
16038120::MST1R::22196,MST1R,16038120,COc1cc(N2CCC(N3CCN(C)CC3)CC2)ccc1Nc1ncc(Cl)c(Nc2ccccc2S(=O)(=O)C(C)C)n1,6.214670164989233,6.23395407628867,6.06989156979832
16038120::MST2::22197,MST2,16038120,COc1cc(N2CCC(N3CCN(C)CC3)CC2)ccc1Nc1ncc(Cl)c(Nc2ccccc2S(=O)(=O)C(C)C)n1,6.508638306165727,6.23395407628867,6.038332281747532
16038120::MST3::22198,MST3,16038120,COc1cc(N2CCC(N3CCN(C)CC3)CC2)ccc1Nc1ncc(Cl)c(Nc2ccccc2S(=O)(=O)C(C)C)n1,5.537602002101044,6.23395407628867,5.937723053637789
16038120::MYLK::22202,MYLK,16038120,COc1cc(N2CCC(N3CCN(C)CC3)CC2)ccc1Nc1ncc(Cl)c(Nc2ccccc2S(=O)(=O)C(C)C)n1,6.657577319177793,6.23395407628867,6.0604143301406195
16038120::MYLK2::22203,MYLK2,16038120,COc1cc(N2CCC(N3CCN(C)CC3)CC2)ccc1Nc1ncc(Cl)c(Nc2ccccc2S(=O)(=O)C(C)C)n1,5.0,6.23395407628867,5.904911396692344
16038120::NEK1::22209,NEK1,16038120,COc1cc(N2CCC(N3CCN(C)CC3)CC2)ccc1Nc1ncc(Cl)c(Nc2ccccc2S(=O)(=O)C(C)C)n1,5.0,6.23395407628867,5.874357795525405
16038120::p38-alpha::22221,p38-alpha,16038120,COc1cc(N2CCC(N3CCN(C)CC3)CC2)ccc1Nc1ncc(Cl)c(Nc2ccccc2S(=O)(=O)C(C)C)n1,5.0,6.23395407628867,5.789645886977662
16038120::PAK4::22228,PAK4,16038120,COc1cc(N2CCC(N3CCN(C)CC3)CC2)ccc1Nc1ncc(Cl)c(Nc2ccccc2S(=O)(=O)C(C)C)n1,5.698970004336019,6.23395407628867,6.214487598653022
16038120::PFPK5(Pfalciparum)::22238,PFPK5(Pfalciparum),16038120,COc1cc(N2CCC(N3CCN(C)CC3)CC2)ccc1Nc1ncc(Cl)c(Nc2ccccc2S(=O)(=O)C(C)C)n1,5.0,6.23395407628867,5.87447946091998
16038120::PIK3CA(Q546K)::22245,PIK3CA(Q546K),16038120,COc1cc(N2CCC(N3CCN(C)CC3)CC2)ccc1Nc1ncc(Cl)c(Nc2ccccc2S(=O)(=O)C(C)C)n1,5.0,6.23395407628867,5.942534409752617
16038120::PIK3CD::22247,PIK3CD,16038120,COc1cc(N2CCC(N3CCN(C)CC3)CC2)ccc1Nc1ncc(Cl)c(Nc2ccccc2S(=O)(=O)C(C)C)n1,5.0,6.23395407628867,5.840694434078738
16038120::PIM3::22252,PIM3,16038120,COc1cc(N2CCC(N3CCN(C)CC3)CC2)ccc1Nc1ncc(Cl)c(Nc2ccccc2S(=O)(=O)C(C)C)n1,5.0,6.23395407628867,6.081952962580121
16038120::PRKCE::22268,PRKCE,16038120,COc1cc(N2CCC(N3CCN(C)CC3)CC2)ccc1Nc1ncc(Cl)c(Nc2ccccc2S(=O)(=O)C(C)C)n1,5.698970004336019,6.23395407628867,6.327693183374804
16038120::PYK2::22280,PYK2,16038120,COc1cc(N2CCC(N3CCN(C)CC3)CC2)ccc1Nc1ncc(Cl)c(Nc2ccccc2S(=O)(=O)C(C)C)n1,8.958607314841775,6.23395407628867,6.544253818451027
16038120::RIPK5::22290,RIPK5,16038120,COc1cc(N2CCC(N3CCN(C)CC3)CC2)ccc1Nc1ncc(Cl)c(Nc2ccccc2S(=O)(=O)C(C)C)n1,7.244125144327507,6.23395407628867,6.422202679659704
16038120::RSK2(KinDom.1-N-terminal)::22297,RSK2(KinDom.1-N-terminal),16038120,COc1cc(N2CCC(N3CCN(C)CC3)CC2)ccc1Nc1ncc(Cl)c(Nc2ccccc2S(=O)(=O)C(C)C)n1,7.769551078621726,6.23395407628867,6.217496177937146
16038120::SNARK::22307,SNARK,16038120,COc1cc(N2CCC(N3CCN(C)CC3)CC2)ccc1Nc1ncc(Cl)c(Nc2ccccc2S(=O)(=O)C(C)C)n1,8.920818753952375,6.23395407628867,6.2498990377017005
16038120::TBK1::22324,TBK1,16038120,COc1cc(N2CCC(N3CCN(C)CC3)CC2)ccc1Nc1ncc(Cl)c(Nc2ccccc2S(=O)(=O)C(C)C)n1,6.327902142064282,6.23395407628867,6.311937799588461
16038120::TNK1::22334,TNK1,16038120,COc1cc(N2CCC(N3CCN(C)CC3)CC2)ccc1Nc1ncc(Cl)c(Nc2ccccc2S(=O)(=O)C(C)C)n1,8.744727494896694,6.23395407628867,6.706824082731963
16038120::TRKC::22339,TRKC,16038120,COc1cc(N2CCC(N3CCN(C)CC3)CC2)ccc1Nc1ncc(Cl)c(Nc2ccccc2S(=O)(=O)C(C)C)n1,5.0,6.23395407628867,6.912646533717448
16038120::TRPM6::22340,TRPM6,16038120,COc1cc(N2CCC(N3CCN(C)CC3)CC2)ccc1Nc1ncc(Cl)c(Nc2ccccc2S(=O)(=O)C(C)C)n1,5.0,6.23395407628867,6.228641793097985
16038120::TSSK1B::22341,TSSK1B,16038120,COc1cc(N2CCC(N3CCN(C)CC3)CC2)ccc1Nc1ncc(Cl)c(Nc2ccccc2S(=O)(=O)C(C)C)n1,7.602059991327962,6.23395407628867,6.556914101089006
16038120::ULK1::22346,ULK1,16038120,COc1cc(N2CCC(N3CCN(C)CC3)CC2)ccc1Nc1ncc(Cl)c(Nc2ccccc2S(=O)(=O)C(C)C)n1,9.080921907623926,6.23395407628867,6.383199989493118
10427712::ACVR2A::22366,ACVR2A,10427712,Nc1nc(N)c2nc(-c3cccc(O)c3)c(-c3cccc(O)c3)nc2n1,5.0,5.170860824172967,5.287225803478583
10427712::AKT1::22371,AKT1,10427712,Nc1nc(N)c2nc(-c3cccc(O)c3)c(-c3cccc(O)c3)nc2n1,5.0,5.170860824172967,5.024620406259523
10427712::AMPK-alpha1::22375,AMPK-alpha1,10427712,Nc1nc(N)c2nc(-c3cccc(O)c3)c(-c3cccc(O)c3)nc2n1,5.0,5.170860824172967,5.080689454791036
10427712::ARK5::22378,ARK5,10427712,Nc1nc(N)c2nc(-c3cccc(O)c3)c(-c3cccc(O)c3)nc2n1,5.0,5.170860824172967,5.058854600611125
10427712::AXL::22384,AXL,10427712,Nc1nc(N)c2nc(-c3cccc(O)c3)c(-c3cccc(O)c3)nc2n1,5.0,5.170860824172967,5.327790926605931
10427712::BIKE::22385,BIKE,10427712,Nc1nc(N)c2nc(-c3cccc(O)c3)c(-c3cccc(O)c3)nc2n1,6.1938200260161125,5.170860824172967,5.242678303111343
10427712::BLK::22386,BLK,10427712,Nc1nc(N)c2nc(-c3cccc(O)c3)c(-c3cccc(O)c3)nc2n1,5.0,5.170860824172967,5.08085186755525
10427712::BMPR1A::22387,BMPR1A,10427712,Nc1nc(N)c2nc(-c3cccc(O)c3)c(-c3cccc(O)c3)nc2n1,5.0,5.170860824172967,5.182779055677332
10427712::BRAF(V600E)::22391,BRAF(V600E),10427712,Nc1nc(N)c2nc(-c3cccc(O)c3)c(-c3cccc(O)c3)nc2n1,5.698970004336019,5.170860824172967,5.113805036659282
10427712::BRSK1::22393,BRSK1,10427712,Nc1nc(N)c2nc(-c3cccc(O)c3)c(-c3cccc(O)c3)nc2n1,6.136677139879544,5.170860824172967,5.130655498701073
10427712::CAMK1::22396,CAMK1,10427712,Nc1nc(N)c2nc(-c3cccc(O)c3)c(-c3cccc(O)c3)nc2n1,5.0,5.170860824172967,5.030685775232674
10427712::CAMK1D::22397,CAMK1D,10427712,Nc1nc(N)c2nc(-c3cccc(O)c3)c(-c3cccc(O)c3)nc2n1,5.0,5.170860824172967,5.008786477309199
10427712::CAMK1G::22398,CAMK1G,10427712,Nc1nc(N)c2nc(-c3cccc(O)c3)c(-c3cccc(O)c3)nc2n1,5.0,5.170860824172967,5.050339373141359
10427712::CAMK2G::22402,CAMK2G,10427712,Nc1nc(N)c2nc(-c3cccc(O)c3)c(-c3cccc(O)c3)nc2n1,5.0,5.170860824172967,5.203205432892666
10427712::CAMK4::22403,CAMK4,10427712,Nc1nc(N)c2nc(-c3cccc(O)c3)c(-c3cccc(O)c3)nc2n1,5.0,5.170860824172967,5.106248890004837
10427712::CAMKK1::22404,CAMKK1,10427712,Nc1nc(N)c2nc(-c3cccc(O)c3)c(-c3cccc(O)c3)nc2n1,5.0,5.170860824172967,5.166748124567274
10427712::CDKL2::22419,CDKL2,10427712,Nc1nc(N)c2nc(-c3cccc(O)c3)c(-c3cccc(O)c3)nc2n1,5.0,5.170860824172967,5.115232928596678
10427712::CDKL5::22421,CDKL5,10427712,Nc1nc(N)c2nc(-c3cccc(O)c3)c(-c3cccc(O)c3)nc2n1,5.0,5.170860824172967,5.027100816219885
10427712::CLK1::22425,CLK1,10427712,Nc1nc(N)c2nc(-c3cccc(O)c3)c(-c3cccc(O)c3)nc2n1,6.853871964321762,5.170860824172967,5.464136105899385
10427712::CLK2::22426,CLK2,10427712,Nc1nc(N)c2nc(-c3cccc(O)c3)c(-c3cccc(O)c3)nc2n1,7.366531544420413,5.170860824172967,5.458242647677154
10427712::CSNK1A1L::22432,CSNK1A1L,10427712,Nc1nc(N)c2nc(-c3cccc(O)c3)c(-c3cccc(O)c3)nc2n1,5.721246399047171,5.170860824172967,5.085509762048722
10427712::CSNK1G1::22435,CSNK1G1,10427712,Nc1nc(N)c2nc(-c3cccc(O)c3)c(-c3cccc(O)c3)nc2n1,5.2441251443275085,5.170860824172967,5.170029448198955
10427712::CSNK1G3::22437,CSNK1G3,10427712,Nc1nc(N)c2nc(-c3cccc(O)c3)c(-c3cccc(O)c3)nc2n1,5.060480747381382,5.170860824172967,5.2085110996701
10427712::DCAMKL1::22444,DCAMKL1,10427712,Nc1nc(N)c2nc(-c3cccc(O)c3)c(-c3cccc(O)c3)nc2n1,5.0,5.170860824172967,5.059066084240738
10427712::DCAMKL2::22445,DCAMKL2,10427712,Nc1nc(N)c2nc(-c3cccc(O)c3)c(-c3cccc(O)c3)nc2n1,5.0,5.170860824172967,5.052465408186103
10427712::DMPK::22450,DMPK,10427712,Nc1nc(N)c2nc(-c3cccc(O)c3)c(-c3cccc(O)c3)nc2n1,5.0,5.170860824172967,5.0965129283456845
10427712::DYRK1A::22454,DYRK1A,10427712,Nc1nc(N)c2nc(-c3cccc(O)c3)c(-c3cccc(O)c3)nc2n1,6.173925197299173,5.170860824172967,5.304080011880896
10427712::EPHA6::22464,EPHA6,10427712,Nc1nc(N)c2nc(-c3cccc(O)c3)c(-c3cccc(O)c3)nc2n1,5.0,5.170860824172967,5.266551378290762
10427712::ERBB2::22472,ERBB2,10427712,Nc1nc(N)c2nc(-c3cccc(O)c3)c(-c3cccc(O)c3)nc2n1,6.356547323513812,5.170860824172967,5.285639066155615
10427712::FGFR3(G697C)::22487,FGFR3(G697C),10427712,Nc1nc(N)c2nc(-c3cccc(O)c3)c(-c3cccc(O)c3)nc2n1,5.0,5.170860824172967,5.147437913393121
10427712::FLT1::22490,FLT1,10427712,Nc1nc(N)c2nc(-c3cccc(O)c3)c(-c3cccc(O)c3)nc2n1,5.0,5.170860824172967,5.17769879607517
10427712::FLT4::22492,FLT4,10427712,Nc1nc(N)c2nc(-c3cccc(O)c3)c(-c3cccc(O)c3)nc2n1,5.0,5.170860824172967,5.184844515303687
10427712::FYN::22494,FYN,10427712,Nc1nc(N)c2nc(-c3cccc(O)c3)c(-c3cccc(O)c3)nc2n1,5.0,5.170860824172967,5.167142585945525
10427712::GAK::22495,GAK,10427712,Nc1nc(N)c2nc(-c3cccc(O)c3)c(-c3cccc(O)c3)nc2n1,5.853871964321762,5.170860824172967,5.114574202451317
10427712::HIPK3::22505,HIPK3,10427712,Nc1nc(N)c2nc(-c3cccc(O)c3)c(-c3cccc(O)c3)nc2n1,5.0,5.170860824172967,5.104339686381231
10427712::HUNK::22508,HUNK,10427712,Nc1nc(N)c2nc(-c3cccc(O)c3)c(-c3cccc(O)c3)nc2n1,5.0,5.170860824172967,5.153504827987415
10427712::ICK::22509,ICK,10427712,Nc1nc(N)c2nc(-c3cccc(O)c3)c(-c3cccc(O)c3)nc2n1,5.0,5.170860824172967,5.102333215776766
10427712::IKK-alpha::22511,IKK-alpha,10427712,Nc1nc(N)c2nc(-c3cccc(O)c3)c(-c3cccc(O)c3)nc2n1,5.0,5.170860824172967,5.087366717165397
10427712::IKK-epsilon::22513,IKK-epsilon,10427712,Nc1nc(N)c2nc(-c3cccc(O)c3)c(-c3cccc(O)c3)nc2n1,5.0,5.170860824172967,4.999059586024263
10427712::JAK3(JH1domain-catalytic)::22522,JAK3(JH1domain-catalytic),10427712,Nc1nc(N)c2nc(-c3cccc(O)c3)c(-c3cccc(O)c3)nc2n1,5.0,5.170860824172967,5.071665366464204
10427712::JNK1::22523,JNK1,10427712,Nc1nc(N)c2nc(-c3cccc(O)c3)c(-c3cccc(O)c3)nc2n1,5.0,5.170860824172967,5.052166401589103
10427712::JNK2::22524,JNK2,10427712,Nc1nc(N)c2nc(-c3cccc(O)c3)c(-c3cccc(O)c3)nc2n1,5.0,5.170860824172967,5.017722092406423
10427712::LOK::22533,LOK,10427712,Nc1nc(N)c2nc(-c3cccc(O)c3)c(-c3cccc(O)c3)nc2n1,5.0,5.170860824172967,5.3019531784365626
10427712::MAK::22538,MAK,10427712,Nc1nc(N)c2nc(-c3cccc(O)c3)c(-c3cccc(O)c3)nc2n1,5.0,5.170860824172967,5.248474370675826
10427712::MAP3K15::22540,MAP3K15,10427712,Nc1nc(N)c2nc(-c3cccc(O)c3)c(-c3cccc(O)c3)nc2n1,5.0,5.170860824172967,5.0751261744326674
10427712::MAP4K2::22544,MAP4K2,10427712,Nc1nc(N)c2nc(-c3cccc(O)c3)c(-c3cccc(O)c3)nc2n1,5.0,5.170860824172967,5.079717432006122
10427712::MAP4K3::22545,MAP4K3,10427712,Nc1nc(N)c2nc(-c3cccc(O)c3)c(-c3cccc(O)c3)nc2n1,5.0,5.170860824172967,5.250198682104833
10427712::MEK1::22555,MEK1,10427712,Nc1nc(N)c2nc(-c3cccc(O)c3)c(-c3cccc(O)c3)nc2n1,5.0,5.170860824172967,5.232294968805868
10427712::MELK::22561,MELK,10427712,Nc1nc(N)c2nc(-c3cccc(O)c3)c(-c3cccc(O)c3)nc2n1,5.0,5.170860824172967,5.074604518714163
10427712::MLK1::22569,MLK1,10427712,Nc1nc(N)c2nc(-c3cccc(O)c3)c(-c3cccc(O)c3)nc2n1,5.0,5.170860824172967,5.211844145349987
10427712::MLK2::22570,MLK2,10427712,Nc1nc(N)c2nc(-c3cccc(O)c3)c(-c3cccc(O)c3)nc2n1,5.0,5.170860824172967,5.0697526398085175
10427712::MLK3::22571,MLK3,10427712,Nc1nc(N)c2nc(-c3cccc(O)c3)c(-c3cccc(O)c3)nc2n1,5.0,5.170860824172967,5.212803341169644
10427712::MST1::22574,MST1,10427712,Nc1nc(N)c2nc(-c3cccc(O)c3)c(-c3cccc(O)c3)nc2n1,5.0,5.170860824172967,5.165702819390625
10427712::MST1R::22575,MST1R,10427712,Nc1nc(N)c2nc(-c3cccc(O)c3)c(-c3cccc(O)c3)nc2n1,5.0,5.170860824172967,5.1483077957684475
10427712::MST2::22576,MST2,10427712,Nc1nc(N)c2nc(-c3cccc(O)c3)c(-c3cccc(O)c3)nc2n1,5.0,5.170860824172967,5.151341887333615
10427712::MST3::22577,MST3,10427712,Nc1nc(N)c2nc(-c3cccc(O)c3)c(-c3cccc(O)c3)nc2n1,5.0,5.170860824172967,5.141896862207346
10427712::MYLK::22581,MYLK,10427712,Nc1nc(N)c2nc(-c3cccc(O)c3)c(-c3cccc(O)c3)nc2n1,5.0,5.170860824172967,5.2158224859616205
10427712::MYLK2::22582,MYLK2,10427712,Nc1nc(N)c2nc(-c3cccc(O)c3)c(-c3cccc(O)c3)nc2n1,5.0,5.170860824172967,5.089127844308561
10427712::NEK1::22588,NEK1,10427712,Nc1nc(N)c2nc(-c3cccc(O)c3)c(-c3cccc(O)c3)nc2n1,5.42021640338319,5.170860824172967,5.127340562299958
10427712::p38-alpha::22600,p38-alpha,10427712,Nc1nc(N)c2nc(-c3cccc(O)c3)c(-c3cccc(O)c3)nc2n1,5.0,5.170860824172967,5.127896709084607
10427712::PAK4::22607,PAK4,10427712,Nc1nc(N)c2nc(-c3cccc(O)c3)c(-c3cccc(O)c3)nc2n1,5.0,5.170860824172967,5.347076658869266
10427712::PFPK5(Pfalciparum)::22617,PFPK5(Pfalciparum),10427712,Nc1nc(N)c2nc(-c3cccc(O)c3)c(-c3cccc(O)c3)nc2n1,5.0,5.170860824172967,5.088185821010403
10427712::PIK3CA(Q546K)::22624,PIK3CA(Q546K),10427712,Nc1nc(N)c2nc(-c3cccc(O)c3)c(-c3cccc(O)c3)nc2n1,7.229147988357855,5.170860824172967,4.987279366133727
10427712::PIK3CD::22626,PIK3CD,10427712,Nc1nc(N)c2nc(-c3cccc(O)c3)c(-c3cccc(O)c3)nc2n1,6.6020599913279625,5.170860824172967,5.175497420692768
10427712::PIM3::22631,PIM3,10427712,Nc1nc(N)c2nc(-c3cccc(O)c3)c(-c3cccc(O)c3)nc2n1,5.0,5.170860824172967,5.04173531011772
10427712::PRKCE::22647,PRKCE,10427712,Nc1nc(N)c2nc(-c3cccc(O)c3)c(-c3cccc(O)c3)nc2n1,5.0,5.170860824172967,5.078039702259822
10427712::PYK2::22659,PYK2,10427712,Nc1nc(N)c2nc(-c3cccc(O)c3)c(-c3cccc(O)c3)nc2n1,5.0,5.170860824172967,5.345239572795879
10427712::RIPK5::22669,RIPK5,10427712,Nc1nc(N)c2nc(-c3cccc(O)c3)c(-c3cccc(O)c3)nc2n1,5.0,5.170860824172967,5.063406406327054
10427712::RSK2(KinDom.1-N-terminal)::22676,RSK2(KinDom.1-N-terminal),10427712,Nc1nc(N)c2nc(-c3cccc(O)c3)c(-c3cccc(O)c3)nc2n1,5.0,5.170860824172967,5.134785051171712
10427712::SNARK::22686,SNARK,10427712,Nc1nc(N)c2nc(-c3cccc(O)c3)c(-c3cccc(O)c3)nc2n1,5.0,5.170860824172967,5.100348078416943
10427712::TBK1::22703,TBK1,10427712,Nc1nc(N)c2nc(-c3cccc(O)c3)c(-c3cccc(O)c3)nc2n1,5.0,5.170860824172967,5.070324822234733
10427712::TNK1::22713,TNK1,10427712,Nc1nc(N)c2nc(-c3cccc(O)c3)c(-c3cccc(O)c3)nc2n1,5.0,5.170860824172967,5.2811575237897515
10427712::TRKC::22718,TRKC,10427712,Nc1nc(N)c2nc(-c3cccc(O)c3)c(-c3cccc(O)c3)nc2n1,5.0,5.170860824172967,5.408236765990906
10427712::TRPM6::22719,TRPM6,10427712,Nc1nc(N)c2nc(-c3cccc(O)c3)c(-c3cccc(O)c3)nc2n1,8.102372908709558,5.170860824172967,5.108274888681241
10427712::TSSK1B::22720,TSSK1B,10427712,Nc1nc(N)c2nc(-c3cccc(O)c3)c(-c3cccc(O)c3)nc2n1,5.0,5.170860824172967,5.122922042349634
10427712::ULK1::22725,ULK1,10427712,Nc1nc(N)c2nc(-c3cccc(O)c3)c(-c3cccc(O)c3)nc2n1,5.0,5.170860824172967,5.13631313286911
16722836::ACVR2A::22745,ACVR2A,16722836,Cc1cnc(Nc2ccc(OCCN3CCCC3)cc2)nc1Nc1cccc(S(=O)(=O)NC(C)(C)C)c1,5.0,5.816489450290245,6.205005264285807
16722836::AKT1::22750,AKT1,16722836,Cc1cnc(Nc2ccc(OCCN3CCCC3)cc2)nc1Nc1cccc(S(=O)(=O)NC(C)(C)C)c1,5.0,5.816489450290245,5.312758347816408
16722836::AMPK-alpha1::22754,AMPK-alpha1,16722836,Cc1cnc(Nc2ccc(OCCN3CCCC3)cc2)nc1Nc1cccc(S(=O)(=O)NC(C)(C)C)c1,5.619788758288394,5.816489450290245,5.793306242117074
16722836::ARK5::22757,ARK5,16722836,Cc1cnc(Nc2ccc(OCCN3CCCC3)cc2)nc1Nc1cccc(S(=O)(=O)NC(C)(C)C)c1,7.468521082957745,5.816489450290245,5.70208260073805
16722836::AXL::22763,AXL,16722836,Cc1cnc(Nc2ccc(OCCN3CCCC3)cc2)nc1Nc1cccc(S(=O)(=O)NC(C)(C)C)c1,6.795880017344075,5.816489450290245,5.989399426492389
16722836::BIKE::22764,BIKE,16722836,Cc1cnc(Nc2ccc(OCCN3CCCC3)cc2)nc1Nc1cccc(S(=O)(=O)NC(C)(C)C)c1,7.494850021680094,5.816489450290245,5.9628863344331675
16722836::BLK::22765,BLK,16722836,Cc1cnc(Nc2ccc(OCCN3CCCC3)cc2)nc1Nc1cccc(S(=O)(=O)NC(C)(C)C)c1,6.187086643357144,5.816489450290245,5.63321739701336
16722836::BMPR1A::22766,BMPR1A,16722836,Cc1cnc(Nc2ccc(OCCN3CCCC3)cc2)nc1Nc1cccc(S(=O)(=O)NC(C)(C)C)c1,5.0,5.816489450290245,5.7479703228607715
16722836::BRAF(V600E)::22770,BRAF(V600E),16722836,Cc1cnc(Nc2ccc(OCCN3CCCC3)cc2)nc1Nc1cccc(S(=O)(=O)NC(C)(C)C)c1,5.031517051446064,5.816489450290245,5.860162366623498
16722836::BRSK1::22772,BRSK1,16722836,Cc1cnc(Nc2ccc(OCCN3CCCC3)cc2)nc1Nc1cccc(S(=O)(=O)NC(C)(C)C)c1,5.0,5.816489450290245,5.71283492771597
16722836::CAMK1::22775,CAMK1,16722836,Cc1cnc(Nc2ccc(OCCN3CCCC3)cc2)nc1Nc1cccc(S(=O)(=O)NC(C)(C)C)c1,5.795880017344075,5.816489450290245,5.826157523071367
16722836::CAMK1D::22776,CAMK1D,16722836,Cc1cnc(Nc2ccc(OCCN3CCCC3)cc2)nc1Nc1cccc(S(=O)(=O)NC(C)(C)C)c1,6.337242168318426,5.816489450290245,5.649775132029743
16722836::CAMK1G::22777,CAMK1G,16722836,Cc1cnc(Nc2ccc(OCCN3CCCC3)cc2)nc1Nc1cccc(S(=O)(=O)NC(C)(C)C)c1,5.494850021680094,5.816489450290245,5.87809968009027
16722836::CAMK2G::22781,CAMK2G,16722836,Cc1cnc(Nc2ccc(OCCN3CCCC3)cc2)nc1Nc1cccc(S(=O)(=O)NC(C)(C)C)c1,6.267606240177031,5.816489450290245,5.712466333315179
16722836::CAMK4::22782,CAMK4,16722836,Cc1cnc(Nc2ccc(OCCN3CCCC3)cc2)nc1Nc1cccc(S(=O)(=O)NC(C)(C)C)c1,5.0,5.816489450290245,5.689494492864943
16722836::CAMKK1::22783,CAMKK1,16722836,Cc1cnc(Nc2ccc(OCCN3CCCC3)cc2)nc1Nc1cccc(S(=O)(=O)NC(C)(C)C)c1,5.7447274948966935,5.816489450290245,5.797041610071257
16722836::CDKL2::22798,CDKL2,16722836,Cc1cnc(Nc2ccc(OCCN3CCCC3)cc2)nc1Nc1cccc(S(=O)(=O)NC(C)(C)C)c1,5.886056647693163,5.816489450290245,5.712002339846664
16722836::CDKL5::22800,CDKL5,16722836,Cc1cnc(Nc2ccc(OCCN3CCCC3)cc2)nc1Nc1cccc(S(=O)(=O)NC(C)(C)C)c1,5.136677139879544,5.816489450290245,5.571643574689892
16722836::CLK1::22804,CLK1,16722836,Cc1cnc(Nc2ccc(OCCN3CCCC3)cc2)nc1Nc1cccc(S(=O)(=O)NC(C)(C)C)c1,5.6020599913279625,5.816489450290245,5.738153392900154
16722836::CLK2::22805,CLK2,16722836,Cc1cnc(Nc2ccc(OCCN3CCCC3)cc2)nc1Nc1cccc(S(=O)(=O)NC(C)(C)C)c1,5.638272163982407,5.816489450290245,5.807538255797874
16722836::CSNK1A1L::22811,CSNK1A1L,16722836,Cc1cnc(Nc2ccc(OCCN3CCCC3)cc2)nc1Nc1cccc(S(=O)(=O)NC(C)(C)C)c1,5.0,5.816489450290245,5.328911689724157
16722836::CSNK1G1::22814,CSNK1G1,16722836,Cc1cnc(Nc2ccc(OCCN3CCCC3)cc2)nc1Nc1cccc(S(=O)(=O)NC(C)(C)C)c1,5.0,5.816489450290245,5.710992466575637
16722836::CSNK1G3::22816,CSNK1G3,16722836,Cc1cnc(Nc2ccc(OCCN3CCCC3)cc2)nc1Nc1cccc(S(=O)(=O)NC(C)(C)C)c1,5.0,5.816489450290245,5.560203512728779
16722836::DCAMKL1::22823,DCAMKL1,16722836,Cc1cnc(Nc2ccc(OCCN3CCCC3)cc2)nc1Nc1cccc(S(=O)(=O)NC(C)(C)C)c1,6.721246399047171,5.816489450290245,5.552340836144702
16722836::DCAMKL2::22824,DCAMKL2,16722836,Cc1cnc(Nc2ccc(OCCN3CCCC3)cc2)nc1Nc1cccc(S(=O)(=O)NC(C)(C)C)c1,6.060480747381382,5.816489450290245,5.741969167837885
16722836::DMPK::22829,DMPK,16722836,Cc1cnc(Nc2ccc(OCCN3CCCC3)cc2)nc1Nc1cccc(S(=O)(=O)NC(C)(C)C)c1,6.0,5.816489450290245,5.725586117438095
16722836::DYRK1A::22833,DYRK1A,16722836,Cc1cnc(Nc2ccc(OCCN3CCCC3)cc2)nc1Nc1cccc(S(=O)(=O)NC(C)(C)C)c1,5.0,5.816489450290245,5.710279930808554
16722836::EPHA6::22843,EPHA6,16722836,Cc1cnc(Nc2ccc(OCCN3CCCC3)cc2)nc1Nc1cccc(S(=O)(=O)NC(C)(C)C)c1,5.4089353929735005,5.816489450290245,5.7403232775185336
16722836::ERBB2::22851,ERBB2,16722836,Cc1cnc(Nc2ccc(OCCN3CCCC3)cc2)nc1Nc1cccc(S(=O)(=O)NC(C)(C)C)c1,5.0,5.816489450290245,6.038928764785125
16722836::FGFR3(G697C)::22866,FGFR3(G697C),16722836,Cc1cnc(Nc2ccc(OCCN3CCCC3)cc2)nc1Nc1cccc(S(=O)(=O)NC(C)(C)C)c1,6.443697499232712,5.816489450290245,5.695485242884191
16722836::FLT1::22869,FLT1,16722836,Cc1cnc(Nc2ccc(OCCN3CCCC3)cc2)nc1Nc1cccc(S(=O)(=O)NC(C)(C)C)c1,5.366531544420413,5.816489450290245,5.776399216855231
16722836::FLT4::22871,FLT4,16722836,Cc1cnc(Nc2ccc(OCCN3CCCC3)cc2)nc1Nc1cccc(S(=O)(=O)NC(C)(C)C)c1,5.698970004336019,5.816489450290245,5.669186888207428
16722836::FYN::22873,FYN,16722836,Cc1cnc(Nc2ccc(OCCN3CCCC3)cc2)nc1Nc1cccc(S(=O)(=O)NC(C)(C)C)c1,7.42021640338319,5.816489450290245,6.17832107630156
16722836::GAK::22874,GAK,16722836,Cc1cnc(Nc2ccc(OCCN3CCCC3)cc2)nc1Nc1cccc(S(=O)(=O)NC(C)(C)C)c1,8.958607314841775,5.816489450290245,5.792723730141605
16722836::HIPK3::22884,HIPK3,16722836,Cc1cnc(Nc2ccc(OCCN3CCCC3)cc2)nc1Nc1cccc(S(=O)(=O)NC(C)(C)C)c1,5.886056647693163,5.816489450290245,5.855983062884925
16722836::HUNK::22887,HUNK,16722836,Cc1cnc(Nc2ccc(OCCN3CCCC3)cc2)nc1Nc1cccc(S(=O)(=O)NC(C)(C)C)c1,5.0,5.816489450290245,5.682021409657865
16722836::ICK::22888,ICK,16722836,Cc1cnc(Nc2ccc(OCCN3CCCC3)cc2)nc1Nc1cccc(S(=O)(=O)NC(C)(C)C)c1,5.721246399047171,5.816489450290245,5.6937052647850654
16722836::IKK-alpha::22890,IKK-alpha,16722836,Cc1cnc(Nc2ccc(OCCN3CCCC3)cc2)nc1Nc1cccc(S(=O)(=O)NC(C)(C)C)c1,6.080921907623926,5.816489450290245,5.655295338197564
16722836::IKK-epsilon::22892,IKK-epsilon,16722836,Cc1cnc(Nc2ccc(OCCN3CCCC3)cc2)nc1Nc1cccc(S(=O)(=O)NC(C)(C)C)c1,6.443697499232712,5.816489450290245,5.554357387648443
16722836::JAK3(JH1domain-catalytic)::22901,JAK3(JH1domain-catalytic),16722836,Cc1cnc(Nc2ccc(OCCN3CCCC3)cc2)nc1Nc1cccc(S(=O)(=O)NC(C)(C)C)c1,7.130768280269024,5.816489450290245,5.830159439806256
16722836::JNK1::22902,JNK1,16722836,Cc1cnc(Nc2ccc(OCCN3CCCC3)cc2)nc1Nc1cccc(S(=O)(=O)NC(C)(C)C)c1,6.585026652029182,5.816489450290245,5.858090506704798
16722836::JNK2::22903,JNK2,16722836,Cc1cnc(Nc2ccc(OCCN3CCCC3)cc2)nc1Nc1cccc(S(=O)(=O)NC(C)(C)C)c1,6.619788758288394,5.816489450290245,5.809033557936238
16722836::LOK::22912,LOK,16722836,Cc1cnc(Nc2ccc(OCCN3CCCC3)cc2)nc1Nc1cccc(S(=O)(=O)NC(C)(C)C)c1,5.537602002101044,5.816489450290245,5.910467222754806
16722836::MAK::22917,MAK,16722836,Cc1cnc(Nc2ccc(OCCN3CCCC3)cc2)nc1Nc1cccc(S(=O)(=O)NC(C)(C)C)c1,5.0,5.816489450290245,5.877020199053326
16722836::MAP3K15::22919,MAP3K15,16722836,Cc1cnc(Nc2ccc(OCCN3CCCC3)cc2)nc1Nc1cccc(S(=O)(=O)NC(C)(C)C)c1,5.0,5.816489450290245,5.4079624933006585
16722836::MAP4K2::22923,MAP4K2,16722836,Cc1cnc(Nc2ccc(OCCN3CCCC3)cc2)nc1Nc1cccc(S(=O)(=O)NC(C)(C)C)c1,5.6777807052660805,5.816489450290245,5.450371363350071
16722836::MAP4K3::22924,MAP4K3,16722836,Cc1cnc(Nc2ccc(OCCN3CCCC3)cc2)nc1Nc1cccc(S(=O)(=O)NC(C)(C)C)c1,5.7447274948966935,5.816489450290245,5.663614491149818
16722836::MEK1::22934,MEK1,16722836,Cc1cnc(Nc2ccc(OCCN3CCCC3)cc2)nc1Nc1cccc(S(=O)(=O)NC(C)(C)C)c1,5.292429823902063,5.816489450290245,5.603680527380245
16722836::MELK::22940,MELK,16722836,Cc1cnc(Nc2ccc(OCCN3CCCC3)cc2)nc1Nc1cccc(S(=O)(=O)NC(C)(C)C)c1,5.585026652029182,5.816489450290245,5.68819675145568
16722836::MLK1::22948,MLK1,16722836,Cc1cnc(Nc2ccc(OCCN3CCCC3)cc2)nc1Nc1cccc(S(=O)(=O)NC(C)(C)C)c1,5.494850021680094,5.816489450290245,5.75129241873466
16722836::MLK2::22949,MLK2,16722836,Cc1cnc(Nc2ccc(OCCN3CCCC3)cc2)nc1Nc1cccc(S(=O)(=O)NC(C)(C)C)c1,5.161150909262744,5.816489450290245,5.842253867515326
16722836::MLK3::22950,MLK3,16722836,Cc1cnc(Nc2ccc(OCCN3CCCC3)cc2)nc1Nc1cccc(S(=O)(=O)NC(C)(C)C)c1,5.508638306165727,5.816489450290245,5.936815206662889
16722836::MST1::22953,MST1,16722836,Cc1cnc(Nc2ccc(OCCN3CCCC3)cc2)nc1Nc1cccc(S(=O)(=O)NC(C)(C)C)c1,5.0,5.816489450290245,5.535181497496763
16722836::MST1R::22954,MST1R,16722836,Cc1cnc(Nc2ccc(OCCN3CCCC3)cc2)nc1Nc1cccc(S(=O)(=O)NC(C)(C)C)c1,5.0,5.816489450290245,5.770500952008433
16722836::MST2::22955,MST2,16722836,Cc1cnc(Nc2ccc(OCCN3CCCC3)cc2)nc1Nc1cccc(S(=O)(=O)NC(C)(C)C)c1,5.0,5.816489450290245,5.583003595516448
16722836::MST3::22956,MST3,16722836,Cc1cnc(Nc2ccc(OCCN3CCCC3)cc2)nc1Nc1cccc(S(=O)(=O)NC(C)(C)C)c1,5.0,5.816489450290245,5.554041567884869
16722836::MYLK::22960,MYLK,16722836,Cc1cnc(Nc2ccc(OCCN3CCCC3)cc2)nc1Nc1cccc(S(=O)(=O)NC(C)(C)C)c1,6.2839966563652006,5.816489450290245,5.940917004746309
16722836::MYLK2::22961,MYLK2,16722836,Cc1cnc(Nc2ccc(OCCN3CCCC3)cc2)nc1Nc1cccc(S(=O)(=O)NC(C)(C)C)c1,5.522878745280337,5.816489450290245,5.6579376887182
16722836::NEK1::22967,NEK1,16722836,Cc1cnc(Nc2ccc(OCCN3CCCC3)cc2)nc1Nc1cccc(S(=O)(=O)NC(C)(C)C)c1,5.468521082957745,5.816489450290245,5.63993718370478
16722836::p38-alpha::22979,p38-alpha,16722836,Cc1cnc(Nc2ccc(OCCN3CCCC3)cc2)nc1Nc1cccc(S(=O)(=O)NC(C)(C)C)c1,5.0,5.816489450290245,5.454196180591877
16722836::PAK4::22986,PAK4,16722836,Cc1cnc(Nc2ccc(OCCN3CCCC3)cc2)nc1Nc1cccc(S(=O)(=O)NC(C)(C)C)c1,5.42021640338319,5.816489450290245,5.977760107893492
16722836::PFPK5(Pfalciparum)::22996,PFPK5(Pfalciparum),16722836,Cc1cnc(Nc2ccc(OCCN3CCCC3)cc2)nc1Nc1cccc(S(=O)(=O)NC(C)(C)C)c1,5.0,5.816489450290245,5.467613002573127
16722836::PIK3CA(Q546K)::23003,PIK3CA(Q546K),16722836,Cc1cnc(Nc2ccc(OCCN3CCCC3)cc2)nc1Nc1cccc(S(=O)(=O)NC(C)(C)C)c1,5.4089353929735005,5.816489450290245,5.6430177019634
16722836::PIK3CD::23005,PIK3CD,16722836,Cc1cnc(Nc2ccc(OCCN3CCCC3)cc2)nc1Nc1cccc(S(=O)(=O)NC(C)(C)C)c1,5.0,5.816489450290245,5.97264145073624
16722836::PIM3::23010,PIM3,16722836,Cc1cnc(Nc2ccc(OCCN3CCCC3)cc2)nc1Nc1cccc(S(=O)(=O)NC(C)(C)C)c1,5.0,5.816489450290245,5.649242514571231
16722836::PRKCE::23026,PRKCE,16722836,Cc1cnc(Nc2ccc(OCCN3CCCC3)cc2)nc1Nc1cccc(S(=O)(=O)NC(C)(C)C)c1,5.09151498112135,5.816489450290245,5.808649197081235
16722836::PYK2::23038,PYK2,16722836,Cc1cnc(Nc2ccc(OCCN3CCCC3)cc2)nc1Nc1cccc(S(=O)(=O)NC(C)(C)C)c1,6.657577319177793,5.816489450290245,5.753959166558701
16722836::RIPK5::23048,RIPK5,16722836,Cc1cnc(Nc2ccc(OCCN3CCCC3)cc2)nc1Nc1cccc(S(=O)(=O)NC(C)(C)C)c1,5.769551078621726,5.816489450290245,5.614383542459448
16722836::RSK2(KinDom.1-N-terminal)::23055,RSK2(KinDom.1-N-terminal),16722836,Cc1cnc(Nc2ccc(OCCN3CCCC3)cc2)nc1Nc1cccc(S(=O)(=O)NC(C)(C)C)c1,5.09151498112135,5.816489450290245,5.676193154366993
16722836::SNARK::23065,SNARK,16722836,Cc1cnc(Nc2ccc(OCCN3CCCC3)cc2)nc1Nc1cccc(S(=O)(=O)NC(C)(C)C)c1,7.309803919971486,5.816489450290245,5.955636511574705
16722836::TBK1::23082,TBK1,16722836,Cc1cnc(Nc2ccc(OCCN3CCCC3)cc2)nc1Nc1cccc(S(=O)(=O)NC(C)(C)C)c1,7.036212172654444,5.816489450290245,5.894588762973662
16722836::TNK1::23092,TNK1,16722836,Cc1cnc(Nc2ccc(OCCN3CCCC3)cc2)nc1Nc1cccc(S(=O)(=O)NC(C)(C)C)c1,6.443697499232712,5.816489450290245,5.701747768635024
16722836::TRKC::23097,TRKC,16722836,Cc1cnc(Nc2ccc(OCCN3CCCC3)cc2)nc1Nc1cccc(S(=O)(=O)NC(C)(C)C)c1,5.065501548756432,5.816489450290245,6.110587104410674
16722836::TRPM6::23098,TRPM6,16722836,Cc1cnc(Nc2ccc(OCCN3CCCC3)cc2)nc1Nc1cccc(S(=O)(=O)NC(C)(C)C)c1,5.0,5.816489450290245,5.889802097348037
16722836::TSSK1B::23099,TSSK1B,16722836,Cc1cnc(Nc2ccc(OCCN3CCCC3)cc2)nc1Nc1cccc(S(=O)(=O)NC(C)(C)C)c1,5.886056647693163,5.816489450290245,5.527994166371155
16722836::ULK1::23104,ULK1,16722836,Cc1cnc(Nc2ccc(OCCN3CCCC3)cc2)nc1Nc1cccc(S(=O)(=O)NC(C)(C)C)c1,6.568636235841012,5.816489450290245,6.246158594846154
3038522::ACVR2A::23124,ACVR2A,3038522,COc1cc2c(N3CCN(C(=O)Nc4ccc(OC(C)C)cc4)CC3)ncnc2cc1OCCCN1CCCCC1,5.0,5.129503317514862,5.383571179325001
3038522::AKT1::23129,AKT1,3038522,COc1cc2c(N3CCN(C(=O)Nc4ccc(OC(C)C)cc4)CC3)ncnc2cc1OCCCN1CCCCC1,5.0,5.129503317514862,4.990652791423664
3038522::AMPK-alpha1::23133,AMPK-alpha1,3038522,COc1cc2c(N3CCN(C(=O)Nc4ccc(OC(C)C)cc4)CC3)ncnc2cc1OCCCN1CCCCC1,5.0,5.129503317514862,4.978361061671368
3038522::ARK5::23136,ARK5,3038522,COc1cc2c(N3CCN(C(=O)Nc4ccc(OC(C)C)cc4)CC3)ncnc2cc1OCCCN1CCCCC1,5.0,5.129503317514862,4.960591780985003
3038522::AXL::23142,AXL,3038522,COc1cc2c(N3CCN(C(=O)Nc4ccc(OC(C)C)cc4)CC3)ncnc2cc1OCCCN1CCCCC1,5.200659450546418,5.129503317514862,5.500945562601102
3038522::BIKE::23143,BIKE,3038522,COc1cc2c(N3CCN(C(=O)Nc4ccc(OC(C)C)cc4)CC3)ncnc2cc1OCCCN1CCCCC1,5.0,5.129503317514862,5.345264782212476
3038522::BLK::23144,BLK,3038522,COc1cc2c(N3CCN(C(=O)Nc4ccc(OC(C)C)cc4)CC3)ncnc2cc1OCCCN1CCCCC1,5.0,5.129503317514862,5.193262648688359
3038522::BMPR1A::23145,BMPR1A,3038522,COc1cc2c(N3CCN(C(=O)Nc4ccc(OC(C)C)cc4)CC3)ncnc2cc1OCCCN1CCCCC1,5.0,5.129503317514862,5.0286381899536075
3038522::BRAF(V600E)::23149,BRAF(V600E),3038522,COc1cc2c(N3CCN(C(=O)Nc4ccc(OC(C)C)cc4)CC3)ncnc2cc1OCCCN1CCCCC1,5.0,5.129503317514862,5.047587573425118
3038522::BRSK1::23151,BRSK1,3038522,COc1cc2c(N3CCN(C(=O)Nc4ccc(OC(C)C)cc4)CC3)ncnc2cc1OCCCN1CCCCC1,5.0,5.129503317514862,5.03371938351524
3038522::CAMK1::23154,CAMK1,3038522,COc1cc2c(N3CCN(C(=O)Nc4ccc(OC(C)C)cc4)CC3)ncnc2cc1OCCCN1CCCCC1,5.0,5.129503317514862,5.112423579795868
3038522::CAMK1D::23155,CAMK1D,3038522,COc1cc2c(N3CCN(C(=O)Nc4ccc(OC(C)C)cc4)CC3)ncnc2cc1OCCCN1CCCCC1,5.0,5.129503317514862,5.14707287298377
3038522::CAMK1G::23156,CAMK1G,3038522,COc1cc2c(N3CCN(C(=O)Nc4ccc(OC(C)C)cc4)CC3)ncnc2cc1OCCCN1CCCCC1,5.0,5.129503317514862,5.149690443694869
3038522::CAMK2G::23160,CAMK2G,3038522,COc1cc2c(N3CCN(C(=O)Nc4ccc(OC(C)C)cc4)CC3)ncnc2cc1OCCCN1CCCCC1,5.0,5.129503317514862,5.027243769321294
3038522::CAMK4::23161,CAMK4,3038522,COc1cc2c(N3CCN(C(=O)Nc4ccc(OC(C)C)cc4)CC3)ncnc2cc1OCCCN1CCCCC1,5.0,5.129503317514862,5.1054810639206565
3038522::CAMKK1::23162,CAMKK1,3038522,COc1cc2c(N3CCN(C(=O)Nc4ccc(OC(C)C)cc4)CC3)ncnc2cc1OCCCN1CCCCC1,5.0,5.129503317514862,5.125673279880219
3038522::CDKL2::23177,CDKL2,3038522,COc1cc2c(N3CCN(C(=O)Nc4ccc(OC(C)C)cc4)CC3)ncnc2cc1OCCCN1CCCCC1,5.537602002101044,5.129503317514862,5.105932932780787
3038522::CDKL5::23179,CDKL5,3038522,COc1cc2c(N3CCN(C(=O)Nc4ccc(OC(C)C)cc4)CC3)ncnc2cc1OCCCN1CCCCC1,5.0,5.129503317514862,5.010262944428685
3038522::CLK1::23183,CLK1,3038522,COc1cc2c(N3CCN(C(=O)Nc4ccc(OC(C)C)cc4)CC3)ncnc2cc1OCCCN1CCCCC1,6.200659450546418,5.129503317514862,5.249254472986179
3038522::CLK2::23184,CLK2,3038522,COc1cc2c(N3CCN(C(=O)Nc4ccc(OC(C)C)cc4)CC3)ncnc2cc1OCCCN1CCCCC1,5.187086643357144,5.129503317514862,5.407051846600214
3038522::CSNK1A1L::23190,CSNK1A1L,3038522,COc1cc2c(N3CCN(C(=O)Nc4ccc(OC(C)C)cc4)CC3)ncnc2cc1OCCCN1CCCCC1,5.0,5.129503317514862,5.0436884942068385
3038522::CSNK1G1::23193,CSNK1G1,3038522,COc1cc2c(N3CCN(C(=O)Nc4ccc(OC(C)C)cc4)CC3)ncnc2cc1OCCCN1CCCCC1,5.0,5.129503317514862,5.033462810523331
3038522::CSNK1G3::23195,CSNK1G3,3038522,COc1cc2c(N3CCN(C(=O)Nc4ccc(OC(C)C)cc4)CC3)ncnc2cc1OCCCN1CCCCC1,5.0,5.129503317514862,4.955916112182978
3038522::DCAMKL1::23202,DCAMKL1,3038522,COc1cc2c(N3CCN(C(=O)Nc4ccc(OC(C)C)cc4)CC3)ncnc2cc1OCCCN1CCCCC1,5.0,5.129503317514862,4.95803787478623
3038522::DCAMKL2::23203,DCAMKL2,3038522,COc1cc2c(N3CCN(C(=O)Nc4ccc(OC(C)C)cc4)CC3)ncnc2cc1OCCCN1CCCCC1,5.0,5.129503317514862,4.9685250500191165
3038522::DMPK::23208,DMPK,3038522,COc1cc2c(N3CCN(C(=O)Nc4ccc(OC(C)C)cc4)CC3)ncnc2cc1OCCCN1CCCCC1,5.0,5.129503317514862,5.078038976011082
3038522::DYRK1A::23212,DYRK1A,3038522,COc1cc2c(N3CCN(C(=O)Nc4ccc(OC(C)C)cc4)CC3)ncnc2cc1OCCCN1CCCCC1,5.0,5.129503317514862,5.136156281484965
3038522::EPHA6::23222,EPHA6,3038522,COc1cc2c(N3CCN(C(=O)Nc4ccc(OC(C)C)cc4)CC3)ncnc2cc1OCCCN1CCCCC1,5.0,5.129503317514862,5.545951444016987
3038522::ERBB2::23230,ERBB2,3038522,COc1cc2c(N3CCN(C(=O)Nc4ccc(OC(C)C)cc4)CC3)ncnc2cc1OCCCN1CCCCC1,5.0,5.129503317514862,5.538993473043816
3038522::FGFR3(G697C)::23245,FGFR3(G697C),3038522,COc1cc2c(N3CCN(C(=O)Nc4ccc(OC(C)C)cc4)CC3)ncnc2cc1OCCCN1CCCCC1,5.0,5.129503317514862,5.2417894874964786
3038522::FLT1::23248,FLT1,3038522,COc1cc2c(N3CCN(C(=O)Nc4ccc(OC(C)C)cc4)CC3)ncnc2cc1OCCCN1CCCCC1,5.508638306165727,5.129503317514862,5.414848343668842
3038522::FLT4::23250,FLT4,3038522,COc1cc2c(N3CCN(C(=O)Nc4ccc(OC(C)C)cc4)CC3)ncnc2cc1OCCCN1CCCCC1,5.142667503568731,5.129503317514862,5.104849689681184
3038522::FYN::23252,FYN,3038522,COc1cc2c(N3CCN(C(=O)Nc4ccc(OC(C)C)cc4)CC3)ncnc2cc1OCCCN1CCCCC1,5.0,5.129503317514862,5.4791882880771166
3038522::GAK::23253,GAK,3038522,COc1cc2c(N3CCN(C(=O)Nc4ccc(OC(C)C)cc4)CC3)ncnc2cc1OCCCN1CCCCC1,5.431798275933005,5.129503317514862,5.104153820063066
3038522::HIPK3::23263,HIPK3,3038522,COc1cc2c(N3CCN(C(=O)Nc4ccc(OC(C)C)cc4)CC3)ncnc2cc1OCCCN1CCCCC1,5.0,5.129503317514862,5.093249769141749
3038522::HUNK::23266,HUNK,3038522,COc1cc2c(N3CCN(C(=O)Nc4ccc(OC(C)C)cc4)CC3)ncnc2cc1OCCCN1CCCCC1,5.0,5.129503317514862,5.206918803181755
3038522::ICK::23267,ICK,3038522,COc1cc2c(N3CCN(C(=O)Nc4ccc(OC(C)C)cc4)CC3)ncnc2cc1OCCCN1CCCCC1,5.0,5.129503317514862,5.00521274978136
3038522::IKK-alpha::23269,IKK-alpha,3038522,COc1cc2c(N3CCN(C(=O)Nc4ccc(OC(C)C)cc4)CC3)ncnc2cc1OCCCN1CCCCC1,5.0,5.129503317514862,4.977013109094984
3038522::IKK-epsilon::23271,IKK-epsilon,3038522,COc1cc2c(N3CCN(C(=O)Nc4ccc(OC(C)C)cc4)CC3)ncnc2cc1OCCCN1CCCCC1,5.0,5.129503317514862,4.975709248497264
3038522::JAK3(JH1domain-catalytic)::23280,JAK3(JH1domain-catalytic),3038522,COc1cc2c(N3CCN(C(=O)Nc4ccc(OC(C)C)cc4)CC3)ncnc2cc1OCCCN1CCCCC1,5.0,5.129503317514862,5.034315826016366
3038522::JNK1::23281,JNK1,3038522,COc1cc2c(N3CCN(C(=O)Nc4ccc(OC(C)C)cc4)CC3)ncnc2cc1OCCCN1CCCCC1,5.0,5.129503317514862,5.042577717351554
3038522::JNK2::23282,JNK2,3038522,COc1cc2c(N3CCN(C(=O)Nc4ccc(OC(C)C)cc4)CC3)ncnc2cc1OCCCN1CCCCC1,5.0,5.129503317514862,5.164718026183939
3038522::LOK::23291,LOK,3038522,COc1cc2c(N3CCN(C(=O)Nc4ccc(OC(C)C)cc4)CC3)ncnc2cc1OCCCN1CCCCC1,5.022276394711152,5.129503317514862,5.258595582186237
3038522::MAK::23296,MAK,3038522,COc1cc2c(N3CCN(C(=O)Nc4ccc(OC(C)C)cc4)CC3)ncnc2cc1OCCCN1CCCCC1,5.0,5.129503317514862,5.3514162288147835
3038522::MAP3K15::23298,MAP3K15,3038522,COc1cc2c(N3CCN(C(=O)Nc4ccc(OC(C)C)cc4)CC3)ncnc2cc1OCCCN1CCCCC1,5.0,5.129503317514862,5.044215334534226
3038522::MAP4K2::23302,MAP4K2,3038522,COc1cc2c(N3CCN(C(=O)Nc4ccc(OC(C)C)cc4)CC3)ncnc2cc1OCCCN1CCCCC1,5.0,5.129503317514862,5.0713573967006464
3038522::MAP4K3::23303,MAP4K3,3038522,COc1cc2c(N3CCN(C(=O)Nc4ccc(OC(C)C)cc4)CC3)ncnc2cc1OCCCN1CCCCC1,5.0,5.129503317514862,5.276817282408421
3038522::MEK1::23313,MEK1,3038522,COc1cc2c(N3CCN(C(=O)Nc4ccc(OC(C)C)cc4)CC3)ncnc2cc1OCCCN1CCCCC1,5.0,5.129503317514862,5.07400344932714
3038522::MELK::23319,MELK,3038522,COc1cc2c(N3CCN(C(=O)Nc4ccc(OC(C)C)cc4)CC3)ncnc2cc1OCCCN1CCCCC1,5.0,5.129503317514862,5.040119316738224
3038522::MLK1::23327,MLK1,3038522,COc1cc2c(N3CCN(C(=O)Nc4ccc(OC(C)C)cc4)CC3)ncnc2cc1OCCCN1CCCCC1,5.0,5.129503317514862,5.149673273826394
3038522::MLK2::23328,MLK2,3038522,COc1cc2c(N3CCN(C(=O)Nc4ccc(OC(C)C)cc4)CC3)ncnc2cc1OCCCN1CCCCC1,5.0,5.129503317514862,5.049049404452865
3038522::MLK3::23329,MLK3,3038522,COc1cc2c(N3CCN(C(=O)Nc4ccc(OC(C)C)cc4)CC3)ncnc2cc1OCCCN1CCCCC1,5.0,5.129503317514862,5.284562416961057
3038522::MST1::23332,MST1,3038522,COc1cc2c(N3CCN(C(=O)Nc4ccc(OC(C)C)cc4)CC3)ncnc2cc1OCCCN1CCCCC1,5.0,5.129503317514862,5.130803126329478
3038522::MST1R::23333,MST1R,3038522,COc1cc2c(N3CCN(C(=O)Nc4ccc(OC(C)C)cc4)CC3)ncnc2cc1OCCCN1CCCCC1,5.0,5.129503317514862,5.261690105275066
3038522::MST2::23334,MST2,3038522,COc1cc2c(N3CCN(C(=O)Nc4ccc(OC(C)C)cc4)CC3)ncnc2cc1OCCCN1CCCCC1,5.0,5.129503317514862,5.115845272267585
3038522::MST3::23335,MST3,3038522,COc1cc2c(N3CCN(C(=O)Nc4ccc(OC(C)C)cc4)CC3)ncnc2cc1OCCCN1CCCCC1,5.0,5.129503317514862,5.159632604038128
3038522::MYLK::23339,MYLK,3038522,COc1cc2c(N3CCN(C(=O)Nc4ccc(OC(C)C)cc4)CC3)ncnc2cc1OCCCN1CCCCC1,5.0,5.129503317514862,5.159180758122157
3038522::MYLK2::23340,MYLK2,3038522,COc1cc2c(N3CCN(C(=O)Nc4ccc(OC(C)C)cc4)CC3)ncnc2cc1OCCCN1CCCCC1,5.0,5.129503317514862,5.159752191493645
3038522::NEK1::23346,NEK1,3038522,COc1cc2c(N3CCN(C(=O)Nc4ccc(OC(C)C)cc4)CC3)ncnc2cc1OCCCN1CCCCC1,5.0,5.129503317514862,5.0043963929226765
3038522::p38-alpha::23358,p38-alpha,3038522,COc1cc2c(N3CCN(C(=O)Nc4ccc(OC(C)C)cc4)CC3)ncnc2cc1OCCCN1CCCCC1,5.0,5.129503317514862,4.982979033642367
3038522::PAK4::23365,PAK4,3038522,COc1cc2c(N3CCN(C(=O)Nc4ccc(OC(C)C)cc4)CC3)ncnc2cc1OCCCN1CCCCC1,5.0,5.129503317514862,5.1643911715893225
3038522::PFPK5(Pfalciparum)::23375,PFPK5(Pfalciparum),3038522,COc1cc2c(N3CCN(C(=O)Nc4ccc(OC(C)C)cc4)CC3)ncnc2cc1OCCCN1CCCCC1,5.0,5.129503317514862,5.073129104081639
3038522::PIK3CA(Q546K)::23382,PIK3CA(Q546K),3038522,COc1cc2c(N3CCN(C(=O)Nc4ccc(OC(C)C)cc4)CC3)ncnc2cc1OCCCN1CCCCC1,5.0,5.129503317514862,4.9817678584499685
3038522::PIK3CD::23384,PIK3CD,3038522,COc1cc2c(N3CCN(C(=O)Nc4ccc(OC(C)C)cc4)CC3)ncnc2cc1OCCCN1CCCCC1,5.0,5.129503317514862,5.152093449201248
3038522::PIM3::23389,PIM3,3038522,COc1cc2c(N3CCN(C(=O)Nc4ccc(OC(C)C)cc4)CC3)ncnc2cc1OCCCN1CCCCC1,5.0,5.129503317514862,5.131075582934236
3038522::PRKCE::23405,PRKCE,3038522,COc1cc2c(N3CCN(C(=O)Nc4ccc(OC(C)C)cc4)CC3)ncnc2cc1OCCCN1CCCCC1,5.0,5.129503317514862,5.107507687821051
3038522::PYK2::23417,PYK2,3038522,COc1cc2c(N3CCN(C(=O)Nc4ccc(OC(C)C)cc4)CC3)ncnc2cc1OCCCN1CCCCC1,5.0,5.129503317514862,5.26652551698215
3038522::RIPK5::23427,RIPK5,3038522,COc1cc2c(N3CCN(C(=O)Nc4ccc(OC(C)C)cc4)CC3)ncnc2cc1OCCCN1CCCCC1,5.0,5.129503317514862,5.018601130398875
3038522::RSK2(KinDom.1-N-terminal)::23434,RSK2(KinDom.1-N-terminal),3038522,COc1cc2c(N3CCN(C(=O)Nc4ccc(OC(C)C)cc4)CC3)ncnc2cc1OCCCN1CCCCC1,5.0,5.129503317514862,5.096587822921071
3038522::SNARK::23444,SNARK,3038522,COc1cc2c(N3CCN(C(=O)Nc4ccc(OC(C)C)cc4)CC3)ncnc2cc1OCCCN1CCCCC1,5.0,5.129503317514862,5.004866668803479
3038522::TBK1::23461,TBK1,3038522,COc1cc2c(N3CCN(C(=O)Nc4ccc(OC(C)C)cc4)CC3)ncnc2cc1OCCCN1CCCCC1,5.0,5.129503317514862,5.201324501956956
3038522::TNK1::23471,TNK1,3038522,COc1cc2c(N3CCN(C(=O)Nc4ccc(OC(C)C)cc4)CC3)ncnc2cc1OCCCN1CCCCC1,5.0,5.129503317514862,5.122294171786607
3038522::TRKC::23476,TRKC,3038522,COc1cc2c(N3CCN(C(=O)Nc4ccc(OC(C)C)cc4)CC3)ncnc2cc1OCCCN1CCCCC1,5.698970004336019,5.129503317514862,5.561961024175378
3038522::TRPM6::23477,TRPM6,3038522,COc1cc2c(N3CCN(C(=O)Nc4ccc(OC(C)C)cc4)CC3)ncnc2cc1OCCCN1CCCCC1,5.0,5.129503317514862,5.130209247184987
3038522::TSSK1B::23478,TSSK1B,3038522,COc1cc2c(N3CCN(C(=O)Nc4ccc(OC(C)C)cc4)CC3)ncnc2cc1OCCCN1CCCCC1,5.0,5.129503317514862,5.026575067857646
3038522::ULK1::23483,ULK1,3038522,COc1cc2c(N3CCN(C(=O)Nc4ccc(OC(C)C)cc4)CC3)ncnc2cc1OCCCN1CCCCC1,5.0,5.129503317514862,5.0759711825137
9926791::ACVR2A::23503,ACVR2A,9926791,CC1CCN(C(=O)CC#N)CC1N(C)c1ncnc2[nH]ccc12,5.0,5.104011960996708,5.315024562507504
9926791::AKT1::23508,AKT1,9926791,CC1CCN(C(=O)CC#N)CC1N(C)c1ncnc2[nH]ccc12,5.0,5.104011960996708,4.979910333449196
9926791::AMPK-alpha1::23512,AMPK-alpha1,9926791,CC1CCN(C(=O)CC#N)CC1N(C)c1ncnc2[nH]ccc12,5.0,5.104011960996708,5.125998083751979
9926791::ARK5::23515,ARK5,9926791,CC1CCN(C(=O)CC#N)CC1N(C)c1ncnc2[nH]ccc12,5.0,5.104011960996708,5.027615044465397
9926791::AXL::23521,AXL,9926791,CC1CCN(C(=O)CC#N)CC1N(C)c1ncnc2[nH]ccc12,5.0,5.104011960996708,5.170375641202212
9926791::BIKE::23522,BIKE,9926791,CC1CCN(C(=O)CC#N)CC1N(C)c1ncnc2[nH]ccc12,5.1487416512809245,5.104011960996708,5.28619663632186
9926791::BLK::23523,BLK,9926791,CC1CCN(C(=O)CC#N)CC1N(C)c1ncnc2[nH]ccc12,5.0,5.104011960996708,5.097445055144405
9926791::BMPR1A::23524,BMPR1A,9926791,CC1CCN(C(=O)CC#N)CC1N(C)c1ncnc2[nH]ccc12,5.0,5.104011960996708,5.0101037988422785
9926791::BRAF(V600E)::23528,BRAF(V600E),9926791,CC1CCN(C(=O)CC#N)CC1N(C)c1ncnc2[nH]ccc12,5.0,5.104011960996708,5.120938823791673
9926791::BRSK1::23530,BRSK1,9926791,CC1CCN(C(=O)CC#N)CC1N(C)c1ncnc2[nH]ccc12,5.0,5.104011960996708,5.007649883213538
9926791::CAMK1::23533,CAMK1,9926791,CC1CCN(C(=O)CC#N)CC1N(C)c1ncnc2[nH]ccc12,5.920818753952375,5.104011960996708,5.046515693052073
9926791::CAMK1D::23534,CAMK1D,9926791,CC1CCN(C(=O)CC#N)CC1N(C)c1ncnc2[nH]ccc12,5.795880017344075,5.104011960996708,5.021039367414841
9926791::CAMK1G::23535,CAMK1G,9926791,CC1CCN(C(=O)CC#N)CC1N(C)c1ncnc2[nH]ccc12,5.0,5.104011960996708,5.018945178570301
9926791::CAMK2G::23539,CAMK2G,9926791,CC1CCN(C(=O)CC#N)CC1N(C)c1ncnc2[nH]ccc12,5.0,5.104011960996708,5.230517543460341
9926791::CAMK4::23540,CAMK4,9926791,CC1CCN(C(=O)CC#N)CC1N(C)c1ncnc2[nH]ccc12,5.0,5.104011960996708,5.033135745726738
9926791::CAMKK1::23541,CAMKK1,9926791,CC1CCN(C(=O)CC#N)CC1N(C)c1ncnc2[nH]ccc12,5.0,5.104011960996708,5.110146430382956
9926791::CDKL2::23556,CDKL2,9926791,CC1CCN(C(=O)CC#N)CC1N(C)c1ncnc2[nH]ccc12,5.0,5.104011960996708,5.064160971534588
9926791::CDKL5::23558,CDKL5,9926791,CC1CCN(C(=O)CC#N)CC1N(C)c1ncnc2[nH]ccc12,5.0,5.104011960996708,4.990442952527593
9926791::CLK1::23562,CLK1,9926791,CC1CCN(C(=O)CC#N)CC1N(C)c1ncnc2[nH]ccc12,5.0,5.104011960996708,5.065584657680771
9926791::CLK2::23563,CLK2,9926791,CC1CCN(C(=O)CC#N)CC1N(C)c1ncnc2[nH]ccc12,5.0,5.104011960996708,5.266866692011066
9926791::CSNK1A1L::23569,CSNK1A1L,9926791,CC1CCN(C(=O)CC#N)CC1N(C)c1ncnc2[nH]ccc12,5.0,5.104011960996708,4.980229724246961
9926791::CSNK1G1::23572,CSNK1G1,9926791,CC1CCN(C(=O)CC#N)CC1N(C)c1ncnc2[nH]ccc12,5.0,5.104011960996708,4.963975239680194
9926791::CSNK1G3::23574,CSNK1G3,9926791,CC1CCN(C(=O)CC#N)CC1N(C)c1ncnc2[nH]ccc12,5.0,5.104011960996708,4.97871863323063
9926791::DCAMKL1::23581,DCAMKL1,9926791,CC1CCN(C(=O)CC#N)CC1N(C)c1ncnc2[nH]ccc12,5.173925197299173,5.104011960996708,5.105046799112964
9926791::DCAMKL2::23582,DCAMKL2,9926791,CC1CCN(C(=O)CC#N)CC1N(C)c1ncnc2[nH]ccc12,5.0,5.104011960996708,5.061408173225727
9926791::DMPK::23587,DMPK,9926791,CC1CCN(C(=O)CC#N)CC1N(C)c1ncnc2[nH]ccc12,5.920818753952375,5.104011960996708,5.306063046195422
9926791::DYRK1A::23591,DYRK1A,9926791,CC1CCN(C(=O)CC#N)CC1N(C)c1ncnc2[nH]ccc12,5.0,5.104011960996708,5.164186624899779
9926791::EPHA6::23601,EPHA6,9926791,CC1CCN(C(=O)CC#N)CC1N(C)c1ncnc2[nH]ccc12,5.0,5.104011960996708,5.021331868667381
9926791::ERBB2::23609,ERBB2,9926791,CC1CCN(C(=O)CC#N)CC1N(C)c1ncnc2[nH]ccc12,5.0,5.104011960996708,5.017485403492384
9926791::FGFR3(G697C)::23624,FGFR3(G697C),9926791,CC1CCN(C(=O)CC#N)CC1N(C)c1ncnc2[nH]ccc12,5.0,5.104011960996708,4.964077079547274
9926791::FLT1::23627,FLT1,9926791,CC1CCN(C(=O)CC#N)CC1N(C)c1ncnc2[nH]ccc12,5.0,5.104011960996708,5.369142488086726
9926791::FLT4::23629,FLT4,9926791,CC1CCN(C(=O)CC#N)CC1N(C)c1ncnc2[nH]ccc12,5.0,5.104011960996708,5.096423511398325
9926791::FYN::23631,FYN,9926791,CC1CCN(C(=O)CC#N)CC1N(C)c1ncnc2[nH]ccc12,5.958607314841775,5.104011960996708,4.882081245554546
9926791::GAK::23632,GAK,9926791,CC1CCN(C(=O)CC#N)CC1N(C)c1ncnc2[nH]ccc12,5.0,5.104011960996708,5.011325813489754
9926791::HIPK3::23642,HIPK3,9926791,CC1CCN(C(=O)CC#N)CC1N(C)c1ncnc2[nH]ccc12,5.0,5.104011960996708,5.059399508740986
9926791::HUNK::23645,HUNK,9926791,CC1CCN(C(=O)CC#N)CC1N(C)c1ncnc2[nH]ccc12,5.0,5.104011960996708,5.2068154159695
9926791::ICK::23646,ICK,9926791,CC1CCN(C(=O)CC#N)CC1N(C)c1ncnc2[nH]ccc12,5.0,5.104011960996708,4.882314716755386
9926791::IKK-alpha::23648,IKK-alpha,9926791,CC1CCN(C(=O)CC#N)CC1N(C)c1ncnc2[nH]ccc12,5.0,5.104011960996708,5.0734853365503625
9926791::IKK-epsilon::23650,IKK-epsilon,9926791,CC1CCN(C(=O)CC#N)CC1N(C)c1ncnc2[nH]ccc12,5.0,5.104011960996708,4.898115552086589
9926791::JAK3(JH1domain-catalytic)::23659,JAK3(JH1domain-catalytic),9926791,CC1CCN(C(=O)CC#N)CC1N(C)c1ncnc2[nH]ccc12,9.795880017344077,5.104011960996708,5.225237448404593
9926791::JNK1::23660,JNK1,9926791,CC1CCN(C(=O)CC#N)CC1N(C)c1ncnc2[nH]ccc12,5.0,5.104011960996708,4.981114929133375
9926791::JNK2::23661,JNK2,9926791,CC1CCN(C(=O)CC#N)CC1N(C)c1ncnc2[nH]ccc12,5.0,5.104011960996708,4.943656010646255
9926791::LOK::23670,LOK,9926791,CC1CCN(C(=O)CC#N)CC1N(C)c1ncnc2[nH]ccc12,5.0,5.104011960996708,5.262287129697781
9926791::MAK::23675,MAK,9926791,CC1CCN(C(=O)CC#N)CC1N(C)c1ncnc2[nH]ccc12,5.0,5.104011960996708,5.234215935896957
9926791::MAP3K15::23677,MAP3K15,9926791,CC1CCN(C(=O)CC#N)CC1N(C)c1ncnc2[nH]ccc12,5.0,5.104011960996708,5.020798060273755
9926791::MAP4K2::23681,MAP4K2,9926791,CC1CCN(C(=O)CC#N)CC1N(C)c1ncnc2[nH]ccc12,5.318758762624412,5.104011960996708,5.041060655059415
9926791::MAP4K3::23682,MAP4K3,9926791,CC1CCN(C(=O)CC#N)CC1N(C)c1ncnc2[nH]ccc12,5.0,5.104011960996708,5.287310407629809
9926791::MEK1::23692,MEK1,9926791,CC1CCN(C(=O)CC#N)CC1N(C)c1ncnc2[nH]ccc12,5.0,5.104011960996708,5.0201281087103515
9926791::MELK::23698,MELK,9926791,CC1CCN(C(=O)CC#N)CC1N(C)c1ncnc2[nH]ccc12,5.0,5.104011960996708,5.144991136447206
9926791::MLK1::23706,MLK1,9926791,CC1CCN(C(=O)CC#N)CC1N(C)c1ncnc2[nH]ccc12,5.0,5.104011960996708,5.137118681690133
9926791::MLK2::23707,MLK2,9926791,CC1CCN(C(=O)CC#N)CC1N(C)c1ncnc2[nH]ccc12,5.0,5.104011960996708,4.9981114978706405
9926791::MLK3::23708,MLK3,9926791,CC1CCN(C(=O)CC#N)CC1N(C)c1ncnc2[nH]ccc12,5.0,5.104011960996708,5.173533751179769
9926791::MST1::23711,MST1,9926791,CC1CCN(C(=O)CC#N)CC1N(C)c1ncnc2[nH]ccc12,5.0,5.104011960996708,5.139327375195954
9926791::MST1R::23712,MST1R,9926791,CC1CCN(C(=O)CC#N)CC1N(C)c1ncnc2[nH]ccc12,5.0,5.104011960996708,5.082711763201239
9926791::MST2::23713,MST2,9926791,CC1CCN(C(=O)CC#N)CC1N(C)c1ncnc2[nH]ccc12,5.0,5.104011960996708,5.043877398743998
9926791::MST3::23714,MST3,9926791,CC1CCN(C(=O)CC#N)CC1N(C)c1ncnc2[nH]ccc12,5.0,5.104011960996708,5.00708381348199
9926791::MYLK::23718,MYLK,9926791,CC1CCN(C(=O)CC#N)CC1N(C)c1ncnc2[nH]ccc12,5.0,5.104011960996708,5.066658106365122
9926791::MYLK2::23719,MYLK2,9926791,CC1CCN(C(=O)CC#N)CC1N(C)c1ncnc2[nH]ccc12,5.0,5.104011960996708,5.109525632708252
9926791::NEK1::23725,NEK1,9926791,CC1CCN(C(=O)CC#N)CC1N(C)c1ncnc2[nH]ccc12,5.0,5.104011960996708,5.072576095353218
9926791::p38-alpha::23737,p38-alpha,9926791,CC1CCN(C(=O)CC#N)CC1N(C)c1ncnc2[nH]ccc12,5.0,5.104011960996708,4.9756799942528716
9926791::PAK4::23744,PAK4,9926791,CC1CCN(C(=O)CC#N)CC1N(C)c1ncnc2[nH]ccc12,5.0,5.104011960996708,5.2102714356265185
9926791::PFPK5(Pfalciparum)::23754,PFPK5(Pfalciparum),9926791,CC1CCN(C(=O)CC#N)CC1N(C)c1ncnc2[nH]ccc12,5.0,5.104011960996708,4.953403127855122
9926791::PIK3CA(Q546K)::23761,PIK3CA(Q546K),9926791,CC1CCN(C(=O)CC#N)CC1N(C)c1ncnc2[nH]ccc12,5.0,5.104011960996708,4.887628604323457
9926791::PIK3CD::23763,PIK3CD,9926791,CC1CCN(C(=O)CC#N)CC1N(C)c1ncnc2[nH]ccc12,5.0,5.104011960996708,5.271612857514976
9926791::PIM3::23768,PIM3,9926791,CC1CCN(C(=O)CC#N)CC1N(C)c1ncnc2[nH]ccc12,5.0,5.104011960996708,4.960946275537844
9926791::PRKCE::23784,PRKCE,9926791,CC1CCN(C(=O)CC#N)CC1N(C)c1ncnc2[nH]ccc12,5.0,5.104011960996708,5.171635923251091
9926791::PYK2::23796,PYK2,9926791,CC1CCN(C(=O)CC#N)CC1N(C)c1ncnc2[nH]ccc12,5.0,5.104011960996708,5.249211714049192
9926791::RIPK5::23806,RIPK5,9926791,CC1CCN(C(=O)CC#N)CC1N(C)c1ncnc2[nH]ccc12,5.0,5.104011960996708,4.994022270615401
9926791::RSK2(KinDom.1-N-terminal)::23813,RSK2(KinDom.1-N-terminal),9926791,CC1CCN(C(=O)CC#N)CC1N(C)c1ncnc2[nH]ccc12,5.0,5.104011960996708,5.554426935008431
9926791::SNARK::23823,SNARK,9926791,CC1CCN(C(=O)CC#N)CC1N(C)c1ncnc2[nH]ccc12,6.619788758288394,5.104011960996708,5.171422297770104
9926791::TBK1::23840,TBK1,9926791,CC1CCN(C(=O)CC#N)CC1N(C)c1ncnc2[nH]ccc12,5.0,5.104011960996708,5.105212138832113
9926791::TNK1::23850,TNK1,9926791,CC1CCN(C(=O)CC#N)CC1N(C)c1ncnc2[nH]ccc12,6.920818753952375,5.104011960996708,5.112007792947661
9926791::TRKC::23855,TRKC,9926791,CC1CCN(C(=O)CC#N)CC1N(C)c1ncnc2[nH]ccc12,5.0,5.104011960996708,5.370385082465577
9926791::TRPM6::23856,TRPM6,9926791,CC1CCN(C(=O)CC#N)CC1N(C)c1ncnc2[nH]ccc12,5.0,5.104011960996708,5.036965658690732
9926791::TSSK1B::23857,TSSK1B,9926791,CC1CCN(C(=O)CC#N)CC1N(C)c1ncnc2[nH]ccc12,5.0,5.104011960996708,5.072211429912166
9926791::ULK1::23862,ULK1,9926791,CC1CCN(C(=O)CC#N)CC1N(C)c1ncnc2[nH]ccc12,5.0,5.104011960996708,5.281075237944362
5494449::ACVR2A::23882,ACVR2A,5494449,Cc1cc(Nc2cc(N3CCN(C)CC3)nc(Sc3ccc(NC(=O)C4CC4)cc3)n2)n[nH]1,5.0,5.522140436893471,5.632805527189286
5494449::AKT1::23887,AKT1,5494449,Cc1cc(Nc2cc(N3CCN(C)CC3)nc(Sc3ccc(NC(=O)C4CC4)cc3)n2)n[nH]1,5.0,5.522140436893471,5.220716640029242
5494449::AMPK-alpha1::23891,AMPK-alpha1,5494449,Cc1cc(Nc2cc(N3CCN(C)CC3)nc(Sc3ccc(NC(=O)C4CC4)cc3)n2)n[nH]1,5.958607314841775,5.522140436893471,5.6762651721219575
5494449::ARK5::23894,ARK5,5494449,Cc1cc(Nc2cc(N3CCN(C)CC3)nc(Sc3ccc(NC(=O)C4CC4)cc3)n2)n[nH]1,6.698970004336019,5.522140436893471,5.419094085701335
5494449::AXL::23900,AXL,5494449,Cc1cc(Nc2cc(N3CCN(C)CC3)nc(Sc3ccc(NC(=O)C4CC4)cc3)n2)n[nH]1,6.6777807052660805,5.522140436893471,5.919623491347263
5494449::BIKE::23901,BIKE,5494449,Cc1cc(Nc2cc(N3CCN(C)CC3)nc(Sc3ccc(NC(=O)C4CC4)cc3)n2)n[nH]1,7.187086643357144,5.522140436893471,5.928392767850178
5494449::BLK::23902,BLK,5494449,Cc1cc(Nc2cc(N3CCN(C)CC3)nc(Sc3ccc(NC(=O)C4CC4)cc3)n2)n[nH]1,5.657577319177793,5.522140436893471,5.547029835392605
5494449::BMPR1A::23903,BMPR1A,5494449,Cc1cc(Nc2cc(N3CCN(C)CC3)nc(Sc3ccc(NC(=O)C4CC4)cc3)n2)n[nH]1,5.0,5.522140436893471,5.467897432515836
5494449::BRAF(V600E)::23907,BRAF(V600E),5494449,Cc1cc(Nc2cc(N3CCN(C)CC3)nc(Sc3ccc(NC(=O)C4CC4)cc3)n2)n[nH]1,5.0,5.522140436893471,5.368214208767633
5494449::BRSK1::23909,BRSK1,5494449,Cc1cc(Nc2cc(N3CCN(C)CC3)nc(Sc3ccc(NC(=O)C4CC4)cc3)n2)n[nH]1,5.075720713938118,5.522140436893471,5.239078333206782
5494449::CAMK1::23912,CAMK1,5494449,Cc1cc(Nc2cc(N3CCN(C)CC3)nc(Sc3ccc(NC(=O)C4CC4)cc3)n2)n[nH]1,5.154901959985743,5.522140436893471,5.451474772494729
5494449::CAMK1D::23913,CAMK1D,5494449,Cc1cc(Nc2cc(N3CCN(C)CC3)nc(Sc3ccc(NC(=O)C4CC4)cc3)n2)n[nH]1,5.309803919971486,5.522140436893471,5.4105898398413395
5494449::CAMK1G::23914,CAMK1G,5494449,Cc1cc(Nc2cc(N3CCN(C)CC3)nc(Sc3ccc(NC(=O)C4CC4)cc3)n2)n[nH]1,5.187086643357144,5.522140436893471,5.43187479796807
5494449::CAMK2G::23918,CAMK2G,5494449,Cc1cc(Nc2cc(N3CCN(C)CC3)nc(Sc3ccc(NC(=O)C4CC4)cc3)n2)n[nH]1,5.0,5.522140436893471,5.3308244849414415
5494449::CAMK4::23919,CAMK4,5494449,Cc1cc(Nc2cc(N3CCN(C)CC3)nc(Sc3ccc(NC(=O)C4CC4)cc3)n2)n[nH]1,5.0,5.522140436893471,5.264114612860041
5494449::CAMKK1::23920,CAMKK1,5494449,Cc1cc(Nc2cc(N3CCN(C)CC3)nc(Sc3ccc(NC(=O)C4CC4)cc3)n2)n[nH]1,5.337242168318426,5.522140436893471,5.5865683070137795
5494449::CDKL2::23935,CDKL2,5494449,Cc1cc(Nc2cc(N3CCN(C)CC3)nc(Sc3ccc(NC(=O)C4CC4)cc3)n2)n[nH]1,7.309803919971486,5.522140436893471,5.43125691645094
5494449::CDKL5::23937,CDKL5,5494449,Cc1cc(Nc2cc(N3CCN(C)CC3)nc(Sc3ccc(NC(=O)C4CC4)cc3)n2)n[nH]1,5.552841968657781,5.522140436893471,5.279768398052126
5494449::CLK1::23941,CLK1,5494449,Cc1cc(Nc2cc(N3CCN(C)CC3)nc(Sc3ccc(NC(=O)C4CC4)cc3)n2)n[nH]1,5.0,5.522140436893471,5.361985515821697
5494449::CLK2::23942,CLK2,5494449,Cc1cc(Nc2cc(N3CCN(C)CC3)nc(Sc3ccc(NC(=O)C4CC4)cc3)n2)n[nH]1,5.0,5.522140436893471,5.342148302868447
5494449::CSNK1A1L::23948,CSNK1A1L,5494449,Cc1cc(Nc2cc(N3CCN(C)CC3)nc(Sc3ccc(NC(=O)C4CC4)cc3)n2)n[nH]1,5.0,5.522140436893471,5.591187888382648
5494449::CSNK1G1::23951,CSNK1G1,5494449,Cc1cc(Nc2cc(N3CCN(C)CC3)nc(Sc3ccc(NC(=O)C4CC4)cc3)n2)n[nH]1,5.0,5.522140436893471,5.341709447401621
5494449::CSNK1G3::23953,CSNK1G3,5494449,Cc1cc(Nc2cc(N3CCN(C)CC3)nc(Sc3ccc(NC(=O)C4CC4)cc3)n2)n[nH]1,5.0,5.522140436893471,5.297819383487641
5494449::DCAMKL1::23960,DCAMKL1,5494449,Cc1cc(Nc2cc(N3CCN(C)CC3)nc(Sc3ccc(NC(=O)C4CC4)cc3)n2)n[nH]1,5.0,5.522140436893471,5.2686617159299205
5494449::DCAMKL2::23961,DCAMKL2,5494449,Cc1cc(Nc2cc(N3CCN(C)CC3)nc(Sc3ccc(NC(=O)C4CC4)cc3)n2)n[nH]1,5.0,5.522140436893471,5.314883640570277
5494449::DMPK::23966,DMPK,5494449,Cc1cc(Nc2cc(N3CCN(C)CC3)nc(Sc3ccc(NC(=O)C4CC4)cc3)n2)n[nH]1,5.0,5.522140436893471,5.641146220260185
5494449::DYRK1A::23970,DYRK1A,5494449,Cc1cc(Nc2cc(N3CCN(C)CC3)nc(Sc3ccc(NC(=O)C4CC4)cc3)n2)n[nH]1,5.0,5.522140436893471,5.4110722784448795
5494449::EPHA6::23980,EPHA6,5494449,Cc1cc(Nc2cc(N3CCN(C)CC3)nc(Sc3ccc(NC(=O)C4CC4)cc3)n2)n[nH]1,5.327902142064282,5.522140436893471,5.537298992692752
5494449::ERBB2::23988,ERBB2,5494449,Cc1cc(Nc2cc(N3CCN(C)CC3)nc(Sc3ccc(NC(=O)C4CC4)cc3)n2)n[nH]1,5.0,5.522140436893471,5.54619720348565
5494449::FGFR3(G697C)::24003,FGFR3(G697C),5494449,Cc1cc(Nc2cc(N3CCN(C)CC3)nc(Sc3ccc(NC(=O)C4CC4)cc3)n2)n[nH]1,6.086186147616283,5.522140436893471,5.514190458656688
5494449::FLT1::24006,FLT1,5494449,Cc1cc(Nc2cc(N3CCN(C)CC3)nc(Sc3ccc(NC(=O)C4CC4)cc3)n2)n[nH]1,7.0,5.522140436893471,5.664142197603441
5494449::FLT4::24008,FLT4,5494449,Cc1cc(Nc2cc(N3CCN(C)CC3)nc(Sc3ccc(NC(=O)C4CC4)cc3)n2)n[nH]1,5.721246399047171,5.522140436893471,5.370550242709096
5494449::FYN::24010,FYN,5494449,Cc1cc(Nc2cc(N3CCN(C)CC3)nc(Sc3ccc(NC(=O)C4CC4)cc3)n2)n[nH]1,6.275724130399211,5.522140436893471,5.766941598880553
5494449::GAK::24011,GAK,5494449,Cc1cc(Nc2cc(N3CCN(C)CC3)nc(Sc3ccc(NC(=O)C4CC4)cc3)n2)n[nH]1,5.494850021680094,5.522140436893471,5.454235782031307
5494449::HIPK3::24021,HIPK3,5494449,Cc1cc(Nc2cc(N3CCN(C)CC3)nc(Sc3ccc(NC(=O)C4CC4)cc3)n2)n[nH]1,5.0,5.522140436893471,5.507870667390106
5494449::HUNK::24024,HUNK,5494449,Cc1cc(Nc2cc(N3CCN(C)CC3)nc(Sc3ccc(NC(=O)C4CC4)cc3)n2)n[nH]1,5.008773924307505,5.522140436893471,5.689388800278505
5494449::ICK::24025,ICK,5494449,Cc1cc(Nc2cc(N3CCN(C)CC3)nc(Sc3ccc(NC(=O)C4CC4)cc3)n2)n[nH]1,5.0,5.522140436893471,5.299539356056706
5494449::IKK-alpha::24027,IKK-alpha,5494449,Cc1cc(Nc2cc(N3CCN(C)CC3)nc(Sc3ccc(NC(=O)C4CC4)cc3)n2)n[nH]1,5.0,5.522140436893471,5.14560517611521
5494449::IKK-epsilon::24029,IKK-epsilon,5494449,Cc1cc(Nc2cc(N3CCN(C)CC3)nc(Sc3ccc(NC(=O)C4CC4)cc3)n2)n[nH]1,5.585026652029182,5.522140436893471,5.171072623618586
5494449::JAK3(JH1domain-catalytic)::24038,JAK3(JH1domain-catalytic),5494449,Cc1cc(Nc2cc(N3CCN(C)CC3)nc(Sc3ccc(NC(=O)C4CC4)cc3)n2)n[nH]1,6.200659450546418,5.522140436893471,5.44066178820532
5494449::JNK1::24039,JNK1,5494449,Cc1cc(Nc2cc(N3CCN(C)CC3)nc(Sc3ccc(NC(=O)C4CC4)cc3)n2)n[nH]1,5.0,5.522140436893471,5.29195977212543
5494449::JNK2::24040,JNK2,5494449,Cc1cc(Nc2cc(N3CCN(C)CC3)nc(Sc3ccc(NC(=O)C4CC4)cc3)n2)n[nH]1,5.0,5.522140436893471,5.333739743588365
5494449::LOK::24049,LOK,5494449,Cc1cc(Nc2cc(N3CCN(C)CC3)nc(Sc3ccc(NC(=O)C4CC4)cc3)n2)n[nH]1,6.920818753952375,5.522140436893471,5.987737214673997
5494449::MAK::24054,MAK,5494449,Cc1cc(Nc2cc(N3CCN(C)CC3)nc(Sc3ccc(NC(=O)C4CC4)cc3)n2)n[nH]1,5.0,5.522140436893471,5.947128557444605
5494449::MAP3K15::24056,MAP3K15,5494449,Cc1cc(Nc2cc(N3CCN(C)CC3)nc(Sc3ccc(NC(=O)C4CC4)cc3)n2)n[nH]1,5.0,5.522140436893471,5.379953140659679
5494449::MAP4K2::24060,MAP4K2,5494449,Cc1cc(Nc2cc(N3CCN(C)CC3)nc(Sc3ccc(NC(=O)C4CC4)cc3)n2)n[nH]1,5.585026652029182,5.522140436893471,5.5067378194890955
5494449::MAP4K3::24061,MAP4K3,5494449,Cc1cc(Nc2cc(N3CCN(C)CC3)nc(Sc3ccc(NC(=O)C4CC4)cc3)n2)n[nH]1,6.537602002101044,5.522140436893471,5.6981148226025296
5494449::MEK1::24071,MEK1,5494449,Cc1cc(Nc2cc(N3CCN(C)CC3)nc(Sc3ccc(NC(=O)C4CC4)cc3)n2)n[nH]1,5.7447274948966935,5.522140436893471,5.488828274259412
5494449::MELK::24077,MELK,5494449,Cc1cc(Nc2cc(N3CCN(C)CC3)nc(Sc3ccc(NC(=O)C4CC4)cc3)n2)n[nH]1,6.619788758288394,5.522140436893471,5.577452504945482
5494449::MLK1::24085,MLK1,5494449,Cc1cc(Nc2cc(N3CCN(C)CC3)nc(Sc3ccc(NC(=O)C4CC4)cc3)n2)n[nH]1,6.4089353929735005,5.522140436893471,5.772485039104296
5494449::MLK2::24086,MLK2,5494449,Cc1cc(Nc2cc(N3CCN(C)CC3)nc(Sc3ccc(NC(=O)C4CC4)cc3)n2)n[nH]1,5.7447274948966935,5.522140436893471,5.662551885340318
5494449::MLK3::24087,MLK3,5494449,Cc1cc(Nc2cc(N3CCN(C)CC3)nc(Sc3ccc(NC(=O)C4CC4)cc3)n2)n[nH]1,6.167491087293763,5.522140436893471,5.683131653082429
5494449::MST1::24090,MST1,5494449,Cc1cc(Nc2cc(N3CCN(C)CC3)nc(Sc3ccc(NC(=O)C4CC4)cc3)n2)n[nH]1,6.698970004336019,5.522140436893471,5.691922988005849
5494449::MST1R::24091,MST1R,5494449,Cc1cc(Nc2cc(N3CCN(C)CC3)nc(Sc3ccc(NC(=O)C4CC4)cc3)n2)n[nH]1,5.886056647693163,5.522140436893471,5.4575076773081355
5494449::MST2::24092,MST2,5494449,Cc1cc(Nc2cc(N3CCN(C)CC3)nc(Sc3ccc(NC(=O)C4CC4)cc3)n2)n[nH]1,6.292429823902063,5.522140436893471,5.739326881616413
5494449::MST3::24093,MST3,5494449,Cc1cc(Nc2cc(N3CCN(C)CC3)nc(Sc3ccc(NC(=O)C4CC4)cc3)n2)n[nH]1,5.443697499232712,5.522140436893471,5.555885867186183
5494449::MYLK::24097,MYLK,5494449,Cc1cc(Nc2cc(N3CCN(C)CC3)nc(Sc3ccc(NC(=O)C4CC4)cc3)n2)n[nH]1,5.0,5.522140436893471,5.466650835814638
5494449::MYLK2::24098,MYLK2,5494449,Cc1cc(Nc2cc(N3CCN(C)CC3)nc(Sc3ccc(NC(=O)C4CC4)cc3)n2)n[nH]1,7.366531544420413,5.522140436893471,5.5735481393299
5494449::NEK1::24104,NEK1,5494449,Cc1cc(Nc2cc(N3CCN(C)CC3)nc(Sc3ccc(NC(=O)C4CC4)cc3)n2)n[nH]1,5.0,5.522140436893471,5.380132785851874
5494449::p38-alpha::24116,p38-alpha,5494449,Cc1cc(Nc2cc(N3CCN(C)CC3)nc(Sc3ccc(NC(=O)C4CC4)cc3)n2)n[nH]1,5.0,5.522140436893471,5.100239103772937
5494449::PAK4::24123,PAK4,5494449,Cc1cc(Nc2cc(N3CCN(C)CC3)nc(Sc3ccc(NC(=O)C4CC4)cc3)n2)n[nH]1,5.366531544420413,5.522140436893471,5.430671190624104
5494449::PFPK5(Pfalciparum)::24133,PFPK5(Pfalciparum),5494449,Cc1cc(Nc2cc(N3CCN(C)CC3)nc(Sc3ccc(NC(=O)C4CC4)cc3)n2)n[nH]1,5.0,5.522140436893471,5.365414468727078
5494449::PIK3CA(Q546K)::24140,PIK3CA(Q546K),5494449,Cc1cc(Nc2cc(N3CCN(C)CC3)nc(Sc3ccc(NC(=O)C4CC4)cc3)n2)n[nH]1,5.0,5.522140436893471,5.280512641146305
5494449::PIK3CD::24142,PIK3CD,5494449,Cc1cc(Nc2cc(N3CCN(C)CC3)nc(Sc3ccc(NC(=O)C4CC4)cc3)n2)n[nH]1,5.0,5.522140436893471,5.554181682533886
5494449::PIM3::24147,PIM3,5494449,Cc1cc(Nc2cc(N3CCN(C)CC3)nc(Sc3ccc(NC(=O)C4CC4)cc3)n2)n[nH]1,5.0,5.522140436893471,5.295633660152095
5494449::PRKCE::24163,PRKCE,5494449,Cc1cc(Nc2cc(N3CCN(C)CC3)nc(Sc3ccc(NC(=O)C4CC4)cc3)n2)n[nH]1,5.0,5.522140436893471,5.22718980440918
5494449::PYK2::24175,PYK2,5494449,Cc1cc(Nc2cc(N3CCN(C)CC3)nc(Sc3ccc(NC(=O)C4CC4)cc3)n2)n[nH]1,5.585026652029182,5.522140436893471,5.804104835082647
5494449::RIPK5::24185,RIPK5,5494449,Cc1cc(Nc2cc(N3CCN(C)CC3)nc(Sc3ccc(NC(=O)C4CC4)cc3)n2)n[nH]1,5.0,5.522140436893471,5.282786737678107
5494449::RSK2(KinDom.1-N-terminal)::24192,RSK2(KinDom.1-N-terminal),5494449,Cc1cc(Nc2cc(N3CCN(C)CC3)nc(Sc3ccc(NC(=O)C4CC4)cc3)n2)n[nH]1,5.1938200260161125,5.522140436893471,5.400937337547484
5494449::SNARK::24202,SNARK,5494449,Cc1cc(Nc2cc(N3CCN(C)CC3)nc(Sc3ccc(NC(=O)C4CC4)cc3)n2)n[nH]1,6.275724130399211,5.522140436893471,5.309382834894567
5494449::TBK1::24219,TBK1,5494449,Cc1cc(Nc2cc(N3CCN(C)CC3)nc(Sc3ccc(NC(=O)C4CC4)cc3)n2)n[nH]1,6.309803919971486,5.522140436893471,5.548351617463602
5494449::TNK1::24229,TNK1,5494449,Cc1cc(Nc2cc(N3CCN(C)CC3)nc(Sc3ccc(NC(=O)C4CC4)cc3)n2)n[nH]1,7.080921907623926,5.522140436893471,5.593024803882301
5494449::TRKC::24234,TRKC,5494449,Cc1cc(Nc2cc(N3CCN(C)CC3)nc(Sc3ccc(NC(=O)C4CC4)cc3)n2)n[nH]1,6.698970004336019,5.522140436893471,5.984715633951316
5494449::TRPM6::24235,TRPM6,5494449,Cc1cc(Nc2cc(N3CCN(C)CC3)nc(Sc3ccc(NC(=O)C4CC4)cc3)n2)n[nH]1,5.0,5.522140436893471,5.493122905787351
5494449::TSSK1B::24236,TSSK1B,5494449,Cc1cc(Nc2cc(N3CCN(C)CC3)nc(Sc3ccc(NC(=O)C4CC4)cc3)n2)n[nH]1,5.0,5.522140436893471,5.420209024805146
5494449::ULK1::24241,ULK1,5494449,Cc1cc(Nc2cc(N3CCN(C)CC3)nc(Sc3ccc(NC(=O)C4CC4)cc3)n2)n[nH]1,5.0,5.522140436893471,5.610850172196383
3038525::ACVR2A::24261,ACVR2A,3038525,O=c1ncn2nc(Sc3ccc(F)cc3F)ccc2c1-c1c(Cl)cccc1Cl,5.0,5.031352428462658,5.034099934765336
3038525::AKT1::24266,AKT1,3038525,O=c1ncn2nc(Sc3ccc(F)cc3F)ccc2c1-c1c(Cl)cccc1Cl,5.0,5.031352428462658,4.880065854927777
3038525::AMPK-alpha1::24270,AMPK-alpha1,3038525,O=c1ncn2nc(Sc3ccc(F)cc3F)ccc2c1-c1c(Cl)cccc1Cl,5.0,5.031352428462658,4.968417141191672
3038525::ARK5::24273,ARK5,3038525,O=c1ncn2nc(Sc3ccc(F)cc3F)ccc2c1-c1c(Cl)cccc1Cl,5.0,5.031352428462658,5.051481064335547
3038525::AXL::24279,AXL,3038525,O=c1ncn2nc(Sc3ccc(F)cc3F)ccc2c1-c1c(Cl)cccc1Cl,5.0,5.031352428462658,5.121912449037166
3038525::BIKE::24280,BIKE,3038525,O=c1ncn2nc(Sc3ccc(F)cc3F)ccc2c1-c1c(Cl)cccc1Cl,5.0,5.031352428462658,5.110122886280181
3038525::BLK::24281,BLK,3038525,O=c1ncn2nc(Sc3ccc(F)cc3F)ccc2c1-c1c(Cl)cccc1Cl,5.508638306165727,5.031352428462658,4.975108258212281
3038525::BMPR1A::24282,BMPR1A,3038525,O=c1ncn2nc(Sc3ccc(F)cc3F)ccc2c1-c1c(Cl)cccc1Cl,5.0,5.031352428462658,5.0368755619056085
3038525::BRAF(V600E)::24286,BRAF(V600E),3038525,O=c1ncn2nc(Sc3ccc(F)cc3F)ccc2c1-c1c(Cl)cccc1Cl,5.0,5.031352428462658,5.020714016884039
3038525::BRSK1::24288,BRSK1,3038525,O=c1ncn2nc(Sc3ccc(F)cc3F)ccc2c1-c1c(Cl)cccc1Cl,5.0,5.031352428462658,4.9769128349784415
3038525::CAMK1::24291,CAMK1,3038525,O=c1ncn2nc(Sc3ccc(F)cc3F)ccc2c1-c1c(Cl)cccc1Cl,5.0,5.031352428462658,4.934610827098044
3038525::CAMK1D::24292,CAMK1D,3038525,O=c1ncn2nc(Sc3ccc(F)cc3F)ccc2c1-c1c(Cl)cccc1Cl,5.0,5.031352428462658,4.966302702067318
3038525::CAMK1G::24293,CAMK1G,3038525,O=c1ncn2nc(Sc3ccc(F)cc3F)ccc2c1-c1c(Cl)cccc1Cl,5.0,5.031352428462658,4.936110627987379
3038525::CAMK2G::24297,CAMK2G,3038525,O=c1ncn2nc(Sc3ccc(F)cc3F)ccc2c1-c1c(Cl)cccc1Cl,5.0,5.031352428462658,4.925652764894536
3038525::CAMK4::24298,CAMK4,3038525,O=c1ncn2nc(Sc3ccc(F)cc3F)ccc2c1-c1c(Cl)cccc1Cl,5.0,5.031352428462658,4.934548201108133
3038525::CAMKK1::24299,CAMKK1,3038525,O=c1ncn2nc(Sc3ccc(F)cc3F)ccc2c1-c1c(Cl)cccc1Cl,5.0,5.031352428462658,4.981288644677651
3038525::CDKL2::24314,CDKL2,3038525,O=c1ncn2nc(Sc3ccc(F)cc3F)ccc2c1-c1c(Cl)cccc1Cl,5.0,5.031352428462658,5.041066891289857
3038525::CDKL5::24316,CDKL5,3038525,O=c1ncn2nc(Sc3ccc(F)cc3F)ccc2c1-c1c(Cl)cccc1Cl,5.0,5.031352428462658,4.972288604950645
3038525::CLK1::24320,CLK1,3038525,O=c1ncn2nc(Sc3ccc(F)cc3F)ccc2c1-c1c(Cl)cccc1Cl,5.0,5.031352428462658,5.080229691599052
3038525::CLK2::24321,CLK2,3038525,O=c1ncn2nc(Sc3ccc(F)cc3F)ccc2c1-c1c(Cl)cccc1Cl,5.0,5.031352428462658,5.1709014292137
3038525::CSNK1A1L::24327,CSNK1A1L,3038525,O=c1ncn2nc(Sc3ccc(F)cc3F)ccc2c1-c1c(Cl)cccc1Cl,5.0,5.031352428462658,4.974956260218479
3038525::CSNK1G1::24330,CSNK1G1,3038525,O=c1ncn2nc(Sc3ccc(F)cc3F)ccc2c1-c1c(Cl)cccc1Cl,5.0,5.031352428462658,5.000289882080313
3038525::CSNK1G3::24332,CSNK1G3,3038525,O=c1ncn2nc(Sc3ccc(F)cc3F)ccc2c1-c1c(Cl)cccc1Cl,5.0,5.031352428462658,4.923545195090939
3038525::DCAMKL1::24339,DCAMKL1,3038525,O=c1ncn2nc(Sc3ccc(F)cc3F)ccc2c1-c1c(Cl)cccc1Cl,5.0,5.031352428462658,4.956376900843427
3038525::DCAMKL2::24340,DCAMKL2,3038525,O=c1ncn2nc(Sc3ccc(F)cc3F)ccc2c1-c1c(Cl)cccc1Cl,5.0,5.031352428462658,4.966785564674338
3038525::DMPK::24345,DMPK,3038525,O=c1ncn2nc(Sc3ccc(F)cc3F)ccc2c1-c1c(Cl)cccc1Cl,5.0,5.031352428462658,4.949549582719462
3038525::DYRK1A::24349,DYRK1A,3038525,O=c1ncn2nc(Sc3ccc(F)cc3F)ccc2c1-c1c(Cl)cccc1Cl,5.0,5.031352428462658,5.042235139080572
3038525::EPHA6::24359,EPHA6,3038525,O=c1ncn2nc(Sc3ccc(F)cc3F)ccc2c1-c1c(Cl)cccc1Cl,5.0,5.031352428462658,5.044411442157954
3038525::ERBB2::24367,ERBB2,3038525,O=c1ncn2nc(Sc3ccc(F)cc3F)ccc2c1-c1c(Cl)cccc1Cl,5.0,5.031352428462658,4.989370417303065
3038525::FGFR3(G697C)::24382,FGFR3(G697C),3038525,O=c1ncn2nc(Sc3ccc(F)cc3F)ccc2c1-c1c(Cl)cccc1Cl,5.0,5.031352428462658,5.033173358555751
3038525::FLT1::24385,FLT1,3038525,O=c1ncn2nc(Sc3ccc(F)cc3F)ccc2c1-c1c(Cl)cccc1Cl,5.0,5.031352428462658,5.132075369286683
3038525::FLT4::24387,FLT4,3038525,O=c1ncn2nc(Sc3ccc(F)cc3F)ccc2c1-c1c(Cl)cccc1Cl,5.0,5.031352428462658,4.999752955637046
3038525::FYN::24389,FYN,3038525,O=c1ncn2nc(Sc3ccc(F)cc3F)ccc2c1-c1c(Cl)cccc1Cl,5.6777807052660805,5.031352428462658,5.0039026374714615
3038525::GAK::24390,GAK,3038525,O=c1ncn2nc(Sc3ccc(F)cc3F)ccc2c1-c1c(Cl)cccc1Cl,5.0,5.031352428462658,5.021176742027042
3038525::HIPK3::24400,HIPK3,3038525,O=c1ncn2nc(Sc3ccc(F)cc3F)ccc2c1-c1c(Cl)cccc1Cl,5.0,5.031352428462658,5.014022494288008
3038525::HUNK::24403,HUNK,3038525,O=c1ncn2nc(Sc3ccc(F)cc3F)ccc2c1-c1c(Cl)cccc1Cl,5.0,5.031352428462658,5.026043067258054
3038525::ICK::24404,ICK,3038525,O=c1ncn2nc(Sc3ccc(F)cc3F)ccc2c1-c1c(Cl)cccc1Cl,5.0,5.031352428462658,4.916579836696996
3038525::IKK-alpha::24406,IKK-alpha,3038525,O=c1ncn2nc(Sc3ccc(F)cc3F)ccc2c1-c1c(Cl)cccc1Cl,5.0,5.031352428462658,4.963951537237913
3038525::IKK-epsilon::24408,IKK-epsilon,3038525,O=c1ncn2nc(Sc3ccc(F)cc3F)ccc2c1-c1c(Cl)cccc1Cl,5.0,5.031352428462658,4.913634992500507
3038525::JAK3(JH1domain-catalytic)::24417,JAK3(JH1domain-catalytic),3038525,O=c1ncn2nc(Sc3ccc(F)cc3F)ccc2c1-c1c(Cl)cccc1Cl,5.0,5.031352428462658,4.993311705533483
3038525::JNK1::24418,JNK1,3038525,O=c1ncn2nc(Sc3ccc(F)cc3F)ccc2c1-c1c(Cl)cccc1Cl,5.0,5.031352428462658,5.008004621285385
3038525::JNK2::24419,JNK2,3038525,O=c1ncn2nc(Sc3ccc(F)cc3F)ccc2c1-c1c(Cl)cccc1Cl,5.0,5.031352428462658,5.0624362642720975
3038525::LOK::24428,LOK,3038525,O=c1ncn2nc(Sc3ccc(F)cc3F)ccc2c1-c1c(Cl)cccc1Cl,5.0,5.031352428462658,5.1566291200089465
3038525::MAK::24433,MAK,3038525,O=c1ncn2nc(Sc3ccc(F)cc3F)ccc2c1-c1c(Cl)cccc1Cl,5.0,5.031352428462658,5.180685056880632
3038525::MAP3K15::24435,MAP3K15,3038525,O=c1ncn2nc(Sc3ccc(F)cc3F)ccc2c1-c1c(Cl)cccc1Cl,5.0,5.031352428462658,4.974047055577452
3038525::MAP4K2::24439,MAP4K2,3038525,O=c1ncn2nc(Sc3ccc(F)cc3F)ccc2c1-c1c(Cl)cccc1Cl,5.0,5.031352428462658,5.0206285990719755
3038525::MAP4K3::24440,MAP4K3,3038525,O=c1ncn2nc(Sc3ccc(F)cc3F)ccc2c1-c1c(Cl)cccc1Cl,5.0,5.031352428462658,5.0083675029889685
3038525::MEK1::24450,MEK1,3038525,O=c1ncn2nc(Sc3ccc(F)cc3F)ccc2c1-c1c(Cl)cccc1Cl,5.0,5.031352428462658,5.069494470347133
3038525::MELK::24456,MELK,3038525,O=c1ncn2nc(Sc3ccc(F)cc3F)ccc2c1-c1c(Cl)cccc1Cl,5.0,5.031352428462658,5.003317100885603
3038525::MLK1::24464,MLK1,3038525,O=c1ncn2nc(Sc3ccc(F)cc3F)ccc2c1-c1c(Cl)cccc1Cl,5.0,5.031352428462658,5.072495212425393
3038525::MLK2::24465,MLK2,3038525,O=c1ncn2nc(Sc3ccc(F)cc3F)ccc2c1-c1c(Cl)cccc1Cl,5.0,5.031352428462658,4.984878188548266
3038525::MLK3::24466,MLK3,3038525,O=c1ncn2nc(Sc3ccc(F)cc3F)ccc2c1-c1c(Cl)cccc1Cl,5.0,5.031352428462658,5.06364391227689
3038525::MST1::24469,MST1,3038525,O=c1ncn2nc(Sc3ccc(F)cc3F)ccc2c1-c1c(Cl)cccc1Cl,5.0,5.031352428462658,5.011855251505476
3038525::MST1R::24470,MST1R,3038525,O=c1ncn2nc(Sc3ccc(F)cc3F)ccc2c1-c1c(Cl)cccc1Cl,5.0,5.031352428462658,4.99548997686607
3038525::MST2::24471,MST2,3038525,O=c1ncn2nc(Sc3ccc(F)cc3F)ccc2c1-c1c(Cl)cccc1Cl,5.0,5.031352428462658,5.0703253986132655
3038525::MST3::24472,MST3,3038525,O=c1ncn2nc(Sc3ccc(F)cc3F)ccc2c1-c1c(Cl)cccc1Cl,5.0,5.031352428462658,4.998546700752228
3038525::MYLK::24476,MYLK,3038525,O=c1ncn2nc(Sc3ccc(F)cc3F)ccc2c1-c1c(Cl)cccc1Cl,5.0,5.031352428462658,5.08767854256467
3038525::MYLK2::24477,MYLK2,3038525,O=c1ncn2nc(Sc3ccc(F)cc3F)ccc2c1-c1c(Cl)cccc1Cl,5.0,5.031352428462658,5.006222378417923
3038525::NEK1::24483,NEK1,3038525,O=c1ncn2nc(Sc3ccc(F)cc3F)ccc2c1-c1c(Cl)cccc1Cl,5.0,5.031352428462658,4.978456863360262
3038525::p38-alpha::24495,p38-alpha,3038525,O=c1ncn2nc(Sc3ccc(F)cc3F)ccc2c1-c1c(Cl)cccc1Cl,8.55284196865778,5.031352428462658,5.022986101523549
3038525::PAK4::24502,PAK4,3038525,O=c1ncn2nc(Sc3ccc(F)cc3F)ccc2c1-c1c(Cl)cccc1Cl,5.0,5.031352428462658,5.164801278469023
3038525::PFPK5(Pfalciparum)::24512,PFPK5(Pfalciparum),3038525,O=c1ncn2nc(Sc3ccc(F)cc3F)ccc2c1-c1c(Cl)cccc1Cl,5.0,5.031352428462658,4.970251567596374
3038525::PIK3CA(Q546K)::24519,PIK3CA(Q546K),3038525,O=c1ncn2nc(Sc3ccc(F)cc3F)ccc2c1-c1c(Cl)cccc1Cl,5.0,5.031352428462658,4.91057734439351
3038525::PIK3CD::24521,PIK3CD,3038525,O=c1ncn2nc(Sc3ccc(F)cc3F)ccc2c1-c1c(Cl)cccc1Cl,5.0,5.031352428462658,4.962449842578844
3038525::PIM3::24526,PIM3,3038525,O=c1ncn2nc(Sc3ccc(F)cc3F)ccc2c1-c1c(Cl)cccc1Cl,5.0,5.031352428462658,5.0092484290469015
3038525::PRKCE::24542,PRKCE,3038525,O=c1ncn2nc(Sc3ccc(F)cc3F)ccc2c1-c1c(Cl)cccc1Cl,5.0,5.031352428462658,5.023388575470358
3038525::PYK2::24554,PYK2,3038525,O=c1ncn2nc(Sc3ccc(F)cc3F)ccc2c1-c1c(Cl)cccc1Cl,5.0,5.031352428462658,5.074395300820694
3038525::RIPK5::24564,RIPK5,3038525,O=c1ncn2nc(Sc3ccc(F)cc3F)ccc2c1-c1c(Cl)cccc1Cl,5.0,5.031352428462658,4.948712714586433
3038525::RSK2(KinDom.1-N-terminal)::24571,RSK2(KinDom.1-N-terminal),3038525,O=c1ncn2nc(Sc3ccc(F)cc3F)ccc2c1-c1c(Cl)cccc1Cl,5.0,5.031352428462658,5.001891115629914
3038525::SNARK::24581,SNARK,3038525,O=c1ncn2nc(Sc3ccc(F)cc3F)ccc2c1-c1c(Cl)cccc1Cl,5.0,5.031352428462658,4.974792619745479
3038525::TBK1::24598,TBK1,3038525,O=c1ncn2nc(Sc3ccc(F)cc3F)ccc2c1-c1c(Cl)cccc1Cl,5.0,5.031352428462658,5.0373497846489235
3038525::TNK1::24608,TNK1,3038525,O=c1ncn2nc(Sc3ccc(F)cc3F)ccc2c1-c1c(Cl)cccc1Cl,5.0,5.031352428462658,5.07714312757986
3038525::TRKC::24613,TRKC,3038525,O=c1ncn2nc(Sc3ccc(F)cc3F)ccc2c1-c1c(Cl)cccc1Cl,5.0,5.031352428462658,5.062186978213709
3038525::TRPM6::24614,TRPM6,3038525,O=c1ncn2nc(Sc3ccc(F)cc3F)ccc2c1-c1c(Cl)cccc1Cl,5.0,5.031352428462658,5.0374709119797085
3038525::TSSK1B::24615,TSSK1B,3038525,O=c1ncn2nc(Sc3ccc(F)cc3F)ccc2c1-c1c(Cl)cccc1Cl,5.0,5.031352428462658,4.980580042720903
3038525::ULK1::24620,ULK1,3038525,O=c1ncn2nc(Sc3ccc(F)cc3F)ccc2c1-c1c(Cl)cccc1Cl,5.0,5.031352428462658,5.0628611923366025
3081361::ACVR2A::24640,ACVR2A,3081361,COc1cc2c(Nc3ccc(Br)cc3F)ncnc2cc1OCC1CCN(C)CC1,5.0,5.36655828796079,5.533961827984443
3081361::AKT1::24645,AKT1,3081361,COc1cc2c(Nc3ccc(Br)cc3F)ncnc2cc1OCC1CCN(C)CC1,5.0,5.36655828796079,5.163804552260873
3081361::AMPK-alpha1::24649,AMPK-alpha1,3081361,COc1cc2c(Nc3ccc(Br)cc3F)ncnc2cc1OCC1CCN(C)CC1,5.522878745280337,5.36655828796079,5.195225154624132
3081361::ARK5::24652,ARK5,3081361,COc1cc2c(Nc3ccc(Br)cc3F)ncnc2cc1OCC1CCN(C)CC1,5.0,5.36655828796079,5.097752144902798
3081361::AXL::24658,AXL,3081361,COc1cc2c(Nc3ccc(Br)cc3F)ncnc2cc1OCC1CCN(C)CC1,6.6020599913279625,5.36655828796079,5.536860861075298
3081361::BIKE::24659,BIKE,3081361,COc1cc2c(Nc3ccc(Br)cc3F)ncnc2cc1OCC1CCN(C)CC1,5.0,5.36655828796079,5.57379599830515
3081361::BLK::24660,BLK,3081361,COc1cc2c(Nc3ccc(Br)cc3F)ncnc2cc1OCC1CCN(C)CC1,7.180456064458131,5.36655828796079,5.543836019282977
3081361::BMPR1A::24661,BMPR1A,3081361,COc1cc2c(Nc3ccc(Br)cc3F)ncnc2cc1OCC1CCN(C)CC1,5.0,5.36655828796079,5.358601878750048
3081361::BRAF(V600E)::24665,BRAF(V600E),3081361,COc1cc2c(Nc3ccc(Br)cc3F)ncnc2cc1OCC1CCN(C)CC1,5.0,5.36655828796079,5.218806238022414
3081361::BRSK1::24667,BRSK1,3081361,COc1cc2c(Nc3ccc(Br)cc3F)ncnc2cc1OCC1CCN(C)CC1,5.0,5.36655828796079,5.267447708684829
3081361::CAMK1::24670,CAMK1,3081361,COc1cc2c(Nc3ccc(Br)cc3F)ncnc2cc1OCC1CCN(C)CC1,5.0,5.36655828796079,5.164552571710821
3081361::CAMK1D::24671,CAMK1D,3081361,COc1cc2c(Nc3ccc(Br)cc3F)ncnc2cc1OCC1CCN(C)CC1,5.0,5.36655828796079,5.284549049649154
3081361::CAMK1G::24672,CAMK1G,3081361,COc1cc2c(Nc3ccc(Br)cc3F)ncnc2cc1OCC1CCN(C)CC1,5.0,5.36655828796079,5.2843239675941405
3081361::CAMK2G::24676,CAMK2G,3081361,COc1cc2c(Nc3ccc(Br)cc3F)ncnc2cc1OCC1CCN(C)CC1,5.0,5.36655828796079,5.249822899146852
3081361::CAMK4::24677,CAMK4,3081361,COc1cc2c(Nc3ccc(Br)cc3F)ncnc2cc1OCC1CCN(C)CC1,5.0,5.36655828796079,5.22704502610288
3081361::CAMKK1::24678,CAMKK1,3081361,COc1cc2c(Nc3ccc(Br)cc3F)ncnc2cc1OCC1CCN(C)CC1,5.0,5.36655828796079,5.332973595510057
3081361::CDKL2::24693,CDKL2,3081361,COc1cc2c(Nc3ccc(Br)cc3F)ncnc2cc1OCC1CCN(C)CC1,5.0,5.36655828796079,5.203003081803801
3081361::CDKL5::24695,CDKL5,3081361,COc1cc2c(Nc3ccc(Br)cc3F)ncnc2cc1OCC1CCN(C)CC1,5.0,5.36655828796079,5.106059539836039
3081361::CLK1::24699,CLK1,3081361,COc1cc2c(Nc3ccc(Br)cc3F)ncnc2cc1OCC1CCN(C)CC1,5.0,5.36655828796079,5.2635505774649305
3081361::CLK2::24700,CLK2,3081361,COc1cc2c(Nc3ccc(Br)cc3F)ncnc2cc1OCC1CCN(C)CC1,5.0,5.36655828796079,5.408813753259735
3081361::CSNK1A1L::24706,CSNK1A1L,3081361,COc1cc2c(Nc3ccc(Br)cc3F)ncnc2cc1OCC1CCN(C)CC1,5.0,5.36655828796079,5.115196825766385
3081361::CSNK1G1::24709,CSNK1G1,3081361,COc1cc2c(Nc3ccc(Br)cc3F)ncnc2cc1OCC1CCN(C)CC1,5.0,5.36655828796079,5.137059460804915
3081361::CSNK1G3::24711,CSNK1G3,3081361,COc1cc2c(Nc3ccc(Br)cc3F)ncnc2cc1OCC1CCN(C)CC1,5.0,5.36655828796079,5.0511990674209555
3081361::DCAMKL1::24718,DCAMKL1,3081361,COc1cc2c(Nc3ccc(Br)cc3F)ncnc2cc1OCC1CCN(C)CC1,5.0,5.36655828796079,5.2488933772989395
3081361::DCAMKL2::24719,DCAMKL2,3081361,COc1cc2c(Nc3ccc(Br)cc3F)ncnc2cc1OCC1CCN(C)CC1,5.0,5.36655828796079,5.177756214609719
3081361::DMPK::24724,DMPK,3081361,COc1cc2c(Nc3ccc(Br)cc3F)ncnc2cc1OCC1CCN(C)CC1,5.0,5.36655828796079,5.498981104869595
3081361::DYRK1A::24728,DYRK1A,3081361,COc1cc2c(Nc3ccc(Br)cc3F)ncnc2cc1OCC1CCN(C)CC1,5.0,5.36655828796079,5.365796722867282
3081361::EPHA6::24738,EPHA6,3081361,COc1cc2c(Nc3ccc(Br)cc3F)ncnc2cc1OCC1CCN(C)CC1,7.301029995663981,5.36655828796079,6.167159213690303
3081361::ERBB2::24746,ERBB2,3081361,COc1cc2c(Nc3ccc(Br)cc3F)ncnc2cc1OCC1CCN(C)CC1,5.585026652029182,5.36655828796079,5.927373364304584
3081361::FGFR3(G697C)::24761,FGFR3(G697C),3081361,COc1cc2c(Nc3ccc(Br)cc3F)ncnc2cc1OCC1CCN(C)CC1,5.795880017344075,5.36655828796079,5.356944823525252
3081361::FLT1::24764,FLT1,3081361,COc1cc2c(Nc3ccc(Br)cc3F)ncnc2cc1OCC1CCN(C)CC1,6.585026652029182,5.36655828796079,5.434342091319417
3081361::FLT4::24766,FLT4,3081361,COc1cc2c(Nc3ccc(Br)cc3F)ncnc2cc1OCC1CCN(C)CC1,5.958607314841775,5.36655828796079,5.44405222407097
3081361::FYN::24768,FYN,3081361,COc1cc2c(Nc3ccc(Br)cc3F)ncnc2cc1OCC1CCN(C)CC1,6.443697499232712,5.36655828796079,5.690075176355581
3081361::GAK::24769,GAK,3081361,COc1cc2c(Nc3ccc(Br)cc3F)ncnc2cc1OCC1CCN(C)CC1,7.0655015487564325,5.36655828796079,5.302895766373786
3081361::HIPK3::24779,HIPK3,3081361,COc1cc2c(Nc3ccc(Br)cc3F)ncnc2cc1OCC1CCN(C)CC1,5.0,5.36655828796079,5.305274961533735
3081361::HUNK::24782,HUNK,3081361,COc1cc2c(Nc3ccc(Br)cc3F)ncnc2cc1OCC1CCN(C)CC1,5.3872161432802645,5.36655828796079,5.362267988669588
3081361::ICK::24783,ICK,3081361,COc1cc2c(Nc3ccc(Br)cc3F)ncnc2cc1OCC1CCN(C)CC1,5.0,5.36655828796079,5.180184746690214
3081361::IKK-alpha::24785,IKK-alpha,3081361,COc1cc2c(Nc3ccc(Br)cc3F)ncnc2cc1OCC1CCN(C)CC1,5.0,5.36655828796079,5.36930780691842
3081361::IKK-epsilon::24787,IKK-epsilon,3081361,COc1cc2c(Nc3ccc(Br)cc3F)ncnc2cc1OCC1CCN(C)CC1,5.0,5.36655828796079,5.1779505516545745
3081361::JAK3(JH1domain-catalytic)::24796,JAK3(JH1domain-catalytic),3081361,COc1cc2c(Nc3ccc(Br)cc3F)ncnc2cc1OCC1CCN(C)CC1,5.0,5.36655828796079,5.306119861932052
3081361::JNK1::24797,JNK1,3081361,COc1cc2c(Nc3ccc(Br)cc3F)ncnc2cc1OCC1CCN(C)CC1,5.0,5.36655828796079,5.125577773350486
3081361::JNK2::24798,JNK2,3081361,COc1cc2c(Nc3ccc(Br)cc3F)ncnc2cc1OCC1CCN(C)CC1,5.0,5.36655828796079,5.239546449527391
3081361::LOK::24807,LOK,3081361,COc1cc2c(Nc3ccc(Br)cc3F)ncnc2cc1OCC1CCN(C)CC1,7.091514981121351,5.36655828796079,5.600834311647175
3081361::MAK::24812,MAK,3081361,COc1cc2c(Nc3ccc(Br)cc3F)ncnc2cc1OCC1CCN(C)CC1,5.0,5.36655828796079,5.394680841590115
3081361::MAP3K15::24814,MAP3K15,3081361,COc1cc2c(Nc3ccc(Br)cc3F)ncnc2cc1OCC1CCN(C)CC1,5.0,5.36655828796079,5.106679527989977
3081361::MAP4K2::24818,MAP4K2,3081361,COc1cc2c(Nc3ccc(Br)cc3F)ncnc2cc1OCC1CCN(C)CC1,5.795880017344075,5.36655828796079,5.304977548424039
3081361::MAP4K3::24819,MAP4K3,3081361,COc1cc2c(Nc3ccc(Br)cc3F)ncnc2cc1OCC1CCN(C)CC1,5.823908740944319,5.36655828796079,5.3853422193337686
3081361::MEK1::24829,MEK1,3081361,COc1cc2c(Nc3ccc(Br)cc3F)ncnc2cc1OCC1CCN(C)CC1,5.7447274948966935,5.36655828796079,5.566947342596317
3081361::MELK::24835,MELK,3081361,COc1cc2c(Nc3ccc(Br)cc3F)ncnc2cc1OCC1CCN(C)CC1,5.0,5.36655828796079,5.208152912268986
3081361::MLK1::24843,MLK1,3081361,COc1cc2c(Nc3ccc(Br)cc3F)ncnc2cc1OCC1CCN(C)CC1,5.0,5.36655828796079,5.351510657298891
3081361::MLK2::24844,MLK2,3081361,COc1cc2c(Nc3ccc(Br)cc3F)ncnc2cc1OCC1CCN(C)CC1,5.0,5.36655828796079,5.333969773715983
3081361::MLK3::24845,MLK3,3081361,COc1cc2c(Nc3ccc(Br)cc3F)ncnc2cc1OCC1CCN(C)CC1,5.0,5.36655828796079,5.719679948484107
3081361::MST1::24848,MST1,3081361,COc1cc2c(Nc3ccc(Br)cc3F)ncnc2cc1OCC1CCN(C)CC1,5.0,5.36655828796079,5.3217043119732645
3081361::MST1R::24849,MST1R,3081361,COc1cc2c(Nc3ccc(Br)cc3F)ncnc2cc1OCC1CCN(C)CC1,5.0,5.36655828796079,5.485707852023289
3081361::MST2::24850,MST2,3081361,COc1cc2c(Nc3ccc(Br)cc3F)ncnc2cc1OCC1CCN(C)CC1,5.0,5.36655828796079,5.324520486632463
3081361::MST3::24851,MST3,3081361,COc1cc2c(Nc3ccc(Br)cc3F)ncnc2cc1OCC1CCN(C)CC1,5.0,5.36655828796079,5.318997091356754
3081361::MYLK::24855,MYLK,3081361,COc1cc2c(Nc3ccc(Br)cc3F)ncnc2cc1OCC1CCN(C)CC1,5.0,5.36655828796079,5.200107954971003
3081361::MYLK2::24856,MYLK2,3081361,COc1cc2c(Nc3ccc(Br)cc3F)ncnc2cc1OCC1CCN(C)CC1,5.0,5.36655828796079,5.3050646113794455
3081361::NEK1::24862,NEK1,3081361,COc1cc2c(Nc3ccc(Br)cc3F)ncnc2cc1OCC1CCN(C)CC1,5.0,5.36655828796079,5.254799459432654
3081361::p38-alpha::24874,p38-alpha,3081361,COc1cc2c(Nc3ccc(Br)cc3F)ncnc2cc1OCC1CCN(C)CC1,5.0,5.36655828796079,5.135614423600401
3081361::PAK4::24881,PAK4,3081361,COc1cc2c(Nc3ccc(Br)cc3F)ncnc2cc1OCC1CCN(C)CC1,5.0,5.36655828796079,5.558615549854716
3081361::PFPK5(Pfalciparum)::24891,PFPK5(Pfalciparum),3081361,COc1cc2c(Nc3ccc(Br)cc3F)ncnc2cc1OCC1CCN(C)CC1,5.0,5.36655828796079,5.062313204635017
3081361::PIK3CA(Q546K)::24898,PIK3CA(Q546K),3081361,COc1cc2c(Nc3ccc(Br)cc3F)ncnc2cc1OCC1CCN(C)CC1,5.0,5.36655828796079,5.113269860110606
3081361::PIK3CD::24900,PIK3CD,3081361,COc1cc2c(Nc3ccc(Br)cc3F)ncnc2cc1OCC1CCN(C)CC1,5.0,5.36655828796079,5.144986454963562
3081361::PIM3::24905,PIM3,3081361,COc1cc2c(Nc3ccc(Br)cc3F)ncnc2cc1OCC1CCN(C)CC1,5.0,5.36655828796079,5.3283249591703745
3081361::PRKCE::24921,PRKCE,3081361,COc1cc2c(Nc3ccc(Br)cc3F)ncnc2cc1OCC1CCN(C)CC1,5.0,5.36655828796079,5.307147161391919
3081361::PYK2::24933,PYK2,3081361,COc1cc2c(Nc3ccc(Br)cc3F)ncnc2cc1OCC1CCN(C)CC1,5.0,5.36655828796079,5.509112549468945
3081361::RIPK5::24943,RIPK5,3081361,COc1cc2c(Nc3ccc(Br)cc3F)ncnc2cc1OCC1CCN(C)CC1,5.0,5.36655828796079,5.2291606869112295
3081361::RSK2(KinDom.1-N-terminal)::24950,RSK2(KinDom.1-N-terminal),3081361,COc1cc2c(Nc3ccc(Br)cc3F)ncnc2cc1OCC1CCN(C)CC1,5.0,5.36655828796079,5.269548813157483
3081361::SNARK::24960,SNARK,3081361,COc1cc2c(Nc3ccc(Br)cc3F)ncnc2cc1OCC1CCN(C)CC1,5.0,5.36655828796079,5.203388906471046
3081361::TBK1::24977,TBK1,3081361,COc1cc2c(Nc3ccc(Br)cc3F)ncnc2cc1OCC1CCN(C)CC1,5.0,5.36655828796079,5.274772371473493
3081361::TNK1::24987,TNK1,3081361,COc1cc2c(Nc3ccc(Br)cc3F)ncnc2cc1OCC1CCN(C)CC1,5.0,5.36655828796079,5.4036962185938
3081361::TRKC::24992,TRKC,3081361,COc1cc2c(Nc3ccc(Br)cc3F)ncnc2cc1OCC1CCN(C)CC1,5.0,5.36655828796079,5.761410529663686
3081361::TRPM6::24993,TRPM6,3081361,COc1cc2c(Nc3ccc(Br)cc3F)ncnc2cc1OCC1CCN(C)CC1,5.0,5.36655828796079,5.151180220024052
3081361::TSSK1B::24994,TSSK1B,3081361,COc1cc2c(Nc3ccc(Br)cc3F)ncnc2cc1OCC1CCN(C)CC1,5.0,5.36655828796079,5.263954457337184
3081361::ULK1::24999,ULK1,3081361,COc1cc2c(Nc3ccc(Br)cc3F)ncnc2cc1OCC1CCN(C)CC1,5.0,5.36655828796079,5.430605904094612
9809715::ACVR2A::25019,ACVR2A,9809715,COC(=O)c1ccc2c(c1)NC(=O)C2=C(Nc1ccc(N(C)C(=O)CN2CCN(C)CC2)cc1)c1ccccc1,5.0,5.960737057954259,6.212931894843648
9809715::AKT1::25024,AKT1,9809715,COC(=O)c1ccc2c(c1)NC(=O)C2=C(Nc1ccc(N(C)C(=O)CN2CCN(C)CC2)cc1)c1ccccc1,5.0,5.960737057954259,5.9351276804891056
9809715::AMPK-alpha1::25028,AMPK-alpha1,9809715,COC(=O)c1ccc2c(c1)NC(=O)C2=C(Nc1ccc(N(C)C(=O)CN2CCN(C)CC2)cc1)c1ccccc1,7.060480747381382,5.960737057954259,6.196893839174312
9809715::ARK5::25031,ARK5,9809715,COC(=O)c1ccc2c(c1)NC(=O)C2=C(Nc1ccc(N(C)C(=O)CN2CCN(C)CC2)cc1)c1ccccc1,6.795880017344075,5.960737057954259,6.1342826576306955
9809715::AXL::25037,AXL,9809715,COC(=O)c1ccc2c(c1)NC(=O)C2=C(Nc1ccc(N(C)C(=O)CN2CCN(C)CC2)cc1)c1ccccc1,7.920818753952375,5.960737057954259,6.274781151567309
9809715::BIKE::25038,BIKE,9809715,COC(=O)c1ccc2c(c1)NC(=O)C2=C(Nc1ccc(N(C)C(=O)CN2CCN(C)CC2)cc1)c1ccccc1,8.657577319177793,5.960737057954259,6.514622417158555
9809715::BLK::25039,BLK,9809715,COC(=O)c1ccc2c(c1)NC(=O)C2=C(Nc1ccc(N(C)C(=O)CN2CCN(C)CC2)cc1)c1ccccc1,6.42021640338319,5.960737057954259,6.032246754288894
9809715::BMPR1A::25040,BMPR1A,9809715,COC(=O)c1ccc2c(c1)NC(=O)C2=C(Nc1ccc(N(C)C(=O)CN2CCN(C)CC2)cc1)c1ccccc1,5.0,5.960737057954259,5.575503211185994
9809715::BRAF(V600E)::25044,BRAF(V600E),9809715,COC(=O)c1ccc2c(c1)NC(=O)C2=C(Nc1ccc(N(C)C(=O)CN2CCN(C)CC2)cc1)c1ccccc1,5.0,5.960737057954259,6.446613977423333
9809715::BRSK1::25046,BRSK1,9809715,COC(=O)c1ccc2c(c1)NC(=O)C2=C(Nc1ccc(N(C)C(=O)CN2CCN(C)CC2)cc1)c1ccccc1,5.0,5.960737057954259,5.761092533357204
9809715::CAMK1::25049,CAMK1,9809715,COC(=O)c1ccc2c(c1)NC(=O)C2=C(Nc1ccc(N(C)C(=O)CN2CCN(C)CC2)cc1)c1ccccc1,5.229147988357855,5.960737057954259,6.118201537115211
9809715::CAMK1D::25050,CAMK1D,9809715,COC(=O)c1ccc2c(c1)NC(=O)C2=C(Nc1ccc(N(C)C(=O)CN2CCN(C)CC2)cc1)c1ccccc1,5.657577319177793,5.960737057954259,6.200462158390113
9809715::CAMK1G::25051,CAMK1G,9809715,COC(=O)c1ccc2c(c1)NC(=O)C2=C(Nc1ccc(N(C)C(=O)CN2CCN(C)CC2)cc1)c1ccccc1,6.585026652029182,5.960737057954259,6.193147824166801
9809715::CAMK2G::25055,CAMK2G,9809715,COC(=O)c1ccc2c(c1)NC(=O)C2=C(Nc1ccc(N(C)C(=O)CN2CCN(C)CC2)cc1)c1ccccc1,5.0,5.960737057954259,5.89508879723035
9809715::CAMK4::25056,CAMK4,9809715,COC(=O)c1ccc2c(c1)NC(=O)C2=C(Nc1ccc(N(C)C(=O)CN2CCN(C)CC2)cc1)c1ccccc1,5.431798275933005,5.960737057954259,6.094257817739846
9809715::CAMKK1::25057,CAMKK1,9809715,COC(=O)c1ccc2c(c1)NC(=O)C2=C(Nc1ccc(N(C)C(=O)CN2CCN(C)CC2)cc1)c1ccccc1,6.200659450546418,5.960737057954259,5.662095688766935
9809715::CDKL2::25072,CDKL2,9809715,COC(=O)c1ccc2c(c1)NC(=O)C2=C(Nc1ccc(N(C)C(=O)CN2CCN(C)CC2)cc1)c1ccccc1,5.886056647693163,5.960737057954259,6.209049160870741
9809715::CDKL5::25074,CDKL5,9809715,COC(=O)c1ccc2c(c1)NC(=O)C2=C(Nc1ccc(N(C)C(=O)CN2CCN(C)CC2)cc1)c1ccccc1,5.0,5.960737057954259,5.538390219733925
9809715::CLK1::25078,CLK1,9809715,COC(=O)c1ccc2c(c1)NC(=O)C2=C(Nc1ccc(N(C)C(=O)CN2CCN(C)CC2)cc1)c1ccccc1,8.05551732784983,5.960737057954259,6.595796991126247
9809715::CLK2::25079,CLK2,9809715,COC(=O)c1ccc2c(c1)NC(=O)C2=C(Nc1ccc(N(C)C(=O)CN2CCN(C)CC2)cc1)c1ccccc1,6.119186407719209,5.960737057954259,6.251135318884321
9809715::CSNK1A1L::25085,CSNK1A1L,9809715,COC(=O)c1ccc2c(c1)NC(=O)C2=C(Nc1ccc(N(C)C(=O)CN2CCN(C)CC2)cc1)c1ccccc1,5.0,5.960737057954259,5.893238163418797
9809715::CSNK1G1::25088,CSNK1G1,9809715,COC(=O)c1ccc2c(c1)NC(=O)C2=C(Nc1ccc(N(C)C(=O)CN2CCN(C)CC2)cc1)c1ccccc1,5.0,5.960737057954259,5.534291484086574
9809715::CSNK1G3::25090,CSNK1G3,9809715,COC(=O)c1ccc2c(c1)NC(=O)C2=C(Nc1ccc(N(C)C(=O)CN2CCN(C)CC2)cc1)c1ccccc1,5.0,5.960737057954259,5.482758613228101
9809715::DCAMKL1::25097,DCAMKL1,9809715,COC(=O)c1ccc2c(c1)NC(=O)C2=C(Nc1ccc(N(C)C(=O)CN2CCN(C)CC2)cc1)c1ccccc1,6.267606240177031,5.960737057954259,6.001399997744487
9809715::DCAMKL2::25098,DCAMKL2,9809715,COC(=O)c1ccc2c(c1)NC(=O)C2=C(Nc1ccc(N(C)C(=O)CN2CCN(C)CC2)cc1)c1ccccc1,5.0,5.960737057954259,5.862430548565394
9809715::DMPK::25103,DMPK,9809715,COC(=O)c1ccc2c(c1)NC(=O)C2=C(Nc1ccc(N(C)C(=O)CN2CCN(C)CC2)cc1)c1ccccc1,5.0,5.960737057954259,6.107592987254819
9809715::DYRK1A::25107,DYRK1A,9809715,COC(=O)c1ccc2c(c1)NC(=O)C2=C(Nc1ccc(N(C)C(=O)CN2CCN(C)CC2)cc1)c1ccccc1,5.0,5.960737057954259,6.0570881929982825
9809715::EPHA6::25117,EPHA6,9809715,COC(=O)c1ccc2c(c1)NC(=O)C2=C(Nc1ccc(N(C)C(=O)CN2CCN(C)CC2)cc1)c1ccccc1,6.026872146400301,5.960737057954259,5.868250805788224
9809715::ERBB2::25125,ERBB2,9809715,COC(=O)c1ccc2c(c1)NC(=O)C2=C(Nc1ccc(N(C)C(=O)CN2CCN(C)CC2)cc1)c1ccccc1,5.0,5.960737057954259,5.842675223226268
9809715::FGFR3(G697C)::25140,FGFR3(G697C),9809715,COC(=O)c1ccc2c(c1)NC(=O)C2=C(Nc1ccc(N(C)C(=O)CN2CCN(C)CC2)cc1)c1ccccc1,7.031517051446064,5.960737057954259,6.002478341189019
9809715::FLT1::25143,FLT1,9809715,COC(=O)c1ccc2c(c1)NC(=O)C2=C(Nc1ccc(N(C)C(=O)CN2CCN(C)CC2)cc1)c1ccccc1,7.200659450546418,5.960737057954259,6.546475481640254
9809715::FLT4::25145,FLT4,9809715,COC(=O)c1ccc2c(c1)NC(=O)C2=C(Nc1ccc(N(C)C(=O)CN2CCN(C)CC2)cc1)c1ccccc1,7.022276394711152,5.960737057954259,6.162331868777854
9809715::FYN::25147,FYN,9809715,COC(=O)c1ccc2c(c1)NC(=O)C2=C(Nc1ccc(N(C)C(=O)CN2CCN(C)CC2)cc1)c1ccccc1,6.200659450546418,5.960737057954259,6.06088812461793
9809715::GAK::25148,GAK,9809715,COC(=O)c1ccc2c(c1)NC(=O)C2=C(Nc1ccc(N(C)C(=O)CN2CCN(C)CC2)cc1)c1ccccc1,5.0,5.960737057954259,5.7673952905675385
9809715::HIPK3::25158,HIPK3,9809715,COC(=O)c1ccc2c(c1)NC(=O)C2=C(Nc1ccc(N(C)C(=O)CN2CCN(C)CC2)cc1)c1ccccc1,6.070581074285707,5.960737057954259,6.16858875088342
9809715::HUNK::25161,HUNK,9809715,COC(=O)c1ccc2c(c1)NC(=O)C2=C(Nc1ccc(N(C)C(=O)CN2CCN(C)CC2)cc1)c1ccccc1,5.0,5.960737057954259,6.030307692952032
9809715::ICK::25162,ICK,9809715,COC(=O)c1ccc2c(c1)NC(=O)C2=C(Nc1ccc(N(C)C(=O)CN2CCN(C)CC2)cc1)c1ccccc1,5.769551078621726,5.960737057954259,5.66417571620593
9809715::IKK-alpha::25164,IKK-alpha,9809715,COC(=O)c1ccc2c(c1)NC(=O)C2=C(Nc1ccc(N(C)C(=O)CN2CCN(C)CC2)cc1)c1ccccc1,5.346787486224656,5.960737057954259,5.60287192430567
9809715::IKK-epsilon::25166,IKK-epsilon,9809715,COC(=O)c1ccc2c(c1)NC(=O)C2=C(Nc1ccc(N(C)C(=O)CN2CCN(C)CC2)cc1)c1ccccc1,6.769551078621726,5.960737057954259,5.545996391246213
9809715::JAK3(JH1domain-catalytic)::25175,JAK3(JH1domain-catalytic),9809715,COC(=O)c1ccc2c(c1)NC(=O)C2=C(Nc1ccc(N(C)C(=O)CN2CCN(C)CC2)cc1)c1ccccc1,8.086186147616283,5.960737057954259,5.7941044467953935
9809715::JNK1::25176,JNK1,9809715,COC(=O)c1ccc2c(c1)NC(=O)C2=C(Nc1ccc(N(C)C(=O)CN2CCN(C)CC2)cc1)c1ccccc1,6.200659450546418,5.960737057954259,6.2712264748233455
9809715::JNK2::25177,JNK2,9809715,COC(=O)c1ccc2c(c1)NC(=O)C2=C(Nc1ccc(N(C)C(=O)CN2CCN(C)CC2)cc1)c1ccccc1,5.0,5.960737057954259,6.032346377182227
9809715::LOK::25186,LOK,9809715,COC(=O)c1ccc2c(c1)NC(=O)C2=C(Nc1ccc(N(C)C(=O)CN2CCN(C)CC2)cc1)c1ccccc1,7.060480747381382,5.960737057954259,6.243287129217493
9809715::MAK::25191,MAK,9809715,COC(=O)c1ccc2c(c1)NC(=O)C2=C(Nc1ccc(N(C)C(=O)CN2CCN(C)CC2)cc1)c1ccccc1,5.0,5.960737057954259,6.370912531114654
9809715::MAP3K15::25193,MAP3K15,9809715,COC(=O)c1ccc2c(c1)NC(=O)C2=C(Nc1ccc(N(C)C(=O)CN2CCN(C)CC2)cc1)c1ccccc1,5.853871964321762,5.960737057954259,5.472867220631457
9809715::MAP4K2::25197,MAP4K2,9809715,COC(=O)c1ccc2c(c1)NC(=O)C2=C(Nc1ccc(N(C)C(=O)CN2CCN(C)CC2)cc1)c1ccccc1,6.537602002101044,5.960737057954259,5.627310513235676
9809715::MAP4K3::25198,MAP4K3,9809715,COC(=O)c1ccc2c(c1)NC(=O)C2=C(Nc1ccc(N(C)C(=O)CN2CCN(C)CC2)cc1)c1ccccc1,6.537602002101044,5.960737057954259,6.309259820031129
9809715::MEK1::25208,MEK1,9809715,COC(=O)c1ccc2c(c1)NC(=O)C2=C(Nc1ccc(N(C)C(=O)CN2CCN(C)CC2)cc1)c1ccccc1,8.0,5.960737057954259,5.768975134771711
9809715::MELK::25214,MELK,9809715,COC(=O)c1ccc2c(c1)NC(=O)C2=C(Nc1ccc(N(C)C(=O)CN2CCN(C)CC2)cc1)c1ccccc1,8.309803919971486,5.960737057954259,5.905394734485278
9809715::MLK1::25222,MLK1,9809715,COC(=O)c1ccc2c(c1)NC(=O)C2=C(Nc1ccc(N(C)C(=O)CN2CCN(C)CC2)cc1)c1ccccc1,6.657577319177793,5.960737057954259,6.1268486809183695
9809715::MLK2::25223,MLK2,9809715,COC(=O)c1ccc2c(c1)NC(=O)C2=C(Nc1ccc(N(C)C(=O)CN2CCN(C)CC2)cc1)c1ccccc1,5.638272163982407,5.960737057954259,6.143632641274128
9809715::MLK3::25224,MLK3,9809715,COC(=O)c1ccc2c(c1)NC(=O)C2=C(Nc1ccc(N(C)C(=O)CN2CCN(C)CC2)cc1)c1ccccc1,6.154901959985743,5.960737057954259,6.093887569459735
9809715::MST1::25227,MST1,9809715,COC(=O)c1ccc2c(c1)NC(=O)C2=C(Nc1ccc(N(C)C(=O)CN2CCN(C)CC2)cc1)c1ccccc1,8.045757490560675,5.960737057954259,6.6206626233337476
9809715::MST1R::25228,MST1R,9809715,COC(=O)c1ccc2c(c1)NC(=O)C2=C(Nc1ccc(N(C)C(=O)CN2CCN(C)CC2)cc1)c1ccccc1,5.0,5.960737057954259,5.963857245427401
9809715::MST2::25229,MST2,9809715,COC(=O)c1ccc2c(c1)NC(=O)C2=C(Nc1ccc(N(C)C(=O)CN2CCN(C)CC2)cc1)c1ccccc1,7.42021640338319,5.960737057954259,6.091995628762514
9809715::MST3::25230,MST3,9809715,COC(=O)c1ccc2c(c1)NC(=O)C2=C(Nc1ccc(N(C)C(=O)CN2CCN(C)CC2)cc1)c1ccccc1,6.958607314841775,5.960737057954259,5.833917779181634
9809715::MYLK::25234,MYLK,9809715,COC(=O)c1ccc2c(c1)NC(=O)C2=C(Nc1ccc(N(C)C(=O)CN2CCN(C)CC2)cc1)c1ccccc1,6.537602002101044,5.960737057954259,5.985832191525815
9809715::MYLK2::25235,MYLK2,9809715,COC(=O)c1ccc2c(c1)NC(=O)C2=C(Nc1ccc(N(C)C(=O)CN2CCN(C)CC2)cc1)c1ccccc1,5.3979400086720375,5.960737057954259,5.952216266440253
9809715::NEK1::25241,NEK1,9809715,COC(=O)c1ccc2c(c1)NC(=O)C2=C(Nc1ccc(N(C)C(=O)CN2CCN(C)CC2)cc1)c1ccccc1,5.0,5.960737057954259,5.947558005573115
9809715::p38-alpha::25253,p38-alpha,9809715,COC(=O)c1ccc2c(c1)NC(=O)C2=C(Nc1ccc(N(C)C(=O)CN2CCN(C)CC2)cc1)c1ccccc1,5.0,5.960737057954259,5.311828468586371
9809715::PAK4::25260,PAK4,9809715,COC(=O)c1ccc2c(c1)NC(=O)C2=C(Nc1ccc(N(C)C(=O)CN2CCN(C)CC2)cc1)c1ccccc1,5.522878745280337,5.960737057954259,6.495717422863139
9809715::PFPK5(Pfalciparum)::25270,PFPK5(Pfalciparum),9809715,COC(=O)c1ccc2c(c1)NC(=O)C2=C(Nc1ccc(N(C)C(=O)CN2CCN(C)CC2)cc1)c1ccccc1,5.0,5.960737057954259,5.511560429779439
9809715::PIK3CA(Q546K)::25277,PIK3CA(Q546K),9809715,COC(=O)c1ccc2c(c1)NC(=O)C2=C(Nc1ccc(N(C)C(=O)CN2CCN(C)CC2)cc1)c1ccccc1,5.0,5.960737057954259,5.743120765748839
9809715::PIK3CD::25279,PIK3CD,9809715,COC(=O)c1ccc2c(c1)NC(=O)C2=C(Nc1ccc(N(C)C(=O)CN2CCN(C)CC2)cc1)c1ccccc1,5.0,5.960737057954259,6.009200577023502
9809715::PIM3::25284,PIM3,9809715,COC(=O)c1ccc2c(c1)NC(=O)C2=C(Nc1ccc(N(C)C(=O)CN2CCN(C)CC2)cc1)c1ccccc1,5.0,5.960737057954259,5.782137497606402
9809715::PRKCE::25300,PRKCE,9809715,COC(=O)c1ccc2c(c1)NC(=O)C2=C(Nc1ccc(N(C)C(=O)CN2CCN(C)CC2)cc1)c1ccccc1,5.0,5.960737057954259,5.544303823250597
9809715::PYK2::25312,PYK2,9809715,COC(=O)c1ccc2c(c1)NC(=O)C2=C(Nc1ccc(N(C)C(=O)CN2CCN(C)CC2)cc1)c1ccccc1,7.091514981121351,5.960737057954259,6.123772152195239
9809715::RIPK5::25322,RIPK5,9809715,COC(=O)c1ccc2c(c1)NC(=O)C2=C(Nc1ccc(N(C)C(=O)CN2CCN(C)CC2)cc1)c1ccccc1,5.0,5.960737057954259,5.983273343518784
9809715::RSK2(KinDom.1-N-terminal)::25329,RSK2(KinDom.1-N-terminal),9809715,COC(=O)c1ccc2c(c1)NC(=O)C2=C(Nc1ccc(N(C)C(=O)CN2CCN(C)CC2)cc1)c1ccccc1,7.187086643357144,5.960737057954259,5.951260969357601
9809715::SNARK::25339,SNARK,9809715,COC(=O)c1ccc2c(c1)NC(=O)C2=C(Nc1ccc(N(C)C(=O)CN2CCN(C)CC2)cc1)c1ccccc1,7.67778070526608,5.960737057954259,6.181996821787586
9809715::TBK1::25356,TBK1,9809715,COC(=O)c1ccc2c(c1)NC(=O)C2=C(Nc1ccc(N(C)C(=O)CN2CCN(C)CC2)cc1)c1ccccc1,6.823908740944319,5.960737057954259,5.955969656643062
9809715::TNK1::25366,TNK1,9809715,COC(=O)c1ccc2c(c1)NC(=O)C2=C(Nc1ccc(N(C)C(=O)CN2CCN(C)CC2)cc1)c1ccccc1,6.6777807052660805,5.960737057954259,6.209437424172029
9809715::TRKC::25371,TRKC,9809715,COC(=O)c1ccc2c(c1)NC(=O)C2=C(Nc1ccc(N(C)C(=O)CN2CCN(C)CC2)cc1)c1ccccc1,7.494850021680094,5.960737057954259,6.384676338717702
9809715::TRPM6::25372,TRPM6,9809715,COC(=O)c1ccc2c(c1)NC(=O)C2=C(Nc1ccc(N(C)C(=O)CN2CCN(C)CC2)cc1)c1ccccc1,5.0,5.960737057954259,5.895947510953008
9809715::TSSK1B::25373,TSSK1B,9809715,COC(=O)c1ccc2c(c1)NC(=O)C2=C(Nc1ccc(N(C)C(=O)CN2CCN(C)CC2)cc1)c1ccccc1,5.214670164989233,5.960737057954259,5.632361067357893
9809715::ULK1::25378,ULK1,9809715,COC(=O)c1ccc2c(c1)NC(=O)C2=C(Nc1ccc(N(C)C(=O)CN2CCN(C)CC2)cc1)c1ccccc1,6.468521082957745,5.960737057954259,5.940806903758814
151194::ACVR2A::25398,ACVR2A,151194,Clc1ccc(Nc2nnc(Cc3ccncc3)c3ccccc23)cc1,5.0,5.047562682085509,5.066221193561891
151194::AKT1::25403,AKT1,151194,Clc1ccc(Nc2nnc(Cc3ccncc3)c3ccccc23)cc1,5.0,5.047562682085509,5.134834874935505
151194::AMPK-alpha1::25407,AMPK-alpha1,151194,Clc1ccc(Nc2nnc(Cc3ccncc3)c3ccccc23)cc1,5.0,5.047562682085509,5.094702793165581
151194::ARK5::25410,ARK5,151194,Clc1ccc(Nc2nnc(Cc3ccncc3)c3ccccc23)cc1,5.0,5.047562682085509,4.993705051791912
151194::AXL::25416,AXL,151194,Clc1ccc(Nc2nnc(Cc3ccncc3)c3ccccc23)cc1,5.0,5.047562682085509,5.123867648377912
151194::BIKE::25417,BIKE,151194,Clc1ccc(Nc2nnc(Cc3ccncc3)c3ccccc23)cc1,5.0,5.047562682085509,5.218244493068491
151194::BLK::25418,BLK,151194,Clc1ccc(Nc2nnc(Cc3ccncc3)c3ccccc23)cc1,5.0,5.047562682085509,5.034160980865512
151194::BMPR1A::25419,BMPR1A,151194,Clc1ccc(Nc2nnc(Cc3ccncc3)c3ccccc23)cc1,5.0,5.047562682085509,5.064608793274743
151194::BRAF(V600E)::25423,BRAF(V600E),151194,Clc1ccc(Nc2nnc(Cc3ccncc3)c3ccccc23)cc1,5.0,5.047562682085509,5.075034586439965
151194::BRSK1::25425,BRSK1,151194,Clc1ccc(Nc2nnc(Cc3ccncc3)c3ccccc23)cc1,5.0,5.047562682085509,4.994155409191484
151194::CAMK1::25428,CAMK1,151194,Clc1ccc(Nc2nnc(Cc3ccncc3)c3ccccc23)cc1,5.0,5.047562682085509,5.021973609607968
151194::CAMK1D::25429,CAMK1D,151194,Clc1ccc(Nc2nnc(Cc3ccncc3)c3ccccc23)cc1,5.0,5.047562682085509,5.015135891711257
151194::CAMK1G::25430,CAMK1G,151194,Clc1ccc(Nc2nnc(Cc3ccncc3)c3ccccc23)cc1,5.0,5.047562682085509,4.975833709779246
151194::CAMK2G::25434,CAMK2G,151194,Clc1ccc(Nc2nnc(Cc3ccncc3)c3ccccc23)cc1,5.0,5.047562682085509,5.032516010194403
151194::CAMK4::25435,CAMK4,151194,Clc1ccc(Nc2nnc(Cc3ccncc3)c3ccccc23)cc1,5.0,5.047562682085509,5.0495145737401215
151194::CAMKK1::25436,CAMKK1,151194,Clc1ccc(Nc2nnc(Cc3ccncc3)c3ccccc23)cc1,5.0,5.047562682085509,4.941050391634655
151194::CDKL2::25451,CDKL2,151194,Clc1ccc(Nc2nnc(Cc3ccncc3)c3ccccc23)cc1,5.0,5.047562682085509,5.04669710607283
151194::CDKL5::25453,CDKL5,151194,Clc1ccc(Nc2nnc(Cc3ccncc3)c3ccccc23)cc1,5.0,5.047562682085509,4.993185169570709
151194::CLK1::25457,CLK1,151194,Clc1ccc(Nc2nnc(Cc3ccncc3)c3ccccc23)cc1,5.0,5.047562682085509,5.2325941264436
151194::CLK2::25458,CLK2,151194,Clc1ccc(Nc2nnc(Cc3ccncc3)c3ccccc23)cc1,5.0,5.047562682085509,5.473917715636612
151194::CSNK1A1L::25464,CSNK1A1L,151194,Clc1ccc(Nc2nnc(Cc3ccncc3)c3ccccc23)cc1,5.0,5.047562682085509,4.9875714912259586
151194::CSNK1G1::25467,CSNK1G1,151194,Clc1ccc(Nc2nnc(Cc3ccncc3)c3ccccc23)cc1,5.0,5.047562682085509,4.99171910357267
151194::CSNK1G3::25469,CSNK1G3,151194,Clc1ccc(Nc2nnc(Cc3ccncc3)c3ccccc23)cc1,5.0,5.047562682085509,4.964320906398738
151194::DCAMKL1::25476,DCAMKL1,151194,Clc1ccc(Nc2nnc(Cc3ccncc3)c3ccccc23)cc1,5.0,5.047562682085509,5.036740351094177
151194::DCAMKL2::25477,DCAMKL2,151194,Clc1ccc(Nc2nnc(Cc3ccncc3)c3ccccc23)cc1,5.0,5.047562682085509,5.034167430836705
151194::DMPK::25482,DMPK,151194,Clc1ccc(Nc2nnc(Cc3ccncc3)c3ccccc23)cc1,5.0,5.047562682085509,5.044744044542049
151194::DYRK1A::25486,DYRK1A,151194,Clc1ccc(Nc2nnc(Cc3ccncc3)c3ccccc23)cc1,5.0,5.047562682085509,5.08647283107635
151194::EPHA6::25496,EPHA6,151194,Clc1ccc(Nc2nnc(Cc3ccncc3)c3ccccc23)cc1,5.0,5.047562682085509,5.298464123612364
151194::ERBB2::25504,ERBB2,151194,Clc1ccc(Nc2nnc(Cc3ccncc3)c3ccccc23)cc1,5.0,5.047562682085509,5.278101190344238
151194::FGFR3(G697C)::25519,FGFR3(G697C),151194,Clc1ccc(Nc2nnc(Cc3ccncc3)c3ccccc23)cc1,5.0,5.047562682085509,5.0036609263583625
151194::FLT1::25522,FLT1,151194,Clc1ccc(Nc2nnc(Cc3ccncc3)c3ccccc23)cc1,8.017728766960431,5.047562682085509,5.129180109659468
151194::FLT4::25524,FLT4,151194,Clc1ccc(Nc2nnc(Cc3ccncc3)c3ccccc23)cc1,6.481486060122112,5.047562682085509,5.057439687635856
151194::FYN::25526,FYN,151194,Clc1ccc(Nc2nnc(Cc3ccncc3)c3ccccc23)cc1,5.0,5.047562682085509,5.1682797381127
151194::GAK::25527,GAK,151194,Clc1ccc(Nc2nnc(Cc3ccncc3)c3ccccc23)cc1,5.0,5.047562682085509,5.035618554862849
151194::HIPK3::25537,HIPK3,151194,Clc1ccc(Nc2nnc(Cc3ccncc3)c3ccccc23)cc1,5.0,5.047562682085509,4.978441533712242
151194::HUNK::25540,HUNK,151194,Clc1ccc(Nc2nnc(Cc3ccncc3)c3ccccc23)cc1,5.0,5.047562682085509,5.038043710746886
151194::ICK::25541,ICK,151194,Clc1ccc(Nc2nnc(Cc3ccncc3)c3ccccc23)cc1,5.0,5.047562682085509,4.96931406458253
151194::IKK-alpha::25543,IKK-alpha,151194,Clc1ccc(Nc2nnc(Cc3ccncc3)c3ccccc23)cc1,5.0,5.047562682085509,4.9902506952587595
151194::IKK-epsilon::25545,IKK-epsilon,151194,Clc1ccc(Nc2nnc(Cc3ccncc3)c3ccccc23)cc1,5.0,5.047562682085509,4.977228376482118
151194::JAK3(JH1domain-catalytic)::25554,JAK3(JH1domain-catalytic),151194,Clc1ccc(Nc2nnc(Cc3ccncc3)c3ccccc23)cc1,5.0,5.047562682085509,4.960091175377951
151194::JNK1::25555,JNK1,151194,Clc1ccc(Nc2nnc(Cc3ccncc3)c3ccccc23)cc1,5.0,5.047562682085509,5.084782952985506
151194::JNK2::25556,JNK2,151194,Clc1ccc(Nc2nnc(Cc3ccncc3)c3ccccc23)cc1,5.0,5.047562682085509,5.10774985419295
151194::LOK::25565,LOK,151194,Clc1ccc(Nc2nnc(Cc3ccncc3)c3ccccc23)cc1,5.0,5.047562682085509,5.151288118478495
151194::MAK::25570,MAK,151194,Clc1ccc(Nc2nnc(Cc3ccncc3)c3ccccc23)cc1,5.0,5.047562682085509,5.069859690266273
151194::MAP3K15::25572,MAP3K15,151194,Clc1ccc(Nc2nnc(Cc3ccncc3)c3ccccc23)cc1,5.0,5.047562682085509,4.981900739498016
151194::MAP4K2::25576,MAP4K2,151194,Clc1ccc(Nc2nnc(Cc3ccncc3)c3ccccc23)cc1,5.0,5.047562682085509,5.038702810984836
151194::MAP4K3::25577,MAP4K3,151194,Clc1ccc(Nc2nnc(Cc3ccncc3)c3ccccc23)cc1,5.0,5.047562682085509,5.097813732843364
151194::MEK1::25587,MEK1,151194,Clc1ccc(Nc2nnc(Cc3ccncc3)c3ccccc23)cc1,5.0,5.047562682085509,5.070392988636891
151194::MELK::25593,MELK,151194,Clc1ccc(Nc2nnc(Cc3ccncc3)c3ccccc23)cc1,5.0,5.047562682085509,5.054450034403066
151194::MLK1::25601,MLK1,151194,Clc1ccc(Nc2nnc(Cc3ccncc3)c3ccccc23)cc1,5.0,5.047562682085509,5.118679469503381
151194::MLK2::25602,MLK2,151194,Clc1ccc(Nc2nnc(Cc3ccncc3)c3ccccc23)cc1,5.0,5.047562682085509,4.997137951035718
151194::MLK3::25603,MLK3,151194,Clc1ccc(Nc2nnc(Cc3ccncc3)c3ccccc23)cc1,5.0,5.047562682085509,5.0895420725254805
151194::MST1::25606,MST1,151194,Clc1ccc(Nc2nnc(Cc3ccncc3)c3ccccc23)cc1,5.0,5.047562682085509,5.048918142809918
151194::MST1R::25607,MST1R,151194,Clc1ccc(Nc2nnc(Cc3ccncc3)c3ccccc23)cc1,5.0,5.047562682085509,5.084141807353265
151194::MST2::25608,MST2,151194,Clc1ccc(Nc2nnc(Cc3ccncc3)c3ccccc23)cc1,5.0,5.047562682085509,5.08453794831657
151194::MST3::25609,MST3,151194,Clc1ccc(Nc2nnc(Cc3ccncc3)c3ccccc23)cc1,5.0,5.047562682085509,5.054032217722405
151194::MYLK::25613,MYLK,151194,Clc1ccc(Nc2nnc(Cc3ccncc3)c3ccccc23)cc1,5.0,5.047562682085509,5.085919028517107
151194::MYLK2::25614,MYLK2,151194,Clc1ccc(Nc2nnc(Cc3ccncc3)c3ccccc23)cc1,5.0,5.047562682085509,5.046937744549965
151194::NEK1::25620,NEK1,151194,Clc1ccc(Nc2nnc(Cc3ccncc3)c3ccccc23)cc1,5.0,5.047562682085509,5.032289968422847
151194::p38-alpha::25632,p38-alpha,151194,Clc1ccc(Nc2nnc(Cc3ccncc3)c3ccccc23)cc1,5.0,5.047562682085509,4.999651749232299
151194::PAK4::25639,PAK4,151194,Clc1ccc(Nc2nnc(Cc3ccncc3)c3ccccc23)cc1,5.0,5.047562682085509,5.102522208497856
151194::PFPK5(Pfalciparum)::25649,PFPK5(Pfalciparum),151194,Clc1ccc(Nc2nnc(Cc3ccncc3)c3ccccc23)cc1,5.0,5.047562682085509,4.927206121120225
151194::PIK3CA(Q546K)::25656,PIK3CA(Q546K),151194,Clc1ccc(Nc2nnc(Cc3ccncc3)c3ccccc23)cc1,5.0,5.047562682085509,4.966253563702041
151194::PIK3CD::25658,PIK3CD,151194,Clc1ccc(Nc2nnc(Cc3ccncc3)c3ccccc23)cc1,5.0,5.047562682085509,5.007033512605393
151194::PIM3::25663,PIM3,151194,Clc1ccc(Nc2nnc(Cc3ccncc3)c3ccccc23)cc1,5.0,5.047562682085509,5.031981046368123
151194::PRKCE::25679,PRKCE,151194,Clc1ccc(Nc2nnc(Cc3ccncc3)c3ccccc23)cc1,5.0,5.047562682085509,5.022106358989481
151194::PYK2::25691,PYK2,151194,Clc1ccc(Nc2nnc(Cc3ccncc3)c3ccccc23)cc1,5.0,5.047562682085509,5.130423344423998
151194::RIPK5::25701,RIPK5,151194,Clc1ccc(Nc2nnc(Cc3ccncc3)c3ccccc23)cc1,5.0,5.047562682085509,4.9598193357011615
151194::RSK2(KinDom.1-N-terminal)::25708,RSK2(KinDom.1-N-terminal),151194,Clc1ccc(Nc2nnc(Cc3ccncc3)c3ccccc23)cc1,5.0,5.047562682085509,5.108466425223469
151194::SNARK::25718,SNARK,151194,Clc1ccc(Nc2nnc(Cc3ccncc3)c3ccccc23)cc1,5.0,5.047562682085509,5.024892751871437
151194::TBK1::25735,TBK1,151194,Clc1ccc(Nc2nnc(Cc3ccncc3)c3ccccc23)cc1,5.0,5.047562682085509,5.021620251731869
151194::TNK1::25745,TNK1,151194,Clc1ccc(Nc2nnc(Cc3ccncc3)c3ccccc23)cc1,5.0,5.047562682085509,5.126207970880048
151194::TRKC::25750,TRKC,151194,Clc1ccc(Nc2nnc(Cc3ccncc3)c3ccccc23)cc1,5.0,5.047562682085509,5.192456198187076
151194::TRPM6::25751,TRPM6,151194,Clc1ccc(Nc2nnc(Cc3ccncc3)c3ccccc23)cc1,5.0,5.047562682085509,5.0333141470226535
151194::TSSK1B::25752,TSSK1B,151194,Clc1ccc(Nc2nnc(Cc3ccncc3)c3ccccc23)cc1,5.0,5.047562682085509,5.038661064153079
151194::ULK1::25757,ULK1,151194,Clc1ccc(Nc2nnc(Cc3ccncc3)c3ccccc23)cc1,5.0,5.047562682085509,5.057748608716321
