smiles,pred_pkd,rank,ligand_only_pred_pkd,mol_id,source,valid_smiles
Cc1nc(Nc2ncc(C(=O)Nc3c(C)cccc3Cl)s2)cc(N2CCN(CCO)CC2)n1,9.147543153840083,1,5.671108604642564,davis_3062316,DAVIS_spike_in,True
COc1cc2c(Oc3ccc(NC(=O)C4(C(=O)Nc5ccc(F)cc5)CC4)cc3F)ccnc2cc1OCCCN1CCOCC1,8.32468622731728,2,5.984194835129902,davis_42642645,DAVIS_spike_in,True
CSc1cccc(Nc2ncc3cc(-c4c(Cl)cccc4Cl)c(=O)n(C)c3n2)c1,8.322994647671722,3,5.695510807922028,davis_447077,DAVIS_spike_in,True
Cc1ccc(C(=O)Nc2ccc(S(=O)(=O)O)c3cc(S(=O)(=O)O)cc(S(=O)(=O)O)c23)cc1NC(=O)c1cccc(NC(=S)Nc2cccc(C(=O)Nc3cc(C(=O)Nc4ccc(S(=O)(=O)O)c5cc(S(=O)(=O)O)cc(S(=O)(=O)O)c45)ccc3C)c2)c1.[NaH],8.011063189705597,4,5.660046307120934,hiv_20007,MoleculeNet_HIV,True
CCN(CCO)CCCOc1ccc2c(Nc3cc(CC(=O)Nc4cccc(F)c4)[nH]n3)ncnc2c1,7.952717655970094,5,5.737958666817909,davis_16007391,DAVIS_spike_in,True
N#Cc1cccc(NC(=O)c2ccc(C(=O)O)c(C(=O)c3ccc(C(=O)O)c(C(=O)Nc4cccc(C#N)c4)c3)c2)c1,7.852676519473166,6,5.666470968558893,hiv_15612,MoleculeNet_HIV,True
COc1cccc(NC(=O)c2c(SC)c(C#N)c(=O)n(N)c2N)c1,7.8383044198229355,7,5.644640297371098,hiv_36619,MoleculeNet_HIV,True
O=C(CCC(=O)Nc1cccc(Cl)c1)CC(=O)c1ccc(F)cc1,7.813008429052936,8,5.665515021436624,hiv_11192,MoleculeNet_HIV,True
COc1cccc(NC(=O)C(=O)C2C=CCS2(=O)=O)c1,7.8032655354796345,9,5.636997130171462,hiv_21157,MoleculeNet_HIV,True
COC(=O)NN=C(C(=O)Nc1cccc([N+](=O)[O-])c1)c1nc2ccc([N+](=O)[O-])cc2nc1O,7.780138702509311,10,5.647576317649828,hiv_20415,MoleculeNet_HIV,True
O=C(Nc1cccc([N+](=O)[O-])c1)C(=NNC(=O)c1ccncc1)c1nc2ccc([N+](=O)[O-])cc2nc1O,7.74326013149442,11,5.617429232117327,hiv_19313,MoleculeNet_HIV,True
Cc1cc2c(cc1C)[n+]([O-])c(C(=O)CC(=NNC(=S)NN)C(=O)Nc1cccc(C(F)(F)F)c1)c[n+]2[O-],7.738300218335634,12,5.670070717505417,hiv_16818,MoleculeNet_HIV,True
O=C(Nc1cccc(-c2nc3ccccc3[nH]2)c1)c1ccc(C(=O)Nc2cccc(-c3nc4ccccc4[nH]3)c2)cc1,7.736571607088073,13,5.6691759934113986,hiv_2116,MoleculeNet_HIV,True
CCN1CCN(Cc2ccc(NC(=O)Nc3ccc(Oc4cc(NC)ncn4)cc3)cc2C(F)(F)F)CC1,7.7351363499468535,14,5.92220099249878,davis_11409972,DAVIS_spike_in,True
Cc1ccc(C(=O)Nc2ccc(CP(=O)(O)O)cc2)cc1NC(=O)c1cccc(NC(=O)Nc2cccc(C(=O)Nc3cc(C(=O)Nc4ccc(CP(=O)(O)O)cc4)ccc3C)c2)c1.[NaH],7.701810805983444,15,5.747259577512477,hiv_34907,MoleculeNet_HIV,True
COC(=O)c1cc(C(=O)OC)c(CC(=NNC(=O)C[N+](C)(C)C)C(=O)Nc2cccc(C(F)(F)F)c2)nc1CC(=NNC(=O)C[N+](C)(C)C)C(=O)Nc1cccc(C(F)(F)F)c1.[Cl-],7.701179258623394,16,5.6462071595079655,hiv_25247,MoleculeNet_HIV,True
O=C(NCCCC1C2CCC(C2)C1CNC(=O)Nc1cccc(Cl)c1)Nc1cccc(Cl)c1,7.685264173521324,17,5.65261457221738,hiv_5824,MoleculeNet_HIV,True
C#Cc1cccc(Nc2ncnc3cc(OCCOC)c(OCCOC)cc23)c1,7.684874121488149,18,5.723916334592768,davis_176870,DAVIS_spike_in,True
N#CCc1ccc(C(C#N)C(CCCC(=O)Nc2cccc([N+](=O)[O-])c2)=NNC(=O)NN)cc1,7.650217353285513,19,5.657447632694234,hiv_15260,MoleculeNet_HIV,True
O=C(Nc1cccc(O)c1)C(=O)C1C(=O)NC(=S)NC1=O,7.629661067845453,20,5.663491912866532,hiv_19527,MoleculeNet_HIV,True
O=[N+]([O-])c1ccc(Nc2ccccc2)c2nonc12,7.624260449754611,21,5.657675872234822,hiv_10448,MoleculeNet_HIV,True
COc1cccc2c1[OH+][Cu-4]13([S+]=C(Nc4ccccc4)[N-][N+]1=C2)[n+]1cccc2ccc4ccc[n+]3c4c21,7.62364561614502,22,5.653663418284591,hiv_18085,MoleculeNet_HIV,True
NNC(=O)C(=O)NN=C1CCCC1C(=O)CCC(=O)Nc1cccc(Cl)c1,7.606518672172098,23,5.656662184974407,hiv_15178,MoleculeNet_HIV,True
CC(=NNC(=S)Nc1cccc(Cl)c1)c1ccccn1,7.584562460631266,24,5.6689658602391235,hiv_29199,MoleculeNet_HIV,True
CC(=O)c1cccc(NCn2nnc3ccccc32)c1,7.570886404781432,25,5.563337979768633,hiv_23125,MoleculeNet_HIV,True
NNC(=S)NN=C(C(=O)Nc1cccc(O)c1)C1C(=O)NC(=S)NC1=O,7.570852345273789,26,5.663876454630493,hiv_22064,MoleculeNet_HIV,True
CCOC(=O)c1c(NNc2ccccc2)nc2ccccc2c1-c1ccccc1,7.562966011016785,27,5.668315218825192,hiv_21728,MoleculeNet_HIV,True
CSc1nc(Nc2cccc(C(F)(F)F)c2)c2c(=N)[nH]n(C)c2n1,7.561987664303992,28,5.653157330348822,hiv_39782,MoleculeNet_HIV,True
CCOC(=O)C(NC(=O)c1cccc(Cl)c1)(Nc1cccc(C)c1)C(F)(F)F,7.554811294537123,29,5.66394552571912,hiv_35555,MoleculeNet_HIV,True
CCN1C(=O)C(=CNc2ccccc2)SC1=NNc1nc(C)cs1,7.5525879843882215,30,5.633746758163711,hiv_25581,MoleculeNet_HIV,True
CC1(C)CN=C(Nc2cccc(C(F)(F)F)c2)S1,7.552130690342683,31,5.6815154096900375,hiv_35534,MoleculeNet_HIV,True
COC(=O)C(=NNc1cccc(Cl)c1)C(C(=O)C(=O)Nc1cccc(Cl)c1C)c1nc2ccccc2nc1C,7.548883393610472,32,5.65808903092005,hiv_21445,MoleculeNet_HIV,True
CC(=O)c1cccc(NC(=O)C(=O)c2c(O)c3ccccc3oc2=O)c1,7.546452714358751,33,5.6709430017675135,hiv_22045,MoleculeNet_HIV,True
COC(=O)C(Cc1nc2ccccc2nc1C)C(=NNC(N)=O)C(=O)Nc1cccc([N+](=O)[O-])c1,7.540139347141649,34,5.648302755965113,hiv_19460,MoleculeNet_HIV,True
O=[N+]([O-])c1cc([N+](=O)[O-])c2no[n+]([O-])c2c1Nc1ccccc1,7.539755537670568,35,5.675972679260219,hiv_18353,MoleculeNet_HIV,True
CC(=O)c1cccc(NC(=O)C(=O)C(C(=O)NN)c2ccccc2)c1,7.538096813120322,36,5.674134124778895,hiv_19170,MoleculeNet_HIV,True
COC(=O)c1ccc2c(c1)NC(=O)C2=C(Nc1ccc(N(C)C(=O)CN2CCN(C)CC2)cc1)c1ccccc1,7.536854741906991,37,5.963745801556924,davis_9809715,DAVIS_spike_in,True
c1ccc(NN=C2CC(c3ccccc3)Oc3ccccc32)cc1,7.536558898346395,38,5.669689801600598,hiv_28636,MoleculeNet_HIV,True
CC1CCCC(C)[N+]1=C(Nc1cccc(Cl)c1)c1ccccc1,7.535442393481439,39,5.659284218321211,hiv_5991,MoleculeNet_HIV,True
COc1ccc(C(=O)C(C(=O)CCC(=O)Nc2cccc(C(F)(F)F)c2)c2ccccc2)cc1,7.534882757386324,40,5.656662860609124,hiv_12564,MoleculeNet_HIV,True
CN1N=C(Nc2ccccc2)Sc2c1cnn(-c1ccccc1)c2=O,7.528848863902921,41,5.661011800918042,hiv_21375,MoleculeNet_HIV,True
CNC1CC2OC(C)(C1OC)n1c3ccccc3c3c4c(c5c6ccccc6n2c5c31)C(=O)NC4,7.525923789750435,42,7.2576146650001485,davis_44259,DAVIS_spike_in,True
Cc1cccc(NS(=O)(=O)c2ccc3c(c2)OCCOCCOCCOCCO3)c1,7.524386783641256,43,5.665475116719696,hiv_24823,MoleculeNet_HIV,True
CC(=O)N1C(Nc2ccccc2)CCN1c1ccccc1,7.522678869680273,44,5.66037266913092,hiv_25200,MoleculeNet_HIV,True
CC(=O)Nc1cccc(S(=O)(=O)c2cccc(NC(=O)c3ccccc3SC(=O)CCCC[n+]3ccccc3)c2)c1.[Br-],7.507012752504681,45,5.6692089439315385,hiv_40915,MoleculeNet_HIV,True
Clc1cccc(NC2=NCCN=C(Nc3cccc(Cl)c3)SS2)c1,7.506444931519825,46,5.673054100097934,hiv_7738,MoleculeNet_HIV,True
Cc1cnc(Nc2ccc(OCCN3CCCC3)cc2)nc1Nc1cccc(S(=O)(=O)NC(C)(C)C)c1,7.505700558955933,47,5.779059237314974,davis_16722836,DAVIS_spike_in,True
Cc1ccccc1C(C#N)C(=NNC(=O)C(=O)NN)C(=O)Nc1cccc(C(F)(F)F)c1,7.49884222929744,48,5.678673012308629,hiv_12558,MoleculeNet_HIV,True
CNC1CC2OC(C)(C1OC)n1c3ccccc3c3c4c(c5c6ccccc6n2c5c31)C(=O)NC4O,7.494621227319317,49,7.2576146650001485,hiv_18272,MoleculeNet_HIV,True
O=C(CNc1cccc([N+](=O)[O-])c1)Nn1c(-c2ccccc2)nc2ccccc2c1=O,7.484365961047934,50,5.658403087177815,hiv_24739,MoleculeNet_HIV,True
N#Cc1cccc(Nc2ccccc2SSc2ccccc2Nc2cccc(C#N)c2)c1,7.484291834853085,51,5.679730616171583,hiv_31019,MoleculeNet_HIV,True
O=c1nc(Nc2cccc(Cl)c2)oc2cc(Cl)oc(=O)c12,7.480668010449086,52,5.673054100097934,hiv_7964,MoleculeNet_HIV,True
CC1(C)C2CCC13CS(=O)(=O)N(C(=O)C1CC=CCC1)C3C2,7.475521085269971,53,7.222097084118016,hiv_18387,MoleculeNet_HIV,True
Cn1c(=O)c2nc(Nc3ccccc3)[nH]c2n(C)c1=O,7.472939689072247,54,5.660927277981726,hiv_26534,MoleculeNet_HIV,True
COc1cccc(NC(=O)CC(=O)N2N=C(n3ccc4ccccc43)CC2c2ccccc2)c1,7.472035499000905,55,5.609126029837231,hiv_17021,MoleculeNet_HIV,True
CC1=C(c2cc(C(=O)Nc3cccc(C(F)(F)F)c3)nc(NC#N)n2)Sc2ccccc2N1,7.471887169643294,56,5.68121174325223,hiv_11020,MoleculeNet_HIV,True
Cc1cccc(Nc2nc3ccccc3nc2NS(=O)(=O)c2ccc(N)cc2)c1,7.468339786725792,57,5.633576089540689,hiv_36000,MoleculeNet_HIV,True
COc1cccc2c(NNc3ccccc3)c3ccc([N+](=O)[O-])cc3nc12,7.466780582115096,58,5.652304794985486,hiv_37308,MoleculeNet_HIV,True
O=S(=O)(O)OC1CCCCC1Nc1ccccc1,7.465255643121511,59,5.655086217201836,hiv_4430,MoleculeNet_HIV,True
O=C(CCC(=O)C1Cc2ccccc2C1=O)Nc1cccc(C(F)(F)F)c1,7.464547320353624,60,5.658594312421365,hiv_15080,MoleculeNet_HIV,True
O=C(Nc1cccc(Cl)c1)C(=O)C(C(=O)c1ccc2ccccc2c1)C1OC(=O)c2ccccc21,7.458765426566813,61,5.639685114056504,hiv_19139,MoleculeNet_HIV,True
O=C(OC1CN2CCC1CC2)N(c1ccccc1)c1ccccc1,7.457839906930361,62,5.6538124699643495,hiv_28033,MoleculeNet_HIV,True
Cn1c2ccccc2c(=NNc2cccc(C(=O)O)c2)c2ccccc21,7.454808354206,63,5.618408943636766,hiv_32723,MoleculeNet_HIV,True
ON=C1CCc2nonc2C1=NNc1ccccc1,7.451754215907461,64,5.598517329824859,hiv_27217,MoleculeNet_HIV,True
O=C1c2ccccc2C(=O)c2sc(Nc3cccc(Cl)c3)nc21,7.444521818647886,65,5.669413912445239,hiv_14886,MoleculeNet_HIV,True
Cn1c(NNc2ccccc2)cc(=O)[nH]c1=O,7.4441838748657245,66,5.661489264516842,hiv_32829,MoleculeNet_HIV,True
C(=NNc1ccccc1)c1nc2ccccc2nc1C=NNc1ccccc1,7.441175111789869,67,5.6629221172402495,hiv_15673,MoleculeNet_HIV,True
O=c1[nH]nc(-c2ccccc2)n1Nc1ccccc1,7.440958958593819,68,5.668744322558798,hiv_32477,MoleculeNet_HIV,True
CC(=O)c1cccc(NC(=O)C(=O)C(C(=O)c2ccccc2F)C2OC(=O)c3ccccc32)c1,7.436573417076357,69,5.643163348456869,hiv_18957,MoleculeNet_HIV,True
CCOC(=O)C(NNc1ccccc1)C(c1ccccc1)[PH](c1ccccc1)(c1ccccc1)c1ccccc1,7.4339174790022104,70,5.668315218825192,hiv_4496,MoleculeNet_HIV,True
O=C(Nc1ccccc1[N+](=O)[O-])C(=NNc1cccc(Cl)c1)c1c(O)c2ccccc2oc1=O,7.432248612903759,71,5.66326641442303,hiv_21433,MoleculeNet_HIV,True
COC(C(C)=CC=CC(C)=Cc1coc(C)n1)C(C)C1CC(O)C2(C)OC2C=CC(C)C2CC(CC(=O)O2)CC2OC2C(=O)O1,7.431437253352287,72,6.79006293007616,hiv_8047,MoleculeNet_HIV,True
CC(=NNc1ccccc1)c1sc(-c2nc(C)c(C(C)=NNc3ccccc3)s2)nc1C,7.431129600400789,73,5.666400351640615,hiv_19530,MoleculeNet_HIV,True
Cc1cccc(Nc2cn(CCOc3ccccc3)c(=O)[nH]c2=O)c1,7.428164269826604,74,5.726127824969588,hiv_40248,MoleculeNet_HIV,True
Nc1ccc(S(=O)(=O)Nc2cnc3c(Cl)cccc3n2)cc1,7.422724130563963,75,7.2155273198244565,hiv_8193,MoleculeNet_HIV,True
O=C1C=C(Nc2cccnc2)c2ccccc2C1=NO,7.421914976690719,76,5.603727051524006,hiv_24894,MoleculeNet_HIV,True
COc1ccc(-c2c(C(=O)Nc3ccccc3)c(-c3ccccc3)n(C3OC(CO)C(O)C(O)C3O)c(=S)c2C#N)cc1,7.418033263240938,77,5.787832631178938,hiv_40225,MoleculeNet_HIV,True
CCOC(=O)NP(=O)(NNc1ccccc1)NNc1ccccc1,7.416611602191782,78,5.664870760640039,hiv_3933,MoleculeNet_HIV,True
O=C1CCC(=O)N1CNc1cccc(NCN2C(=O)CCC2=O)c1,7.4165395346309575,79,5.6651308297127345,hiv_15601,MoleculeNet_HIV,True
O=C(Cc1ccccc1)NNc1nc(NNC(=O)c2ccncc2)nc(Nc2cccc(Cl)c2)n1,7.4152983633488185,80,5.628467508195544,hiv_26435,MoleculeNet_HIV,True
O=S(=O)(O)c1cc(O)c2c(N=Nc3ccc(Nc4ccccc4)c4c(S(=O)(=O)O)cccc34)cc(S(=O)(=O)O)cc2c1,7.412847659020213,81,5.65423470611379,hiv_1572,MoleculeNet_HIV,True
COC(=O)c1c(C)cc(OC(=O)c2c(C)cc(O)c(C=NNc3ccccc3)c2O)c(C)c1O,7.403566794944129,82,5.6319629064519905,hiv_35889,MoleculeNet_HIV,True
O=S(=O)(N=S(Nc1ccccc1)C(F)(F)Cl)c1ccccc1,7.4030209203208335,83,5.6629221172402495,hiv_25073,MoleculeNet_HIV,True
CN(N=Cc1cccs1)c1ccc([N+](=O)[O-])cc1[N+](=O)[O-],7.396627308566125,84,5.6686090641131,hiv_25139,MoleculeNet_HIV,True
CC(C)=CCCC(C)C1=C(O)C(=O)C(C)=C(Nc2ccccc2)C1=O,7.3931110556380615,85,5.669385180559731,hiv_39490,MoleculeNet_HIV,True
CC1Nc2c(ccc3ncccc23)C(=O)N1Nc1ccccc1,7.3894484362965756,86,5.657935646726402,hiv_625,MoleculeNet_HIV,True
COC(=O)CSc1[nH]c2nc(C)nc(Nc3ccccc3)c2c1C#N,7.3892373807555805,87,5.63298644507177,hiv_26546,MoleculeNet_HIV,True
O=c1c(Nc2ccccc2)cn(CCOc2ccccc2)c(=O)n1CCOc1ccccc1,7.388760670916739,88,5.716817664793051,hiv_40246,MoleculeNet_HIV,True
Cc1n[nH]c(=O)n1Nc1ccccc1,7.387859226924759,89,5.672222556959163,hiv_31892,MoleculeNet_HIV,True
CC(C)(C)NN=C(C(=O)Nc1cccc(Cl)c1)C1C(=O)Nc2ccccc2S1=O,7.385829070101952,90,5.671563944535331,hiv_21320,MoleculeNet_HIV,True
COc1cc2c(N3CCN(C(=O)Nc4ccc(OC(C)C)cc4)CC3)ncnc2cc1OCCCN1CCCCC1,7.384671239584812,91,5.817792318780263,davis_3038522,DAVIS_spike_in,True
S=C(NNc1ccccc1)SSSC(=S)NNc1ccccc1,7.381807036970492,92,5.6629221172402495,hiv_697,MoleculeNet_HIV,True
COC(=O)C1(C)C=C(Nc2ccccc2)C(=O)N1c1ccccc1,7.374419719507399,93,5.663582212295843,hiv_16235,MoleculeNet_HIV,True
N=c1sc(=S)[nH]c2sc(Nc3ccccc3)nc12,7.369493022520309,94,5.665278487700749,hiv_21954,MoleculeNet_HIV,True
CC1(C)CC(Nc2ccc(Nc3ccccc3)cc2)CC(C)(C)N1,7.366791638635055,95,5.6798446109760015,hiv_15315,MoleculeNet_HIV,True
COc1cccc2c1[OH+][Ni-2]1(O)[S+]=C(Nc3ccccc3)[N-][N+]1=C2,7.366050646578021,96,5.652299371104104,hiv_18059,MoleculeNet_HIV,True
CN(C)C(=S)Nc1nnc(Nc2ccccc2)s1,7.365425926281412,97,5.605958768364746,hiv_11176,MoleculeNet_HIV,True
O=P(Nc1ccccc1)(Nc1ccccc1)Nc1ccccc1,7.364501160160064,98,5.659477659055096,hiv_17,MoleculeNet_HIV,True
O=C(O)c1ccccc1C(=O)NC(Cc1cccc(NP(=O)(N2CC2)N2CC2)c1)C(=O)O,7.363498005527085,99,5.663065342598394,hiv_2510,MoleculeNet_HIV,True
Cc1cccc(Nc2cn(COCc3ccccc3)c(=O)[nH]c2=O)c1,7.3627526026392465,100,5.613618401502963,hiv_40242,MoleculeNet_HIV,True
CC1C(NNc2ccccc2)Oc2cc3c(cc2C1c1ccccc1O)OCO3,7.356202697491862,101,5.61443190907055,hiv_29027,MoleculeNet_HIV,True
Oc1nnc(O)c2nc(Nc3ccccc3)ncc12,7.356035825553683,102,5.615154183277024,hiv_1668,MoleculeNet_HIV,True
C=C(C)C1CCC2(C(=O)O)CCC3(C)C(CCC4C5(C)CCC(OC6OC(CO)C(O)C6OC6OC(C)C(O)C(O)C6O)C(C)(CO)C5CCC43C)C12,7.348753719348428,103,5.729447284162798,hiv_14339,MoleculeNet_HIV,True
O=C(Nc1ccc(C2=NCCN2)cc1)c1cccc(NC(=S)Nc2ccc(C3=NCCN3)cc2)c1,7.34731103288033,104,5.438161069606718,hiv_2158,MoleculeNet_HIV,True
O=C(Nc1ccc(C2=NCCN2)cc1)Nc1cccc(C(=O)Nc2ccc(C3=NCCN3)cc2)c1,7.34731103288033,105,5.438161069606718,hiv_2191,MoleculeNet_HIV,True
O=C(Nc1cccc(C(=O)Nc2ccc(C3=NCCN3)cc2)c1)c1ccc(C2=NCCN2)cc1,7.34731103288033,106,5.438161069606718,hiv_2190,MoleculeNet_HIV,True
c1ccc(N=C(Nc2ccccc2)N2CCCCC2)cc1,7.342304417314313,107,5.429879808102543,hiv_30400,MoleculeNet_HIV,True
O=C(Nc1ccccc1)N(C1=NCC(CI)S1)c1ccc(F)cc1F,7.342048547494186,108,5.821386079884113,hiv_35539,MoleculeNet_HIV,True
c1ccc(Nc2nnc(-c3nsc4ccccc34)o2)cc1,7.339495174428835,109,5.5929986840017545,hiv_23505,MoleculeNet_HIV,True
O=C1C(=Nc2ccc(Nc3ccccc3)cc2)Oc2ccccc21,7.3332633726288705,110,5.6552046587629,hiv_28442,MoleculeNet_HIV,True
COc1cccc2c1[OH+][Cu-4]13([S+]=C(Nc4ccccc4)[N-][N+]1=C2)[n+]1ccccc1-c1cccc[n+]13,7.330561019115373,111,5.653663418284591,hiv_18084,MoleculeNet_HIV,True
COc1ccc(C(=NNc2ccccc2)C(c2ccc(OC)cc2)C2OC(=O)c3ccccc32)cc1,7.319453397503414,112,5.646717977196805,hiv_21345,MoleculeNet_HIV,True
Cc1ccc(S(=O)(=O)NC(CCC(=O)NNc2ccccc2)C(=O)NNc2ccccc2)cc1,7.318812325605351,113,5.665154154709195,hiv_34879,MoleculeNet_HIV,True
COc1cccc(NC(=O)CSc2nnc(-c3ccc(N=Cc4ccc(Cl)cc4)cc3)o2)c1,7.313507070205709,114,5.592504344357893,hiv_23920,MoleculeNet_HIV,True
CC1(Nc2ccccc2)OC(=O)c2ccccc21,7.308548592808025,115,5.675871785019742,hiv_9701,MoleculeNet_HIV,True
O=P(Nc1cccc(Cl)c1)(Oc1ccccc1)N(CCCl)CCCl,7.306685806016178,116,5.660147207634546,hiv_19887,MoleculeNet_HIV,True
c1ccc(Nn2c(CCCCCCCCc3nnc(COc4ccccc4)n3Nc3ccccc3)nnc2COc2ccccc2)cc1,7.303991094990221,117,5.607840442975692,hiv_39523,MoleculeNet_HIV,True
Oc1ccc2ccccc2c1OCc1nnc(CCCCCCCCc2nnc(COc3c(O)ccc4ccccc34)n2Nc2ccccc2)n1Nc1ccccc1,7.294253964331348,118,5.607840442975692,hiv_39526,MoleculeNet_HIV,True
O=c1[nH]nc(Cc2ccccc2)n1Nc1ccccc1,7.2921149639874985,119,5.606203066492143,hiv_31893,MoleculeNet_HIV,True
O=C(c1ccco1)N(Cc1ccco1)C(=S)Nc1ccccc1,7.291487953748348,120,5.76991477991846,hiv_26142,MoleculeNet_HIV,True
O=S(Nc1ccccc1)c1ccc(-c2ccccc2)cc1,7.2893167485099655,121,5.6629221172402495,hiv_32381,MoleculeNet_HIV,True
Cc1cccc(NP2(=O)NCCCN2)c1,7.286213088874355,122,5.6770813283637445,hiv_2622,MoleculeNet_HIV,True
Cl.O=C(CCCN1CCC(Nc2ccccc2)(c2nnnn2C2CCCCC2)CC1)c1ccc(F)cc1,7.285767616523227,123,5.672834130563462,hiv_27639,MoleculeNet_HIV,True
CC(=O)NNc1nc(C)c(C(C=Cc2ccc3c(c2)OCO3)=NNc2ccccc2)s1,7.282303254388019,124,5.667437934038291,hiv_21707,MoleculeNet_HIV,True
c1ccc(CN2CCC(Nc3ccccc3)(c3nnnn3Cc3ccccc3)CC2)cc1,7.281808981948058,125,5.590335630668304,hiv_27644,MoleculeNet_HIV,True
COc1cccc2c1[OH+][Co-3]1(O)([n+]3ccccc3)[S+]=C(Nc3ccccc3)[N-][N+]1=C2,7.277637708086761,126,5.58934270444911,hiv_18068,MoleculeNet_HIV,True
Cc1nc(SCC(=O)Nc2ccccc2)c2sc(=S)n(-c3ccccc3)c2n1,7.276034110881567,127,5.8159107248493775,hiv_26670,MoleculeNet_HIV,True
O=S(CCc1ccccc1)Nc1ccccc1,7.27507424970163,128,5.612386045980799,hiv_32390,MoleculeNet_HIV,True
COc1ccccc1C=C1Sc2scc(CC(=O)Nc3ccccc3)[n+]2C1=O.[Br-],7.26461241963271,129,5.8002245397175844,hiv_24793,MoleculeNet_HIV,True
CC12c3c4ccc(C=O)c3Oc3ccc(C=O)c(c31)Oc1ccc(C=O)c(c12)O4,7.2639759086915925,130,5.672782145182566,hiv_38993,MoleculeNet_HIV,True
N#CCCN(C1=NN(C(=O)CC(=O)Nc2ccccc2)C(c2ccccc2)C1)c1ccccc1Cl,7.260534141445331,131,5.803979441532868,hiv_15800,MoleculeNet_HIV,True
COc1cccc2c1[OH+][Ni-3]13([S+]=C(Nc4ccccc4)[N-][N+]1=C2)[n+]1ccccc1-c1cccc[n+]13,7.254419398010071,132,5.601855792375343,hiv_18082,MoleculeNet_HIV,True
CC1(C)C2CCC3(C2)CS(=O)(=O)N2OC231,7.250024848092578,133,7.222097084118016,hiv_23389,MoleculeNet_HIV,True
CC(=NNc1ccccc1)C(CN(C)C)C(c1ccccc1)c1c(O)c2ccccc2oc1=O.Cl,7.24923776822739,134,5.671087173747583,hiv_21609,MoleculeNet_HIV,True
COc1cc(C=CC(=O)c2sc(Nc3ccccc3)nc2C)ccc1O,7.246037889650014,135,5.652624715747317,hiv_18754,MoleculeNet_HIV,True
CSC(Nc1ccccc1)=C1C(=O)N(c2ccccc2)N=C1C,7.239679791254797,136,5.417852540266987,hiv_38075,MoleculeNet_HIV,True
Cn1c(COC(=O)Nc2ccccc2)c(COC(=O)Nc2ccccc2)c2ccc3cc(Cl)c(Cl)cc3c21,7.238132522743515,137,5.810046900909343,hiv_34982,MoleculeNet_HIV,True
CC(C)(C)N=c1n(C(C)(C)C)oc(=O)n1-c1ccccc1,7.222328158345801,138,5.6672341341902515,hiv_36453,MoleculeNet_HIV,True
Cc1c(C(=O)Nc2ccccc2)nnn1-c1ccnc2cc(C(F)(F)F)ccc12,7.217349286664213,139,5.363362738923159,hiv_34186,MoleculeNet_HIV,True
O=C(c1ccccc1)c1ccc(OCCOc2ccc(Nc3ccccc3)cc2)cc1,7.216008363834988,140,5.722304958146994,hiv_20629,MoleculeNet_HIV,True
Oc1nc2ccccc2nc1C=CNC(=S)Nc1ccccc1,7.204789693948359,141,5.4188194412288295,hiv_26003,MoleculeNet_HIV,True
CC(CC(=O)NC1=CC=C(NC(=O)CC(C)=NNc2ccccc2)CC1)=NNc1ccccc1,7.203244201204225,142,5.673579464860372,hiv_19635,MoleculeNet_HIV,True
COc1ccc(-c2nc(Nc3ccccc3)sc2Cc2sc(Nc3ccccc3)nc2-c2ccc(OC)cc2)cc1,7.200833033133745,143,5.6382590151684235,hiv_25157,MoleculeNet_HIV,True
CCOC(=O)C(C(=S)Nc1ccccc1)=C(N)N1CCCC1,7.200149214483215,144,5.824941975775892,hiv_32096,MoleculeNet_HIV,True
N#Cc1c(N=Cc2ccccc2)c(C(=O)Nc2ccccc2)n2c1CCC2,7.1997020368711,145,5.423861019299414,hiv_39376,MoleculeNet_HIV,True
CC=CC=Nc1c(C#N)c2n(c1C(=O)Nc1ccccc1)CCCC2,7.1997020368711,146,5.423861019299414,hiv_39373,MoleculeNet_HIV,True
N=C1OC(CN2CCN(c3ccccc3)CC2)CN1C(=O)Nc1ccccc1,7.192286046100402,147,5.813318802180745,hiv_39736,MoleculeNet_HIV,True
N=C1OC(CN2CCN(c3ccccc3)CC2)CN1C(=S)Nc1ccccc1,7.192286046100402,148,5.816302711273405,hiv_37538,MoleculeNet_HIV,True
O=C(N=C1OC(CN2CCOCC2)CN1C(=O)Nc1ccccc1)Nc1ccccc1,7.190913642274553,149,5.812405231937936,hiv_39691,MoleculeNet_HIV,True
CC1C(=O)CC2OC3CC(C)(Cl)C(Br)CC31C2(C)C,7.189331740544437,150,5.658771021518935,hiv_14443,MoleculeNet_HIV,True
Cc1nc2ccc(NC(=S)Nc3ccccc3)cc2c(=O)n1-c1ccccc1,7.18545879368637,151,5.4241690405765075,hiv_33486,MoleculeNet_HIV,True
Cc1c(C)c2c(c(N)c1C#N)C(=O)N(NC(=S)Nc1ccccc1)C2=O,7.179735779917525,152,5.4231314581788315,hiv_39451,MoleculeNet_HIV,True
CC1(C)C2CCC1(CS(=O)(=O)Nc1ccccc1)C(=O)C2,7.175767295910589,153,5.665891879322492,hiv_33379,MoleculeNet_HIV,True
COc1cc(Cc2nnc(Nc3ccccc3)nc2O)cc(OC)c1OC,7.173077993604018,154,5.561336477636951,hiv_7193,MoleculeNet_HIV,True
CN(N=Cc1cccc2cccnc12)c1ccccc1,7.170510970469062,155,5.666400351640615,hiv_14543,MoleculeNet_HIV,True
Nc1ncnc2c1ncn2C1C(=O)C(CO)C1CO,7.170259099657723,156,5.653839404479905,hiv_24254,MoleculeNet_HIV,True
CCC(C)(O)C(=O)OC1C(=O)OC2CC3C(C)=CC(=O)C(O)C3(C)C3C4(O)OCC23C1C(C)C4O,7.168288759718968,157,7.219599155012989,hiv_4785,MoleculeNet_HIV,True
CC1C2CC(C(S(=O)(=O)N3CCOCC3)C2=NO)C1(C)C,7.159935585847875,158,5.661579680137919,hiv_31269,MoleculeNet_HIV,True
O=C(c1cccnc1)c1cc(-c2ccccn2)c(=O)n2ccccc12,7.156725491038689,159,5.6192027834774985,hiv_7905,MoleculeNet_HIV,True
COc1cc2c(cc1O)C(Cc1ccc(Oc3cc(CC4c5cc(OC)c(OC)cc5CCN4C)ccc3OC)cc1)NCC2,7.1525869567652505,160,7.217279485888916,hiv_6863,MoleculeNet_HIV,True
O=C1OC(CN2CCN(c3ccccc3)CC2)CN1C(=S)Nc1ccccc1,7.149432716007232,161,5.813318802180745,hiv_37540,MoleculeNet_HIV,True
NCCN(CCN(C(=O)Nc1ccccc1)c1ccccc1)C(=O)Nc1ccccc1,7.148428750769321,162,5.81123067408115,hiv_38882,MoleculeNet_HIV,True
CC1(C)C2CCC13CS(=O)(=O)N=C3C2,7.14559448734721,163,7.22126330156838,hiv_12913,MoleculeNet_HIV,True
O=C(Nc1ccccc1-c1nn(C(=S)Nc2ccccc2)c(=S)n(C(=S)Nc2ccccc2)c1=O)C(F)(F)F,7.145493799930939,164,5.405535869914138,hiv_11245,MoleculeNet_HIV,True
O=C(N=C(Nc1ccccc1)SCSC(=Nc1ccccc1)NC(=O)c1ccccc1F)c1ccccc1F,7.1446172331130375,165,5.8289597495214,hiv_18868,MoleculeNet_HIV,True
O=C1OC2C(O)COC23OC(O)CCC13O,7.143734570963509,166,5.659050067947048,hiv_9606,MoleculeNet_HIV,True
CC1C2CC3(C(C)C(=O)CC3(O)C13COC3=O)C(O)C(=O)O2,7.141135653733003,167,5.664736508199861,hiv_24381,MoleculeNet_HIV,True
COc1cc([N+](=O)[O-])c(S(=O)(=O)O)cc1-[n+]1nc(C(=O)Nc2ccccc2)nn1-c1ccc([N+](=O)[O-])c(S(=O)(=O)[O-])c1.[NaH],7.138594084755494,168,5.403880274326415,hiv_10512,MoleculeNet_HIV,True
O=C(N=C(Nc1ccccc1)SCCSC(=NC(=O)c1ccccc1)Nc1ccccc1)c1ccccc1,7.137954967356932,169,5.81123067408115,hiv_15558,MoleculeNet_HIV,True
CN(C)CC1CN(C(=O)Nc2ccccc2)C(=N)O1,7.137359855828724,170,5.800440314775909,hiv_34767,MoleculeNet_HIV,True
COC1C=COC2(C)Oc3c(C)c(O)c4c(O)c(cc(OCC(=O)N5CC(C)(C)C5)c4c3C2=O)NC(=O)C(C)=CC=CC(C)C(O)C(C)C(O)C(C)C(OC(C)=O)C1C,7.136100624792574,171,5.901862419658686,hiv_5034,MoleculeNet_HIV,True
CC1=Nc2ccccc2SC2(C1)C(C1COC(C)(C)O1)OC1OC(C)(C)OC12,7.134098239585117,172,7.22126330156838,hiv_8517,MoleculeNet_HIV,True
N#CC=C(NC(=O)Nc1ccccc1)N1CCCC1,7.133754928836431,173,5.429879808102543,hiv_33438,MoleculeNet_HIV,True
Cc1ccc(SC=CC(=O)Nc2ccccc2)cc1,7.13278562351267,174,5.41701875771735,hiv_5511,MoleculeNet_HIV,True
CC(=O)C(=Cc1ccco1)C(=O)Nc1ccccc1,7.131443502753014,175,5.422297675629195,hiv_16231,MoleculeNet_HIV,True
O=C1Oc2ccccc2C(=O)C1=CNC(=S)Nc1ccccc1,7.1303806273375665,176,5.413602873990515,hiv_24801,MoleculeNet_HIV,True
CC(=O)C(=CNC(=S)c1ccncc1)C(=O)Nc1ccccc1,7.128993058459272,177,5.3799076659014,hiv_26165,MoleculeNet_HIV,True
CCCCCCN(CCCCCC)C(=S)NP(=O)(OCC)OCC,7.128124536716954,178,5.664147509872872,hiv_26566,MoleculeNet_HIV,True
COC1C=COC2(C)Oc3c(C)c(O)c4c(O)c(c(C=NN5CCOCC5)c(O)c4c3C2=O)NC(=O)C(C)=CC=CC(C)C(O)C(C)C(O)C(C)C(O)C1C,7.123865715563153,179,5.902135201450066,hiv_5068,MoleculeNet_HIV,True
CC1(C)CS(=O)(=O)CC(C)(C)C(=NN)C1=NN,7.121711898891447,180,7.220587086336065,hiv_28586,MoleculeNet_HIV,True
COC(=O)C(C#N)=C(Nc1ccccc1)N1CCCC1,7.11856766053754,181,5.428837339922616,hiv_30426,MoleculeNet_HIV,True
O=C(C=Cc1cccs1)c1ccc(Cl)s1,7.117860368333304,182,5.6351638726574285,hiv_24977,MoleculeNet_HIV,True
CC(=O)OC1CC2C(OC(=O)c3ccccc3)C3C4(OC(C)=O)COC4CC(OC(C)=O)C3(C)C(OC(C)=O)C(OC(C)=O)C(=C1C)C2(C)C,7.116517864517602,183,5.665846687111634,hiv_18270,MoleculeNet_HIV,True
O=C(c1ccccc1)N1C(=S)N=C(Nc2ccccc2)C1=Nc1ccccc1,7.114489219857642,184,5.75286271767849,hiv_30592,MoleculeNet_HIV,True
CCN1CCN(CC)[Pd-2]12[n+]1ccccc1-c1cccc[n+]12.[O-][Cl+3]([O-])([O-])O,7.112686419075141,185,7.216819307610021,hiv_27548,MoleculeNet_HIV,True
O=C(O)CC(Sc1ccc(Cl)cc1)C(=O)Nc1ccccc1,7.1114580128314815,186,5.819403725219835,hiv_9060,MoleculeNet_HIV,True
CC(CN1CC(=O)NC(=O)C1)N1CC(=O)NC(=O)C1,7.111395799762267,187,5.678030384472367,hiv_4705,MoleculeNet_HIV,True
C=C(C)C1CCC2(COC(=O)CC3(CC(=O)O)CCCC3)CCC3(C)C(CCC4C5(C)CCC(OC(=O)CC6(CC(=O)O)CCCC6)C(C)(C)C5CCC43C)C12,7.110612807587985,188,5.7252234648180105,hiv_41068,MoleculeNet_HIV,True
COc1cc(C=Cc2nc(NC(=S)Nc3ccccc3)nnc2C)cc(OC)c1OC,7.1104140990189855,189,5.360599284195819,hiv_39861,MoleculeNet_HIV,True
O=C(CC(=O)N1N=C(N2CCCCC2)CC1c1ccccc1)Nc1ccccc1,7.107946879952214,190,5.812405231937936,hiv_33573,MoleculeNet_HIV,True
CC1CCC(=O)C(C(=O)CC2CC(=O)N(C)C(=O)C2)C1,7.1071656959626255,191,5.650383507117732,hiv_33092,MoleculeNet_HIV,True
N#Cc1c(N=C2CCCCC2)c(C(=O)Nc2ccccc2)n2c1CCC2,7.100759697541111,192,5.423861019299414,hiv_39374,MoleculeNet_HIV,True
N#CCCN(CCCCN(CCC#N)C(=O)Nc1ccccc1)C(=O)Nc1ccccc1,7.098700383534051,193,5.81123067408115,hiv_38874,MoleculeNet_HIV,True
N=c1oc2ccc(Cl)cc2cc1C(=O)Nc1ccccc1,7.095936804271071,194,5.4187080013833056,hiv_35661,MoleculeNet_HIV,True
C=C(C)C1CCC2(C(=O)O)CCC3(C)C(CCC4C5(C)CCC(C(=O)C=Cc6ccc(O)c(O)c6)C(C)(C)C5CCC43C)C12,7.094074278892685,195,5.706260936455706,hiv_34226,MoleculeNet_HIV,True
O=C(CC(=O)Nc1ccccc1)Nc1ccccc1,7.089938994095583,196,5.81123067408115,hiv_14977,MoleculeNet_HIV,True
CC(=O)Nc1ccc(S(=O)(=O)n2oc(=O)c(-c3ccccc3)c2N)cc1,7.086883238120342,197,5.421957630407399,hiv_2414,MoleculeNet_HIV,True
O=C(N=C(Nc1ccccc1)SCSC(=NC(=O)c1ccco1)Nc1ccccc1)c1ccco1,7.08513726313827,198,5.764168232494838,hiv_15559,MoleculeNet_HIV,True
CN(N=Cc1ccccc1C(=O)O)C1=NCCCCN1.I,7.084711846639069,199,5.67700768601557,hiv_29562,MoleculeNet_HIV,True
COc1ccc(S(=O)(=O)O)cc1N=NC(=NNc1cc(S(=O)(=O)O)ccc1OC)C(=O)Nc1ccccc1.[NaH],7.0840439864354785,200,5.415740607556177,hiv_10153,MoleculeNet_HIV,True
CC(C)c1cccc(C(C)C)c1NC(=S)Nc1ccccc1,7.081682913655148,201,5.426698430427845,hiv_11625,MoleculeNet_HIV,True
Cc1c(C(=O)CC(=NNC(=O)C[n+]2ccccc2)C(=O)Nc2ccccc2)[n+]([O-])c2ccccc2[n+]1[O-].[Cl-],7.081049124788309,202,5.814708908481515,hiv_16355,MoleculeNet_HIV,True
O=C(NC(=O)c1ccccc1)Nc1ccccc1,7.080517136684374,203,5.415374983043676,hiv_14998,MoleculeNet_HIV,True
O=C(Nc1ccccc1)C(=O)C(C(=O)c1ccccc1)C(c1ccccc1)c1ccccc1,7.080517136684374,204,5.42322019602748,hiv_25478,MoleculeNet_HIV,True
Cc1noc(NS(=O)(=O)c2ccc(Nc3nc(CC(=O)Nc4ccccc4)cs3)cc2)c1C,7.0804463796609385,205,5.810429462814972,hiv_25877,MoleculeNet_HIV,True
O=C(Cc1ccccc1)NC(=O)Nc1ccccc1,7.078562218262896,206,5.751107360811235,hiv_14976,MoleculeNet_HIV,True
O=S1(=O)CC2(N3CCCCC3)CCCCC21,7.078172778798353,207,7.22424163429002,hiv_4970,MoleculeNet_HIV,True
Cc1no[n+]([O-])c1C=NNS(=O)(=O)c1ccccc1,7.077114080187021,208,5.615956772911853,hiv_21739,MoleculeNet_HIV,True
O=S1(=O)CC2(N3CCOCC3)CCCCC21,7.076800374972504,209,7.22424163429002,hiv_3836,MoleculeNet_HIV,True
O=C(Nc1ccccc1)c1c(O)nc(S)nc1O,7.070504312299095,210,5.415374983043676,hiv_8124,MoleculeNet_HIV,True
CC(=O)C(=Cn1c(=S)sc2ccccc21)C(=O)Nc1ccccc1,7.068974971499298,211,5.387416751217442,hiv_26296,MoleculeNet_HIV,True
N#CCC(=O)NN=C(C(=O)Nc1ccccc1)C1C(=N)NN(c2ccccc2)C1=O,7.068687764830559,212,5.804519353564519,hiv_12581,MoleculeNet_HIV,True
O=C(C=C1NC(=O)CS1)Nc1ccccc1,7.060563187854859,213,5.431837469180832,hiv_17660,MoleculeNet_HIV,True
S=C1N(c2ccc(Cl)cc2)C2=C(N=Nc3cc(Cl)ccc3Cl)C(=NCCN2)N1c1ccccn1,7.0590840674977295,214,5.631640295015291,hiv_9149,MoleculeNet_HIV,True
N=C1NCC(CN2CCCC2)O1,7.058888524348329,215,7.218503263615259,hiv_34204,MoleculeNet_HIV,True
O=C(Nc1ccccc1)c1cc(S(=O)(=O)Nc2n[nH]c(=O)n2-c2ccccc2)c(S)cc1Cl,7.057827502165527,216,5.4222347707599,hiv_39431,MoleculeNet_HIV,True
COC1C=COC2(C)Oc3c(C)c(O)c4c(O)c(c(C=NN5C(C)CC(Cc6ccccc6)CC5C)c(O)c4c3C2=O)NC(=O)C(C)=CC=CC(C)C(O)C(C)C(O)C(C)C(OC(C)=O)C1C,7.054420081362775,217,5.886032292473404,hiv_5987,MoleculeNet_HIV,True
Cc1nc2cc(N=Nc3c(O)ccc4ccccc34)ccc2[nH]1,7.054172200066747,218,5.663310679381041,hiv_20831,MoleculeNet_HIV,True
C=CCOc1cccc(C2(O)c3ccccc3C3=NCCCN32)c1.Cl,7.053524822574193,219,5.670796819039757,hiv_40639,MoleculeNet_HIV,True
CC1CC(=O)C2(C)C3(C)OC3CCC2(O)C12CC(c1ccoc1)OC2=O,7.052683672657087,220,5.6176486616047905,hiv_28171,MoleculeNet_HIV,True
COC1C=COC2(C)Oc3c(C)c(O)c4c(O)c(c(C5SCCS5)c(O)c4c3C2=O)NC(=O)C(C)=CC=CC(C)C(O)C(C)C(O)C(C)C(O)C1C,7.0512694885745315,221,5.916710028551991,hiv_6656,MoleculeNet_HIV,True
Cc1ccc(SSC(=S)Nc2ccccc2)cc1,7.0476564267933774,222,5.416017633393713,hiv_7696,MoleculeNet_HIV,True
CCOC(=O)C=C1Nc2cc(Cl)c(Cl)cc2NC1=O,7.045188521115168,223,5.925500718323317,hiv_5189,MoleculeNet_HIV,True
C=C1CN(Cc2ccccc2)C2CCCCCC(C#N)C12,7.043665280677701,224,5.61579039322515,hiv_40146,MoleculeNet_HIV,True
N=C(NN=Cc1c[nH]c2ccccc12)Nc1ccccc1.O=[N+]([O-])O,7.042364489814953,225,5.4625235546766,hiv_20370,MoleculeNet_HIV,True
COC(=O)C1=COC2OC3C(C(C)O)C(=O)OC34C=CC1C24,7.039386860592402,226,7.217835246927033,hiv_6736,MoleculeNet_HIV,True
CC1(C)OC2CC3C4CC(F)C5=CC(=O)C=CC5(C)C4(F)C(O)CC3(C)C2(C(=O)CO)O1,7.036796395138005,227,5.662160268529187,hiv_3396,MoleculeNet_HIV,True
COC(=O)C(C#N)=C(NCc1ccccc1)Nc1ccccc1,7.0363823779997885,228,5.720090579874268,hiv_30430,MoleculeNet_HIV,True
CCC1=C(CC2NCCc3ccccc32)CC2c3cc(OC)c(OC)cc3CCN2C1,7.035136294391994,229,7.217759941978846,hiv_4844,MoleculeNet_HIV,True
O=C(Nc1ccccc1)C(O)C(O)C(=O)Nc1ccccc1,7.031481463100689,230,5.42322019602748,hiv_1006,MoleculeNet_HIV,True
O=C(Nc1ccccc1)c1cc(C(=O)Nc2ccccc2)[nH]n1,7.031101606418071,231,5.4222347707599,hiv_12050,MoleculeNet_HIV,True
CC(=O)OC1CC2C(OC(C)=O)C=C3CC(C)(C(=O)C(O)C(=C1C)C2(C)C)C(O)CC3OC(=O)C(O)C(c1ccccc1)N(C)C,7.025067119147234,232,5.665961754425442,hiv_31657,MoleculeNet_HIV,True
O=[N+]([O-])C(=C(Nc1ccccc1)Nc1ccccc1)C(Cl)=C(Cl)Br,7.024056430877437,233,5.4188194412288295,hiv_31266,MoleculeNet_HIV,True
Cl.NN=C(Nc1ccccc1)SCc1ccccc1,7.0237383230468495,234,5.751107360811235,hiv_36255,MoleculeNet_HIV,True
CC1CCC2CC(=O)NC(=O)CC12,7.021411559240759,235,5.665173890750979,hiv_5549,MoleculeNet_HIV,True
O=C(Nc1ccccc1)c1cc(S(=O)(=O)Nc2nc3cccnc3[nH]2)c(SSc2cc(Cl)c(C(=O)Nc3ccccc3)cc2S(=O)(=O)Nc2nc3cccnc3[nH]2)cc1Cl,7.020627421765508,236,5.42126875066,hiv_41015,MoleculeNet_HIV,True
C=C(COC(=O)CC1(CC(=O)O)CCCC1)C1CCC2(COC(=O)CC3(CC(=O)O)CCCC3)CCC3(C)C(CCC4C5(C)CCC(OC(=O)CC6(CC(=O)O)CCCC6)C(C)(C)C5CCC43C)C12,7.02014362519087,237,5.7209770856271085,hiv_41071,MoleculeNet_HIV,True
COC1=C(N=[N+]=[N-])C(=O)c2ncccc2C1=O,7.020111832484244,238,5.694377417675439,hiv_2992,MoleculeNet_HIV,True
COC1C=COC2(C)Oc3c(C)c(O)c4c(O)c(c(C=NN5CCNCC5)c(O)c4c3C2=O)NC(=O)C(C)=CC=CC(C)C(O)C(C)C(O)C(C)C(OC(C)=O)C1C,7.018351015219586,239,5.904090171748326,hiv_5030,MoleculeNet_HIV,True
S=C(Nc1ccccc1)Nc1[nH]c(=S)sc1-c1nc2ccccc2[nH]1,7.015320752765728,240,5.422223703750638,hiv_15570,MoleculeNet_HIV,True
COC1C=COC2(C)Oc3c(C)c(O)c4c(O)c(c(C=NN5CCCN(C)CC5)c(O)c4c3C2=O)NC(=O)C(C)=CC=CC(C)C(O)C(C)C(O)C(C)C(OC(C)=O)C1C,7.013168350538424,241,5.905951349050198,hiv_6660,MoleculeNet_HIV,True
N=C1NN(c2ccccc2)C(=O)C1C(=O)C(=O)Nc1ccccc1,7.011065146302452,242,5.413754440099424,hiv_11096,MoleculeNet_HIV,True
COC1C=COC2(C)Oc3c(C)c(O)c4c(O)c(c(C=NNc5ccc([N+](=O)[O-])cc5[N+](=O)[O-])c(O)c4c3C2=O)NC(=O)C(C)=CC=CC(C)C(O)C(C)C(O)C(C)C(OC(C)=O)C1C,7.010649594903497,243,5.904030927146681,hiv_5085,MoleculeNet_HIV,True
Cc1c(C2CCSc3ccccc3N2)sc2ccccc12,7.009944649058622,244,7.217257206769131,hiv_24634,MoleculeNet_HIV,True
COC1C=COC2(C)Oc3c(C)c(O)c4c(O)c(c(CN5CCN(C)CC5)c(O)c4c3C2=O)NC(=O)C(C)=CC=CC(C)C(O)C(C)C(O)C(C)C(OC(C)=O)C1C,7.009758383252181,245,5.907181760728596,hiv_5133,MoleculeNet_HIV,True
CNC1=N[N+]2=CCSCC2(C)S1,7.007946762971175,246,5.627436424334221,hiv_6314,MoleculeNet_HIV,True
Cc1ccc(NCCCN2CCN(CCCNc3ccc(C)c4sc5ccccc5c(=O)c34)CC2)c2c(=O)c3ccccc3sc12,7.007700571077734,247,7.218605703538614,hiv_10175,MoleculeNet_HIV,True
CCOC(=O)CN1CCC2CC1c1c([nH]c3ccccc13)C2c1cc2c(cc1OC)N(C)C1C(O)(C(=O)OC)C(OC(C)=O)C3(CC)C=CCN4CCC21C43,7.006339507680059,248,5.754819221274876,hiv_6576,MoleculeNet_HIV,True
N#CC(=C(S)Nc1ccccc1)c1nc2ccccc2[nH]1,7.003024490051302,249,5.422223703750638,hiv_24158,MoleculeNet_HIV,True
CN(C)C12CCCCC1S(=O)(=O)C2,6.997265044659858,250,7.221322546170025,hiv_5886,MoleculeNet_HIV,True
CCN(N=C1CC2C=CCN(C2)C(=O)Cc2c1[nH]c1ccccc21)S(=O)(=O)c1ccc(C)cc1,6.993326578237136,251,7.216799001533203,hiv_21399,MoleculeNet_HIV,True
COc1cc(Nc2ncc(F)c(Nc3ccc4c(n3)NC(=O)C(C)(C)O4)n2)cc(OC)c1OC.O=S(=O)(O)c1ccccc1,6.991103479144319,252,6.095947571828943,davis_11984591,DAVIS_spike_in,True
I.S=C(NNC1=NCCCCN1)Nc1ccccc1,6.985856951376819,253,5.429426775603785,hiv_32203,MoleculeNet_HIV,True
CCN=C(NC(=O)c1ccc(F)cc1)SCSC(=NC(=O)c1ccc(F)cc1)NCC,6.977442326305999,254,7.2165734222443305,hiv_18875,MoleculeNet_HIV,True
COC(=O)CC12CC(CC(=O)O1)N(C(=O)Nc1ccccc1)O2,6.976499499270966,255,5.802004960119816,hiv_21721,MoleculeNet_HIV,True
Nc1c(C(=O)Nc2ccccc2)[n+]([O-])c2ccccc2[n+]1[O-],6.974389673548129,256,5.415374983043676,hiv_10943,MoleculeNet_HIV,True
COC1C=COC2(C)Oc3c(C)c(O)c4c(O)c(c(C=NNc5ncccn5)c(O)c4c3C2=O)NC(=O)C(C)=CC=CC(C)C(O)C(C)C(O)C(C)C(OC(C)=O)C1C,6.964269677607267,257,5.829626145234026,hiv_5076,MoleculeNet_HIV,True
COC1C=COC2(C)Oc3c(C)c(O)c4c(O)c(c(C=NN5CCN(Cc6cccc(C(F)(F)F)c6)CC5)c(O)c4c3C2=O)NC(=O)C(C)=CC=CC(C)C(O)C(C)C(O)C(C)C(OC(C)=O)C1C,6.963425336806109,258,5.881579107351635,hiv_5857,MoleculeNet_HIV,True
Cc1ccnc2sc3ccccc3c(=O)c12,6.962074478556958,259,7.2177719209889775,hiv_37255,MoleculeNet_HIV,True
CN1C(Cl)=NS(=O)(=O)c2ccccc21,6.958300895017462,260,7.219167696797281,hiv_9267,MoleculeNet_HIV,True
Nc1nc(Cl)cc(OCC2(CO)CCCC2)n1,6.957457694037434,261,7.220895267750154,hiv_32310,MoleculeNet_HIV,True
O=C(NN1C(=O)C=CC1=O)c1ccccc1Nc1ccccc1C(=O)NN1C(=O)C=CC1=O,6.957064080470666,262,7.217252346541761,hiv_40007,MoleculeNet_HIV,True
Cc1cc(Nc2cc(N3CCN(C)CC3)nc(Sc3ccc(NC(=O)C4CC4)cc3)n2)n[nH]1,6.955499243863562,263,5.539609610864486,davis_5494449,DAVIS_spike_in,True
Cc1cc(CO)c(O)c(C(=O)CC2CC(=O)NC(=O)C2)c1,6.95395787362442,264,5.662945008222163,hiv_25361,MoleculeNet_HIV,True
O=c1c2ccccc2sc2nc(CCl)nn12,6.952812275229472,265,7.215662038108684,hiv_15129,MoleculeNet_HIV,True
CC1CCC(=NNS(=O)(=O)c2ccc(N)cc2)CC1,6.952206590589266,266,5.594673279660308,hiv_748,MoleculeNet_HIV,True
COc1cc(Nc2c(C#N)cnc3cc(OCCCN4CCN(C)CC4)c(OC)cc23)c(Cl)cc1Cl,6.951785779706839,267,5.325671402266011,davis_5328940,DAVIS_spike_in,True
CN(C(=O)c1ccc(Cl)cc1)C(=S)N1CCN(c2ccccn2)CC1,6.937812812285561,268,5.635061315880032,hiv_24510,MoleculeNet_HIV,True
N#CC(=NNc1[nH]cnc1C(N)=O)C(=O)Nc1ccccc1,6.935325436942777,269,5.423070195159226,hiv_35087,MoleculeNet_HIV,True
CCOC(=O)Nc1nc(=O)n(-c2ccc3ccccc3n2)[nH]1,6.934861575057656,270,5.851973578331168,hiv_7901,MoleculeNet_HIV,True
Clc1ccc2sc3c(c2c1)CCNC3,6.929964665343957,271,7.220309600583116,hiv_5821,MoleculeNet_HIV,True
O=c1nc2ccc3sc4ccccc4c(=O)c3n2c(=O)[nH]1,6.929187049016741,272,7.217257206769131,hiv_32127,MoleculeNet_HIV,True
COC1C=COC2(C)Oc3c(C)c(O)c4c(O)c(c(C=NN5CCCCCCCCCCCC5)c(O)c4c3C2=O)NC(=O)C(C)=CC=CC(C)C(O)C(C)C(O)C(C)C(OC(C)=O)C1C,6.924745581232494,273,5.904030927146681,hiv_5633,MoleculeNet_HIV,True
COC1C=COC2(C)Oc3c(C)c(O)c4c(O)c(c(C=NN5CCCC5)c(O)c4c3C2=O)NC(=O)C(C)=CC=CC(C)C(O)C(C)C(O)C(C)C(OC(C)=O)C1C,6.924745581232494,274,5.904030927146681,hiv_5135,MoleculeNet_HIV,True
COC1C=COC2(C)Oc3c(C)c(O)c4c(O)c(c(C=NN5CCCCCCCCCCCCCCC5)c(O)c4c3C2=O)NC(=O)C(C)=CC=CC(C)C(O)C(C)C(O)C(C)C(OC(C)=O)C1C,6.924745581232494,275,5.904030927146681,hiv_5986,MoleculeNet_HIV,True
N#CCCN(c1ccc(-c2nnc(NC(=O)CNNC(=O)CC(=O)Nc3ccccc3)s2)cc1)S(=O)(=O)c1ccccc1,6.924633432831813,276,5.7225014737292925,hiv_19062,MoleculeNet_HIV,True
O=C1CC2(CCN(Cc3ccccc3)CC2)CC(=O)N1,6.923848481232151,277,5.6195437236234165,hiv_4264,MoleculeNet_HIV,True
O=c1nc2sc3ccccc3c(=O)n2[nH]1,6.922544677099821,278,7.217257206769131,hiv_15122,MoleculeNet_HIV,True
CC1(C)CCc2cc3c(cc2O1)OCCC3O,6.920607834449424,279,7.218310034539938,hiv_12313,MoleculeNet_HIV,True
COC(=O)c1ccn2c(N(C)C)[n+]3ccc(C(=O)OC)cc3c2c1.[O-][Cl+3]([O-])([O-])[O-],6.912567724411625,280,7.2145244761313485,hiv_37342,MoleculeNet_HIV,True
Cc1c(C=NN(C)C)oc2c1cc(O)c1ncccc12,6.911742587501858,281,7.216819307610021,hiv_22910,MoleculeNet_HIV,True
COc1cc2ncnc(Nc3ccc(F)c(Cl)c3)c2cc1OCCCN1CCOCC1,6.910496648470977,282,5.3095758174611145,davis_123631,DAVIS_spike_in,True
CCN(CC)CCNC(=O)c1c(C)[nH]c(C=C2C(=O)Nc3ccc(F)cc32)c1C,6.90499085672092,283,6.076363915399325,davis_5329102,DAVIS_spike_in,True
CCN=C(C#N)NCC,6.903361620311661,284,7.215617491242159,hiv_19372,MoleculeNet_HIV,True
Cc1cc(NS(=O)(=O)c2ccc(NC(=O)c3ccc4nc5ccccc5c(Nc5ccc(S(=O)(=O)NC(=N)N)cc5)c4c3)cc2)no1,6.898275825526369,285,5.449064026115638,hiv_32712,MoleculeNet_HIV,True
COc1cccc(CN2CCCN(N=Cc3c4c(O)c5c(O)c(C)c6c(c5c3O)C(=O)C(C)(OC=CC(OC)C(C)C(OC(C)=O)C(C)C(O)C(C)C(O)C(C)C=CC=C(C)C(=O)N4)O6)CC2)c1,6.895957080676577,286,5.881579107351635,hiv_6562,MoleculeNet_HIV,True
COc1cc2c3c(c1)C(O)CC[N+]3(C)CCC2,6.888317206907446,287,7.219116004579926,hiv_5525,MoleculeNet_HIV,True
CN(C)c1ccc(C=NNC(=S)Nc2ccccc2)cc1,6.888217077058539,288,5.422297675629195,hiv_6478,MoleculeNet_HIV,True
CSC1=C(C(=O)Nc2ccccc2)C(=N)NC1=O,6.887651925627283,289,5.43581534248626,hiv_38080,MoleculeNet_HIV,True
CN(C)P1(=O)OCC2CCCC2O1,6.887623196043141,290,7.215985525060384,hiv_14552,MoleculeNet_HIV,True
COC1C=COC2(C)Oc3c(C)c(O)c4c(O)c(cc(OCC(=O)N(C)C5CCCCC5)c4c3C2=O)NC(=O)C(C)=CC=CC(C)C(O)C(C)C(O)C(C)C(OC(C)=O)C1C,6.887487428642135,291,5.904090171748326,hiv_5042,MoleculeNet_HIV,True
OC1(c2ccc(-c3ccccc3)cc2)c2ccccc2C2=NCCN21,6.887267465675573,292,5.636937687683605,hiv_40642,MoleculeNet_HIV,True
COC(=O)C1=C(C)N(NC(=O)Nc2ccccc2)C2(N)N(NC(=O)Nc3ccccc3)C(C)=C(C(=O)OC)C12C(=O)OC,6.886306315525687,293,5.419479536284423,hiv_17877,MoleculeNet_HIV,True
O=c1c2c(sc3ccccc13)CCC2,6.884836774268454,294,7.2177719209889775,hiv_3038,MoleculeNet_HIV,True
COc1ccc(C=C(C(C)=O)C(=O)Nc2ccccc2)cc1,6.882526277573214,295,5.407489881219603,hiv_16343,MoleculeNet_HIV,True
CN(N=Cc1ccc2ccccc2c1)C1=NCCCN1.I,6.877957355362928,296,5.687740450219266,hiv_32169,MoleculeNet_HIV,True
COc1c(CCl)cc(-c2cc(=O)c3ccccc3s2)cc1CCl,6.8765656672721756,297,7.214575023062232,hiv_10320,MoleculeNet_HIV,True
N=C1SCc2c1sc1ccccc21,6.87353198114859,298,7.215985525060384,hiv_5329,MoleculeNet_HIV,True
O=C(Cc1csc(NN=C2C(=O)Nc3ccccc32)n1)Nc1ccccc1,6.873281748274039,299,5.86046559778346,hiv_24935,MoleculeNet_HIV,True
CCCN(CCC)c1cc2c(cc1F)c(=O)c(C(=O)O)cn2-c1ccc(N2CCN(C)CC2)cn1,6.872922727860959,300,5.775270029554582,hiv_31706,MoleculeNet_HIV,True
CCCCOC(=O)CNC(=O)OCC=CC#CC#CC=CCOC(=O)NCC(=O)OCCCC,6.870576736004249,301,7.215617491242159,hiv_21130,MoleculeNet_HIV,True
Cc1cc(NS(=O)(=O)c2ccc(Nc3c4ccccc4nc4c(C(=O)N5CCN(CCOS(C)(=O)=O)CC5)cccc34)cc2)no1,6.868726899855887,302,5.8442846454259865,hiv_20196,MoleculeNet_HIV,True
O=C(c1ccc(Cl)cc1)N(C(=S)N1CCN(c2ccccn2)CC1)c1ccccc1,6.868599896754509,303,5.623966977767265,hiv_24516,MoleculeNet_HIV,True
CC1=NN=N[NH+]1[Co-4](N)(N)(N)(N)N.[Cl-],6.85981905007114,304,7.215985525060384,hiv_14825,MoleculeNet_HIV,True
COC1C=COC2(C)Oc3c(C)c(O)c4c(O)c(c(C=NNC5OC(COC(=O)c6ccccc6)C(OC(=O)c6ccccc6)C5OC(=O)c5ccccc5)c(O)c4c3C2=O)NC(=O)C(C)=CC=CC(C)C(O)C(C)C(O)C(C)C(OC(C)=O)C1C,6.856244495567597,305,5.90394861835587,hiv_6316,MoleculeNet_HIV,True
Cc1[nH]c(C=C2C(=O)Nc3ccc(S(=O)(=O)Cc4c(Cl)cccc4Cl)cc32)c(C)c1C(=O)N1CCCC1CN1CCCC1,6.853251830491367,306,5.938419136306767,davis_10461815,DAVIS_spike_in,True
COC1CC(C)C(OC)c2cc(O)cc(c2O)NC(=O)C(C)=CC=CC(C)C(OC(N)=O)C(C)=CC(C)C1OC,6.847935630822152,307,5.924282240007545,hiv_8018,MoleculeNet_HIV,True
COc1cc(C2C(C#N)=C(N)OC3=C2CCS(=O)(=O)c2ccc(C)cc23)cc(OC)c1OC,6.845812600660205,308,7.245715660935314,hiv_37876,MoleculeNet_HIV,True
COC(=O)C1=C(C(=O)OC)SC(=CC#CC=C2SC(C(=O)OC)=C(C(=O)OC)S2)S1,6.838705273814357,309,7.2130608337596875,hiv_22707,MoleculeNet_HIV,True
COc1ccccc1N=NC1=C2Nc3ccccc3N=C1N(c1ccccn1)C(=S)N2c1ccccc1C,6.8380360818787755,310,5.639720065911056,hiv_8982,MoleculeNet_HIV,True
COC1C=COC2(C)Oc3c(C)c(O)c4c(O)c(cc(OCC(=O)N(C)Cc5ccccc5)c4c3C2=O)NC(=O)C(C)=CC=CC(C)C(O)C(C)C(O)C(C)C(OC(C)=O)C1C,6.834474827321266,311,5.8816383519532796,hiv_5048,MoleculeNet_HIV,True
CC12OC(CC1(O)CO)n1c3ccccc3c3c4c(c5c6ccccc6n2c5c31)CNC4=O,6.831529521931108,312,6.792624534613447,davis_126565,DAVIS_spike_in,True
Cc1c(CN2CCOCC2)c(CN2CCOCC2)c(C)n1-c1ccc(Cl)cn1,6.829520887082636,313,5.658615054958359,hiv_35347,MoleculeNet_HIV,True
CNCc1c2c(O)c3c(O)c(C)c4c(c3c1O)C(=O)C(C)(OC=CC(OC)C(C)C(OC(C)=O)C(C)C(O)C(C)C(O)C(C)C=CC=C(C)C(=O)N2)O4,6.828493420887561,314,5.904030927146681,hiv_6835,MoleculeNet_HIV,True
O=C1CC(CC(O)C2CCCCC2O)CC(=O)N1,6.82848338147548,315,5.66343248391605,hiv_4500,MoleculeNet_HIV,True
COC1C=COC2(C)Oc3c(C)c(O)c4c(O)c(c(C=NN(c5ccccc5)c5ccccc5)c(O)c4c3C2=O)NC(=O)C(C)=CC=CC(C)C(O)C(C)C(O)C(C)C(OC(C)=O)C1C,6.822182868339884,316,5.902902640629985,hiv_5086,MoleculeNet_HIV,True
COC1=CCC=C(CC2NCCc3cc(OC)c(OC)cc32)C1,6.821722247092786,317,7.217759941978846,hiv_24318,MoleculeNet_HIV,True
CC1=CC(=O)C(=O)C2=C1OC1(C2)C(C)CCC2C3(C)CCC(O)C(C)(C)C3CCC21C,6.818536035837444,318,5.901449612507616,hiv_8231,MoleculeNet_HIV,True
CC(=O)C1CCC2C3C=CC4=CC(=O)CCC4(C)C3CCC12C,6.817853075084065,319,5.902385741483582,hiv_3394,MoleculeNet_HIV,True
Cc1cc(NS(=O)(=O)c2ccc(Nc3c4ccccc4nc4c(C(=O)Nc5ccc(S(=O)(=O)NC(=N)N)cc5)cccc34)cc2)no1,6.803649996654272,320,5.450271580538234,hiv_15466,MoleculeNet_HIV,True
CCCNC1=NC(C)=CSC(Nc2ccccc2)=C1C#N,6.802283002664914,321,5.7445026527288325,hiv_38430,MoleculeNet_HIV,True
COC1C=COC2(C)Oc3c(C)c(O)c4c(O)c(c(C=NOC(c5ccccc5)c5ccccc5)c(O)c4c3C2=O)NC(=O)C(C)=CC=CC(C)C(O)C(C)C(O)C(C)C(OC(C)=O)C1C,6.799486802116844,322,5.8324637946741795,hiv_5071,MoleculeNet_HIV,True
COC1C=COC2(C)Oc3c(C)c(O)c4c(O)c(cc(OCC(=O)N5CCCCCC5)c4c3C2=O)NC(=O)C(C)=CC=CC(C)C(O)C(C)C(O)C(C)C(OC(C)=O)C1C,6.799264021773432,323,5.904030927146681,hiv_5053,MoleculeNet_HIV,True
CN(C)CCCNC(=O)c1cn2c(ccc3sc4ccccc4c(=O)c32)n1,6.798706138484484,324,7.216819307610021,hiv_32128,MoleculeNet_HIV,True
CCC(=O)NCC1(c2c[nH]c3ccccc23)SCCS1,6.798664437060601,325,5.68374162866183,hiv_23359,MoleculeNet_HIV,True
Cc1cc(C)nc(NS(=O)(=O)c2ccc(Nc3c4ccc(Cl)cc4nc4c(C(=O)Nc5ccc(S(=O)(=O)NC(=N)N)cc5)cccc34)cc2)n1,6.786750653698375,326,5.852088753859699,hiv_15482,MoleculeNet_HIV,True
Cc1cc(C)nc(NS(=O)(=O)c2ccc(NC(=O)c3cccc4c(Nc5ccc(S(=O)(=O)NC(=N)N)cc5)c5ccc(Cl)cc5nc34)cc2)n1,6.786750653698375,327,5.852088753859699,hiv_15483,MoleculeNet_HIV,True
CC(=NNC(=S)N1CCN(c2ccccn2)CC1)c1cccc(C)n1,6.780820237908029,328,5.629223467204083,hiv_8111,MoleculeNet_HIV,True
CN(C)C(=O)N1CC[N+](C)([O-])CC1,6.772954122048571,329,5.700473624488122,hiv_313,MoleculeNet_HIV,True
Cc1cc(C(F)(F)F)cc(-n2[nH]c(NS(=O)(=O)c3cc(C)c(Cl)cc3S)nc2=N)n1,6.766034919588606,330,5.637783322865078,hiv_31519,MoleculeNet_HIV,True
O=C1CC2(CCc3ccccc32)C(=O)N1CN1CCN(c2ccccn2)CC1,6.757443369984198,331,5.860461044027107,hiv_10026,MoleculeNet_HIV,True
O=C1C=C(N2CCCCC2)c2cc(N3CCCCC3)ncc2C1=O,6.750788809742324,332,5.835200154221551,hiv_13639,MoleculeNet_HIV,True
O=C1C=C(N2CCCC2)c2cc(N3CCCC3)ncc2C1=O,6.750788809742324,333,5.835200154221551,hiv_13641,MoleculeNet_HIV,True
S=C1N(c2ccc(Cl)cc2)C2=C(N=Nc3ccccc3Cl)C(=Nc3ccccc3S2)N1c1ccccn1,6.745194997235481,334,5.6405824495729435,hiv_9146,MoleculeNet_HIV,True
Nc1cc(N2CCOCC2)nc(=O)n1-c1ccc(Cl)cc1,6.743175148904746,335,5.834120787614576,hiv_40694,MoleculeNet_HIV,True
N#CCCN(CCC#N)c1ccc(C=C2N=C(c3ccccc3)N(c3ccccn3)C2=O)cc1,6.742117739817619,336,5.85499486970926,hiv_39048,MoleculeNet_HIV,True
Cc1cc(C)nc(NS(=O)(=O)c2ccc(Nc3c4ccccc4nc4c(C(=O)N5CCN(CCOS(C)(=O)=O)CC5)cccc34)cc2)n1,6.74204790413054,337,5.924459004945317,hiv_20198,MoleculeNet_HIV,True
CN1c2ccccc2C(=O)Nc2cnc(Cl)nc21,6.737468091757849,338,5.847375129965653,hiv_8201,MoleculeNet_HIV,True
Cn1c(=O)c2nc(N3CCCCC3)cnc2n(C)c1=O,6.7358223621476006,339,5.839052236024272,hiv_24280,MoleculeNet_HIV,True
CSC(=NN=C(C)c1ccccn1)N1CCN(c2ccccn2)CC1,6.730975114859714,340,5.62564898885535,hiv_7986,MoleculeNet_HIV,True
CS(=O)(=O)OCCN1CCN(C(=O)c2ccc(Cl)c3c(Nc4ccc(S(=O)(=O)NC(=N)N)cc4)c4ccccc4nc23)CC1,6.730847856441028,341,5.857733128201157,hiv_20203,MoleculeNet_HIV,True
Cc1cn(-c2cc(NC(=O)c3ccc(C)c(Nc4nccc(-c5cccnc5)n4)c3)cc(C(F)(F)F)c2)cn1,6.72836093882422,342,5.204319206934832,davis_644241,DAVIS_spike_in,True
Cc1ccc(S(=O)(=O)O)cc1.N=C(NO)NN=C=C1C(=O)Nc2ccc(F)cc21,6.727411599880606,343,5.915289018770709,hiv_14654,MoleculeNet_HIV,True
CCn1c(SCC(=O)NNC(=S)Nc2ccc(C)cc2)nc2ccccc2c1=O,6.723558375770849,344,5.703125735841248,hiv_37854,MoleculeNet_HIV,True
Cc1ccc(NC(=O)c2ccc(CN3CCN(C)CC3)cc2)cc1Nc1nccc(-c2cccnc2)n1,6.723195453204469,345,5.125932865609705,davis_5291,DAVIS_spike_in,True
Cc1nc(Cl)nc2c1C(=O)Nc1ccccc1N2,6.7223008063775795,346,5.847375129965653,hiv_18851,MoleculeNet_HIV,True
CC(=CC1C=C(C)C2CCC(C)C2C12OC(=O)C(C)=C2O)CCCc1ccoc1,6.720667034363151,347,5.828185196551481,hiv_12299,MoleculeNet_HIV,True
CC1=Nc2sc3c(c2C2=NCCN12)CCCC3,6.719230846790824,348,5.877121141973761,hiv_33493,MoleculeNet_HIV,True
CC1CCc2[nH]nc(CC3CC(=O)NC(=O)C3)c2C1,6.710867724282975,349,5.677845939357774,hiv_4602,MoleculeNet_HIV,True
CC(=O)OC1CC2C(C)(CCC3C2(C)CCC2(C)C4CC(C)(C)CCC4(C)CCC32C)C1C,6.702703340923451,350,5.699758857207143,hiv_9826,MoleculeNet_HIV,True
Cc1ccc(C(=O)C=C2Nc3ccccc3NC2=O)c(C)c1,6.701422498028388,351,5.844312037907447,hiv_34657,MoleculeNet_HIV,True
Cc1ccc(NC(=O)c2ccc(CN3CCN(C)CC3)cc2)cc1Nc1nc(-c2cccnc2)cs1,6.699421087701663,352,5.111860195796432,davis_10074640,DAVIS_spike_in,True
CCN(CC)CC1CCCCN1CC(=O)N1c2ccccc2C(=O)Nc2cccnc21,6.694817646893246,353,5.84848420598235,hiv_27450,MoleculeNet_HIV,True
CCCCNC=C1C(=O)Nc2ccccc2NC1=O,6.688616214554989,354,5.924463135925641,hiv_9398,MoleculeNet_HIV,True
O=C(O)C(O)(c1ccccc1)c1ccsc1,6.688262138200669,355,5.6298405090110615,hiv_5223,MoleculeNet_HIV,True
COC(=O)C1(C)CCC2(C)CCC3(C)C4CCC5(COC(C)=O)C(C)C(=O)CCC5C4(C)CCC3(C)C2C1,6.6861767840940285,356,5.902358409991621,hiv_24534,MoleculeNet_HIV,True
CCC1=CCN(c2cc(C)ccn2)OC1c1ccc(OC)cc1,6.68612141335973,357,5.657561938937685,hiv_20355,MoleculeNet_HIV,True
COC(=O)C12CN(C)CC(C(=O)OC)(C1=O)C(c1ccccc1)OC2c1ccccc1,6.685215809048611,358,5.9020319929148775,hiv_10504,MoleculeNet_HIV,True
Cc1sc(NN=C2C(=O)Nc3ccccc32)nc1-c1ccccc1,6.68377826891655,359,5.829550059318559,hiv_24930,MoleculeNet_HIV,True
Cc1[nH]c(C=C2C(=O)Nc3ccc(F)cc32)c(C)c1C(=O)NCC(O)CN1CCOCC1,6.6781727757960905,360,5.853402217015241,davis_10138260,DAVIS_spike_in,True
O=C(Nc1ccc(Cl)cc1Cl)C(Cl)=C1Sc2ccccc2NC1=O,6.676990437857292,361,5.915523761304895,hiv_16810,MoleculeNet_HIV,True
BrC1=CC=C2NC=CC3=CC=NC1C32,6.675962945420224,362,5.627022135221856,hiv_13312,MoleculeNet_HIV,True
COC(=O)c1cc2cc3c(c(O)c2c(=O)o1)OC1(Oc2c(O)c4c(c(O)c2C1OC1CC(OC)C(O)C(C)O1)C(=O)C=C(OC)C4=O)C(O)C3,6.675414161729593,363,5.219059352135513,hiv_40932,MoleculeNet_HIV,True
CC1=C(C(=O)Nc2ccccc2)C(c2cccc3ccccc23)C(C(=O)Nc2ccccc2)=C(C)N1,6.674031475359548,364,5.381062368443451,hiv_11451,MoleculeNet_HIV,True
Nc1ncnc2c1ncn2-c1ccc([N+](=O)[O-])cn1,6.6728388394856974,365,5.630095826643727,hiv_35795,MoleculeNet_HIV,True
CCN(CC)CCC1CCCCN1CC(=O)N1c2ccccc2NC(=O)c2ccccc21,6.668995303377654,366,5.914652392520254,hiv_27451,MoleculeNet_HIV,True
COc1cc2c(Oc3ccc4[nH]c(C)cc4c3F)ncnc2cc1OCCCN1CCCC1,6.663156383911187,367,5.289440508074939,davis_9933475,DAVIS_spike_in,True
O=[N+]([O-])c1cc2nn[nH]c2c2nonc12,6.658440604704519,368,5.632516632101815,hiv_29609,MoleculeNet_HIV,True
O=C1CCCCC1=C1C(=O)Nc2cc(F)ccc21,6.658063199177074,369,5.91686132662442,hiv_22846,MoleculeNet_HIV,True
OC1(c2ccccc2)CSc2ncnn21,6.651432341153438,370,5.63327399285975,hiv_34927,MoleculeNet_HIV,True
COc1ccc(C(=O)N2CCN(c3ccc4c(c3)OCC(=O)N4)CC2)cc1,6.644745872002915,371,5.950200371084442,hiv_38732,MoleculeNet_HIV,True
NN=C(C=C1C(=O)Nc2ccccc21)c1ccccc1,6.633940173313709,372,5.9183101155709945,hiv_5915,MoleculeNet_HIV,True
c1ccc(N2CCN(c3ccccn3)CC2)nc1,6.6295194975568394,373,5.629223467204083,hiv_813,MoleculeNet_HIV,True
CN(C)c1ccc(C=C2C(=O)Nc3ccccc32)cc1,6.628280108656346,374,5.918684531851337,hiv_3226,MoleculeNet_HIV,True
Nc1ccc2ccc(N3CCNCC3)nc2n1,6.625688908155984,375,5.637832967389857,hiv_36659,MoleculeNet_HIV,True
Cc1ccc2c(c1)Nc1ccccc1C(=O)N2,6.625654609033548,376,5.915614363413922,hiv_6244,MoleculeNet_HIV,True
COc1cc2c(Nc3ccc(Br)cc3F)ncnc2cc1OCC1CCN(C)CC1,6.623482465533863,377,5.359695710260727,davis_3081361,DAVIS_spike_in,True
COC(=O)c1cc2c(o1)Sc1ccccc1NC2=O,6.609251115605918,378,5.884256210213888,hiv_37070,MoleculeNet_HIV,True
O=C1C(Cl)=C(c2ccc(Cl)s2)C(=O)c2ccccc21,6.593381384517796,379,5.833514283993691,hiv_15427,MoleculeNet_HIV,True
Cc1cc(NC(=O)c2ccc(NC(=O)c3ccc(N)cc3)cc2)ccc1N=Nc1ccc2c(O)c(N=Nc3ccc(S(=O)(=O)O)cc3C)c(S(=O)(=O)O)cc2c1,6.592898669175186,380,5.273822923930471,hiv_2907,MoleculeNet_HIV,True
CC1OC(OC2C(COc3cc(O)c4c(c3)OC(c3ccc(O)cc3)CC4=O)OOC(CO)C2O)C(O)C(O)C1O,6.590197084421597,381,5.714316976753735,hiv_298,MoleculeNet_HIV,True
CCOC(=O)Cc1csc(NN=C2C(=O)Nc3ccccc32)n1,6.586208694733359,382,5.856840730089125,hiv_24875,MoleculeNet_HIV,True
CCOC(=O)CN1C(=O)c2ccc(NC(=O)C(=O)O)cc2S1(=O)=O,6.584311540615944,383,5.20414840108106,hiv_39717,MoleculeNet_HIV,True
O=C(O)CN(CC(=O)O)Cc1ccn(-c2cccc(-n3ccc(CN(CC(=O)O)CC(=O)O)n3)n2)n1,6.583006310381701,384,5.651269907258737,hiv_30632,MoleculeNet_HIV,True
COc1ccc(NC(C)=O)cc1N1C(=O)C(=Cc2cccc(Oc3ccccc3)c2)S(=O)(=O)C1c1ccccc1,6.579838310420132,385,5.992729752873143,hiv_40203,MoleculeNet_HIV,True
CNC(=O)C(C)C1C(=O)C(=C(O)C=CC(C)=CC(C)C2OC3(C)OC(C=CC34CO4)C2C)C(=O)N1C1CCC(O)C(C)O1,6.578246790167197,386,5.429330149338204,hiv_177,MoleculeNet_HIV,True
CC(=O)OCC1OC=CC(OC(C)=O)C1OC1OC(COC(C)=O)C2OC(C)(C)OC2C1OC(C)=O,6.577482023090513,387,5.700362331859852,hiv_29893,MoleculeNet_HIV,True
CCOC(=O)CC1=CSC2=NCCN12,6.570461520073766,388,5.864555600255052,hiv_15938,MoleculeNet_HIV,True
O=C1C=CC(=O)c2c1ccc1c3ccccc3n(-c3ccccn3)c21,6.568206640117519,389,5.7825562218635245,hiv_24291,MoleculeNet_HIV,True
CS(=O)(=O)c1ccc(N2CC2)nn1,6.564700276759845,390,5.625563891093596,hiv_2761,MoleculeNet_HIV,True
OC1(c2ccc(Cl)cc2)c2ccccc2C2=Nc3ccccc3CN21,6.564689337027512,391,5.647817066659602,hiv_40638,MoleculeNet_HIV,True
N=C1NN(c2ccccc2)C(=O)C1=CNC(=S)NN=C1C(=O)Nc2ccccc21,6.561911386967912,392,5.91376030096559,hiv_26176,MoleculeNet_HIV,True
CN1CCN(C(=O)c2cc3cc(Cl)ccc3[nH]2)CC1,6.556820472773975,393,5.647540897743102,davis_4908365,DAVIS_spike_in,True
O=C(COc1ccc(Cl)cc1)N1N=C(c2ccc([N+](=O)[O-])o2)CC1(O)c1ccccc1,6.556182677334341,394,5.666270030836236,hiv_17909,MoleculeNet_HIV,True
CCC(C=CC1OC(=O)C=CC1C)=CC(C)CC=CC(C)=CC(CO)C(=O)C(C)C(O)C(C)CC(C)=CC(=O)O,6.549030307635579,395,5.390205227479588,hiv_8931,MoleculeNet_HIV,True
O=C(Nc1ccccc1)N1CCC2N(C(=O)Nc3ccccc3)CCC3N(C(=O)Nc4ccccc4)CCC1N23,6.544467425537015,396,5.490026059471527,hiv_6262,MoleculeNet_HIV,True
N#CC(=CNC(=S)NN=C1C(=O)Nc2ccccc21)C(=O)c1ccc2ccccc2c1,6.544419272889091,397,5.915985414481607,hiv_26114,MoleculeNet_HIV,True
O=C(CC(=O)Nc1ccccc1)NNC(c1cc(N=Nc2ccc(Br)cc2)ccc1O)P(O)O,6.540157299428279,398,5.793164934275873,hiv_26023,MoleculeNet_HIV,True
COc1ccc(NC(=O)C(=CN2C(=O)C(=Cc3ccc(OC)c(OC)c3)NC2=S)C(C)=O)cc1,6.540031625855455,399,5.30166426722338,hiv_25971,MoleculeNet_HIV,True
CC(C)(C)C1=NOC2C(NC(=O)c3ccccc3)CCC12,6.536811868296781,400,5.609818749025442,hiv_21016,MoleculeNet_HIV,True
Cc1cc(-n2nnnc2-c2ccc([N+](=O)[O-])cc2)no1,6.531672655327938,401,5.6254276457198396,hiv_19682,MoleculeNet_HIV,True
CCOc1cc2ncc(C#N)c(Nc3ccc(OCc4ccccn4)c(Cl)c3)c2cc1NC(=O)C=CCN(C)C,6.521493356281488,402,5.356588222499373,davis_9915743,DAVIS_spike_in,True
NCCN1C(=O)c2ccccc2C1(O)c1ccccc1,6.520014123562853,403,5.9123650594378665,hiv_2464,MoleculeNet_HIV,True
OC1(c2ccc(Cl)cc2)c2ccccc2-c2nc3ccccc3n21,6.519476874498352,404,5.586368072256259,hiv_40634,MoleculeNet_HIV,True
COc1ccc(C(=O)N2CCN(c3ccc4[nH]c(=O)oc4c3)CC2)cc1,6.516717523739081,405,5.874260715444944,hiv_38734,MoleculeNet_HIV,True
O=C1NC(=O)C(=CNC(=S)NN=C2C(=O)Nc3ccccc32)C(=O)N1,6.514490525234771,406,5.914947832083931,hiv_26238,MoleculeNet_HIV,True
O=C1c2cc3c(cc2CC1Br)CCC3,6.51423307291196,407,5.89479835647337,hiv_30101,MoleculeNet_HIV,True
Nc1ncnc2c1ncn2C1OC(COC2C(O)C(OC3OC(CO)C(O)C(O)C3N)C(O)C(OS(=O)(=O)O)C2OC(=O)C(N)CO)C(O)C1O,6.509854114065926,408,5.69632623632421,hiv_8119,MoleculeNet_HIV,True
O=C(NNC(=O)c1cc(C=Cc2cccc([N+](=O)[O-])c2)nc(S)n1)Nc1ccc(Cl)cc1,6.503074998951203,409,5.476868391658786,hiv_16985,MoleculeNet_HIV,True
O=C1Nc2ccccc2C1=NNC(=S)NC=C(c1ccccc1)S(=O)Cc1ccccc1,6.497994171697784,410,5.88603039789063,hiv_26186,MoleculeNet_HIV,True
Cn1nc(NC(=O)c2cc(NC(=O)Nc3cc(C(=O)Nc4cc(C(=O)Nc5ccc6cc(S(=O)(=O)O)cc(S(=O)(=O)O)c6c5)n(C)n4)n(C)n3)nn2C)cc1C(=O)Nc1ccc2cc(S(=O)(=O)O)cc(S(=O)(=O)O)c2c1.[KH],6.494490207256422,411,5.214433528263506,hiv_29330,MoleculeNet_HIV,True
CCOc1ncn(-c2ccc(NC(=S)NC34CC5CC(CC(C5)C3)C4)cc2)n1,6.4914061953812,412,5.708167734031639,hiv_24452,MoleculeNet_HIV,True
COc1cc2cc(c1Cl)N(C)C(=O)CC(OC(=O)C(C)N(C)C(C)=O)C1(C)OC1C(C)C1CC(O)(NC(=O)O1)C(OC)C=CC=C(C)C2,6.491046457056631,413,5.449683833026779,hiv_5321,MoleculeNet_HIV,True
CNC1C(O)C(OC2C(N)CC(N)C(OC3OC(CN)=CCC3N)C2O)OCC1(C)O.O=S(=O)(O)O,6.4884037780827,414,5.7000481805637895,hiv_6010,MoleculeNet_HIV,True
O=C1c2ccccc2C(=O)C23OC12C(O)C1OC1C31Oc2cccc3cccc(c23)O1,6.486937830483011,415,5.903777108843344,hiv_34935,MoleculeNet_HIV,True
COC(=O)C(=O)C(=CNC(=S)NN=C1C(=O)Nc2ccccc21)C(=O)c1c(C)[nH]c2ccccc12,6.484201120738028,416,5.882679013727954,hiv_26036,MoleculeNet_HIV,True
COc1cc(C=C2C(=O)N(Cc3ccccc3)C(c3ccccc3)S2(=O)=O)cc(OC)c1OC,6.481416013399536,417,5.993210208963073,hiv_40195,MoleculeNet_HIV,True
Oc1nc(-c2ccccc2)nc2c1sc1nc3ccccc3n12,6.48070861901848,418,5.803849972575317,hiv_36778,MoleculeNet_HIV,True
CC(C)(C)c1cc(NC(=O)Nc2ccc(-c3cn4c(n3)sc3cc(OCCN5CCOCC5)ccc34)cc2)no1,6.480057501588319,419,5.753900153512733,davis_24889392,DAVIS_spike_in,True
CCOC(=O)C=C1SC(N2CCCCC2)C(=O)N1CC,6.479751808039579,420,5.277229558459162,hiv_7586,MoleculeNet_HIV,True
CCOC(=O)c1c(NC(=S)Nc2ccc(C)cc2)sc2c1CCN(C)C2,6.479143165658721,421,5.714157993630802,hiv_37388,MoleculeNet_HIV,True
COc1cc2c(c3c1C(O)C(C)C(C)O3)C=CC(C)(C)O2,6.476396000188831,422,5.449532479382089,hiv_31036,MoleculeNet_HIV,True
N=C(N)NS(=O)(=O)c1ccc(Nc2c3ccccc3nc3c(C(=O)Nc4ccc(S(N)(=O)=O)cc4)cccc23)cc1,6.475503409619796,423,5.453868425681994,hiv_15461,MoleculeNet_HIV,True
O=C1Nc2ccccc2C1=NNC(=S)Nc1ccccc1Cl,6.474397660215529,424,5.910749479139813,hiv_29313,MoleculeNet_HIV,True
COc1ccc(C(=O)Sc2ccccc2C(=O)Nc2ccc(S(=O)(=O)NC(C)=O)cc2)cc1,6.4729564817274206,425,5.428682578251115,hiv_38778,MoleculeNet_HIV,True
O=C(COc1ccccc1Cl)N1N=C(c2ccc(Cl)cc2)CC1(O)c1ccccc1,6.470958927943916,426,5.6688936213256635,hiv_17914,MoleculeNet_HIV,True
COC1CC2CCC(C)C(O)(O2)C(=O)C(=O)N2CCCCC2C(=O)OC(C(C)CC2CCC(O)C(OC)C2)CC(=O)C(C)C=C(C)C(O)C(OC)C(=O)C(C)CC(C)C=CC=CC=C1C,6.465004893754206,427,5.3929772019735465,hiv_6526,MoleculeNet_HIV,True
N=C(N)NS(=O)(=O)c1ccc(NC(=O)c2cccc3cc4ccccc4nc23)cc1,6.458026501532638,428,5.43568896976361,hiv_20192,MoleculeNet_HIV,True
CC12CCC(C)(O1)C1C(=O)N(c3nccs3)C(=O)C12,6.4558432794267375,429,5.31015468141154,hiv_3406,MoleculeNet_HIV,True
CC1(C)CCC(C)(C)c2cc(NC(=O)c3ccc(C(=O)O)cc3)ccc21,6.455692222115714,430,5.19594547190042,hiv_10261,MoleculeNet_HIV,True
CCCCCCCCCCCC1=C(O)C(=NCCN)C=C(O)C1=NCCN,6.455241992802656,431,5.655195639772045,hiv_15214,MoleculeNet_HIV,True
NC(=O)C(=CNC(=S)NN=C1C(=O)Nc2ccccc21)C(N)=O,6.453024258101804,432,5.915820191523575,hiv_25531,MoleculeNet_HIV,True
COc1cccc(N2N=C3c4ccccc4-n4c(nc5ccccc54)C3C2N)c1,6.445962584929086,433,5.577852385354832,hiv_38306,MoleculeNet_HIV,True
N=C(N)NS(=O)(=O)c1ccc(NNc2c3ccccc3nc3c(C(=O)Nc4ccc(S(=O)(=O)NC(=N)N)cc4)cccc23)cc1,6.440845420893978,434,5.429394897929115,hiv_32743,MoleculeNet_HIV,True
O=C(Nc1ccc(Cl)cc1)NS(=O)(=O)c1ccc2c(c1)CCC2,6.440336093916814,435,5.434214286037117,hiv_20535,MoleculeNet_HIV,True
CCc1ccc(Nc2cc(=O)n(C)c(SCc3ccccc3)n2)cc1,6.437387590682164,436,5.232622550045119,hiv_33988,MoleculeNet_HIV,True
CC(=O)Nc1ccc2[nH]c(C(=O)N3CC(CCl)c4c3cc(N)c3ccccc43)cc2c1,6.430316491748991,437,5.341058661368941,hiv_38508,MoleculeNet_HIV,True
CC(=O)NS(=O)(=O)c1ccc(NC(=O)c2ccccc2SSc2ccccc2[N+](=O)[O-])cc1,6.424940508466071,438,5.438129621766299,hiv_37535,MoleculeNet_HIV,True
Cc1cc(NS(=O)(=O)c2ccc(NC(=O)c3cccc4c(Nc5ccc(S(=O)(=O)Nc6cc(C)on6)cc5)c5ccccc5nc34)cc2)no1,6.424193302183606,439,5.330311114043194,hiv_15454,MoleculeNet_HIV,True
O=C(c1ccc(C=Cc2n[nH]c3ccccc23)cc1)N1CCNCC1,6.421626708799545,440,5.980955642978717,davis_11427553,DAVIS_spike_in,True
O=C1Nc2ccccc2C1=NNC(=S)N1CCCC1,6.421286210368685,441,5.914947832083931,hiv_29310,MoleculeNet_HIV,True
C=CCOc1ccc(C2c3c(n[nH]c3O)CC(C)(O)C2C(=O)OC)cc1OC,6.421033894843724,442,5.281891443492731,hiv_38573,MoleculeNet_HIV,True
Cc1nc(O)c2sc3nc4ccccc4n3c2n1,6.42037031183797,443,5.807328206975682,hiv_38159,MoleculeNet_HIV,True
CCn1c(=N)sc2nc3ccccc3n2c1=O,6.419669863201648,444,5.815917376217469,hiv_9929,MoleculeNet_HIV,True
CC1=C(C(=O)NNC(=O)C[n+]2ccccc2)CC(C(=O)NNC(=O)C[n+]2ccccc2)=C(C)N1.[Cl-],6.419481274587588,445,5.865117428028052,hiv_25221,MoleculeNet_HIV,True
CC(C)=CC1CC(C)c2c(O)cc(C)c3c2C1=C(C)C(=O)C3=O,6.419207764010353,446,5.275797420616706,hiv_41023,MoleculeNet_HIV,True
CNC(=O)c1cc(Oc2ccc(NC(=O)Nc3ccc(Cl)c(C(F)(F)F)c3)cc2)ccn1,6.415306892604846,447,5.303496222852242,davis_216239,DAVIS_spike_in,True
CCOc1ccc(NC(=O)CC2SC(=N)NC2=O)cc1,6.414832487009362,448,5.656398207842678,hiv_15394,MoleculeNet_HIV,True
CC1(C(=O)O)CCC2(C)CCC3(C)C(=CC(=O)C4C5(C)CCC(OC6OC(C(=O)O)C(O)C(O)C6OC6OC(C(=O)O)C(O)C(O)C6O)C(C)(C)C5CCC43C)C2C1.NCCCCN,6.412253248934441,449,5.699174800741511,hiv_12732,MoleculeNet_HIV,True
C#CC1(O)CCC2C3CCC4=CCCCC4C3CCC21C,6.409818362145707,450,5.188825486878592,hiv_1270,MoleculeNet_HIV,True
CCCC(=O)Nc1cc(C=CC(=O)N2CC(CCl)c3c2cc([N+](=O)[O-])c2ccccc32)n(C)c1,6.408899723488598,451,5.343150161393755,hiv_37793,MoleculeNet_HIV,True
COc1cc(C=CC(=O)OCC23OC2C(OC2OC(C)C(O)C(O)C2O)C2C=COC(OC4OC(CO)C(O)C(O)C4O)C23)ccc1O,6.40783288800544,452,5.678048470574707,hiv_40026,MoleculeNet_HIV,True
CCOC(=O)C12CC(C=COC)(O[Si](C)(C)C)C13c1cc(OC)c(OC)cc1CCN3C(=O)C2O,6.4071699132044015,453,5.186369984157904,hiv_26742,MoleculeNet_HIV,True
Cc1c(N2C(=O)C(=Cc3ccc(N(CCC#N)CCC#N)cc3)N=C2c2ccccc2)c(=O)n(-c2ccccc2)n1C,6.404329971334168,454,5.88736938330844,hiv_39047,MoleculeNet_HIV,True
Cc1ccc(NC(=O)C2C(=O)N(c3ccc(C)c(C)c3)C(=O)C2=NO)cc1C,6.401712170786727,455,5.180070931808167,hiv_17005,MoleculeNet_HIV,True
CC(=O)Nc1ccc(C=C2C(=O)NC(=S)N2C=C(C#N)c2ccc([N+](=O)[O-])cc2)cc1,6.401449382961713,456,5.325856052137528,hiv_25979,MoleculeNet_HIV,True
COc1cccc2c1C(=O)c1c(O)c3c(c(O)c1C2=O)CC(O)(C(C)=O)CC3OC1CC(N(C)C)C(O)C(C)O1,6.400134261902136,457,5.217250894612238,hiv_6813,MoleculeNet_HIV,True
COC1C(OC(C)=O)CC(=O)OC(C)CC2OC2C=CC(=O)C(C)CC(CC=O)C1OC1OC(C)C(OC2CC(C)(O)C(OC(=O)CC(C)C)C(C)O2)C(N(C)C)C1O,6.3997565632729785,458,5.67676530452229,hiv_1655,MoleculeNet_HIV,True
Cc1nnc(NN=C2C(=O)Nc3ccccc32)n1N,6.3995075770917005,459,5.844570034239536,hiv_16718,MoleculeNet_HIV,True
O=C1NC(=O)C(=CNC(=S)Nc2ccc(S(=O)(=O)Nc3nccs3)cc2)C(=O)N1,6.3965919602335894,460,5.325771330431873,hiv_26264,MoleculeNet_HIV,True
Cc1ccsc1C(=S)Nc1ccc(Cl)c(C=NOC(C)C)c1,6.391543445219794,461,5.437516026919367,hiv_21413,MoleculeNet_HIV,True
CC1=NN(c2ccccc2)C(=O)C1N=Nc1ccc(S(=O)(=O)Nc2cc(C)nc(C)n2)cc1,6.3882939633416145,462,5.261135830384976,hiv_4217,MoleculeNet_HIV,True
CC(C)(C)OC(=O)NCC(=O)NC1CC(=NO)c2sccc21,6.386762237565098,463,5.642336513836386,hiv_34443,MoleculeNet_HIV,True
CN(C)CCCNC(=O)c1cc(NC(=O)c2cc(NC(=O)c3cc(NC(=O)c4ccnc(C(=O)Nc5cc(C(=O)Nc6cc(C(=O)Nc7cc(C(=O)NCCCN(C)C)n(C)c7)n(C)c6)n(C)c5)c4)cn3C)cn2C)cn1C,6.3855526049025695,464,5.182733883562433,hiv_38731,MoleculeNet_HIV,True
CN(C)CCCNC(=O)CCNC(=O)c1cc(NC(=O)c2cc(NC(=O)c3cc(NC(=O)c4nc(NC(=O)CCCNC(=O)c5cc(NC(=O)c6cc(NC(=O)c7cc(NC(=O)c8nccn8C)cn7C)cn6C)cn5C)cn4C)cn3C)cn2C)cn1C.O=C(O)C(F)(F)F,6.384906964210455,465,5.1774773941256145,hiv_35505,MoleculeNet_HIV,True
COc1ccccc1N1C(=O)C(=Cc2cc(OC)c(OC)c(OC)c2)S(=O)(=O)C1c1ccccc1,6.3841935900422175,466,5.993210208963073,hiv_40189,MoleculeNet_HIV,True
Cc1cc(NS(=O)(=O)c2ccc(NC(NC(=O)OC(C)C)(C(F)(F)F)C(F)(F)F)cc2)nc(C)n1,6.382531406796288,467,5.435729630990774,hiv_30827,MoleculeNet_HIV,True
Cc1ccc(C(=O)Nc2ccc(CP(=O)(O)O)cc2)cc1NC(=O)c1cccc(N)c1,6.382333550665569,468,5.600232305400527,hiv_34906,MoleculeNet_HIV,True
CC1=NN(c2ccccc2)C(=O)C1N=Nc1ccc(S(=O)(=O)Nc2ccccn2)cc1,6.382300483619604,469,5.263654287816708,hiv_4219,MoleculeNet_HIV,True
CC(=O)Nc1cc(N=Nc2ccc(N=Nc3ccc(NC(=O)c4ccc(N)cc4)cc3C)cc2C)c(S(=O)(=O)O)cc1N=Nc1cccc(C(=O)O)c1,6.371955973010855,470,5.172549689432636,hiv_2969,MoleculeNet_HIV,True
O=C(c1ccc([N+](=O)[O-])cc1)N1CCCC1,6.369004550396567,471,5.879282284535979,hiv_33083,MoleculeNet_HIV,True
Cc1cc(O)c2c(c1)CC(O)C1=C2C(=O)c2c(O)ccc(OC3CC(O)C(OC4CC(OC5CCC(OC6CC(O)C(OC7CC(OC8CCC(O)C(C)O8)C(O)C(C)O7)C(C)O6)C(C)O5)C(O)C(C)O4)C(C)O3)c2C1=O,6.368520265262516,472,5.17365647538592,hiv_18294,MoleculeNet_HIV,True
CC1(C)OC2OC(C3OCC4OC(n5ccc(=O)[nH]c5=O)C(O)C4N3O)C3OC(C)(C)OC3C2O1,6.367371830242918,473,5.188411830278616,hiv_24608,MoleculeNet_HIV,True
COC(=O)C1C2C=CC(C2)C1(C(=O)OC)S(=O)CC12CCC(CC1O)C2(C)C,6.3667071861288544,474,5.676670185850766,hiv_19927,MoleculeNet_HIV,True
CCOC(=O)C(NC(=O)c1ccccc1)(Nc1ccc(S(=O)(=O)Nc2cc(C)on2)cc1)C(F)(F)F,6.3657126023449315,475,5.291747582891662,hiv_30912,MoleculeNet_HIV,True
N=C(NC(=N)Nc1ccc(S(=O)(=O)Nc2cnc3ccccc3n2)cc1)Nc1ccc(Br)cc1,6.364558174110525,476,5.318836365313554,hiv_608,MoleculeNet_HIV,True
O=C(Nc1ccc(Cl)cc1)Nc1ccc(Cl)c(Cl)c1,6.36334066256182,477,5.305289749836417,hiv_2588,MoleculeNet_HIV,True
COc1cc(NC(=O)c2ccc(NC(=O)c3ccc(N)cc3)cc2)c(OC)cc1N=Nc1ccc(N=Nc2ccc3cc(S(=O)(=O)O)cc(S(=O)(=O)O)c3c2)c(C)c1,6.360452664009731,478,5.230620918132427,hiv_2908,MoleculeNet_HIV,True
Cc1cc(NC(=O)c2ccc(N)cc2)ccc1N=Nc1ccc2c(O)c(N=Nc3ccc(S(=O)(=O)O)cc3C)c(S(=O)(=O)O)cc2c1,6.359392102921274,479,5.192105221369536,hiv_2900,MoleculeNet_HIV,True
Cc1cc(NS(=O)(=O)c2ccc(NC(=O)c3cccc4c(NNc5ccc(S(N)(=O)=O)cc5)c5ccccc5nc34)cc2)no1,6.3561176624553966,480,5.313950248232116,hiv_32739,MoleculeNet_HIV,True
Cc1cc(NS(=O)(=O)c2ccc(NC(=O)c3cccc4c(N)c5ccccc5nc34)cc2)no1,6.3561176624553966,481,5.313950248232116,hiv_20186,MoleculeNet_HIV,True
CCOc1ccc(N=Nc2ccc3oc(=O)c(C(C)=NNC(=O)CC(=O)Nc4ccc(Cl)cc4)cc3c2)cc1,6.355873351404811,482,5.707505084530311,hiv_19587,MoleculeNet_HIV,True
COC1CC(OC2C(C)OC(OC3C(C)OC(OC4C(O)CC(OC5CCC6(C)C(=CCC7(O)C6CC(OC(C)=O)C6(C)C(O)(C(C)=O)CCC76O)C5)OC4C)CC3OC)CC2OC)OC(C)C1O,6.352599289896623,483,5.158392150948369,hiv_35432,MoleculeNet_HIV,True
CC(=O)Nc1ccc(C(=O)NC2C(=O)N3C2SC(C)(C)C3C(=O)O)cn1,6.3494257693737906,484,5.182460574805823,hiv_3637,MoleculeNet_HIV,True
COc1ccc(NC(=O)C(=CN2C(=O)CC(=O)NC2=S)C(C)=O)cc1,6.348945313551325,485,5.302163906128443,hiv_26180,MoleculeNet_HIV,True
CCOc1ncn(-c2ccc(NC(=S)Nc3ncccn3)cc2)n1,6.3442428978267325,486,5.707247972597805,hiv_24450,MoleculeNet_HIV,True
CC1OC(OC2C(O)COC(OC3C(C)OC(OC4C(OC(=O)C56CCC(C)(C)CC5C5=CCC7C8(C)CC(O)C(OC9OC(CO)C(O)C(O)C9O)C(C)(CO)C8CCC7(C)C5(C)CC6)OCC(O)C4O)C(O)C3OC3OCC(O)(CO)C3O)C2O)C(O)C(O)C1O,6.344048502114748,487,5.62708246381325,hiv_40744,MoleculeNet_HIV,True
Cc1cc(NC(=O)c2ccc(N)cc2)ccc1N=Nc1ccc2c(O)c(N=Nc3ccc4cc(S(=O)(=O)O)ccc4c3)c(S(=O)(=O)O)cc2c1,6.342086226110846,488,5.192105221369536,hiv_1534,MoleculeNet_HIV,True
Cc1ccc(NC(=O)CCC(CC(=O)C(C)(C)C)=NNc2ccc([N+](=O)[O-])cc2[N+](=O)[O-])cc1C,6.334857184651811,489,5.217920740193344,hiv_15027,MoleculeNet_HIV,True
CC(C)C(OC(=O)c1cc(NC(=S)c2cccn2C)ccc1Cl)C(C)C,6.331722782104969,490,5.436971031625282,hiv_21901,MoleculeNet_HIV,True
CCc1cccc(C(C)C)c1NC(=O)C(=O)C(CC(=O)Nc1ccc(Cl)c(Cl)c1)C(=O)OC,6.33168559517178,491,5.386016314933399,hiv_16826,MoleculeNet_HIV,True
CSc1nc(NC2OCC(O)C(O)C2O)cc(=O)n1C,6.327873999138412,492,5.17590793866697,hiv_10146,MoleculeNet_HIV,True
CN1CCN(C(N)=C(C#N)C(=O)Nc2ccc(Cl)cc2)CC1,6.325457447540379,493,5.32149189554213,hiv_40691,MoleculeNet_HIV,True
CCOC(=O)Nc1ccc2[nH]c(-c3cscn3)nc2c1,6.3223709307375255,494,5.199940529695893,hiv_7557,MoleculeNet_HIV,True
Cc1cc(C)nc(NS(=O)(=O)c2ccc(NC(=O)c3cccc4c(Nc5ccc(S(=O)(=O)Nc6nc(C)cc(C)n6)cc5)c5ccc(Cl)cc5nc34)cc2)n1,6.322051883729461,495,5.723622422894927,hiv_15459,MoleculeNet_HIV,True
Cc1ccc(Nc2nc(C)c(C(=O)CC(=NNC(N)=S)C(=O)Nc3ccc(Cl)cc3C)s2)cc1,6.3197401504728745,496,5.178673048085448,hiv_24903,MoleculeNet_HIV,True
CCC(C)N1CN(c2ccccc2)C2(CCN(CC3COc4ccccc4O3)CC2)C1=O.Cl,6.31728587148835,497,5.7256658881994635,hiv_28061,MoleculeNet_HIV,True
Br.Clc1ccc(C2=CSC3=NCCN23)cc1,6.316239494471811,498,5.856434725832208,hiv_9792,MoleculeNet_HIV,True
Cc1cc(NS(=O)(=O)c2ccc(NC(=O)c3cccc4c(=O)c5ccccc5[nH]c34)cc2)no1,6.315385616073486,499,5.291086700204863,hiv_14564,MoleculeNet_HIV,True
COC(=O)C1(Cc2cccc(Cl)c2)CCCCCCN1C(=O)c1ccccc1,6.3135223120478985,500,5.997182064463735,hiv_25356,MoleculeNet_HIV,True
CCCCCCCCCCCCCCCCCCNc1nc(=O)n(C2CC(OC(C)=O)C(COP(=O)(O)OCC3CCC(n4ccc(NC(=O)CCCCCCCCCCCCCCC)nc4=O)O3)O2)cc1F,6.308701377265551,501,5.184913149788886,hiv_40345,MoleculeNet_HIV,True
CCOC(=O)c1c(NC(=O)c2cccs2)sc2c1CCC2,6.305671244883761,502,5.398734904041397,hiv_37382,MoleculeNet_HIV,True
CCOC(=O)C1=NN(c2ccc(Cl)cc2)C2=CC(C)=NN(C)C(=S)N21,6.305043257893312,503,5.1916341200200025,hiv_31041,MoleculeNet_HIV,True
CN1CCN(c2c(C(=O)Nc3ccc([N+](=O)[O-])cc3)cc([N+](=O)[O-])cc2[N+](=O)[O-])CC1,6.304206899421435,504,5.317117039407087,hiv_9331,MoleculeNet_HIV,True
O=C(NNC(=S)Nc1ccc(Br)cc1)c1cc(-c2ccccc2)nc2ccccc12,6.30275300458546,505,5.476531044133614,hiv_36812,MoleculeNet_HIV,True
CN(C)CCCNC(=O)c1cc(NC(=O)c2cc(NC(=O)c3cc(NC(=O)c4ccc(C(=O)Nc5cc(C(=O)Nc6cc(C(=O)Nc7cc(C(=O)NCCCN(C)C)n(C)c7)n(C)c6)n(C)c5)cc4)cn3C)cn2C)cn1C,6.301858117034513,506,5.182733883562433,hiv_38723,MoleculeNet_HIV,True
Cc1cc(Cl)ccc1NC(=O)CCC(CC(=O)C(C)C)=NNC(=O)C[n+]1ccccc1.[Cl-],6.300489398576718,507,5.398422223965956,hiv_14420,MoleculeNet_HIV,True
C=CCNC1=NC(=O)C(CC(=O)Nc2ccc([N+](=O)[O-])cc2[N+](=O)[O-])S1,6.300443162329363,508,5.845946550893626,hiv_16162,MoleculeNet_HIV,True
Cc1ccc(S(=O)(=O)NC(=O)NC2=NC(C)(C)N(c3ccc(Cl)c(Cl)c3)C(=N)N2)cc1,6.300381676817226,509,5.327971526366532,hiv_10090,MoleculeNet_HIV,True
O=C1CS(=O)(=O)C(c2ccccc2)N1N1C(=O)CS(=O)(=O)C1c1ccccc1,6.29701870301834,510,5.993249135571933,hiv_9237,MoleculeNet_HIV,True
CN(C)CCCNC(=O)c1cc(NC(=O)c2cc(NC(=O)c3cc(NC(=O)c4cncc(C(=O)Nc5cc(C(=O)Nc6cc(C(=O)Nc7cc(C(=O)NCCCN(C)C)n(C)c7)n(C)c6)n(C)c5)c4)cn3C)cn2C)cn1C,6.295863650934197,511,5.182733883562433,hiv_38726,MoleculeNet_HIV,True
COC1C(O)CC(=O)OC(C)CC=CC=CC(OC2CCC(N(C)C)C(C)O2)C(C)CC(CC=O)C1OC1OC(C)C(OC2CC(C)(O)C(O)C(C)O2)C(N(C)C)C1O,6.29500599909542,512,5.671170137991283,hiv_2229,MoleculeNet_HIV,True
CC(C)=CCCC1(C)C=Cc2c(ccc3c(C)noc23)O1,6.292040446698427,513,5.862492290263638,hiv_8413,MoleculeNet_HIV,True
CCCc1cc(O)nc2c3c(c4c(c12)OC(C)(C)C=C4)OC(C)C(C)C3O,6.289595766546831,514,5.434466126049562,hiv_40883,MoleculeNet_HIV,True
Cc1ccc(NC(=O)C(=O)C2C(=O)NC(=O)NC2=O)cc1C,6.288987670246324,515,5.196121739963498,hiv_21163,MoleculeNet_HIV,True
COc1cc2c[n+](C)c3c4cc(OC)c(OC(C)C)cc4ccc3c2cc1OC.[Cl-],6.28889168492184,516,5.456603581511092,hiv_20679,MoleculeNet_HIV,True
Cc1ccc(NC(=O)C(Cc2cc(=O)oc3cc(O)ccc23)=NNC(C)(C)C)cc1C,6.287802839375144,517,5.235060180744299,hiv_22355,MoleculeNet_HIV,True
O=C(Nc1ccc(S(=O)(=O)Nc2ncccn2)cc1)c1ccc(C(=O)Nc2ccc(S(=O)(=O)Nc3ncccn3)cc2)cc1,6.286304371956917,518,5.6957089950882,hiv_3425,MoleculeNet_HIV,True
COC1CC(OC2C(C)OC(OC3C(C)OC(OC4C(O)CC(OC5CCC6(C)C(=CCC7(O)C6CC(OC(=O)C=Cc6ccccc6)C6(C)C(O)(C(C)=O)CCC76O)C5)OC4C)CC3OC)CC2OC)OC(C)C1O,6.284295989732866,519,5.263485095037263,hiv_35434,MoleculeNet_HIV,True
CCCCC1(OC(=O)CCC(=O)O)CCC2(CCC(C)C(CC=C(C)C=CC(O)C(C)C=CC(=O)O)O2)OC1CCC(C)=CC(=O)O,6.283515991940677,520,5.401915811275567,hiv_21921,MoleculeNet_HIV,True
CCOC(=O)Nc1cc(NC(C)C(=NO)c2ccccc2)c([N+](=O)[O-])c(N)n1,6.2823465067774915,521,5.424708071438845,hiv_9085,MoleculeNet_HIV,True
CCOC=NC1=C(C#N)C(c2ccc(Cl)cc2)c2c(-c3ccccc3)nn(-c3ccccc3)c2O1,6.2810726640345855,522,5.374982483253597,hiv_37828,MoleculeNet_HIV,True
CC(C)c1oc(=O)cc2c1C(O)C1OC(=O)C3(C)C(O)C4OC4C2(C)C13,6.2809637761680195,523,5.4662529561025,hiv_6427,MoleculeNet_HIV,True
CCCC(O)c1cn(C(NC(=O)c2ccccc2)P(=O)(OCC)OCC)nn1,6.279054024931316,524,5.341381061730152,hiv_32597,MoleculeNet_HIV,True
COC1OC2COc3ccccc3OC2C2C1N2C(N)=O,6.278655662970439,525,5.263349320266883,hiv_6404,MoleculeNet_HIV,True
O=c1c2cncnc2sc2nc3ccccc3n12,6.2757888702262665,526,5.803849972575317,hiv_10276,MoleculeNet_HIV,True
O=C(O)CC1C(=O)OC2C3COC(=O)c4cc(O)c(O)c(O)c4-c4c(cc(O)c(O)c4O)C(=O)OC2C(OC(=O)c2cc(O)c(O)c4c2C1C(O)C(=O)O4)C(OC(=O)c1cc(O)c(O)c(O)c1)O3,6.2752083231936675,527,5.255344439593634,hiv_8354,MoleculeNet_HIV,True
COc1cc2c(cc1OC)C(CC1=C(c3ccccc3)CN3CCc4cc(OC)c(OC)cc4C3C1)NCC2,6.275119663519913,528,5.992844922324565,hiv_4845,MoleculeNet_HIV,True
COc1cc(COC(=O)N2CC=CC2C(=O)O)c([N+](=O)[O-])cc1OC,6.274743294637548,529,5.990861819775813,hiv_24202,MoleculeNet_HIV,True
CCCCC1(c2sccc2C(O)(C(F)F)C(F)(F)F)NC(C)(C)CO1,6.273191884136139,530,5.41629620646371,hiv_30019,MoleculeNet_HIV,True
Cc1ccc(N2C(=O)C(=Cc3ccc(N(CCC#N)CCC#N)cc3)N=C2COc2ccc(Cl)cc2Cl)cc1,6.271641264520693,531,5.8843566070108295,hiv_20335,MoleculeNet_HIV,True
COc1cccc2c1C(=O)c1c(O)c3c(c(O)c1C2=O)CC(O)(C(=O)CO)CC3OC1CC(N2CCOCC2)C(O)C(C)O1,6.27070492241625,532,5.277610145605266,hiv_8659,MoleculeNet_HIV,True
COCCOCCOCCOCCOCCOCCOCCOCCOCCOCCOCCOCCOCCOCCOCCOCCOCC(=O)N(CCn1ccc(NC(c2ccccc2)(c2ccccc2)c2ccccc2)nc1=O)CCn1cnc2nc(NC(=O)c3ccccc3)nc(O)c21,6.270352614040262,533,5.295999434182388,hiv_18464,MoleculeNet_HIV,True
O=C(Nc1ccc(Cl)cc1)c1cc(S(=O)(=O)N2CCNNC2=O)c(S)cc1Cl,6.270209482695094,534,5.344908541389728,hiv_39429,MoleculeNet_HIV,True
CC(O)C(=O)O.CN1CCN(c2ccc3c(c2)NC(=C2C(=O)N=c4cccc(F)c4=C2N)N3)CC1.O,6.269500307351975,535,5.558835998292668,davis_44150621,DAVIS_spike_in,True
CC1=COC2OC3(C)CCC4C(C)CCC1C24O3,6.2694244889143675,536,5.188798155386631,hiv_39109,MoleculeNet_HIV,True
Cc1cc(O)c2c(c1)OC1(C)CCC3C(C)(C)CCCC34COC2C14,6.269310534266791,537,5.299255860199681,hiv_4850,MoleculeNet_HIV,True
CC(=O)NC1CC2Oc3ccc(C)cc3C(C)(O2)C1O,6.268255558003284,538,5.325725108341865,hiv_12613,MoleculeNet_HIV,True
COc1ccc(C2SC(=N)Nc3c2c(C)nn3C(=O)c2ccc(Cl)cc2)cc1,6.267108170385746,539,5.280356589956685,hiv_25101,MoleculeNet_HIV,True
COc1cc(C(=C2SCCS2)c2nccc3cc(OC)c(OC)cc23)c([N+](=O)[O-])cc1OC,6.2656086160751325,540,5.272127251016854,hiv_13604,MoleculeNet_HIV,True
Cc1ccc(NC(=O)CCC(=O)C2CC(=O)CCC2=O)cc1C,6.265141238311647,541,5.179872657011372,hiv_15079,MoleculeNet_HIV,True
Cc1cc(C)nc(NS(=O)(=O)c2ccc(NC(=O)c3ccc4nc5ccccc5c(Nc5ccc(S(=O)(=O)Nc6nc(C)cc(C)n6)cc5)c4c3)cc2)n1,6.263247123820371,542,5.729627454414718,hiv_32701,MoleculeNet_HIV,True
CC1=C(C(=O)NNC(=O)Cc2ccccc2)CC(C(=O)NNC(=O)Cc2ccccc2)=C(C)N1,6.263207921098087,543,5.816849631307269,hiv_24927,MoleculeNet_HIV,True
CCOc1ccc(NC(=O)C(=O)CC(=O)C2=C(C)Nc3ccccc3S2)cc1,6.2613083233524,544,5.740598841325911,hiv_16752,MoleculeNet_HIV,True
O=C1c2c(F)c(F)c(F)c(F)c2SC2=NCCN12,6.2605482792225855,545,5.85423068819,hiv_30756,MoleculeNet_HIV,True
CC1(C)CC(C2CC(C)(C)CC(C)(C)C2O)C(O)C(C)(C)C1,6.259588482014962,546,5.845773436185091,hiv_22730,MoleculeNet_HIV,True
CCCCCCCCCCCCCCCC(=O)Nc1ccn(C2CCC(COP(=O)(O)OCC3CCC(n4cnc5c(O)ncnc54)O3)O2)c(=O)n1,6.258114628861513,547,5.18694499753525,hiv_38396,MoleculeNet_HIV,True
CNC(=O)c1cc(NC(=O)N(CCC#N)CCN(C(=O)NC(Cc2ccccc2)C(=O)NC(CC(C)C)C(=O)NC)c2ccccc2)ccc1OC,6.25227331150709,548,5.408515730119229,hiv_36912,MoleculeNet_HIV,True
COc1cc2cccc(N=Cc3c(Br)ccc(OC)c3OC(C)C)c2cc1OC,6.252087555899886,549,5.44724041476238,hiv_20665,MoleculeNet_HIV,True
S=C(Nc1ccc2c(c1)oc1ccccc12)c1cccs1,6.25077090770798,550,5.267833391327879,hiv_36510,MoleculeNet_HIV,True
CC1=CC2OC3C(O)C(O)C(C)(C34CO4)C2(C(=O)O)CC1,6.247669637837867,551,5.184654046667591,hiv_7920,MoleculeNet_HIV,True
O=c1c(=Cc2cccc3ccccc23)sc2nc3ccccc3n12,6.247022520894294,552,5.80264241815272,hiv_15947,MoleculeNet_HIV,True
O=c1c(=Cc2ccccc2[N+](=O)[O-])sc2nc3ccccc3n12,6.247022520894294,553,5.80264241815272,hiv_15953,MoleculeNet_HIV,True
COc1cc2c(cc1OC)-c1cc3cc(OC)c(OC)cc3c(=O)n1CC2,6.244857998415212,554,5.284032175725875,hiv_38391,MoleculeNet_HIV,True
O=S1(=O)CC(c2ccccc2)(c2ccccc2)Nc2ccccc21,6.243950406003048,555,5.99707962454038,hiv_4972,MoleculeNet_HIV,True
COc1ccc2c(c1OC)C(C=C(c1ccccc1)c1ccccc1)CN(C)C2,6.243896346736817,556,5.356560169167935,hiv_16942,MoleculeNet_HIV,True
CC(=O)C1CCC2C3CCC4c5nn(-c6ccccc6)nc5CCC4(C)C3CCC12C,6.243409897017612,557,5.410609675656558,hiv_12709,MoleculeNet_HIV,True
O=C1N=C2NC=NN2C1=O,6.24234166743215,558,5.376398840615251,hiv_5963,MoleculeNet_HIV,True
Cc1ccc(C=NNc2cc(C)c3ccccc3n2)s1,6.241826505689229,559,5.268346362351186,hiv_35273,MoleculeNet_HIV,True
COC(=O)C=Cc1cc(=O)n2c(nc3ccccc32)s1,6.240223443216773,560,5.790064812868316,hiv_9165,MoleculeNet_HIV,True
O=C(Nc1ccc(Cl)cc1)Nc1cccc2nsnc12,6.240181505090589,561,5.325563616076529,hiv_6268,MoleculeNet_HIV,True
C=CCNC1=C(C(=O)OCC)C(=O)CO1,6.239951606621,562,5.709138356063813,hiv_16207,MoleculeNet_HIV,True
Cc1coc2c1C(O)C1(C)C(C)CCC(O)C1(O)C2,6.238124138343508,563,5.286830136633372,hiv_4168,MoleculeNet_HIV,True
O=C1CC2CC(CC3(CO3)C2)C1F,6.2377298627516256,564,5.839311292692066,hiv_40466,MoleculeNet_HIV,True
O=[N+]([O-])c1nccn1CC1OC(n2ccnc2[N+](=O)[O-])C(O)C(O)C1O,6.2365442222002985,565,5.172159030209017,hiv_22839,MoleculeNet_HIV,True
Cc1noc(NS(=O)(=O)c2ccc(NC(=O)c3ccc4[nH]c5ccccc5c(=O)c4c3)cc2)c1C,6.236486251258741,566,5.291086700204863,hiv_32716,MoleculeNet_HIV,True
N#Cc1sc2nc3ccccc3n2c1N,6.2345522621193785,567,5.803849972575317,hiv_38156,MoleculeNet_HIV,True
COc1ccc(-c2coc3c4c(c5c(c3c2=O)OC(C)(C)CC5)OC(C)(C)C=C4)cc1OC,6.2343819911220955,568,5.4232377628020885,hiv_904,MoleculeNet_HIV,True
CCc1ccc(NC(=O)NC(=O)c2ccccc2[N+](=O)[O-])cc1Oc1ncc(Cl)cn1,6.234020900725227,569,5.300184324009936,hiv_11832,MoleculeNet_HIV,True
O=c1c2ccccc2nc(-c2ccccc2)n1-c1nccs1,6.233145579085162,570,5.310403345506332,hiv_8602,MoleculeNet_HIV,True
CN(C)C1C(O)=C(C(=O)NCNC2(C(=O)O)CCCC2)C(=O)C2(O)C(O)=C3C(=O)c4c(O)cccc4C(C)(O)C3CC12,6.23264193649598,571,5.183958025848624,hiv_2231,MoleculeNet_HIV,True
CCOC(=O)C(Cc1nc2ccccc2n(C)c1=O)=NO,6.231966096159523,572,5.810644177652734,hiv_6742,MoleculeNet_HIV,True
CCOC(=O)C(NC(=O)CC)(Nc1ccc(S(=O)(=O)Nc2ccc(OC)nn2)cc1)C(F)(F)F,6.231814052078371,573,5.120534432899294,hiv_31871,MoleculeNet_HIV,True
COc1ccc(C(=NO)c2ccccc2-c2nc3ccccc3c(=O)n2-c2ccc(S(=O)(=O)Nc3ccccn3)cc2)cc1C,6.231400164809405,574,5.214999751909928,hiv_31307,MoleculeNet_HIV,True
CC1(C)CNc2cc(NC(=O)c3cccnc3NCc3ccncc3)ccc21,6.230564197196608,575,5.1513148569311715,davis_11667893,DAVIS_spike_in,True
CCCCCCCCCCC(OC(C)=O)C1CCC(C2CCC(C(O)CC#CC=CCCCCCCCC3(Sc4ccccc4)CC(C)OC3=O)O2)O1,6.230479386890484,576,5.996177781740504,hiv_23159,MoleculeNet_HIV,True
COC(C(=O)C(O)C(C)O)C1Cc2cc3cc(OC4CC(OC(C)=O)C(OC5CC(O)C(OC)C(C)O5)C(C)O4)cc(O)c3c(O)c2C(=O)C1OC1CC(OC2CC(OC3CC(C)(O)C(OC(=O)C(C)C)C(C)O3)C(O)C(C)O2)C(O)C(C)O1,6.229812736697438,577,5.362243093110804,hiv_1303,MoleculeNet_HIV,True
COC(=O)C1(Cc2ccc3ccccc3c2)CCCCCCN1C(=O)c1ccccc1,6.228482066830585,578,5.997182064463735,hiv_24835,MoleculeNet_HIV,True
CC1(C)OC2OC3CCC(=O)CC3(O)C2O1,6.227160749572818,579,5.306055373310916,hiv_12307,MoleculeNet_HIV,True
CCC(=O)N1C(=O)C(C)C23c4cccc([N+](=O)[O-])c4C(=O)N2CCCN13,6.22544547926476,580,5.22185505051361,hiv_9473,MoleculeNet_HIV,True
O=C1c2cccc3cccc(c23)C(=O)N1c1nccs1,6.2251989804691075,581,5.3089376679190154,hiv_2649,MoleculeNet_HIV,True
COc1ccc2c(c1OC)C1N(C)CCc3cc4c(cc3C1(OC)C2=O)OCO4,6.224401606381416,582,5.295539405761934,hiv_9008,MoleculeNet_HIV,True
Cc1ccc(S(=O)(=O)O)cc1.N=C(NO)NN=Cc1cccs1,6.223271775338244,583,5.311112915217828,hiv_14655,MoleculeNet_HIV,True
O=C(CNC1=NCCN1)Nc1ccc(NC(=O)c2ccc(C(=O)Nc3ccc(NC(=O)CNC4=NCCN4)cc3)cc2)cc1,6.222437290890423,584,5.718560227243112,hiv_2949,MoleculeNet_HIV,True
c1ccc2nc3c(nc2c1)sc1nc2ccccc2n13,6.221185004815516,585,5.803849972575317,hiv_28322,MoleculeNet_HIV,True
COc1ccc(C2(CC(C)C)CCN(S(=O)(=O)c3ccc(C)cc3)C2)cc1OC,6.219980486730508,586,5.400374886867994,hiv_39581,MoleculeNet_HIV,True
N=C1C(=Cc2ccccc2)C(=O)N=C2SC=NN12,6.2194870361870125,587,5.4635040318353205,hiv_32760,MoleculeNet_HIV,True
COc1ccc(C2CC(=O)c3c(O)cc(OC4OC(CO)C(O)C(O)C4OC4OC(C)C(O)C(O)C4O)cc3O2)cc1O,6.217788834448984,588,5.688231836768842,hiv_1092,MoleculeNet_HIV,True
O=c1n(CCCN2CCN(c3cccc(Cl)c3)CC2)nc2n1-c1ccc3ccccc3c1SC2,6.216048747181082,589,5.411532594956527,hiv_39160,MoleculeNet_HIV,True
Cc1ccc(Nc2nccc(N(C)c3ccc4c(C)n(C)nc4c3)n2)cc1S(N)(=O)=O,6.215923585901323,590,5.277557770245845,davis_10113978,DAVIS_spike_in,True
N=C(N)NS(=O)(=O)c1ccc(NCc2cccc3c(=O)c4ccc(Cl)cc4oc23)cc1,6.21581173507395,591,5.325065154030372,hiv_37502,MoleculeNet_HIV,True
CN1CCCC1=C1C(=O)N(c2ccccc2)N=C1c1ccc[nH]1,6.2157313163415155,592,5.285598868564355,hiv_38922,MoleculeNet_HIV,True
C=C(Nc1nc2ccc(C)cc2s1)C(=O)C(CC)C(=O)C(CC)CC1C(=O)NC(=O)NC1=O,6.214818151479967,593,5.406130426774733,hiv_22478,MoleculeNet_HIV,True
CCOC(=O)c1ccc(Nc2cnc3cc(C(F)(F)F)ccc3n2)cc1,6.2139981019701205,594,5.196742455898819,hiv_32017,MoleculeNet_HIV,True
Cc1cc(C)nc(NS(=O)(=O)c2ccc(NC(=O)c3ccc4nc5ccccc5c(Nc5ccc(S(N)(=O)=O)cc5)c4c3)cc2)n1,6.2139176398019185,595,5.729627454414718,hiv_32709,MoleculeNet_HIV,True
COC(=O)C(C(=O)C(=O)Nc1ccc(C(F)(F)F)cc1[N+](=O)[O-])c1csc(-n2nc(-c3ccccc3)cc2-c2ccccc2)n1,6.212283777889473,596,5.438753530490493,hiv_20459,MoleculeNet_HIV,True
Cc1cc(C(=O)Nc2ccc(NC3=NCCN3)cc2)c(C)cc1C(=O)Nc1ccc(NC2=NCCN2)cc1,6.211149237825218,597,5.329248934862484,hiv_2406,MoleculeNet_HIV,True
CC1OC(CC(=O)O)Cc2c(O)c3c(c(O)c21)C(=O)C=C(C1=CC(=O)c2c(O)c4c(c(O)c2C1=O)CC(CC(=O)O)OC4C)C3=O,6.210255123661557,598,5.259382151410245,hiv_7324,MoleculeNet_HIV,True
CC1(C)Oc2ccc3c(=O)cc(-c4cccs4)oc3c2C1C(=O)O,6.210066872681058,599,5.300520420165426,hiv_34703,MoleculeNet_HIV,True
CCOC(=O)C(C=O)=[N+]1c2ccccc2N(C)[C-]1C,6.209892845720133,600,5.416301156737763,hiv_20720,MoleculeNet_HIV,True
Cc1ccc(S(=O)(=O)NC(=O)Nc2sc(=S)c3c(c2C#N)CCCC3)cc1,6.209346649482838,601,5.313184718119449,hiv_8140,MoleculeNet_HIV,True
N=CNS(=O)(=O)c1ccc(NC(=O)COC(=O)c2cccc3c(=O)c4ccccc4[nH]c23)cc1,6.207895171293961,602,5.687875466064681,hiv_14576,MoleculeNet_HIV,True
CSC(SC)=C1C(=O)N(c2ccccc2)N=C1C,6.205977431043012,603,5.311911988657386,hiv_36622,MoleculeNet_HIV,True
COc1cccc(N2CCc3c(C)c(C#N)c4nc5ccccc5n4c32)c1,6.205789085449138,604,5.800532499835965,hiv_28304,MoleculeNet_HIV,True
CC(=O)C1CCC2C3CC=C4CC(OC5OC(COS(=O)(=O)O)C(O)C(O)C5O)CCC4(C)C3CCC12C.CCN(CC)CC,6.203739377383794,605,5.323642857998113,hiv_20068,MoleculeNet_HIV,True
CNN=C(Cc1occc(=O)c1O)C(=O)Nc1ccc(C)c(C)c1,6.203366888990959,606,5.171876252574496,hiv_19247,MoleculeNet_HIV,True
CCN1CC2(COC)CCC(O)C34C5CC6C(OC)CC(O)(C5C6O)C(O)(C(OC)C23)C14,6.203262688483003,607,5.18590469729828,hiv_11872,MoleculeNet_HIV,True
CC(=O)OC1C(O)COC(OC2CCC34CC35CCC3(C)C(C6(C)CCC(C(C)(C)O)O6)C(O)CC3(C)C5CC(OC3OCC(O)C(O)C3O)C4C2(C)C)C1OC1OCC(O)C(O)C1O,6.203086299980581,608,5.306061359470647,hiv_36477,MoleculeNet_HIV,True
O=C(O)CC(NC(=O)Nc1ccc([N+](=O)[O-])cc1)C(=O)Nc1ccc([N+](=O)[O-])cc1,6.202175852091709,609,5.699820818561967,hiv_29767,MoleculeNet_HIV,True
CC(=O)OC(Cn1cncn1)(Cn1cncn1)c1ccc(Cl)cc1Cl,6.20075241596933,610,5.294021609722164,hiv_25397,MoleculeNet_HIV,True
CCn1c2ccccc2c2cc(NC(=O)c3c(C)nc(O)nc3NCCNCCO)ccc21.Cl,6.1997951261769515,611,5.215272370350368,hiv_33294,MoleculeNet_HIV,True
CC1(C(=O)O)CCC2(C)CCC3(C)C(=CCC4C5(C)CCC(=O)C(C)(C)C5CCC43C)C2C1,6.199572714355614,612,5.184654046667591,hiv_24168,MoleculeNet_HIV,True
CCCCN=C(c1ccccc1)N1CCOCC1,6.198630600959013,613,5.99190428795574,hiv_37560,MoleculeNet_HIV,True
N#CCCN(CCC#N)c1ccc(C=C2N=C(c3ccccc3)N(c3ccc(Cl)cc3)C2=O)cc1,6.1978220196594975,614,5.8838911489080745,hiv_39041,MoleculeNet_HIV,True
CC(C)OP(=O)(OC(C)C)C(=NNc1ccccc1[N+](=O)[O-])NNC(=O)c1ccccc1,6.197748374355841,615,5.852398014478633,hiv_23264,MoleculeNet_HIV,True
Cc1cccc2c1Oc1cc(Cl)ccc1C2NC(=O)CCN1CCN(CCO)CC1,6.196476044528817,616,5.16996613927809,hiv_24445,MoleculeNet_HIV,True
COc1cc2cc(C(=O)N3CC(CCl)c4c3cc(NC(=O)OCc3ccc([N+](=O)[O-])cc3)c3ccccc43)[nH]c2c(OC)c1OC,6.19635714144269,617,5.2892918604389125,hiv_39115,MoleculeNet_HIV,True
CCCCCN(CCCCC)CC(=O)OCC1(C)CCCC2(C)C3CCC(C(C)C)=CC3=CCC12,6.195935643213892,618,5.402178205549604,hiv_2561,MoleculeNet_HIV,True
N#Cc1cc2c(cc1C#N)C(Nc1cccc(N)n1)=NC2=Nc1cccc(N)n1,6.1945790256148205,619,5.374190812945,hiv_28165,MoleculeNet_HIV,True
COS(=O)(O)=[OH+].C[n+]1c2ccccc2c(CNc2ccc(S(=O)(=O)NC(=N)N)cc2)c2ccccc21,6.194488366799972,620,5.353417608698209,hiv_13356,MoleculeNet_HIV,True
C[N+](C)(C)CC(=O)NN=C(C(=O)Nc1ccc(Br)cc1)C1C(=O)NC(=O)NC1=O,6.193230517462493,621,5.708381475972921,hiv_19525,MoleculeNet_HIV,True
N#CCCN(CCC#N)c1ccc(C=C2CC(O)(c3ccccc3)NC2=O)cc1,6.191959260383675,622,5.727453804272391,hiv_15046,MoleculeNet_HIV,True
COCP1(=S)OC(C)CCN1C(C)C,6.191341906625855,623,5.835874943720397,hiv_40444,MoleculeNet_HIV,True
CCC(C)C(N)C(=O)NCC(=O)NC(CCCNC(=N)N)C(=O)NC(CC(N)=O)C(=O)NC(CC(C)C)C(=O)NC(CC(C)C)C(=O)NC(C(=O)NC(CCC(N)=O)C(=O)NC(C(=O)NCC(=O)O)C(C)CC)C(C)O,6.190450644746,624,5.5603136216116695,hiv_14756,MoleculeNet_HIV,True
CCOC(=O)Nc1cc(Nc2ccc(Cl)cc2)c2nc(-c3ccc(Cl)cc3)c(-c3ccc(Cl)cc3)nc2n1,6.190430390342089,625,5.181279174145043,hiv_4201,MoleculeNet_HIV,True
CCCCCCCCCCCCCCCCCCCCCCNc1ccn(C2CC(OP(=O)(O)OCC3OC(n4cc(C)c(=O)[nH]c4=O)CC3N=[N+]=[N-])C(COP(=O)(O)OCC3CCC(n4ccc(=N)[nH]c4=O)O3)O2)c(=O)n1,6.1900820303269235,626,5.186649619731933,hiv_40987,MoleculeNet_HIV,True
CCOC(=O)C1=NN(c2ccccc2)C(=O)C1=CN1C(=O)CC(=O)NC1=S,6.18929458944707,627,5.3109799779664915,hiv_26263,MoleculeNet_HIV,True
Cc1ccc(S(=O)(=O)O)cc1.N=C(NO)NN=Cc1ccc(Cl)c([N+](=O)[O-])c1,6.188782542504423,628,5.315689645679313,hiv_9134,MoleculeNet_HIV,True
CC1=NN2C(=O)CSC2=NC(C)(C)C1,6.1882648019635536,629,5.196929203170722,hiv_20814,MoleculeNet_HIV,True
Cc1ccc(Nc2nc(C)c(C(=O)CC(=O)C(=O)Nc3ccc(Cl)cc3)s2)cc1,6.1874006563511665,630,5.694273029954201,hiv_25254,MoleculeNet_HIV,True
O=C(O)c1ccc(NNc2cc(O)nc(O)n2)cc1,6.187060395801609,631,5.169039740216354,hiv_32838,MoleculeNet_HIV,True
COc1cccc2c1C(=O)c1c(O)c3c(c(O)c1C2=O)CC(O)(C(C)=O)CC3OC1CC(N(Cc2ccccc2)Cc2ccccc2)C(O)C(C)O1,6.186966654112647,632,5.310578515409633,hiv_6904,MoleculeNet_HIV,True
CC(=O)OC1C(OCc2cc(=O)oc3c4c(c5c(c23)OC(C)(C)CC5)OC(C)C(C)C4O)OC(CO)C(O)C1O,6.186558204576896,633,5.289944169526754,hiv_34876,MoleculeNet_HIV,True
COC(=O)C1=CC(=O)N2CCN=C2S1,6.186502272640549,634,5.846184060264342,hiv_7998,MoleculeNet_HIV,True
CC12CCC3C(CCC4CC(OC(=O)Cc5ccc(N(CCCl)CCCl)cc5)CCC43C)C1CCC(=O)N2,6.183309760245348,635,5.67140770016269,hiv_10921,MoleculeNet_HIV,True
CC(=O)Oc1c2c(c(O)c3ccccc13)C(n1cnc3c(ncn3C3OC(CO)C4OC(C)(C)OC43)c1=N)CCC2,6.182464756898364,636,5.342844410192488,hiv_20740,MoleculeNet_HIV,True
C1CN2C(=N1)N1CCN=C1N1CCN=C21,6.181635876433435,637,5.85423068819,hiv_1707,MoleculeNet_HIV,True
O=C(NNC(=O)c1ccccc1O)c1cccc(Br)c1,6.181291063618521,638,5.859995018521543,hiv_38958,MoleculeNet_HIV,True
CC(=O)Nc1cc(S(=O)(=O)O)cc2c(N=Nc3ccc(C(=O)Nc4ccc(N=Nc5ccc(S(=O)(=O)O)cc5)cc4)cc3)c(S(=O)(=O)O)cc(O)c12,6.180632997794517,639,5.290522384619255,hiv_2299,MoleculeNet_HIV,True
Cc1ccc([N+](=O)[O-])c2c(NCCNC(=O)c3cc(C(=O)NCCNc4ccnc5c(C)ccc([N+](=O)[O-])c45)n(C)n3)ccnc12.Cl,6.180529533705336,640,5.18437163891323,hiv_20730,MoleculeNet_HIV,True
CC(C)N1NC(=C2C=c3cc(O)ccc3=N2)c2c(N)ncnc21,6.178519812901042,641,5.706112101498932,davis_25243800,DAVIS_spike_in,True
CC(CO[Si](C)(C)C(C)(C)C)c1c(O[Si](C(C)C)(C(C)C)C(C)C)cc2c3c(ccc2c1O)C(C)(C)CCC3,6.178115255985616,642,5.438173664997626,hiv_36282,MoleculeNet_HIV,True
COC(C(=O)C(O)C(C)O)C1Cc2cc3cc(OC4CC(OC5CC(O)C(O)C(C)O5)C(O)C(C)O4)c(C)c(O)c3c(O)c2C(=O)C1OC1CC(OC2CC(O)C(OC3CC(C)(O)C(O)C(C)O3)C(C)O2)C(O)C(C)O1,6.177314779044197,643,5.362243093110804,hiv_5020,MoleculeNet_HIV,True
C=C1C(OO)OC2OC3(C)CCC4C(C)CCC1C24O3,6.176672906918555,644,5.188798155386631,hiv_39111,MoleculeNet_HIV,True
CC1CC2C3CCC4=CC(=O)C=CC4(C)C3(F)C(O)CC2(C)C1(O)C(=O)CO.Cc1cc(NS(=O)(=O)c2ccc(N=Nc3cc(N=Nc4ccc(S(=O)(=O)Nc5cc(C)nc(C)n5)cc4)c4c(NC(=O)C(Cl)Cl)cccc4c3OC(=O)C(Cl)Cl)cc2)nc(C)n1,6.176637305157461,645,5.3242432976675165,hiv_7889,MoleculeNet_HIV,True
CC1OC(OC2C(O)COC(OC3C(C)OC(OC4C(OC(=O)C56CCC(C)(C)CC5C5=CCC7C8(C)CC(O)C(OC9OC(CO)C(O)C(OC%10OC(CO)C(O)C(O)C%10O)C9O)C(C)(CO)C8CCC7(C)C5(C)CC6)OCC(O)C4O)C(O)C3O)C2O)C(O)C(O)C1O,6.176226897089729,646,5.699634954534706,hiv_40748,MoleculeNet_HIV,True
Cc1ccc(C2=CC(=Cc3ccc(N(CCC#N)CCC#N)cc3)C(=O)O2)cc1C,6.17571758430978,647,5.705071025722772,hiv_8211,MoleculeNet_HIV,True
COC(=O)c1c2c(cc3c1CC1(C3)Cc3ccc4c(c3C1=O)CCC4)CCC2,6.174689583327649,648,5.282753916933593,hiv_32680,MoleculeNet_HIV,True
O=C1C=C(Nc2ccccc2C(=O)CC(=O)C(=O)Nc2ccc(Cl)c(Cl)c2)c2ccccc2C1=O,6.174396097495691,649,5.3918380972581135,hiv_19166,MoleculeNet_HIV,True
O=S(=O)(Nc1ccc(NS(=O)(=O)c2ccccc2)c(N2N=N2)c1)c1ccccc1,6.173793063263099,650,5.458751791803832,hiv_1060,MoleculeNet_HIV,True
CCOC(=O)c1cnc2c(cnn2CC)c1NN=C(C)C,6.172257523960199,651,5.197237780468123,hiv_5563,MoleculeNet_HIV,True
CN1c2ccccc2C2=C(C3=C(CS2)C(=O)CCS3)S1(=O)=O,6.171613798343961,652,5.856251710068726,hiv_9263,MoleculeNet_HIV,True
CC(=O)C(=Cn1ccc(=O)[nH]c1=S)C(=O)Nc1ccc(Cl)cc1,6.170424163815364,653,5.311299198650183,hiv_26255,MoleculeNet_HIV,True
CCOC(=O)C1=C(C)N2CCOC2(C)C(C(=O)OC)C1c1cccc(Cl)c1,6.170171989131762,654,5.1899389986481275,hiv_23440,MoleculeNet_HIV,True
COC(=O)C(C(=O)C(=O)Nc1n[nH]c(=S)[nH]1)c1csc(-n2nc(-c3ccccc3)cc2-c2ccccc2)n1,6.169344354832873,655,5.446981553161892,hiv_20468,MoleculeNet_HIV,True
COc1cc2c(cc1OC)C13CCN4CC5CCOC6CC(=O)N2C1C6C5CC43,6.168721240281359,656,5.13182853975766,hiv_2639,MoleculeNet_HIV,True
CCOC(=O)C(C(=S)SC)c1nn2c(=O)cc(C)nc2s1,6.168470697475953,657,5.710220485328015,hiv_32757,MoleculeNet_HIV,True
COc1cc(=O)oc2c3c(ccc12)OC(C)(C)C(OC(=O)C12CCC(C)(C(=O)O1)C2(C)C)C3OC(=O)C12CCC(C)(C(=O)O1)C2(C)C,6.168262547128541,658,5.286011837911679,hiv_40614,MoleculeNet_HIV,True
COc1ccc(OC)c(NC(=O)C(=O)NNC(=O)c2sc(NNC(C)=O)nc2C)c1,6.1675302004820205,659,5.821371337685129,hiv_19235,MoleculeNet_HIV,True
CS(=O)(=O)CSCSSCS(C)(=O)=O,6.166986789930804,660,5.3612759534621315,hiv_22390,MoleculeNet_HIV,True
C=CCN(CC=C)C(=O)Nc1ccc(C(=O)NN=Cc2cccc(OC)c2OC)cc1,6.164737526557833,661,5.675228170979782,hiv_6465,MoleculeNet_HIV,True
CCOC(=O)Nc1cc2c(c(N)n1)N=C(c1ccccc1)CN2,6.164360354104566,662,5.471235499057103,hiv_8019,MoleculeNet_HIV,True
C=CCc1ccc(Oc2cc(CC=C)c3c(c2O)OC(CO)C3c2ccc(O)c(-c3cc(CC=C)ccc3O)c2)cc1,6.163419402151521,663,5.219326260135691,hiv_22715,MoleculeNet_HIV,True
CC=CCC1(CC)Oc2cccnc2-n2cccc2C1=O,6.163415413181863,664,5.352251215629868,hiv_40881,MoleculeNet_HIV,True
CC(=O)Nc1cc(S(=O)(=O)O)cc2cc(S(=O)(=O)O)c(N=Nc3ccc(C(=O)Nc4ccc(S(=O)(=O)O)cc4)cc3)c(O)c12,6.163327120984089,665,5.292294493672416,hiv_1513,MoleculeNet_HIV,True
O=C1C(=O)N(c2nccs2)C(=O)C(=O)C1c1nc2ccccc2s1,6.162117619906285,666,5.31210883146524,hiv_16801,MoleculeNet_HIV,True
CC(CCC1(O)OC2CC3C4CC=C5CC(OC6OC(CO)C(O)C(OC7OC(CO)C(O)C(O)C7O)C6OC6OC(C)C(O)C(O)C6O)CCC5(C)C4CCC3(C)C2C1C)COC1OC(CO)C(O)C(O)C1O,6.161317572440459,667,5.706111893592859,hiv_40064,MoleculeNet_HIV,True
Cc1cc(NS(=O)(=O)c2ccc(Nc3c4ccccc4nc4c(C(=O)NCC#N)cccc34)cc2)no1,6.160717061539103,668,5.286997856166472,hiv_33822,MoleculeNet_HIV,True
COc1cc2c[n+](C)c3c4cc5c(cc4ccc3c2cc1OC)OCO5,6.160090192138602,669,5.287740417900844,hiv_5152,MoleculeNet_HIV,True
COc1ccc(C2c3c(-c4ccccc4)nn(-c4ccccc4)c3Oc3ncn(N)c(=N)c32)cc1OC,6.159885207867683,670,5.352760189679608,hiv_37831,MoleculeNet_HIV,True
CC1(C)CC(=O)c2c(nc3ccc4ccccc4c3c2-c2ccc(NC(=O)CCCCC(=O)Nc3ccc(-c4c5c(nc6ccc7ccccc7c46)CC(C)(C)CC5=O)cc3)cc2)C1,6.1594717920418445,671,5.723186804696792,hiv_38373,MoleculeNet_HIV,True
Cc1ccc(S(=O)(=O)O)cc1.N=C(NO)NN=Cc1cc2c(cc1Cl)OCO2,6.158353048003424,672,5.319091343180498,hiv_12430,MoleculeNet_HIV,True
COc1cccc2c1C(=O)c1c(O)c3c(c(O)c1C2=O)CC(O)(C(C)=NNC(=O)c1ccccc1)CC3OC1CC(N)C(O)C(C)O1,6.158130870918325,673,5.356890538588706,hiv_5570,MoleculeNet_HIV,True
Cc1cc(C)nc(NS(=O)(=O)c2ccc(Nc3c4ccccc4nc4c(C(=O)NC(CO)(CO)CO)cccc34)cc2)n1,6.157963118223013,674,5.730835008837315,hiv_31694,MoleculeNet_HIV,True
CC(C)(C)c1cc(CCC(=O)Nc2ccc(Cl)cc2)nc(S)n1,6.157805608194121,675,5.694512574569039,hiv_15002,MoleculeNet_HIV,True
CC1CN=C(N(Cc2ccc(F)cc2)C(=O)Nc2ccc(Cl)cc2)S1,6.157383098164857,676,5.640653071082897,hiv_30864,MoleculeNet_HIV,True
Cc1nc(=O)n2c(c1C(=O)Nc1ccc(Cl)cc1)NCC2,6.157292313710353,677,5.338336389607335,hiv_11247,MoleculeNet_HIV,True
CN=C(c1ccc(NC(=O)c2ccc(C(=O)Nc3ccc(C(=NC)N4CCOCC4)cc3)c(Cl)c2)cc1)N1CCOCC1,6.156903037022002,678,5.3129056585249765,hiv_2467,MoleculeNet_HIV,True
CCCc1cc(=O)oc2c3c(cc(OC(C)CC)c12)OC(C)C(C)C3O,6.156795397118176,679,5.429133390000151,hiv_34320,MoleculeNet_HIV,True
COc1ccc(C23CCC(=O)CC2N(C)CC3)cc1OC.Cl,6.156519949879577,680,5.177223336630168,hiv_39589,MoleculeNet_HIV,True
CC1(C)C[N+]23CCC[N+]4(CCC2)CC(C)(C)[SH+][Ni-2]34[SH+]1,6.15516084325226,681,5.324561751585858,hiv_35279,MoleculeNet_HIV,True
N#CC(C(=O)CCC(=O)Nc1ccc(Cl)cc1)c1ccc(Cl)cc1,6.1550617099601785,682,5.704359706091701,hiv_11097,MoleculeNet_HIV,True
CC1CCC2(OC1)OC1CC3C4CCC5CC(OC6OC(CO)C(OC7OC(CO)C(O)C(O)C7O)C(O)C6OC6OC(C)C(O)C(O)C6O)C(O)CC5(C)C4CCC3(C)C1C2C,6.153974255548417,683,5.710734514610551,hiv_39565,MoleculeNet_HIV,True
CCN(CC)CC.O=C(Nc1ccc(Cl)cc1)P(=O)(O)c1ccccc1,6.153847355935432,684,5.713862414823219,hiv_116,MoleculeNet_HIV,True
CC1c2c(cc(O)n(C)c2=O)C(=O)N1Cc1ccccc1,6.152884393925862,685,5.339628086495194,hiv_22141,MoleculeNet_HIV,True
CC1=CC(O)C(=O)C=CC=Cc2csc(n2)C(C)NC(=O)CC2(CC1)S(=O)SC(=O)C2(C)O,6.152445841215619,686,5.317470395590789,hiv_20892,MoleculeNet_HIV,True
O=C(CCC(=O)Nc1ccc(Cl)cc1)CC(=O)c1ccc2ccccc2c1,6.152438469121811,687,5.7115841943060435,hiv_15112,MoleculeNet_HIV,True
Cc1ccc([N+](=O)[O-])c2c(NCCNC(=O)Cn3ccnc3[N+](=O)[O-])ccnc12.Cl,6.151554999986588,688,5.186092380872593,hiv_20731,MoleculeNet_HIV,True
O=C(Nc1ccc(N=Nc2ccc(S(=O)(=O)O)cc2)cc1)c1ccc(N=Nc2ccc3c(S(=O)(=O)O)cccc3c2O)cc1,6.150823223974347,689,5.292649091587066,hiv_1530,MoleculeNet_HIV,True
CCOC(=O)c1cnc2cc(OCC3CC3)c(OCC3CC3)cc2c1O,6.1500730396817564,690,5.312972092584002,hiv_5018,MoleculeNet_HIV,True
COc1ccc(CCN2CCc3c(C)c(C#N)c4nc5ccccc5n4c32)cc1OC,6.150006919779147,691,5.7582919035432845,hiv_28305,MoleculeNet_HIV,True
Cc1cc(S(=O)(=O)Nc2nc(N)nc(N3N=CCC3C)n2)c(S)cc1Cl,6.149890016572721,692,5.694245696747156,hiv_26506,MoleculeNet_HIV,True
CCOC(=O)C1N(S(=O)(=O)c2ccc(C)cc2)CCC12c1ccccc1NC2c1ccc(OC)c(OC)c1,6.149651392821252,693,5.305090696440807,hiv_13396,MoleculeNet_HIV,True
Cc1ccc(NC(=O)OCC(COc2ccc(Cl)cc2)OC(=O)Nc2ccc(C)cc2)cc1,6.148657643552113,694,5.703276624487306,hiv_16883,MoleculeNet_HIV,True
CCN(Cc1cccc(S(=O)(=O)O)c1)c1ccc(C(=C2C=CC(=[N+](CC)Cc3cccc(S(=O)(=O)O)c3)C=C2)c2ccccc2)cc1,6.14845710465177,695,5.680210550073233,hiv_1588,MoleculeNet_HIV,True
CC1OC(n2cnc3c(O)ncnc32)C(O)C(O)C1O,6.148280664312767,696,5.1769036091778196,hiv_4556,MoleculeNet_HIV,True
CCCC(CC)C(C(=O)OCC)C1=NC(C)(C)CC(C)O1,6.147772943952327,697,5.397262003622175,hiv_5282,MoleculeNet_HIV,True
CC(CC(=O)Nc1ccc([N+](=O)[O-])cc1)=NNc1ccc([N+](=O)[O-])cc1[N+](=O)[O-],6.14763350226731,698,5.713055660422095,hiv_19411,MoleculeNet_HIV,True
Cc1ccc2c(c1C)C(=O)C1(C2)Cc2ccc3c(c2C1=O)CCC3,6.147624626306136,699,5.294127401867827,hiv_39333,MoleculeNet_HIV,True
O=C1c2c(ccc3c2CCCC3)CC12Cc1ccc3c(c1C2=O)CCCC3,6.147624626306136,700,5.290649167467461,hiv_30210,MoleculeNet_HIV,True
C#CC1(O)CCC2C3CC(O)C45CC4CCC5(C)C3CCC21C,6.1469463312535435,701,5.188825486878592,hiv_2165,MoleculeNet_HIV,True
Cn1cc(NC(=O)Nc2cc(C(=O)Nc3cc(C(=O)Nc4cc(C(=O)Nc5ccc6cc(S(=O)(=O)O)cc(S(=O)(=O)O)c6c5)n(C)c4)n(C)c3)n(C)c2)cc1C(=O)Nc1cc(C(=O)Nc2cc(C(=O)Nc3ccc4cc(S(=O)(=O)O)cc(S(=O)(=O)O)c4c3)n(C)c2)n(C)c1.[NaH],6.1467099007041135,702,5.215590797764843,hiv_27536,MoleculeNet_HIV,True
O=c1c2c(sc3ccccc13)NCN(CCc1ccccc1)C2,6.146324685476349,703,5.99234218711485,hiv_36238,MoleculeNet_HIV,True
O=C1NC2C3CC(OCc4ccccc4)(OCc4ccccc4)C2OC3O1,6.145907404589685,704,5.99707962454038,hiv_18389,MoleculeNet_HIV,True
Cc1[nH]c2ccccc2c1C1Cc2ccccc2N1C(=O)C(C#N)=Cc1ccccc1,6.144233623850097,705,5.307941137503461,hiv_15714,MoleculeNet_HIV,True
Cc1ccc(S(=O)(=O)O)cc1.Cc1cccc(C=NNC(=N)NO)n1,6.143787481660178,706,5.308358710764675,hiv_14653,MoleculeNet_HIV,True
CC1=C2C(O)C(C(C)CO)C(O)CC2(C)C(O)CC1,6.143559652268929,707,5.707832476101199,hiv_13916,MoleculeNet_HIV,True
COC(=O)c1ccc2cc1N=C1C(C#N)=CNC(=S)N12,6.14353510237829,708,5.327701818778413,hiv_6804,MoleculeNet_HIV,True
CCON1CC(C(=O)OC)=C(O)C1=O,6.142934926748907,709,5.175252420625895,hiv_38627,MoleculeNet_HIV,True
COc1ccc(NC(=O)CC(=O)n2nc(C)c(N=Nc3cccc(C)c3)c2C)cc1,6.142554854042779,710,5.675689658338704,hiv_33589,MoleculeNet_HIV,True
O=C(CCCn1ccnc1[N+](=O)[O-])NCCn1cnc([N+](=O)[O-])n1,6.141779009984203,711,5.182837084390005,hiv_21880,MoleculeNet_HIV,True
N#Cc1c(N2CCC(O)C2)c2ccccc2n2c1nc1ccccc12,6.141189986533519,712,5.798569116106833,hiv_38305,MoleculeNet_HIV,True
CCOP(=O)(OCC)C(Nc1ccc(C(=O)O)cc1)c1ccc(C(Nc2ccc(C(=O)O)cc2)P(=O)(OCC)OCC)cc1,6.141052033989552,713,5.392667310894217,hiv_40307,MoleculeNet_HIV,True
Cc1nc(-n2nc(-c3ccccc3)cc2-c2ccccc2)sc1C(C=Cc1ccc([N+](=O)[O-])cc1)=NNC(=O)c1ccncc1,6.140845125341671,714,5.24427258137797,hiv_19652,MoleculeNet_HIV,True
CC(C)(C)[Si](C)(C)OC1C(n2ccc(=O)[nH]c2=O)OC(COC(c2ccccc2)(c2ccccc2)c2ccccc2)C1(CC#N)Sc1ccccc1,6.139701692806876,715,5.290062613129207,hiv_40850,MoleculeNet_HIV,True
COC1=CC2C3Cc4c(-c5cc(OC)c(O)c6c5CC5C7C=C(OC)C(=O)CC67CCN5C)cc(OC)c(O)c4C2(CCN3C)CC1=O.O=C(O)C(O)C(O)C(=O)O,6.137978792748672,716,5.41127565363773,hiv_7525,MoleculeNet_HIV,True
N=C(N)NS(=O)(=O)c1ccc(NCc2c3ccccc3nc3ccccc23)cc1,6.137693187679048,717,5.364026329545994,hiv_8487,MoleculeNet_HIV,True
COc1cc2cc3c4c(cc(OC)c(OC)c4c2cc1OC)CCN3C(=O)CCC(=O)O,6.137602327815957,718,5.2755004629052085,hiv_23135,MoleculeNet_HIV,True
Cc1[nH]c2ccccc2c1C1Cc2ccccc2N1C(=O)C=CC=Cc1ccccc1,6.135392198291216,719,5.307941137503461,hiv_15712,MoleculeNet_HIV,True
N=C(N)NC(P(=O)(O)O)P(=O)(O)O.[NaH],6.135283248042258,720,5.5623761742866344,hiv_39653,MoleculeNet_HIV,True
O=C(CC(=O)c1ccccc1)C(=O)Nc1ccc(Cl)cc1,6.135257388483151,721,5.705290122471549,hiv_16996,MoleculeNet_HIV,True
Cc1c2c(n3c(nc4ccccc43)c1C#N)NCC2,6.135022054182261,722,5.855360214601849,hiv_25443,MoleculeNet_HIV,True
CCN1C(=O)c2cc(OC)c(OC)cc2C(=O)C12OC(=O)c1cc3c(cc12)OCO3,6.134796267297509,723,5.208314742282792,hiv_40914,MoleculeNet_HIV,True
CN1C(=O)C(=c2sc3nc4ccccc4n3c2=O)c2ccccc21,6.13448618859891,724,5.803056132734584,hiv_9527,MoleculeNet_HIV,True
CC1CCC2(NC1)OC1CC3C4CC=C5CC(OC6OC(CO)C(O)C(OC7OC(CO)C(O)C(O)C7O)C6OC6OC(C)C(O)C(O)C6O)CCC5(C)C4CCC3(C)C1C2C,6.134054493348416,725,5.710606710947339,hiv_3031,MoleculeNet_HIV,True
CC(=O)Nc1ccc(Nc2cc(=O)n(C)c(=O)[nH]2)cc1,6.134005468576408,726,5.312812376910419,hiv_35132,MoleculeNet_HIV,True
Cc1cc(C)nc(NS(=O)(=O)c2ccc(NC(=O)c3cccc4c(=O)c5ccccc5[nH]c34)cc2)n1,6.133294147528919,727,5.683865966875409,hiv_14563,MoleculeNet_HIV,True
S=C(Nc1ccc(Cl)c(Cl)c1)N1c2ccccc2-n2cccc2C1c1cccnc1,6.132040076421722,728,5.323368632243403,hiv_7732,MoleculeNet_HIV,True
O=C(CC1C(=O)Nc2ccccc2S1(=O)=O)Nc1ccc(Cl)cc1,6.132036311221579,729,5.715852049574198,hiv_16185,MoleculeNet_HIV,True
Cc1cc(C)nc(NS(=O)(=O)c2ccc(NC(=O)COC(=O)c3cccc4c(=O)c5ccccc5[nH]c34)cc2)n1,6.131990438946663,730,5.687310425060563,hiv_14579,MoleculeNet_HIV,True
CC(=O)Nc1ccc2c(C)c3c4ccccc4n(C)c3nc2n1,6.131245352806419,731,5.214068141588708,hiv_34090,MoleculeNet_HIV,True
Cn1c(C2CC(C)(C)c3c2c2ccccc2n3C)cc2ccccc21,6.130311129637082,732,5.303481025408573,hiv_21853,MoleculeNet_HIV,True
COc1c(Cl)cc(C(=CCNC2CCC3(C)C(CCC4C3CCC3(C)C(C(C)CCCC(C)C)CCC43)C2)c2cc(Cl)c(OC)c(C(=O)O)c2)cc1C(=O)O.N,6.130005458570605,733,5.683271624721331,hiv_41037,MoleculeNet_HIV,True
Cc1ccc(S(=O)(=O)NC(=O)C2S(=O)(=O)OCCOS2(=O)=O)cc1,6.12989452796357,734,5.304991568219382,hiv_21886,MoleculeNet_HIV,True
Cc1c(CCCl)c(N=[N+]=[N-])n2c(nc3ccccc32)c1C#N,6.129219753442865,735,5.803106785839913,hiv_25438,MoleculeNet_HIV,True
O=C(c1ccc(Cl)cc1)C1OC12C(=O)Nc1c(Cl)cc(Cl)cc12,6.128397791560808,736,5.191052036078086,hiv_16750,MoleculeNet_HIV,True
COc1cc2c(cc1O)C1C(O2)c2c(OC)cc3c(c2OC1(C)C)CCC(C)(C)O3,6.128293598169761,737,5.220691649460841,hiv_36463,MoleculeNet_HIV,True
CCCOC(=O)Nc1ccc2c(c1)c1c3[nH]c(=O)c4cccn4c3ccc1n2CC,6.1281916902008895,738,5.208852550753654,hiv_8290,MoleculeNet_HIV,True
Cc1cc(NC(=O)c2ccc(N=Nc3cc(S(=O)(=O)O)c4ccccc4c3O)cc2)ccc1N=Nc1ccc2cc(S(=O)(=O)O)cc(S(=O)(=O)O)c2c1,6.1279512146079655,739,5.232646821795456,hiv_2967,MoleculeNet_HIV,True
O=C1c2ccccc2C(=Nc2ccc3ccccc3c2)C1(C1=C(c2ccccc2)C(=Nc2ccc3ccccc3c2)c2ccccc21)c1ccccc1,6.127729826160975,740,5.992814542202536,hiv_36243,MoleculeNet_HIV,True
CC(C)C(NC(=O)Oc1ccccc1)C(=O)NC1c2c(Br)sc(Br)c2C(=O)C1O,6.127371687576715,741,5.462413394718596,hiv_26752,MoleculeNet_HIV,True
Cl.Cn1cc(NC(=O)c2cc(NC(=O)CCCCCCCCCC(=O)Nc3cc(C(=O)Nc4cc(C(=O)NCCC(=N)N)n(C)c4)n(C)c3)cn2C)cc1C(=O)NCCC(=N)N,6.126924645425736,742,5.183577703771789,hiv_16379,MoleculeNet_HIV,True
Cl.Cn1cc(NC(=O)c2cc(NC(=O)CCCCCCC(=O)Nc3cc(C(=O)Nc4cc(C(=O)NCCC(=N)N)n(C)c4)n(C)c3)cn2C)cc1C(=O)NCCC(=N)N,6.126924645425736,743,5.183577703771789,hiv_15956,MoleculeNet_HIV,True
COc1ccc(NC(=O)c2c(NC(=O)CN3CCOCC3)c(C#N)c3n2CCC3)cc1,6.126619146547743,744,5.6814757234285915,hiv_39365,MoleculeNet_HIV,True
CCOC(=O)C(=NNc1ccc(C)cc1)N1C(=S)N(C)N=C(C)C=C1S,6.126314918233543,745,5.190172466627685,hiv_31039,MoleculeNet_HIV,True
Cc1ccc(S(=O)(=O)SC(=Nc2ccccn2)Nc2ccccn2)cc1,6.125089316541543,746,5.290360197171374,hiv_4144,MoleculeNet_HIV,True
O=C1NCCN1C(=O)Nc1ccc(S(=O)(=O)c2ccc([N+](=O)[O-])cc2)cc1,6.124851630997936,747,5.341780847792489,hiv_7289,MoleculeNet_HIV,True
N#CCCN(CCC#N)c1ccc(C=C2N=C(c3cc([N+](=O)[O-])ccc3Cl)N(S(=O)(=O)c3ccccc3)C2=O)cc1,6.1237962518904,748,5.886102559077183,hiv_19591,MoleculeNet_HIV,True
CC1=CC2CC3(C)OC(C4(C)CCC(C(C)C(=O)O)OO4)CC3C(C)(C)C2CC1,6.123507536900916,749,5.354473748245984,hiv_12296,MoleculeNet_HIV,True
COc1ccc(N2C(=O)C3c4[nH]c5ccc(C)cc5c4C4CCC(C(C)C)CC4C3C2=O)cc1,6.1234648413373804,750,5.429632642429882,hiv_37099,MoleculeNet_HIV,True
CC(=O)C(=CNC(=S)Nc1ccc(S(N)(=O)=O)cc1)C(=O)Nc1ccccc1C,6.123373398597447,751,5.320793125925934,hiv_25281,MoleculeNet_HIV,True
CC1(C)CC(=O)c2c(nc3c(ccc4ccccc43)c2-c2ccc(NC(=O)CCCCCCCCC(=O)Nc3ccc(-c4c5c(nc6c4ccc4ccccc46)CC(C)(C)CC5=O)cc3)cc2)C1,6.122413305522768,752,5.724394359119389,hiv_38766,MoleculeNet_HIV,True
CC1(C)CC(=O)c2c(nc3c(ccc4ccccc43)c2-c2ccc(NC(=O)CCCC(=O)Nc3ccc(-c4c5c(nc6c4ccc4ccccc46)CC(C)(C)CC5=O)cc3)cc2)C1,6.122413305522768,753,5.724394359119389,hiv_38764,MoleculeNet_HIV,True
Cc1ccc(C=NNC2c3cc(Cl)ccc3Nc3nc(O)nc(C)c32)cc1,6.122334760349886,754,5.224514747695113,hiv_24018,MoleculeNet_HIV,True
CC1(C)Oc2ccc3ccc(=S)oc3c2C(OC(=O)C23CCC(C)(C(=O)O2)C3(C)C)C1OC(=O)C12CCC(C)(C(=O)O1)C2(C)C,6.122203013473777,755,5.272976313967229,hiv_41061,MoleculeNet_HIV,True
CCCCc1ccc(Nc2nc(Cl)c3ccn(C4CC(Oc5ccc(C)cc5)C(COc5ccc(C)cc5)O4)c3n2)cc1,6.121885927680522,756,5.137316707103318,hiv_33995,MoleculeNet_HIV,True
CC(=O)Oc1cc(OC(C)=O)c(CC=C(C)C)c(-c2cc3ccc(OC(C)=O)c(CC=C(C)CCC=C(C)C)c3o2)c1,6.121781080957998,757,5.848893802820107,hiv_22239,MoleculeNet_HIV,True
Cc1ccc(S(=O)(=O)O)cc1.N=C(NO)NN=CC1CC2C=CC1C2,6.1209819691274845,758,5.3017353908904346,hiv_9389,MoleculeNet_HIV,True
N=c1[nH][nH]c(=N)n1NC(=O)C(=O)Nc1ccc([N+](=O)[O-])cc1,6.120552062913657,759,5.312901822051978,hiv_20457,MoleculeNet_HIV,True
CC1=C(C(=O)Nc2cccc3c2C(=O)NC3=O)CC(C(=O)Nc2cccc3c2C(=O)NC3=O)=C(C)N1,6.119422509231438,760,5.199548177971811,hiv_25236,MoleculeNet_HIV,True
CC1C=C(NCC2(CO)CCC2)NC(=N)N1,6.119399785326254,761,5.710606710947339,hiv_32279,MoleculeNet_HIV,True
CCOC(=O)N1CCc2cc(OC)c(OC)cc2C1=Cc1ccc(OC)c(OC)c1,6.118722769175726,762,5.193102649474653,hiv_13600,MoleculeNet_HIV,True
Cc1cc(C)nc(NS(=O)(=O)c2ccc(NNc3c4ccccc4nc4c(C(=O)Nc5ccc(S(=O)(=O)Nc6ncccn6)cc5)cccc34)cc2)n1,6.118422045327312,763,5.708393328830801,hiv_32735,MoleculeNet_HIV,True
COc1ccc(CC2c3c(cc(OC)c(OC)c3OC)CCN2C)cc1OC.Cl,6.117887126444041,764,5.1759482626599205,hiv_20635,MoleculeNet_HIV,True
COc1cc2ccnc3c2c(c1OC)CC1CC(O)C(OC)CC31.Cl,6.117592154960223,765,5.8172905586574,hiv_13172,MoleculeNet_HIV,True
Cc1ccc(NC(=O)CC(=O)n2nc(-c3ccccc3)c(N=Nc3ccccc3C(=O)O)c2-c2ccccc2)cc1,6.11744837577756,766,5.689302033417098,hiv_19370,MoleculeNet_HIV,True
Cc1nc(-n2nc(-c3ccccc3)cc2-c2ccccc2)sc1C(=O)C=Cc1ccc([N+](=O)[O-])cc1,6.117171435362189,767,5.28552424403545,hiv_18760,MoleculeNet_HIV,True
CCOC(=O)C(C)(C)C(OP(=O)(CC)OCC)=C(C)C,6.116943516537908,768,5.351264034242224,hiv_4730,MoleculeNet_HIV,True
COC1C(N(C)C(=O)c2ccccc2)CC2OC1(C)n1c3ccccc3c3c4c(c5c6ccccc6n2c5c31)C(=O)NC4,6.116533661767005,769,5.659905383442942,davis_51004351,DAVIS_spike_in,True
CCN1CCC(O)(C=Cc2ccc(Cl)c(Cl)c2)C(C(=O)C=Cc2ccc(Cl)c(Cl)c2)C1.Cl,6.115893356340732,770,5.204764299402994,hiv_24698,MoleculeNet_HIV,True
Cc1ccc(NC(=O)CCc2nnc3sc(=CC=Cc4ccccc4)c(=O)n23)cc1,6.113761679768298,771,5.61258961535209,hiv_12496,MoleculeNet_HIV,True
CC(C)C1=CC23CCC4C(C)(C(=O)O)CCCC4(C)C2CC1C1C(=O)N(CCCCCCN2C(=O)C4C5CC6C7(C)CCCC(C)(C(=O)O)C7CCC6(C=C5C(C)C)C4C2=O)C(=O)C13.[NaH],6.113627351679413,772,5.4022730871719835,hiv_24482,MoleculeNet_HIV,True
COC(=O)C(NC(=O)C12CCC(C)(C(=O)O1)C2(C)C)c1cc(C(C)(C)C)c(O)c(C(C)(C)C)c1,6.113293809402316,773,5.397614402922688,hiv_33658,MoleculeNet_HIV,True
O=C(Nc1ccc2cc(S(=O)(=O)O)ccc2c1)c1ccc(N=Nc2cc(S(=O)(=O)O)c3ccccc3c2O)cc1,6.113056777898817,774,5.2294574007987285,hiv_1527,MoleculeNet_HIV,True
O=C1CC2C(CCC23CCCC3)N1,6.112903511126174,775,5.3121239749020095,hiv_20715,MoleculeNet_HIV,True
Cc1c(C=NNC(=S)Nc2ccc(Cl)cc2)c(=O)n(-c2ccccc2)n1C,6.112062118904338,776,5.312460627092205,hiv_38981,MoleculeNet_HIV,True
CC(=O)OCC1OC(c2c(OC(C)=O)cc(C)c3c(=O)cc(C(C(C)=O)=C(C)O)oc23)C(OC(C)=O)C(OC(C)=O)C1OC(C)=O,6.111922964215064,777,5.2403706526718,hiv_24707,MoleculeNet_HIV,True
C[n+]1ccccc1.O=C(Nc1ccc(S(=O)(=O)c2ccc(NC(=O)c3cc(S(=O)(=O)O)ccc3O)cc2)cc1)c1cc(S(=O)(=O)O)ccc1O.[Cl-].[NaH],6.11123963446319,778,5.305391368653679,hiv_26477,MoleculeNet_HIV,True
CCC(CC(=O)CCC(=O)Nc1ccc(C)c(C)c1)=NNC(=O)c1cc2ccccc2cc1O,6.111209990872428,779,5.297884421933076,hiv_15011,MoleculeNet_HIV,True
CCOc1ccc(N=C(NC(=O)c2ccccc2)SC)cc1.I,6.110368432485412,780,5.703732764495467,hiv_21297,MoleculeNet_HIV,True
COc1cc2c(cc1OC)C13CC[N+]4(C)CC5=CCOC6CC(=O)N2C1C6C5CC34O,6.110318891588406,781,5.16428436934043,hiv_4410,MoleculeNet_HIV,True
Cc1ccc(S(=O)(=O)NC(=CC=Cc2ccccc2)C(=O)C(C)(C)C)cc1,6.109915475428746,782,5.4006655249441025,hiv_35701,MoleculeNet_HIV,True
O=C(Nc1ccc2c(O)c(N=Nc3ccc(S(=O)(=O)O)cc3)c(S(=O)(=O)O)cc2c1)Nc1ccc2c(O)c(N=Nc3ccc(S(=O)(=O)O)cc3)c(S(=O)(=O)O)cc2c1.[NaH],6.109880834852631,783,5.214207938005215,hiv_19678,MoleculeNet_HIV,True
CCOC(=O)Cc1nc(Nc2ccc(F)c(Cl)c2)c2c3c(sc2n1)CCCC3,6.109649817727701,784,5.156792405311285,hiv_18699,MoleculeNet_HIV,True
Cc1ccc(NC(=O)CCCC(CC(=O)c2ccc(Br)cc2)=NNC(=O)CC#N)cc1,6.109581842668434,785,5.69532092201551,hiv_15181,MoleculeNet_HIV,True
CC1CC(C)c2c(O)c3c(c(O)c2N1)C(=O)c1ccccc1C3=O,6.109271160958601,786,5.445059285418525,hiv_22112,MoleculeNet_HIV,True
CC1OC(c2c(O)ccc3ccccc23)CC(N(C)C)C1O,6.109197382532991,787,5.294934277018735,hiv_28777,MoleculeNet_HIV,True
C[n+]1c(-c2ccc(C=NNc3ccnc(NN=Cc4ccc(-c5cn6ccccc6[n+]5C)cc4)n3)cc2)cn2ccccc21,6.107801238320312,788,5.290900420575929,hiv_9354,MoleculeNet_HIV,True
O=C(Nc1ccc(S(=O)(=O)NC(C(=O)O)c2ccccc2)cc1)c1ccc(F)cc1,6.106417216814766,789,5.318102371660334,hiv_13053,MoleculeNet_HIV,True
CCC1(O)CC(OC2CC(N(C)C)C(OC3CC4OC5CC(=O)C(C)OC5OC4C(C)O3)C(C)O2)c2c(cc3c(c2O)C(=O)c2c(O)ccc(O)c2C3=O)C1C(=O)OC,6.106334982324334,790,5.195759874922244,hiv_772,MoleculeNet_HIV,True
CC1=NC(C)CNC(C)(C)CC(C)=NC(C)CNC(C)(C)C1.[O-][Cl+3]([O-])([O-])O,6.10507033047104,791,5.196648191290572,hiv_5920,MoleculeNet_HIV,True
O=C(Nc1ccc2c(O)cc(S(=O)(=O)O)cc2c1)Nc1ccc2c(O)cc(S(=O)(=O)O)cc2c1.[NaH],6.104709729340428,792,5.200465591986307,hiv_22109,MoleculeNet_HIV,True
CC1COB(c2ccccc2)OCC(C)N1CNC(=O)C1=C(O)C(N(C)C)C2CC3C(=C(O)C2(O)C1=O)C(=O)C1C(O)=CC=CC1C3(C)O,6.104388222768697,793,5.8430900788994204,hiv_7743,MoleculeNet_HIV,True
C=CC1CN2CCC1CC2=NO,6.103797143685265,794,5.235173298440882,hiv_9806,MoleculeNet_HIV,True
Cc1ccc(N(C=O)c2c([N+](=O)[O-])cc([N+](=O)[O-])c3c2=[N+]([O-])CN=3)cc1,6.102968789959907,795,5.2841155132415025,hiv_18355,MoleculeNet_HIV,True
CN1CCC(OC(=O)C(O)(c2ccccc2)c2cccc3c2OC(C)(C)C3)CC1,6.102818483318556,796,5.3217371684666395,hiv_27941,MoleculeNet_HIV,True
C[n+]1c(COc2ccc(C=NNc3ccnc(NN=Cc4ccc(OCc5cn6ccccc6[n+]5C)cc4)n3)cc2)cn2ccccc21,6.102059584262069,797,5.292074248347362,hiv_9351,MoleculeNet_HIV,True
O=C(O)c1cccc(S(=O)(=O)NN2C(=O)CSC2c2c(O)ccc3ccccc23)c1,6.101825870857711,798,5.3300925471602385,hiv_28438,MoleculeNet_HIV,True
CC(=O)N=C1N(C)C(=Cc2ccc(NC(C)=O)cc2)C(=O)N1C=C1C(=O)Oc2ccccc2C1=O,6.100297833054848,799,5.312958754526636,hiv_25413,MoleculeNet_HIV,True
NCC(O)c1ccc(Nc2ccnc3cc(Cl)ccc23)cc1,6.100167085262432,800,5.40400571689851,hiv_939,MoleculeNet_HIV,True
Cl.O=C1CC2(CCN(CC3COc4ccccc4O3)CC2)C(=O)N1N1CCCCCC1,6.098257813756468,801,5.72332897401785,hiv_28028,MoleculeNet_HIV,True
CC1(C(=O)Nc2ccc3ccccc3c2)CC2(C)CC(C)(C1)C(O)NC2=O,6.098192021266672,802,5.299691650422742,hiv_12088,MoleculeNet_HIV,True
Cc1ccc(S(=O)(=O)NC(=N)NCCCC(NC(=O)OCc2ccccc2)C(=O)NC2CCC3C4CC=C5CC(O)CCC5(C)C4CCC23C)cc1,6.0981471710419415,803,5.536955261165866,hiv_2915,MoleculeNet_HIV,True
CCC(C)c1c(NC(=O)c2ccccc2)o[nH]c1=O,6.097895016555658,804,5.722421898018753,hiv_2009,MoleculeNet_HIV,True
Cc1ccc(S(=O)(=O)ON2C(=O)c3cccc4cc([N+](=O)[O-])cc(c34)C2=O)cc1,6.097780732097263,805,5.3108125192104625,hiv_4273,MoleculeNet_HIV,True
CC1=NN2C(=N)C(=Cc3ccco3)C(=O)N=C2S1,6.097162821036103,806,5.378910912624545,hiv_32765,MoleculeNet_HIV,True
COc1ccc(NC(=O)CC(=O)NN=Cc2ccc(N(CCC#N)S(C)(=O)=O)cc2)cc1,6.0967044044792615,807,5.675865225738343,hiv_18026,MoleculeNet_HIV,True
O=C(NNC(=O)c1cc2ccccc2[nH]1)c1cc2ccccc2[nH]1,6.096048251256293,808,5.863126756529993,hiv_38962,MoleculeNet_HIV,True
O=C(NCCC1([N+](=O)[O-])CCN(C(=O)c2ccccc2)CC1)c1ccccc1,6.095878546884456,809,5.889188517874912,hiv_33851,MoleculeNet_HIV,True
CC1=C(C(=O)OC2CC3CCC2(C)C3(C)C)C2Nc3ccccc3N(C)C2O1,6.095869657423278,810,5.294381993783968,hiv_26647,MoleculeNet_HIV,True
N#CCCN(CCC#N)c1ccc(C(Sc2ccccc2)C(NC(=O)c2cc([N+](=O)[O-])ccc2Cl)C(=O)Sc2ccccc2)cc1,6.095183460561824,811,5.71588283462686,hiv_18838,MoleculeNet_HIV,True
Cc1ccc(NC(=O)c2cc3c(cc2Cl)Sc2nccn2S3(=O)=O)cc1,6.0948125232532915,812,5.261735553411531,hiv_34129,MoleculeNet_HIV,True
CC(C)CC1C(OCc2ccccc2)COS(=O)(=O)N1C(C)c1ccccc1,6.094724903070557,813,5.422223926680718,hiv_37024,MoleculeNet_HIV,True
N#Cc1c2c(c(Cl)n3c1nc1ccccc13)CCCC2,6.094709677164651,814,5.807227837988957,hiv_14815,MoleculeNet_HIV,True
Cc1ccccc1OCC1COC(c2ccc(Cl)cc2)O1,6.0941845107188435,815,5.390490076606479,hiv_25812,MoleculeNet_HIV,True
CCCCC=C(C1OC(=O)N2CCCC2C1(C)C)[Si](C)(C)C,6.094016094479424,816,5.196855513918854,hiv_16156,MoleculeNet_HIV,True
C=CCN(N=O)C(=O)N(CCCCC(NC(C)=O)C(=O)NCc1ccccc1)Cc1ccccc1,6.093589210868035,817,5.440705756109482,hiv_20218,MoleculeNet_HIV,True
O=C1NC(=O)C2C(=O)NC(=O)C1C2(c1ccccc1)c1cc[nH]c1,6.093468047412563,818,5.43676297457371,hiv_17053,MoleculeNet_HIV,True
Cc1cc(=O)oc2c1cc(OCC(=O)OCCN1CCCCC1)c1occ(C)c12,6.092812018950842,819,5.312145280205221,hiv_8555,MoleculeNet_HIV,True
Nc1c(S(=O)(=O)O)cc(Nc2ccc(S(=O)(=O)O)c(Nc3nc(Cl)nc(Cl)n3)c2)c2c1C(=O)c1ccccc1C2=O,6.092498886773167,820,5.454456383066244,hiv_8928,MoleculeNet_HIV,True
Cn1c(N)c(N=Nc2ccc(S(=O)(=O)Nc3ccccn3)cc2)c(=O)n(C)c1=O,6.091997018107496,821,5.295198958827164,hiv_4212,MoleculeNet_HIV,True
CCCCN1C=CN2c3nc4cc(C)c(C)cc4n3C(C(=O)OC)=C(C(=O)OC)C12,6.091991503271144,822,5.127215213175683,hiv_13021,MoleculeNet_HIV,True
COc1ccc2c(c1)[n+]([O-])c(C(=O)CC(=NNC(=O)c1ccccc1O)C(=O)Nc1ccc(Cl)c(C(F)(F)F)c1)c(C)[n+]2[O-],6.091198467733345,823,5.27519967460449,hiv_16815,MoleculeNet_HIV,True
COc1ccc(Cc2nccc3cc(OC)c(OC)cc23)cc1.Cl,6.090879001096813,824,5.20140598932666,hiv_20632,MoleculeNet_HIV,True
O=C(CCl)Nc1ccc(SSc2ccc(NC(=O)CCl)cc2)cc1,6.090824999356887,825,5.6971216055269895,hiv_1278,MoleculeNet_HIV,True
COC(=O)C1C(=O)C(C(=O)OC)C2CCC1N2C,6.090811911453334,826,5.404023524878405,hiv_2635,MoleculeNet_HIV,True
COc1ccc(C(=O)NNC(=O)c2nsc3ccccc23)cc1,6.0906829287913276,827,5.835596177882731,hiv_23497,MoleculeNet_HIV,True
CCOC(=O)C(CC)c1cc2n(c(=O)c1C#N)CCC21OCCO1,6.090610151513288,828,5.405542972779482,hiv_14020,MoleculeNet_HIV,True
Cc1c(NC(=S)Nc2ccc(Cl)cc2)c(=O)n(-c2ccccc2)n1C,6.089534432299888,829,5.312460627092205,hiv_38459,MoleculeNet_HIV,True
CN(C)c1ccc(C(=C2C=CC(=[N+](C)C)C=C2)c2c(O)c(S(=O)(=O)O)cc3cc(S(=O)(=O)O)ccc23)cc1,6.08920580347067,830,5.217585803418855,hiv_2584,MoleculeNet_HIV,True
Cc1cn(C2OC(CO[Si](C)(C)C(C)(C)C)C3(OC3C(=O)NO)C2O[Si](C)(C)C(C)(C)C)c(=O)[nH]c1=O,6.088799133413048,831,5.167446944720001,hiv_41076,MoleculeNet_HIV,True
CC1CN=C(c2ccc(NC(=O)c3ccc(C(=O)Nc4ccc(C5=NCC(C)CN5)cc4)cc3)cc2)NC1,6.088203938337047,832,5.305664161177335,hiv_3290,MoleculeNet_HIV,True
COC(C(=O)C(O)C(C)O)C1Cc2cc3cc(OC4CC(OC5CC(O)C(O)C(C)O5)C(O)C(C)O4)c(C)c(O)c3c(O)c2C(=O)C1OC1CC(OC2CC(OC3CC(O)C(OC)C(C)O3)C(O)C(C)O2)C(O)C(C)O1,6.087453224393144,833,5.355314313493429,hiv_6921,MoleculeNet_HIV,True
N#CCCN(CCC#N)c1ccc(C=C2N=C(c3ccccc3)N(NC(=O)c3ccncc3)C2=O)cc1,6.087003297967101,834,5.8516388372504915,hiv_39046,MoleculeNet_HIV,True
CC1(C)OC(CC2(C#N)CC(CCl)OC(C)(C)O2)CC(CC2(C#N)CC(CCl)OC(C)(C)O2)O1,6.086746235520795,835,5.189549283640351,hiv_22992,MoleculeNet_HIV,True
CC(C)N=c1cc2n(-c3ccc(Cl)cc3)c3ccccc3nc-2cc1Nc1ccc(Cl)cc1,6.086406133399055,836,5.400482650958265,hiv_4984,MoleculeNet_HIV,True
CCOC(=O)N1N=NC2C1C1CC(C#N)(OC(C)=O)C2O1,6.086305151579447,837,5.3743084735267,hiv_13701,MoleculeNet_HIV,True
CCOC(=O)N1CCN(P(=O)(Nc2ccc3[nH]c(NC(=O)OC)nc3c2)Oc2ccccc2)CC1,6.086226765743548,838,5.300239032886352,hiv_17708,MoleculeNet_HIV,True
CCOC(=O)C1=NN(c2ccccc2)C(=O)C1=CNC(=S)NCc1ccccc1,6.086214941260175,839,5.1980894055295295,hiv_26169,MoleculeNet_HIV,True
O=C(NNC(=O)c1ccncc1)C(=O)Nc1cc(Cl)c(Cl)cc1Cl,6.086129718620052,840,5.802225517184106,hiv_22020,MoleculeNet_HIV,True
CC(=O)Nc1ccc(C(=O)NN2C(=O)CSC2c2ccccc2)cc1,6.085468037234928,841,5.303492605548923,hiv_24121,MoleculeNet_HIV,True
O=C1CC(c2c(-c3ccccc3)[nH]c3ccccc23)C(=O)N1c1ccccc1,6.085418711198316,842,5.311328340089195,hiv_13529,MoleculeNet_HIV,True
O=C(Nc1cc(C(=O)Nc2ccc(C3=NCCN3)cc2)cc(C2=NCCN2)c1)c1ccc(C(=O)Nc2cc(C(=O)Nc3ccc(C4=NCCN4)cc3)cc(C3=NCCN3)c2)cc1,6.084495657288368,843,5.3350320680345265,hiv_3502,MoleculeNet_HIV,True
CC1(C)CC(C=Cc2coc3ccc(Cl)cc3c2=O)=C(C#N)C(=O)O1,6.084494683731795,844,5.197383848966701,hiv_21912,MoleculeNet_HIV,True
CC12CCC3=C(CSC4=C3CSc3ccccc34)C1=CCCC2=O,6.084319690499393,845,5.863169926489209,hiv_23773,MoleculeNet_HIV,True
C=CC1(C)OC2(CCN(C(=O)OCC)CC2)OC1C,6.083881467462654,846,5.197127991328521,hiv_40285,MoleculeNet_HIV,True
CCOC(=O)c1cc(-c2ccccc2)c(OC)c(=O)nc1-c1ccccc1,6.083758424694267,847,5.267424162304232,hiv_8358,MoleculeNet_HIV,True
C=C1CCC(O)C2(C)CCC(C(C)(C)O)C(OC3OC(CO)C(O)C(O)C3O)C12,6.083569383505085,848,5.703346240952512,hiv_21275,MoleculeNet_HIV,True
CC(=O)C1(N=Nc2ccc(S(=O)(=O)Nc3ccccn3)cc2)CCOC1=O,6.081700065062399,849,5.287503204292204,hiv_4822,MoleculeNet_HIV,True
Cn1cc(NC(=O)Nc2cc(C(=O)Nc3cc(C(=O)Nc4ccc(P(=O)(O)O)c5cc(P(=O)(O)O)ccc45)n(C)c3)n(C)c2)cc1C(=O)Nc1cc(C(=O)Nc2ccc(P(=O)(O)O)c3cc(P(=O)(O)O)ccc23)n(C)c1.[NaH],6.081343889463761,850,5.19456435154836,hiv_26786,MoleculeNet_HIV,True
CC12CCC3C(CCC4C(=NO)C(=O)C(=NO)CC43C)C1CC(=NO)C2=O,6.080672826281137,851,5.283873559032673,hiv_13259,MoleculeNet_HIV,True
CC1=NN(c2ccccc2)C(=O)C1=CN1CC(=O)NC1=S,6.080568382601976,852,5.302441461830033,hiv_26163,MoleculeNet_HIV,True
C=CCn1c(=S)sc2c(C(=O)OCC)c3c(C)cc(C)cn3c2c1=O,6.0801682594271,853,5.198275362865799,hiv_23753,MoleculeNet_HIV,True
N=C(NN)c1ccc(NC(=O)c2ccc(C(=O)Nc3ccc(C(=N)NN)cc3)cc2)cc1,6.079831833520444,854,5.303561350431469,hiv_2255,MoleculeNet_HIV,True
COc1cc2cnc3c4cc(OC)c(OC)cc4ccc3c2cc1OC,6.079620925224527,855,5.276379608224173,hiv_5662,MoleculeNet_HIV,True
CC(=O)c1ccc(NC(=O)C(Cc2ccccn2)=NNC(=O)C[N+](C)(C)C)cc1.[Cl-],6.079326384491454,856,5.713093457547266,hiv_19519,MoleculeNet_HIV,True
O=C(C=C1Nc2ccc([N+](=O)[O-])cc2NC1O)c1cccc([N+](=O)[O-])c1,6.078335760679131,857,5.120642440421517,hiv_17072,MoleculeNet_HIV,True
COc1cccc(C(CC(=O)O)=NCCc2c[nH]c3ccccc23)c1C(=O)O,6.077625049952364,858,5.989417495814153,hiv_9753,MoleculeNet_HIV,True
C=CCNC(=O)CN1N=C(c2ccccc2)NN1,6.077470896998814,859,5.723654550663229,hiv_16266,MoleculeNet_HIV,True
Cc1cc(Cl)cc2c1NC(=O)C2(O)CC(=O)c1ccco1,6.077075513925528,860,5.1520011130478816,hiv_16729,MoleculeNet_HIV,True
COc1cc(C(=O)OC2CC(C)=CCC3(C)CCC(O)(C(C)C)C23)ccc1O,6.075865364454606,861,5.407683710283604,hiv_35457,MoleculeNet_HIV,True
COC(=O)c1cc2c(nc1C)-c1ccccc1OS2(=O)=O,6.075783281473784,862,5.2623229083347,hiv_12981,MoleculeNet_HIV,True
COc1cc2ccnc(-c3n[nH]c4cc(OC)c(OC)cc34)c2cc1OC,6.0750793688961515,863,5.259882864112414,hiv_13999,MoleculeNet_HIV,True
Nc1ccc2c(c1)C(=O)N(OS(=O)(=O)c1ccccc1)C2=O,6.074857492531958,864,5.372592545570347,hiv_9480,MoleculeNet_HIV,True
CC(=O)O.O=C(CCN1CCCCC1)Nc1ccc2c(c1)C(=O)c1ccc(NC(=O)CCN3CCCCC3)cc1C2=O,6.0746591336837925,865,5.423711986173854,hiv_23175,MoleculeNet_HIV,True
O=c1nc(NC(c2ccccc2)(c2ccccc2)c2ccccc2)ccn1CCNCCn1ccc(NC(c2ccccc2)(c2ccccc2)c2ccccc2)nc1=O,6.073983969467762,866,5.313277254905781,hiv_18463,MoleculeNet_HIV,True
Oc1cc(NNc2ccc3ccccc3c2)nc(S)n1,6.073838655127783,867,5.280195659683247,hiv_32811,MoleculeNet_HIV,True
CCC(NC(C)c1ccccc1)C(=O)c1ccc(OCc2ccccc2)c(OCc2ccccc2)c1.Cl,6.072735360159755,868,5.394978638867698,hiv_29687,MoleculeNet_HIV,True
CC(=O)Oc1c(C(C)C)cc2c(c1OC(C)=O)CC1(C)OC(=O)CC(C)(C)C1(OC(C)=O)C=C2,6.072636283122334,869,5.576156663819297,hiv_14111,MoleculeNet_HIV,True
Nc1nc(S)nc(C(=O)Nc2ccc(Cl)c(Cl)c2)c1-c1ccc(Cl)cc1,6.07168211458151,870,5.180608129869308,hiv_14361,MoleculeNet_HIV,True
CCOP(=O)(O)C(Nc1ccc(N=Nc2ccccc2)cc1)c1cccc(C(Nc2ccc(N=Nc3ccccc3)cc2)P(=O)(O)OCC)c1.[NaH],6.070889231791829,871,5.392974888199308,hiv_33057,MoleculeNet_HIV,True
CCn1c(SC(C)C(=O)c2c(C)n(C)n(-c3ccccc3)c2=O)nc2ccccc2c1=O,6.070764382889627,872,5.403609052393201,hiv_22808,MoleculeNet_HIV,True
COc1ccc(NC(=O)c2c(NC(C)=O)c(C#N)c3n2CCC3)cc1,6.070553719701034,873,5.2886964567580454,hiv_39359,MoleculeNet_HIV,True
Cc1oc2c(c1C)S(=O)(=O)C(C#N)=C(c1ccccc1)N2,6.070538966193323,874,5.398024749274368,hiv_38553,MoleculeNet_HIV,True
CCOC(=O)C1SC(=Nc2ccc(C)c(C)c2)N=C1C,6.070051143167245,875,5.361416121031459,hiv_14381,MoleculeNet_HIV,True
O=C(C(=Cc1ccccc1)c1ccccc1)N1c2ccccc2CC1c1c[nH]c2ccccc12,6.070022383427503,876,5.264552648894951,hiv_15709,MoleculeNet_HIV,True
CC1CNC(NS(=O)(=O)c2cc(C(=O)Nc3ccc(Cl)cc3)c(Cl)cc2S)=NN1,6.069032131438893,877,5.301646007992916,hiv_41004,MoleculeNet_HIV,True
Cc1ccc(NC(S)=C(C(=O)c2ccc([N+](=O)[O-])cc2)[n+]2ccc(C(C)C)cc2)c(C)c1,6.069004827899836,878,5.426570955661417,hiv_6394,MoleculeNet_HIV,True
CCOC(=O)C(C)(NC(=O)c1ccc(NCc2ccc3nc(NC(=O)c4ccccc4)nc(NC(=O)c4ccccc4)c3c2)cc1)C(=O)OCC,6.0677075304717745,879,5.231624269621747,hiv_10801,MoleculeNet_HIV,True
CC1(CO)C2CC3CN(C(=O)c4ccccc4)C(C2)C31C,6.065043527626632,880,5.284059339966858,hiv_13033,MoleculeNet_HIV,True
CC(C)=CCOc1cc(NC(=S)c2ccsc2C)ccc1Cl,6.064797449688279,881,5.190384149152042,hiv_31869,MoleculeNet_HIV,True
CCOC(=O)NC1C(CC(=O)OC)OC2OC(C)(C)OC21,6.064754358827429,882,5.174855564370457,hiv_18391,MoleculeNet_HIV,True
COc1ccc(C2OCC3C(c4ccc(OC)c(OC)c4)OCC23)cc1OC.COc1ccc(C2OCC3C(c4ccc(OC)c(OC)c4)OCC23)cc1OC,6.064397873107065,883,5.258392248835213,hiv_7375,MoleculeNet_HIV,True
CCOC(=O)C(=O)C1C(=O)N(C)C2(C)CC1c1ccccc1O2,6.063951957600809,884,5.3196910989308615,hiv_724,MoleculeNet_HIV,True
CC(C)(C)[Si](C)(C)OCC1OC(n2ccc(=O)[nH]c2=O)C(O[Si](C)(C)C(C)(C)C)C1(CC#N)Sc1ccccc1,6.063858436840702,885,5.237976293124777,hiv_35720,MoleculeNet_HIV,True
CCOC(=O)C(=CNc1ccc(N(C2=NCC(C)S2)c2ccc(F)c(Cl)c2)cc1)C(=O)OCC,6.06303110828181,886,5.180596382245903,hiv_35584,MoleculeNet_HIV,True
CC(=O)Nc1ncc2ccccc2c1-c1ccc(NC(=O)CN(CCO)CCO)cc1,6.062884343485719,887,5.714024846308733,hiv_6890,MoleculeNet_HIV,True
CCOC(=O)c1[nH]cc(C)c1-c1cccn1-c1ccc(Cl)cc1[N+](=O)[O-],6.062764298018277,888,5.247808359717439,hiv_36526,MoleculeNet_HIV,True
Cc1ccc(NC2=NC(=Cc3ccccc3)C(Cl)=N2)cc1,6.062714459768136,889,5.459278096289157,hiv_35401,MoleculeNet_HIV,True
CCOC(=O)C12C3C(=O)N(CC)C(=O)C3ON1OC1C(=O)N(CC)C(=O)C12,6.061452303865933,890,5.189749136285188,hiv_9392,MoleculeNet_HIV,True
N#Cc1c(Cl)c2cccnc2n2c1nc1ccccc12,6.06072309891219,891,5.803849972575317,hiv_37775,MoleculeNet_HIV,True
O=S(O)CCCCSSCC(O)C(O)CSSCCCCS(=O)O.[NaH],6.060613407775322,892,5.857747806353051,hiv_11605,MoleculeNet_HIV,True
O=C(Nc1ccc(Sc2ccc(N=Nc3c(O)c(S(=O)(=O)O)cc4cc(S(=O)(=O)O)ccc34)cc2)cc1)c1ccc(N=Nc2cc(S(=O)(=O)O)c3ccccc3c2O)cc1,6.060481045656157,893,5.307846207021605,hiv_2306,MoleculeNet_HIV,True
CC12CCNC(=O)C=C1CCC1C2CCC2(C)C(OC(=O)COc3ccc(N(CCCl)CCCl)cc3)CCC12,6.0604262808501765,894,5.7593353781541685,hiv_10919,MoleculeNet_HIV,True
CC1=C2C3OC(=O)C(C)C3C(O)CC2(C)C(=O)CC1,6.060352963088214,895,5.185814246293971,hiv_13912,MoleculeNet_HIV,True
CC(C)(O)CCC(O)C(C)(O)C1CCC2(O)C3=CC(=O)C4CC(O)C(O)CC4(C)C3CCC12C,6.0598284290773625,896,5.396338487631248,hiv_14084,MoleculeNet_HIV,True
CCCCCCCCCCCCCCCC(=O)NCC(COP(=O)([O-])OCC[N+](C)(C)C)OCC,6.05945562395519,897,5.397136952529717,hiv_11963,MoleculeNet_HIV,True
C=CC(OCOCC[Si](C)(C)C)C(CC)OC(CCCOC(=O)C(C)(C)C)OC,6.058790329647892,898,5.4034248930455515,hiv_39010,MoleculeNet_HIV,True
COC1=CC(=O)c2ccc(C(C)C)cc2C1(C)C1=NC(C)(C)CO1,6.058555190570238,899,5.416766918209049,hiv_20303,MoleculeNet_HIV,True
Cc1ccc(NN=CC2=CC(C)(C)C(C#N)(C#N)C(O)=C2C#N)cc1,6.058307447667826,900,5.191921725036771,hiv_31023,MoleculeNet_HIV,True
Cc1cc(S(=O)(=O)Nc2nnc3cnc4ccccc4n23)c(S)cc1Cl,6.058250098345147,901,5.760671343594427,hiv_31514,MoleculeNet_HIV,True
CN1CCN(C(=S)N(C(=O)c2cccs2)c2ccccc2)CC1,6.0572706671931,902,5.287768184851083,hiv_24499,MoleculeNet_HIV,True
CCOC(=O)c1nc2c3c(ncn2n1)Oc1c(c(-c2ccccc2)nn1-c1ccccc1)C3c1ccc(Cl)cc1,6.057138502954684,903,5.304119206731882,hiv_37834,MoleculeNet_HIV,True
Oc1cc(NNc2cccc3ccccc23)nc(O)n1,6.056423496879843,904,5.238115700405786,hiv_32831,MoleculeNet_HIV,True
COC1OC(C(=O)O)C2OC(C)(C)OC12,6.056307783472036,905,5.1609619006585055,hiv_37142,MoleculeNet_HIV,True
Cc1c2c(n3c(nc4ccccc43)c1C#N)SCC2,6.056221512740107,906,5.803056132734584,hiv_25441,MoleculeNet_HIV,True
Cc1ccc(NC(=O)C(CC2Nc3c(ccc4c3C(=O)c3ccccc3C4=O)NC2O)=NNC(C)(C)C)cc1,6.05580359103096,907,5.719633537026509,hiv_22461,MoleculeNet_HIV,True
COc1ccc(C(=CCC(C)C2CCC3C4C(OC(C)=O)CC5CC(OC(C)=O)CCC5(C)C4CC(OC(C)=O)C23C)c2ccc(OC)cc2)cc1,6.054082028623494,908,5.380189176410918,hiv_24693,MoleculeNet_HIV,True
O=C1C[N+]2(Cc3ccccc3)CCC1CC2,6.053984424401163,909,5.990702471587878,hiv_7107,MoleculeNet_HIV,True
CCOP(=O)(O)C(Nc1ccc(N=Nc2ccccc2)cc1)c1ccc(C(Nc2ccc(N=Nc3ccccc3)cc2)P(=O)(O)OCC)cc1.[NaH],6.0537081511531685,910,5.392974888199308,hiv_33056,MoleculeNet_HIV,True
CC=COC1C(C2COC(C)(C)O2)OC2OC(C)(C)OC21,6.053595565743665,911,5.188825486878592,hiv_30243,MoleculeNet_HIV,True
Cc1ccnc(NC(NC(=O)c2ccccc2)(C(F)(F)F)C(F)(F)F)c1,6.053590911741446,912,5.288127405751525,hiv_35543,MoleculeNet_HIV,True
Cc1ncc([N+](=O)[O-])n1CCNC(=O)CCn1ccnc1[N+](=O)[O-],6.053456098397085,913,5.186912868403072,hiv_22395,MoleculeNet_HIV,True
ClC1=C(Cc2ccccc2)Cc2ccc3c(c21)CCC3,6.053349984343519,914,5.331666660049663,hiv_32685,MoleculeNet_HIV,True
Br.C[n+]1c(-c2ccc(C=NNc3ccnc(NN=Cc4ccc(-c5cn6ccsc6[n+]5C)cc4)n3)cc2)cn2ccsc21.[Br-],6.052345989142485,915,5.189745538552377,hiv_25013,MoleculeNet_HIV,True
O=C1NC2c3c(Br)sc(Br)c3C(=O)C2O1,6.051333319016884,916,5.271650671573404,hiv_30368,MoleculeNet_HIV,True
CCOc1ccc2nc(NC(=O)C(CC(=O)CC(C3=C(O)c4ccccc4CC3=O)c3ccccc3)=NO)sc2c1,6.050606960977577,917,5.241482622539746,hiv_22367,MoleculeNet_HIV,True
Cc1noc2c1N=C(c1cccs1)CC(c1c(Cl)cccc1Cl)C2,6.050560429486266,918,5.428067561827139,hiv_19683,MoleculeNet_HIV,True
CN1CCN=C1c1nnn(-c2ccc([N+](=O)[O-])cc2)c1-c1ccccc1,6.049710453311228,919,5.215870036155365,hiv_20552,MoleculeNet_HIV,True
c1ccc(C2COC(c3ccc4c(c3)OCO4)O2)cc1,6.049205646253377,920,5.828562968629159,hiv_1794,MoleculeNet_HIV,True
COCc1cc2c(cc1C(=C[N+](=O)[O-])CS(=O)(=O)c1ccccc1)OCO2,6.048995266890149,921,5.292715461563453,hiv_40399,MoleculeNet_HIV,True
Cc1cccc(NC(=O)Nc2ccccc2Cl)n1,6.048172404609737,922,5.293837277858129,hiv_6282,MoleculeNet_HIV,True
Nc1nc(Cl)cc(NC23CC4CC(CC(C4)C2)C3)n1,6.048063979455347,923,5.1872571943155465,hiv_40078,MoleculeNet_HIV,True
COC(=O)C(=O)C(C(=O)C(=O)Nc1ccc(C)cc1)c1nc2ccc(C(=O)c3ccccc3)cc2nc1O,6.047938841018988,924,5.302119413652014,hiv_22026,MoleculeNet_HIV,True
CC(C)(C)OC(=O)N(CC1OC(n2cnc3c(N)ncnc32)C2OC(C)(C)OC12)OC(=O)C(C)(C)C,6.047311429030773,925,5.261431458823228,hiv_40839,MoleculeNet_HIV,True
CC(=O)Nc1ccc(S(=O)(=O)NN=Cc2ccc(C)cc2)cc1,6.046351193508979,926,5.304624781978829,hiv_756,MoleculeNet_HIV,True
Cc1ccc(C)c2c1C1CCCCC3(OCCCO3)C21O,6.04633372147549,927,5.271844313352431,hiv_24109,MoleculeNet_HIV,True
CCCN1CN(C(C(=O)NC2C(=O)N3C2SC(C)(C)C3C(=O)O)c2ccc(O)cc2)CSC1=S,6.046174122095586,928,5.392491017627863,hiv_22442,MoleculeNet_HIV,True
CC(C)(C)[Si](C)(C)OCC1OC(n2ccc(=O)[nH]c2=O)CC12CCN(O)CO2,6.045958732027677,929,5.180788440732778,hiv_41086,MoleculeNet_HIV,True
C=CC(=O)Nc1cc2c(Nc3ccc(F)c(Cl)c3)ncnc2cc1OCCCN1CCOCC1,6.045354748698754,930,5.230570073518437,davis_156414,DAVIS_spike_in,True
O=C(NN1CCCCCC1)NS(=O)(=O)c1ccc(Cl)cc1,6.045283574764094,931,5.316353634346926,hiv_2507,MoleculeNet_HIV,True
CCN1CCN(c2ccc(Nc3ccnc4ccc5nn(C)nc5c34)cc2)CC1,6.044644412736824,932,5.132382869951286,hiv_20994,MoleculeNet_HIV,True
Cc1ccc2c(c1)-c1c3c(nn1C)-c1ccccc1SC3O2,6.044221839175487,933,5.375113751237503,hiv_21232,MoleculeNet_HIV,True
CI.O=C(CCC1CCCCN1)Nc1ccc2c(c1)C(=O)c1ccc(NC(=O)CCN3CCCCC3)cc1C2=O,6.0442008572490815,934,5.426262386071128,hiv_23181,MoleculeNet_HIV,True
CCOC(=O)C1=NN(c2ccccc2)C(=O)C1=CN1C(=O)C(=Cc2ccc([N+](=O)[O-])cc2)SC1=S,6.043446436622843,935,5.219687203147882,hiv_26054,MoleculeNet_HIV,True
CC1=NN(c2ccccc2)C(=O)C1=C1SCCCS1,6.043279362406152,936,5.2815388409986985,hiv_20075,MoleculeNet_HIV,True
COc1cc2c3c(c1OC)C(=NOS(=O)(=O)c1ccc(C)cc1)CC3N(S(=O)(=O)c1ccc(C)cc1)CC2,6.042667586299471,937,5.366204208906009,hiv_13298,MoleculeNet_HIV,True
CC(=O)Nc1ccc(S(=O)(=O)Nc2ccc(S(=O)(=O)c3ccc(-n4sc5ccccc5c4=O)cc3)cc2)cc1,6.04175202388239,938,5.321443854434982,hiv_38781,MoleculeNet_HIV,True
Cc1ncc([N+](=O)[O-])n1CCNC(=O)CCCCCn1ccnc1[N+](=O)[O-],6.041656588593426,939,5.186912868403072,hiv_19568,MoleculeNet_HIV,True
C=CC(C)C(O)c1c(O)c2c(c3c(CCC)cc(=O)oc13)OC(C)(C)C=C2,6.040397821442765,940,5.399112206025191,hiv_31934,MoleculeNet_HIV,True
CC(=O)Nc1ccc(C=c2sc3nnc(C=Cc4ccccc4)n3c2=O)cc1,6.040055004659406,941,5.251277834655925,hiv_17723,MoleculeNet_HIV,True
COc1ccc(NC(=O)CC(=O)N2N=C(N3c4ccccc4Sc4ccccc43)CC2c2ccccc2)cc1,6.039914921145119,942,5.663160220845301,hiv_36100,MoleculeNet_HIV,True
C=C1C(=O)OC2C=C(CO)C3(O)CC(O)C(C)(CC(OC(=O)C(C)=CC)C12)O3,6.03983548955594,943,5.184973905062644,hiv_8023,MoleculeNet_HIV,True
Cc1cc(C(F)(F)F)nc2nc3ccccc3n12,6.03980567522833,944,5.808365789373358,hiv_9186,MoleculeNet_HIV,True
C=CCON=Cc1cc(NC(=S)c2ccoc2C)ccc1Cl,6.039581607602638,945,5.185082874774361,hiv_21412,MoleculeNet_HIV,True
Nc1nc(Cl)c(N)c(NCC2(CO)CC2)n1,6.03940155446558,946,5.70713794029464,hiv_32253,MoleculeNet_HIV,True
CC(=O)Oc1c(N2CCCCC2)c(C(=O)c2ccccc2)c(O)c2ccn(N(C)C)c12,6.039048368780196,947,5.847223774248787,hiv_35691,MoleculeNet_HIV,True
Cc1ncc([N+](=O)[O-])n1CCNC(=O)CCCn1ccnc1[N+](=O)[O-],6.038699034852339,948,5.186912868403072,hiv_18508,MoleculeNet_HIV,True
CC1(C)c2ccccc2-c2nc3ccccc3c3c2C1OC3=O,6.038421016118814,949,5.345102567094556,hiv_3003,MoleculeNet_HIV,True
CC1NC(=O)c2cc(O)n(C)c(=O)c21,6.0377506916552575,950,5.256611304620362,hiv_22140,MoleculeNet_HIV,True
CCOC(=O)C=CC(CC)O[Si](C(C)C)(C(C)C)C(C)C,6.03765795499087,951,5.406422749486604,hiv_33956,MoleculeNet_HIV,True
CCOP(=O)(OCC)OC1c2[nH]ccc2-c2cc(C(=O)OC)[nH]c2C1OC,6.0374570285365685,952,5.170864761419918,hiv_33607,MoleculeNet_HIV,True
COc1ccc(NC(=O)C(C)Oc2ccc(OCC3CCCCC3)cc2)cc1,6.03732414852868,953,5.675760654902624,hiv_24377,MoleculeNet_HIV,True
CCN1CC2(COC(=O)c3ccccc3N3C(=O)CC(C)C3=O)CCC(OC)C34C5CC6C(OC)CC(O)(C5C6OC)C(O)(C(OC)C23)C14,6.037052906468982,954,5.289475976564105,hiv_11875,MoleculeNet_HIV,True
COC1C(OC(=O)C=CC=CC=CC=CC(=O)O)CCC2(CO2)C1C1(C)OC1CC=C(C)C,6.036794365161059,955,5.16059386684028,hiv_429,MoleculeNet_HIV,True
O=C(NNC(=O)c1ccco1)c1ccco1,6.0367808677432295,956,5.787070367424229,hiv_38959,MoleculeNet_HIV,True
Cc1ccc(S(=O)(=O)NC(=O)n2ccnc2C)cc1,6.0367327006076605,957,5.310100281455999,hiv_8383,MoleculeNet_HIV,True
O=[N+]([O-])c1ccc(C(=Cc2ccccc2)Cn2ccnc2)cc1,6.036667764637783,958,5.283339524510178,hiv_31617,MoleculeNet_HIV,True
CCOC(=O)c1cc2sc(NC(=O)c3cccs3)nc2o1,6.036478312947995,959,5.14204725634322,hiv_8648,MoleculeNet_HIV,True
Cc1nc2ccccc2c(=O)n1NC(=S)Nc1ccc(Cl)cc1,6.036176186098551,960,5.311290911781838,hiv_23751,MoleculeNet_HIV,True
CC(C)(C)OC(=O)c1cc(NC(=S)c2ccccc2)ccc1Cl,6.035582158556599,961,5.293816723763105,hiv_19334,MoleculeNet_HIV,True
Cn1c(=O)c2c(nc3sc4ncccc4c(=O)n32)n(C)c1=O,6.0354767894141395,962,5.188833290306588,hiv_37236,MoleculeNet_HIV,True
CC1SC2(CC3CCC2(C)C3(C)C)OC1=O,6.03490048106709,963,5.199928803117895,hiv_19926,MoleculeNet_HIV,True
CC1=NN(c2ccccc2)C(=O)C1N=Nc1ccc(S(=O)(=O)Nc2occ(C)c2C)cc1,6.034617288886515,964,5.264513695798616,hiv_4215,MoleculeNet_HIV,True
CC(=O)NCCSSCCCCS(=O)O,6.034172030697849,965,5.86616899366698,hiv_8340,MoleculeNet_HIV,True
O=C(O)CCSSCCCCCS(=O)O.[NaH],6.034172030697849,966,5.857434269829796,hiv_10314,MoleculeNet_HIV,True
O=S(O)CCCCSSCCCCSSCCCCS(=O)O.[NaH],6.034172030697849,967,5.862690759266615,hiv_11607,MoleculeNet_HIV,True
O=S(O)CCCCCSSCCCCSSCCCCCS(=O)O.[NaH],6.034172030697849,968,5.862690759266615,hiv_11601,MoleculeNet_HIV,True
Cc1c(C(=O)Nc2ccc(Cl)cc2)nc(N)nc1-c1cccc(Cl)c1,6.033802852209707,969,5.292821646924565,hiv_15069,MoleculeNet_HIV,True
CC(C)c1ccc(C2C3=C(N=C4SCC(=O)N42)C(=O)c2ccccc23)cc1,6.033403658269155,970,5.561187072547154,hiv_19100,MoleculeNet_HIV,True
CCOC1SC(SC)=NN1C(=O)C(OC(C)=O)C(OC(C)=O)C(OC(C)=O)C(OC(C)=O)C(=O)N1N=C(SC)SC1OCC,6.033087607543811,971,5.392316232048898,hiv_26334,MoleculeNet_HIV,True
Cc1cn(C2CC([N+]([O-])=NNc3ccc([N+](=O)[O-])cc3)C(CO)O2)c(=O)[nH]c1=O,6.032890602561908,972,5.1817733609246055,hiv_39668,MoleculeNet_HIV,True
O=C(O)c1cc(N=Nc2ccc(S(=O)(=O)Nc3ccccn3)cc2)ccc1O,6.032692067219479,973,5.26781153451792,hiv_28721,MoleculeNet_HIV,True
CC1OC(OC2C(O)C(O)C(NC(=N)N)C(O)C2NC(=N)N)C(OC2OC(CO)C(O)C(O)C2N(C)N=O)C1(O)C=O,6.03264630780797,974,5.664118374971882,hiv_928,MoleculeNet_HIV,True
CC1CN=C(N(C)C(=O)Nc2ccc(Cl)cc2)S1,6.032429386355125,975,5.2970509822652945,hiv_30855,MoleculeNet_HIV,True
Cc1ccc(NC2=NC(=Cc3ccco3)C(Cl)=N2)cc1,6.032005803735498,976,5.3727982121630635,hiv_35402,MoleculeNet_HIV,True
O=C1c2ccccc2C(=O)N1OCCCCON1C(=O)c2ccccc2C1=O,6.031146935677831,977,5.408556480442037,hiv_3780,MoleculeNet_HIV,True
O=C1C=C(Nc2ccc(S(=O)(=O)Nc3nccs3)cc2)c2ccccc2C1=O,6.0311041845220865,978,5.4248094448393065,hiv_22035,MoleculeNet_HIV,True
Cc1ccc2c3c4c(ccc13)C(C)(C)OC4=C(C(C)C)C2=O,6.030564663709468,979,5.440009469846822,hiv_36276,MoleculeNet_HIV,True
CC(=O)N1C(Nc2cnc3ccccc3c2)CCN1c1ccccc1,6.030494708896809,980,5.278250588808936,hiv_25214,MoleculeNet_HIV,True
O=C1CC2COc3ccc(O)cc3C2=NN1c1ccccc1,6.030030896487791,981,5.272474869121769,hiv_9532,MoleculeNet_HIV,True
Nc1nc(Cl)c(N=Nc2ccc(Cl)cc2)c(NCC2(CO)CCC2)n1,6.029800376337772,982,5.694020511218352,hiv_32289,MoleculeNet_HIV,True
CN(C)c1ncnc2c1Cc1ccccc1C(=O)N2C,6.029338459640001,983,5.296390252612334,hiv_7411,MoleculeNet_HIV,True
Nc1nc(Cl)cc(Nc2ccc3c(c2)CCC3)n1,6.028929748335397,984,5.194183238814207,hiv_35930,MoleculeNet_HIV,True
C=CCNC(=O)C(O)C(O)C(=O)NCC=C,6.028366749489726,985,5.705077307998786,hiv_5132,MoleculeNet_HIV,True
Cc1ccc([N+](=O)[O-])cc1NC(=O)N1CCCCC1C,6.028119522362275,986,5.36619202795962,hiv_6456,MoleculeNet_HIV,True
CC1(C)OC2OC(COC(=O)C=[N+]=[N-])C3OC(C)(C)OC3C2O1,6.027946970906185,987,5.186578766295237,hiv_33524,MoleculeNet_HIV,True
CCOC(=O)c1cc(NN=C2CCCNC2=O)c[nH]1,6.027807374629448,988,5.213549298367558,hiv_4243,MoleculeNet_HIV,True
C=CCCCC(C(=O)OCC)C(=O)OCC,6.027642356287129,989,5.4013682585161895,hiv_12024,MoleculeNet_HIV,True
CC1=NN2C(=NC(C)(C)C1)NN=C2c1ccccc1Cl,6.0275820413366645,990,5.316161281100669,hiv_18801,MoleculeNet_HIV,True
N=C(N)NS(=O)(=O)c1ccc(-n2sc3ccccc3c2=O)cc1,6.0263610781814565,991,5.371281742063056,hiv_37862,MoleculeNet_HIV,True
CN1CC(=O)Nc2c(ncn2C2OC(CO)C(O)C2O)C1=O,6.025469683095235,992,5.192457367432907,hiv_16610,MoleculeNet_HIV,True
O=C(Cc1ccccc1)ONC(CCCCNC(=O)OCc1ccccc1)C(=O)Nc1ccc(Cc2ccc(NC(=O)C(CCCCNC(=O)OCc3ccccc3)NC(=O)OCc3ccccc3)cc2)cc1,6.025041997939354,993,5.705674311077781,hiv_3946,MoleculeNet_HIV,True
CN1CC2=C(NCNS2(=O)=O)N(C)C1,6.024557813380092,994,5.196078585335538,hiv_3169,MoleculeNet_HIV,True
CC1(C)Oc2cc3oc(=O)ccc3c3c2C2C1CCC(C)(O3)C2O,6.024179754504752,995,5.301707951283767,hiv_3095,MoleculeNet_HIV,True
Nc1nc(Cl)cc(NCC2(CO)CC=CC2)n1,6.023838202509471,996,5.192358445956366,hiv_32246,MoleculeNet_HIV,True
O=C1c2ccccc2C(=O)N1CCn1ccc(NC(c2ccccc2)(c2ccccc2)c2ccccc2)nc1=O,6.023431846956268,997,5.313277254905781,hiv_18462,MoleculeNet_HIV,True
CCOC12CC(OC)C3(O)CC(C1C3OCc1ccccc1)C13C(OC)CC(O)C4(COC)CN(CC)C1C2C(OC)C43,6.023251425996668,998,5.244954998753343,hiv_23927,MoleculeNet_HIV,True
CCOc1ccc(Nc2ccc(N=Nc3c(N)c(C)cc(N=Nc4ccc(-c5ccc(N=Nc6ccc(O)c(C(=O)O)c6)cc5)cc4)c3N)cc2S(=O)(=O)O)cc1,6.023093137575723,999,5.193774082874039,hiv_2308,MoleculeNet_HIV,True
COC1(OC)CC(CO)(CNc2cc(Cl)nc(N)n2)C1,6.022886630077877,1000,5.1721445343476455,hiv_32236,MoleculeNet_HIV,True
N#Cc1c(NCCc2ccc(F)cc2)c2ccccc2n2c1nc1ccccc12,6.022854191216058,1001,5.818316047895347,hiv_37774,MoleculeNet_HIV,True
Cc1cc(=O)n2nc(SCc3ccccc3)sc2n1,6.0225641748741365,1002,5.800783566868707,hiv_30973,MoleculeNet_HIV,True
O=C1CC(c2ccc[nH]2)=NN1c1ccccc1,6.022520827020168,1003,5.285418273426005,hiv_38322,MoleculeNet_HIV,True
COc1cc2ccn3c4cc(OC)c(OC)cc4cc3c2cc1OC,6.022423946279228,1004,5.248714366617518,hiv_16792,MoleculeNet_HIV,True
CCC(C)OC(=O)c1ccccc1C(=O)O.COc1cc2c(cc1OC)C13CCN4CC5=CCOC6CC(=O)N2C1C6C5C4C3,6.022388829018253,1005,5.419097400200353,hiv_180,MoleculeNet_HIV,True
CNc1ccc(C=C2C=CC=C2)cc1,6.022321290608449,1006,5.186079085853435,hiv_3234,MoleculeNet_HIV,True
CC1=NNC(=N)NC1=CC(Sc1ccc(Cl)cc1)c1ccc([N+](=O)[O-])cc1,6.0223146858366805,1007,5.442529650787289,hiv_39856,MoleculeNet_HIV,True
O=C(Nc1ccc([N+](=O)[O-])cc1)N(c1cc(Cl)ccn1)C1CCCCC1,6.021710324734809,1008,5.295494112237192,hiv_4106,MoleculeNet_HIV,True
O=C(CNN1C(=O)CSC1=Nc1cccc2ccccc12)c1cccc2c1Nc1ccccc1S2,6.021375194043913,1009,5.358140040472134,hiv_7209,MoleculeNet_HIV,True
CCCCNC(=S)Nc1nc(C(=O)NNC(=S)NCc2ccccc2)cs1,6.019009581306486,1010,5.8013912207817695,hiv_34281,MoleculeNet_HIV,True
Cc1ccc(S(=O)(=O)NC(=O)Nc2nc(Cl)cc(Cl)n2)cc1,6.018930862128402,1011,5.3103040813040385,hiv_17520,MoleculeNet_HIV,True
Cc1nnc(Sc2nc(C#N)c(C#N)nc2Sc2nnc(C)s2)s1,6.018629611077379,1012,5.143593829092539,hiv_40632,MoleculeNet_HIV,True
Cc1nn(-c2ccccc2)c(=O)n2c1nc1ccccc12,6.018007862014271,1013,5.807328206975682,hiv_9559,MoleculeNet_HIV,True
Cl.NC1c2c(Br)sc(N3CCCC3)c2C(=O)C1O,6.01799483288977,1014,5.276537801233386,hiv_26755,MoleculeNet_HIV,True
C=C(CCCC(C)OCOCCOC)[Si](C)(C)C,6.017380841938452,1015,5.37848778321681,hiv_16028,MoleculeNet_HIV,True
COc1ccc(N2C(=O)CSC2c2c[nH]c3ccccc23)cc1,6.016854312428183,1016,5.286441115377448,hiv_24139,MoleculeNet_HIV,True
CC1(C)OC(C(O)CO)C(C2NCCS2)O1,6.0164180498380455,1017,5.422135059922985,hiv_39283,MoleculeNet_HIV,True
Cn1ncc2c(Nc3ccc(Cl)cc3)c3ccccc3nc21,6.015463206875195,1018,5.29539069889686,hiv_14165,MoleculeNet_HIV,True
Cl.O=C(N1CCN(CCO)CC1)N1c2ccccc2Sc2ccccc21,6.015163029975817,1019,5.334482000736466,hiv_25690,MoleculeNet_HIV,True
CN1CCN(C(=S)N(C)C(=O)c2ccc(Cl)cc2)CC1,6.014895010451912,1020,5.198753462817651,hiv_24492,MoleculeNet_HIV,True
O=C1CN(CCO)CC(=O)N2Cc3ccccc3CN12,6.014682236797296,1021,5.2843239397058985,hiv_8279,MoleculeNet_HIV,True
COc1ccc(NC(=O)C(=CN2C(=O)C(=CC(C)=Cc3ccccc3)SC2=S)C(C)=O)cc1,6.014362321083733,1022,5.2978474618842615,hiv_26065,MoleculeNet_HIV,True
O=C(Nc1ccc(Cl)cc1)c1cc2cc(N=Nc3ccccc3Cl)ccc2oc1=O,6.014084157093748,1023,5.313166658340801,hiv_20019,MoleculeNet_HIV,True
Cc1nn(C(=O)c2ccncc2)c2c1C(c1ccccc1)SC(=N)N2,6.0138979755881055,1024,5.358544383041912,hiv_25113,MoleculeNet_HIV,True
CC(=O)Nc1ccc(C=CC(=O)c2sc(C(N)=S)nc2C)cc1,6.0136184923299485,1025,5.308188607075034,hiv_18780,MoleculeNet_HIV,True
CC(=O)Nc1ccc(C=C2SC(=S)N(C=C(c3ccccc3)S(=O)Cc3ccccc3)C2=O)cc1,6.013594474430731,1026,5.626712850973352,hiv_26031,MoleculeNet_HIV,True
Cc1nc(=O)n2c(C)n[nH]c2c1C(=O)Nc1cc(Cl)cc(Cl)c1,6.013559183498141,1027,5.20289901611781,hiv_12009,MoleculeNet_HIV,True
C=C1CC2OC3C4C(CC(C)C(OC(C)=O)C24)C(C)COC3(C)C(OC(=O)CCCCCCC)CC1=O,6.013452633414283,1028,5.37092890205337,hiv_34115,MoleculeNet_HIV,True
C=C1CC2OC3C4C(CC(C)C(OC(C)=O)C24)C(C)COC3(C)C(OC(=O)CCCCCCC)CC1O,6.013452633414283,1029,5.37092890205337,hiv_34114,MoleculeNet_HIV,True
Cn1cc(S(=O)(=O)NC(=O)Nc2ccc(Cl)cc2)c(=O)c2ccc(F)cc21,6.013344116826337,1030,5.258821609275888,hiv_30630,MoleculeNet_HIV,True
COc1ccc(C(OCC2OC(n3ccc(NC(=O)c4ccccc4)nc3=O)C(O)C2O)(c2ccccc2)c2ccccc2)cc1,6.013307990833221,1031,5.254316367004714,hiv_10308,MoleculeNet_HIV,True
Cc1cc(O)c2c(c1)C(C13Cc4cc(O)c5c(c4C1C=CC(O)C3O)C(=O)c1cccc(O)c1C5=O)OC2=O,6.013220961304414,1032,5.223465234194955,hiv_14206,MoleculeNet_HIV,True
COC(=O)CC(CNC(=O)OCc1ccccc1)OCc1ccc(OC)cc1,6.01319922003011,1033,5.389593914859196,hiv_36559,MoleculeNet_HIV,True
Cc1cc(-c2cc(C(C)(C)C)c(O)c(C(C)(C)C)c2)c(C)cc1-c1cc(C(C)(C)C)c(O)c(C(C)(C)C)c1,6.012947328539452,1034,5.201075325569464,hiv_33656,MoleculeNet_HIV,True
COC1OC2=CCC3C(=O)NC(=O)C3C2C(OC)C1OC,6.01231771763568,1035,5.16980054207169,hiv_11342,MoleculeNet_HIV,True
Cc1cc(N(CCC#N)CCC#N)ccc1C=C1N=C(C=Cc2ccccc2)N(NC(=O)CC(=O)Nc2ccccc2Cl)C1=O,6.011631333214866,1036,5.469867311507097,hiv_20846,MoleculeNet_HIV,True
O=C1c2ccccc2C(=O)c2c(C=CN3CCCCC3)ccnc21,6.010719346295996,1037,5.432776520490587,hiv_19770,MoleculeNet_HIV,True
Cn1c(=O)c2c(nc3n(Cc4ccccc4)c(=O)c(NCCCBr)cn23)n(C)c1=O,6.01060312564125,1038,5.22937276345473,hiv_38113,MoleculeNet_HIV,True
C=CCNC(=S)NNC(=S)NCC=C,6.009655454087188,1039,5.6971216055269895,hiv_2140,MoleculeNet_HIV,True
Cc1ccccc1N=Nc1c(S(=O)(=O)O)cc2cc(NC(=O)Nc3ccc4c(O)c(N=Nc5ccc6cc(S(=O)(=O)O)ccc6c5)c(S(=O)(=O)O)cc4c3)ccc2c1O,6.008975266019742,1040,5.287026026836222,hiv_1977,MoleculeNet_HIV,True
CCN(c1ccccc1)c1nc(N)nc(NS(=O)(=O)c2cc(C)c(Cl)cc2S)n1,6.0088970852361845,1041,5.719615103178281,hiv_31534,MoleculeNet_HIV,True
Cc1cc(Cl)ccc1NC(=O)CCCC(=O)C(C(=O)c1ccccc1)c1ccccc1,6.008830573564938,1042,5.406792739376919,hiv_11069,MoleculeNet_HIV,True
CC1=CC2c3c(O)cc(-c4cc5ccc(O)cc5o4)cc3OC3(c4ccc(O)cc4O)Oc4cc(O)ccc4C(C1)C23,6.008688587822861,1043,5.2319807773107705,hiv_22246,MoleculeNet_HIV,True
C=CC(CCC(C)OC(CCC)OCC)[Si](C)(C)C,6.0086068261887435,1044,5.401424535160044,hiv_16036,MoleculeNet_HIV,True
Cn1c(CCC2(C)Cc3ccccc3C(=O)O2)cc2ccccc2c1=O,6.008056576920437,1045,5.274492720865456,hiv_30704,MoleculeNet_HIV,True
COC(=O)C(=Cc1cc(OC)c(OC)c(OC)c1-c1cc2c(cc1C1(C)OCCS1)OCO2)C(=O)OC,6.0079236047866535,1046,5.2213724938613355,hiv_21848,MoleculeNet_HIV,True
CCN(Cc1ccccc1)c1ccc(C=Cc2nccc3ccccc23)cc1,6.005705284142898,1047,5.664133951793658,hiv_6912,MoleculeNet_HIV,True
CC(C)CC1CC2C(=O)N(c3ccccc3)C(=O)C2c2[nH]c3ccccc3c21,6.005603117713672,1048,5.4190865109621615,hiv_12678,MoleculeNet_HIV,True
O=c1c2ccccc2oc2nc3cc(Cl)ccc3n12,6.005383941874315,1049,5.804887554972993,hiv_9044,MoleculeNet_HIV,True
Nc1nc(Cl)c(N)c(NCC2(CO)CCCC2)n1,6.005350949338438,1050,5.70713794029464,hiv_32259,MoleculeNet_HIV,True
N#CNC(=NCCc1c[nH]c2ccccc12)Oc1ccccc1,6.005234930566156,1051,5.9900297384210495,hiv_23870,MoleculeNet_HIV,True
CC1(C)COC(c2cccc(C(O)c3ccc(Cl)cc3)c2)=N1,6.005187001292216,1052,5.428254797850005,hiv_31302,MoleculeNet_HIV,True
CSc1c(C(=O)Nc2ccc(Cl)cc2)c(=N)[nH]n1-c1ccccc1,6.005169891532422,1053,5.306906892654232,hiv_38086,MoleculeNet_HIV,True
CC(=O)Nc1ccc(S(=O)(=O)Nc2ccc(S(=O)(=O)c3ccc(NC(=O)c4ccccc4SSc4ccccc4C(=O)Nc4ccc(S(=O)(=O)c5ccc(NS(=O)(=O)c6ccc(NC(C)=O)cc6)cc5)cc4)cc3)cc2)cc1,6.005062756982272,1054,5.318169155271258,hiv_38773,MoleculeNet_HIV,True
COc1cc2c(Cc3cc(OCc4ccccc4)ccc3N)nccc2c(OC)c1OC,6.004179626353912,1055,5.3349297431522,hiv_13504,MoleculeNet_HIV,True
CCc1cccc(CC)c1NC(=NC(=O)c1ccc(Br)cc1)SC.I,6.003671108924192,1056,5.709138356063813,hiv_24902,MoleculeNet_HIV,True
COC(=O)C1C2OC(C)(C)OC2CN1S(=O)(=O)c1ccc(C)cc1,6.003639765637391,1057,5.1613348193755515,hiv_37639,MoleculeNet_HIV,True
COc1ccc(C2CC(c3c(O)ccc4ccccc34)=NN2c2ccc([N+](=O)[O-])cc2[N+](=O)[O-])cc1OC,6.001670723633525,1058,5.220760925705336,hiv_36750,MoleculeNet_HIV,True
CCC=Cc1cc2cc[nH]c2c2c1C(C)CC2C,6.001560952273089,1059,5.281071315458252,hiv_12301,MoleculeNet_HIV,True
CC(=NNC(=O)C(C#N)=Cc1ccc(N(CCC#N)CCC#N)cc1)c1ccccc1,6.001552964323244,1060,5.708768356871914,hiv_26022,MoleculeNet_HIV,True
CCOC(=O)CSc1nc(N)c2c(-c3ccc(OC)c(OC)c3)c3c(nc2n1)CCCC3,6.001336747568714,1061,5.171267621229942,hiv_28714,MoleculeNet_HIV,True
COc1ccc2cc(C(C)C(=O)N3C(=O)OCC3(C)C)ccc2c1,6.00122721986308,1062,5.416171088137531,hiv_24619,MoleculeNet_HIV,True
COCC1OC(=O)c2coc3c2C1(C)C1=C(C3=O)C2CCC(=O)C2(C)CC1OC(C)=O,6.000782637349833,1063,5.162886620286152,hiv_13250,MoleculeNet_HIV,True
COc1ccc(C(=O)Nc2ccn(CCOC(=O)c3ccc(OC)cc3)c(=O)n2)cc1,5.999612311508772,1064,5.158733796028906,hiv_17698,MoleculeNet_HIV,True
CN(C(=O)C12C3C4C1(C(=O)O)C1C2C3(C(=O)O)C41C(=O)N(C)C(C)(C)C)C(C)(C)C,5.999554290510871,1065,5.216705884560173,hiv_18893,MoleculeNet_HIV,True
CC=CC(O[Si](C)(C)C(C)(C)C)C(O)C=CC(=O)OCC,5.999269981865534,1066,5.4013682585161895,hiv_33967,MoleculeNet_HIV,True
Cl.NC(CSSCC(N)C(=O)Nc1ccc2ccccc2c1)C(=O)Nc1ccc2ccccc2c1,5.998264074898709,1067,5.422140945623822,hiv_32953,MoleculeNet_HIV,True
Clc1cc(NN=C(c2ccccc2)c2ccccn2)ncn1,5.997455190330623,1068,5.284134585158706,hiv_38438,MoleculeNet_HIV,True
CSc1nc(Cl)c2c(n1)Sc1nc3cc4c(cc3n1C2O)OCO4,5.997187145416552,1069,5.246112198749157,hiv_39778,MoleculeNet_HIV,True
O=S1(=O)CCC2=CC(C(F)(F)F)=CC(C(F)(F)F)=CN21,5.996968786662363,1070,5.283815004436708,hiv_10132,MoleculeNet_HIV,True
Cc1cc(Br)cc(C)c1NC(=O)C(=O)C1C(=O)C(CC2C(=O)c3ccccc3C2=O)C(=O)CC1(C)C,5.9968508029606795,1071,5.392587983503142,hiv_22470,MoleculeNet_HIV,True
O=S(O)CCCCSSCC(O)CO.[NaH],5.996753198384521,1072,5.866953137533053,hiv_10210,MoleculeNet_HIV,True
Cc1ccc2ccccc2c1CSc1ncnc2c1ncn2C1OC(CO)C(O)C1O,5.996265124184125,1073,5.250016862812415,hiv_1784,MoleculeNet_HIV,True
O=C1NC2c3c(Cl)sc(Cl)c3C(O)C2O1,5.995422763404918,1074,5.271650671573404,hiv_37235,MoleculeNet_HIV,True
O=C(Nc1ccc(Cl)c(Cl)c1)OCCN1c2ccccc2Sc2ccccc21,5.995080560908231,1075,5.349081195237007,hiv_3580,MoleculeNet_HIV,True
COc1cc2c(cc1OC)C13CC[N+]4(C)CC5CCOC6CCN2C1C6C5CC34,5.994800765056979,1076,5.131149073836786,hiv_2796,MoleculeNet_HIV,True
CC(C)(C)C1=CC(=C(c2ccc(-c3c4nc(c(-c5ccc(C(=C6C=C(C(C)(C)C)C(=O)C(C(C)(C)C)=C6)c6cc(C(C)(C)C)c(O)c(C(C)(C)C)c6)cc5)c5ccc([nH]5)c(-c5ccc(C(=C6C=C(C(C)(C)C)C(=O)C(C(C)(C)C)=C6)c6cc(C(C)(C)C)c(O)c(C(C)(C)C)c6)cc5)c5nc(c(-c6ccc(C(=C7C=C(C(C)(C)C)C(=O)C(C(C)(C)C)=C7)c7cc(C(C)(C)C)c(O)c(C(C)(C)C)c7)cc6)c6ccc3[nH]6)C=C5)C=C4)cc2)c2cc(C(C)(C)C)c(O)c(C(C)(C)C)c2)C=C(C(C)(C)C)C1=O,5.994580632634861,1077,5.203701316046249,hiv_28440,MoleculeNet_HIV,True
O=C(O)C12CC=CCC1(C(=O)O)CC=CC2,5.994383184998668,1078,5.191429655102379,hiv_3735,MoleculeNet_HIV,True
O=C(Nc1ccc(C(=O)Nc2ccc(C3=NCCCN3)cc2)cc1)Nc1ccc(C2=NCCCN2)cc1,5.994351909322581,1079,5.3371478419393155,hiv_2425,MoleculeNet_HIV,True
Cc1ccnc(NC(=S)Nc2cc(C)ccn2)c1,5.994034309761068,1080,5.199440070678988,hiv_866,MoleculeNet_HIV,True
CC=CC(=O)C(C)C1=CC(=O)C2=C(OC34CCC(O)C(C)(C)C3CCC(C)C4(C)C2)C1=O,5.994031928371224,1081,5.369330054700541,hiv_14169,MoleculeNet_HIV,True
O=S1(=O)c2ccccc2N2CCCc3cc(Cl)cc1c32,5.993420454082639,1082,5.29643465491138,hiv_27865,MoleculeNet_HIV,True
COC(c1ccc(C(C)(C)C)cc1)(c1ccc(C(C)(C)C)cc1)c1cc(C(O)(c2cc(C(OC)(c3ccc(C(C)(C)C)cc3)c3ccc(C(C)(C)C)cc3)c(C)cc2C)c2cc(C(OC)(c3ccc(C(C)(C)C)cc3)c3ccc(C(C)(C)C)cc3)c(C)cc2C)c(C)cc1C,5.993301307876632,1083,5.195906582922529,hiv_34757,MoleculeNet_HIV,True
CCOC(=O)CC1C(=O)CC2CC(C)CC(=O)C21CCC#N,5.992987545101145,1084,5.194352762430429,hiv_11815,MoleculeNet_HIV,True
NS(=O)(=O)c1nnc(NC(=O)Nc2ccc(Cl)c(Cl)c2)s1,5.992812742148781,1085,5.121617750541521,hiv_40117,MoleculeNet_HIV,True
N#CC(C(=O)Nc1ccc(Cl)cc1)=C(N)N1CCOCC1,5.992765424620058,1086,5.315770739548382,hiv_40690,MoleculeNet_HIV,True
CC1(C(=O)O)CCCC2(C)C3=CC(=O)CCC3=CCC12,5.9926827655902795,1087,5.1609619006585055,hiv_4258,MoleculeNet_HIV,True
CCOC(=O)C1=CNC(=C(C)C(=O)OC)SC1C(=O)OCC,5.992344315638388,1088,5.172356244618414,hiv_37282,MoleculeNet_HIV,True
CC1(C)OC(=O)C=CC2(C)C1CC(=O)C1(C)C2CCC2(C)C(c3ccoc3)OC(=O)C3OC321,5.99230074015525,1089,5.183541412942165,hiv_10427,MoleculeNet_HIV,True
Cc1ccc(C(=O)NC2C(=O)NC(C(C)C)C(=O)N3CCCC3C(=O)N(C)CC(=O)N(C)C(C(C)C)C(=O)OC2C)c2c1Oc1c(c(C(=O)NC3C(=O)NC(C(C)C)C(=O)N4CCCC4C(=O)N(C)CC(=O)N(C)C(C(C)C)C(=O)OC3C)c3nc(-c4ccccc4)c(=O)oc3c1C)N2,5.991949562267513,1090,5.445071906130811,hiv_8206,MoleculeNet_HIV,True
O=[N+]([O-])c1ccc2c3c(cccc13)S(=O)(=O)O2,5.991259883736828,1091,5.194289222406585,hiv_35047,MoleculeNet_HIV,True
CC(C)C(=O)Oc1cc2c(=O)oc3c(OC(=O)C(C)C)c(OC(=O)C(C)C)cc4c(=O)oc(c1OC(=O)C(C)C)c2c34,5.990318040701347,1092,5.470455444918512,hiv_25513,MoleculeNet_HIV,True
Nc1nc(Cl)cc(NCCC2(CO)CCC2)n1,5.989787597382329,1093,5.192358445956366,hiv_32251,MoleculeNet_HIV,True
Nc1nc(Cl)cc(NC2(CO)CCC2)n1,5.989787597382329,1094,5.192358445956366,hiv_32216,MoleculeNet_HIV,True
N#Cc1c(C(N)=O)ncn1Cc1ccccc1,5.9897692501776785,1095,5.653058308148063,hiv_12407,MoleculeNet_HIV,True
C=C1OC(=O)C2(C(C=CC)C=CC(=O)C2O)C1O,5.9896721197508365,1096,5.365118384869382,hiv_26595,MoleculeNet_HIV,True
CC(=O)OCC1OC(OC2C(COC(C)=O)OC(Sc3ccccc3C)C(OC(C)=O)C2OC(C)=O)C(OC(C)=O)C(OC(C)=O)C1OC(C)=O,5.989306942390929,1097,5.707605761317671,hiv_24402,MoleculeNet_HIV,True
Cc1cc(Cl)ccc1NC(=O)CCCC(=O)C1CCCC1=O,5.989138135726462,1098,5.179872657011372,hiv_11104,MoleculeNet_HIV,True
CCOC(=O)C1=C(OC(OCC)C(C)[Se]c2ccccc2)CCC1,5.989074119189275,1099,5.413804418629845,hiv_21063,MoleculeNet_HIV,True
O=C(Nc1ccc(N=Nc2ccc(O)c(C(=O)O)c2)cc1)Nc1ccc(N=Nc2ccc(O)c(C(=O)O)c2)cc1,5.988951584453608,1100,5.282241218363497,hiv_2758,MoleculeNet_HIV,True
C=C(OC1C(C)=C2C(C1OC(=O)CCCCCCC)C(C)(OC(C)=O)CC(OC(=O)CCC)C1(O)C2OC(=O)C1(C)O)C(C)=CC,5.988541126405158,1101,5.19440539819467,hiv_7570,MoleculeNet_HIV,True
COc1ccc(OC)c2c1C1CCC(=O)N1CN2C(C)=O,5.988249407120487,1102,5.256242122292189,hiv_35607,MoleculeNet_HIV,True
CC1(C)OC2C3OC(C(Cl)(Cl)Cl)=NC3C(I)C(N3C(=O)c4ccccc4C3=O)C2O1,5.987777297049053,1103,5.293637534198868,hiv_23950,MoleculeNet_HIV,True
CC1CCC23CCC4(C)C5(C)CCC6C(C)(C)C(=O)CCC6(C)C5C=CC4(OC2=O)C3C1C,5.987625957619882,1104,5.184726238945743,hiv_13816,MoleculeNet_HIV,True
C=CC1(CC)C(=NO)C(CC)(CC)C(=O)N1O,5.987026852582327,1105,5.22468146697721,hiv_15706,MoleculeNet_HIV,True
O=C(Nc1ccc(S(=O)(=O)Nc2ccc(N=Nc3ccccc3)cc2)cc1)C(Sc1ncnc2[nH]cnc12)Sc1ncnc2[nH]cnc12,5.986865417483585,1106,5.31181337659398,hiv_5124,MoleculeNet_HIV,True
O=c1ccn(C=Cc2nc3ccccc3nc2O)c(=S)[nH]1,5.986738980695827,1107,5.298550492835073,hiv_26012,MoleculeNet_HIV,True
N=C1N=C(c2cc(Cl)ccc2O)CC(c2ccccc2)N1,5.986682780314245,1108,5.450370356432122,hiv_10941,MoleculeNet_HIV,True
CC1(C)CC(C2=NCCO2)CC(C)(C)N1,5.9863728183084435,1109,5.200426145232901,hiv_27925,MoleculeNet_HIV,True
Nc1ccc(F)cc1-c1nc2ccc(F)cc2c2nc3ccccc3n12,5.986303439975902,1110,5.8023328949486475,hiv_4636,MoleculeNet_HIV,True
NS(=O)(=O)c1ccc(NC(=O)C2C(=O)C(=O)N(c3ccc(S(N)(=O)=O)cc3)C2=O)cc1,5.986088872386506,1111,5.294286770818085,hiv_11450,MoleculeNet_HIV,True
C[n+]1cn(C2OC(CO)C(O)C2O)c2[nH+]c(O)nc(O)c21,5.985919008482849,1112,5.178621173702043,hiv_1738,MoleculeNet_HIV,True
COc1ccc(CC(NC(=O)NSc2ccccc2)C(=O)NC2C(CO)OC(n3cnc4c(N(C)C)ncnc43)C2O)cc1,5.985826457333894,1113,5.395415793201953,hiv_1500,MoleculeNet_HIV,True
Br.CCC1=C(C)C(=Cc2[nH]c(C(Br)Br)c(CC)c2C)N=C1C(Br)Br,5.9855885970472364,1114,5.523310436774861,hiv_12114,MoleculeNet_HIV,True
CC1=NN(c2ccccc2)C(=O)C1N=Nc1ccc(Br)c(C)c1,5.9855500102930925,1115,5.264513695798616,hiv_14264,MoleculeNet_HIV,True
Oc1ccc2ccccc2c1C1=NN2C(=S)NNC2=NN1,5.984733847870496,1116,5.251338321222881,hiv_5557,MoleculeNet_HIV,True
CCOC(=O)C[n+]1cccc(C2(c3cc4ccccc4[nH]3)OCCO2)c1.[Br-],5.984103443833341,1117,5.310138243762854,hiv_38196,MoleculeNet_HIV,True
CC(C)N1CNC(=O)C12CCN(CC1COc3ccccc3O1)CC2,5.983992273420351,1118,5.661401265997692,hiv_5697,MoleculeNet_HIV,True
CC(=O)Nc1ccc(-c2nnc(SCC(=O)Nc3ccc([N+](=O)[O-])cc3)o2)cc1,5.983420295634457,1119,5.634686768014049,hiv_23886,MoleculeNet_HIV,True
CCOC(=O)C1=C(C)OC(=O)C2(OC)C=C(Cl)C12C,5.983260732602748,1120,5.18510940720561,hiv_26046,MoleculeNet_HIV,True
CCC(=O)NC(Nc1cc(C)on1)(C(F)(F)F)C(F)(F)F,5.98320202473596,1121,5.195287150569344,hiv_30822,MoleculeNet_HIV,True
CC(C)C(C)C=CC(C)C1CC2C3=CC=C4CC(OC5OCC(O)C6OC(=O)C(=O)OC56)CCC4(C)C3CCC2(C)C1,5.983155846080067,1122,5.429679188627707,hiv_34558,MoleculeNet_HIV,True
O=S1(=O)C(c2ccccc2)c2c(-c3ccccc3)sc(-c3ccccc3)c2C1c1ccccc1,5.983148186389821,1123,5.367713127647743,hiv_13204,MoleculeNet_HIV,True
O=C(Nc1ccc(C2=NCCN2)cc1)Nc1cc(NC(=O)Nc2ccc(C3=NCCN3)cc2)cc(C(=O)O)c1,5.982919888627438,1124,5.333220036782862,hiv_2189,MoleculeNet_HIV,True
CN1C(=O)N(C)C(=O)C(Nc2ccc([N+](=O)[O-])cc2)(SCCO)C1=O,5.9826630772317015,1125,5.196929203170722,hiv_8105,MoleculeNet_HIV,True
Cc1cc(NS(=O)(=O)c2ccc(N)cc2)no1,5.981079648861485,1126,5.152218750661411,hiv_5174,MoleculeNet_HIV,True
COc1cc(O)c2c(c1C)C(C)(O)c1c(C)coc1C2=O,5.981012496567168,1127,5.175032326494723,hiv_12800,MoleculeNet_HIV,True
C=C1CC[N+]2(CC(C)C)CCCC12,5.980387300430095,1128,5.4043300217226715,hiv_6428,MoleculeNet_HIV,True
COc1ccc(C2=NN3C(=S)NNC3=NN2)cc1OC,5.979232861475189,1129,5.175699775924998,hiv_5559,MoleculeNet_HIV,True
CC(=O)NC(Cc1ccc2ccccc2c1)C(=O)NC(Cc1ccc(Cl)cc1)C(=O)NC(Cc1cccnc1)C(=O)NC(CO)C(=O)NC(Cc1ccc(O)cc1)C(=O)NC(CCCNC(=N)N)C(=O)NC(CC(C)C)C(=O)NC(CCCNC(=N)N)C(=O)N1CCCC1C(=O)NC(C)C(N)=O,5.978255245256324,1130,5.554959397830486,hiv_9299,MoleculeNet_HIV,True
O=C(Nc1ccc2[nH]c(=S)sc2c1)Nc1ccccc1F,5.978033143024519,1131,5.2927929102282265,hiv_6480,MoleculeNet_HIV,True
O=C(Nc1ccc(C2=NC3CCCCC3N2)cc1)c1ccc(C(=O)Nc2ccc(C3=NC4CCCCC4N3)cc2)cc1,5.977853947242683,1132,5.303801051377837,hiv_1993,MoleculeNet_HIV,True
CC1(c2nc3ccccc3[nH]2)CCC(C(=O)O)C(C)(C)O1,5.977849675331251,1133,5.378578750771098,hiv_34626,MoleculeNet_HIV,True
CCC(C)c1c(N)o[nH]c1=O,5.977824508622514,1134,5.717697839259348,hiv_2007,MoleculeNet_HIV,True
CC(=O)NC(Cc1ccc(Cl)cc1)C(=O)NC(Cc1ccc(Cl)cc1)C(=O)NC(Cc1cccnc1)C(=O)NC(CO)C(=O)NC(Cc1ccc(O)cc1)C(=O)NC(CCCNC(=N)N)C(=O)NC(CC(C)C)C(=O)NC(CCCNC(=N)N)C(=O)N1CCCC1C(=O)NC(C)C(=O)O,5.977151829640281,1135,5.55392181543281,hiv_9298,MoleculeNet_HIV,True
C[n+]1c(-c2ccc(C=NNC(=N)NN=Cc3ccc(-c4cn5cc(Cl)ccc5[n+]4C)cc3)cc2)cn2cc(Cl)ccc21.Cl.[Cl-],5.976624069777432,1136,5.314205371596412,hiv_25007,MoleculeNet_HIV,True
CC1(C)OCC2OC3(c4nc(C#N)c(N)o4)OC(C)(C)OC3C2O1,5.9765655520713254,1137,5.189697846318236,hiv_35521,MoleculeNet_HIV,True
CN(C)c1ccc(NC2=NC(=Nc3ccccc3)C(=Nc3ccccc3)S2)cc1,5.976294649629229,1138,5.464557014201002,hiv_28826,MoleculeNet_HIV,True
Fc1ccc2c(c1)SC1Oc3ccccc3-c3c1c-2nn3-c1ccccc1,5.976172942717478,1139,5.366680316749503,hiv_21231,MoleculeNet_HIV,True
O=C(CNC(=O)Nc1ccc(NC(=O)NCC(=O)Nc2ccc(C3=NCCN3)cc2)cc1)Nc1ccc(C2=NCCN2)cc1,5.9751606653999865,1140,5.7318096304244115,hiv_2923,MoleculeNet_HIV,True
C=CCC(C(=O)OCC)C1NCCc2c1[nH]c1ccccc21,5.974319321056378,1141,5.395743415337567,hiv_21486,MoleculeNet_HIV,True
O=C(O)c1c(O)ccc(O)c1C(=O)Nc1ccc(C=Cc2ccc(NC(=O)c3c(O)ccc(O)c3C(=O)O)cc2S(=O)(=O)O)c(S(=O)(=O)O)c1.[NaH],5.974301670387011,1142,5.198561384064499,hiv_27575,MoleculeNet_HIV,True
Cc1ccc2[nH]c3c(c2c1)C1CCC(C(C)(C)C)CC1C1C(=O)N(c2ccc(Oc4ccccc4)cc2)C(=O)C31,5.974181802643295,1143,5.346258460381702,hiv_41120,MoleculeNet_HIV,True
Cc1ccc(S(=O)(=O)N2CCN(CCO)CCN(S(=O)(=O)c3ccc(C)cc3)CCN(CCO)CC2)cc1,5.973570151413233,1144,5.229267716591454,hiv_34065,MoleculeNet_HIV,True
CC=CCC(C)C(OS(=O)(=O)O)C1C(=O)NC(CC)C(=O)N(C)CC(=O)N(C)C(CC(C)C)C(=O)NC(C(C)C)C(=O)N(C)C(CC(C)C)C(=O)NC(C)C(=O)NC(C)C(=O)N(C)C(CC(C)C)C(=O)N(C)C(CC(C)C)C(=O)N(C)C(C(C)C)C(=O)N1C.[NaH],5.973366708530751,1145,5.47583289474429,hiv_15278,MoleculeNet_HIV,True
C=CCN1CCC(O)(c2cc(C(=O)OCC)[nH]c2-c2cc(C)no2)C1,5.972252924717336,1146,5.214643373058492,hiv_38329,MoleculeNet_HIV,True
CN1CC(=Cc2ccc(Cl)cc2)C2=C(C1)C(c1ccc(Cl)cc1)NC(=S)N2.Cl,5.97217011303519,1147,5.199552337667049,hiv_28155,MoleculeNet_HIV,True
O=C(NC(=O)c1ccccc1[N+](=O)[O-])Nc1ccc(Oc2ncc(Br)cn2)c(Cl)c1,5.972084347043074,1148,5.290916306289003,hiv_11834,MoleculeNet_HIV,True
COc1ccc(C2CC3C(=O)N(c4ccc(OC)cc4)C(=O)C3c3[nH]c4ccccc4c32)cc1,5.971981013985053,1149,5.304386082921829,hiv_22609,MoleculeNet_HIV,True
Cn1cc(NC(=O)Nc2cc(C(=O)Nc3cc(C(=O)Nc4ccc5c(S(=O)(=O)O)cccc5c4S(=O)(=O)O)n(C)c3)n(C)c2)cc1C(=O)Nc1cc(C(=O)Nc2ccc3c(S(=O)(=O)O)cccc3c2S(=O)(=O)O)n(C)c1.[Na+],5.971948799986713,1150,5.224674721718527,hiv_22919,MoleculeNet_HIV,True
CC(C)[Si](OC1CCCC23OC2CC2C(=O)c4c(O)cccc4C(=O)C2(O)C13)(C(C)C)C(C)C,5.971660891923792,1151,5.429679188627707,hiv_33651,MoleculeNet_HIV,True
C#[N+]CCOP(=O)(OCC1OC(n2cc(C)c(=O)[nH]c2=O)CC1N=[N+]=[N-])OC1CCC2(C)C(=CCC3C2CCC2(C)C(C(C)C=CC(CC)C(C)C)CCC32)C1,5.971276257527196,1152,5.410511132561698,hiv_27574,MoleculeNet_HIV,True
NC(=O)c1ccc(S(=O)(=NS(=O)(=O)c2ccccc2)c2ccc(C(N)=O)cc2)cc1,5.970761694736566,1153,5.285896558831917,hiv_23962,MoleculeNet_HIV,True
O=C(O)c1ccc(Nc2ncc3c(n2)-c2ccc(Cl)cc2C(c2c(F)cccc2F)=NC3)cc1,5.970213064171024,1154,5.154616952628369,davis_11712649,DAVIS_spike_in,True
CCCOC(=O)CCC(NC(=O)c1ccc(Nc2nc3ccccc3nc2-c2cccs2)cc1)C(=O)OCCC,5.970206373173831,1155,5.362307420766013,hiv_19537,MoleculeNet_HIV,True
CC(C)(O)c1cc2nc3ccccc3nc2n1CCO,5.970092346234711,1156,5.28883975650394,hiv_10428,MoleculeNet_HIV,True
CSC1=NC(=O)C2(CCCCC2)N(C)N1,5.969685008863375,1157,5.381310984980796,hiv_7185,MoleculeNet_HIV,True
COc1cc2c(cc1OC)CC(=O)Nc1cc(OC)c(OC)cc1CC2,5.969265128790681,1158,5.1810919673045195,hiv_13082,MoleculeNet_HIV,True
N=c1ccn(C2CCC3(CO)CC23)c(=O)[nH]1,5.9692157046359355,1159,5.194611984026577,hiv_26731,MoleculeNet_HIV,True
O=c1ccn(C2CCC3(CO)CC23)c(=O)[nH]1,5.9692157046359355,1160,5.194611984026577,hiv_26730,MoleculeNet_HIV,True
COc1ccc(C(=O)CCC2(C)OCCO2)cc1OC,5.969114967663379,1161,5.170708896267829,hiv_10423,MoleculeNet_HIV,True
CCOP1(=O)N=C(NC#N)N(C)C1(C)C,5.968706866993928,1162,5.206134921774925,hiv_29937,MoleculeNet_HIV,True
Cc1ccc(C(=O)C=C2Nc3ccccc3N=C2NC23CC4CC(CC(C4)C2)C3)cc1,5.968412639251115,1163,5.455937706107644,hiv_26848,MoleculeNet_HIV,True
COC1OC(C)C(=NO)C2OC(C)(C)OC12,5.968355687018764,1164,5.165106009377546,hiv_24211,MoleculeNet_HIV,True
CSC1OC(C)(C)OC1=O,5.968355687018764,1165,5.185841577785932,hiv_3519,MoleculeNet_HIV,True
CC1(C)OC2CC3CC(OC3=O)C2O1,5.968355687018764,1166,5.185841577785932,hiv_5159,MoleculeNet_HIV,True
Cc1cc(=NNC(=O)c2ccncc2)n2[nH]c(=N)sc2n1,5.968267058262336,1167,5.270549823804248,hiv_36257,MoleculeNet_HIV,True
CSC1(C(=O)O)C2CCC3C2CCC31,5.9681834621480805,1168,5.184654046667591,hiv_31539,MoleculeNet_HIV,True
Cc1ccc(Nc2n[nH]c(NS(=O)(=O)c3cc(C)c(Cl)cc3S)n2)cc1,5.96799062384139,1169,5.225041838955776,hiv_28608,MoleculeNet_HIV,True
COC(=N)C12C(=N)NC(OC)(OC)C1(C#N)C21C(=O)N(c2ccccc2)N=C1C,5.967869908407945,1170,5.284140485324991,hiv_40678,MoleculeNet_HIV,True
O=NNc1ccc(S(=O)(=O)c2ccc3ccccc3c2)cn1.[NaH],5.967439593004842,1171,5.298816148562686,hiv_10084,MoleculeNet_HIV,True
COc1cc2c3c(c1OC)-c1ccccc1C(C(O)c1ccccc1)C3N(C)CC2.Cl,5.967265775710278,1172,5.4374177500628535,hiv_13505,MoleculeNet_HIV,True
Cc1ccccc1N1C(=S)N(c2ccc(Cl)cc2)C2=Nc3ccccc3NC1=C2N=Nc1cc(Cl)ccc1Cl,5.96708731106508,1173,5.477177504590558,hiv_8976,MoleculeNet_HIV,True
COc1cc2cc(C(=O)N3CC(CCl)c4ccc(N5CCN[Cr]567([O+]=C(C)[CH-]C(C)=[O+]6)[O+]=C(C)[CH-]C(C)=[O+]7)cc43)[nH]c2c(OC)c1OC.[O-][Cl+3]([O-])([O-])[O-],5.966864712405637,1174,5.221704953241269,hiv_39121,MoleculeNet_HIV,True
CCOC(OC(C)=O)C1C=CC(C)N(c2ccc([N+](=O)[O-])cc2)O1,5.966825371713819,1175,5.389811819723357,hiv_19205,MoleculeNet_HIV,True
CC(=NO)c1sc(-n2nc(-c3ccccc3)cc2-c2ccccc2)nc1C,5.966621413202006,1176,5.28552424403545,hiv_18692,MoleculeNet_HIV,True
Cc1cc2c(cc1Cl)S(=O)(=O)OC(c1ccc([N+](=O)[O-])cc1)=N2,5.966136968738224,1177,5.380706181957631,hiv_31288,MoleculeNet_HIV,True
CC1=CC(=O)CCC2(C)C(OC=O)CCC12,5.966079614986283,1178,5.162149431776847,hiv_11699,MoleculeNet_HIV,True
N#Cc1ccccc1NC(=O)C(=NNc1ccc([N+](=O)[O-])cc1)C1C(=O)NC(=O)NC1=O,5.966007397433038,1179,5.296281055952231,hiv_21186,MoleculeNet_HIV,True
O=C(CNc1ccccn1)Nn1cnc2ccc(S(=O)(=O)Nc3ccccn3)cc2c1=O,5.965862342463899,1180,5.290944499353808,hiv_36726,MoleculeNet_HIV,True
CCC1OC2(C)CC(C#N)(C#N)C1(C#N)C(=N)O2,5.965672882545115,1181,5.196995969196825,hiv_34424,MoleculeNet_HIV,True
CC(=O)NC(CCCN(Cc1ccccc1)C(=O)N(CCCl)N=O)C(=O)NCc1ccccc1,5.965669686842834,1182,5.440705756109482,hiv_20525,MoleculeNet_HIV,True
COc1nc2c(c(=O)n1C)N=C(c1ccc(Cl)cc1)CC(c1ccccc1)N2,5.965656626426376,1183,5.434670405752724,hiv_36318,MoleculeNet_HIV,True
COC1CC(CC2CCC(C)C(C(C)C(=O)O)O2)OC2(OC(C)(C3CCC(C)(C4OC(C5OC(O)(CO)C(C)CC5C)CC4C)O3)CC2C)C1C,5.965510988931999,1184,5.379111194481062,hiv_7305,MoleculeNet_HIV,True
CNCC(=O)NC(CO)C(=O)NC(CO)C(=O)NC1C(C(N)=O)OC(n2ccc(=N)[nH]c2=O)C(O)C1O,5.965158399515449,1185,5.405263018563294,hiv_6206,MoleculeNet_HIV,True
CCOC(=O)C(=CN1CC(=O)NC1=S)C(=O)OCC,5.964633339777326,1186,5.211871821023304,hiv_25573,MoleculeNet_HIV,True
FC(F)(F)C1(C(F)(F)F)C2CCC3(CC(F)(F)C(F)(F)S3)C1C2,5.964015864673127,1187,5.307456773699826,hiv_27597,MoleculeNet_HIV,True
C1CCC(NC2CCCCC2)CC1.COC1C(OC(=O)C=CC=CC=CC=CC(=O)O)CCC2(CO2)C1C1(C)OC1CC=C(C)C,5.963831697833932,1188,5.16059386684028,hiv_1991,MoleculeNet_HIV,True
O=C1C=CC(=C(c2ccc(O)cc2)c2c(Br)c(Br)c(Br)c(Br)c2S(=O)(=O)O)C=C1,5.963776012142044,1189,5.1840964937459395,hiv_12005,MoleculeNet_HIV,True
CCOC(=O)CCC(NC(=O)c1ccc(NC(OC)c2nc3cc(C(F)(F)F)ccc3nc2-c2ccccc2)cc1)C(=O)OCC,5.963735601303486,1190,5.378575173099369,hiv_20624,MoleculeNet_HIV,True
C=CCNC(=S)NC=C(C#N)C(N)=O,5.963592948309609,1191,5.6971216055269895,hiv_25435,MoleculeNet_HIV,True
CCOC(CCCN1CCC2(CC1)C(=O)N(C)CN2c1ccccc1)(OCC)c1ccc(F)cc1,5.963406489909145,1192,5.375697595944324,hiv_28066,MoleculeNet_HIV,True
CCOC(=O)C1(C)CCC(C(C(=O)O)C(=O)O)CC1=O,5.963195877748807,1193,5.39573377017757,hiv_13925,MoleculeNet_HIV,True
CCOC(=O)C(=NNc1ccc(-n2c(C)nc3ccccc3c2=O)cc1)C(C)=O,5.963072804635017,1194,5.242339660995174,hiv_37699,MoleculeNet_HIV,True
CCOC(=O)C1=CC(C)(C(=O)OCC)Nc2c(nc(OC)n(C)c2=O)N1,5.962963862641179,1195,5.193128551318679,hiv_26776,MoleculeNet_HIV,True
CC(=O)OC1CCC2C3CCC4(C)C(=O)CCC4C3C3OC23C1,5.962932450525005,1196,5.188407482250061,hiv_4376,MoleculeNet_HIV,True
CCOC(=O)C(C)(C)C=CC(Cl)=C(Cl)Cl,5.962089756062789,1197,5.227029009263924,hiv_31009,MoleculeNet_HIV,True
CC1CCC(C(C)C2C(O)CC3C4CCC5CC(O)CCC5(C)C4CCC32C)NC1,5.962040660666946,1198,5.440091481589979,hiv_2541,MoleculeNet_HIV,True
CCCCC1C=Cn2c(=O)oc3c(OC(C)C)c(OC(C)C)c(O)c1c32,5.962004516442819,1199,5.417198237598511,hiv_39899,MoleculeNet_HIV,True
O=C(Nc1ccccn1)Nc1ccccn1,5.961699911328629,1200,5.290280688829092,hiv_1226,MoleculeNet_HIV,True
CCOC(=O)N(c1ccccc1)N(CC)C(=O)C(C)=NNc1ccc([N+](=O)[O-])cc1,5.961530935655193,1201,5.29415445867914,hiv_23982,MoleculeNet_HIV,True
COc1cc2nncc(S)c2cc1OC,5.961330085664215,1202,5.223344064428268,hiv_740,MoleculeNet_HIV,True
Cc1cc(C(c2cc(C)c(O)c(C(=O)O)c2)c2cc(C)c(O)c(C(=O)O)c2)cc(C(=O)O)c1O,5.960743570698654,1203,5.407906907178795,hiv_11499,MoleculeNet_HIV,True
CC(C)[Si](OC1=C(C(=O)N(C)c2cccc(Cl)c2)CCCC1)(C(C)C)C(C)C,5.960639910918003,1204,5.435298215953426,hiv_40291,MoleculeNet_HIV,True
COC(=O)C1(C)CCCC2(C)C3=CC(=O)C4(C(C)C)OC4C3(O)CCC12,5.960156493180603,1205,5.424474303852566,hiv_8146,MoleculeNet_HIV,True
CC1CC(C)CN(Cc2cccnc2)C1,5.959908373475084,1206,5.646862095769439,hiv_13497,MoleculeNet_HIV,True
C=C(C)C(=O)OC1CC23OC2CCC(=CC2OC(=O)C(=C)C21)COC3O,5.9598946145930025,1207,5.187433047270979,hiv_4519,MoleculeNet_HIV,True
Cc1ccccc1C1=C(C(=O)Nc2ccc(Cl)c(Cl)c2)NC(=S)NC1N,5.959716666274023,1208,5.309408849587882,hiv_11775,MoleculeNet_HIV,True
COC(=O)C1(C)CCCC2(C)C1CCC1(O)C(O)C(C(C)C)=CCC21,5.959597607175896,1209,5.407378409978384,hiv_5145,MoleculeNet_HIV,True
Cc1cc(Br)cc(C)c1NC(=O)C(=O)CC(=O)c1sc(-n2nc(-c3ccccc3)cc2-c2ccccc2)nc1C,5.959114900652848,1210,5.28890210944909,hiv_20924,MoleculeNet_HIV,True
CC1(C)CC(C=C2OC(=O)c3ccccc32)=C(C(N)=O)C(=O)O1,5.958666806348729,1211,5.303720629490066,hiv_21915,MoleculeNet_HIV,True
COc1c2occc2c(OC)c2c(=O)c(S(=O)(=O)NC(=O)Nc3ccc(Cl)cc3)coc12,5.9580993331741965,1212,5.285802382073282,hiv_27288,MoleculeNet_HIV,True
CCOC(=O)CC1(C)SCCN1C(=O)OCC,5.957945870117222,1213,5.207549777111766,hiv_8426,MoleculeNet_HIV,True
CCOC(=O)NC(=O)c1cn(CCCCCCCCCCC(=O)NCCCN2CCN(CCCNC(=O)CCCCCCCCCCn3cc(C(=O)NC(=O)OCC)c(=O)[nH]c3=O)CC2)c(=O)[nH]c1=O,5.957615050691556,1214,5.244255869508081,hiv_12799,MoleculeNet_HIV,True
Cc1cc2c(cc1Br)C1(C)CCC(C)C1(C)O2,5.957563689694659,1215,5.214440402869806,hiv_7672,MoleculeNet_HIV,True
O=C(Nc1ccc(Cl)cc1)NS(=O)(=O)c1c(-c2ccccc2)oc2ccccc2c1=O,5.957401864809659,1216,5.3128788896192285,hiv_30631,MoleculeNet_HIV,True
CC(C)C1=CC2=CCC3C(C)(COC(=O)COc4ccccc4)CCCC3(C)C2CC1,5.957257192145241,1217,5.4136304538647,hiv_2577,MoleculeNet_HIV,True
CC1=CC2OC3CC4OC(=O)C=CC=CC(C(C)O)OCC(O)C5(C)OC5C(=O)OCC2(CC1O)C4(C)C31CO1,5.95714238579501,1218,5.429679188627707,hiv_6936,MoleculeNet_HIV,True
O=C(O)C12CCC(CC1=O)C2,5.956995861231431,1219,5.181175812267226,hiv_29980,MoleculeNet_HIV,True
O=C(O)C12C3CCC(C3)C1(C(=O)O)C1CCC2C1,5.956995861231431,1220,5.181175812267226,hiv_20063,MoleculeNet_HIV,True
O=C(O)CCSCc1cc(C(=O)Nc2ccc(C=Cc3ccc(NC(=O)c4cc(CSCCC(=O)O)c5cccnc5c4O)cc3S(=O)(=O)O)c(S(=O)(=O)O)c2)c(O)c2ncccc12.[NaH],5.956796485637759,1221,5.191349104430519,hiv_31441,MoleculeNet_HIV,True
CC12CCC3C(CCC4c5nonc5CCC43C)C1CC(=NO)C2=O,5.956682481799912,1222,5.185841577785932,hiv_14673,MoleculeNet_HIV,True
c1ccc2c(c1)C1=Nc3ccc(cc3)-c3nc4ccc(cc4o3)N=C3N=C(Nc4ccc5nc(oc5c4)-c4ccc(cc4)NC2=N1)c1ccccc13,5.956503360348068,1223,5.469399152118422,hiv_36232,MoleculeNet_HIV,True
CCC(C(=O)NC1CN2CCC1CC2)c1ccccc1,5.956326572085689,1224,5.396530079801391,hiv_27140,MoleculeNet_HIV,True
CC(=O)c1ccc(NC(=O)C(=O)C(C(=O)C=Cc2ccccc2)C2OC(=O)c3ccccc32)cc1,5.956078094295379,1225,5.290380996674499,hiv_20440,MoleculeNet_HIV,True
COc1cc(C)c2c(c1)C=C1C(=O)C(O)=C(C(C)C)C(=O)C1=CC2,5.955477509435866,1226,5.414228518074218,hiv_12327,MoleculeNet_HIV,True
Cc1ccc(NCC2(N=Cc3ccccc3)OC(CO)C(O)C2O)cc1,5.955160089284672,1227,5.291984723303246,hiv_1564,MoleculeNet_HIV,True
CCOC1C2c3cc(OC)c(OC)cc3CC(C#N)(c3ccccc32)N1C(=O)c1ccccc1,5.954882047007648,1228,5.242407742201338,hiv_13214,MoleculeNet_HIV,True
CCCCCCCCCCC[N+]1(Cc2ccccc2)CC2CCN(Cc3ccccc3)CC2C1.[Br-],5.954858621174084,1229,5.241414811406148,hiv_26695,MoleculeNet_HIV,True
Cc1cc(C)n(-c2nc(-c3ccccc3)cs2)n1,5.954830038263573,1230,5.287157109399347,hiv_35105,MoleculeNet_HIV,True
CC(C)c1ccc2c(c1)C=C1OC(=O)C3(C)CCCC2(C)C13,5.954552029719746,1231,5.430716771025383,hiv_26430,MoleculeNet_HIV,True
C#CC1OC(C)(C)OC1C1OC(C)(C)OCC1O,5.954521790653196,1232,5.188825486878592,hiv_13019,MoleculeNet_HIV,True
COC(=O)C1(C(=O)OC)N=C(C)OC1C(C)C,5.9538284668982495,1233,5.407108352630934,hiv_40780,MoleculeNet_HIV,True
CC1(C)OCC(C2OC3OC(C)(C)OC3C2OC(=S)SSC(=S)OC2C(C3COC(C)(C)O3)OC3OC(C)(C)OC32)O1,5.952795868651079,1234,5.188825486878592,hiv_3418,MoleculeNet_HIV,True
CC1(C)OCC(C2OC3OC(C)(C)OC3C2=O)O1,5.952795868651079,1235,5.185841577785932,hiv_11335,MoleculeNet_HIV,True
CCCC1C(=O)N2C(N(C)C)=Nc3ccc(C)cc3N2C1=O,5.9527941957102986,1236,5.3667047653325115,hiv_3840,MoleculeNet_HIV,True
CN(C)C=C1C=CC=C1,5.952495185321487,1237,5.186079085853435,hiv_1826,MoleculeNet_HIV,True
CC(C)(Cc1ccccc1)C(=C=C=C=C(c1ccccc1)C(C)(C)Cc1ccccc1)c1ccccc1,5.952248349897918,1238,5.316633210793663,hiv_7613,MoleculeNet_HIV,True
COC(=O)C(Cc1ccccc1)NP(=O)(O)OCC1OC(n2ccc(=N)[nH]c2=O)C(O)C1O,5.9522015622477555,1239,5.399785894274923,hiv_31592,MoleculeNet_HIV,True
COc1ccc2c(c1O)C1=CC(=O)CCC13CCN(C)C3C2,5.951977343154889,1240,5.164605546458943,hiv_14956,MoleculeNet_HIV,True
COc1cc(C2SC(=N)Nc3c2c(C)nn3C(=O)Cc2ccccc2)cc(OC)c1OC,5.95195961662142,1241,5.341008821452346,hiv_24768,MoleculeNet_HIV,True
CCC(O)(C(=O)O)c1cc2n(c(=O)c1CO)Cc1cc3ccccc3nc1-2.[NaH],5.951837514221608,1242,5.283433773081686,hiv_3732,MoleculeNet_HIV,True
Oc1cc(-c2ccc(Cl)cc2)cn2c1nc1ccccc12,5.951769138879934,1243,5.358746874692831,hiv_31642,MoleculeNet_HIV,True
OCC1OC(n2cnc3c2N=CNCC3O)C(Cl)C1O,5.951731529484893,1244,5.688785239909706,hiv_9391,MoleculeNet_HIV,True
Cc1ccc(C(=O)C=C2Nc3c(c(=O)oc4ccccc34)N=C2NC23CC4CC(CC(C4)C2)C3)cc1,5.951671481614292,1245,5.416319816206432,hiv_23601,MoleculeNet_HIV,True
CC(C)N(CN1C(=O)NC(=Cc2cccc(C=C3NC(=O)N(CN(C(C)C)C(C)C)C3=O)c2)C1=O)C(C)C,5.950717576158291,1246,5.421771784551639,hiv_25912,MoleculeNet_HIV,True
NC(=S)NN=C(CC(=O)c1ccccc1)C(=O)Nc1ccc(Cl)c(Cl)c1,5.950565523180379,1247,5.2890421667007095,hiv_12556,MoleculeNet_HIV,True
CCOC1CC(C)N(C(=O)c2ccccc2)O1,5.950382164051432,1248,5.302598615357655,hiv_25211,MoleculeNet_HIV,True
Cc1cc2c(C(C)C)c(O)c(O)c(C=Nc3cccc(C(F)(F)F)c3)c2c(O)c1-c1c(C)cc2c(C(C)C)c(O)c(O)c(C=Nc3cccc(C(F)(F)F)c3)c2c1O,5.950376801709374,1249,5.393021073031975,hiv_1697,MoleculeNet_HIV,True
Cc1ccc(C(=O)Nc2ccc(S(=O)(=O)O)c3cc(S(=O)(=O)O)cc(S(=O)(=O)O)c23)cc1NC(=S)Nc1cc(C(=O)Nc2ccc(S(=O)(=O)O)c3cc(S(=O)(=O)O)cc(S(=O)(=O)O)c23)ccc1C.[NaH],5.950357472534967,1250,5.213748083267816,hiv_19277,MoleculeNet_HIV,True
COc1ccc(N2C(=O)C3c4[nH]c5c(C)cccc5c4C4CCC(c5ccccc5)CC4C3C2=O)cc1,5.949488126926965,1251,5.321193939942513,hiv_37094,MoleculeNet_HIV,True
N#Cc1c(-c2ccc(Cl)cc2)c2c(n(C3OC(CO)C(O)C(O)C3O)c1=S)CCCC2,5.948962257980573,1252,5.182387326102233,hiv_32324,MoleculeNet_HIV,True
CCOC(=O)c1nc2ccc(OC)cc2c2c1Cc1ccccc1-2,5.948535294137917,1253,5.275705574156669,hiv_19745,MoleculeNet_HIV,True
O=C1C=C(N2CCOCC2)c2cnccc2C1=O,5.948334865025671,1254,5.504048175402561,hiv_13637,MoleculeNet_HIV,True
CCC1OC2C(CC=C(C)C)=C3OC(C)(O)C(C)(CC)C(=O)C3=C3OC(=O)C=C1C32,5.948289028034885,1255,5.19153586172443,hiv_39245,MoleculeNet_HIV,True
CCCCCCCCC(=O)NCCN(CCN)C(=O)CCCCCCCC,5.948061871423963,1256,5.189876821142709,hiv_21746,MoleculeNet_HIV,True
CCOP(=S)(OCC)Oc1ccc2c(c1)OC(=O)C1(Cl)C2(C)C2(Cl)C(=O)Oc3cc(OP(=S)(OCC)OCC)ccc3C12C,5.947932761494176,1257,5.212934345677149,hiv_15547,MoleculeNet_HIV,True
CC1(C)OC2CC3COC(=O)C3CC2O1,5.947890977344878,1258,5.185841577785932,hiv_19273,MoleculeNet_HIV,True
COC1OC2COC(C)(C)OC2C2OC(C)(C)OC12,5.947542212360279,1259,5.165133340869507,hiv_35206,MoleculeNet_HIV,True
CCC1(O)CN(CCOC)C2CC1C(=O)c1[nH]c3ccccc3c12,5.947502569653455,1260,5.329476744637692,hiv_32147,MoleculeNet_HIV,True
[N-]=[N+]=C(C(=O)C(=[N+]=[N-])C(=O)c1ccccc1)C(=O)c1ccccc1,5.947391696751887,1261,5.375618581295637,hiv_22338,MoleculeNet_HIV,True
CCCCN1C(=O)N(c2ccc(OCC)cc2)C2N(CCCC)C1C(C)(C)C2(C)C,5.947085891044303,1262,5.19421033490096,hiv_6148,MoleculeNet_HIV,True
CC(C)[Si]1(C(C)C)OCC2OC(n3c(C(=O)c4ccccc4)cc(=O)[nH]c3=O)CC2O[Si](C(C)C)(C(C)C)O1,5.946889124766618,1263,5.437189304958781,hiv_34002,MoleculeNet_HIV,True
C=C(COC(=O)C(C)C)C1Oc2ccc(C(C)=O)cc2C1OC(=O)C(C)C,5.946663325216588,1264,5.374687040485665,hiv_28657,MoleculeNet_HIV,True
CCOc1cc(C=C2N=C(c3ccccc3)OC2=O)ccc1O,5.946358937496158,1265,5.4710644114564015,hiv_14646,MoleculeNet_HIV,True
O=C1N(c2ccccc2)N=C(c2ccccc2)C12CC2,5.946322722201976,1266,5.290972071913028,hiv_4393,MoleculeNet_HIV,True
CC(C)OC(=S)SSC(=S)NCCNC(=S)SSC(=S)OC(C)C,5.945813201982521,1267,5.681482346233384,hiv_878,MoleculeNet_HIV,True
CC(=O)OCC(OC(C)=O)C(Cl)CCl,5.945705174762166,1268,5.3999985970502085,hiv_8829,MoleculeNet_HIV,True
CCOC(=O)C1([Bi](C)C)N=NC(C(=O)OC)=C1C(=O)OC,5.9452928344216955,1269,5.18510940720561,hiv_7917,MoleculeNet_HIV,True
CC1Cc2c(-c3ccc(O)c4ccccc34)c(O)cc(O)c2C(C)N1,5.945118137936921,1270,5.340633954648324,hiv_28882,MoleculeNet_HIV,True
Cc1cc(NS(=O)(=O)c2ccc(N=Nc3cc(S(=O)(=O)O)c4ccccc4c3O)cc2)ccc1N=Nc1ccc2cc(S(=O)(=O)O)cc(S(=O)(=O)O)c2c1,5.945082339159499,1271,5.232184488599456,hiv_2965,MoleculeNet_HIV,True
CCOC(=O)c1ccc(N2C(=O)Cc3ccccc3C2=O)cc1,5.944861384082862,1272,5.299609222912753,hiv_13075,MoleculeNet_HIV,True
Cc1ccnc2c1C(=O)C(=O)C=C2N1CCOCC1,5.944767158556436,1273,5.1809847309481905,hiv_13664,MoleculeNet_HIV,True
CC(C)C1COC2OC(C)C(C)C(=O)N21,5.944484930728923,1274,5.424420247104157,hiv_20296,MoleculeNet_HIV,True
CCCCCCCCCCCCCC(=O)NCC(=O)NC(CO)C(=O)NC(CO)C(=O)NC(CCCCN)C(=O)NC(CO)C(=O)NC(CCCCN)C(=O)N1CCCC1C(=O)NC(CCCCN)C(=O)NC(CC(=O)O)C(=O)N1CCCC1C(=O)NC(CO)C(=O)NC(CCC(N)=O)C(=O)NC(CCCNC(=N)N)C(=O)NC(CCCNC(=N)N)C(=O)NC(CCCNC(=N)N)C(=O)NC(Cc1ccc(O)cc1)C(N)=O,5.9443474791066215,1275,5.5466316355154754,hiv_10632,MoleculeNet_HIV,True
N#Cc1c2c(c(N)oc1=O)C(c1ccccc1)CC(=O)N2,5.944156790572299,1276,5.381053733612536,hiv_29464,MoleculeNet_HIV,True
CCc1ccccc1C(C(=O)NC1CN2CCC1CC2)c1ccsc1,5.943739807499532,1277,5.400855180476742,hiv_27141,MoleculeNet_HIV,True
O=C(Nc1ccc(Cl)cc1)Sc1nnc2c(n1)[nH]c1ccccc12,5.943317923932173,1278,5.228745012527348,hiv_8385,MoleculeNet_HIV,True
COc1ccc(NC(C)=O)cc1C1CCC(=O)N1,5.943269889312975,1279,5.090842103584524,hiv_35611,MoleculeNet_HIV,True
CC(C)CC(=O)NC(Nc1ccc(S(=O)(=O)Nc2ncccn2)cc1)(C(F)(F)F)C(F)(F)F,5.943161428635655,1280,5.405053088020623,hiv_31878,MoleculeNet_HIV,True
NC(=O)C1C(=O)c2cccc3c2C1CCCC3,5.942834068772265,1281,5.281267684071952,hiv_4064,MoleculeNet_HIV,True
CC(=NNc1ccc2ccccc2n1)c1ccccn1,5.942804636427313,1282,5.287511902561739,hiv_38440,MoleculeNet_HIV,True
COc1cc2c(cc1OC)C(C1c3cc(OC)c(OC)cc3-c3c(OC)c(OC)cc4c3C1N(C)CC4)C1c3c(cc(OC)c(OC)c3-2)CCN1C,5.942787797390766,1283,5.209397580838756,hiv_7096,MoleculeNet_HIV,True
Cc1nn(-c2cc(Cl)ccc2[N+](=O)[O-])c(C)c1Cl,5.942762301166438,1284,5.186793181299411,hiv_30298,MoleculeNet_HIV,True
COc1cc2c(cc1OC)C(Cc1ccccc1NC(=O)c1ccc(C(=O)Nc3ccccc3CC3c4cc(OC)c(OC)cc4CCN3C)cc1)N(C)CC2,5.942726331868826,1285,5.2068581172411434,hiv_4229,MoleculeNet_HIV,True
CN(C)N1C(=O)SC(=Cc2ccc([N+](=O)[O-])cc2)C1=O,5.942409375202834,1286,5.21547008825152,hiv_28833,MoleculeNet_HIV,True
CN1C(=S)N2CCCCCCCC2c2c(O)nc(CCl)nc21,5.942320383797628,1287,5.285294719243439,hiv_39387,MoleculeNet_HIV,True
COc1ccc(C2SCC(=O)N2NC2=NC(=O)CC(=O)N2)cc1,5.941939261664366,1288,5.350693033906237,hiv_36769,MoleculeNet_HIV,True
CC(=O)OCC1OC(Nc2ccc3nc(C)n(-c4ccccc4)c(=O)c3c2)C(OC(C)=O)C(OC(C)=O)C1OC(C)=O,5.941933487768212,1289,5.277956058808452,hiv_33478,MoleculeNet_HIV,True
CC(=O)OC1C=CN(C(C)=O)C(SC(C)(C)C)C1(C)O,5.941703044689324,1290,5.218667953626506,hiv_7266,MoleculeNet_HIV,True
Cc1ccc(F)c(NC(=O)Nc2ccc(-c3cccc4[nH]nc(N)c34)cc2)c1,5.9413330151640995,1291,5.3091707796724545,davis_11485656,DAVIS_spike_in,True
COC(O)C12OC3CO[Si](C(C)C)(C(C)C)O[Si](C(C)C)(C(C)C)OC3C1Oc1nc(=O)ccn12,5.941115119647947,1292,5.406777851005053,hiv_34006,MoleculeNet_HIV,True
Cc1ccc(C)n1-c1ccccc1C1C=Cn2c3c1c(=O)c(OC(C)C)c(OC(C)C)c-3n[nH]c2=O,5.941010780100029,1293,5.445262037985229,hiv_35674,MoleculeNet_HIV,True
CCCCN=Cc1c(O)c(O)c(C(C)C)c2cc(C)c(-c3c(C)cc4c(C(C)C)c(O)c(O)c(C=NCCCC)c4c3O)c(O)c12,5.940728944809415,1294,5.364654301658498,hiv_3391,MoleculeNet_HIV,True
CCOC(=O)c1cc(C2(O)CCN(CC(C)CC)C2=O)c(-c2cc(C)no2)[nH]1,5.940630662941169,1295,5.423357773049885,hiv_38745,MoleculeNet_HIV,True
O=C(Nc1ccc(Cl)c(Cl)c1)C(=O)C(C1OC(=O)c2ccccc21)[N+](=O)[O-],5.9403481655014305,1296,5.406231876948553,hiv_22012,MoleculeNet_HIV,True
C=CCN=C1N=C(CC(=O)OCC)CS1,5.940149109409042,1297,5.383546944932632,hiv_15943,MoleculeNet_HIV,True
CCOC(=O)c1c(C(F)(F)F)oc2c1ccc1nc3nonc3nc12,5.939990550762507,1298,5.208506280048552,hiv_18422,MoleculeNet_HIV,True
Cc1cc(=O)oc2c(C3=NN(C=O)C(c4ccccc4)C3)c(O)ccc12,5.939801642145636,1299,5.293920451493543,hiv_13819,MoleculeNet_HIV,True
CC(C)OC1N(C2CC(N=[N+]=[N-])C(CO)O2)C(=O)NC(=O)C1(C)Br,5.939717705367466,1300,5.407977781191764,hiv_25632,MoleculeNet_HIV,True
CCOC(=O)c1c(CN2CCNCC2)nc2ccc(Cl)cc2c1-c1ccccc1,5.939680732948212,1301,5.282997217879199,hiv_19295,MoleculeNet_HIV,True
COc1ccc(NC(=O)CCC(CC(=O)c2ccco2)=NNC(N)=S)cc1,5.939655205245201,1302,5.6104854230316095,hiv_11077,MoleculeNet_HIV,True
O=C1C2CN(Cc3ccccc3)CC2C(=O)N1c1ccccc1,5.939589728954506,1303,5.657572677361562,hiv_10470,MoleculeNet_HIV,True
O=C1C2CSCC1CN(Cc1ccccc1)C2,5.939589728954506,1304,5.658526432274675,hiv_17224,MoleculeNet_HIV,True
Cc1occc1C(=S)Nc1ccc(Cl)c(C=NOC2CCCC2)c1,5.9392885175831,1305,5.178180974850093,hiv_22575,MoleculeNet_HIV,True
COC(=O)C1CCc2c1c(=O)n1c([nH]c3ccccc31)c2C#N,5.938927194386721,1306,5.357308352792896,hiv_22492,MoleculeNet_HIV,True
COc1cc2c3c(c1OC)-c1cc(O)ccc1CC3NCC2,5.938570892459981,1307,5.267394996868499,hiv_13471,MoleculeNet_HIV,True
O=[N+]([O-])c1ccc(-c2cn(-c3ccc(Cl)cc3)cn2)cc1,5.938356798871263,1308,5.18564677781621,hiv_10393,MoleculeNet_HIV,True
CCCCCCNC(=O)C1=C(C)NC(C)=C(C(=O)NCCCCCC)C1,5.938315281787728,1309,5.212631355681734,hiv_25224,MoleculeNet_HIV,True
COc1cc(N2CCC(N3CCN(C)CC3)CC2)ccc1Nc1ncc(Cl)c(Nc2ccccc2S(=O)(=O)C(C)C)n1,5.9381905015178384,1310,5.427461020535785,davis_16038120,DAVIS_spike_in,True
CC1(C)OC(COP2OCCO2)C(COP2OCCO2)O1,5.938172904056455,1311,5.196166853998724,hiv_24360,MoleculeNet_HIV,True
Br.CC12CC(c3ccccc3O1)N1CCSC1=N2,5.937611139981954,1312,5.322524268414633,hiv_37244,MoleculeNet_HIV,True
CCC1CC(=O)c2c(cc3c(c2O)C(=O)c2ccccc2C3=O)C1(C#N)C(=O)OC(C)(C)C,5.937556454993306,1313,5.397228878601001,hiv_13506,MoleculeNet_HIV,True
CCOC(=O)c1c2cccccc-2nc1Nc1cccc2c(C)ccnc12,5.937436709452942,1314,5.253551053354748,hiv_26968,MoleculeNet_HIV,True
CC(=O)OCC(OC(C)=O)C(OC(C)=O)C1OCC2CC(C1OC(C)=O)N(Cc1ccccc1)O2,5.937250245575384,1315,5.414821046523043,hiv_31092,MoleculeNet_HIV,True
CCOC(=O)C1C(=O)C(C(=O)OC)C2CCCC3CCCC1N32,5.936943135031433,1316,5.176057380738319,hiv_10063,MoleculeNet_HIV,True
COc1cc2c(cc1OC)C(CNC(=O)C=Cc1cc(OC)c(OC)c(OC)c1)C2,5.936868930182598,1317,5.215427623864318,hiv_6902,MoleculeNet_HIV,True
Cc1cc(C)nc(NS(=O)(=O)c2ccc(N=c3c4ccccc4n(C)c4ccccc34)cc2)n1,5.936657640435805,1318,5.647040624317656,hiv_10951,MoleculeNet_HIV,True
COC(=O)C1c2c(C)cc3n2C(C=CC3)C1C(=O)OC,5.936285499196719,1319,5.177166453301985,hiv_7168,MoleculeNet_HIV,True
CC(=O)Oc1c2c(c(CC=C(C)C)c3c1C(=O)C1=CC4CC5C(C)(C)OC(CC=C(C)C(=O)O)(C4=O)C15O3)OC(C)(CCC=C(C)C)C=C2,5.9362831073499756,1320,5.398057385673424,hiv_38517,MoleculeNet_HIV,True
O=C1CC(c2ccccc2)NN1c1ccccc1,5.936208913771862,1321,5.279676440162609,hiv_6341,MoleculeNet_HIV,True
O=C1CCC2COc3ccc(O)c1c32,5.936125329817317,1322,5.281739799541329,hiv_11893,MoleculeNet_HIV,True
CC[N+]1(C)CCC(O)(C=Cc2ccc(Cl)cc2)C(C(=O)C=Cc2ccc(Cl)cc2)C1.[I-],5.936042853169936,1323,5.189718050103324,hiv_37812,MoleculeNet_HIV,True
O=C(c1ccccc1)N1CCN(C(=S)N(C(=O)c2ccccc2)c2ccccc2)C1=S,5.935937721721015,1324,5.312843790235604,hiv_40995,MoleculeNet_HIV,True
Cc1ccc(S(=O)(=O)[O-])cc1.Cc1ccc(S(=O)(=O)[OH+][Pd-2]23[N+](C)(C)CC[N+]2(C)CC[N+]3(C)C)cc1,5.935873209550976,1325,5.172535363321077,hiv_33934,MoleculeNet_HIV,True
COc1ccc2c(c1OC)C(=O)c1cnccc1C2=O,5.935765745943689,1326,5.485833138768037,hiv_13185,MoleculeNet_HIV,True
c1ccc(N2CC3CSc4ccc5ccccc5c4C3=N2)cc1,5.935747563714568,1327,5.238926034520127,hiv_4285,MoleculeNet_HIV,True
CCn1nc2c3c(ncn3C(C)(C)O2)c1=O,5.934958874497565,1328,5.2054677193071806,hiv_39815,MoleculeNet_HIV,True
COc1cc2c(cc1OC)C(=O)Cc1ccc(OC)c(OC)c1CN(C)CC2,5.934814929448097,1329,5.1756253144971875,hiv_5183,MoleculeNet_HIV,True
CCOC(=O)CC1COc2ccc3c(c21)OCO3,5.934679956284937,1330,5.288386042718483,hiv_17227,MoleculeNet_HIV,True
CCOC(=O)CCC(NC(=O)c1ccc(Nc2nc3ccccc3nc2C(=O)OCC)s1)C(=O)OCC,5.934613048237818,1331,5.420475429116985,hiv_39253,MoleculeNet_HIV,True
CCC(=O)OC1CCn2c1nc1c2C(=O)C(C)=C(NC(C)=O)C1=O,5.934423576753911,1332,5.1671570828211495,hiv_22939,MoleculeNet_HIV,True
CCOC(=O)C1=C(C#N)S(=O)(=O)c2c(oc(C)c2C)N1,5.934403259310932,1333,5.216396344918345,hiv_38554,MoleculeNet_HIV,True
CCOC(=O)c1sc(SC)nc1NC(=O)c1ccc(Cl)cc1,5.934298676456785,1334,5.190805109986514,hiv_31989,MoleculeNet_HIV,True
CCOC(=O)C1=C(Nc2ccc(Cl)c(Cl)c2)OCC1=NNC(=O)Cc1ccccc1,5.933708398286532,1335,5.25062094574626,hiv_17655,MoleculeNet_HIV,True
Cn1cc2ccccc2c1-c1nc(F)nc(Nc2ccc(N)cc2)n1,5.933212904565198,1336,5.216236296131566,hiv_22255,MoleculeNet_HIV,True
CCN1C(=O)CSC1=NNC(=O)CSc1nc2ccccc2c(=O)n1CC,5.933051262577019,1337,5.2425762942261525,hiv_37856,MoleculeNet_HIV,True
C=C1C(O)C2(O)OCC34C(CC5C(C)=CC(=O)C(O)C5(C)C23)OC(=O)C(OC(=O)CC=C(C)CCCCC)C14,5.933015579384655,1338,5.160902827932279,hiv_9027,MoleculeNet_HIV,True
CC1=Nc2c(O)nc(S)nc2NC(c2c(Cl)cccc2Cl)C1,5.932314542845575,1339,5.414777616732589,hiv_17406,MoleculeNet_HIV,True
Cc1cnc(N=c2sc(C)cn2-c2ncc(C)s2)s1,5.931644404594793,1340,5.186912868403072,hiv_26193,MoleculeNet_HIV,True
O=C1CC2CCC(C1)N2CC1COc2ccccc2O1,5.931642865160348,1341,5.704872450854716,hiv_5707,MoleculeNet_HIV,True
COc1cccc(N2C(=O)C3c4[nH]c5ccccc5c4C4CCCC4C3C2=O)c1,5.931602592400407,1342,5.304508272730523,hiv_26592,MoleculeNet_HIV,True
COc1ccc(C2OC(=O)c3ccc4ccccc4c32)c(C)c1,5.931549562162902,1343,5.260173205457612,hiv_18856,MoleculeNet_HIV,True
COc1cc(N=[N+]2[Cu-][OH+]C(=O)c3ccccc32)cc2c1[OH+][Cu-][N+]([N-]C(=S)Nc1ccc(C)cc1)=C2,5.931066261430868,1344,5.2930847694720535,hiv_14603,MoleculeNet_HIV,True
COc1cc(C=CC(=NNC(=O)c2ccccc2)c2sc(Nc3ccc(Cl)c(Cl)c3)nc2C)ccc1O,5.9307872202019505,1345,5.281320865551933,hiv_18674,MoleculeNet_HIV,True
CC1(C)OC(=O)C(C#N)=C1C=Cc1coc2ccc(Cl)cc2c1=O,5.930775902849799,1346,5.197383848966701,hiv_21916,MoleculeNet_HIV,True
CC(C)Sc1nc(C#N)cc2c1CCCC2,5.930509845308334,1347,5.434244356113833,hiv_40872,MoleculeNet_HIV,True
CN1CCN(C(=S)N(C(=O)c2ccc(Cl)cc2)c2ccccc2)CC1,5.929944517273902,1348,5.287768184851083,hiv_24498,MoleculeNet_HIV,True
CC1=CC(C)=Nc2cc(Cl)ccc2N1,5.929846424559809,1349,5.38357897905687,hiv_465,MoleculeNet_HIV,True
CCCCCCCCCCCCCCCCN1CCCCCC1=O,5.929429963112285,1350,5.196425819518613,hiv_967,MoleculeNet_HIV,True
c1ccc(-c2sc(-c3ccccc3)c3c2C2CCC3C2)cc1,5.92913957377128,1351,5.368348647553144,hiv_28917,MoleculeNet_HIV,True
COc1ccc(C(=NNC(=O)NN)C(c2ccc(OC)cc2)C2(O)CNc3c(Cl)cc(Cl)cc32)cc1,5.9288320188768715,1352,5.439086399926656,hiv_17777,MoleculeNet_HIV,True
O=C(c1ccccc1)N1CCC(Nc2nccs2)O1,5.928280438928246,1353,5.302589947400451,hiv_25210,MoleculeNet_HIV,True
O=S1C(c2ccccc2)c2c(-c3ccccc3)sc(-c3ccccc3)c2C1c1ccccc1,5.927981209744967,1354,5.3653647384604835,hiv_13205,MoleculeNet_HIV,True
Cc1cc(C)c(S(=O)(O)=[OH+])c(C)c1.N[S+]1Cc2nc3ccccc3n2C1c1c(F)cccc1F,5.927530265447309,1355,5.337971586566559,hiv_23156,MoleculeNet_HIV,True
COc1c2c3c4c(c(OC)c(=O)c5c(O)cc(OC)c(c6c(OC)cc(O)c(c1=O)c63)c54)C(C(C)=O)C(C)(O)C2,5.927529461827782,1356,5.260260799332971,hiv_16797,MoleculeNet_HIV,True
CC1(C23CC4CC(CC(C4)C2)C3)n2c(=O)n(-c3ccccc3)c(=O)n2C1(C)C12CC3CC(CC(C3)C1)C2,5.9274295292014205,1357,5.290649209161518,hiv_37730,MoleculeNet_HIV,True
CCOC(=O)C1=C(N)SCCC1,5.927253923876946,1358,5.193321279327863,hiv_4538,MoleculeNet_HIV,True
CCN(CC)CC(C)Nc1cc(C)nc2c1ccc1c2ccc2c(NC(C)CN(CC)CC)cc(C)nc21,5.927181994211588,1359,5.405217458069608,hiv_7918,MoleculeNet_HIV,True
CC1(C)OC2OC(COC(=S)SSC(=S)OCC3OC4OC(C)(C)OC4C4OC(C)(C)OC34)C3OC(C)(C)OC3C2O1,5.927147273813599,1360,5.189562675387897,hiv_3419,MoleculeNet_HIV,True
CC(=O)Oc1ccccc1C(=O)Nc1ccc(S(=O)(=O)c2ccc(NC(=O)c3ccccc3OC(C)=O)cc2)cc1,5.926824087494767,1361,5.3188813930257215,hiv_35975,MoleculeNet_HIV,True
[O-][Cl+3]([O-])([O-])O.c1ccc(C2=NN2c2ccccc2)cc1,5.926711768364171,1362,5.276886778826901,hiv_33743,MoleculeNet_HIV,True
CC(=O)N1C(=O)C(=NNc2ccccc2[N+](=O)[O-])c2ccccc21,5.926299778079387,1363,5.337446207911009,hiv_4121,MoleculeNet_HIV,True
COc1cc2cc3c4cc(OC)c(OC)cc4cc[n+]3c(C)c2cc1OC.O=C(O)CS(=O)(=O)O,5.926243159500047,1364,5.272518969691591,hiv_5337,MoleculeNet_HIV,True
O=C(NNc1ccnc2cc(Cl)ccc12)C(=Cc1ccccc1Cl)NC(=O)c1ccccc1,5.9260138717332165,1365,5.294048120198134,hiv_25565,MoleculeNet_HIV,True
Cc1ccc(S(=O)(=O)OCC23CCC(CC2)C2CC23)cc1,5.925960588383343,1366,5.183825149016775,hiv_21660,MoleculeNet_HIV,True
CCCCC=C(C(O)C1(C)OC(=O)N2CCCC21)[Si](C)(C)C,5.9256784099362925,1367,5.402814352952751,hiv_16155,MoleculeNet_HIV,True
Cc1ccc(NC(c2ccccc2)P(=O)(c2ccccc2)c2ccccc2)cc1,5.925140272648048,1368,5.430057133449326,hiv_32503,MoleculeNet_HIV,True
CCOC(=O)c1ccc(N2C(=S)N(C(=O)c3ccccc3)C(=Nc3ccccc3)C2=Nc2ccccc2)cc1,5.92504944154488,1369,5.313566481145965,hiv_30583,MoleculeNet_HIV,True
O=NN1CCN=C1c1ccc([N+](=O)[O-])cc1,5.924717508997937,1370,5.186713475610722,hiv_20166,MoleculeNet_HIV,True
O=C1NN2CCN=C2c2cccnc21,5.924538217354796,1371,5.183955806726805,hiv_9427,MoleculeNet_HIV,True
O=C1NN2CCN=C2c2ncccc21,5.924538217354796,1372,5.182284885846834,hiv_9426,MoleculeNet_HIV,True
CCSc1nc(=Cc2ccco2)c2nnnn12,5.92450669069507,1373,5.1287714042861365,hiv_38046,MoleculeNet_HIV,True
COC(=O)c1cc(C(=O)Nc2cc(C(=CCCC3CCC4(C)C(CCC5C4CCC4(C)C(C(C)CCCC(C)C)CCC54)C3)c3cc(NC(=O)c4ccc(OC)c(C(=O)OC)c4)c(OC)c(C(=O)OC)c3)cc(C(=O)OC)c2OC)ccc1OC,5.9241375065410535,1374,5.377771085207474,hiv_40477,MoleculeNet_HIV,True
CSc1nc(O)c(N=CC=Nc2c(O)nc(SC)nc2NC2OC(COC(C)=O)C(OC(C)=O)C(OC(C)=O)C2OC(C)=O)c(NC2OC(COC(C)=O)C(OC(C)=O)C(OC(C)=O)C2OC(C)=O)n1,5.923929229045687,1375,5.192108315761045,hiv_13834,MoleculeNet_HIV,True
CN(C)CCNC(=O)c1cc([N+](=O)[O-])cn1C.Cl,5.92384764871657,1376,5.182733883562433,hiv_18572,MoleculeNet_HIV,True
Cc1cc(S(=O)(=O)Nc2nc(N)nc(N(C)C)n2)c(SC(C(=O)O)c2ccccc2)cc1Cl,5.923763946038766,1377,5.719032289513619,hiv_26504,MoleculeNet_HIV,True
O=C(CN1CCOCC1)Nc1ccc2c(c1)C1Oc3ccccc3CC1CO2,5.9233133771550595,1378,5.219033538379792,hiv_34260,MoleculeNet_HIV,True
O=C(CC1C(=O)Nc2ccccc2S1=O)Nc1cc(Cl)ccc1Cl,5.923102196548506,1379,5.7193658303516095,hiv_16178,MoleculeNet_HIV,True
CC(C)=CCc1c(-c2ccc(O)cc2O)oc2c3c(cc(O)c2c1=O)OC(C)(C)C=C3,5.922907764022032,1380,5.407629912864078,hiv_22237,MoleculeNet_HIV,True
O=C1c2cc(Cl)ccc2N=C(NC2CCCC2)C2CSCN12,5.922705322146323,1381,5.360587288757027,hiv_35006,MoleculeNet_HIV,True
CCOC(=O)C(=Cc1ccc(OCc2ccccc2)c(OC)c1)C(=O)c1ccccc1,5.922523627170031,1382,5.196305644243177,hiv_19883,MoleculeNet_HIV,True
O=C1NC2(CN3CCC2CC3)C(=O)N1CN(Cc1ccccc1)c1ccccc1,5.922320605331391,1383,5.689700864614017,hiv_8909,MoleculeNet_HIV,True
CSc1nc(O)c2c(n1)NC(c1ccccc1)CC(c1ccc(Cl)cc1)=N2,5.922033314225369,1384,5.452811008434812,hiv_36319,MoleculeNet_HIV,True
CCn1c(-c2nonc2N)nc2c(C#CC(C)(C)O)ncc(OCC3CCCNC3)c21,5.921524990361149,1385,5.294549161638304,davis_16725726,DAVIS_spike_in,True
CCN(CCCCOC(=O)c1ccc(OC)c(OC)c1)C(C)Cc1ccc(OC)cc1,5.921493219536085,1386,5.3759182364115885,hiv_5740,MoleculeNet_HIV,True
COc1ccc(C=C2C(=O)N=C(NC(C)=O)N2C)cc1OC,5.921325375285275,1387,5.360593585012169,hiv_25897,MoleculeNet_HIV,True
COc1ccc2[nH]c3c(c2c1)CC(=O)N1CCCC(C1)CC31OCCCO1,5.921056628496008,1388,5.162674696992315,hiv_38951,MoleculeNet_HIV,True
Cc1oc2nc(N(C)C)n3nnnc3c2c1C,5.920929322139927,1389,5.221352805491136,hiv_36111,MoleculeNet_HIV,True
CCCc1cc(=O)oc2c3c(cc(OC(C)C)c12)OC(C)C(C)C3=NO,5.920895830672493,1390,5.395903893091448,hiv_32397,MoleculeNet_HIV,True
CC1=NC(=Cc2cc(Br)cc(Br)c2)C(=O)N1n1c(-c2ccccc2)nc2ccccc2c1=O,5.920465993301468,1391,5.4191414736835135,hiv_24759,MoleculeNet_HIV,True
NNC1=NC(=Cc2ccco2)C(=O)N1,5.91976518201497,1392,5.380269203335747,hiv_37673,MoleculeNet_HIV,True
CCOC(=O)N1CCN(C(=O)Nc2cccc3ccccc23)CC1,5.919216754926166,1393,5.256103033901396,hiv_27054,MoleculeNet_HIV,True
Cc1[nH]c2ccccc2c1C1Cc2ccccc2N1.Cl,5.919089836648818,1394,5.3177951572864455,hiv_12640,MoleculeNet_HIV,True
Nc1ncnc2c1ncn2C1OC(COP(=O)(O)O)C(O)C1O,5.918357116760551,1395,5.170275023356875,hiv_857,MoleculeNet_HIV,True
CCOC(=O)C1=C(Nc2ccc(Cl)c(Cl)c2)OCC1=NNS(=O)(=O)c1ccc(C)cc1,5.918312835380185,1396,5.1721185122938715,hiv_17657,MoleculeNet_HIV,True
Cn1c(Nc2ccc(C(F)(F)F)cc2)nc2cc(Oc3ccnc(-c4ncc(C(F)(F)F)[nH]4)c3)ccc21,5.918221695016962,1397,5.171280137091758,davis_11656518,DAVIS_spike_in,True
COC(=O)C1C2NC(=S)NC1(C)Oc1ccccc12,5.918184631449143,1398,5.306282928952759,hiv_37242,MoleculeNet_HIV,True
CCN1Cc2c(C=Cc3ccccc3)nc3ccc(OC)cc3c2N(c2cccc(Cl)c2)C1,5.91782334683526,1399,5.281586063035086,hiv_8293,MoleculeNet_HIV,True
COc1cccc2sc(-n3c(C)nc4ccccc4c3=O)nc12,5.917795422954707,1400,5.216173479499276,hiv_9248,MoleculeNet_HIV,True
N=c1[nH][nH]c(=N)n1-n1c(=N)[nH][nH]c1=N,5.9175963388384965,1401,5.1907923008303785,hiv_9618,MoleculeNet_HIV,True
COc1cc2oc3cc(=O)cc4oc(-c5ccccc5)cc(c2c2c1CCC(c1ccccc1)O2)c43,5.917587290728583,1402,5.288579174619403,hiv_9370,MoleculeNet_HIV,True
CC(=O)Oc1cc2c(n(C)c1=O)-c1ccccc1C2,5.91695175656829,1403,5.28883975650394,hiv_39826,MoleculeNet_HIV,True
CCC1NC2CC3(C(=O)N(OC)c4ccccc43)C3CC1C2CO3,5.916605780292313,1404,5.374617856056948,hiv_2533,MoleculeNet_HIV,True
CCOC(=O)CCC(NC(=O)c1ccc(N=Cc2nc3cc(C(F)(F)F)ccc3nc2-c2ccccc2)cc1)C(=O)OCC,5.9162011864564725,1405,5.379227956034997,hiv_20623,MoleculeNet_HIV,True
CCOC(=O)Cc1csc(Nc2ccc(OCC)cc2)n1,5.9152444136990665,1406,5.189970122505125,hiv_15920,MoleculeNet_HIV,True
Cc1nc2ccc(Br)cc2c(=O)n1-c1ccc(NC2OCC(O)C(O)C2O)cc1,5.915068983901521,1407,5.171625204373316,hiv_27861,MoleculeNet_HIV,True
COc1ccc2c(c1)CC1c3c(ccc(OC)c3O)CC2N1C,5.914903887560113,1408,5.380662316050372,hiv_20643,MoleculeNet_HIV,True
CC(CO)C1=C(O)C(=O)c2c(ccc3c2CCCC3(C)C)C1=O,5.914683406424483,1409,5.4116468214368165,hiv_36279,MoleculeNet_HIV,True
COC1(OC)NC(=N)C2(C#N)C(C)CC(=O)N(N(C)C)C12C#N,5.9146194133946,1410,5.169101112555093,hiv_34404,MoleculeNet_HIV,True
CN1CCc2cc(O)c3cc2C1Cc1ccc(cc1)Oc1cc(ccc1O)CC1c2c(cc4c(c2O3)OCO4)CCN1C,5.91443681992832,1411,5.227361521979598,hiv_14207,MoleculeNet_HIV,True
CCOC(=O)C(C(=O)c1ccccc1)C(=O)c1ccccc1,5.914400978647792,1412,5.42796367532946,hiv_14856,MoleculeNet_HIV,True
B.CC(=O)OC1CN2CCC1CC2,5.9137813238485775,1413,5.17349120417717,hiv_25038,MoleculeNet_HIV,True
NC(=O)c1ncn(C2OC(CO)C(O)C2O)c1NC(=S)NC(=O)c1ccccc1,5.913688502709757,1414,5.269723021433895,hiv_22975,MoleculeNet_HIV,True
CC(C)(CN1CCCCC1)C(=O)CC(SCCS(=O)(=O)O)c1ccc(Cl)c(Cl)c1,5.913601658277688,1415,5.716068686052502,hiv_25862,MoleculeNet_HIV,True
C=C1N=CNc2c1ncn2C1OC(COC(=O)CCCCCCCCC(=O)OCC2OC(n3cnc4c(O)ncnc43)C(O)C2O)C(O)C1O,5.913590174750448,1416,5.1714393370350145,hiv_19303,MoleculeNet_HIV,True
CCOC1OC(COC(=O)C(C)(C)C)C(O)CC1n1cc(C)c(=O)[nH]c1=O,5.913228946778088,1417,5.222275115624937,hiv_40331,MoleculeNet_HIV,True
CC(C)NC(=NC#N)NS(=O)(=O)c1cnccc1Nc1ccc(Cl)cc1,5.912855774847674,1418,5.3859976573671755,hiv_35337,MoleculeNet_HIV,True
Cn1ccnc1C(c1nccn1C)C(C)(C)[N+](=O)[O-],5.912635179696217,1419,5.431337163493119,hiv_12053,MoleculeNet_HIV,True
Nc1nc(Cl)cc(NCC2(CO)CC(CCc3ccccc3)C2)n1,5.9122448911906496,1420,5.2483527707998645,hiv_32240,MoleculeNet_HIV,True
Nc1nc(Cl)cc(NCC2(CO)CC(Cc3ccccc3)C2)n1,5.9122448911906496,1421,5.258308046628554,hiv_32239,MoleculeNet_HIV,True
Nc1nc(Cl)cc(NCC2(CO)CC(CCCc3ccccc3)C2)n1,5.9122448911906496,1422,5.2483527707998645,hiv_32241,MoleculeNet_HIV,True
COc1cccc2ccc3c(c12)C(=O)OC31CCc2c(C)cccc21,5.9120046332315095,1423,5.17470698185151,hiv_12348,MoleculeNet_HIV,True
c1ccc(COCC23CCN(Cc4ccccc4)C(CC(OCc4ccccc4)C2)S3)cc1,5.911795916034745,1424,5.25348473696422,hiv_33358,MoleculeNet_HIV,True
C(=C(C[PH](c1ccccc1)(c1ccccc1)c1ccccc1)c1ccccc1)c1ccccc1,5.91153863797895,1425,5.282137708142316,hiv_5679,MoleculeNet_HIV,True
COC(=O)C1=C2Nc3ccccc3CC23CCN2CCCC(C(C)OC(=O)C=C(C)C)(C1)C23,5.911372196920143,1426,5.449451280688195,hiv_35145,MoleculeNet_HIV,True
CC1=C(N2CC2)C(=O)c2nc3n(c2C1=O)CCC3O,5.91115282328296,1427,5.175373026323117,hiv_22935,MoleculeNet_HIV,True
Cc1ccc(Nc2nc(O)c3cc[nH]c3n2)cc1,5.910403352621986,1428,5.186532187241818,hiv_34304,MoleculeNet_HIV,True
Cc1ccc(C)n1-c1ccccc1C1C=Cn2c(=O)oc3c(OC(C)C)c(OC(C)C)c(O)c1c32,5.910030689948382,1429,5.43660878797053,hiv_35672,MoleculeNet_HIV,True
CCC(C(=O)C(=O)C(CC)P1(=O)OC(C)(C)CN1C(C)(C)C)P1(=O)OC(C)(C)CN1C(C)(C)C,5.909885760657125,1430,5.395259531422639,hiv_40440,MoleculeNet_HIV,True
CC1=C(C)C23Cn4c(=O)n(-c5ccccc5)c(=O)n4C2(C)C1(C)C3C,5.909662849749571,1431,5.28978809511992,hiv_8184,MoleculeNet_HIV,True
CCOP(=O)(N=C(C(C)C)N(C)C)OCC,5.909399528288404,1432,5.399110144260423,hiv_3461,MoleculeNet_HIV,True
CCOC1=C=C=C(NC=C2SC(=S)NC2=O)C=C1,5.9093199009315205,1433,5.212285047052387,hiv_26239,MoleculeNet_HIV,True
Cc1ccc(S(=O)(=O)NC(=O)NCCSSCCNC(=O)NS(=O)(=O)c2ccc(C)cc2)cc1,5.908847542472411,1434,5.308898465088137,hiv_4400,MoleculeNet_HIV,True
Cc1ccc(S(=O)(=O)NC(=O)NCCCSSCCCNC(=O)NS(=O)(=O)c2ccc(C)cc2)cc1,5.908847542472411,1435,5.308898465088137,hiv_32948,MoleculeNet_HIV,True
COC(=O)c1c(C)c2c(c(C)c1O)OC(=O)c1c(C)cc(O)c(C=O)c1O2,5.908668923258149,1436,5.143311319259591,hiv_24718,MoleculeNet_HIV,True
COC(=O)c1ccccc1CC1Cc2ccc3c(c2C1=O)CCCC3,5.908568271413445,1437,5.368512667856817,hiv_30124,MoleculeNet_HIV,True
O=C1C2=Nc3ccccc3C(O)(C(=O)O)N2c2ccccc21,5.908215479924809,1438,5.468484032948357,hiv_31940,MoleculeNet_HIV,True
CC1=CC(C)(C)N=C2SC(COc3ccccc3)=NN12,5.908012394932743,1439,5.249251907257222,hiv_8133,MoleculeNet_HIV,True
CN1C(=O)C23CCCN2C(=O)C1(C)SC(=N)S3,5.907860983093257,1440,5.1849435537868125,hiv_7040,MoleculeNet_HIV,True
COC(=O)c1cc2c(c3c1CC(Cc1ccccc1)C3=O)CCC2,5.907605558765819,1441,5.327341958004503,hiv_32684,MoleculeNet_HIV,True
Cc1ccc(S(=O)(=O)NN=c2c(C)c(C3=Nc4cc(Cl)c(S(N)(=O)=O)cc4S(=O)(O)=N3)oc3c(Cl)cc(Cl)cc23)cc1,5.906956966685794,1442,5.386350027904733,hiv_21287,MoleculeNet_HIV,True
O=C1CC(c2ccc(Cl)cc2)NC(=O)N1CCCl,5.906817099252049,1443,5.180538457995225,hiv_29857,MoleculeNet_HIV,True
CC1=CC(=O)N2Cc3cc(Cl)ccc3N=C2N1,5.906694363107586,1444,5.383015769846216,hiv_7775,MoleculeNet_HIV,True
Fc1cccc(F)c1C1SCc2nc3cc4ccccc4cc3n21,5.906003003535219,1445,5.359902309831267,hiv_34855,MoleculeNet_HIV,True
N#Cc1ccc(C=NC23CC4CC(CC(C4)C2)C3)cc1,5.90568179065054,1446,5.2116600086252864,hiv_15289,MoleculeNet_HIV,True
COc1nc(N)nc2c1n(C)c[n+]2C.[Cl-],5.905665556189674,1447,5.163050613653703,hiv_37959,MoleculeNet_HIV,True
Cc1cc(Cl)cc(S)c1S(=O)(=O)Nc1nnc2c3ccccc3cnn12,5.905309475678543,1448,5.191930198981085,hiv_39422,MoleculeNet_HIV,True
COC1CC2C3C(=NNc4ccc([N+](=O)[O-])cc4[N+](=O)[O-])CCC2(C)C3C1,5.904790703996086,1449,5.163187014174523,hiv_11671,MoleculeNet_HIV,True
COc1cc2nncc(Sc3cnc4ccccc4n3)c2cc1OC,5.904188109870136,1450,5.324287288718419,hiv_4199,MoleculeNet_HIV,True
CSc1cnn(CCC#N)c(=O)n1,5.903997798404132,1451,5.186912868403072,hiv_10476,MoleculeNet_HIV,True
Cc1cc(N(CCC#N)CCC#N)ccc1C=C1CN(N2C(=O)C(=Cc3ccc(N(CCC#N)CCC#N)cc3C)N=C2c2ccccc2)C(c2ccccc2)=N1,5.903939219358189,1452,5.465638466439333,hiv_19032,MoleculeNet_HIV,True
Cc1ccc(S(=O)(=O)NC(=O)NCCc2ccccc2)cc1,5.903854257472014,1453,5.352403487823007,hiv_17521,MoleculeNet_HIV,True
Cc1ccc(Nc2nc3c(=O)n(C)c(=O)n(C)c3nc2Nc2ccc(C)cc2)cc1,5.902935656367553,1454,5.146339269324443,hiv_30621,MoleculeNet_HIV,True
CC=C(C1CC2c3[nH]c4ccccc4c3CCN2C(=O)C1C(=O)OCC)[Si](C)(C)C,5.902732520155094,1455,5.240409003347196,hiv_16019,MoleculeNet_HIV,True
CCC1NC(N=Nc2ccc([N+](=O)[O-])cc2)(P(=O)(OC(C)C)OC(C)C)OC1=O,5.9024285293521155,1456,5.396877507303107,hiv_23256,MoleculeNet_HIV,True
O=C1C2CN(Cc3ccccc3)CC1CN(CC1CC1)C2,5.9022024051872695,1457,5.658526432274675,hiv_20250,MoleculeNet_HIV,True
CC(C)CC1NC(=O)C(NC(=O)c2ncccc2O)C(C)OC(=O)C(c2ccccc2)N(C)C(=O)C(C)NC(=O)C(C(C)C(C)C)N(C)C(=O)CN(C)C(=O)C2CC(O)CN2C1=O,5.901987520089541,1458,5.406877838549548,hiv_3309,MoleculeNet_HIV,True
O=[N+]([O-])c1cccc2c(Nc3ccc(S(=O)(=O)Nc4nccs4)cc3)c3ccccc3nc12,5.9017410570849735,1459,5.296327615217128,hiv_10648,MoleculeNet_HIV,True
CCC(=O)C(C)C1=Nc2nnc(CCCCCCCc3nnc4n3C(=O)C(C(C)C(=O)CC)=N4)n2C1=O,5.901446477992399,1460,5.49332141496882,hiv_12515,MoleculeNet_HIV,True
CC1=NN(C(=O)c2ccc(Cl)cc2)C(=O)C1=Cc1ccco1,5.901369881192278,1461,5.21196446474905,hiv_23306,MoleculeNet_HIV,True
CCOCc1cc(=O)c2cc3c(cc2o1)OC(C)(C)CC3,5.901326420434619,1462,5.217017473056671,hiv_12309,MoleculeNet_HIV,True
C=CC1(c2ccccc2Cl)NC(=COCC)CO1,5.9012743890154296,1463,5.322853867392981,hiv_17315,MoleculeNet_HIV,True
O=[N+]([O-])c1ccc(NN=CC(c2ccccc2)c2ccsc2)c([N+](=O)[O-])c1,5.901055463741699,1464,5.422562915508646,hiv_5220,MoleculeNet_HIV,True
CC1(C)Oc2ncnc(N)c2C1c1ccccc1,5.9010016145391155,1465,5.38678453447928,hiv_4178,MoleculeNet_HIV,True
COC1C(O)C(n2ccc(=O)[nH]c2=O)OC1C(OC1OC(C(=O)NC2CCCCNC2=O)=CC(O)C1O)C(N)=O,5.900742331734925,1466,5.441571478312649,hiv_10569,MoleculeNet_HIV,True
N#Cc1c(N2CCCC2)nsc1Nc1ccc(F)cc1,5.900713995198362,1467,5.19063725175716,hiv_32087,MoleculeNet_HIV,True
COC(=O)C1(C)CCCC2(C)C1CCC13C=C(C(C)C)C(CC1=O)CC32,5.900541032425155,1468,5.407378409978384,hiv_26429,MoleculeNet_HIV,True
Cc1ccc(C(=O)Nc2ccc(S(=O)(=O)O)c3cc(S(=O)(=O)O)cc(S(=O)(=O)O)c23)cc1N.[NaH],5.900540735574023,1469,5.214620442707459,hiv_15520,MoleculeNet_HIV,True
CC(=O)Nc1ccc2cc(-c3ccc(Cl)cc3)c3nnnn3c2n1,5.899866366538173,1470,5.123939291609623,hiv_10533,MoleculeNet_HIV,True
CCCCCCOC(=O)c1[nH]c(=O)n(CCCCCC)c(=O)c1NC(=O)CNc1ccc2c(=O)c3ccccc3[nH]c2c1,5.899580405061524,1471,5.242489548505697,hiv_34195,MoleculeNet_HIV,True
O=C(Nc1cccc(NC(=O)c2nnn[nH]2)n1)c1nnn[nH]1,5.899146017912543,1472,5.1270588093996645,hiv_8765,MoleculeNet_HIV,True
O=C1C(=CNc2ccc([N+](=O)[O-])cc2)C(=O)N(c2ccccc2)C(=O)N1c1ccccc1,5.898951604388928,1473,5.273085681675025,hiv_34140,MoleculeNet_HIV,True
CN1S(=O)(=O)N(C)P12(N=P(CP(=NP13(N(C)S(=O)(=O)N1C)N(C)S(=O)(=O)N3C)(c1ccccc1)c1ccccc1)(c1ccccc1)c1ccccc1)N(C)S(=O)(=O)N2C,5.8987770777205775,1474,5.284894073856705,hiv_20949,MoleculeNet_HIV,True
CC1(C)NC(=N)NC(=N)N1c1cccc(C=C(C#N)c2ccccc2)c1,5.898679673263257,1475,5.308757962139554,hiv_6432,MoleculeNet_HIV,True
O=C1C2=C(c3ccccc31)C(c1ccccc1Cl)N1C(=O)CCSC1=N2,5.898480184336095,1476,5.520451850704182,hiv_19110,MoleculeNet_HIV,True
COC(=O)CC(C(C(=O)OC)C(=O)OC)N1C(=O)OC(c2ccccc2)C1c1ccccc1,5.89793531888423,1477,5.382028833523069,hiv_22125,MoleculeNet_HIV,True
Cc1nc2cc(Nc3ccccc3C(=O)O)ccc2s1,5.897728523858587,1478,5.286901586238746,hiv_22974,MoleculeNet_HIV,True
Cc1cc(=O)n2nc(CSc3n[nH]c(=N)s3)sc2n1,5.897588948622894,1479,5.294296111242034,hiv_32752,MoleculeNet_HIV,True
O=C(CC(C(=O)c1cccs1)c1ccsc1)c1ccc(Cl)cc1,5.897107879549203,1480,5.387484793500707,hiv_24983,MoleculeNet_HIV,True
Fc1ccc(C=C2COCC3=C2NC(=S)NC3c2ccc(F)cc2)cc1,5.8968233517497035,1481,5.193710600527534,hiv_37156,MoleculeNet_HIV,True
CC1CCC2(C)C(CC=C(C=O)C2(O)C=O)C12CO2,5.896388795029912,1482,5.187405715779017,hiv_12649,MoleculeNet_HIV,True
O=[N+]([O-])c1nccn1CC(O)c1ccc(F)cc1,5.895943668065021,1483,5.34939629562062,hiv_20237,MoleculeNet_HIV,True
CN1C(=O)CC2(C)c3cc(C=O)ccc3N(C)C12,5.895547570521228,1484,5.187712942733245,hiv_18559,MoleculeNet_HIV,True
CC1=C(C(=O)NC2CCCCC2)CC(C(=O)NC2CCCCC2)=C(C)N1,5.895325354624396,1485,5.193173413624434,hiv_25244,MoleculeNet_HIV,True
COC(=O)CNC(=O)Nc1cc(N2C(=O)ON3C2C(C)(C)N(O)C3(C)C)ccc1C,5.895031261820335,1486,5.164608724638139,hiv_29867,MoleculeNet_HIV,True
CC(C)OC(=S)SSSC(=S)OC(C)C,5.895017743226883,1487,5.31614430954683,hiv_9723,MoleculeNet_HIV,True
COc1cccc2c1C1OC(=O)NC1CCCCC2,5.894879835598156,1488,5.261033349318641,hiv_24092,MoleculeNet_HIV,True
NNC(=S)NN=C(C(=O)Nc1ccc(Cl)c(Cl)c1)C(C1OC(=O)c2ccccc21)[N+](=O)[O-],5.894779006956075,1489,5.42040855625194,hiv_22039,MoleculeNet_HIV,True
CCOC(=O)c1cc2cc(C)cc(C(=O)c3ccc([N+](=O)[O-])cc3)c2[nH]1,5.894438135932629,1490,5.19851829450252,hiv_35991,MoleculeNet_HIV,True
CC(=O)NC1C(OCc2ccccc2)OC(COC(=O)CCCCCCCCCCNC(=O)CCNc2ccc([N+](=O)[O-])c3[nH]c4ccc(O)cc4c(=O)c23)C(O)C1OC(C)C(=O)NC(C(=O)NC(CCC(=O)O)C(N)=O)C(C)C,5.894302724771653,1491,5.431085784906238,hiv_21250,MoleculeNet_HIV,True
COc1cc2c3cc1Oc1c(O)c(OC)cc4c1C(Cc1ccc(O)c(c1)Oc1ccc(cc1)CC3N(C)CC2)N(C)CC4,5.894106611655906,1492,5.214689000795282,hiv_6735,MoleculeNet_HIV,True
CCOC(=O)C(=CNC(=S)Nc1c(C)cccc1C)C(=O)c1ccccc1,5.893756086625923,1493,5.295940854607733,hiv_25890,MoleculeNet_HIV,True
CC(=O)OC1CC2C3(C)CC4OC(C)(O)CC(C)C4C3(C)CCC23CC32CCC(OC3OCC(O)C(O)C3O)C(C)(C)C12,5.893755423291253,1494,5.185159392671644,hiv_22856,MoleculeNet_HIV,True
CCN1CC2(COC)CCC(=O)C34C5CC6C(OC)CC(O)(C5C6O)C(C(OC)C23)C14,5.893694283161582,1495,5.153720391294704,hiv_11879,MoleculeNet_HIV,True
COC(=O)C=C(CNC(=O)OCc1ccccc1)c1ccccc1,5.893358208889433,1496,5.213099576642997,hiv_13013,MoleculeNet_HIV,True
C=C1C(=O)C=C2C=C3C(=O)C(C)(C)CC3(O)C12C,5.892978477307345,1497,5.196095420621085,hiv_21897,MoleculeNet_HIV,True
C=C1NC(=O)C(CC(C(=O)C(=O)Nc2c(C)cccc2C(C)(C)C)C(=O)c2ccc3ccccc3c2)C(=O)N1,5.892895813686211,1498,5.418820220523371,hiv_22358,MoleculeNet_HIV,True
OC(CNc1ccccn1)c1ccccc1,5.89278646515268,1499,5.404688879594403,hiv_734,MoleculeNet_HIV,True
CCOC(=O)C1CCCCc2sc(N)c(C#N)c21,5.892785478904281,1500,5.276553836628459,hiv_30668,MoleculeNet_HIV,True
O=C1c2ccccc2-c2nnc3c(c21)-c1ccccc1C3,5.8925081584577415,1501,5.364189407727763,hiv_33805,MoleculeNet_HIV,True
O=C(O)CN1C(=O)C(=O)c2cc([N+](=O)[O-])ccc21,5.892203667083265,1502,5.179215726963564,hiv_4518,MoleculeNet_HIV,True
C(C=CN1CCCC1)=Cc1nc(N2CCCC2)c2ccccc2n1,5.892156999352005,1503,5.246506381272237,hiv_21358,MoleculeNet_HIV,True
CC(=O)c1sc2[n+](c1C)C(=O)C(=Cc1ccccc1Cl)S2,5.891782165770071,1504,5.296701209587451,hiv_25261,MoleculeNet_HIV,True
CC(=O)Nc1ccc(S(=O)(=O)[N-]C2C(=O)c3ccccc3C(=O)C2[n+]2ccccc2)cc1,5.891482993659769,1505,5.30610328118444,hiv_36006,MoleculeNet_HIV,True
COc1cc(C=C2C(=O)NC(=O)NC2=O)ccc1OCc1ccccc1,5.891404243172526,1506,5.194280063170299,hiv_35767,MoleculeNet_HIV,True
N#CC1=C(C#N)C(=C(C#N)C(C#N)C#N)NC1=N.[NaH],5.89128098920862,1507,5.439051416386924,hiv_37281,MoleculeNet_HIV,True
Cc1cc(C)c(C=C(C(=Cc2c(C)cc(C)cc2C)[N+](=O)[O-])[N+](=O)[O-])c(C)c1,5.891198760048943,1508,5.190494533664751,hiv_38379,MoleculeNet_HIV,True
CC1=CC(C)(C)SC(SSSC2=NC(C)=CC(C)(C)S2)=N1,5.891000952970763,1509,5.3805796423545145,hiv_9733,MoleculeNet_HIV,True
CCN1C(=O)C(=O)C(CC)(CC)C1=O,5.890759557594009,1510,5.2054677193071806,hiv_3142,MoleculeNet_HIV,True
Cc1ccc(C(=O)Nc2ccc(S(=O)(=O)O)c3cc(S(=O)(=O)O)cc(S(=O)(=O)O)c23)cc1NC(=O)c1cccc(N)c1.[NaH],5.89074059097127,1511,5.191533731258483,hiv_15594,MoleculeNet_HIV,True
O=C(Cn1ccnc1[N+](=O)[O-])c1ccc(F)cc1,5.890411916216686,1512,5.186058224492134,hiv_20235,MoleculeNet_HIV,True
C=C1C(=O)OC2C1CC(O)C(C)=CCCC1(C)OC21,5.89015481618167,1513,5.168902642959353,hiv_30943,MoleculeNet_HIV,True
COC(=O)C1(C)CCCC2(C)c3ccc(C(C)C)cc3C(=O)CC12,5.890037041040435,1514,5.40841599237606,hiv_142,MoleculeNet_HIV,True
COc1ccc(C=C2CCS(=O)(=O)c3ccc(C)cc3C2=O)cc1OC,5.889983001865107,1515,5.154772852826959,hiv_37871,MoleculeNet_HIV,True
COc1ccc(C2=Nc3cc(C)c(C)cc3NC(c3ccccc3)C2)cc1,5.889924811613518,1516,5.440283366728107,hiv_31769,MoleculeNet_HIV,True
COC(=O)c1ccccc1C1CN=NC12Cc1ccc3c(c1C2=O)CCC3,5.8899030674163475,1517,5.305138360297394,hiv_33136,MoleculeNet_HIV,True
CCOC(=O)N1C(=S)C(C(=O)OC)(C(=O)OC)N=C1C,5.889780695455571,1518,5.1863112235734725,hiv_40784,MoleculeNet_HIV,True
CCOC(=O)C=Cc1ccc2c(c1)OC(c1ccc(O)c(OC)c1)C(CO)O2,5.889573259075356,1519,5.172754126150726,hiv_18552,MoleculeNet_HIV,True
Cl.Cn1cc(N)cc1C(=O)Nc1cc(C(=O)Nc2cc(S(=O)(=O)O)c3cc(S(=O)(=O)O)cc(S(=O)(=O)O)c3c2)n(C)c1.[NaH],5.889529116487876,1520,5.1933764457555105,hiv_24273,MoleculeNet_HIV,True
CN1CCC(O)(c2ccc(F)cc2)C(C(=O)c2ccc(F)cc2)C1,5.889305171718819,1521,5.188362033069114,hiv_3835,MoleculeNet_HIV,True
O=C(O)CC1C(=O)OC2C(COC(=O)c3cc(O)c(O)c(O)c3)OC(OC(=O)c3cc(O)c(O)c(O)c3)C(OC(=O)c3cc(O)c(O)c4c3C1C(O)C(=O)O4)C2OC(=O)c1cc(O)c(O)c(O)c1,5.889032915518367,1522,5.256906554351617,hiv_17176,MoleculeNet_HIV,True
COc1ccc2c3c1OC1C4(OC)CCC5(CC4C(C)(C)O)C(C2)N(C)CCC315,5.888918321248269,1523,5.211012307895424,hiv_27391,MoleculeNet_HIV,True
Cc1coc(NS(=O)(=O)c2ccc(N=Nc3c(N)n(C)c(=O)n(C)c3=O)cc2)c1C,5.888644950036429,1524,5.194029732847835,hiv_4208,MoleculeNet_HIV,True
NC1=C(N2CCCCC2)C(=O)NC2=NC(=Cc3ccco3)C(=O)N21,5.888550745490145,1525,5.383157779399522,hiv_35417,MoleculeNet_HIV,True
S=C1N(c2ccc(Br)cc2)C2=Nc3ccccc3SC(=C2N=Nc2ccccc2)N1c1ccc(Cl)cc1,5.888393528196402,1526,5.460909020779207,hiv_9141,MoleculeNet_HIV,True
CSC(=NC(=O)c1ccccc1Cl)SCCSC(=NC(=O)c1ccccc1Cl)SC,5.888324679365573,1527,5.713566641072805,hiv_15556,MoleculeNet_HIV,True
CC1=NN(c2ccc(S(=O)(=O)O)cc2)C(=NNC(N)=S)C1,5.888308481065467,1528,5.180594980218116,hiv_2743,MoleculeNet_HIV,True
CC(C)C1=CC2=CC=C3C(C)(C)CC(=O)OC3(C)CC2=C(O)C1=O,5.888210707178288,1529,5.439933031462861,hiv_14108,MoleculeNet_HIV,True
CCCCCCCCCCCCCCCCC(=O)NCC(=O)NCC(=O)NC(Cc1ccccc1)C(=O)Oc1ccc([N+](=O)[O-])cc1,5.88820545699408,1530,5.409166388246741,hiv_34092,MoleculeNet_HIV,True
Clc1cccc(Cl)c1C1SCc2nc3ncccc3n21,5.887970777025318,1531,5.229777367038516,hiv_27487,MoleculeNet_HIV,True
Brc1cc(C2OCCCO2)ccc1OCc1ccccc1,5.887961209863517,1532,5.780839708634861,hiv_20260,MoleculeNet_HIV,True
OC(c1cc2ccccc2[nH]1)C(O)(c1cc2ccccc2[nH]1)c1cc2ccccc2[nH]1,5.887821278179049,1533,5.44881336137868,hiv_21856,MoleculeNet_HIV,True
N=C1NN(c2ccccc2)C(=O)C1C(=O)C(N)=O,5.887775932505512,1534,5.28310028712628,hiv_11195,MoleculeNet_HIV,True
CCOC(=O)n1c2ccccc2c(=O)n1CCO,5.887277576934064,1535,5.208400598953611,hiv_10098,MoleculeNet_HIV,True
CCOC(=O)C1=C(C)N2CCCOC2(C)C(C(=O)OC)C1c1cccc([N+](=O)[O-])c1,5.887269846719606,1536,5.1857967422782965,hiv_24367,MoleculeNet_HIV,True
O=C(CC(C(=O)c1cccs1)c1ccc2c(c1)OCO2)c1ccc(Br)cc1,5.886758157188995,1537,5.4057912205687355,hiv_24970,MoleculeNet_HIV,True
CC(C)(C)OC(=O)NC(CSCc1ccc(C(=O)c2ccccc2)cc1)C(=O)N1CCN(CCCCN2c3ccccc3Sc3cc(N=[N+]=[N-])ccc32)CC1,5.886712778190032,1538,5.414984642057174,hiv_33269,MoleculeNet_HIV,True
COc1ccc2c(c1)C1=NCCN(CCO)c3ccc([N+](=O)[O-])c(c31)N2,5.886655769278767,1539,5.196189996031843,hiv_25331,MoleculeNet_HIV,True
O=C1CC(=O)N(C=C2C(=O)NC(=O)NC2=O)C(=S)N1,5.886574965305278,1540,5.2002682965155635,hiv_26045,MoleculeNet_HIV,True
O=C(NC(=O)C(C(=O)c1ccccc1)c1ccccc1)c1ccccc1,5.886277334800481,1541,5.430883381981723,hiv_14993,MoleculeNet_HIV,True
C=C1C2CCC3(CCC4C5(C)CCCC4(CN(CC)C5)C3C2)C1O,5.886108583804407,1542,5.194467836228171,hiv_9810,MoleculeNet_HIV,True
CC(=O)O.CCNC(=O)C1CCCN1C(=O)C(CCCNC(=N)N)NC(=O)C(CC(C)C)NC(=O)C(Cc1c[nH]c2ccccc12)NC(=O)C(Cc1ccc(O)cc1)NC(=O)C(CO)NC(=O)C(Cc1c[nH]c2ccccc12)NC(=O)C(Cc1c[nH]cn1)NC(=O)C1CCC(=O)N1,5.886016882985393,1543,5.546426611119258,hiv_9296,MoleculeNet_HIV,True
CCC(OCc1ccccc1)C(C)=CCC(C)C=C(CC1(C)OC(=O)N2CCCC21)[Si](C)(C)C,5.885798157424291,1544,5.427680006636829,hiv_15854,MoleculeNet_HIV,True
CCOC1c2cc(C(C)C)c(O)c(O)c2C23CCCC(C)(C)C2C1OC3=O,5.885551027511952,1545,5.367479807859747,hiv_23766,MoleculeNet_HIV,True
Cc1occc1C(=S)Nc1ccc(Cl)c(C(=O)OC2CCCCC2)c1,5.885193061274531,1546,5.097578652854077,hiv_18338,MoleculeNet_HIV,True
Cc1nn(C(=O)c2ccccc2O)c2c1C(c1ccc3ccccc3c1O)SC(=N)N2,5.885162529056627,1547,5.269374043829495,hiv_25134,MoleculeNet_HIV,True
CCOC(=O)c1c(N2CCOCC2)nc(O)c(C(c2c(O)nc(N3CCOCC3)c(C(=O)OCC)c2O)C(C)C)c1O,5.884767403447869,1548,5.390599488157877,hiv_40699,MoleculeNet_HIV,True
C=C(C)C(O)(C(=O)OC1C2CCN(CC2)C1C)c1ccccc1,5.884632432229096,1549,5.275820786530249,hiv_28052,MoleculeNet_HIV,True
O=C(OC1=CCN(Br)C1=O)C1=C(O)C(=O)N(Br)C1,5.884074527063913,1550,5.1815887041585595,hiv_38926,MoleculeNet_HIV,True
COC(=O)C1=C(C)C(=O)C2(CCCCCC2C(=O)OC)C1,5.884033193904304,1551,5.162149431776847,hiv_24573,MoleculeNet_HIV,True
COC1C(N)C(OC2C(Oc3cccc4c(O)c5c(=O)oc6ccc(C)c7c(=O)oc(c34)c5c67)OC(C)C(O)C2(C)O)OC(C)C1O,5.883875374528719,1552,5.177863694021839,hiv_9057,MoleculeNet_HIV,True
CCC12CCCN(Cc3ccccc3)C1c1c(n(C)c3ccccc13)C(C(=O)O)C2.Cl,5.883707569413955,1553,5.286400924849899,hiv_21862,MoleculeNet_HIV,True
CCOC(=O)C1=C(C)C2C3C(=O)NC(=O)C3C1(C)C1C(=O)NC(=O)C21,5.883489287550173,1554,5.202031204217234,hiv_21379,MoleculeNet_HIV,True
O=S(=O)(O)c1cc(O)c(N=NC2S(=O)(=O)OCCOS2(=O)=O)c2ccccc12,5.883410914414653,1555,5.241868580778815,hiv_36299,MoleculeNet_HIV,True
CC(C)C1N(N2C(=O)CS(=O)(=O)C2C(C)C)C(=O)CS1(=O)=O,5.883358417552233,1556,5.429442131817812,hiv_9549,MoleculeNet_HIV,True
c1ccc2c(c1)Cc1ccccc1-c1c-2[nH]c2ccccc12,5.883330889090755,1557,5.22757949548789,hiv_2954,MoleculeNet_HIV,True
CC1SC(c2c(F)cccc2Cl)n2c1nc1ccccc12,5.883289923710017,1558,5.3506033372895825,hiv_35238,MoleculeNet_HIV,True
CC=CC=Cc1cc2cc3c(c(O)c2c(O)n1)C1(CC3)C(=O)c2c(O)c3c(c(O)c2C1=O)C(=O)C(OC)=CC3=O.[KH],5.883182672491611,1559,5.158872619506629,hiv_9986,MoleculeNet_HIV,True
Cc1cn(C2CCC(C=NO)O2)c(=O)[nH]c1=O,5.883033227733043,1560,5.1817733609246055,hiv_40754,MoleculeNet_HIV,True
CC(=O)OCC1OC(n2c(-c3ccccc3)c(N=Nc3ccc(Cl)cc3)c(C)c(C#N)c2=S)C(OC(C)=O)C(OC(C)=O)C1OC(C)=O,5.882966377580965,1561,5.25853198376499,hiv_28934,MoleculeNet_HIV,True
CN(C)C(=O)C1(c2ccc(Cl)cc2)CCN(CCCC(=O)c2ccc(F)cc2)CC1,5.882511929335454,1562,5.272023382037715,hiv_5787,MoleculeNet_HIV,True
COC(=O)[n+]1cc2c3ccccn3c(N(C)C)[n+]2c2ccccc21.[O-][Cl+3]([O-])([O-])[O-],5.882098275931907,1563,5.221883615515511,hiv_37341,MoleculeNet_HIV,True
CC(C)N1CC2CC(CN(C(=O)c3ccccc3)C2)C1.[O-][Cl+3]([O-])([O-])O,5.881565445993326,1564,5.450536399126323,hiv_20248,MoleculeNet_HIV,True
Cc1ccc(C=CC(=O)c2c([O-])on[n+]2-c2ccccc2)cc1,5.88079795406031,1565,5.306997817180289,hiv_35481,MoleculeNet_HIV,True
O=C(O)C1(Cc2ccc3c(c2)CCC3)Cc2cc3c(cc2C1)CCC3,5.880731643428785,1566,5.138912265049401,hiv_31848,MoleculeNet_HIV,True
NC1c2ccccc2Nc2ccccc21,5.88067064764485,1567,5.35419368414287,hiv_20112,MoleculeNet_HIV,True
COc1ccc(Nc2cc(N)nc(N)n2)c(S)n1,5.880329885149006,1568,5.159966029265224,hiv_6186,MoleculeNet_HIV,True
O=C1OC2C(O)COC2(O)C1(O)C(C[N+](=O)[O-])c1ccc(Cl)cc1,5.880313204029607,1569,5.390560088387116,hiv_24148,MoleculeNet_HIV,True
O=C(O)c1cc(-c2cccs2)c(C(=O)O)s1,5.8799615556251466,1570,5.180302366317444,hiv_5211,MoleculeNet_HIV,True
CC1(C)OC2COC(C)(C)OC(C3SCCCS3)C2O1,5.879833201323952,1571,5.188825486878592,hiv_38428,MoleculeNet_HIV,True
CCN(CC)c1c(C(=O)C=Cc2ccc(Cl)cc2)c(-c2ccccc2)nn(C)c1=O,5.879754864324127,1572,5.265292312400242,hiv_16323,MoleculeNet_HIV,True
COCCNC1CCC(=O)c2[nH]c3ccccc3c21,5.879426945492867,1573,5.319875105669551,hiv_32146,MoleculeNet_HIV,True
CCOC(=O)C(C)(c1c[nH]c2ccccc12)c1c[nH]c2ccccc12,5.879288524721889,1574,5.269415337048163,hiv_3935,MoleculeNet_HIV,True
O=C1NC(N2CCOCC2)=NC1=Cc1ccccc1,5.87920915432346,1575,5.470938536707834,hiv_35384,MoleculeNet_HIV,True
Cc1cc2c(cc1-c1cc3c(cc1C)C(C(C)C)=C(O)C(=O)C3=CNc1nc(-c3ccccc3)cs1)C(=CNc1nc(-c3ccccc3)cs1)C(=O)C(O)=C2C(C)C,5.878985836102289,1576,5.445684543863926,hiv_39473,MoleculeNet_HIV,True
COc1ccc(C2Oc3c(c(O)cc4c3C(c3ccc(O)cc3O)C(O)C(c3ccc(O)c(O)c3)O4)CC2O)cc1O,5.878909675814973,1577,5.23592500633511,hiv_12650,MoleculeNet_HIV,True
c1ccc(-c2sc(-c3ccccc3)c3c2C(c2ccccc2)c2c(-c4ccccc4)sc(-c4ccccc4)c2C3c2ccccc2)cc1,5.87841097081972,1578,5.369221006992787,hiv_13389,MoleculeNet_HIV,True
CN(C)c1ccc(C=C(C(=O)O)c2csc(-c3nc(C(=Cc4ccc(N(C)C)cc4)C(=O)O)cs3)n2)cc1,5.878335073619117,1579,5.2970321228508235,hiv_19637,MoleculeNet_HIV,True
Cc1nc2ccc(S(=O)(=O)Nc3ccc(Cl)cc3)cc2c(=O)n1NC(=O)CNc1ccc(Cl)cc1,5.87831406585769,1580,5.176269839703018,hiv_36718,MoleculeNet_HIV,True
CCOC(=O)c1cc(C=CC(C)=CC(=O)OC)oc1C,5.878103512650024,1581,5.175875034457028,hiv_18137,MoleculeNet_HIV,True
CC(=O)OCC1OC(n2c3c(c(-c4ccc(C)cc4)c(C#N)c2=S)C(=O)CC(C)(C)C3)C(OC(C)=O)C(OC(C)=O)C1OC(C)=O,5.87767463243362,1582,5.184958359940735,hiv_32410,MoleculeNet_HIV,True
Cn1c(=O)c2c(ncn2CCCCn2ccnc2[N+](=O)[O-])n(C)c1=O,5.877419761268263,1583,5.186912868403072,hiv_24598,MoleculeNet_HIV,True
O=[N+]([O-])c1nccn1CCC[n+]1ccccc1.[Br-],5.877419761268263,1584,5.178178144565888,hiv_20346,MoleculeNet_HIV,True
CC12OOC(c3ccccc31)c1c2ccc2ccccc12,5.87731236803038,1585,5.285510443444251,hiv_12378,MoleculeNet_HIV,True
CN(C)c1ccc2c(c1)-c1cc(N(C)C)ccc1C2=CC=C1C(=O)c2ccccc2C1=C(C#N)C#N,5.8769804606528355,1586,5.444100146401737,hiv_15232,MoleculeNet_HIV,True
Br.CCN(CC)CCSc1c2ccccc2nc2cc(NCC(=O)Nc3ccccc3-c3ccccc3NC(=O)CNc3ccc4c(SCCN(CC)CC)c5ccccc5nc4c3)ccc12,5.876802476036971,1587,5.262890276523709,hiv_20613,MoleculeNet_HIV,True
CCCCC(Sc1cc(Cl)c(C)cc1S(=O)(=O)Nc1n[nH]c(=N)[nH]1)C(=O)OC,5.876697293594852,1588,5.4088453892796995,hiv_26492,MoleculeNet_HIV,True
Nc1nc(Cl)cc(NCCCCCCCCNc2cc(Cl)nc(N)n2)n1,5.876674904955004,1589,5.182342111188715,hiv_14128,MoleculeNet_HIV,True
O=c1oc2ccccc2c(O)c1C(c1ccc2c(c1)Cc1ccccc1-2)c1c(O)c2ccccc2oc1=O,5.876490537365899,1590,5.437767212114721,hiv_36172,MoleculeNet_HIV,True
CCOC(=O)C=CCCO[Si](C)(C)C(C)(C)C,5.876453221181205,1591,5.227029009263924,hiv_33958,MoleculeNet_HIV,True
COC(=O)C1(C(=O)OC)CC(=O)c2c(OC(=O)c3cccc(OC)c3C#N)ccc(OC(=O)c3cccc(OC)c3C#N)c2C1,5.876292706089441,1592,5.17380750866491,hiv_31006,MoleculeNet_HIV,True
COC(=O)N(CC1C=CCCC1)c1ccccc1I,5.876237451633464,1593,5.261275144459377,hiv_16098,MoleculeNet_HIV,True
O=c1c2ccc(Cl)cc2oc2c(CNc3ccc(S(=O)(=O)Nc4ncccn4)cc3)cccc12,5.8759847585372516,1594,5.197527111909404,hiv_37499,MoleculeNet_HIV,True
CC1(C)C(=O)C(=Cc2ccco2)C1=O,5.875897311436539,1595,5.196095420621085,hiv_19809,MoleculeNet_HIV,True
COc1ccc(C(CC(=O)c2cccs2)C(=O)c2ccc3c(c2)OCO3)cc1,5.8757325269461385,1596,5.377261517581287,hiv_24973,MoleculeNet_HIV,True
COc1ccc(C(C2=C(O)COC2=O)c2cc3c(cc2O)OCO3)cc1OC,5.87571020058984,1597,5.402653220680554,hiv_27844,MoleculeNet_HIV,True
Cc1cn(C2CC3C(CON3C)O2)c(=O)[nH]c1=O,5.87564665922649,1598,5.1817733609246055,hiv_27583,MoleculeNet_HIV,True
O=C(C=Cc1cccs1)c1ccc([N+](=O)[O-])cc1,5.875335628801207,1599,5.184588147566135,hiv_24991,MoleculeNet_HIV,True
Cc1cn(C2CC(CC=[N+]([O-])CC3OC(n4cc(C)c(=O)[nH]c4=O)CC3O[Si](C)(C)C(C)(C)C)C(CO[Si](C)(C)C(C)(C)C)O2)c(=O)[nH]c1=O,5.875314021640294,1600,5.153822217781071,hiv_39670,MoleculeNet_HIV,True
CC(=O)OC1C(OC2CCCC2(c2ccccc2)c2ccccc2)O[N+]([O-])=CC12COCc1cc3c(cc12)OCO3,5.87511963246932,1601,5.291545005308004,hiv_40405,MoleculeNet_HIV,True
COC(CN(C(C)=O)C1CCC2(SCCS2)c2[nH]c3ccccc3c21)OC,5.8745566069641635,1602,5.415369202875487,hiv_32143,MoleculeNet_HIV,True
CNc1ncn(-c2c(C)cccc2C)c(=O)n1,5.874436292122472,1603,5.189359345055244,hiv_9188,MoleculeNet_HIV,True
OCCC(N1CCOCC1)C(O)(c1ccccc1)c1ccccc1,5.874408994763304,1604,5.411209188662512,hiv_9189,MoleculeNet_HIV,True
CC12CC(c3ccccc3)Nc3ccccc3N1C(c1ccccc1)=NO2,5.873801983456301,1605,5.319819244660979,hiv_25608,MoleculeNet_HIV,True
Cc1ccc(N=Cc2ccc3c(c2)OCO3)cc1C,5.873561247745843,1606,5.1836050960693925,hiv_11472,MoleculeNet_HIV,True
CSc1nc2[nH]c(=O)n(OS(=O)(=O)c3ccccc3)c(=O)c2n1C,5.8735197499719884,1607,5.273480268538114,hiv_3197,MoleculeNet_HIV,True
CC1(C)COC(c2cccc3c2C(=O)c2cccc(Cl)c2-3)=N1,5.873463217369587,1608,5.191897067676967,hiv_20283,MoleculeNet_HIV,True
ClC1C(Cl)C2CC1C1CC3OC3C21,5.873070849357723,1609,5.297440438932176,hiv_1889,MoleculeNet_HIV,True
COC(=O)CC1(C)C(O)C2OC(C)(C)OC2C1O,5.872999675582588,1610,5.161781397958621,hiv_18303,MoleculeNet_HIV,True
CC(C)=CCc1c(-c2ccc(OC3OC(CO)C(O)C(O)C3O)cc2O)oc2c3c(cc(O)c2c1=O)OC(C)(C)C=C3,5.8729858438269,1611,5.397376070028924,hiv_22238,MoleculeNet_HIV,True
COC1=NS(=O)(=O)C(C)C(C)(C)O1,5.872853380910075,1612,5.162122100284885,hiv_5881,MoleculeNet_HIV,True
O=C1CCC(c2ccc(Cl)cc2)=NN1c1nsc2ccccc12,5.87265892849679,1613,5.250278629928006,hiv_23516,MoleculeNet_HIV,True
CSC(=NC(=O)c1cccc(Cl)c1)Nc1nccs1.I,5.872595253309505,1614,5.31261970216742,hiv_18679,MoleculeNet_HIV,True
O=C1CC(c2ccc(Cl)cc2)NC(=O)N1CCN1CCCC1,5.872450007481915,1615,5.223989444365994,hiv_29858,MoleculeNet_HIV,True
O=c1oc2ccccc2c(O)c1C(c1ccc2c(c1)OCO2)N1CCOCC1,5.872360263558607,1616,5.439777230994774,hiv_9021,MoleculeNet_HIV,True
CCOC(=O)CC(C)C1(C(=O)OC)CCCC1=O,5.872203718072573,1617,5.393073139367771,hiv_21089,MoleculeNet_HIV,True
N.O=C(O)C1=CC(=C(c2ccc(O)c(C(=O)O)c2)c2cc(Cc3ccc(O)c(C(=O)O)c3)c(O)c(C(=O)O)c2)C=CC1=O,5.871998461658533,1618,5.110679755362085,hiv_20024,MoleculeNet_HIV,True
COc1ccc(C(CC(=O)c2ccc3c(c2)OCO3)C(=O)O)cc1OC,5.871879932053895,1619,5.376422461229825,hiv_5393,MoleculeNet_HIV,True
NC(=O)OCC(COc1ccc(Cl)cc1)OC(=O)c1cc([N+](=O)[O-])cc([N+](=O)[O-])c1,5.871833202302135,1620,5.42477425071895,hiv_17034,MoleculeNet_HIV,True
CCOC(=O)c1ccc(NCc2ccc3nc(OC)c(OC)nc3c2)cc1,5.871323033391258,1621,5.109708383948976,hiv_28551,MoleculeNet_HIV,True
CCOC(=O)C(=Cn1c(=S)[nH]c2ccc([N+](=O)[O-])cc21)C(=O)c1ccccc1,5.871312803574378,1622,5.28102898572752,hiv_25526,MoleculeNet_HIV,True
CCCCCCCCCCCCC1NC(=N)N2CCCC2=C1C(=O)OC,5.871249609003811,1623,5.187096005827161,hiv_27894,MoleculeNet_HIV,True
Cc1cn(C2CC(C)(CO)N(C)O2)c(=O)[nH]c1=O,5.871163849546858,1624,5.190003299763663,hiv_39693,MoleculeNet_HIV,True
CCOC(=O)C1(C(N)=O)C(=O)c2ccncc2C1=O,5.871154972816595,1625,5.3100868419150435,hiv_35900,MoleculeNet_HIV,True
CC(=O)OC1COC(Nc2[nH]c(=N)n(C)c(=O)c2N=O)C(OC(C)=O)C1OC(C)=O,5.87103454060489,1626,5.175294744480552,hiv_26780,MoleculeNet_HIV,True
CCOC(=O)c1c(NS(=O)(=O)c2ccc(C)cc2)sc2c1CCCC2,5.870841351238917,1627,5.190757046188416,hiv_37385,MoleculeNet_HIV,True
CCOC(=O)C=CSCCC(=O)OC,5.870684431452927,1628,5.174837452059352,hiv_18175,MoleculeNet_HIV,True
CC1(C)OC(=O)C(=Cc2cccc(F)c2)C(=O)O1,5.87013146907176,1629,5.197133003018761,hiv_17212,MoleculeNet_HIV,True
C=C1C(Cl)C2OC(=O)C(C)C2(O)C(OC(C)=O)C2C(C)(O)C(OC(=O)CCC)CC(OC(C)=O)C2(C)C(OC(C)=O)C2OC12,5.869924298926384,1630,5.193939536401346,hiv_33633,MoleculeNet_HIV,True
Oc1ccc(C2Oc3cc4c5c(c3C2c2cc(O)cc(O)c2)C2c3cc(c(O)cc3OC2c2ccc(O)cc2)C2c3c(cc(O)cc3C5C(c3ccc(O)cc3)O4)OC2c2ccc(O)cc2)cc1,5.8696165844888055,1631,5.22096240652249,hiv_16401,MoleculeNet_HIV,True
CC1(C)CCCC2(C)C1CCC1(C)OC3=CC(=O)C(O)=CC3=CC12,5.869597729804468,1632,5.185841577785932,hiv_7303,MoleculeNet_HIV,True
CCSc1nc2c(=S)n(C)c(=S)n(C)c2[nH]1,5.86945424259443,1633,5.197728193565043,hiv_3511,MoleculeNet_HIV,True
CCOC(=O)NC(=O)c1cn(CC(=O)NCC(=O)NCC(=O)N2CCN(CCn3c(C)nc(C(N)=O)c3N)CC2)c(=O)[nH]c1=O,5.869227155076967,1634,5.242609978757192,hiv_13040,MoleculeNet_HIV,True
Oc1c([Si](c2ccccc2)(c2ccccc2)c2ccccc2)cc2ccccc2c1-c1c(O)c([Si](c2ccccc2)(c2ccccc2)c2ccccc2)cc2ccccc12,5.868884471742423,1635,5.22814952083863,hiv_39596,MoleculeNet_HIV,True
N#CCCN(CCCN(C(=O)Nc1ccc(NC(=O)N(CCCN(CCC#N)C(N)=O)c2ccccc2)cc1)c1ccccc1)C(N)=O,5.868783777248042,1636,5.662446494310233,hiv_38868,MoleculeNet_HIV,True
N#CC1=C(N)N2C(=O)C(=Cc3ccccc3O)N=C2S1,5.868665042575185,1637,5.466833856804139,hiv_35403,MoleculeNet_HIV,True
CC(C)(C)c1cc(C(O)(C(F)(F)F)C(F)(F)F)c2c(c1)C(C(F)(F)F)(C(F)(F)F)OC(c1ccccc1)(C(C)(C)C)N2,5.868589515509167,1638,5.306912032295407,hiv_10836,MoleculeNet_HIV,True
COC1=NCN=C2SC=C(N)N=C12,5.868459584614391,1639,5.364452876648705,hiv_6494,MoleculeNet_HIV,True
CCOP(=O)(OCC)C1=NC=CC=CC1n1c(-c2ccccc2)nn(CC)c1=O,5.868024447767635,1640,5.279326876753926,hiv_22198,MoleculeNet_HIV,True
COc1ccc(C(OCC2OC(N3CN4C(=NC3=O)N(C(=O)C(C)C)C(OC(=O)C(C)C)C4OC(=O)C(C)C)CC2OP(OC)N(C(C)C)C(C)C)(c2ccccc2)c2ccc(OC)cc2)cc1,5.86788922745358,1641,5.477224272528719,hiv_10709,MoleculeNet_HIV,True
CCC(=O)OC1C(C)CC2(OC(C)=O)C1C(OC(C)=O)C13COC(C)(C2OC(C)=O)C1C1C(CC1(C)OC(C)=O)C(OC(=O)c1ccccc1)C3=O,5.86763707343989,1642,5.297913385227295,hiv_18927,MoleculeNet_HIV,True
Cc1nc2ccccc2c(=O)n1Nc1ccc(C(=O)O)cc1,5.867562612105936,1643,5.234804686429782,hiv_12208,MoleculeNet_HIV,True
COc1cc(N=CNc2cc(OC)n[n+]([O-])c2)c[n+]([O-])n1,5.867422826000575,1644,5.162382054062099,hiv_6112,MoleculeNet_HIV,True
CN1CCN(C(=S)N2CCN(C)CC2)CC1,5.867417582092968,1645,5.192135368584709,hiv_35351,MoleculeNet_HIV,True
O=C(Nc1ccc(C=Cc2ccc([N+](=O)[O-])cc2S(=O)(=O)O)c(S(=O)(=O)O)c1)OCc1ccccc1.[NaH],5.86732137629915,1646,5.2199621997267105,hiv_26139,MoleculeNet_HIV,True
CCN(CC)c1ccc(N=C2C=C(Cl)C(=O)c3ncccc32)c(C)c1,5.867201567578322,1647,5.180440636883061,hiv_13376,MoleculeNet_HIV,True
CCN1c2ccccc2NC(=S)c2c(-c3ccccc3)n[nH]c21,5.866548792977221,1648,5.314819675108398,hiv_31045,MoleculeNet_HIV,True
Cc1ncc([N+](=O)[O-])n1CCN(C)CCCCn1ccnc1[N+](=O)[O-],5.866431236936662,1649,5.186912868403072,hiv_27300,MoleculeNet_HIV,True
CC(C)C1OC23CCCCC2C(C#N)(C#N)C1(C#N)C(=N)O3,5.866331365440213,1650,5.4315809111008475,hiv_34433,MoleculeNet_HIV,True
CCCCn1cnnc1NS(=O)(=O)c1cc(C)c(Cl)cc1SCC(=O)O,5.866189733380586,1651,5.1590983948066125,hiv_26496,MoleculeNet_HIV,True
CCOC(=O)c1nc2c(C)nc(N(C)C)nc2n(C)c1=O,5.866147142076924,1652,5.190092729902428,hiv_6747,MoleculeNet_HIV,True
Cl.O=[N+]([O-])c1cccc2nc3ccccc3c(NCCCn3ccnc3[N+](=O)[O-])c12,5.8661257390006645,1653,5.2419238940215225,hiv_32365,MoleculeNet_HIV,True
CC1CC2OC(=O)C3CCCC(=C23)C12CC(c1ccoc1)OC2=O,5.866044617048927,1654,5.300819196873073,hiv_16329,MoleculeNet_HIV,True
CC(=O)NC(=Cc1cccc([N+](=O)[O-])c1)c1nc2ccc3c(c2[nH]1)C(=O)c1ccccc1C3=O,5.8660111670975175,1655,5.448126130565868,hiv_11751,MoleculeNet_HIV,True
NC(=O)C12C(=O)NC(=O)C1(C(=O)O)C21CCCC1,5.865732521104106,1656,5.199953124836866,hiv_3593,MoleculeNet_HIV,True
COc1ccccc1C=C1SC(NNc2nc(C)c(C(C)=O)s2)=NC1=O,5.865567363577335,1657,5.453252695896255,hiv_25268,MoleculeNet_HIV,True
Clc1ccc2c(c1)[nH]c1c2nc2ccccn21,5.865327648796965,1658,5.309836437033457,hiv_19822,MoleculeNet_HIV,True
CCC(=O)NN=C(C=Cc1cccc(O)c1)c1sc(Nc2ccc(C)cc2[N+](=O)[O-])nc1C,5.865285352181022,1659,5.1878972246406505,hiv_18671,MoleculeNet_HIV,True
CCN1C2=NCCN2S(=O)(=O)c2ccccc21,5.865162273417229,1660,5.3039355886501625,hiv_9273,MoleculeNet_HIV,True
CCOC(=O)C1C(=O)CC1(C)C,5.864947230705719,1661,5.194012060104165,hiv_27010,MoleculeNet_HIV,True
CCC1=CC2CN3CCc4c([nH]c5ccccc45)C(C(=O)OC)(C2)C13.Cl,5.864850361395775,1662,5.252643560411744,hiv_13480,MoleculeNet_HIV,True
Br.CC12CC(c3ccccc3O1)N1CCCCSC1=N2,5.864648472654826,1663,5.322524268414633,hiv_37246,MoleculeNet_HIV,True
CC(=O)OC1(C)OC(=O)C(CC(C)C)N1[N+](=O)[O-],5.864588550158813,1664,5.403460618290325,hiv_14054,MoleculeNet_HIV,True
CCOC(=O)c1c(C)cc(C)nc1S[Sn](Br)(Br)Sc1nc(C)cc(C)c1C(=O)OCC,5.864205216891209,1665,5.197073546497937,hiv_7330,MoleculeNet_HIV,True
CCOC(=O)C1=C(C)NC2=C(C(=O)CC(C)(C)C2)C1CCSC,5.86412260141962,1666,5.205037279755661,hiv_33780,MoleculeNet_HIV,True
CCOC(=O)N1CCC2(CC1)CC(Sc1ccccc1)(C(C)=O)C(C)O2,5.863724847456086,1667,5.299301046235461,hiv_40286,MoleculeNet_HIV,True
CC1(C)OC(=C(C#N)C#N)C(C#N)=C1C=Cc1ccncc1,5.8635005109005816,1668,5.144815585524348,hiv_36141,MoleculeNet_HIV,True
CCC(=O)C1(c2cccc(OC)c2)CCN(C)CC1,5.863419493000239,1669,5.202088567179896,hiv_1052,MoleculeNet_HIV,True
COc1ccc(NN=C(CCN(C)C)c2ccccc2)cc1.Cl,5.863241642016127,1670,5.264433796033037,hiv_14295,MoleculeNet_HIV,True
O=C1CCCC2COc3ccc(O)c1c32,5.86316266249019,1671,5.281739799541329,hiv_11925,MoleculeNet_HIV,True
CCC(C)C(NC(=O)C(CCCCN)NC(=O)CNC(=O)C(NC(=O)C(NC(=O)C(NC(=O)C(Cc1ccccc1)NC(=O)C(C)NC(=O)C(CCCNC(=N)N)NC(=O)CNC(=O)C1CCCN1C(=O)CNC(=O)C(CCCNC(=N)N)NC(=O)C(CCC(N)=O)NC(=O)C(NC(=O)C(CCCNC(=N)N)NC(=O)C(NC(=O)C(COC1OC(CO)C(O)C(O)C1NC(C)=O)NC(=O)C(CCCCN)NC(=O)C(CCCNC(=N)N)NC(=O)C(NC(=O)C(CC(N)=O)NC(=O)C(N)CC(N)=O)C(C)O)C(C)CC)C(C)CC)C(C)C)C(C)OC1OC(CO)C(O)C(O)C1NC(C)=O)C(C)CC)C(=O)NCOC#N,5.862991415036554,1672,5.42002002706261,hiv_38400,MoleculeNet_HIV,True
Cc1ccc(-n2cc(-c3ccc(Cl)cc3)c3c2N=CN2N=C(c4ccco4)NC32)cc1,5.862705160962891,1673,5.279446825860797,hiv_28788,MoleculeNet_HIV,True
O=c1cc(N2CCOCC2)n2ccccc2n1,5.862301010363102,1674,5.29408626572412,hiv_9167,MoleculeNet_HIV,True
CCOc1ccc(C(=O)C=C2Nc3ccccc3NC2=CC(=O)c2ccc(OCC)cc2)cc1,5.862136039448267,1675,5.3174464269966775,hiv_37295,MoleculeNet_HIV,True
COC(=O)C1(C)CCCC2(C)C1CCC1=CC3(C(C)C)CCC12OO3,5.861936338903468,1676,5.407378409978384,hiv_20966,MoleculeNet_HIV,True
CSC(Cc1ccc2c(c1)Sc1ccccc1O2)=[N+]1CCOCC1.[I-],5.86181355705412,1677,5.656633018054875,hiv_38016,MoleculeNet_HIV,True
CCC1C(OC(=O)CC(O)(c2ccccc2)c2ccccc2)C2CCN1CC2,5.86181313101372,1678,5.286076867190931,hiv_28029,MoleculeNet_HIV,True
COc1ccc(N2C(=O)C3c4[nH]c5ccccc5c4C4CCCCCCC4C3C2=O)cc1,5.8616310228906885,1679,5.303470690332847,hiv_22607,MoleculeNet_HIV,True
COc1ccc(N2C(=O)C3c4[nH]c5ccccc5c4C4CCCCCCCC4C3C2=O)cc1,5.8616310228906885,1680,5.303470690332847,hiv_27072,MoleculeNet_HIV,True
COc1ccc(N2C(=O)C3c4[nH]c5ccccc5c4C4CCCCCCCCCCC4C3C2=O)cc1,5.8616310228906885,1681,5.303470690332847,hiv_22608,MoleculeNet_HIV,True
COC(=O)C(Cc1ccccc1OC)NC(=O)C(CC(=O)OCc1ccccc1)NC(=O)OCc1ccccc1,5.861611833190684,1682,5.390767328145517,hiv_29357,MoleculeNet_HIV,True
CC(C)CC1=[N+]=C(NC#N)N=C(CCC(=O)Nc2ccccc2[N+](=O)[O-])C1,5.86141367711774,1683,5.540679995607911,hiv_14365,MoleculeNet_HIV,True
CSC1=Nc2cccnc2Nc2cscc21,5.861275172107944,1684,5.37815636035218,hiv_9317,MoleculeNet_HIV,True
CC1(C)C(=O)N(O)C(C)(C)N1O,5.861211670575059,1685,5.196929203170722,hiv_26645,MoleculeNet_HIV,True
CC(=O)OC=C1CC2C3CCC4CC(C(C)=O)CCC4(C)C3CCC2(C)C1=O,5.861122287719428,1686,5.187642371704941,hiv_33540,MoleculeNet_HIV,True
CCN(CC)C(=O)CCCCCCCCC1CO1,5.86090238663515,1687,5.182149218663041,hiv_36271,MoleculeNet_HIV,True
CC1(C)OC(=O)C(C#N)=C1C=C1OC(=O)c2ccccc21,5.860889150696626,1688,5.3039534923779525,hiv_21910,MoleculeNet_HIV,True
CN(C)CCNC(=O)c1cccc(N(C)C(=O)c2ccccc2)c1[N+](=O)[O-].Cl,5.860771666242101,1689,5.400359841799407,hiv_19349,MoleculeNet_HIV,True
COc1ccc(C2CC(c3c(O)ccc4ccccc34)=NN2)cc1OC,5.8607435005749835,1690,5.2306223523713635,hiv_36744,MoleculeNet_HIV,True
Cc1ccc(NC=O)c(-c2c(N)nc(S)nc2O)c1,5.860737578821046,1691,5.181889622248431,hiv_33976,MoleculeNet_HIV,True
Cc1cnc2c(Nc3ccc(Cl)cc3)cc(N)nc2n1,5.860632235881122,1692,5.182742782685327,hiv_4202,MoleculeNet_HIV,True
CC1(C#N)N(C(=O)c2ccccc2)c2ccccc2N1C(=O)c1ccccc1,5.860535598273794,1693,5.325954648342649,hiv_31468,MoleculeNet_HIV,True
Cc1cc2c(C)nn(Cc3ccc(Cl)cc3Cl)c2c(C#N)c1C,5.860393417963774,1694,5.191733161471033,hiv_17641,MoleculeNet_HIV,True
O=C(Nc1cc([N+](=O)[O-])cc([N+](=O)[O-])c1)OC1C2CCC1C1OC1C2,5.860339113765913,1695,5.1733845910155924,hiv_21081,MoleculeNet_HIV,True
C=CCN1C(N)=C(C#N)C(C#N)(C#N)C1CCC,5.860258751400691,1696,5.1938065246248835,hiv_34355,MoleculeNet_HIV,True
CC(C)C1=C(O)C(=O)C2=C(C1=O)C(OC=O)C(O)C1C(C)(C)CCCC21C,5.859912903050825,1697,5.427617903793103,hiv_8132,MoleculeNet_HIV,True
CCOC(C)C(C=NNC(N)=S)=NNC(N)=S,5.859890722737833,1698,5.41679389588021,hiv_3028,MoleculeNet_HIV,True
C=CCC1C(=O)Nc2cccc3ncn(c23)C1=O,5.859870423412539,1699,5.187990740840073,hiv_39142,MoleculeNet_HIV,True
Cc1cc(C)c(P2C(=C(O[Si](C(C)C)(C(C)C)C(C)C)C(C)(C)C)C2(c2ccccc2)c2ccccc2)c(C)c1,5.859730060316318,1700,5.4532080891235735,hiv_36521,MoleculeNet_HIV,True
CCOC(=O)c1c(C)c(C)n2c1NC(=O)C2,5.859647901364576,1701,5.212285047052387,hiv_12044,MoleculeNet_HIV,True
COCCN(C(=O)c1ccccc1)C1CCC2(SCCS2)c2[nH]c3ccccc3c21,5.859443744147653,1702,5.335148224816485,hiv_32141,MoleculeNet_HIV,True
O=C1C(O)=C(Nc2ccc(Cl)cc2)C(=O)c2ccccc21,5.859222499439015,1703,5.425576353179395,hiv_4235,MoleculeNet_HIV,True
CC1c2c(n(C)c3ccccc23)C2CCC3(CO3)C1N2Cc1ccccc1,5.859161736862538,1704,5.293835341504008,hiv_15998,MoleculeNet_HIV,True
CCc1cc2c(c3c1CCCC3=O)CC1(Cc3ccc(C(=O)OC)cc3C1)C2,5.858902203532099,1705,5.2008867508120336,hiv_30071,MoleculeNet_HIV,True
O=C1CSC2=NC3=C(CSCC3=Cc3ccccc3)C(c3ccccc3)N12,5.8588322157598824,1706,5.448235884049081,hiv_29919,MoleculeNet_HIV,True
CCOC(=O)c1c(NC(=O)c2ccccc2)c(C#N)c2n1CCCCC2,5.858747931228129,1707,5.281330937522625,hiv_39609,MoleculeNet_HIV,True
O=C(CC(=O)c1ccccc1)CC(O)(c1ccccc1)c1ccccc1,5.8586780572326305,1708,5.383053185335785,hiv_16124,MoleculeNet_HIV,True
Cn1cnc2c1=S(=O)(O)N=C(S)N=2,5.858555929541293,1709,5.378910912624545,hiv_1681,MoleculeNet_HIV,True
C=CC1(C)CCC2C(=CCC3C2(C)CC(O)C(O)C3(C)COC2OC(CO)C(O)C(O)C2O)C1,5.858306001212947,1710,5.188457453060367,hiv_4775,MoleculeNet_HIV,True
O=C1c2ccccc2C(=O)N1C(Cc1ccccc1)C(=O)n1cccc1CO,5.857168285224952,1711,5.438429338076979,hiv_30317,MoleculeNet_HIV,True
O=C(NC1CCCC1C(=O)Nc1ccc(C(F)(F)F)cc1)OCc1ccccc1,5.857105299851486,1712,5.650374223851613,hiv_29688,MoleculeNet_HIV,True
COc1ccc(C(=O)C=C2Nc3ccccc3N2C)cc1,5.857022682844799,1713,5.286334860114079,hiv_20575,MoleculeNet_HIV,True
O=C(Nc1cccc2nsnc12)c1ccc(C(=O)Nc2cccc3nsnc23)cc1,5.856929540078994,1714,5.200009636669776,hiv_4082,MoleculeNet_HIV,True
CCOC(=O)C1(C)c2ccc(o2)C(C)(C)c2ccc(o2)C(C)(C)c2ccc(o2)C(C)(C)c2ccc1o2,5.85684782273487,1715,5.204265902939318,hiv_12133,MoleculeNet_HIV,True
Cc1cc2c(cc1CO)N1Cc3cc(C)c(CO)cc3N(C2)C1,5.856486948192042,1716,5.1913283162143875,hiv_11770,MoleculeNet_HIV,True
CCOC=C1N=C(c2ccc(Cl)c(Cl)c2)OC1=O,5.856319302377645,1717,5.381121555234309,hiv_17047,MoleculeNet_HIV,True
CCCC(=O)OC1C(OC(C)=O)CC(C)=CC2OC(=O)C3(C)OC23C(O)C2C3(C)OC3CC(OC(C)=O)C12C,5.8562653311878465,1718,5.193598834075082,hiv_16200,MoleculeNet_HIV,True
O=C(Nc1cccc2c1C(=O)c1c(NC(=O)c3ccccc3)ccc(Nc3cccc4c3C(=O)c3ccccc3C4=O)c1C2=O)c1ccccc1,5.856197970308258,1719,5.425637136976296,hiv_2091,MoleculeNet_HIV,True
CN1C(=S)Nc2ncn(C)c2S1(=O)=O,5.855798149637193,1720,5.203746530915929,hiv_1682,MoleculeNet_HIV,True
CCOP(C)(=O)OC(C(F)(F)F)C(F)(F)F,5.8556725490565515,1721,5.397923800331036,hiv_30893,MoleculeNet_HIV,True
COc1ccc(-c2c3c(n(C4OC(CO)C(O)C(O)C4O)c(=S)c2C#N)CCC3)cc1,5.855640013999816,1722,5.1576527119132205,hiv_28925,MoleculeNet_HIV,True
CCOC(=O)Nc1sc2c(c1C#N)CCCC2,5.855511669420891,1723,5.197598078858244,hiv_33499,MoleculeNet_HIV,True
CCOC(=O)C1=NN(c2ccc(C)cc2)C2(c3ccccc3)C=C(c3ccccc3)N(C)CCN12,5.85520336176817,1724,5.296536558559221,hiv_34834,MoleculeNet_HIV,True
COC1=CC2(c3ccccc3)C(=CC1=O)CCN2C(=O)c1ccccc1,5.855108628430905,1725,5.26938658511792,hiv_11191,MoleculeNet_HIV,True
CC(C)CCCC(C)C1CCC2C3CCC4CC(CC=C(c5cc(Cl)c(O)c(C(=O)O)c5)c5cc(Cl)c(O)c(C(=O)O)c5)CCC4(C)C3CCC12C.N,5.854927831616746,1726,5.387914937518163,hiv_23791,MoleculeNet_HIV,True
COC1(OC)C(C(N)=CO)=NC(C)(C)N1O,5.85486430472469,1727,5.17410941660128,hiv_36248,MoleculeNet_HIV,True
CCC12C=CCN3CCC4(C(=C(C(=O)OC)C1)Nc1ccccc14)C32,5.854764558995036,1728,5.293297502907403,hiv_21401,MoleculeNet_HIV,True
N#Cc1ccccc1C(Cl)(Cl)c1cnccn1,5.854534696233474,1729,5.289324346155342,hiv_16286,MoleculeNet_HIV,True
c1ccc(SC2=C(Sc3ccccc3)CC2)cc1,5.854292381131851,1730,5.303273611183802,hiv_8025,MoleculeNet_HIV,True
CC1=NN(c2ccccc2)C(=O)C1N=Nc1ccc(S(=O)(=O)Nc2ncccn2)cc1,5.854200841828648,1731,5.261135830384976,hiv_4220,MoleculeNet_HIV,True
COC(CCC(C)C1OC23CC(OC(=O)CC(C(C)O)OC(=O)CC(O)(O2)C(C)CC3(C)C)C1C)c1cccc(O)c1,5.854137477217205,1732,5.380534838751344,hiv_6972,MoleculeNet_HIV,True
C=CCC(CCC(C)=O)(C(=O)OCC)C(=O)OCC,5.85369481360863,1733,5.194249568171668,hiv_36270,MoleculeNet_HIV,True
O=C1CSC(c2ccc([N+](=O)[O-])cc2)N1c1nc(-c2ccc3c(c2)CCCC3)cs1,5.853607863240592,1734,5.163509002920541,hiv_33702,MoleculeNet_HIV,True
Clc1ccc2c(NCCCCN3OC3c3ccccc3)ccnc2c1,5.8535106523904465,1735,5.28616042203968,hiv_27814,MoleculeNet_HIV,True
COc1cc2c(cc1OC)CN1CCc3ccccc3CC1C2,5.853413542388201,1736,5.281238213526323,hiv_36400,MoleculeNet_HIV,True
CCOC=Nc1c(C#N)c(-c2ccc(Cl)cc2)cn1-c1ccc(C)cc1,5.853288592140319,1737,5.181231192212157,hiv_28784,MoleculeNet_HIV,True
CCCCCC(C=CC1C2CC(=O)OC2CC1N1CCOCC1)OC1CCCO1,5.853116857484888,1738,5.392503819226662,hiv_22429,MoleculeNet_HIV,True
CC(C)(O)C1CCC(C)(C2C(O)CC3(C)C4CC(OC5OC(CO)C(O)C(O)C5O)C5C(C)(C)C(OC6OCC(O)C(O)C6O)CCC56CC46CCC23C)O1,5.853106616710481,1739,5.201989405806066,hiv_22857,MoleculeNet_HIV,True
CCCCCCCCCCC(O)C1CCC(C(O)CCC(O)C2CCC(CCCCCCCC(O)CC3=CC(C)OC3=O)O2)O1,5.853062261929353,1740,5.39159821565195,hiv_16463,MoleculeNet_HIV,True
CC(C)(C)N=C1CC(C)(C)c2ccccc2C(=Nc2ccccc2)S1,5.853054758074885,1741,5.330442417105721,hiv_20859,MoleculeNet_HIV,True
COC1C=COC2(C)Oc3c(C)c(OC(C)=O)c4c(c3C2=O)C(=O)C=C(NC(=O)C(C)=CC=CC(C)C(OC(C)=O)C(C)C(O)C(C)C(OC(C)=O)C1C)C4=O,5.852961841890712,1742,5.169041867953448,hiv_6657,MoleculeNet_HIV,True
CC1(C)CC(=O)C2=C(C1)Nc1ccc(Cl)cc1NC2c1cccc([N+](=O)[O-])c1,5.852836028786092,1743,5.194553127734253,hiv_6049,MoleculeNet_HIV,True
COc1cc2ccnc3c(=C(SC)SC)c(=O)c(c1OC)c23,5.852600694652318,1744,5.284491575283698,hiv_13197,MoleculeNet_HIV,True
COc1cc2c(-c3onc4ccc(OCc5ccccc5)cc34)nccc2c(OC)c1OC,5.85246898857604,1745,5.369265013037567,hiv_13514,MoleculeNet_HIV,True
COc1ccc(C(c2c(O)c3ccccc3oc2=O)N2CCOCC2)cc1,5.852261448670573,1746,5.441438173381968,hiv_9289,MoleculeNet_HIV,True
Cc1ccc(Nc2nc(O)nc(O)c2N=O)cc1,5.852190255518137,1747,5.14554411360892,hiv_35939,MoleculeNet_HIV,True
C=C1CC(CC)(CCN2C(=O)c3ccccc3C2=O)OC1=O,5.852069083827664,1748,5.293239595934085,hiv_18583,MoleculeNet_HIV,True
Cc1cc(N(CCC#N)CCC#N)ccc1C=C1N=C(c2ccccc2)N(N)C1=O,5.851903543158883,1749,5.464710177595528,hiv_19031,MoleculeNet_HIV,True
CCOP(=O)(CC(C)P(=O)(OCC)OCC)OCC.CC[Sn](Cl)(Cl)CC,5.851827445525106,1750,5.402191443500132,hiv_23674,MoleculeNet_HIV,True
CCCCCC1c2c(cc(C)nc2O)OC(O)C1CCCC,5.851788069141947,1751,5.289368041586712,hiv_7217,MoleculeNet_HIV,True
O=C(CN1CCCC1)Nc1ccc2c(c1)C1Oc3ccccc3CC1CO2,5.851723113653781,1752,5.219033538379792,hiv_34258,MoleculeNet_HIV,True
COc1c2c3c4c(c(OC)c(=O)c5c(O)cc(OC)c(c6c(OC)cc(O)c(c1=O)c63)c54)C(C(C)O)C2C(C)O,5.851458178665267,1753,5.4349580030801645,hiv_30473,MoleculeNet_HIV,True
CCN(CC)c1ccc(N=Nc2ccc(-c3nc4cccnc4o3)cc2)cc1,5.850993071248158,1754,5.69192569118946,hiv_15575,MoleculeNet_HIV,True
CN(C)CC=CC(=O)Nc1cc2c(Nc3ccc(F)c(Cl)c3)ncnc2cc1OC1CCOC1,5.85079439522097,1755,5.126970519490765,davis_10184653,DAVIS_spike_in,True
O=C1CC(=O)NC(NN2C(=O)C(=CC(=O)c3ccco3)N=C2c2ccccc2)=N1,5.84982666255719,1756,5.415194654392573,hiv_36774,MoleculeNet_HIV,True
COC(=O)C12C=CC(C(=O)OC)(CC1)n1c(=O)n(-c3ccccc3)c(=O)n12,5.849524909365762,1757,5.282602075491629,hiv_8475,MoleculeNet_HIV,True
COC(=O)C12C=CC(C1)n1c(=O)n(-c3ccccc3)c(=O)n12,5.849524909365762,1758,5.2723482326564755,hiv_5712,MoleculeNet_HIV,True
N#Cc1c(N2CCCC2)ncn(-c2ccccc2)c1=S,5.84951135309622,1759,5.289354308647608,hiv_32104,MoleculeNet_HIV,True
C=C1C(O)C2(C(=O)N1OC)C(=CCC)C=CC(=O)C2O,5.8492665951055445,1760,5.176057380738319,hiv_14699,MoleculeNet_HIV,True
CC(C)[Si](OC1=CCCC2NC(=O)C(Cc3ccc([N+](=O)[O-])cc3)C12C)(C(C)C)C(C)C,5.849209031541693,1761,5.426453020930574,hiv_33615,MoleculeNet_HIV,True
Cc1cc(C)c(-c2noc(=NS(=O)(=O)c3ccc(Cl)cc3)o2)c(C)c1,5.848884142530722,1762,5.193012991096483,hiv_27348,MoleculeNet_HIV,True
CCOC(=O)NC(O)C(Cl)(Cl)Cl,5.848752131612821,1763,5.390327567879718,hiv_1133,MoleculeNet_HIV,True
[N-]=[N+]=Nc1ccc(S(=O)(=O)Oc2cc(OS(=O)(=O)c3ccc(N=[N+]=[N-])cc3)cc(OS(=O)(=O)c3ccc(N=[N+]=[N-])cc3)c2)cc1,5.848487720960817,1764,5.162758854482104,hiv_15670,MoleculeNet_HIV,True
CN1C(=CC=CC=CC=C2C(=O)c3ccccc3C2=O)C(C)(C)c2ccccc21,5.848322832091859,1765,5.445731078503162,hiv_34599,MoleculeNet_HIV,True
Cc1cc(O)c2cnncc3c(O)cc(C)c4c(=O)oc5c(CO)c(O)c(C(=O)O)c(cnncc6c(C(=O)O)c(O)c(CO)c7oc(=O)c1c2oc67)c5oc34,5.847654556414629,1766,5.166619763137677,hiv_12880,MoleculeNet_HIV,True
CCOC(=O)C=CCP(=O)(OCC)OCC,5.8475302218516205,1767,5.191591957787833,hiv_3719,MoleculeNet_HIV,True
N#CC1=C(N)Oc2cc(O)cc(O)c2C1c1ccccc1,5.847282277073695,1768,5.297876130632154,hiv_34550,MoleculeNet_HIV,True
CCOC(=O)Cn1sc2ncc([N+](=O)[O-])cc2c1=O,5.846851948027828,1769,5.192290613993088,hiv_32109,MoleculeNet_HIV,True
CCN1C(=O)C(=Cc2coc3ccccc3c2=O)SC1=S,5.84673474672554,1770,5.255952476154181,hiv_22087,MoleculeNet_HIV,True
Br.CN1C(C)(C)C(Br)C(=O)C(Br)C1(C)C,5.8464868988532945,1771,5.186675360335569,hiv_29999,MoleculeNet_HIV,True
CC1(C)CCC2(C)CC=C3C(C)(CCC4C3(C)CCC3C(C)(C)C(=O)CCC34C)C2C1,5.84634100644234,1772,5.185841577785932,hiv_38099,MoleculeNet_HIV,True
Cc1c(N=Nc2ccc(Cl)cc2)c(C)n(C2OC(CO)C(O)C(O)C2O)c(=S)c1C#N,5.846261340351945,1773,5.162970623585672,hiv_28938,MoleculeNet_HIV,True
O=C1OC(C2Cc3ccc4c(c3C2=O)CCC4)c2ccccc21,5.8458789694865345,1774,5.30760873931672,hiv_32636,MoleculeNet_HIV,True
O=C(OCC(OC(=O)c1ccccc1)C1CC(C2(O)CCCCC2)C(=O)O1)c1ccccc1,5.845576152796866,1775,5.40509772849392,hiv_37126,MoleculeNet_HIV,True
O=C1CC2c3c(OCc4ccccc4)cccc3OC2O1,5.845541634953883,1776,5.336922908397482,hiv_4372,MoleculeNet_HIV,True
CC1(C)COC2(C)ON12,5.84519742254693,1777,5.192730850226604,hiv_10410,MoleculeNet_HIV,True
O=[N+]([O-])c1ccc(N=CC=CNc2ccc([N+](=O)[O-])cc2)cc1,5.845147251823496,1778,5.165388186578716,hiv_32350,MoleculeNet_HIV,True
CSC(c1ccccc1)=[N+]([O-])Cc1ccccc1.I,5.8450823525247415,1779,5.655595435657199,hiv_21048,MoleculeNet_HIV,True
CCOc1ccc(C(C)c2cc3c(cc2OC)OCO3)cc1,5.844863073699712,1780,5.383033492822825,hiv_8617,MoleculeNet_HIV,True
CC(C)C12OC1CC13OC1C1OC1C1OC132,5.844851676736088,1781,5.432616231748716,hiv_10059,MoleculeNet_HIV,True
CC1C2C=C(O)C(=O)C(C2=O)C1c1ccccc1,5.844490349475319,1782,5.274846351551167,hiv_22529,MoleculeNet_HIV,True
Cc1cc(S(=O)(=O)O)c(NC(=O)c2oc3cc(O)ccc3c(=O)c2C)cc1Cl,5.844447535228028,1783,5.227030360165617,hiv_22049,MoleculeNet_HIV,True
c1ncn(C23C4C5C6C4C2C6C53)n1,5.843846509271495,1784,5.186181035027864,hiv_31102,MoleculeNet_HIV,True
CN1CCCC2C3CCC4=C(O)C(=O)CCC4(C)C3CCC21C,5.843613610499399,1785,5.185626082474314,hiv_14680,MoleculeNet_HIV,True
COc1cccc(-c2nc(-c3cnccn3)n(CC=Cc3ccccc3)n2)c1,5.843330716112548,1786,5.267223267530408,hiv_24436,MoleculeNet_HIV,True
Cc1cc(C#N)c(Nc2c(C)cccc2[N+](=O)[O-])s1,5.843144734553155,1787,5.191008756361424,hiv_40508,MoleculeNet_HIV,True
NC1CCCCC1.O=C(O)C1(P(=O)(O)O)CC1,5.8427160761069645,1788,5.182048171706869,hiv_12896,MoleculeNet_HIV,True
CCOC(=O)C(Cl)=C1SN(C(=O)OCC)N=C1C,5.842707666285531,1789,5.19545138453953,hiv_8501,MoleculeNet_HIV,True
COc1ccc(C=CC(=O)NCC(NC(=O)C=Cc2ccc(OC)c(OC)c2)C(=O)O)cc1OC,5.842680338437647,1790,5.371926244771388,hiv_40952,MoleculeNet_HIV,True
COC(=O)C1=C(C(=O)C(Cc2ccccc2)NC(=O)c2ccccc2)CCC1,5.842548065471673,1791,5.385718041636695,hiv_16870,MoleculeNet_HIV,True
CC1C=CC=CC=CC=CC=CC=CC=CC(OC2OC(C)C(O)C(N)C2O)CC2OC(O)(CC(O)CC(O)C(O)CCC(O)CC(O)CC(=O)OC(C)C(C)C1O)CC(O)C2C(=O)O,5.8423181370135895,1792,5.406649653034096,hiv_9905,MoleculeNet_HIV,True
CC#CC(O)(C(=O)OC1CCN(C)CC1)C(C)C,5.8423090505365725,1793,5.3816723009610685,hiv_28012,MoleculeNet_HIV,True
CCC(CO)COC(=O)C=CC(=O)OCC(CC)CO,5.842288224658961,1794,5.4013682585161895,hiv_12257,MoleculeNet_HIV,True
CC1(C)C2CC(=O)C1(C)C(OCc1ccccc1)C2,5.841772926334898,1795,5.251308485617275,hiv_25042,MoleculeNet_HIV,True
CCC1(C)NN=c2sc(=Cc3ccc(OC)cc3)c(=O)n2N1,5.841711852261873,1796,5.218353667286214,hiv_11433,MoleculeNet_HIV,True
COc1nn(C)c(=O)c2cccnc12,5.841567919832001,1797,5.1620634528926495,hiv_4728,MoleculeNet_HIV,True
CC1=NN(c2ccccc2)C(=O)C1N=Nc1ccc(S(=O)(=O)Nc2nnc(C)s2)cc1,5.841556598574249,1798,5.217760586432552,hiv_4216,MoleculeNet_HIV,True
N=c1ccn(C2OC(CO)C(OP(=O)(O)O)C2O)c(=O)[nH]1.N=c1ccn(C2OC(COP(=O)(O)O)C(O)C2O)c(=O)[nH]1,5.841488684218953,1799,5.177634353609518,hiv_9035,MoleculeNet_HIV,True
Cc1cc(S(=O)(=O)NC2=Nc3cccc4cccc(c34)N2)c(S)cc1Cl,5.8413093824760995,1800,5.4159326301544555,hiv_39435,MoleculeNet_HIV,True
c1ccc2[nH]c(CNc3ccc(C4C[Se]N=N4)cc3)nc2c1,5.841274937647118,1801,5.2886837470321755,hiv_22972,MoleculeNet_HIV,True
COC(=O)C1Cc2cc(O)c(O)cc2C2(CCN(C)CC2)O1.Cc1ccc(S(=O)(=O)O)cc1,5.841262852122796,1802,5.177112162981975,hiv_26694,MoleculeNet_HIV,True
C=C1C(=O)OC2C1C(OC(C)CCC)C(O)C(C)C(O)C1OC1(C)C2O,5.841219208287064,1803,5.403413471051168,hiv_12829,MoleculeNet_HIV,True
O=C(Nc1ccccc1SC(C=CNNC1=NC(c2ccccc2)C(c2ccccc2)=NN1)c1ccccc1)c1ccc(Cl)cc1Cl,5.841099576467614,1804,5.429400365685627,hiv_18809,MoleculeNet_HIV,True
COc1ccc(C(=O)C(c2ccc(OC)cc2)C2(O)C(=O)Nc3c2ccc(Cl)c3C)cc1,5.840874593967677,1805,5.420228872137966,hiv_16739,MoleculeNet_HIV,True
CC12CC3CCC(=NO)C(C1)C3(N1CCOCC1)CC2=NO,5.840472563941315,1806,5.188737978710696,hiv_28605,MoleculeNet_HIV,True
C=CC1(C)CC2CCC3(C)C(C)=CC(=O)CC3C2(C)CC1O,5.840239248670152,1807,5.185841577785932,hiv_28651,MoleculeNet_HIV,True
O=C1CC(c2ccccc2)NCN1,5.840181580620842,1808,5.280443348502697,hiv_12585,MoleculeNet_HIV,True
O=C1C=CC(c2ccccc2)(c2ccccc2)O1,5.840161089573101,1809,5.296591035046669,hiv_9728,MoleculeNet_HIV,True
C=C1C(=O)OC2C1CC(O)C1(C)OC1CCC1(C)OC21,5.839957021682198,1810,5.188137013727886,hiv_30945,MoleculeNet_HIV,True
Cc1cc(S(=O)(=O)NC2=Nc3cccc(F)c3CN2)c(S)cc1Cl,5.839657163109709,1811,5.413430117874849,hiv_39438,MoleculeNet_HIV,True
FC(F)(F)C(C1=NC(C(F)(F)F)(C(F)(F)F)N=C(N2CCOCC2)O1)C(F)(F)F,5.839597510872429,1812,5.436435139481747,hiv_30928,MoleculeNet_HIV,True
CC(C)C1COC2CCC(=O)N21,5.839510448306981,1813,5.42613781162838,hiv_17134,MoleculeNet_HIV,True
Oc1ccc2ccccc2c1NCn1nc(CCCCCCCCc2nn(CNc3c(O)ccc4ccccc34)c(=S)o2)oc1=S,5.839458698068109,1814,5.710591158774893,hiv_39538,MoleculeNet_HIV,True
COc1ccc(NC(=O)Oc2cc(C)c3ccc(=O)cc-3o2)c(OC)c1.COc1ccc(NC(=O)Oc2ccc3c(C)cc(=O)oc3c2)c(OC)c1,5.839381232770264,1815,5.10271689097678,hiv_10013,MoleculeNet_HIV,True
CC(C)c1c(O[Si](C(C)C)(C(C)C)C(C)C)cc2c(c1O)CCC1C(C)(C)CCCC21C,5.839341783725044,1816,5.433563689828278,hiv_36283,MoleculeNet_HIV,True
CC(C)(C)c1onc2c1C(=O)c1ccccc1-2,5.839310006197935,1817,5.428256549796922,hiv_9154,MoleculeNet_HIV,True
Cc1ccc(N=NC(C2=NC(=O)CS2)c2nc3ccccc3[nH]2)cc1,5.839202028702564,1818,5.5552446286386035,hiv_23230,MoleculeNet_HIV,True
COC(=O)c1c2n(c3ccccc13)CC1OC(C)(C)OC21,5.839045109014482,1819,5.191029627170759,hiv_35226,MoleculeNet_HIV,True
COC(=O)C1=C(O)C(O)=C(C(=O)OC)C1.[NaH],5.838995399795463,1820,5.161344471664423,hiv_15404,MoleculeNet_HIV,True
CCOC(=O)C=C1CONC(c2ccc(OC)cc2)=N1,5.838615042929747,1821,5.370880995147473,hiv_9068,MoleculeNet_HIV,True
CCOC(=O)C1C(c2ccc(Br)cc2)N(Cc2ccccc2)C(c2ccc(Br)cc2)C(C(=O)OC)S1(=O)=O,5.838605507807641,1822,5.272846720998237,hiv_22582,MoleculeNet_HIV,True
CC(C)(C)[Si](C)(C)OC1C(C[N+]([O-])=NNc2ccc([N+](=O)[O-])cc2)OC(n2ccc(=O)[nH]c2=O)C1O[Si](C)(C)C(C)(C)C,5.83793108937384,1823,5.210928427884368,hiv_38354,MoleculeNet_HIV,True
COc1cc2c(cc1OC)C1C3CCCCC3CCN1CC2.Cl,5.837919085693789,1824,5.105886779568815,hiv_28676,MoleculeNet_HIV,True
Cc1cc(Cl)ccc1NC(=O)C(=O)Cc1nc2ccccc2o1,5.837712227205349,1825,5.291089526846697,hiv_16583,MoleculeNet_HIV,True
CN1CCC(OC(c2ccccc2)c2ccc(Cl)cc2)C1.O=C(O)C=CC(=O)O,5.837695061955825,1826,5.4283441902243155,hiv_2232,MoleculeNet_HIV,True
COc1ccc(OC(COCc2ccccc2)CC2COC(C)(C)O2)cc1,5.837528981110806,1827,5.521844382203168,hiv_37124,MoleculeNet_HIV,True
Cc1ccc(-n2nc(C(C)(C)C)cc2NC(=O)Nc2ccc(OCCN3CCOCC3)c3ccccc23)cc1,5.837439398109547,1828,5.262240342207402,davis_156422,DAVIS_spike_in,True
Cc1ccc(S(=O)(=O)OCC2OC(CCCO)CC([Si](C)(C)C)=CCC2Cl)cc1,5.837331464742791,1829,5.178748794420747,hiv_16153,MoleculeNet_HIV,True
CC1=CC(C)N(C(=O)c2ccc(Cl)cc2)CCN1C(=O)c1ccc(Cl)cc1,5.837181740124458,1830,5.200967492368756,hiv_6529,MoleculeNet_HIV,True
CC1=[N+]2[N-]C(N3CC4CCC(CC4)C3)=[S+][Pt-4]2(Cl)(Cl)(Cl)[n+]2ccccc21,5.836649207578524,1831,5.284804314604869,hiv_8934,MoleculeNet_HIV,True
CC(=O)OCC1OC(Nc2[nH]c(=O)n(C)c(=O)c2N=O)C(OC(C)=O)C(OC(C)=O)C1OC(C)=O,5.836468499316644,1832,5.177337315328464,hiv_10660,MoleculeNet_HIV,True
CCCC#CC(O)(C(=O)OC1CN2CCC1CC2)C1CCCCC1,5.836016834526252,1833,5.178588692967127,hiv_28004,MoleculeNet_HIV,True
Cc1cc(C(=C2C=CC(=N)C=C2)c2ccc(N)cc2)ccc1N,5.83570254587186,1834,5.155596616075051,hiv_3438,MoleculeNet_HIV,True
CC(NC(=O)C(C#N)=Cc1ccc2[nH]ccc2c1)c1ccccc1,5.835660523253495,1835,5.452089597312642,hiv_22848,MoleculeNet_HIV,True
COc1cccc(N2C(=O)C3c4[nH]c5ccccc5c4C4c5ccccc5CCC4C3C2=O)c1,5.835338773393282,1836,5.239709388221348,hiv_26594,MoleculeNet_HIV,True
O=C1NC(=O)C(=Cc2ccc(F)cc2)C(=O)N1,5.835157709856463,1837,5.184041599443448,hiv_17185,MoleculeNet_HIV,True
Cc1ccc(NC(=S)NC=C(C(=O)c2ccccc2)C(=O)c2ccccc2)c(C)c1,5.834987464667008,1838,5.28092215331626,hiv_26106,MoleculeNet_HIV,True
N=c1[nH]c2c(C(=O)c3cccs3)nnn2c2cccc(Cl)c12,5.834954753747848,1839,5.108181446389231,hiv_9478,MoleculeNet_HIV,True
CC1=NC(=Cc2c(O)ccc3ccccc23)C(=O)O1,5.834910641281364,1840,5.4199863818098954,hiv_14611,MoleculeNet_HIV,True
Cc1oc2nc(N(C)C)nc(NN)c2c1C,5.834734541966025,1841,5.2864224119991485,hiv_36108,MoleculeNet_HIV,True
Cn1c2c(c3ccccc31)C1CCCCC1C1C(=O)NC(=O)C21,5.834517253685741,1842,5.30749309525001,hiv_12689,MoleculeNet_HIV,True
O=C1Oc2ccccc2NC1=CC(=O)c1ccc(Cl)cc1,5.834218932781852,1843,5.303261168971859,hiv_34666,MoleculeNet_HIV,True
O=C1NC(=O)C2C1c1[nH]c3ccccc3c1C1CCCC12,5.833821114995352,1844,5.324629424070264,hiv_12687,MoleculeNet_HIV,True
C=CC1(O)CCCC2(C)C(=O)CCC12C,5.833691773993953,1845,5.19615466522273,hiv_28522,MoleculeNet_HIV,True
CCN(CC)Cc1c(OC)ccc2[nH]c3c4ccc(Cl)cc4ncc3c12,5.83364120718055,1846,5.191814171201801,hiv_8393,MoleculeNet_HIV,True
CCN1CCC(O)(c2ccc(Oc3ccccc3)cc2)C(C(=O)c2ccc(Oc3ccccc3)cc2)C1.Cl,5.833404624279767,1847,5.3001621602770586,hiv_34486,MoleculeNet_HIV,True
C=CC1(C)CCC2C(=CCC3C(C)(COC4OC(C(=O)O)C(O)C(O)C4O)C(O)CCC23C)C1.C=CC1(C)CCC2C(=CCC3C2(C)CC(O)C(O)C3(C)COC2OC(C(=O)O)C(O)C(O)C2O)C1,5.8332974209158746,1848,5.184286012849365,hiv_7602,MoleculeNet_HIV,True
CC(=O)OC(C)(C)C=CC(=O)C(C)(O)C1C(O)CC2(C)C3CC=C4C(CC(O)C(=O)C4(C)C)C3(C)C(=O)CC12C,5.83298196088376,1849,5.218501373544614,hiv_1610,MoleculeNet_HIV,True
O=C1[OH+][Co-4]23(NCCN2)(NCCN3)[OH+]1.[O-]C(O)=[OH+],5.8329591081799705,1850,5.220967268085072,hiv_14511,MoleculeNet_HIV,True
COc1ccc(C(=O)CC(c2ccccc2)C2C(c3ccc(OC)cc3)=Nc3c(nc(SC)n(C)c3=O)NC2c2ccccc2)cc1,5.832945834920309,1851,5.507737399232652,hiv_36328,MoleculeNet_HIV,True
N#Cc1cc2cc3c4c(c2oc1=O)CCCN4CCC3,5.832863835153663,1852,5.193864865951452,hiv_8190,MoleculeNet_HIV,True
Cc1ccc2c(c1)C(=O)C(=C1CCc3ccc(C)cc31)C2,5.832702173187587,1853,5.226312730311988,hiv_31842,MoleculeNet_HIV,True
CC(=O)OC1CCC2(C)C(CCC3C2CCC2(C)C(C(C)CCc4nc5cc(C)ccc5[nH]4)CCC32)C1,5.832686919152844,1854,5.404817428817895,hiv_36137,MoleculeNet_HIV,True
Oc1ccc(Cl)cc1C1=NC(N=Cc2ccccc2)=NC(c2ccccc2)C1,5.832340132123907,1855,5.449639013805841,hiv_35973,MoleculeNet_HIV,True
Cc1cc2c(ccc3c(C)cc(=O)oc32)o1,5.832044116061335,1856,5.201135456427821,hiv_13069,MoleculeNet_HIV,True
Cc1cc2c(c3ncccc13)OCN(Cc1ccc(Cl)c(Cl)c1)C2,5.832014919608323,1857,5.132898905562854,hiv_7003,MoleculeNet_HIV,True
COc1cc(-c2cc(-c3cc([N+](=O)[O-])c(C=NNC(=O)c4ccncc4)o3)ccc2OC)ccc1C,5.831988912650646,1858,5.084982618390271,hiv_21502,MoleculeNet_HIV,True
O=c1[nH]c(=O)n(C2OC(CO)C(O)C2O)cc1OCCc1ccccc1,5.831843265220491,1859,5.241709923814578,hiv_28821,MoleculeNet_HIV,True
CC1=CSC2=NCCCCN12,5.831726898963549,1860,5.190498260455706,hiv_7555,MoleculeNet_HIV,True
CSC1=Nc2cc3c(cc2C(=O)N2CC(O)CC12)OCO3,5.831696404554065,1861,5.3790978913854905,hiv_10202,MoleculeNet_HIV,True
CC(C)N1CN(c2ccccc2)C2(CCN(CCCC(=O)c3ccc(F)cc3)CC2)C1=O.Cl,5.831666511662161,1862,5.470493356080113,hiv_27991,MoleculeNet_HIV,True
COc1cccc(C(C#N)NC23CC4CC(CC(C4)C2)C3)c1,5.831158894951738,1863,5.406298544526654,hiv_14124,MoleculeNet_HIV,True
CCOC(=O)c1c(-c2cc(OC)c(OC)c(OC)c2)csc1NC(=O)c1ccccc1,5.830920430009305,1864,5.391535257462361,hiv_5814,MoleculeNet_HIV,True
CC(C)=CC1CC(=[N+]=[N-])C(=O)C1(C)C,5.830806786700669,1865,5.185841577785932,hiv_21055,MoleculeNet_HIV,True
CCN1OC(C)(C)C2CCC(C)CC21,5.830800753957036,1866,5.196681817900763,hiv_1623,MoleculeNet_HIV,True
O=C1NC(=S)SC1=Cc1ccco1,5.830694766636056,1867,5.2002682965155635,hiv_1097,MoleculeNet_HIV,True
COc1ccc([N+](=O)[O-])cc1NC(=O)c1ccc2c(c1)C(=O)OC2=O,5.830076119306917,1868,5.153505028607426,hiv_6481,MoleculeNet_HIV,True
CCOC(=O)C(=NO)C(=O)CC(C)C,5.829868441241317,1869,5.405635901685286,hiv_1143,MoleculeNet_HIV,True
CC1(C)Nc2cc3c(cc2-n2cccc21)oc1ccccc13,5.829836285722013,1870,5.305953381674272,hiv_8492,MoleculeNet_HIV,True
CCC(C(=O)c1ccc(OC)c(OC)c1)N(C(=O)C(F)(F)F)C(C)c1ccccc1,5.829801829411564,1871,5.382801526428454,hiv_29684,MoleculeNet_HIV,True
CC1CCC2(C(=O)O)CCC3(C)C(=CCC4C5(C)CCC(OS(=O)(=O)c6ccccc6)C(C)(C)C5CCC43C)C2C1C,5.8297737991933465,1872,5.28978809511992,hiv_13815,MoleculeNet_HIV,True
Cc1ccc2c(c1)[nH]c(=S)n2C=C1C(=O)CC(C)(C)CC1=O,5.829769472996406,1873,5.17041813212137,hiv_24838,MoleculeNet_HIV,True
COC(=O)C(=NO)C(C(=O)C=C(C)C)C(=O)C(=O)Nc1nc2ccc([N+](=O)[O-])cc2s1,5.829707082770906,1874,5.407331893191109,hiv_19224,MoleculeNet_HIV,True
CCOC(=O)C1=C(C)NC(=S)NC1c1ccccc1,5.829596598662854,1875,5.306005053043183,hiv_20149,MoleculeNet_HIV,True
CCOC(=O)C1C(=O)CC(C)(O)C(C(=O)OCC)C1c1ccc(N(C)C)cc1,5.829560006161138,1876,5.196589762137542,hiv_33549,MoleculeNet_HIV,True
CCCCN1C(=N)C2(C#N)C(CCC)C(CC)C1C2(C#N)C#N,5.829535908445328,1877,5.19917222054377,hiv_34407,MoleculeNet_HIV,True
COc1cccc(-c2nccc3c(OCc4ccccc4)c(OC)c(OC)cc23)c1,5.829459363143523,1878,5.31958828650952,hiv_13524,MoleculeNet_HIV,True
O=C1C=CC(=O)C(CNc2ccc(C(=O)OC34CC5CC(CC(C5)C3)C4)cc2)=C1,5.82907593256231,1879,5.181995309567341,hiv_34117,MoleculeNet_HIV,True
CNc1ccccc1S(=O)(=O)c1ccccc1C(F)(F)F,5.828841838345192,1880,5.287042112853607,hiv_36848,MoleculeNet_HIV,True
CN1CCN(CCCN2c3ccccc3Sc3ccc(Cl)cc32)CC1,5.8287445336498145,1881,5.339767648336697,hiv_729,MoleculeNet_HIV,True
CCOC1=NC(C(F)(F)F)(C(F)(F)F)N=C(N2CCCCC2)O1,5.828635763271874,1882,5.206442154286263,hiv_30840,MoleculeNet_HIV,True
Cc1ccc(C=C2NC(=[Se])N(C)C2=O)cc1,5.828616736239486,1883,5.198467613004084,hiv_9016,MoleculeNet_HIV,True
Oc1cccc(-c2nc(N3CCOCC3)c3oc4ncccc4c3n2)c1,5.8286017401784775,1884,5.183608801638567,davis_9884685,DAVIS_spike_in,True
COC(=O)C12C(=O)C(C)C(=O)C1(C)C(C)=CC1C3(C=O)CCC(OC(C)=O)C(C)(C)C3CCC12C,5.8282024542273065,1885,5.162122100284885,hiv_39605,MoleculeNet_HIV,True
NC(=O)C(=CN1C(=O)CC(=O)NC1=S)C(N)=O,5.828107356228715,1886,5.201140655955207,hiv_25284,MoleculeNet_HIV,True
COC(=O)C1(OC(=O)Sc2ccccc2)CCN(C)CC1,5.8280814596143795,1887,5.295192533773252,hiv_28065,MoleculeNet_HIV,True
O=C1NC(=O)C(=Cc2ccc(F)cc2)N1,5.827986939162686,1888,5.200980534270027,hiv_2374,MoleculeNet_HIV,True
CC1C(c2ccccc2)[OH+][B-](c2ccccc2)(c2ccccc2)N1C,5.827947771301492,1889,5.287814898279613,hiv_28993,MoleculeNet_HIV,True
CCCCN(CCCC)C1=Nc2ccccc2-n2c(nnc2C(=O)OCC)C1,5.827609074237907,1890,5.425412823670835,hiv_31015,MoleculeNet_HIV,True
Oc1cc(NCC2CCCCC2)nc(O)n1,5.827553394252995,1891,5.167003571829878,hiv_32804,MoleculeNet_HIV,True
C=C(CCCCOCOCCOC)[Si](C)(C)C,5.827178714627222,1892,5.157754379871634,hiv_10735,MoleculeNet_HIV,True
C=C(CCCCCOCOCCOC)[Si](C)(C)C,5.827178714627222,1893,5.157754379871634,hiv_16030,MoleculeNet_HIV,True
O=C(O)c1ccc(NNC(=O)c2cccc3c(=O)c4ccccc4[nH]c23)cc1,5.826947592421669,1894,5.218878547865918,hiv_32730,MoleculeNet_HIV,True
CCOC(=O)NC(=O)c1cn(C(CC)COC(=O)NCCCCCCNC(=O)OCC(CC)n2cc(C(=O)NC(=O)OCC)c(=O)[nH]c2=O)c(=O)[nH]c1=O,5.826756309574909,1895,5.400615577923092,hiv_14528,MoleculeNet_HIV,True
O=C(c1cccs1)N(C(=S)N1CCN(c2ccccc2)CC1)C1CCCCC1,5.826282648932879,1896,5.279458772957989,hiv_24505,MoleculeNet_HIV,True
COc1ccc(I)c(CCC(C(=O)O)C2=CCC3(CC2)OCCO3)c1.[LiH],5.826282150070467,1897,5.382831267717427,hiv_16104,MoleculeNet_HIV,True
C=C1C(=O)OC2CC3(COC(C)=O)C=COC=C(COC(=O)C(C)C)C3CC12,5.826233585405964,1898,5.410685564094466,hiv_32515,MoleculeNet_HIV,True
CN(C)C1C(O)=C(C(=O)NC[N+]23CCO[B-]2(c2ccc(Cl)cc2)OCC3)C(=O)C2(O)C(O)=C3C(=O)c4c(O)cccc4C(C)(O)C3CC12,5.826045201073536,1899,5.181226118430013,hiv_8305,MoleculeNet_HIV,True
CC(=O)C(=CNC(=S)c1cccnc1)C(=O)Nc1ccccc1C,5.825954161312432,1900,5.28811981342348,hiv_25292,MoleculeNet_HIV,True
CCCC(=O)Oc1c(Cl)cc(C(=CCCC2CCC3(C)C(CCC4C3CCC3(C)C(C(C)CCCC(C)C)CCC43)C2)c2cc(Cl)c(OC(=O)CCC)c(C(=O)O)c2)cc1C(=O)O.[NaH],5.825852864747091,1901,5.402652762656789,hiv_34291,MoleculeNet_HIV,True
COc1c(O)c2c(c(O)c1C(C)C)C(=O)C(O)=C1C(C)(C)CCCC12C,5.8257316831968735,1902,5.40451482373725,hiv_21743,MoleculeNet_HIV,True
COC(O)C(=O)c1c2c(cc3c1CCC3)CCC2,5.825643442493869,1903,5.405389725883716,hiv_30104,MoleculeNet_HIV,True
COC(O)C(=O)c1c2c(cc3c1CCC3)CCCC2,5.825643442493869,1904,5.405389725883716,hiv_30100,MoleculeNet_HIV,True
N#CC(=C1N=C(c2ccccc2O)Oc2ccccc21)c1ccc([N+](=O)[O-])cc1,5.82562135136711,1905,5.466335269237455,hiv_35821,MoleculeNet_HIV,True
CCOP(=O)(OCC)C(c1ccc(F)cc1)N(C(=O)NC(F)(F)F)c1ccc(F)cc1,5.825611881458992,1906,5.398741780853386,hiv_32506,MoleculeNet_HIV,True
COC=C1C(=O)OC(C)(C)OC1=O,5.82545322830118,1907,5.172403274612,hiv_26901,MoleculeNet_HIV,True
CCOC(=O)C(NC(=O)c1ccccc1)(N1CCN(c2cc3c(cc2F)c(=O)c(C(=O)O)cn3CC)CC1)C(F)(F)F,5.825441998451031,1908,5.252147450912219,hiv_31885,MoleculeNet_HIV,True
CCOC(=O)C1N(S(=O)(=O)c2ccc(C)cc2)CCC12C(c1ccc(OC)cc1)NC1CCCCC12,5.8253721257910085,1909,5.195966074741341,hiv_13398,MoleculeNet_HIV,True
CC1N=NC([S-])=NC1=O.[Cl-].[Pt],5.825243130560709,1910,5.370525313164839,hiv_35172,MoleculeNet_HIV,True
O=C1NC(=S)NC1=Cc1cccs1,5.825211275600603,1911,5.20218871841908,hiv_35362,MoleculeNet_HIV,True
CN1C2CCC1CC1(C2)SCCS1,5.825180528310606,1912,5.432267422187164,hiv_4800,MoleculeNet_HIV,True
O=C1CSc2ccncc2N1,5.825173741420547,1913,5.147883239091295,hiv_22175,MoleculeNet_HIV,True
Cc1nn(C)c2c1NC(=O)CS2,5.824931446928491,1914,5.203246892010866,hiv_5114,MoleculeNet_HIV,True
CON1C(=O)C2(CCCCC2)C(=O)C12C=CC(C)CC2,5.82489835449279,1915,5.162122100284885,hiv_19916,MoleculeNet_HIV,True
CCOC(=O)C(C)OC(=O)C(C)(NC(=O)c1ccccc1C(=O)OC)C1NC=C(C(=O)OC)CS1,5.824776796583862,1916,5.399108871950917,hiv_35343,MoleculeNet_HIV,True
C#CCSc1nnnn1-c1ccc(Br)c(C)c1,5.824719733157407,1917,5.123644794389927,hiv_8374,MoleculeNet_HIV,True
Cc1cc(N(CCC#N)CCC#N)ccc1C=C1N=C(C=Cc2ccccc2)N(c2ccc(S(N)(=O)=O)cc2)C1=O,5.8246867725305735,1918,5.464880463795893,hiv_20856,MoleculeNet_HIV,True
Sc1ccc(Nc2c3ccccc3nc3ccccc23)cc1,5.824414662085784,1919,5.294407193313611,hiv_6915,MoleculeNet_HIV,True
Cc1nc(Nc2ccc(Cl)c(Cl)c2)sc1C(=O)C=Cc1ccc2c(c1)OCO2,5.824335248262242,1920,5.206776325626691,hiv_25148,MoleculeNet_HIV,True
CCN(CC)c1ccc2nc3c4ccccc4c(=O)cc-3n(-c3ccccc3)c2c1,5.824322222936122,1921,5.24755474926635,hiv_677,MoleculeNet_HIV,True
Cc1nc2ccc(Br)cc2c(=O)n1-c1nnc(C(C)(C)C)s1,5.824299556014235,1922,5.145719998474817,hiv_26965,MoleculeNet_HIV,True
CC(CCC1(C)C(=O)CCC2OC21C)C1CC(c2ccoc2)OC1=O,5.823968539294982,1923,5.396467418793353,hiv_28652,MoleculeNet_HIV,True
CCCC[Sn]1(CCCC)OCC(CN2CCCC2)O1,5.823872293523953,1924,5.176072765471509,hiv_15725,MoleculeNet_HIV,True
COC(=O)NCC1OCc2cc3c(cc2C12C=CCCC2)OCO3,5.823817582916279,1925,5.1741797900329685,hiv_15878,MoleculeNet_HIV,True
COc1ccc(C2SC(C)C(=O)N2c2nc(-c3nc(-c4ccc(Cl)cc4)cs3)cs2)cc1,5.823814190472972,1926,5.150131908575841,hiv_24612,MoleculeNet_HIV,True
c1ccc(-c2cc(Nc3ccc4c(c3)OCO4)c3cc(C4CCCCC4)ccc3n2)cc1,5.823739761344831,1927,5.278615474477985,hiv_9418,MoleculeNet_HIV,True
COC1C=CC=C(C)C(=O)NC2=CC(=O)C=C(C2=O)C(OC)C(C)CC(OC)C(OC)C(C)C=C(C)C1OC(N)=O,5.823512002106825,1928,5.192110343325797,hiv_7685,MoleculeNet_HIV,True
O=S(=O)(O)c1ccc(NN(c2c(O)ccc3ccccc23)S(=O)(=O)O)cc1,5.823441652360947,1929,5.249046865038649,hiv_441,MoleculeNet_HIV,True
CCC#CC(O)(C(=O)OC1CN2CCC1CC2)C1CCCC1,5.823430069940096,1930,5.178588692967127,hiv_27994,MoleculeNet_HIV,True
O=C(c1ccccc1)C1Nc2ccc(Cl)cc2C2c3ccccc3OC12,5.82282360684776,1931,5.219099989187938,hiv_19767,MoleculeNet_HIV,True
CC1(C)Cc2c(C#N)c(N)c3c(c2CO1)C(=O)OC3=O,5.822334406356086,1932,5.196967780060729,hiv_23780,MoleculeNet_HIV,True
CCC1OC2C(CC=C(C)C)=C3OC(C)(O)C(C)(CC)C(OC(C)=O)C3=C3OC(=O)C=C1C32,5.822055652687596,1933,5.1943583687335115,hiv_39247,MoleculeNet_HIV,True
C(=CC(Sc1ccccc1)c1ccccc1)NNC1=NC(c2ccccc2)C(c2ccccc2)=NN1,5.8220177397120905,1934,5.435202489830041,hiv_18804,MoleculeNet_HIV,True
CN1CCN(C(=S)N(C)C(=O)c2ccco2)CC1,5.822007229821218,1935,5.142339932543739,hiv_24494,MoleculeNet_HIV,True
COc1cc2nc(NCCCCCNC(=O)c3ccco3)nc(N)c2cc1OC.Cl,5.8217837222445485,1936,5.214973301447917,hiv_14775,MoleculeNet_HIV,True
CC(NC(=O)C(=O)NN=C1CC(c2ccccc2)Oc2ccccc21)c1ccccc1,5.821717171433742,1937,5.449702616576686,hiv_11306,MoleculeNet_HIV,True
Cl.O=C(CCCN1CCc2[nH]c3cc(F)ccc3c2C1)c1ccc(F)cc1,5.8217144695827985,1938,5.410105890556479,hiv_27762,MoleculeNet_HIV,True
O=C1N=C2C=CC=CN2CC1O,5.821214114982126,1939,5.36185161259281,hiv_5434,MoleculeNet_HIV,True
CC(C)(C)C1=CC(=Cc2cc(C(C)(C)C)c(O)c(C(C)(C)C)c2)C=C(C(C)(C)C)C1=O,5.82108083084243,1940,5.200933506329388,hiv_3013,MoleculeNet_HIV,True
CCOC(=O)C1(C#N)C2(C#N)C(=N)NC(ON=C(C)C)(ON=C(C)C)C21C#N,5.820988429069902,1941,5.212285047052387,hiv_39724,MoleculeNet_HIV,True
O=NC1C(Cl)C2CC1C1C(Br)C(Br)CC21,5.820947859383146,1942,5.294456529839516,hiv_5331,MoleculeNet_HIV,True
CC(C)(Oc1ccc2c(=O)cc(-c3ccccc3)oc2c1)C(=O)N1CCN(c2ccccc2)CC1,5.820785740355095,1943,5.3019126603927536,hiv_26563,MoleculeNet_HIV,True
CC1(c2ccc(Cl)cc2)C2C(=O)NC(=O)C1C(=O)NC2=O,5.820487636145292,1944,5.1934926880807755,hiv_17048,MoleculeNet_HIV,True
CCOC(=O)c1cc2c(C(=O)c3ccc([N+](=O)[O-])cc3)c(C(C)=O)ccc2[nH]1,5.820330552573763,1945,5.1672876654632995,hiv_35992,MoleculeNet_HIV,True
Cc1cn(C2CC(N=[N+]=[N-])C(COC(=O)C3C(C#N)CC4C5CCC6=CC(=O)C=CC6(C)C5C(O)CC43C)O2)c(=O)[nH]c1=O,5.820294956318063,1946,5.15537569942988,hiv_18989,MoleculeNet_HIV,True
CCOc1ccc(C=C2NC(=S)N(C=C3C(=O)Oc4ccccc4C3=O)C2=O)cc1,5.819944654786526,1947,5.315030438048484,hiv_24797,MoleculeNet_HIV,True
COc1cc(OC)c(C=C2N=C(C)N(Nc3nnc(NN4C(=O)C(=Cc5c(OC)cc(OC)cc5OC)N=C4C)c4ccccc34)C2=O)c(OC)c1,5.819738206368534,1948,5.380709208110145,hiv_23936,MoleculeNet_HIV,True
O=C1CCSc2nc(-c3ccc4c(c3)OCO4)nn21,5.819733737869579,1949,5.1935019288042845,hiv_26700,MoleculeNet_HIV,True
COc1ccc(C2OCC3OC(n4cc(C)c(=O)[nH]c4=O)CC3N2O)cc1,5.819620854407694,1950,5.162119604537753,hiv_38630,MoleculeNet_HIV,True
CC(=O)c1c2c(cc3c1CC1(Cc4cc5c(cc4C1)C(=O)CCC5)C3)CCCC2,5.81961846510478,1951,5.195970344246905,hiv_30183,MoleculeNet_HIV,True
CC1(C)C2CCC(C2)C1C=C1SC(=S)NC1=O,5.819479166051688,1952,5.1934926880807755,hiv_8790,MoleculeNet_HIV,True
Cn1c(=O)n2n(c1=O)C1C3C4C3C3C5(COCC135)C42,5.819451068800263,1953,5.186675360335569,hiv_6777,MoleculeNet_HIV,True
CC(C)CCCC(C)C1CCC2C3CCC4CC(O)(C(c5cc(Cl)c(O)c(C(=O)O)c5)c5cc(Cl)c(O)c(C(=O)O)c5)CCC4(C)C3CCC12C.N,5.819281621722036,1954,5.391915818940001,hiv_26795,MoleculeNet_HIV,True
CC(C)CC(NC(=O)CNC(=O)C(CC(C)C)NC(=O)C(Cc1cnc[nH]1)NC(=O)C(CC(N)=O)NC(=O)C1CCCN1C(=O)C(C)NC(=O)C(Cc1ccc(O)cc1)NC(=O)C(C)NC(=O)C1CCCN1C(=O)C(CCC(=O)O)NC(=O)C(CC(=O)O)NC(=O)C(Cc1ccccc1)NC(=O)C(CC(N)=O)NC(=O)C(C)N)C(=O)O,5.819228290191596,1955,5.550658741486505,hiv_15507,MoleculeNet_HIV,True
O=[N+]([O-])c1ccc(Nc2nnc(-c3ccc(Cl)cc3Cl)s2)cc1,5.819218737097612,1956,5.119697499040568,hiv_11541,MoleculeNet_HIV,True
CC(c1ccccc1)N1CC(C)(c2ccccc2)N(O)C(c2ccccc2)C1C,5.819148889107735,1957,5.453000603488858,hiv_21104,MoleculeNet_HIV,True
CC(C)C1CCC2(C)CC3C(CO)CC(O)C3C(C)(O)CC=C12,5.819053107687303,1958,5.40201957074204,hiv_26333,MoleculeNet_HIV,True
C(=Nc1ccc(C2=NCCN2)cc1)c1ccc(C=Nc2ccc(C3=NCCN3)cc2)cc1,5.818952122648627,1959,5.332505500601958,hiv_2157,MoleculeNet_HIV,True
Cc1ccsc1C=NNC1=NCCN1,5.818827124551124,1960,5.213198821862178,hiv_35254,MoleculeNet_HIV,True
CCN(CC)CCCC(C)Nc1ccnc2cc(F)ccc12.CCN(CC)CCCC(C)Nc1ccnc2cccc(F)c12,5.818637802398157,1961,5.402976547108472,hiv_2312,MoleculeNet_HIV,True
Nc1cc(-c2ccc(Cl)cc2)nn1-c1nnc2c(n1)[nH]c1ccccc12,5.818425842537296,1962,5.260021320691983,hiv_10092,MoleculeNet_HIV,True
Cc1cn(C(CO)OC(CO)CN(O)C2C3CC4CC(C3)CC2C4)c(=O)[nH]c1=O,5.818382962323485,1963,5.395335259775357,hiv_24603,MoleculeNet_HIV,True
CCOC(=O)C1=C(Nc2ccc(NC3=C(C(=O)OCC)C(=O)CS3)cc2)SCC1=O,5.818357802369625,1964,5.195825266599787,hiv_11402,MoleculeNet_HIV,True
C=C1C(=O)OC2CC(C)C3C(O)CC(O)C3(C)CC12,5.818121785546822,1965,5.185814246293971,hiv_16106,MoleculeNet_HIV,True
N#Cc1c(-c2ccccc2)c(C#N)c(=S)n(C2OC(CO)C(O)C(O)C2O)c1O,5.817725238151787,1966,5.275436116795699,hiv_33224,MoleculeNet_HIV,True
CC1=CC2OC3CC(OC(=O)C=CC=CC(OCCC4=CC(=O)OC4)C(C)O)C(C)(C2(CO)CC1)C31CO1,5.81768044504267,1967,5.42861185952999,hiv_8022,MoleculeNet_HIV,True
CCCCc1ccc(Nc2nc(Cl)c3c(ncn3COCCOC(C)=O)n2)cc1,5.817207482903559,1968,5.130547177695357,hiv_34306,MoleculeNet_HIV,True
O=Cc1c2c(cc3c1CC1(C3)Cc3cc4c(c(C=O)c3C1)CCCC4)CCCC2,5.817185017321365,1969,5.195970344246905,hiv_30185,MoleculeNet_HIV,True
CC1(C)CC2(C)CC1CC2NC(=O)CCN1CCOCC1,5.81699426041118,1970,5.216908972998978,hiv_24470,MoleculeNet_HIV,True
Cc1cc2c(cc1Cl)SC(NN(C)C)=NS2(=O)=O,5.816578823810819,1971,5.193574984355149,hiv_26509,MoleculeNet_HIV,True
CCOC(=O)C1Oc2ccc([N+](=O)[O-])c3c2C1(O)CCC3,5.816239300540385,1972,5.205372869780836,hiv_11921,MoleculeNet_HIV,True
CCOC(=O)c1cnc2[nH]ccn2c1=O,5.816229676499853,1973,5.202809051367202,hiv_25448,MoleculeNet_HIV,True
CCOC(=O)CN1C(=O)NC(C)(c2ccccc2)C1=O,5.816187313405895,1974,5.326063840874482,hiv_36145,MoleculeNet_HIV,True
Cc1c(-c2coc(-c3ccc(Cl)cc3)n2)c(=O)n(-c2ccccc2)n1C,5.816141195534333,1975,5.311286799320772,hiv_22811,MoleculeNet_HIV,True
Nc1nc(SC2CCCCC2)nc2c1ncn2C1OC(CO)C(O)C1O,5.815987796586827,1976,5.17567630385019,hiv_30147,MoleculeNet_HIV,True
Cc1cc(S(=O)(=O)Nc2nc(Nc3ccc4ccccc4c3)n[nH]2)c(S)cc1Cl,5.815642598638486,1977,5.320547858757569,hiv_28613,MoleculeNet_HIV,True
CCOC(=O)C12CCCC1(O)N(NC(=O)c1cccc(Cl)c1)C(C)=C2C(=O)OC,5.815058354588837,1978,5.187348805971149,hiv_17874,MoleculeNet_HIV,True
COc1ccc(C(=NO)c2ccccc2-c2nc3ccccc3c(=O)n2-c2ccc(S(=O)(=O)Nc3nccs3)cc2)cc1C,5.8150449149272525,1979,5.211165670208149,hiv_31309,MoleculeNet_HIV,True
CSC1(C)CC2C(CC1N1CCOCC1)C2(C)C,5.814990953276817,1980,5.187222011046772,hiv_24308,MoleculeNet_HIV,True
CC1CC(=O)N(N(C)C)C(C#N)(C#N)C1(C#N)C#N,5.814106724192977,1981,5.185873490895616,hiv_34403,MoleculeNet_HIV,True
CN1C(=O)C23SSC1(C)C(=O)N2c1ccccc1C3(C)C,5.814077019857651,1982,5.284858424510922,hiv_7341,MoleculeNet_HIV,True
CCCCC1SC2=NCCN2C1(O)c1ccc(Cl)cc1,5.8139312583466625,1983,5.199231465145415,hiv_8038,MoleculeNet_HIV,True
N#Cc1c(N2CCCC2)ncn(Cc2ccccc2)c1=S,5.813908800317659,1984,5.236181387432893,hiv_32107,MoleculeNet_HIV,True
CC1=C(C2=C(C)C(=O)c3c(c(C=O)c(O)c(O)c3C(C)C)C2=O)C(=O)c2c(C=O)c(O)c(O)c(C(C)C)c2C1=O,5.813631342804019,1985,5.417479383718744,hiv_23198,MoleculeNet_HIV,True
CCOC(=O)C1(c2ccccc2)CCN(CC(=O)c2ccccc2)CC1,5.813530742575461,1986,5.310416003112212,hiv_953,MoleculeNet_HIV,True
CC(=O)C(C(c1ccccc1)N1CCCc2ccccc21)N1CCOCC1,5.813372141874594,1987,5.332760782285537,hiv_2087,MoleculeNet_HIV,True
CC(C)CCCC(C)C1CCC2C3CCC4CC(NC(=O)C=C(c5cc(Cl)c(O)c(C(=O)O)c5)c5cc(Cl)c(O)c(C(=O)O)c5)CCC4(C)C3CCC12C.N,5.813325100359661,1988,5.387914937518163,hiv_39604,MoleculeNet_HIV,True
CC(C)CCCC(C)C1CCC2C3CCC4CC(NC(=O)CC=C(c5cc(Cl)c(O)c(C(=O)O)c5)c5cc(Cl)c(O)c(C(=O)O)c5)CCC4(C)C3CCC12C.N,5.813325100359661,1989,5.387914937518163,hiv_40944,MoleculeNet_HIV,True
Cc1cc2nn(C3CCCCO3)nc2cc1C,5.813131581389299,1990,5.1829011129705576,hiv_34646,MoleculeNet_HIV,True
O=C(OCC12CC3CC(CC(C3)C1)C2)c1ccc(NCc2cc(O)ccc2O)cc1,5.813017301108699,1991,5.183032891965017,hiv_37298,MoleculeNet_HIV,True
O=C(OC12CC3CC(CC(C3)C1)C2)c1ccc(NCc2cc(O)ccc2O)cc1,5.813017301108699,1992,5.183032891965017,hiv_33806,MoleculeNet_HIV,True
CC(C)N1C(C)C(c2ccccc2)OP1(=O)C=CCC1CC(=O)CCN1Cc1ccccc1,5.812932779044312,1993,5.419132407948317,hiv_12821,MoleculeNet_HIV,True
COc1ccc2cc1-c1cc(ccc1O)CC1NCCc3cc4c(cc31)Oc1c(c(OC)c(OC)c3c1C(C2)N(C)CC3)O4,5.812914118418848,1994,5.19949563687795,hiv_15130,MoleculeNet_HIV,True
CCOC(=O)CC(C)CCO,5.812897524554382,1995,5.405635901685286,hiv_10696,MoleculeNet_HIV,True
COP1(=O)OCC(C)(C)CO1,5.812876873095223,1996,5.168204921667882,hiv_21085,MoleculeNet_HIV,True
c1ccc2c(c1)Cc1cn3ncnc3nc1-2,5.812824363319468,1997,5.198770333170592,hiv_37472,MoleculeNet_HIV,True
CCOC1OC(c2ccccc2)=NS(=O)(=O)C1(C)C,5.812460049101515,1998,5.297985908930114,hiv_5883,MoleculeNet_HIV,True
O=C(Nc1ncnc2c1ncn2C1CC(OC(=O)c2ccc([N+](=O)[O-])cc2)C(COC(=O)c2ccc([N+](=O)[O-])cc2)O1)c1ccccc1,5.812396105077235,1999,5.273235185994218,hiv_2097,MoleculeNet_HIV,True
CC(C)C1=CC(=O)C(C)(C2=NC(C)(C)CO2)c2ccccc21,5.812003012001638,2000,5.460319324764149,hiv_20302,MoleculeNet_HIV,True
Cn1c2ccccc2c2ccc3c(c21)C(=O)c1ccc2c4ccccc4n(C)c2c1C3=O,5.811987756564376,2001,5.26828406462024,hiv_24668,MoleculeNet_HIV,True
CN1Cc2ccccc2C2(COc3ccccc3C2=O)C1,5.811949954246426,2002,5.293620155929796,hiv_13024,MoleculeNet_HIV,True
CCC(=O)N(c1ccccc1)C1CCN(CCc2cccs2)CC1,5.811902863375699,2003,5.311607488746335,hiv_27967,MoleculeNet_HIV,True
O=c1c(=Cc2ccccn2)sc2nc3cc4c(cc3n12)OCCO4,5.8118629841398075,2004,5.23878640819779,hiv_39779,MoleculeNet_HIV,True
CCN1CC2(OC(=O)c3ccccc3NC(C)=O)CCC(OC)C34C1C(CC23)C1(O)CC(OC)C2CC4C1(O)C2OC,5.811387038018609,2005,5.286196704157569,hiv_7665,MoleculeNet_HIV,True
CC(=O)NC1C(OCc2ccccc2)OC(CO)C(O)C1OC(C)C(=O)NC(C(=O)NC(CCC(=O)NCCCCNc1c2ccccc2nc2cccc([N+](=O)[O-])c12)C(N)=O)C(C)C,5.811140891212246,2006,5.427524222700507,hiv_39619,MoleculeNet_HIV,True
CC(CCC(=O)O)(c1ccc(O)c(CN(c2ccccc2)c2ccccc2)c1)c1ccc(O)c(CN(c2ccccc2)c2ccccc2)c1,5.811000707255674,2007,5.286653524940357,hiv_1687,MoleculeNet_HIV,True
O=C(O)CCSCc1cc(C(=O)Nc2ccc(C=Cc3ccc(NC(=O)c4cc(CSCCC(=O)O)c5ccccc5c4O)cc3S(=O)(=O)O)c(S(=O)(=O)O)c2)c(O)c2ccccc12.[NaH],5.8109405708256086,2008,5.2264115071656825,hiv_32139,MoleculeNet_HIV,True
O=C(O)c1cc2sc(C(=O)O)cc2s1,5.810922238010006,2009,5.178381944413927,hiv_12163,MoleculeNet_HIV,True
CCc1cc2c(c3c1CCCC3=O)CC1(C2)Cc2cc(CC)c3c(c2C1)C(=O)CCC3,5.81088623027075,2010,5.206277920316077,hiv_30072,MoleculeNet_HIV,True
CSc1cc2[n+]3c(c1)-c1cccc[n+]1[Ni-4]314([n+]3ccccc3-2)[n+]2ccccc2-c2cc(SC)cc([n+]21)-c1cccc[n+]14.[O-][Cl+3]([O-])([O-])[O-],5.810863217448409,2011,5.292278048195401,hiv_32573,MoleculeNet_HIV,True
O=c1[nH]c(=O)n(C2OC(CO)C(O)C2O)cc1OCCCc1ccccc1,5.810841278714623,2012,5.241709923814578,hiv_28822,MoleculeNet_HIV,True
CCOC(=O)C(Cc1cc(=O)n(C)c2ccccc12)=NNc1ccc([N+](=O)[O-])cc1[N+](=O)[O-],5.810719254902618,2013,5.209438181351287,hiv_4915,MoleculeNet_HIV,True
CCCCCCCCCCCCCCCCCCOCC(C[N+]1(C)CCC(O)CC1)OCC.[Br-],5.810689652685523,2014,5.389385569566429,hiv_21840,MoleculeNet_HIV,True
NNc1cnnc(O)c1Cl,5.810603570856515,2015,5.241482681851393,hiv_2318,MoleculeNet_HIV,True
CN(C)C1C(O)=C(C(=O)NCN2CCCC2)C(=O)C2(O)C(O)=C3C(=O)c4c(O)cccc4C(C)(O)C3CC12,5.810313128907473,2016,5.18732180831391,hiv_1631,MoleculeNet_HIV,True
CC1(C)OC(=O)C(c2cccs2)C(=O)O1,5.810061879339547,2017,5.186989782440575,hiv_19849,MoleculeNet_HIV,True
CC(C)C(=S)N(C)O,5.809951207022784,2018,5.434466953912607,hiv_21035,MoleculeNet_HIV,True
CCOC(=O)C1CCN2CN(c3ccc(OC)cc3)N=C(c3ccccc3)C12c1ccccc1,5.809806206443486,2019,5.298988332505626,hiv_39680,MoleculeNet_HIV,True
O=C(CCCCCCCCC(=O)NN1C(=O)C(=Cc2ccc(O)c(O)c2)SC1c1c(O)ccc2ccccc12)NN1C(=O)C(=Cc2ccc(O)c(O)c2)SC1c1c(O)ccc2ccccc12,5.809023557743054,2020,5.278352789946256,hiv_39547,MoleculeNet_HIV,True
C=C1C(=O)OC2CC3(C)OC3CCC(C)=CC(OC(C)=O)C12,5.809016183782812,2021,5.186675360335569,hiv_911,MoleculeNet_HIV,True
O=C1CC(=O)NC(NN2C(=O)C(=Cc3ccc(Cl)cc3)N=C2c2ccccc2)=N1,5.808972661768943,2022,5.4683815930250015,hiv_36772,MoleculeNet_HIV,True
N=c1[nH]n2c(C(Br)Br)cc(C(Br)Br)nc2c1[N+](=O)[O-],5.8089198388888095,2023,5.42574678978173,hiv_31659,MoleculeNet_HIV,True
CC1CC(C)(C)S(=O)(=O)O1,5.808709742070068,2024,5.185814246293971,hiv_3035,MoleculeNet_HIV,True
COc1ccc(CCN(C)C2CCC(C#N)(c3ccc(OC)c(OC)c3)CC2)cc1OC.Cl,5.808650029949034,2025,5.071344214549212,hiv_21763,MoleculeNet_HIV,True
CC1=CC(=O)C(=CN2CCNC2=S)C(=O)O1,5.808564484380962,2026,5.213471199797893,hiv_24868,MoleculeNet_HIV,True
CC(=O)n1nc(C)c(-c2onc3ccc(Cl)cc23)c1C,5.8085351886049725,2027,5.197112409188807,hiv_7171,MoleculeNet_HIV,True
O=c1nc(SSc2ccn(C3OC(CO)C(O)C3O)c(=O)n2)ccn1C1OC(CO)C(O)C1O,5.808206514531051,2028,5.172159030209017,hiv_32939,MoleculeNet_HIV,True
COc1cc(C2C3=C(N=C4SC(C(C)=O)=C(C)N42)c2ccccc2CC3)cc(OC)c1OC,5.808073205688419,2029,5.440063375939507,hiv_34811,MoleculeNet_HIV,True
CCOC(=O)C1=C(C)N(C2OC(COC(=O)c3ccccc3)C(OC(=O)c3ccccc3)C2OC(=O)c2ccccc2)C(=S)NC1c1ccccc1,5.807950904483823,2030,5.294022213797503,hiv_20153,MoleculeNet_HIV,True
COc1cccc2c(=O)c3c(n(C)c12)OC(C(C)C)C3,5.807810110591168,2031,5.412670540450864,hiv_2826,MoleculeNet_HIV,True
N#Cc1nc(COCCOCc2ccc(F)cc2)oc1N,5.80776967102974,2032,5.676801933218662,hiv_36693,MoleculeNet_HIV,True
CCC1=NC(NN=Cc2ccco2)=NC1=Cc1ccccc1O,5.807230481691001,2033,5.475283318495544,hiv_39710,MoleculeNet_HIV,True
Cc1cccc(C(O)c2ccncc2)c1O,5.807009127871592,2034,5.370990131880936,hiv_32545,MoleculeNet_HIV,True
CN(C)C1C(O)=C(C(N)=O)C(=O)C2(O)C(O)=C3C(=O)c4c(O)cccc4C(C)(O)C3C(O)C12,5.806770045067853,2035,5.1867731818272205,hiv_430,MoleculeNet_HIV,True
O=S(=O)(c1ccc(NC2=NC(c3ccc(O)cc3)(c3ccccc3O)c3ccccc32)cc1)c1ccc(NC2=NC(c3ccc(O)cc3)(c3ccccc3O)c3ccccc32)cc1,5.806760271475779,2036,5.29777856616501,hiv_38687,MoleculeNet_HIV,True
CC1=C(CO)C(=O)OC(C(C)C2CCC3C4CC5OC56C(O)C(N5CC5)=CC(=O)C6(C)C4CCC23C)C1,5.806688387279411,2037,5.405532029727985,hiv_8230,MoleculeNet_HIV,True
COc1cc2nc3c(nc2cc1OC)-c1ccccc1C3=O,5.806657695814337,2038,5.413187984713538,hiv_4665,MoleculeNet_HIV,True
COC(=O)C1(C)CCCC2(C)C1CCC13OOC(CC21)C1(C(C)C)OC31,5.8066167149954895,2039,5.387144881181801,hiv_5144,MoleculeNet_HIV,True
O=c1oc2cc(=Cc3ccccn3)c(=O)c3cccc1c3-2,5.806314319390378,2040,5.251656257547478,hiv_31185,MoleculeNet_HIV,True
OCCCCCCCCCCCOc1ccc(C2OCC3(CC=CCC3)CO2)cc1,5.806302192134348,2041,5.187123768832005,hiv_38770,MoleculeNet_HIV,True
C[n+]1c(C=NNC(=O)c2ccc(C(=O)NN=Cc3cn4ccccc4[n+]3C)cc2)cn2ccccc21.Cc1ccc(S(=O)(=O)[O-])cc1,5.805857614691143,2042,5.282345545480603,hiv_10398,MoleculeNet_HIV,True
COc1ccc(C=CC(=NNC(=O)NN=C(C=Cc2ccc(OC)cc2)C(C)C)C(C)C)cc1,5.805765485530997,2043,5.411348801763848,hiv_26136,MoleculeNet_HIV,True
CN1CCC2(CC1)SCC1C(=O)N(c3ccc(Cl)cc3)C(=O)N12,5.805727008828108,2044,5.184622540903247,hiv_33050,MoleculeNet_HIV,True
COc1ccc(C2(C3c4cc(OC)c(OC)cc4CCN3C)SCCCS2)cc1O,5.805356011900329,2045,5.114404819642586,hiv_34825,MoleculeNet_HIV,True
NC(Cc1ccc(OCc2ccccc2)cn1)C(=O)O,5.805218262360364,2046,5.44786976774768,hiv_32337,MoleculeNet_HIV,True
NC(Cc1ccc(OCc2ccccc2)cn1)C(=O)OCc1ccccc1,5.805218262360364,2047,5.44786976774768,hiv_32339,MoleculeNet_HIV,True
CCOC(=O)C(Oc1ccc(OC)c2c1C(=O)CCC2)c1ccccc1,5.805139403884789,2048,5.392087439065553,hiv_11979,MoleculeNet_HIV,True
CC(Nc1cc(=O)n(C)c(=O)[nH]1)c1ccccc1,5.80504791991544,2049,5.443602488590184,hiv_32824,MoleculeNet_HIV,True
BrC1=CCC23CC=C(Br)C4CC2(COC3)CC1O4,5.805004589537253,2050,5.185347252478227,hiv_24588,MoleculeNet_HIV,True
CC(=O)OC1C(OC(C)=O)C(OC(C)=O)C2(CO2)C(OC(C)=O)C1OC(C)=O,5.804843460068885,2051,5.187019821241895,hiv_75,MoleculeNet_HIV,True
O=P(N1CC1)(N1CC1)N1CCN(P(=O)(N2CC2)N2CC2)CC1,5.804814043970602,2052,5.184442845197,hiv_2980,MoleculeNet_HIV,True
COC(=O)c1c(CC(Cc2ccc3c(c2)CCCC3)C(=O)O)ccc2c1CCCC2,5.804810782767244,2053,5.372452700355612,hiv_32616,MoleculeNet_HIV,True
O=c1ccn(C2OC(CN(O)CCC3C(CO)OC(n4ccc(=O)[nH]c4=O)C3O)C(O)C2O)c(=O)[nH]1,5.80464696279837,2054,5.179516697036689,hiv_40264,MoleculeNet_HIV,True
CC(c1ccccc1)n1c(N)c(-c2ccccn2)c2ccc([N+](=O)[O-])cc2c1=O,5.804619763070852,2055,5.457291770662187,hiv_37758,MoleculeNet_HIV,True
CN(C)c1c(C2CC(O)C(CO)O2)c(=O)c1=O,5.804278593138991,2056,5.293338063968656,hiv_39129,MoleculeNet_HIV,True
CC1(C)OCC(C2OC3OC(C)(C)OC3C2c2ccccc2)O1,5.804235811244563,2057,5.292799335704541,hiv_30638,MoleculeNet_HIV,True
CCN(CC)CCCn1c(=O)c2cccnc2n2c3c(=O)n(C)c(=O)n(C)c3nc12,5.804021439568768,2058,5.19545138453953,hiv_31964,MoleculeNet_HIV,True
C=CCCCCC1CCC2CCC(CCCC)N12,5.803771836132376,2059,5.198573425233328,hiv_20052,MoleculeNet_HIV,True
CC(C)OC(=O)C=CC(=O)OC=C[N+](=O)[O-],5.803645214160945,2060,5.434692048593098,hiv_40429,MoleculeNet_HIV,True
CCOC1=C2C(C)(CCC3C4(C)C=CC(=O)C(C)(C)C4CC(O)C23C)C(c2ccoc2)C1=O,5.8034642232392395,2061,5.1961566102761685,hiv_18716,MoleculeNet_HIV,True
COc1ccc(C2CC(=O)N3CCCC3N2)cc1,5.80292239940689,2062,5.1740218394153255,hiv_24562,MoleculeNet_HIV,True
CC(C)(C)C1CCC2(N3CCOCC3)C(C#N)CC2C1,5.8027476582763855,2063,5.220730572001633,hiv_8569,MoleculeNet_HIV,True
C=CC1(C)CCC2=C(CCC3C(C)(C(=O)OC)CCCC23C)C1=O,5.802697540661853,2064,5.160125718936509,hiv_21052,MoleculeNet_HIV,True
CSC(SC)=C1CC(=O)Nc2ccccc2C1=O,5.802681107762199,2065,5.337385332822291,hiv_33784,MoleculeNet_HIV,True
CCOC(=O)c1sc2nc(SC)nc3c2c1NCN3C,5.802602353820589,2066,5.197592484128887,hiv_39769,MoleculeNet_HIV,True
CC(=O)Oc1c(OC(C)C)cc(=O)n2ccsc12,5.802586778744584,2067,5.43742923686121,hiv_35676,MoleculeNet_HIV,True
O=C(c1cccs1)N(C(=O)N1CCCCC1)c1ccccc1,5.802519428586464,2068,5.2897126157931424,hiv_37361,MoleculeNet_HIV,True
CC1CC(O)C2(O)C13CC(OC(=O)C3O)C1(O)C(=O)OCC12C,5.802466161511416,2069,5.185814246293971,hiv_15841,MoleculeNet_HIV,True
Cc1n(Cc2ccc([N+](=O)[O-])cc2)c2c([n+]1-c1ccccc1)C(=O)c1ccccc1C2=O,5.802272745500881,2070,5.408896029965979,hiv_1704,MoleculeNet_HIV,True
Cc1cc(=O)oc2c1cc1ccc3cccc4ccc2c1c34,5.802190975775381,2071,5.203435621271588,hiv_11558,MoleculeNet_HIV,True
C=C(c1ccccc1)C1ON(C)CCc2cc(OC)c(OC)cc21,5.80204697766838,2072,5.206910765339232,hiv_31166,MoleculeNet_HIV,True
CC1=CCCC2(C)OC2C2OC(=O)C(C)C2CC1O,5.802040120242931,2073,5.168875311467392,hiv_30946,MoleculeNet_HIV,True
CCOC(=O)c1sc2nc(SC)nc3c2c1NCN3c1ccccc1Cl,5.8019356265348545,2074,5.30446817127554,hiv_39771,MoleculeNet_HIV,True
CC(C)(C)OC(=O)C1C(=O)C(C(=O)OC(C)(C)C)C23CCCCCCCCCCC12C(C(=O)OC(C)(C)C)C(=O)C3C(=O)OC(C)(C)C,5.80185064519215,2075,5.217834171076869,hiv_16381,MoleculeNet_HIV,True
COC1=C(C(=O)OC(C)(C)C)C23CCCCCCCCCCC2(C(C(=O)OC(C)(C)C)=C(OC)C3C(=O)OC(C)(C)C)C1C(=O)OC(C)(C)C,5.80185064519215,2076,5.194142025067784,hiv_16394,MoleculeNet_HIV,True
CN1CCN(C2=[S+][Cu-3]3([S+]=C(N4CCN(C)CC4)[SH+]3)[SH+]2)CC1,5.8018192465421645,2077,5.192135368584709,hiv_10873,MoleculeNet_HIV,True
O=C(c1ccccc1)n1[nH]c(=O)n(-c2ccc(Cl)cc2)c1=O,5.801635073413691,2078,5.3115019399107934,hiv_34722,MoleculeNet_HIV,True
CCCC(C(=O)OCCN1CCCC12CCCCC2)C1CCCC1,5.801605467159839,2079,5.401242102814859,hiv_842,MoleculeNet_HIV,True
Cc1cccc(N=Nc2c(C)nn(C(=O)c3ccccc3)c2C)c1,5.801583963978393,2080,5.308411920911418,hiv_12784,MoleculeNet_HIV,True
COc1ccc(C2CN(C(=O)c3ccccc3)N=C(c3ccccc3)O2)cc1,5.801341949834292,2081,5.282489607324729,hiv_8821,MoleculeNet_HIV,True
CC1(C)COC(C23C4C5C2C2C3C4C52I)=N1,5.801303040416387,2082,5.188825486878592,hiv_18885,MoleculeNet_HIV,True
CCOC(=O)c1nc2c(Cl)c3ncccc3cc2nc1O,5.801124287648933,2083,5.204865189935673,hiv_37352,MoleculeNet_HIV,True
CCCS(=O)(=O)Nc1ccc(F)c(C(=O)c2c[nH]c3ncc(Cl)cc23)c1F,5.800846603798686,2084,5.196143331500643,davis_24180719,DAVIS_spike_in,True
O=c1oc2ccccc2c(O)c1C(c1ccc2c(c1)OCO2)N1CCCC1,5.800770000057329,2085,5.439777230994774,hiv_9288,MoleculeNet_HIV,True
CCOC(=O)c1nn(Cc2ccccc2)c(=S)[nH]c1=O,5.800407352159818,2086,5.230017491774321,hiv_7183,MoleculeNet_HIV,True
O=c1c2ccccc2oc2cc(C(O)c3ccccc3)ccc12,5.800387585561937,2087,5.435901445226047,hiv_1427,MoleculeNet_HIV,True
CC(=C(c1ccccc1)c1ccccc1)N1C(=O)CC(=O)N1C,5.800368883102734,2088,5.43523360619658,hiv_38369,MoleculeNet_HIV,True
O=Cc1c(O)c(C(=O)Nc2ccc3[nH]c(=O)[nH]c3c2)cc2ccccc12,5.800344493240267,2089,5.240836699249898,hiv_18999,MoleculeNet_HIV,True
[Cl-].c1ccc2c(c1)c1c(c3ccccc32)=N[Rh-4]23(N=1)([n+]1cccc4ccc5ccc[n+]2c5c41)[n+]1cccc2ccc4ccc[n+]3c4c21,5.80024159400113,2090,5.318135379056047,hiv_11497,MoleculeNet_HIV,True
CNN=C(C(=O)Nc1ccc([N+](=O)[O-])cc1[N+](=O)[O-])C1NC(=O)NC1=O,5.800198392002943,2091,5.1945302704784515,hiv_21293,MoleculeNet_HIV,True
CCOC(=O)CC(=O)CSc1c(-c2ccccc2)c(=O)n(-c2ccccc2)c(=S)n1-c1ccccc1,5.800117548603574,2092,5.29418244727557,hiv_30380,MoleculeNet_HIV,True
COC(=O)c1c(C)cc(OC(=O)c2c(C)cc(O)c(C=O)c2O)c(C)c1O,5.799934719925685,2093,5.134549587840717,hiv_35886,MoleculeNet_HIV,True
CN1N(c2ccccc2)C(=O)C2=NC=C(C#N)C(=N)C21C,5.799926831196362,2094,5.297736200083103,hiv_36569,MoleculeNet_HIV,True
CCOC(=O)C1C(C)C2(C#N)C(=N)OC1(C)C2(C#N)C#N,5.799561013208143,2095,5.196497312602433,hiv_34385,MoleculeNet_HIV,True
CCOC(=O)C1=CC(C)(C(=O)OCC)Nc2c(O)nc(N)nc2N1,5.7994057203970355,2096,5.2113567582085825,hiv_26779,MoleculeNet_HIV,True
CC(C)C(=O)N1Cc2cc(Cl)cc(Cl)c2OC(=O)c2ccccc21,5.7993594194640705,2097,5.4469330659106605,hiv_19268,MoleculeNet_HIV,True
Nc1ccc(C(=O)NC(=Cc2cccc([N+](=O)[O-])c2)c2nc3c(O)nc(S)nc3[nH]2)cc1,5.799222570235043,2098,5.1578811344425475,hiv_11732,MoleculeNet_HIV,True
O=[N+]([O-])c1ccc2c(c1)S(=O)(=O)N1Cc3ccccc3CCN21,5.799153258420094,2099,5.29643465491138,hiv_32059,MoleculeNet_HIV,True
COC1(Nc2ccc(C=O)cc2)C(=O)c2ccccc2OC1(OC)c1ccc([N+](=O)[O-])cc1,5.798832072997122,2100,5.269995739697341,hiv_27088,MoleculeNet_HIV,True
NS(=O)(=O)c1cc2c(cc1Cl)N=C(C(=O)c1cc(=O)c3ccc(O)cc3o1)N=S2(=O)O,5.7987994172513115,2101,5.363372801025979,hiv_21167,MoleculeNet_HIV,True
CC1(C)OC2C=C(COCc3ccccc3)CC3C4COC(O4)C(O1)C23,5.79876474806878,2102,5.251721711646359,hiv_12144,MoleculeNet_HIV,True
C[Si](C)(CCC(=O)O)O[Si](C)(C)CCC(=O)O,5.797962159263116,2103,5.182374984501908,hiv_239,MoleculeNet_HIV,True
Cc1cccc2c1Oc1cc(Cl)ccc1C2NC(=O)CCN1CCOCC1.Cl,5.79788266692918,2104,5.1687357275996915,hiv_24446,MoleculeNet_HIV,True
NNC1=NC(=Cc2ccccc2O)C(=O)N1,5.797866928281212,2105,5.470798022476062,hiv_38035,MoleculeNet_HIV,True
COc1ccc(Nc2nc3c(N)cc(C(F)(F)F)cc3nc2-c2ccccc2)cc1,5.797078248289452,2106,5.2478367263460886,hiv_20626,MoleculeNet_HIV,True
CCN(CC)Cc1cc(Nc2ccnc3ccc4nn(C)nc4c23)ccc1O.Cl,5.796992349248371,2107,5.144685418183139,hiv_20992,MoleculeNet_HIV,True
CCOC(=O)c1cc2c3c(cc(OC)c2[nH]1)N(C(=O)OCC)CC3,5.796877341257455,2108,5.196975893044219,hiv_38743,MoleculeNet_HIV,True
COc1cccc(C2ON=C(c3ccccc3)N2C23CC4CC(CC(C4)C2)C3)c1,5.796760382966328,2109,5.300601277683444,hiv_26713,MoleculeNet_HIV,True
COC(OC)c1cccc2c1C(=O)CCC1(CC2)OCCCCO1,5.796753265758874,2110,5.411536758366867,hiv_24101,MoleculeNet_HIV,True
CC(=O)c1sc(=N)n(-c2c(C)cccc2C)c1C,5.796529608772032,2111,5.189359345055244,hiv_29208,MoleculeNet_HIV,True
COC(=O)C1=C(C=O)C2C=CC1C2,5.796472538133357,2112,5.154468494242909,hiv_12036,MoleculeNet_HIV,True
CC1=C(CO)C2=[N+]3C1=Cc1c(CO)c(C)c4n1[Fe-3]31(Cl)n3c(c(C)c(CCC(=O)O)c3=CC3=[N+]1C(=C4)C(C)=C3CCC(=O)O)=C2,5.79644935471055,2113,5.144712274165477,hiv_1219,MoleculeNet_HIV,True
COC(=O)c1ccc2c(c1)CC1(C2)Cc2ccc3c(c2C1)CCC3,5.796300390862181,2114,5.18977208770347,hiv_32686,MoleculeNet_HIV,True
Cn1c(=S)[nH]c2c(Cl)cc(Cl)cc2c1=O,5.796281623977445,2115,5.188357516574561,hiv_24804,MoleculeNet_HIV,True
Cc1ccccc1N1C(=O)N[N+](C)(C)C1=O,5.795847344432614,2116,5.327561731362736,hiv_6698,MoleculeNet_HIV,True
C=C1C(=O)OC2C1CCC(C)=C1C=CC(=O)C12C,5.795628898488734,2117,5.185841577785932,hiv_12833,MoleculeNet_HIV,True
Cn1c(=O)c2nc3sc4c(n3c2n(C)c1=O)C(=O)c1ccccc1C4=O,5.795621380175158,2118,5.443396524793916,hiv_16290,MoleculeNet_HIV,True
COc1cc2c(cc1OC)C(Cc1cc(OCc3ccccc3)c(OC)cc1N)N(C)CC2,5.795369426922968,2119,5.164884867519373,hiv_13282,MoleculeNet_HIV,True
CCOC(=O)C12c3[nH]c4ccccc4c3CCN1CC1=NOC(=O)C12,5.7951658056089075,2120,5.245554469077693,hiv_21488,MoleculeNet_HIV,True
CCOc1cnn(-c2ccccc2)c(=O)c1Cl,5.7951190708123415,2121,5.294776349997478,hiv_2323,MoleculeNet_HIV,True
CC1=Nc2ccc(Cl)cc2N=C(C)C1,5.7951083231380895,2122,5.374916359528466,hiv_6943,MoleculeNet_HIV,True
COP(=O)(CC(=O)C1OC(C)(C)OC1C(O)COCc1ccccc1)OC,5.795060700157716,2123,5.4029568415095275,hiv_18340,MoleculeNet_HIV,True
C=CC(C)(C)NC(C(=O)N1CCCC1c1nc(-c2nc(C(=O)OCC=C(C)C)c(C)o2)c(C)o1)C(C)C,5.795057193331312,2124,5.378815777738636,hiv_36871,MoleculeNet_HIV,True
CN1CCN(c2ncc3c(n2)sc2c(=O)n(-c4ccccc4)cnc23)CC1,5.7949976358591755,2125,5.3322431648238044,hiv_39787,MoleculeNet_HIV,True
O=C1CNc2cc(N3CCN(c4cccc(C(F)(F)F)c4)CC3)ccc2N1,5.794984264857764,2126,5.205484587417155,hiv_38737,MoleculeNet_HIV,True
Cc1cc2c(cc1C)C(=O)C1(C2)Cc2c(C)ccc(C)c2C1=O,5.794891418615586,2127,5.175904685934366,hiv_39348,MoleculeNet_HIV,True
c1c2c(cc3c1OCO3)C(c1onc3cc4c(cc13)OCO4)=NCC2,5.79476766564548,2128,5.204437367576606,hiv_13736,MoleculeNet_HIV,True
CN1CCN(C2=C(Cl)C3(OCCS3)C(F)(F)C2(F)F)CC1,5.79473370919014,2129,5.1993446151586715,hiv_34588,MoleculeNet_HIV,True
CC1(C)OC2C(COCc3ccccc3)C3CC(=O)OC3C2O1,5.794601645096541,2130,5.252826933973889,hiv_37118,MoleculeNet_HIV,True
CC(=O)OC1CCC2(C)C(C1)CC(OC(C)=O)C1C2CC(OC(C)=O)C2(C)C(C(C)CC(=O)C(=O)c3ccccc3)CCC12,5.794493738686038,2131,5.414727430323278,hiv_6899,MoleculeNet_HIV,True
COC(=O)C1=C(C)N(NC(=O)c2cccc(Cl)c2)C(C)(O)C12CCOC2=O,5.794493649652204,2132,5.172378913862698,hiv_17873,MoleculeNet_HIV,True
O=c1ssc(=Nc2ccccc2)n1-c1ccccc1,5.794468538864977,2133,5.283339524510178,hiv_181,MoleculeNet_HIV,True
Cc1sc2c(c1C)C(=O)c1cccn1-2,5.794443741731045,2134,5.229628537509504,hiv_35023,MoleculeNet_HIV,True
CCC1(Cc2ccc(OC)c(OC)c2)C=[N+]([O-])OC(OC2CCCC2(c2ccccc2)c2ccccc2)C1OC(C)=O,5.794256136675538,2135,5.187011971167051,hiv_40393,MoleculeNet_HIV,True
CCCCC1(C)C=CC(=C2C(=O)OC(=CC(=O)O)C2=O)O1,5.7941508962073796,2136,5.200602173441242,hiv_17462,MoleculeNet_HIV,True
CCC(C)C1NC(=O)C2CCCN2C(=O)C(CC(O)CCl)OC(=O)CCNC(=O)C(C)N(C)C(=O)C(C(C)C)N(C)C1=O,5.794067466148346,2137,5.4902777664184095,hiv_20233,MoleculeNet_HIV,True
CC(C)=CCCC(C)C1=C(O)C(O)C(C)=C2N=C(c3ccccc3)C(=O)OC21,5.7940062118604985,2138,5.475013995395642,hiv_39483,MoleculeNet_HIV,True
CCOC(=O)CCC(NC(=O)OCc1ccccc1)C(=O)NC(CCC(=O)OCC)C(=O)NC(CCC(=O)OCC)C(=O)NC(CCC(=O)OCC)C(=O)NC(CCC(=O)OCC)C(=O)NC(Cc1ccc([N+](=O)[O-])cc1)C(=O)NC(CCC(=O)OCC)C(=O)NC(CCC(=O)OCC)C(=O)NC(CCC(=O)OCC)C(=O)NC(CCC(=O)OCC)C(=O)NC(CCC(=O)OCC)C(=O)OCC,5.793678710992672,2139,5.408128805849065,hiv_29346,MoleculeNet_HIV,True
O=C1CNc2cc(N3CCOCC3)ccc2N1,5.7936118610319145,2140,5.20358886172054,hiv_39260,MoleculeNet_HIV,True
CC1(C)OC(=O)C2C3C=CC(C2C(=O)O)C31,5.793600820956996,2141,5.239227190448115,hiv_4952,MoleculeNet_HIV,True
COC1CCC2(C)C3CCC4C(=CC5C(C)(CO)C(=O)CCC45C)CC3(C)CCC2C1(C)C,5.793570939037344,2142,5.161781397958621,hiv_29905,MoleculeNet_HIV,True
CCOC(=O)C(O)=C1C(=O)N(C)C(=O)C1c1cccc(OC)c1,5.79335242571131,2143,5.158194933745233,hiv_12902,MoleculeNet_HIV,True
COc1ccc(C=C2N=C(c3ccccc3)OC2=O)c(OCc2ccccc2)c1,5.793281013752167,2144,5.388111239467665,hiv_6839,MoleculeNet_HIV,True
COc1ccc(NN(O)c2ccc(OC)cc2)cc1,5.793084008110804,2145,5.161344471664423,hiv_38610,MoleculeNet_HIV,True
CC(C)OP(=O)(OC(C)C)c1nn(-c2ccc([N+](=O)[O-])cc2)c(=N)s1,5.793015676430485,2146,5.430786385205976,hiv_23249,MoleculeNet_HIV,True
CC(O)C1=CCC2c3[nH]c4ccccc4c3CCN2C1,5.792946137010387,2147,5.4265367650885326,hiv_21485,MoleculeNet_HIV,True
Cc1c2ccccc2n[c-](CS(=O)(=O)c2ccccc2)[n+]1=O,5.792826444626034,2148,5.2484723862951235,hiv_2215,MoleculeNet_HIV,True
COc1cc2c(c(O)c1OC)C(O)C1CCC(=O)N1C2c1ccc2c(c1)OCO2,5.79282142696932,2149,5.193830003044377,hiv_31408,MoleculeNet_HIV,True
CCOC(=O)C(C)S(=O)(=O)O,5.792508676647638,2150,5.405635901685286,hiv_5893,MoleculeNet_HIV,True
CC1(C)CC2C=C(C=O)C3(C=O)CC3(C)C2C1,5.792402501633698,2151,5.185060317938623,hiv_7569,MoleculeNet_HIV,True
C=C(C)C12CC(C)C34OC(C=CC=CCCCCCCCCC)(OC1C3C1OC1(CO)C(O)C1(O)C(=O)C(C)=CC14)O2,5.792245770524667,2152,5.196497312602433,hiv_6874,MoleculeNet_HIV,True
O=[N+]([O-])c1ccc(NN=C2C=C(S(=O)(=O)O)c3ccccc3C2=NNc2ccc([N+](=O)[O-])cn2)nc1,5.792234043791186,2153,5.227388412177735,hiv_1478,MoleculeNet_HIV,True
CCCCCCC(CC(=O)CCC(=O)NCCc1ccccc1)=NNc1ccc([N+](=O)[O-])cc1[N+](=O)[O-],5.792230289689756,2154,5.242019119862101,hiv_15022,MoleculeNet_HIV,True
COc1ccc(-c2cc(C(=O)Nc3cc(C(F)(F)F)cc(C(F)(F)F)c3)c3ccccc3n2)cc1,5.792188759145149,2155,5.227090099640902,hiv_8375,MoleculeNet_HIV,True
[N-]=[N+]=Nc1ccc(CNc2cc(O)nc(O)n2)cc1,5.792124588153527,2156,5.059630431620032,hiv_34316,MoleculeNet_HIV,True
Cc1ccc(S(=O)(=O)n2ccc(-c3ccc4ccn(S(=O)(=O)c5ccc(C)cc5)c4c3)c2)cc1,5.792108460659936,2157,5.234932724468303,hiv_34769,MoleculeNet_HIV,True
COc1cc(OC)c(OC)cc1C=NNC(=O)NN=Cc1cc(OC)c(OC)cc1OC,5.792022923342835,2158,5.162565866999264,hiv_7320,MoleculeNet_HIV,True
O=C1CCCc2cc3c(cc21)CC1(C3)Cc2ccc3c(c2C1)C(=O)CCC3,5.791941677291693,2159,5.198107437997844,hiv_30070,MoleculeNet_HIV,True
Cc1cc2c(c(O)n1)C(=O)NC2=O,5.791731362737956,2160,5.204784113313605,hiv_4699,MoleculeNet_HIV,True
O=C1C(=Cc2cccc(O)c2)SC(=S)N1C=Cc1nc2ccccc2nc1O,5.791355395698079,2161,5.22603860736192,hiv_25942,MoleculeNet_HIV,True
CCn1c(CSc2nc(-c3ccccc3)c(-c3ccccc3)[nH]2)n[nH]c1=S,5.7913337142779575,2162,5.293675405870844,hiv_22802,MoleculeNet_HIV,True
Cc1cc(S(=O)(=O)N2CCNNC2=O)c(S)cc1Cl,5.791265082547198,2163,5.251022394028567,hiv_39427,MoleculeNet_HIV,True
CC1C(n2[nH]c(=O)n(C)c2=O)c2ccccc2-n2c(=O)n(C)c(=O)n21,5.791259075325331,2164,5.227805611424994,hiv_8421,MoleculeNet_HIV,True
CC12CCC(C(C(O)C3CCCCC3)C1=O)C2(C)C,5.791049205370728,2165,5.4246246976572925,hiv_37120,MoleculeNet_HIV,True
COC1(OC)NC(=N)C2(C#N)C(=NN(C)C)CC(C)C12C#N,5.790858021681101,2166,5.172085021647753,hiv_34415,MoleculeNet_HIV,True
COc1cc2nc(C=Cc3nc4cc(OC)c(OC)cc4[nH]3)[nH]c2cc1OC,5.790713415778656,2167,5.170573503439408,hiv_5659,MoleculeNet_HIV,True
CC(C)(Oc1ccc(C=CC(=O)c2ccccc2)cc1)C(=O)Nc1c(Cl)cccc1Cl,5.7904889576483365,2168,5.292779141365429,hiv_23865,MoleculeNet_HIV,True
NCC1OC(OC2C(N)CC(N)C(O)C2OC2OC(CO)C(O)C2O)C(N)C(O)C1O,5.790457875040569,2169,5.688829910825961,hiv_4943,MoleculeNet_HIV,True
C#CCN(C)C(=O)N(CC#C)N=O,5.790444696773423,2170,5.291545671140325,hiv_16441,MoleculeNet_HIV,True
Cc1cc(S(=O)(=O)n2cc[nH]c2=O)c(S)cc1Cl,5.790381977212471,2171,5.231550381956484,hiv_34119,MoleculeNet_HIV,True
Cc1cc(CC2OC3OC(C)(C)OC3C3OC(C)(C)OC23)c2ccccc2n1,5.790352357052978,2172,5.265873920991718,hiv_30637,MoleculeNet_HIV,True
O=c1[nH]c2nc3ccccc3c(=O)n2c1=Cc1cccs1,5.790240202795449,2173,5.239193002744834,hiv_35381,MoleculeNet_HIV,True
c1cnc2c(c1)Nc1cnncc1S2,5.790068065782275,2174,5.197113671886948,hiv_9931,MoleculeNet_HIV,True
CCOC(=O)c1c(C)nc(S)c(C#N)c1-c1ccco1,5.790058479694309,2175,5.195811682929651,hiv_28336,MoleculeNet_HIV,True
CCOC(=O)Cn1c(=O)n(C)c(=O)c2[nH]cnc21,5.790033081735525,2176,5.202809051367202,hiv_17863,MoleculeNet_HIV,True
CCOC(OC1=C(C#N)CCCC1)C(C)[Se]c1ccccc1,5.7896654275363115,2177,5.414261311060297,hiv_21075,MoleculeNet_HIV,True
CN1N=Nc2ccccc2C1(O)c1ccc(F)cc1,5.7896197681962045,2178,5.473862036221527,hiv_8892,MoleculeNet_HIV,True
CC12CC3OC(=O)C1COC14OC5(C2C1=O)C(O)(CCC1C4CC(O)C2(Cl)CC=CC(=O)C12C)C(=O)OC35C,5.789436857815219,2179,5.182111628449415,hiv_36844,MoleculeNet_HIV,True
OC1(c2ccccc2)CC(c2ccccc2)c2ccccc2O1,5.789087090742274,2180,5.316599735482228,hiv_1260,MoleculeNet_HIV,True
CC1CC(c2ccccc2)=Nc2ccccc2S1(=O)=O,5.788983948527502,2181,5.449068425223909,hiv_17518,MoleculeNet_HIV,True
COc1c(Cl)cc(Cc2cc(C(=CCCC3CCC4(C)C(CCC5C4CCC4(C)C(C(C)CCCC(C)C)CCC54)C3)c3cc(Cc4cc(Cl)c(OC)c(C(=O)O)c4)c(OC)c(C(=O)O)c3)cc(C(=O)O)c2OC)cc1C(=O)O.[NaH],5.788804716067098,2182,5.3880348686351525,hiv_40974,MoleculeNet_HIV,True
O=C1C(=Cc2ccc(O)cc2)N=C(c2ccccc2)N1n1c(-c2ccccc2)nc2ccccc2c1=O,5.78840003441376,2183,5.414625656885472,hiv_24748,MoleculeNet_HIV,True
Nn1c(-c2ccccc2)nn(C(=O)c2ccccc2)c1=O,5.788373309876668,2184,5.306932383023031,hiv_33100,MoleculeNet_HIV,True
CN1C(=O)NC2(C1=O)C(=O)N(C)C(=O)N2C,5.788251211359538,2185,5.203746530915929,hiv_7721,MoleculeNet_HIV,True
Cc1cc(-c2ccccc2)oc(=O)c1NC(=O)c1ccccc1,5.788157274061156,2186,5.286766521570156,hiv_37923,MoleculeNet_HIV,True
O=C1CSC(c2ccccc2)C1C(=O)c1ccc(NCc2nc3ccccc3[nH]2)cc1,5.788087292141201,2187,5.290258353169842,hiv_22971,MoleculeNet_HIV,True
CC(=O)N1N(c2ccc([N+](=O)[O-])cc2)C(=O)C1(C)C,5.787966660062965,2188,5.196963243997331,hiv_29297,MoleculeNet_HIV,True
CCOC(=O)CC(NCCSS(=O)(=O)O)C(=O)OCC,5.787825009601065,2189,5.400581410714871,hiv_2884,MoleculeNet_HIV,True
OC(c1cnc2sccn12)C(F)(F)Sc1ccccc1,5.787811957323473,2190,5.436027446037313,hiv_41042,MoleculeNet_HIV,True
CC(=O)OCC1OC(n2c(C)cc(-c3ccco3)c(C#N)c2=S)C(OC(C)=O)C(OC(C)=O)C1OC(C)=O,5.787713541613798,2191,5.179258722723577,hiv_28342,MoleculeNet_HIV,True
O=C1C2Nc3ccccc3SC2C(=O)N1c1cccc([N+](=O)[O-])c1,5.7876035322750194,2192,5.286737420337191,hiv_17078,MoleculeNet_HIV,True
C(=Cc1ccccc1)COc1ccccc1C(N1CCOCC1)n1nc2ccccc2n1,5.7875965777868466,2193,5.411656747484844,hiv_30634,MoleculeNet_HIV,True
O=c1[c-](-c2ccccc2)[se]c(-c2ccccc2)[n+]1-c1ccccc1,5.787501299685737,2194,5.2825057419605415,hiv_13247,MoleculeNet_HIV,True
COc1cc2c(cc1OC)C1C=NC(C(=O)O)(C2)c2ccccc21,5.787462353620709,2195,5.20775314799534,hiv_13405,MoleculeNet_HIV,True
CC(C)[Si]1(C(C)C)OCC2OC(n3ccc(=O)[nH]c3=O)C([Se]c3ccccc3)C2O[Si](C(C)C)(C(C)C)O1,5.78743292613815,2196,5.436583137598452,hiv_34009,MoleculeNet_HIV,True
N#CC(c1cc2c(cc1Br)OCO2)N1CCOCC1,5.787416608522207,2197,5.432631578962792,hiv_31002,MoleculeNet_HIV,True
c1ccc(C2C3=C(c4ccccc4CC3)N3c4cc5c(cc4=NC34CCCCC24)Nc2ccccc2N=5)cc1,5.7872724643419495,2198,5.455293432079274,hiv_26738,MoleculeNet_HIV,True
C=C1C2CCC3(CCC4C5(C)CCCC4(CN4CCOC45)C3C2)C1O,5.787172323674632,2199,5.180620020230382,hiv_1876,MoleculeNet_HIV,True
N#Cc1cc([N+](=O)[O-])ccc1NC(=O)C(=O)Nn1c(=S)[nH]c2ccccc2c1=O,5.786874438321692,2200,5.230179192643549,hiv_20926,MoleculeNet_HIV,True
O=C1c2c(O)cc(O)cc2OC12c1c(cc(O)c3c1OC(c1ccc(O)cc1)C(O)C3)OC2c1ccc(O)cc1,5.786795489371962,2201,5.194761735459914,hiv_40072,MoleculeNet_HIV,True
Cc1cc2c(cc1C)NC(C)CC(=O)N2,5.786779162482309,2202,5.195363065845256,hiv_2290,MoleculeNet_HIV,True
CCOC(=O)c1c(Sc2ccc([N+](=O)[O-])cc2[N+](=O)[O-])nc2c3ccccc3ccn12,5.7866566693361365,2203,5.265968444026256,hiv_36337,MoleculeNet_HIV,True
Nc1nc(Cl)cc(OCC2(CO)CC(OCc3ccccc3)C2)n1,5.786560384951113,2204,5.247939544770781,hiv_32287,MoleculeNet_HIV,True
Cl.O=C(C=Cc1ccc([N+](=O)[O-])o1)N1CCN(Cc2ccccc2)CC1,5.786450235143707,2205,5.226457481453994,hiv_15322,MoleculeNet_HIV,True
Cc1ccc(S(=O)(=O)NN=C(c2nc3ccc(Cl)cc3nc2O)C(O)c2cccc([N+](=O)[O-])c2)cc1,5.786419432411128,2206,5.425396222108514,hiv_21425,MoleculeNet_HIV,True
Nc1ccc([N+](=O)[O-])cc1N=CC=Cc1ccccc1,5.786114501176576,2207,5.2806871205618755,hiv_5352,MoleculeNet_HIV,True
CSc1ccc(C(=C=C=C(c2ccc(SC)s2)c2ccc(SC)s2)c2ccc(SC)s2)s1,5.7861047969410695,2208,5.186079085853435,hiv_26952,MoleculeNet_HIV,True
CCOC(=O)C=CCCCC(N1CCCC1)n1nnc2ccccc21,5.7858985565802215,2209,5.31265680984422,hiv_30633,MoleculeNet_HIV,True
CCOC(=O)C1C(C(=O)OCC)C2c3ncccc3-c3ccccc3N2C1C(=O)OCC,5.785892685963886,2210,5.290358921648667,hiv_23143,MoleculeNet_HIV,True
C.N=C1CSC2=NC3=C(CCCC3=Cc3ccccc3)C(c3ccccc3)N12,5.785869548432755,2211,5.451219793141742,hiv_20817,MoleculeNet_HIV,True
COc1ccc2c(c1OC)C1CCCCC1SCC2=O,5.7858244401905985,2212,5.255408339742552,hiv_3640,MoleculeNet_HIV,True
CCOC(=O)c1ccc(C=Cc2cccn2C(=O)OC(C)(C)C)[nH]1,5.785794290253899,2213,5.22972078685598,hiv_13466,MoleculeNet_HIV,True
Cc1cc2oc(=O)cc(C)c2c(=O)o1,5.785664727475608,2214,5.189178909394704,hiv_26048,MoleculeNet_HIV,True
O=C(CCl)N1CCC(CC2(c3cc4ccccc4[nH]3)OCCO2)CC1,5.785515250710139,2215,5.296601852217214,hiv_6573,MoleculeNet_HIV,True
Cn1c(=O)c2c(nc3sc4nc5ccccc5nc4n32)n(C)c1=O,5.785286760642257,2216,5.287802174106264,hiv_28321,MoleculeNet_HIV,True
COc1ccc(-n2cc3c(c2)C(=O)OC3=O)cc1OC,5.785264818433236,2217,5.157533622530114,hiv_13954,MoleculeNet_HIV,True
CC(=O)OC1(C#N)CC2OC1C1NC21.Cc1ccc(S(=O)(=O)O)cc1,5.7850296127023455,2218,5.192818728108926,hiv_18392,MoleculeNet_HIV,True
CCCC[Sn](CCCC)(OC(=O)c1ccc(C)c(N)c1)OC(=O)c1ccc(C)c(N)c1,5.784876171754377,2219,5.196145257654132,hiv_20124,MoleculeNet_HIV,True
N#CC(=C1c2cc([N+](=O)[O-])ccc2-c2c1cc([N+](=O)[O-])cc2[N+](=O)[O-])N1CCCCC1,5.78453083307112,2220,5.18892488577983,hiv_35341,MoleculeNet_HIV,True
Nc1nccc2c1ncn2C1OC(CO)C(O)C1O,5.7843984924921354,2221,5.130304194330691,hiv_5711,MoleculeNet_HIV,True
CCOc1ccc(C(=O)CCN2CCC3CCC(C3)C2)cc1,5.784396371950333,2222,5.186171976683459,hiv_3493,MoleculeNet_HIV,True
CN1CC(=Cc2cccs2)C2=NN(c3ccccc3)C(c3cccs3)C2C1,5.784359958059771,2223,5.2850612569014315,hiv_41109,MoleculeNet_HIV,True
CC(=O)OC1N(C(C)=O)C(SC23CC4CC(CC(C4)C2)C3)C(C)=CC1(C)OC(C)=O,5.784307612307605,2224,5.186675360335569,hiv_7264,MoleculeNet_HIV,True
CC1CCC2(NC1)OC1CC3C4CC=C5C=CCCC5(C)C4CCC3(C)C1C2C,5.783954839878424,2225,5.195717923055193,hiv_18718,MoleculeNet_HIV,True
[O+]#C[Cr]12(C#[O+])(C#[O+])[PH](CCP(c3ccccc3)c3ccccc3)(c3ccccc3)CC[PH]1(c1ccccc1)CC[PH]2(c1ccccc1)c1ccccc1,5.783685870433665,2226,5.33773486110392,hiv_15974,MoleculeNet_HIV,True
COc1ccc(NC(=O)CC2SC(Nc3ccccc3C)=NC2=O)c([N+](=O)[O-])c1,5.783617861066392,2227,5.422994238689678,hiv_11215,MoleculeNet_HIV,True
CCOC(=O)C1C(=O)C(=O)N2CCc3c([nH]c4ccccc34)C12,5.783466132311155,2228,5.245873743534035,hiv_21490,MoleculeNet_HIV,True
Cc1cn(C2CC(N(O)C3C4CC5CC(C4)CC3C5)C(CO)O2)c(=O)[nH]c1=O,5.783410070739626,2229,5.1817733609246055,hiv_38353,MoleculeNet_HIV,True
COC(=O)C1(C(=O)OC)N=C(C)OC1c1ccoc1,5.783214620359142,2230,5.164069853680363,hiv_40779,MoleculeNet_HIV,True
Cl.Nc1nc(O)c2c(n1)NCC(CO)N2,5.782744532425386,2231,5.2875476828165455,hiv_12618,MoleculeNet_HIV,True
CC12CCC(O)CC1=CCC1C2CCC2(C)C(c3c[nH]cn3)CCC12,5.782662006903634,2232,5.196476597173436,hiv_1985,MoleculeNet_HIV,True
CC(N)C(=O)NC1C2C(=C(O)CC(O)C2O)C(=O)OC1(C)C(Cl)Cl,5.782612585272896,2233,5.440837182822632,hiv_7911,MoleculeNet_HIV,True
O=C1NC(N2CCCCC2)=NC1=Cc1ccccc1O,5.782564324772448,2234,5.4728142391001935,hiv_35396,MoleculeNet_HIV,True
CC1=CC2=[N+]3C1=Cc1cc(C)c4n1[Co-2]31n3c(c(C)c(CCC(=O)O)c3=CC3=[N+]1C(=C4)C(C)=C3CCC(=O)O)=C2,5.782553374718498,2235,5.184953736990238,hiv_1339,MoleculeNet_HIV,True
COc1ccc(C=Cc2nc3ccccc3nc2C=Cc2ccc(OC)c(OC)c2)cc1OC,5.782007044546089,2236,5.268255930999877,hiv_5582,MoleculeNet_HIV,True
COC(=O)C1=C(C(=O)OC)NC=C2CCCC2=N1,5.781888644817627,2237,5.365243248596809,hiv_10289,MoleculeNet_HIV,True
CCOC(=O)c1sc2nc(SC)nc3c2c1N=CN3c1ccccc1Cl,5.781853010507915,2238,5.307407929488343,hiv_36944,MoleculeNet_HIV,True
CCOC1(OCC)C([N+](=O)[O-])=CC(=[N+]([O-])[O-])C=C1[N+](=O)[O-],5.781851808045945,2239,5.204265902939318,hiv_3945,MoleculeNet_HIV,True
COc1cc(COC(=O)NC(Cc2cccs2)C(=O)O)c([N+](=O)[O-])cc1OC,5.781840848275463,2240,5.372005028144469,hiv_24200,MoleculeNet_HIV,True
CCOC(=O)C=C1CC(NC(=O)OCc2ccccc2)C(=O)N1CC(=O)OCC,5.781836098985785,2241,5.243949741135764,hiv_37651,MoleculeNet_HIV,True
Cn1c(=N)c(C#N)c2n(c1=S)CCCCCCC2,5.781787097549584,2242,5.172236753265783,hiv_39380,MoleculeNet_HIV,True
Cc1cnc(SCCN2CCN(C)CC2)nc1-c1cc2ccccc2s1,5.781606632036778,2243,5.325162987285188,hiv_10850,MoleculeNet_HIV,True
O=C(O)CCC(NC(=O)c1ccc(-n2nc3ccc(=O)cc-3[nH]c2=O)cc1)C(=O)O,5.781571868375933,2244,5.397125034440544,hiv_18290,MoleculeNet_HIV,True
CCCCCCCCCc1ccc(Oc2ccc3c(c2)C2=NC3=NC3=NC(=NC4=NC(=NC5=NC(=N2)c2ccc(Oc6ccc(CCCCCCCCC)cc6)cc25)c2ccc(Oc5ccc(CCCCCCCCC)cc5)cc24)c2cc(Oc4ccc(CCCCCCCCC)cc4)ccc23)cc1,5.781544694885292,2245,5.326155116678774,hiv_21129,MoleculeNet_HIV,True
Oc1ccccc1C=NN1C(=S)N(C23CC4CC(CC(C4)C2)C3)C(=Nc2ccccc2)C1=Nc1ccccc1,5.781472295568294,2246,5.288947329431216,hiv_30605,MoleculeNet_HIV,True
O=C(O)C1OC(Oc2ccc3oc4ccccc4c(=O)c3c2)C(O)C(O)C1O,5.781455368503391,2247,5.235124164316971,hiv_5683,MoleculeNet_HIV,True
O=C(c1ccccc1)N1N=C(C(F)(F)F)CC1(O)C(F)(F)F,5.781385747568328,2248,5.322476413942284,hiv_31254,MoleculeNet_HIV,True
COc1ccc(-c2oc(C=Nc3ccccc3)c([N+](=O)[O-])c2-c2ccc(OC)c(OC)c2)cc1OC,5.781094313475167,2249,5.262999441563059,hiv_19392,MoleculeNet_HIV,True
O=[N+]([O-])C(Cl)=CC(=C1Nc2ccccc2O1)[N+](=O)[O-],5.781086177052158,2250,5.305429676459854,hiv_31280,MoleculeNet_HIV,True
CCC12CCCNC1c1c(n(C)c3ccccc13)C(C(=O)OC)C2.Cl,5.781016129999774,2251,5.3255986913251085,hiv_21864,MoleculeNet_HIV,True
N#CC(c1ccc(O)cc1)N1CCN(C(C#N)c2ccc(O)cc2)CC1,5.781013097658833,2252,5.431593996565116,hiv_34334,MoleculeNet_HIV,True
CNC(C)(C)C(SSSC(c1ccc(Cl)cc1)C(C)(C)NC)c1ccc(Cl)cc1,5.780755775735704,2253,5.429637557622683,hiv_5989,MoleculeNet_HIV,True
CC12C3CCC1C(O)C(=O)N2CC3,5.78072534841903,2254,5.185626082474314,hiv_39592,MoleculeNet_HIV,True
COc1ccc(C(c2c(O)c3ccccc3oc2=O)N2CCCC2)cc1,5.780671185169295,2255,5.441438173381968,hiv_9291,MoleculeNet_HIV,True
CCOC(=O)C(Cc1cn(S(=O)(=O)c2ccc(C)cc2)cn1)P(=O)(OCC)OCC,5.7806145902897415,2256,5.396503843438051,hiv_29638,MoleculeNet_HIV,True
C=CCn1c(-c2ccc([N+](=O)[O-])cc2)csc1=NC(P(=O)(O)O)P(=O)(O)O,5.780444326685651,2257,5.383684779581509,hiv_39658,MoleculeNet_HIV,True
CCCCCCC(C=NO)C(C)(O)CCC,5.780161111952156,2258,5.400581410714871,hiv_15555,MoleculeNet_HIV,True
CN(C)CCSC1=Nc2ccc(Cl)cc2C(c2ccccc2Cl)=NC1.O=C(O)C=CC(=O)O,5.77998267249024,2259,5.466331977021121,hiv_9378,MoleculeNet_HIV,True
CCOC(=O)C=C1C(CCCOCc2ccccc2)C2CCCC23CC2(CCN13)OCCO2,5.7796065831245516,2260,5.264581029301765,hiv_11823,MoleculeNet_HIV,True
CC(=O)Oc1c(C)c2c(c3ccccc13)OC(C)(C)C2,5.779556985392335,2261,5.3008287403917445,hiv_37353,MoleculeNet_HIV,True
O=[N+]([O-])c1ccc(C(Cl)C(Cl)c2ccc(C(Cl)C(Cl)c3ccc([N+](=O)[O-])cc3[N+](=O)[O-])cc2)c([N+](=O)[O-])c1,5.779506713576973,2262,5.427196905619994,hiv_17162,MoleculeNet_HIV,True
Cc1nnc(SCC2=C(C(=O)O)N3C(=O)C(NC(=O)Cn4cnnn4)C3SC2)s1,5.779464639676387,2263,5.121882506870581,hiv_7285,MoleculeNet_HIV,True
COc1cc(NCc2ccc3nc(N)nc(N)c3c2C)cc(OC)c1OC.O=CC(O)C(O)C(O)C(O)C(=O)O,5.779238167882132,2264,5.381532977093841,hiv_8586,MoleculeNet_HIV,True
CCOC(=O)C(CCCC#N)=NO,5.779119535677647,2265,5.40006566255851,hiv_962,MoleculeNet_HIV,True
CCOC(=O)C(NC(=O)c1ccccc1)C(c1ccccc1)[Sn](c1ccccc1)(c1ccccc1)c1ccccc1,5.779046209925494,2266,5.405305469474277,hiv_26204,MoleculeNet_HIV,True
CC1(CCC#N)CCC(=N)C=C1O,5.778969825756159,2267,5.19572738680286,hiv_3942,MoleculeNet_HIV,True
COC1(OC)c2occc2C(=N)c2ccc(=O)oc21,5.7789067209883545,2268,5.172403274612,hiv_37303,MoleculeNet_HIV,True
CCOC1=C(c2ccccc2)N2CCCCC2O1,5.7788779114136855,2269,5.287886948512159,hiv_33151,MoleculeNet_HIV,True
CC(=O)OC1CCC2C3CCC4=C(C(=O)C=CC4(C)OC(C)=O)C3CCC12C,5.778845814578011,2270,5.183817864945595,hiv_33084,MoleculeNet_HIV,True
COc1ccc(C=Cc2ccnc3ccccc23)cc1OC,5.778706056627208,2271,5.231296187689485,hiv_2259,MoleculeNet_HIV,True
Cc1cc(-c2ccccn2)oc(=O)c1NC(=O)c1ccccc1,5.778574121356448,2272,5.28879836931652,hiv_37936,MoleculeNet_HIV,True
O=C(C=Cc1cccs1)c1ccsc1,5.778535734064232,2273,5.175983993454346,hiv_24986,MoleculeNet_HIV,True
CC1(C)COC(c2cccc(C3=NC(C)(C)CO3)c2Br)=N1,5.77821804024386,2274,5.191897067676967,hiv_40448,MoleculeNet_HIV,True
Cc1cn(C2CC(N=[N+]=[N-])C(COP(=O)(OCC(=O)c3ccco3)OCC(=O)c3ccco3)O2)c(=O)[nH]c1=O,5.778055490603398,2275,5.13673441991412,hiv_26979,MoleculeNet_HIV,True
Cc1ccc(CS(=O)(=O)CN=C2Sc3ccccc3NC2=CC(=O)c2ccc(Cl)cc2)cc1,5.7779977997340914,2276,5.2525097282691116,hiv_26850,MoleculeNet_HIV,True
O=C1C2ON3c4ccccc4C(=O)C3(c3ccccc3)C2C(=O)N1c1ccccc1,5.777927088770789,2277,5.284286147879217,hiv_23343,MoleculeNet_HIV,True
C=C1CC23CC4C5C6(C)CC(O)CC57C(C2C(O)C1C(O)C37)N4C6,5.777852065957453,2278,5.1876355565878915,hiv_7431,MoleculeNet_HIV,True
O=C1Nc2ccc(cc2)Cc2ccc(cc2)NC(=O)N2CCN(CC2)C(=O)Nc2ccc(cc2)Cc2ccc(cc2)NC(=O)N2CCN1CC2,5.7778031842191035,2279,5.204720965895011,hiv_1215,MoleculeNet_HIV,True
CCOC1=NC(O)c2cccn2-c2sccc21,5.777601780891591,2280,5.229968831059665,hiv_38425,MoleculeNet_HIV,True
CC1=CC2=[N+]3C1=Cc1cc(C)c4n1[Mn]31(Cl)n3c(c(C)c(CCC(=O)O)c3=CC3=[N+]1C(=C4)C(C)=C3CCC(=O)O)=C2,5.777479949662168,2281,5.184025448146433,hiv_1338,MoleculeNet_HIV,True
CC1(C)SC(C)(C)N2C(=O)C3N(C(=O)C21)C(C)(C)SC3(C)C,5.777427951341225,2282,5.184651647495231,hiv_8350,MoleculeNet_HIV,True
O=C1CSc2ccnc(=O)n21,5.777349183018038,2283,5.193450968770357,hiv_25504,MoleculeNet_HIV,True
COc1c(OCC(O)CN2CCCCC2)c2c(C)coc2c2ccoc12,5.777276736454333,2284,5.395391231964949,hiv_9026,MoleculeNet_HIV,True
CCOC(=O)C1C(c2ccccc2)C2(C#N)C(=N)OC1(C)C2(C#N)C#N,5.77698919425915,2285,5.297985908930114,hiv_34388,MoleculeNet_HIV,True
O=C1CCC(=O)c2sccc2N1,5.7769446872693955,2286,5.20218871841908,hiv_19082,MoleculeNet_HIV,True
Clc1ccc(NN(c2ccccc2)c2ccc(Cl)cc2)cc1,5.77656898369768,2287,5.2825057419605415,hiv_4457,MoleculeNet_HIV,True
C=CCC(CCC(CC=C)C(=O)O)C(=O)O,5.776337935471196,2288,5.391263873213025,hiv_1282,MoleculeNet_HIV,True
O=C1C(=Cc2ccccc2Cl)COc2ccc(Br)cc21,5.776104537526156,2289,5.2943874243769615,hiv_21239,MoleculeNet_HIV,True
CC1=NNC(=N)NC1=CC(Sc1ccc(Cl)cc1)c1c(O)ccc2ccccc12,5.775947696977508,2290,5.450890994300871,hiv_39859,MoleculeNet_HIV,True
CCOC(=O)C1=CC(C(C)CC(=O)CC(=O)O)CC1,5.775510200787145,2291,5.390125569413314,hiv_13574,MoleculeNet_HIV,True
CC(C)CCCC(C)C1CCC2C3CCC4Nc5[nH]ncc5CC4(C)C3CCC12C,5.775449284896972,2292,5.41444188513085,hiv_13371,MoleculeNet_HIV,True
Cc1cc(S(=O)(=O)Nc2nc(=N)n(C)[nH]2)c(S)cc1Cl,5.77542711874551,2293,5.230138237250531,hiv_26494,MoleculeNet_HIV,True
Cc1ccc(NC(=O)Nc2sc(=S)c3c(c2C#N)CCCC3)c(C)c1,5.775243763731365,2294,5.181557616608234,hiv_7708,MoleculeNet_HIV,True
CC(=O)OCC1OC(SC2=NC(=Cc3ccc(Br)s3)C(=O)N2c2ccccc2)C(OC(C)=O)C(OC(C)=O)C1OC(C)=O,5.77518410638859,2295,5.415364703995334,hiv_33508,MoleculeNet_HIV,True
Cc1ccc2c(ccc(C=Cc3ccc(O)c4ncccc34)[n+]2C)c1,5.775031174131477,2296,5.179746413942083,hiv_3193,MoleculeNet_HIV,True
COC1(C)C(=O)N2C1N(C(=O)OC(C)(C)C)CC2(C)C,5.775005112504914,2297,5.19497580761742,hiv_22134,MoleculeNet_HIV,True
O=C(NC(=O)c1cn(C2OC(CO)C(O)C2O)c(=O)[nH]c1=O)OCc1ccccc1,5.7750018180936005,2298,5.238265465629424,hiv_17951,MoleculeNet_HIV,True
Cn1c2c(cc(-c3ccccc3)c1=O)COc1ccccc1-2,5.774801204694326,2299,5.282409439295689,hiv_20485,MoleculeNet_HIV,True
O=c1oc2c3c4c(cc2c2c1CCC2)CCCN4CCC3,5.774637289442238,2300,5.19230275119347,hiv_7250,MoleculeNet_HIV,True
O=C1NC(=S)NC1=Cc1ccco1,5.774610921375719,2301,5.2002682965155635,hiv_35393,MoleculeNet_HIV,True
C1OC1CN1CCN(CC2CO2)CC1,5.774413694375145,2302,5.185225646731699,hiv_2692,MoleculeNet_HIV,True
CCOC(=O)C=C1CCCn2c1ncc(C(=O)OCC)c2=O,5.774282276944093,2303,5.192283563148782,hiv_9401,MoleculeNet_HIV,True
CCOC(=O)c1nc(C)c(-c2ccccc2)c(-c2ccccc2)c1C,5.774268078913721,2304,5.290513368566261,hiv_16255,MoleculeNet_HIV,True
COc1ccc(C2CC(=O)c3c(O)cc(OC4OC(COC5OC(C)C(O)C(O)C5O)C(O)C(O)C4O)cc3O2)cc1O,5.77417142269574,2305,5.18674642940128,hiv_1482,MoleculeNet_HIV,True
CCCCCCCCCCCCCCCCNc1nc(=O)n(C2CC(N=[N+]=[N-])C(CO)O2)cc1C,5.774118501467158,2306,5.18698393763297,hiv_36536,MoleculeNet_HIV,True
CCOC(=O)CN(Cn1cncn1)Cn1cncn1,5.774031528268856,2307,5.196146129591759,hiv_10594,MoleculeNet_HIV,True
CC(C)N1CCCOC(c2ccc([N+](=O)[O-])cc2)O1,5.773970831800324,2308,5.422969990237632,hiv_33746,MoleculeNet_HIV,True
O=c1[nH]c2nc3ccccc3c(=O)n2c1=Cc1ccco1,5.773851822322821,2309,5.237272580841317,hiv_35382,MoleculeNet_HIV,True
CC(=O)C1(N=Nc2ccc(S(=O)(=O)Nc3onc(C)c3C)cc2)CCOC1=O,5.773832123384491,2310,5.179823366916182,hiv_4824,MoleculeNet_HIV,True
C#CC1(O)CCC2C3CCc4cc(Oc5nc(F)nc(-c6c7ccccc7c7n6CCS7)n5)ccc4C3CCC21C,5.7736547050952955,2311,5.191101147665719,hiv_23622,MoleculeNet_HIV,True
CCOC(=O)c1nc2cc(N3CCOCC3)c(F)cc2nc1O,5.773507045243292,2312,5.192784729405734,hiv_37349,MoleculeNet_HIV,True
COc1cc(C=Nc2ccc(C(C)C)cc2)cc(OC)c1OC,5.773462664771519,2313,5.394136136889494,hiv_22759,MoleculeNet_HIV,True
CC(CCCN1CCCCC1)C1CCC2C3CCC4CC(O)CCC4(C)C3CCC12C.Cl,5.773441986921621,2314,5.422533960004844,hiv_35617,MoleculeNet_HIV,True
Cc1ccc([N+](=O)[O-])cc1NC(=O)C(=O)Cc1cc(=O)oc2cc(O)ccc12,5.773327931483462,2315,5.198869234509244,hiv_19458,MoleculeNet_HIV,True
CN1C2CCC1C(C(=O)O)C(O)C2.Cc1ccc(S(=O)(=O)O)cc1,5.773244999410317,2316,5.414226579130699,hiv_2638,MoleculeNet_HIV,True
COC(=O)c1ccc(Nc2nc(O)c3nc[nH]c3n2)cc1,5.77318674972643,2317,5.169530497160349,hiv_35958,MoleculeNet_HIV,True
CC1(C)C(=NO)C2(C#N)CCC1C2,5.773182635733941,2318,5.190745908782109,hiv_40830,MoleculeNet_HIV,True
O=C1NC(=S)NC1=Cc1ccc(Cl)cc1,5.773093116886937,2319,5.2002682965155635,hiv_35361,MoleculeNet_HIV,True
Cc1cc2c(cc1Cl)SC(NNC(=O)c1ccncc1)=NS2(=O)=O,5.773057880879009,2320,5.142902176557073,hiv_26516,MoleculeNet_HIV,True
CCOC(=O)c1oc2ccc(OC)c3c2c1CCC3,5.772959902681307,2321,5.172195910073747,hiv_11968,MoleculeNet_HIV,True
O=C(NC(=Cc1cccc([N+](=O)[O-])c1)c1nc2cc([N+](=O)[O-])ccc2[nH]1)c1ccccc1,5.7728628944380525,2322,5.289205708139354,hiv_11742,MoleculeNet_HIV,True
O=C(NC(=Cc1cccc([N+](=O)[O-])c1)c1nc2nc(S)nc(O)c2[nH]1)c1ccccc1,5.7728628944380525,2323,5.289205708139354,hiv_11487,MoleculeNet_HIV,True
C(=C1CCCCC([n+]2ccccc2)=N1)c1ccccc1.Cc1ccc(S(=O)(=O)[O-])cc1,5.7728270707281535,2324,5.459250764797196,hiv_14145,MoleculeNet_HIV,True
CCOC(=O)C1=C(Nc2ccc(Cl)cc2Cl)OCC1=O,5.772620053195784,2325,5.153812423298645,hiv_11212,MoleculeNet_HIV,True
C(=Cc1ccccc1)C1=[O+][Cu-3]2([O+]=C(C=Cc3ccccc3)CC(c3ccccc3)=[O+]2)[O+]=C(c2ccccc2)C1,5.7726103684615175,2326,5.2825057419605415,hiv_1,MoleculeNet_HIV,True
Cn1c2c(O)c(O)ccc2c(=O)c2c(O)cc3c(c21)C=CC(C)(C)O3,5.772561198131704,2327,5.358510824547286,hiv_23144,MoleculeNet_HIV,True
CC(C)(C)c1cc2c(c(C(C)(C)C)c1O)CC(=O)O2,5.772444737029423,2328,5.210373894102543,hiv_29795,MoleculeNet_HIV,True
Clc1cccc(N2CCN(CCN3CCc4c([nH]c5ccccc45)C3c3cccnc3)CC2)c1,5.772357897951479,2329,5.256244360188863,hiv_15686,MoleculeNet_HIV,True
CC1(C)OC(=S)N(c2ccccc2)C12C=Cc1cc3ccccc3cc1O2,5.772050898612579,2330,5.3104791505308055,hiv_38181,MoleculeNet_HIV,True
COC1(c2cccs2)OC(=O)c2c([N+](=O)[O-])cccc21,5.771989804080421,2331,5.174323696515517,hiv_9861,MoleculeNet_HIV,True
CC1=C2C(=COC(C)C2C)C(O)=C(C(=O)O)C1=O,5.771826490821859,2332,5.169684971606877,hiv_7,MoleculeNet_HIV,True
CCn1cc(C(=O)O)c(=O)c2cc(F)c(N3CCNCC3)nc21,5.771751506734132,2333,5.20785570589405,hiv_14168,MoleculeNet_HIV,True
CCOC(=O)C(Cc1c[nH]c2cc([N+](=O)[O-])ccc12)NS(=O)(=O)c1ccc2ccccc2c1,5.771717003198286,2334,5.423147875675859,hiv_23025,MoleculeNet_HIV,True
COc1ccc(C(c2ccccc2)C(C)C(=O)c2c(C)cc(C)cc2C)cc1,5.771643113924495,2335,5.425103134442107,hiv_20397,MoleculeNet_HIV,True
COC(=O)C1=COC(C)C2C[n+]3ccc4c([n-]c5ccccc54)c3CC12.Cl,5.771540032593737,2336,5.224472290538084,hiv_21266,MoleculeNet_HIV,True
CCOC(=O)C1CCn2c(nc3c2c(=O)n(C)c(=O)n3C)S1,5.771371840156129,2337,5.186171976683459,hiv_13160,MoleculeNet_HIV,True
CSc1ccc(C(=O)C(=O)c2ccc(SC)s2)s1,5.771237937375412,2338,5.186079085853435,hiv_26953,MoleculeNet_HIV,True
CC(OC(C)(C)C)C(NC(=O)C(Cc1ccccc1)NC(=O)C(NC(=O)C(CCCCNC(=O)OC(C)(C)C)NC(=O)C(Cc1c[nH]c2ccccc12)C(=O)NC(Cc1ccccc1)NC(=O)C(Cc1ccccc1)NC(=O)C(CC(N)=O)NC(=O)C(N)CCCCNC(=O)OC(C)(C)C)C(C)OC(C)(C)C)C(=O)NC(COC(C)(C)C)C(=O)NC(CSC(C)(C)C)C(=O)OC(C)(C)C,5.771200447810048,2339,5.430055099151479,hiv_31132,MoleculeNet_HIV,True
CC1(C)CNC(=O)C2=C(O1)C(=O)OC2,5.770961229435488,2340,5.208525114340004,hiv_8136,MoleculeNet_HIV,True
CC1C=C2C3CC(C)(C(=O)O)CCC3(C)CCC2(C)C2(C)CCC3C(C)(C)C(OC(=O)c4cccc5c(=O)c6ccccc6[nH]c45)CCC3(C)C12,5.770895685212981,2341,5.164795932079288,hiv_36962,MoleculeNet_HIV,True
CN(C)CCSC1=Nc2ccc(Cl)cc2C(c2ccccc2Cl)N(C)C1.O=C(O)C=CC(=O)O,5.770767795779111,2342,5.398975824768089,hiv_9451,MoleculeNet_HIV,True
O=C(C=Cc1ccc(Br)cc1)c1ccc(NCc2nc3ccccc3[nH]2)cc1,5.770510301634689,2343,5.2959536807746685,hiv_20586,MoleculeNet_HIV,True
CC(C)=CCc1cc(C2CC(=O)c3c(O)cc(O)cc3O2)cc(CC=C(C)C)c1O,5.770497452709218,2344,5.195517243002628,hiv_10827,MoleculeNet_HIV,True
Cc1ccc(S(=O)(=O)N2CCN3CCN(CCN(C)CCN4CCN(CC4)CCN(S(=O)(=O)c4ccc(C)cc4)CCN(S(=O)(=O)c4ccc(C)cc4)CCN(S(=O)(=O)c4ccc(C)cc4)CCN(S(=O)(=O)c4ccc(C)cc4)CCN4CCN(CCN(C)CCN5CCN(CC5)CCN(S(=O)(=O)c5ccc(C)cc5)CCN(S(=O)(=O)c5ccc(C)cc5)CCN(S(=O)(=O)c5ccc(C)cc5)CC2)CC4)CC3)cc1,5.770413940042319,2345,5.184126339008985,hiv_34508,MoleculeNet_HIV,True
CCOC(=O)C(CCCC(C(=O)OCC)C(=O)OCC)C(=O)OCC,5.770358146239179,2346,5.400581410714871,hiv_29686,MoleculeNet_HIV,True
CN=S(=O)(CC1(O)CC2OC1C1OC(C)(C)OC21)c1ccccc1,5.7703523486232555,2347,5.289447392793655,hiv_14764,MoleculeNet_HIV,True
O=C(C=CC1C(=O)NC(=O)NC1=O)CC(=O)C(=O)Nc1cc(Cl)c(Cl)cc1Cl,5.770101005758669,2348,5.154856637887509,hiv_19471,MoleculeNet_HIV,True
CCc1ccc2c(c1)CC1(C2)Cc2cc3c(cc2C1)C(=O)CC3,5.770016777765511,2349,5.151903450565307,hiv_30164,MoleculeNet_HIV,True
O=C1c2cc(Cl)ccc2-n2c(noc2=O)C2CSCN12,5.770009437722231,2350,5.173451465225141,hiv_35009,MoleculeNet_HIV,True
CCCCCCC(=O)CC(CCC(=O)N(Cc1ccccc1)Cc1ccccc1)=NNc1ccc([N+](=O)[O-])cc1[N+](=O)[O-],5.7700014071083645,2351,5.238574661676947,hiv_15013,MoleculeNet_HIV,True
CC(Sc1ccccc1)C(=O)N1CCCC1,5.769964147916017,2352,5.4455346063871755,hiv_7778,MoleculeNet_HIV,True
O=S(=O)(O)c1cc(NN=Cc2cc(S(=O)(=O)O)c3cccnc3c2O)ccc1C=Cc1ccc(NN=Cc2cc(S(=O)(=O)O)c3cccnc3c2O)cc1S(=O)(=O)O.[NaH],5.7699516109084135,2353,5.1942910023262865,hiv_23876,MoleculeNet_HIV,True
Cc1[nH]nc2c1C(=O)C=C(N(CCO)c1ccccc1)C2=O,5.769914776063199,2354,5.282866375831875,hiv_13041,MoleculeNet_HIV,True
CCn1cc2c(=O)n3ncn(-c4ccc(Br)cc4)c3nc2n1,5.769733955733267,2355,5.192567854231146,hiv_35330,MoleculeNet_HIV,True
N#Cc1c2c(cn3c1nc1ccccc13)Cc1ccccc1-2,5.769668866510746,2356,5.239310940558097,hiv_37469,MoleculeNet_HIV,True
CCOC(=O)NC(=O)c1cn(CCCOC(=O)NCCCCCCNC(=O)OCCCn2cc(C(=O)NC(=O)OCC)c(=O)[nH]c2=O)c(=O)[nH]c1=O,5.769661658232139,2357,5.237217310150833,hiv_12172,MoleculeNet_HIV,True
CC1=CCC2CC1NC(=O)CCOCCC(=O)NC2(C)C,5.769588825609639,2358,5.1915969623841605,hiv_38679,MoleculeNet_HIV,True
C=C1C(=O)OC2C=C(CO)C(OC(C)=O)CC(O)C(C)=CC(OC(=O)C(C)CC)C12,5.769522322192516,2359,5.3953820588501324,hiv_7560,MoleculeNet_HIV,True
CN(C)c1ccc(C(c2cc3c(cc2O)OCO3)N2CCOCC2)cc1,5.769479159003407,2360,5.433349180869877,hiv_9022,MoleculeNet_HIV,True
COC(=O)c1ccccc1C=C1Cc2c(C)cc(C)cc2C1=O,5.769434943562523,2361,5.276496281861237,hiv_33300,MoleculeNet_HIV,True
CCOC(=O)C1c2[nH]c3ccccc3c2CCN1C(=O)c1ccc(OC)o1,5.769243604798419,2362,5.226909634284814,hiv_21588,MoleculeNet_HIV,True
CC1C(c2ccccc2)[OH+][B-]([FH+])(c2ccccc2)N1C,5.7691727386609335,2363,5.287814898279613,hiv_24620,MoleculeNet_HIV,True
CC1(C)OC(=O)c2cc(C(=CCCO)c3cc(Cl)c4c(c3)C(=O)OC(C)(C)O4)cc(Cl)c2O1,5.769112870015082,2364,5.206370095835508,hiv_37356,MoleculeNet_HIV,True
C=C1CCC(OC(C)=O)C2(C)C(OC(C)=O)CC3OC3(C)C2C(OC(C)=O)C2C(C)C(=O)OC2C1Cl,5.769067268934722,2365,5.187044657972369,hiv_7201,MoleculeNet_HIV,True
C=C1C(=O)C23OC2C1CCC(=O)C1(C)CCC(OC(C)=O)C(C)(C)C1CC3O,5.769067268934722,2366,5.185841577785932,hiv_10241,MoleculeNet_HIV,True
O=NNc1ccc(Sc2ccc(NN=O)cn2)nc1.[NaH],5.76902313662609,2367,5.174708935095744,hiv_9918,MoleculeNet_HIV,True
O=P(c1ccccc1)(c1ccccc1)N1N=NNC1=Cc1ccc(Cl)cc1,5.768760375059034,2368,5.458365664241764,hiv_4404,MoleculeNet_HIV,True
COc1ccc(NN=C2CCOc3ccc(C)cc3C2=O)cc1,5.768697400600402,2369,5.168463945826925,hiv_31804,MoleculeNet_HIV,True
CC1(C)COC(c2cccc(C(=O)c3ccccc3)c2)=N1,5.768663608179026,2370,5.293445526804593,hiv_29924,MoleculeNet_HIV,True
CC1=NC(=Cc2ccc(Br)cc2)C(=O)O1,5.76860385830981,2371,5.365393564494541,hiv_17104,MoleculeNet_HIV,True
CC(=O)OC1CC2C(=S)Nc3cc4c(cc3C(=O)N2C1)OCO4,5.768488647498346,2372,5.21124935901706,hiv_10127,MoleculeNet_HIV,True
CC(=O)[OH+][Zn-3]12([OH+]C(C)=O)Oc3c(Cl)cc(Cl)cc3C=[N+]1[N-]C(c1ccncc1)=[O+]2,5.768383549913259,2373,5.150207550569209,hiv_12532,MoleculeNet_HIV,True
O=c1c(=Cc2ccccc2)sc2nc(-c3ccccc3)nn12,5.768349494107805,2374,5.281008427237409,hiv_7134,MoleculeNet_HIV,True
O=C(C=Cc1ccc(Cl)cc1Cl)c1cccs1,5.768318473945085,2375,5.184400326985993,hiv_9654,MoleculeNet_HIV,True
CCc1cccc(C(C)(C)C)c1NC(=S)NC=C(C#N)C(=O)c1ccc2ccccc2c1,5.768316679419617,2376,5.298602600669487,hiv_26126,MoleculeNet_HIV,True
Cl.O=C(NCCCCCN1CCC2(CCCCC2)CC1)C(C1CCCCC1)C1CCCCC1,5.768146254769402,2377,5.4134454494548425,hiv_27134,MoleculeNet_HIV,True
N#CC1=C(N2CCCC2)NC(=O)CC1=O,5.767749504561455,2378,5.205826188222542,hiv_32089,MoleculeNet_HIV,True
CCOC(=O)CN1C(=O)c2c(c(C)n(-c3ccccc3)c2C)C1=O,5.767729672463061,2379,5.295356275047002,hiv_35452,MoleculeNet_HIV,True
O=C(C(=Cn1c(=O)cc[nH]c1=S)C(=O)c1ccccc1)c1ccccc1,5.767607826056538,2380,5.3044304908426385,hiv_26231,MoleculeNet_HIV,True
COc1ccc(C2C3=C4[OH+][Ge]5([O+]=C4C=C(C(C)C)C=C3)[O+]=C3C=C(C(C)C)C=CC2=C3[OH+]5)cc1,5.767588718320306,2381,5.416145927246799,hiv_11715,MoleculeNet_HIV,True
CC1(C)CC(=O)c2c(oc3cc(O)c(O)cc23)C1,5.767575714701092,2382,5.197486181061767,hiv_13951,MoleculeNet_HIV,True
Brc1ccc(N2N=NC3CNCC32)cc1,5.76748890657005,2383,5.3628528899083525,hiv_5732,MoleculeNet_HIV,True
O=C(NC(=Cc1ccc(C=C(NC(=O)c2ccccc2)c2nc3c(O)nc(S)nc3[nH]2)cc1)c1nc2c(O)nc(S)nc2[nH]1)c1ccccc1,5.767404474337003,2384,5.288168125741678,hiv_11734,MoleculeNet_HIV,True
COc1ccc2cc1Oc1cc3c(cc1OC)CC[N+](C)(C)C3Cc1ccc(cc1)Oc1c(OC)c(OC)cc3c1C(C2)[N+](C)(C)CC3,5.767283838189356,2385,5.204954174002709,hiv_1232,MoleculeNet_HIV,True
C1CCC(N=C(NC2CCCCC2)N2CCOCC2)CC1,5.767278444910453,2386,5.180617369639661,hiv_2399,MoleculeNet_HIV,True
CC1C2=C(CC(C)(C)CC2=O)NC2=C1C(=O)CC(C)(C)C2,5.76726276023032,2387,5.192734013962533,hiv_27724,MoleculeNet_HIV,True
CC1(C)CCCC2(C)C1CCC1(CO1)C2C=CC(C=O)CC=O,5.766988948684404,2388,5.396338487631248,hiv_34996,MoleculeNet_HIV,True
COc1ccc(C2CC(=O)N2)cc1,5.7667238894178015,2389,5.159282078206578,hiv_24560,MoleculeNet_HIV,True
O=C(c1ccc(Cl)cc1)c1ccc(OCC(=O)N2CCN(c3ccccc3)CC2)cc1,5.76670639014887,2390,5.287792193889626,hiv_20761,MoleculeNet_HIV,True
CC(C)(N)C(=O)NC1C(=O)N2C1SC(C)(C)C2C(=O)O,5.7665811094526696,2391,5.215325527536404,hiv_3241,MoleculeNet_HIV,True
COc1ccc(N2C(=O)c3c(c4[nH]c5ccc(OC)cc5c4c4ccc(C(C)(C)C)cc34)C2=O)cc1,5.766502174596943,2392,5.185592179568008,hiv_24289,MoleculeNet_HIV,True
CC1=CC2c3c([nH]c4ccccc34)C(c3c[nH]c4ccccc34)C2CC1,5.766132810362321,2393,5.248398742431104,hiv_13168,MoleculeNet_HIV,True
CCOC(=O)c1c[nH]c2cc3c(cc2c1=O)CCS3,5.766114361527217,2394,5.202435095749107,hiv_25153,MoleculeNet_HIV,True
CSc1n[nH]c2c1c(C)nn2-c1ccccc1,5.76608475144808,2395,5.3162408476065615,hiv_38064,MoleculeNet_HIV,True
CCCCNC(C)(C)C(SSSC(c1cccs1)C(C)(C)NCCCC)c1cccs1,5.765898025560133,2396,5.400581410714871,hiv_5317,MoleculeNet_HIV,True
S=c1[nH]nc(CNc2ccc(-c3n[nH]c(=S)n3-c3ccc(Cl)cc3)cc2)n1-c1ccc(Cl)cc1,5.76547216819159,2397,5.192022712508777,hiv_39503,MoleculeNet_HIV,True
CCC1=C2C(=O)c3ccccc3C2=C(C)S(=O)(=O)O1,5.765384426216842,2398,5.401547011873917,hiv_5665,MoleculeNet_HIV,True
N#CC1=CNc2sccc2S1(=O)=O,5.765367175478799,2399,5.202680235941393,hiv_38550,MoleculeNet_HIV,True
NS(=O)(=O)c1ccc(Nc2c3ccccc3nc3ncccc23)cc1,5.765218549418702,2400,5.295279552753255,hiv_10646,MoleculeNet_HIV,True
COC(=O)C1=C(CS(=O)c2ccc([N+](=O)[O-])cc2[N+](=O)[O-])ON(C)C1c1ccccc1,5.76521639865337,2401,5.253985979546999,hiv_12038,MoleculeNet_HIV,True
CCOC(=O)C(C(=O)OCC)C(C(=O)OCC)(C(=O)OCC)C(C(=O)OCC)C(=O)OCC,5.765104489948379,2402,5.3946814159274785,hiv_894,MoleculeNet_HIV,True
Cc1c(C(=O)O)oc2ccc([N+](=O)[O-])cc12,5.76489639193271,2403,5.181860178814293,hiv_11988,MoleculeNet_HIV,True
Cc1nc(O)c2sc(=S)n(-c3ccccc3)c2n1,5.764807746350008,2404,5.286817758910543,hiv_23203,MoleculeNet_HIV,True
Cc1ccc(C=C2Sc3scc(-c4ccccc4)[n+]3C2=O)cc1.[Cl-],5.764741564737228,2405,5.212029997277426,hiv_25937,MoleculeNet_HIV,True
CCOC(=O)C(Cc1ccc(O)cc1)NC(=O)C(CSSCC(NC(=O)OCc1ccccc1)C(=O)NC(Cc1ccc(O)cc1)C(=O)OCC)NC(=O)OCc1ccccc1,5.7645380102365555,2406,5.408128805849065,hiv_1818,MoleculeNet_HIV,True
COc1ccc(OC)c2c3c([nH]c12)C(=O)Nc1nc(N)nc(N)c1C3,5.764466830979669,2407,5.180427105441424,hiv_37260,MoleculeNet_HIV,True
CCOC(=O)c1ccc(C(=O)C(C(=O)OC(C)(C)C)=C2CCCN2C)n1C,5.76440104066613,2408,5.22841841280955,hiv_38935,MoleculeNet_HIV,True
Cc1cn(C2C(CO)C(CO)C2(C)C)c(=O)[nH]c1=O,5.763551465397098,2409,5.190003299763663,hiv_17018,MoleculeNet_HIV,True
Cc1ccc2c3c(c(C)nc2c1)C(=O)c1ccccc1-3,5.763521221083247,2410,5.439357251151385,hiv_15117,MoleculeNet_HIV,True
Cc1ccc(C(=O)N2c3ccccc3N(C)n3cccc3C2CC(=O)O)cc1,5.763423837572995,2411,5.295695043229339,hiv_20254,MoleculeNet_HIV,True
CC(Oc1cc(-c2cnn(C3CCNCC3)c2)cnc1N)c1c(Cl)ccc(F)c1Cl,5.7633949859595806,2412,5.516963440101302,davis_11626560,DAVIS_spike_in,True
N#Cc1ccc(N2CCOCC2)cc1,5.763283680163955,2413,5.2103115769634964,hiv_40049,MoleculeNet_HIV,True
N#CC(=Cc1cc(Cl)cc(Cl)c1O)c1nc2ccccc2[nH]1,5.763276973227986,2414,5.285244019071222,hiv_7827,MoleculeNet_HIV,True
N#Cc1sc2c(c1OC(=O)c1cccs1)c(=O)n(-c1ccccc1)c(=S)n2-c1ccccc1,5.763161587709023,2415,5.286822061171677,hiv_30412,MoleculeNet_HIV,True
O=C(Nc1ccccc1C(=O)Nc1nccs1)c1ccccc1,5.763052796740716,2416,5.287006649858459,hiv_10351,MoleculeNet_HIV,True
Cc1ccc(S(=O)(=O)c2ccsc2NC(=O)c2ccccc2)cc1,5.763036026280321,2417,5.429082698470244,hiv_38563,MoleculeNet_HIV,True
Cc1cc(S(=O)(=O)NC2=NCC(C)(C)CN2)c(S)cc1Cl,5.762937802446056,2418,5.24352527857165,hiv_31526,MoleculeNet_HIV,True
COc1nc(N)c2c3c([nH]c2c1C#N)C(C)(C)c1ccccc1N3C,5.762931588018076,2419,5.2477634984623975,hiv_7678,MoleculeNet_HIV,True
CC(C)C(=O)CC(c1ccc(Br)cc1)N1N=C(C(C)C)CC1c1ccc(Br)cc1,5.762823837824976,2420,5.3968668848741315,hiv_23636,MoleculeNet_HIV,True
COC(=O)C1=CON2C3CC4CC(C3)CC(C4)C12C,5.76278465557446,2421,5.162983214326483,hiv_30338,MoleculeNet_HIV,True
COC(=O)C([Se]c1c(C)cc(C)cc1C)=C([Se]c1c(C)cc(C)cc1C)C(=O)OC,5.762707789237523,2422,5.165759919475739,hiv_12654,MoleculeNet_HIV,True
CC(=O)Oc1ccc(C=CC(=O)OC(C(=O)O)C(OC(=O)C=Cc2ccc(OC(C)=O)c(OC(C)=O)c2)C(=O)O)cc1OC(C)=O,5.7626594193262735,2423,5.424908452173113,hiv_40215,MoleculeNet_HIV,True
O=P(N1CC1)(N1CC1)N1CC2CCC(CC2)C1,5.7625336633700455,2424,5.174189002361847,hiv_2059,MoleculeNet_HIV,True
Cc1nc2n(C)c3ncn(Cc4ccccc4)c3c(=O)n2c1C=CC(C)C,5.762363105260597,2425,5.3746257715730374,hiv_16332,MoleculeNet_HIV,True
S=C(N1CCN(c2cccc(Cl)c2)CC1)N1CCN(c2cccc(Cl)c2)CC1,5.762342098097358,2426,5.18892488577983,hiv_35353,MoleculeNet_HIV,True
O=C1c2ccccc2-c2c1c(-c1ccccc1)c1n2C2(C(=O)c3ccccc3C2=O)C2C(=O)N(c3ccccc3)C(=O)C12,5.762118549824473,2427,5.436545197782717,hiv_40038,MoleculeNet_HIV,True
CCOC(=O)NN(C(=O)OCC)C(=C(c1ccccc1)N1CCOCC1)N(NC(=O)OCC)C(=O)OCC,5.7619847312772725,2428,5.296330710026084,hiv_26381,MoleculeNet_HIV,True
COc1cc2c(cc1O)CN1CCC23C=CC(O)CC13,5.761914191893432,2429,5.204307277657436,hiv_17024,MoleculeNet_HIV,True
Br.CCOC(CN=c1nc(N(C)C)ss1)OCC,5.761909726536983,2430,5.400581410714871,hiv_11178,MoleculeNet_HIV,True
CC(C)CC(N)C(=O)NC(Cc1ccc(O)cc1)C(=O)NC(CCC(=O)O)C(=O)N1CCCC1C(=O)NC(CO)C(=O)NC(Cc1ccc(O)cc1)C(=O)NC(C)C(=O)N1CCCC1C(=O)NC(CC(N)=O)C(=O)NC(Cc1cnc[nH]1)C(=O)NC(Cc1ccccc1)C(=O)O,5.761704604131955,2431,5.549937732221209,hiv_14737,MoleculeNet_HIV,True
CC(C)=CCCC(C)=CCCC(C(=O)COCc1ccccc1)P1(=O)OC(C)(C)CN1C(C)(C)C,5.761690241953088,2432,5.402810948357368,hiv_40462,MoleculeNet_HIV,True
CCOC(=O)c1c2ccccc2n2c(=O)n(C)nnc12,5.761675116966925,2433,5.228293703126929,hiv_40817,MoleculeNet_HIV,True
C=C(C)C1(O)OC2CC3(C)OC(=CC3=O)C(C)=CC3OC(=O)C1(C)C32,5.761471131698656,2434,5.205088980262991,hiv_29479,MoleculeNet_HIV,True
Cc1ccccc1NC1(C#N)CCN(Cc2ccccc2)CC1,5.761401515500547,2435,5.2421202266074545,hiv_2645,MoleculeNet_HIV,True
N#Cc1c(C#N)c(-c2ccccc2)n(N=Cc2ccccc2)c1N,5.761398946529023,2436,5.283494948608841,hiv_34377,MoleculeNet_HIV,True
CCOC(=O)C=C1Nc2ccccc2-n2nnnc21,5.761388248300681,2437,5.251533355083372,hiv_21350,MoleculeNet_HIV,True
CCSC1=NC(=Cc2ccco2)C(NN)=N1,5.761360791562231,2438,5.385282125849006,hiv_38033,MoleculeNet_HIV,True
COc1ccc2c(c1)C1(C=N2)CCN(C(C)=O)CC1,5.761208039231483,2439,5.18901440076806,hiv_19976,MoleculeNet_HIV,True
CCOC(=O)c1nnc(-c2ccccc2)nc1Cl,5.761095262836825,2440,5.225669316728688,hiv_9576,MoleculeNet_HIV,True
c1cnc2c(c1)-n1cccc1C1(CCSC1)NN2,5.7610605604753635,2441,5.234550423081536,hiv_23414,MoleculeNet_HIV,True
C=C1C(=O)OC2CC(C=O)=CC3OC3C(COC(=O)C(C)C)=CCC12,5.760987290251241,2442,5.39479924518547,hiv_32516,MoleculeNet_HIV,True
O=C(c1ccccc1)N1C(=O)N(c2ccccc2)C(=Nc2ccccc2)C1=Nc1ccccc1,5.760901007078782,2443,5.3083911208561565,hiv_30571,MoleculeNet_HIV,True
O=c1c(F)cn2c(=O)n1CCCCCCCn1c(=O)c(F)cn(c1=O)CCCCCCC2,5.760892654331038,2444,5.191265168795794,hiv_29618,MoleculeNet_HIV,True
O=[N+]([O-])C1=C(c2ccccc2)SC=C(c2ccccc2)S1,5.760684054884525,2445,5.285883607374181,hiv_1451,MoleculeNet_HIV,True
O=C1NC2CCCCC2C12CCCCC2,5.760568279577289,2446,5.19001445368041,hiv_13542,MoleculeNet_HIV,True
CC(=O)Nc1c(C)cc2c(nc3n2CCC3OC(C)=O)c1[N+](=O)[O-],5.760299446427488,2447,5.126916696744503,hiv_35917,MoleculeNet_HIV,True
CC(C)=CC(C(O)c1ccccc1)S(=O)(=O)c1nccn1C,5.760266719811633,2448,5.43523360619658,hiv_21761,MoleculeNet_HIV,True
CC12SC(C)(c3c[se]cc31)C1C(=O)N(c3ccccc3)C(=O)C12,5.760051929208267,2449,5.28862549632118,hiv_13462,MoleculeNet_HIV,True
COC(=O)C12C(=O)OC(C)C1(O)C(C)C(=O)N2C,5.759966713727715,2450,5.156943762815932,hiv_12335,MoleculeNet_HIV,True
COC(=O)C1ON(C(=O)c2ccccc2)C(C)C2OC12,5.759949434647187,2451,5.284214465760516,hiv_5853,MoleculeNet_HIV,True
CCOC(=O)C(=Cc1ccc(F)cc1)[Se]c1ccccc1,5.759837308729036,2452,5.296778049168568,hiv_17930,MoleculeNet_HIV,True
O=C1C(=Cc2cccc3ccccc23)CCc2ccc([N+](=O)[O-])cc21,5.759793672152373,2453,5.250448703124881,hiv_27806,MoleculeNet_HIV,True
c1cnc2c(c1)-n1cccc1C1(CCOCC1)NN2,5.759688156649514,2454,5.234550423081536,hiv_23044,MoleculeNet_HIV,True
S=C(c1c[nH]c2ccccc12)N1CCN(c2ccccc2)CC1,5.759597943238953,2455,5.2524525100841375,hiv_37558,MoleculeNet_HIV,True
O=C(Nc1ccc(C(F)(F)F)cc1[N+](=O)[O-])C(=O)C1NC(=S)NC1=O,5.759545987068721,2456,5.191052036078086,hiv_18685,MoleculeNet_HIV,True
COC(=O)C1(C(=O)OC)CC(=O)c2cc3c(cc2-c2c(cc(OC)c(OC)c2OC)C1)OCO3,5.759538491540422,2457,5.184801666686347,hiv_21850,MoleculeNet_HIV,True
O=C(Cn1ccnc1[N+](=O)[O-])NCc1ccccc1,5.759480680129667,2458,5.193023047047905,hiv_7573,MoleculeNet_HIV,True
CCOC(=O)c1ccccc1NN1C(=O)C=CC1=O,5.759435894146107,2459,5.296414411539702,hiv_23647,MoleculeNet_HIV,True
O=C(C=Cc1ccc(OCC(=O)N2CCN(c3ccccc3)CC2)cc1)c1ccccc1,5.7593943284468905,2460,5.294543751642515,hiv_20755,MoleculeNet_HIV,True
C=C1C(=O)OC2C1CC1OC2C(C)CCCC2(C)OC2CCC1(C)O,5.759343656796259,2461,5.238070010251425,hiv_33169,MoleculeNet_HIV,True
Cc1cc2c(C(C)C)c(O)c(O)c(C=O)c2c(O)c1-c1c(C)cc2c(C(C)C)c(O)c(O)c(C=Nc3ccccc3SSc3ccccc3N)c2c1O,5.7593056547369885,2462,5.413875510372292,hiv_2725,MoleculeNet_HIV,True
CN1C(=O)CC(=O)N(c2ccccc2)c2cc(Cl)ccc21,5.758957382042401,2463,5.2835832670671214,hiv_8122,MoleculeNet_HIV,True
CCOC(=O)NC(=O)c1cn(CCCOC(=O)CCCCCCCCC(=O)OCCCn2cc(C(=O)NC(=O)OCC)c(=O)[nH]c2=O)c(=O)[nH]c1=O,5.758945653387039,2464,5.194283735379889,hiv_12292,MoleculeNet_HIV,True
N#Cc1c(NC(=S)NC(=O)c2ccccc2)nc2c(c1-c1ccccc1)CCCC2,5.758896732075675,2465,5.286108255472051,hiv_28704,MoleculeNet_HIV,True
C=CCC1(OC(C)=O)C(=O)C(=O)OC1C1COC(C)(C)O1,5.758860753515222,2466,5.185473543967706,hiv_33044,MoleculeNet_HIV,True
CCOC(=O)C1=C(O)C(=O)c2cc(C)ccc2C1=O,5.758850029555215,2467,5.387010513798623,hiv_22952,MoleculeNet_HIV,True
CC1=C2CCC(O)CC2(C)C(O)C1C,5.758823713272924,2468,5.186774442546294,hiv_13933,MoleculeNet_HIV,True
Cc1cc(Cc2cc(C)c(NC(=O)C(=O)C3C(=O)NC(=S)NC3=O)c(C(C)C)c2)cc(C(C)C)c1NC(=O)C(=O)C1C(=O)NC(=S)NC1=O,5.758743520504472,2469,5.419742290605211,hiv_20934,MoleculeNet_HIV,True
CC(C)S(=O)(=O)c1s[nH]c(=O)c1-c1ccccc1,5.758651730111525,2470,5.451052014914966,hiv_7468,MoleculeNet_HIV,True
CC1=C(Br)CC23C(C1)OC(Br)(C=CC2(C)O)C3(C)C.CC1=CCC23C(C1)OC(Br)(C=CC2(C)O)C3(C)C.CC1=CCC23C(C1)OC(Br)(C=CC2(C)O)C3(C)C,5.758618005033134,2471,5.189496973209094,hiv_14303,MoleculeNet_HIV,True
CC1(O)CCC23CC1CC2CC(OC(=O)c1ccccc1)C1C(C)(C(=O)O)CCCC13C,5.758591153366725,2472,5.252671870364323,hiv_18723,MoleculeNet_HIV,True
C(=C(c1ccccc1)c1ccccc1)N1CCOCC1,5.758406940906756,2473,5.287792193889626,hiv_2678,MoleculeNet_HIV,True
CCc1cc2c(cc1CCCC(=O)O)CC1(Cc3ccc(C(=O)O)cc3C1)C2,5.758075479355598,2474,5.205090389197736,hiv_30074,MoleculeNet_HIV,True
CCOc1ccc(C2Oc3c(cccc3OC)C=C2[N+](=O)[O-])cc1OCC,5.757950154032389,2475,5.1632789007044915,hiv_24641,MoleculeNet_HIV,True
C[n+]1c(-c2ccc(C=NNC(=O)c3ccc(C(=O)NN=Cc4ccc(-c5cn6ccsc6[n+]5C)cc4)cc3)cc2)cn2ccsc21.Cc1ccc(S(=O)(=O)O)cc1,5.757767351960404,2476,5.187578169821044,hiv_9506,MoleculeNet_HIV,True
CN1CC=C(C#CC(C)(C)O)CC1.O=C(O)C(=O)O,5.757707785196313,2477,5.2169717964235325,hiv_34983,MoleculeNet_HIV,True
O=C1C(=Cc2ccc(Cl)cc2)C(=O)c2ccccc21,5.757567685263964,2478,5.439584329603695,hiv_17202,MoleculeNet_HIV,True
N#Cc1ccccc1NC(=O)C(=NNC(=O)c1ccncc1)C(c1cnc2ccc([N+](=O)[O-])cc2n1)[N+](=O)[O-],5.757417249830862,2479,5.396627068459199,hiv_22070,MoleculeNet_HIV,True
NS(=O)(=O)c1cc2c(cc1C(F)(F)F)NCNS2(=O)=O,5.757062777408968,2480,5.22650288606343,hiv_1498,MoleculeNet_HIV,True
C=CC(C)(C)C12CC3C(=O)NC(=Cc4c[nH]cn4)C(=O)N3C1Nc1ccccc12,5.757052540013688,2481,5.294381993783968,hiv_7294,MoleculeNet_HIV,True
CC1(C)C(=NNc2ccc([N+](=O)[O-])cc2[N+](=O)[O-])C2CCC1C2,5.7566333010606785,2482,5.186879160183608,hiv_30004,MoleculeNet_HIV,True
O=C1N=C(NO)c2ccccc21,5.75660377270819,2483,5.466335269237455,hiv_4283,MoleculeNet_HIV,True
CC1=NN(C(=O)c2ccc([N+](=O)[O-])cc2)C(=O)C1N=Nc1ccccc1C(=O)O,5.756449994540394,2484,5.298607614037589,hiv_12782,MoleculeNet_HIV,True
CCOC(=O)Nc1nc2c([N+](=O)[O-])c(Br)n(C)c2s1,5.756414368791403,2485,5.19545138453953,hiv_8647,MoleculeNet_HIV,True
CC(=O)OC1C2C(CC(C)C3C=CC(=O)C31C)OC(=O)C2C,5.7563397911192595,2486,5.185401020264887,hiv_3161,MoleculeNet_HIV,True
CC12CCC3C(CCC4=CC(=O)CCC43C)C1CC(C#N)C(=O)N2,5.756332605099959,2487,5.167632034583695,hiv_13367,MoleculeNet_HIV,True
CCOC(=O)C1(C(=O)OCC)CC(=O)C2(C1)OCCC1OC(=O)CC12,5.756297659019744,2488,5.1931853544832824,hiv_38587,MoleculeNet_HIV,True
CCOC(=O)C12C3CCC1C2C(=O)C3,5.756297659019744,2489,5.194012060104165,hiv_37135,MoleculeNet_HIV,True
CC1=NOC(=O)C1N=Nc1ccc(Br)c(C)c1,5.756175921591388,2490,5.161990443557568,hiv_14265,MoleculeNet_HIV,True
CCCC(Cl)=NOC(NC(=O)OCC)(C(F)(F)F)C(F)(F)F,5.756161368674691,2491,5.194249568171668,hiv_30839,MoleculeNet_HIV,True
CCOC(=O)c1c(NC(=O)CCl)ssc1=S,5.756161368674691,2492,5.194249568171668,hiv_6199,MoleculeNet_HIV,True
ONC1=Nc2ccccc2C(=S)N2CSCC12,5.7560410535206135,2493,5.454589263471265,hiv_34997,MoleculeNet_HIV,True
CC12COP(OC1)OC2,5.755950182501916,2494,5.210170035174944,hiv_1997,MoleculeNet_HIV,True
CCOC(=O)c1c(N2CCCC2)nc(O)c(C(c2ccco2)c2c(O)nc(N3CCCC3)c(C(=O)OCC)c2O)c1O,5.755743324922239,2495,5.385544997187462,hiv_40698,MoleculeNet_HIV,True
C=C1C(=O)OC2CC(C)C3C=CC(=O)C3(C)C(OC(=O)CCCC(=O)OC3C4C(=C)C(=O)OC4CC(C)C4C=CC(=O)C43C)C12,5.755740847538742,2496,5.185401020264887,hiv_8590,MoleculeNet_HIV,True
CCOC(=O)c1c2ccc(C=CC(=O)OC)ccc-2c(C(=O)OCC)c1N,5.755638716800657,2497,5.173909163215547,hiv_21418,MoleculeNet_HIV,True
CC12CCC(=O)CC13CCC2OC(O)C3,5.755575884602737,2498,5.187721769639694,hiv_13581,MoleculeNet_HIV,True
C1=[N+]2[N-]C(N3CC4CCC(CC4)C3)=[S+][Fe-]2[n+]2ncccc21,5.755482438903043,2499,5.176164700260213,hiv_15632,MoleculeNet_HIV,True
CN1CCN(c2nc3c(c(=O)n(C)c(=O)n3C)n2C)CC1,5.755474774678059,2500,5.181881525749556,hiv_1305,MoleculeNet_HIV,True
C=CC1(C)CCC2(O)C(CCC3C(C)(COC(=O)CC(=O)OC)CCCC32C)C1,5.755269793064327,2501,5.161781397958621,hiv_20984,MoleculeNet_HIV,True
CC12CCC3C(CCC4CC(OC(=O)C=Cc5ccccc5N(CCCl)CCCl)CCC43C)C1CCC(=O)N2,5.755175898796283,2502,5.299893180948131,hiv_10925,MoleculeNet_HIV,True
CCC1=CCC23C(=O)C=CC(=O)C2(C1)C(=O)c1cccc(OC)c1C3=O,5.755167179230986,2503,5.187732997695038,hiv_31004,MoleculeNet_HIV,True
O=C(O)c1ccccc1Sc1ccc(C=C2NC(=S)N(c3ccccc3)C2=O)s1,5.7550606358702865,2504,5.29522476520064,hiv_33503,MoleculeNet_HIV,True
CCOC(=O)C1=C(C)NC(=O)NC1c1ccccc1,5.7550135877547,2505,5.306005053043183,hiv_963,MoleculeNet_HIV,True
CCOC(=O)Cc1csc2nc(-c3ccccc3)nn12,5.754736734734858,2506,5.293025177774233,hiv_7571,MoleculeNet_HIV,True
CC(C)(C)C(=O)OC=COC1CCCC1(c1ccccc1)c1ccccc1,5.754701359877258,2507,5.290920648939411,hiv_40396,MoleculeNet_HIV,True
CCOc1ccc(N=Cc2ccc3cc(C)ccc3n2)cc1,5.754468977671059,2508,5.173406380336401,hiv_14545,MoleculeNet_HIV,True
O=C(O)c1cc(=O)c2c([nH]c3ccccc32)s1,5.754425670941924,2509,5.223360588448748,hiv_11281,MoleculeNet_HIV,True
CC1=CC2OC3CC4OC(=O)C=CC=CC(=O)OCCC(C)C(O)C(=O)OCC2(CC1)C4(C)C31CO1,5.754346657131167,2510,5.183918520597356,hiv_4577,MoleculeNet_HIV,True
COc1ccccc1NC(=S)NC=C1C(=O)NC(=O)NC1=O,5.754131832167271,2511,5.286189430404055,hiv_26043,MoleculeNet_HIV,True
O=C(C=Cc1ccccc1Cl)NC1C=Nc2ccc([N+](=O)[O-])cc2NC1,5.753931554829776,2512,5.267778654344562,hiv_17414,MoleculeNet_HIV,True
CCCOc1cc2c(c3oc(=O)cc(CCC)c13)C(=O)C(C)C(C)O2,5.7539080824636155,2513,5.195878369254501,hiv_35066,MoleculeNet_HIV,True
CCC1(Cc2ccc(OC)c(OC)c2)[CH-][N+](=O)OC(OC2CCCC2(c2ccccc2)c2ccccc2)C1OC(=O)c1ccccc1,5.753773922284118,2514,5.187011971167051,hiv_40401,MoleculeNet_HIV,True
CCC12CCCN3CCC4(C(=Nc5cc(OC)ccc54)CC1)C32,5.753635751024099,2515,5.3320342007213775,hiv_10746,MoleculeNet_HIV,True
CC12CCC3C(CC=C4CC(O)CCC43C)C1Cc1cn[nH]c1N2,5.753524460635486,2516,5.197707008851834,hiv_13364,MoleculeNet_HIV,True
O=C1OC2(CC1C1(O)C3CC4CC(C3)CC1C4)C1CC3CC(C1)CC2C3,5.753423188493624,2517,5.183954812870613,hiv_24359,MoleculeNet_HIV,True
C=CCP(=O)(CC=C)C(Cl)Cl,5.753386840821115,2518,5.393075904464689,hiv_30434,MoleculeNet_HIV,True
C=C1C(=O)OC2C1CCC(C)C1(O)C(O)CC(=O)C21C,5.7533252618765,2519,5.185814246293971,hiv_12830,MoleculeNet_HIV,True
CC(=O)OCC1OC(n2c(-c3ccccc3)c(C)c(C)c(C#N)c2=S)C(OC(C)=O)C(OC(C)=O)C1OC(C)=O,5.753324881583008,2520,5.279575793551368,hiv_28859,MoleculeNet_HIV,True
CSc1nc2c(n1-c1ccccc1)C(=O)C(OS(=O)(=O)c1ccccc1)C(=O)N2,5.7533211797571635,2521,5.297466536906724,hiv_6119,MoleculeNet_HIV,True
CC(=O)NNC(=S)NC=C1C(=O)C=C(C)OC1=O,5.75328992562329,2522,5.185312177513347,hiv_24844,MoleculeNet_HIV,True
Cc1cc(C)c(C#N)c(SCC(=O)c2sc3c(C#N)c(C)cc(C)[n+]3c2O)n1,5.753289635027164,2523,5.191688614604508,hiv_8225,MoleculeNet_HIV,True
CC(=O)OC1C(N(C)C(=O)c2ccccc2)CCC2(C)C3CCC4(C)C(CC(O)C4C(C)N(C)C)C3CCC12,5.753147374019912,2524,5.442119077174023,hiv_23242,MoleculeNet_HIV,True
Cc1cc2oc(-c3ccccc3)c(C)c(=O)c2c2c1OC(C)(C)S2,5.753063751003512,2525,5.302698321329757,hiv_21796,MoleculeNet_HIV,True
Cc1c(C)c(C)n(C2OC(CO)C(O)C(O)C2O)c(=S)c1C#N,5.752939096371188,2526,5.180183288460025,hiv_28863,MoleculeNet_HIV,True
CCOC(=O)c1ccn2c(c1)c(C#N)c1nc3ccccc3nc12,5.752656220195115,2527,5.2524159265979256,hiv_23721,MoleculeNet_HIV,True
CC1(C)OCC2OC(n3cnc4c(N)nc(Cl)nc43)C(OS(C)(=O)=O)C2O1,5.752630404986336,2528,5.189009373167529,hiv_3353,MoleculeNet_HIV,True
CC12CCC3C(CCC4(O)CC(O)CCC34C=O)C1(O)CCC2C1=CC(=O)OC1,5.752534958819267,2529,5.184753570437704,hiv_3214,MoleculeNet_HIV,True
CC(=Nc1ccccc1S)c1c(O)ccc2c(C)cc(=O)oc12,5.752336840679025,2530,5.437613143953678,hiv_17136,MoleculeNet_HIV,True
O=C(CC1NCCS1)OCc1ccc(Br)cc1,5.752013043174448,2531,5.239087900986846,hiv_18173,MoleculeNet_HIV,True
CC(=O)NC(CCC(=O)C=[N+]=[N-])C(=O)O,5.751998259463407,2532,5.39474210761339,hiv_1660,MoleculeNet_HIV,True
CC(=O)OC1C(OC(C)=O)C2(C)C(C(OC(C)=O)C3C2C(C)C=C2OC(=O)C(C)(O)C23C)C2C(O)C(=O)C3CC4OC4C(OC(C)=O)C3(C)C12,5.751897213441046,2533,5.186516233276206,hiv_13070,MoleculeNet_HIV,True
COc1cc(-c2cc(-c3ccccc3)nc(-c3c(OC)ccc4c(C)cc(=O)oc34)c2)cc(OC)c1OC,5.751870794546532,2534,5.279318394583536,hiv_34837,MoleculeNet_HIV,True
NC(=O)c1ncn2c1NC(=O)CC2,5.751653190735629,2535,5.197431534113738,hiv_11849,MoleculeNet_HIV,True
CN1CC(=O)N2Cc3ccccc3-n3cccc3C2C1,5.751636237923813,2536,5.314106525095071,hiv_14074,MoleculeNet_HIV,True
C[n+]1c(-c2ccc(C=NNC(=O)c3cc(O)c(C(=O)NN=Cc4ccc(-c5cn6ccccc6[n+]5C)cc4)cc3O)cc2)cn2ccccc21.[Br-],5.751534080879466,2537,5.287775942881367,hiv_10397,MoleculeNet_HIV,True
COC(=O)C(C#N)=C1NN=NN1CCCN1CCOCC1,5.751364884864851,2538,5.401685895656087,hiv_12451,MoleculeNet_HIV,True
CCOC(=O)c1c(SC(=O)c2ccc(C(C)(C)C)cc2)n(-c2ccccc2)c(=S)n(-c2ccccc2)c1=O,5.751171382106806,2539,5.299012435909775,hiv_30395,MoleculeNet_HIV,True
CC1(C)CC23CC(C)(C)c4cccc(c42)OCc2ccc4ccc5ccc(nc5c4n2)COc2cccc1c23,5.751152008608043,2540,5.2074562302977565,hiv_38841,MoleculeNet_HIV,True
CC(=O)NC1=NC(=Cc2ccc(Cl)cc2)C(=O)N1C=C1C(=O)Oc2ccccc2C1=O,5.751149784736636,2541,5.4654307189491425,hiv_25415,MoleculeNet_HIV,True
O=c1cc(C(F)(F)F)c2cc3c(cc2o1)NCCC3,5.751148911021501,2542,5.192201427656477,hiv_9051,MoleculeNet_HIV,True
CCOC(=O)Nc1nn(C)c(=NCc2ccccc2)s1,5.7509900925357735,2543,5.236754010089852,hiv_38796,MoleculeNet_HIV,True
COc1ccc(-c2cc(-c3ccc(Cl)cc3)n(C3OC(CO)C(O)C(O)C3O)c(=S)c2C#N)cc1,5.750863100713299,2544,5.155312428897257,hiv_30730,MoleculeNet_HIV,True
CCOC(=O)C1(N)CCc2[nH][nH]c(=O)c2C1,5.750847556187729,2545,5.2113567582085825,hiv_39170,MoleculeNet_HIV,True
CC1CCC2(C)C3(C)CCC2(OC3=O)C12CC(c1ccoc1)OC2=O,5.750799909813216,2546,5.168875311467392,hiv_28653,MoleculeNet_HIV,True
CSc1cccc(-n2c3nc(=O)n(C)c(=O)c-3nc3ccccc32)c1,5.750778320256709,2547,5.235974890964389,hiv_13451,MoleculeNet_HIV,True
O=C1CC(Sc2ccccc2)C2(OCCO2)C2ON3CCCCC3C12,5.750694232437081,2548,5.299499746116167,hiv_38422,MoleculeNet_HIV,True
CCOC(=O)Cn1c(=O)c2nc(SC)sc2n(-c2ccc(C)cc2)c1=S,5.750605062090549,2549,5.189168925056618,hiv_30656,MoleculeNet_HIV,True
O=C(NC1CCNCC1)c1[nH]ncc1NC(=O)c1c(Cl)cccc1Cl,5.750585117952226,2550,5.198458372367572,davis_11338033,DAVIS_spike_in,True
Cc1cc2c(=O)cc(-c3ccc(C(F)(F)F)cc3)oc2c(C(=O)O)c1C,5.750498672855985,2551,5.185800037486599,hiv_12596,MoleculeNet_HIV,True
C=C1C(=O)C23C(O)C1CCC2C12COC3(O)C(O)C1C(C)(C)CCC2O,5.750425252051354,2552,5.150108755124618,hiv_6705,MoleculeNet_HIV,True
CC1C(=O)N=C2C(=CN(Cc3ccccc3)c3ccccc32)C(=O)N1C,5.750404602442591,2553,5.411356761494326,hiv_13969,MoleculeNet_HIV,True
Clc1ccc(C(c2ccc(Cl)cc2)c2cncnc2)cc1,5.750384326676448,2554,5.4261593232223175,hiv_12908,MoleculeNet_HIV,True
CCOC(=O)C(CCCCS(=O)(=O)O)C(=O)OCC,5.749969298332435,2555,5.400581410714871,hiv_121,MoleculeNet_HIV,True
CCOC(=O)NC(S(=O)(=O)O)S(=O)(=O)O,5.749969298332435,2556,5.400581410714871,hiv_6650,MoleculeNet_HIV,True
CCCCCCCCCCCCCCCCCCCCC(C(=O)OCC)S(=O)(=O)O,5.749969298332435,2557,5.400581410714871,hiv_6754,MoleculeNet_HIV,True
CCOC(=O)C1=NN(c2ccc([N+](=O)[O-])cc2)C2(C)CC3(c4ccccc4)N(c4ccc([N+](=O)[O-])cc4)N=C(C(=O)OCC)N3c3ccccc3N12,5.74991733863325,2558,5.228045979202553,hiv_34835,MoleculeNet_HIV,True
CC(=O)C1=C(O)C(N)C2Cc3c(c(O)c4c(O)c(C)ccc4c3C)C(=O)C2(O)C1=O.CCCCCCCCCCCCOS(=O)(=O)O,5.749845944025112,2559,5.195764851273794,hiv_2658,MoleculeNet_HIV,True
N#Cc1c(O)nc2c(c1C#N)CCCC2,5.749720386181557,2560,5.189836267566646,hiv_34436,MoleculeNet_HIV,True
C=C(C)C1Cc2oc(cc2C(=O)OC)C(C(=C)C)C2C=C(C(=O)O2)C(O)C1O,5.749705815900687,2561,5.175847954557275,hiv_34563,MoleculeNet_HIV,True
CC1=C(Br)C(c2ccccc2)=Nc2ccccc2N1,5.749663280690996,2562,5.4709284386639,hiv_6810,MoleculeNet_HIV,True
COc1cc2c(c(OC)c1OC)CCC1(C)C(=O)NN=C21,5.749540340985939,2563,5.1810919673045195,hiv_6756,MoleculeNet_HIV,True
Cc1c(C)c2c(c3c1OC(C)(C)CC3)CCC(C)(C)O2,5.749463464809989,2564,5.232457738652006,hiv_7301,MoleculeNet_HIV,True
COC(=O)C1NC(C)(C(=O)OC)C2C(=O)NC(=O)C12,5.74942442080942,2565,5.167776829231353,hiv_9170,MoleculeNet_HIV,True
O=C1CCC2(c3ccc(Cl)cc3)Nc3ccc(Cl)cc3N12,5.749305102375634,2566,5.140101453078698,hiv_19546,MoleculeNet_HIV,True
COc1ccc(NC2Oc3cc4c(cc3C(c3cc(OC)c(OC)c(OC)c3)C2C)OCO4)cc1,5.749110678693869,2567,5.157433054474761,hiv_29045,MoleculeNet_HIV,True
N#Cc1c(C#N)c(-c2cccc([N+](=O)[O-])c2)n(-c2ccccc2)c1N,5.749042577993836,2568,5.28360114224505,hiv_34372,MoleculeNet_HIV,True
CN1C(=S)N2CCCCCCCC2C(C#N)=C1N,5.748934007848841,2569,5.1819466215097565,hiv_39382,MoleculeNet_HIV,True
O=C(O)c1cnccc1-c1cc(=O)[nH]n1-c1ccccc1,5.748844731739993,2570,5.396770843670002,hiv_35905,MoleculeNet_HIV,True
CC(C)n1c2c(c3ccccc3c1=O)C(=O)c1ccccc1-2,5.74857546700287,2571,5.449396752504233,hiv_8238,MoleculeNet_HIV,True
C=CCC(NCc1ccccc1)C(OCc1ccccc1)C1COC(C)(C)O1,5.7484923889285335,2572,5.419056079505429,hiv_37009,MoleculeNet_HIV,True
CC(=O)c1c2c(cc3c1CC1(C3)Cc3cc4c(c(C(C)=O)c3C1)CCC4)CCC2,5.748284417600832,2573,5.195970344246905,hiv_15665,MoleculeNet_HIV,True
CS(=O)(=O)OCCN(CCOS(C)(=O)=O)c1ccc(C=Nc2ccc(-c3csc(COc4ccccc4)n3)cc2)cc1,5.748237318854933,2574,5.7265849474208865,hiv_7062,MoleculeNet_HIV,True
O=C(CN1CCCCC1)OCOP(=O)(OCOC(=O)CN1CCCCC1)OCC1CCC(n2ccc(=O)[nH]c2=O)O1,5.74808542961029,2575,5.1846005963604265,hiv_35876,MoleculeNet_HIV,True
CCOC(=O)c1c(SCCN2CCCCC2)n(-c2ccccc2)c(=S)n(-c2ccccc2)c1=O,5.748038765656342,2576,5.335181408173268,hiv_24483,MoleculeNet_HIV,True
O=C1C2N=NN(c3ccccc3)C2C(=O)N1c1ccccc1,5.747812694284084,2577,5.448235884049081,hiv_3277,MoleculeNet_HIV,True
O=C1N=C2Sc3ccc4ccccc4c3N2C1=O,5.747812694284084,2578,5.430025495539534,hiv_15119,MoleculeNet_HIV,True
c1ccc(N2N=NC3C4CC(C32)C2C4N=NN2c2ccccc2)cc1,5.747812694284084,2579,5.449435213957802,hiv_1699,MoleculeNet_HIV,True
C=CCC(CC=O)(C(=O)OCC)C(=O)OCC,5.747749709654542,2580,5.194249568171668,hiv_36266,MoleculeNet_HIV,True
O=c1oc2ccccc2c2c1SC(c1ccncc1)C2,5.747644894214889,2581,5.21240522174896,hiv_8904,MoleculeNet_HIV,True
Nc1on[n+](-c2ccccc2)c1-c1ccccc1,5.747499850397945,2582,5.308429697746163,hiv_2034,MoleculeNet_HIV,True
CN1C(=O)CC(=O)N1C(=Cc1ccccc1)c1ccccc1,5.747286719052307,2583,5.282545684669445,hiv_38367,MoleculeNet_HIV,True
CC1(C)C2C=CC1(C)C1(CC2)OCCO1,5.746913783849465,2584,5.186929761181977,hiv_25031,MoleculeNet_HIV,True
COC(=O)C12CCC(C(=O)OC)(CC1)n1c(=O)n(-c3ccccc3)c(=O)n12,5.746872876409573,2585,5.206408381076237,hiv_8476,MoleculeNet_HIV,True
N#CC(=CN1CCNC1=S)C(=O)c1ccc2ccccc2c1,5.7468624605564935,2586,5.2982968830510355,hiv_26127,MoleculeNet_HIV,True
CC1(C)CN(CCC#N)C(c2ccc([N+](=O)[O-])cc2)O1,5.746859134162312,2587,5.186675360335569,hiv_3737,MoleculeNet_HIV,True
CCCCOC(=O)c1c2nc3c(C(=O)OCCCC)ccc(C)c3oc-2c(C)c(=O)c1NC(C)=O,5.746839275399961,2588,5.183075879737269,hiv_3622,MoleculeNet_HIV,True
CC1CC(=O)C(C(O)CC2CC(=O)N(c3ccccc3)C(=O)C2)C(C)C1,5.746822799146515,2589,5.398263346324053,hiv_10936,MoleculeNet_HIV,True
c1ccc(N2N=NC3C4CC(C5COCC54)C32)cc1,5.746440290458235,2590,5.449435213957802,hiv_3456,MoleculeNet_HIV,True
COC(=O)N1CC(=O)C(C(=O)NC23CC4CC(CC(C4)C2)C3)C1,5.746355786086738,2591,5.162983214326483,hiv_18853,MoleculeNet_HIV,True
CC(C)OC=C1CCc2ccccc2C1=O,5.746350177500856,2592,5.4481170549744755,hiv_9739,MoleculeNet_HIV,True
O=c1nc2n(cc1F)C1OC(CCl)C(O)C1O2,5.746312854260133,2593,5.17100176070768,hiv_9997,MoleculeNet_HIV,True
CCCCOC(=O)OC1CCC2(C)CC3CCC2(OO3)C1(C)C,5.746247967719346,2594,5.199109917984582,hiv_31993,MoleculeNet_HIV,True
CCC(=O)OC1CCC2C3CCC(=O)OC3C(C)(CCC(=O)O)CC12C,5.746247967719346,2595,5.192824528985824,hiv_2958,MoleculeNet_HIV,True
Cn1c(=O)sc2cc(C(=S)N3CCC(Cc4ccccc4)CC3)ccc21,5.746166512146703,2596,5.237052043002084,hiv_37584,MoleculeNet_HIV,True
c1cncc(C2(c3cc4ccccc4[nH]3)COCO2)c1,5.746033863488419,2597,5.302268905913412,hiv_38198,MoleculeNet_HIV,True
CC12CCC(C=C1N1CCCCC1)C(C)(C)O2,5.745947769427972,2598,5.190633704407311,hiv_8296,MoleculeNet_HIV,True
Cc1[nH]cc2c1C(c1ccccc1F)=NCC(=O)N2,5.745933039066136,2599,5.308035766700397,hiv_7270,MoleculeNet_HIV,True
COc1cc2c(cc1OC)C(Cc1cc(Br)c(OC)c(OC)c1)=[N+](C)CC2.[I-],5.7459153033692285,2600,5.0535536332821165,hiv_20680,MoleculeNet_HIV,True
CCC(C)C1NC(=O)C2CCCN2C(=O)CNC(=O)C(C)NC(=O)C(Cc2ccccc2)NC(=O)C(C(C)C)NC1=O,5.745878546095879,2601,5.511054069944009,hiv_12619,MoleculeNet_HIV,True
CC(CCOc1c2ccoc2cc2oc(=O)ccc12)C1=CC(=O)C(C)(C)O1,5.745855289828963,2602,5.4100096260993045,hiv_30956,MoleculeNet_HIV,True
CC1(C)NNC(=S)NC1=O,5.745849703627618,2603,5.203746530915929,hiv_16055,MoleculeNet_HIV,True
[N-]=[N+]=Nc1ccc2c(c1)Sc1ccccc1N2CCCCN1CCN(C(=O)CCNC(=O)Cc2ccc(C(=O)c3ccccc3)cc2)CC1,5.745829905084983,2604,5.2661346062707945,hiv_33268,MoleculeNet_HIV,True
COc1ccc(C2CCc3cc4c(cc3C2=NOC(C)=O)OCO4)cc1OC,5.7456963032363415,2605,5.158810348393062,hiv_5540,MoleculeNet_HIV,True
CCOC(=O)C(=Cn1c(=S)[nH]c2cc(C)ccc21)C(=O)OCC,5.745651091562,2606,5.174219210832298,hiv_25880,MoleculeNet_HIV,True
O=C1C(=Cc2ccc([N+](=O)[O-])cc2)C(=O)N(c2ccccc2)C1c1ccccc1,5.745482271643012,2607,5.273085681675025,hiv_27120,MoleculeNet_HIV,True
CC(C)(C)c1ccc2c(c1)CNCCNCc1cc(C(C)(C)C)ccc1OCC1(CO2)COc2ccc(C(C)(C)C)cc2CNCCNCc2cc(C(C)(C)C)ccc2OC1,5.745456991380613,2608,5.247933484532442,hiv_37200,MoleculeNet_HIV,True
CCN1CCN(c2nc3ccccc3c3c2CCOc2ccccc2-3)CC1,5.745345941925322,2609,5.262542931016086,hiv_37276,MoleculeNet_HIV,True
CN1C(=O)C2N(N(C)C1=O)C1(Br)C(=O)NC(=O)C21Br,5.745282295058922,2610,5.189168810396671,hiv_9400,MoleculeNet_HIV,True
O=c1oc2cc(O)ccc2c(O)c1C(c1cccnc1)c1c(O)c2ccc(O)cc2oc1=O,5.744955043446933,2611,5.42926134764499,hiv_36311,MoleculeNet_HIV,True
CC1=C2C3=C(C)C(=O)C(C)(C)CCC3(C)C2(C)CCC(C)(C)C1=O,5.744901526317232,2612,5.19361922224135,hiv_34760,MoleculeNet_HIV,True
CC1(C)N=c2c(ncn2CCCO)=C(C(N)=O)N1,5.744649826275546,2613,5.18974137766023,hiv_30053,MoleculeNet_HIV,True
Cc1ccc(OCC2OC(n3cnc4nc(Cl)nc(Cl)c43)CC2Oc2ccc(C)cc2)cc1,5.744583036175958,2614,5.179556654467629,hiv_35967,MoleculeNet_HIV,True
Cc1ccsc1C=NNc1nc2ccccc2s1,5.744343065135502,2615,5.293302706941318,hiv_35258,MoleculeNet_HIV,True
COC(=O)C1CC(=O)N(C)c2sc(C)c(C)c2C1=O,5.74423377181611,2616,5.146707844140591,hiv_6483,MoleculeNet_HIV,True
CCOC(=O)N1CCC2(CC1)CC(C(C)=O)(c1ccccc1)C(C)O2,5.744046561777439,2617,5.299301046235461,hiv_40287,MoleculeNet_HIV,True
CN(NC(=O)c1cccs1)C1=NCCCCN1.I,5.744024672577138,2618,5.210632032025453,hiv_29585,MoleculeNet_HIV,True
O=[N+]([O-])c1ccc(-n2nc3ccc4nonc4c3n2)cc1,5.7439872594928385,2619,5.180066268507706,hiv_29607,MoleculeNet_HIV,True
S=C1CC(N2CCCC2)=Nc2ccccc2N1,5.743976425910541,2620,5.475942215426307,hiv_8087,MoleculeNet_HIV,True
COC(=O)C1CCC(=O)N1C(c1ccc(OC)cc1)c1ccc2c(c1)OCO2,5.74397001121902,2621,5.398777656226391,hiv_31425,MoleculeNet_HIV,True
C=C1C(O)OC2OC3(C)CCC4C(C)CCC1C24OO3,5.743929276563775,2622,5.188798155386631,hiv_39113,MoleculeNet_HIV,True
CC(C)(C)OC(=O)NCCC1SC2C=CC1C2,5.743917217700978,2623,5.206428041532457,hiv_33376,MoleculeNet_HIV,True
CCOC(=O)C1(Sc2ccccc2)CCC2c3[nH]c4ccccc4c3CCN2C1=O,5.7436962630133115,2624,5.2342473680450965,hiv_16026,MoleculeNet_HIV,True
CC(=O)c1c(O)cc(O)c(-c2c(C)cc(O)c3c2C(=O)c2cccc(O)c2C3=O)c1O,5.743682785442846,2625,5.172244286392721,hiv_39123,MoleculeNet_HIV,True
CC1CC2OC(=O)C3(C)C2C(OC3(C)O)C2(C)C(=O)C=CC12,5.743537905861596,2626,5.216037760913446,hiv_841,MoleculeNet_HIV,True
C[N+]12CCCCC1CC(=O)CC2,5.743512268266756,2627,5.170744385216122,hiv_3704,MoleculeNet_HIV,True
CSC1(C)CC2C(CC1N1CCCCC1)C2(C)C,5.743400689775539,2628,5.189117736743387,hiv_24307,MoleculeNet_HIV,True
Cn1c(=O)c2nc(-c3cccnc3)cnc2n(C)c1=O,5.743205329697532,2629,5.185739040631639,hiv_7117,MoleculeNet_HIV,True
CCN(CC)CCC(=O)NC1c2ccc(Cl)cc2Oc2c(C)cccc21,5.743109138958167,2630,5.13338162883028,hiv_24447,MoleculeNet_HIV,True
O=C(Cn1cc[n+](CC(OCc2ccc(Cl)cc2Cl)c2ccc(Cl)cc2Cl)c1)c1ccc(F)cc1,5.743037383757071,2631,5.3997346254262455,hiv_8570,MoleculeNet_HIV,True
C=C1c2[nH]c3ccccc3c2CC(C(=O)O)N1C(O)c1ccc(S(=O)(=O)O)cc1,5.743030745691107,2632,5.44855336619723,hiv_14194,MoleculeNet_HIV,True
CCCCc1c2c(nc3c1CCc1cc4cc5c(nc4nc1-3)-c1nc3c(c(CCCC)c1CC5)CCCC3)CCCC2,5.742475484088534,2633,5.181484130038333,hiv_22741,MoleculeNet_HIV,True
CCCCc1c2c(nc3c1CCc1cc4cc5c(nc4nc1-3)-c1nc3c(c(CCCC)c1CC5)CCCC3=NOC)C(=NOC)CCC2,5.742475484088534,2634,5.161285166124698,hiv_26633,MoleculeNet_HIV,True
CC1CCCC1=C(I)C(=O)c1ccccc1,5.742459515007458,2635,5.274079443211079,hiv_27539,MoleculeNet_HIV,True
CCOC(=O)C(=[N+]=[N-])C(=O)C[N+]12CCN(CC1)CC2.[Br-],5.7424226183186535,2636,5.192283563148782,hiv_39824,MoleculeNet_HIV,True
O=Nc1c(-c2ccccc2)[nH]c2cc(-c3ccccc3)nn12,5.742295809294907,2637,5.443265425761324,hiv_9040,MoleculeNet_HIV,True
CC(=O)c1c(O)c(C)c(O)c2c1OC1=CC(=O)C(C(C)=O)C(=O)C12C,5.74221029393764,2638,5.172724148709644,hiv_316,MoleculeNet_HIV,True
N=CN=CC(=S)OC1C(=O)N2CCCC23CCCCC13,5.742193187099069,2639,5.185626082474314,hiv_40452,MoleculeNet_HIV,True
CC1(C)CC(=O)C2=C(C1)OC1(CC2c2ccc(Cl)cc2)CC(c2ccc(Cl)cc2)C2=C(CC(C)(C)CC2=O)O1,5.742164629105256,2640,5.184806257138064,hiv_39997,MoleculeNet_HIV,True
O=c1[nH]c2ccccc2c(=O)n1CCCN1CCN(c2cccc(Cl)c2)CC1,5.742162744896479,2641,5.2618356296669635,hiv_6204,MoleculeNet_HIV,True
N#CC(=Cn1c(=S)[nH]c2ccc([N+](=O)[O-])cc21)c1ccc([N+](=O)[O-])cc1,5.742082466036558,2642,5.168931713048566,hiv_25981,MoleculeNet_HIV,True
S=c1[nH]nc(C23CC4CC(CC(C4)C2)C3)n1-c1ccc(Cl)cc1,5.742058456143729,2643,5.194228774451469,hiv_28121,MoleculeNet_HIV,True
O=C(Nc1nc2c(O)ncnc2s1)c1ccccc1,5.741961900548536,2644,5.281093131521752,hiv_28780,MoleculeNet_HIV,True
CCOP(=O)(OCC)C(N)C(C)CC,5.741785148834819,2645,5.413349437695056,hiv_4336,MoleculeNet_HIV,True
CCOP(=O)(OCC)C(N)C(C)C,5.741785148834819,2646,5.413349437695056,hiv_4335,MoleculeNet_HIV,True
COc1ccc(C=C2CSCC3=C2NC(=S)NC3c2ccc(OC)c(OC)c2OC)c(OC)c1OC,5.741587451665288,2647,5.107669740687278,hiv_29918,MoleculeNet_HIV,True
O=C(N=C1SCCN1C(=O)C(C(F)(F)F)C(F)(F)F)C(C(F)(F)F)C(F)(F)F,5.741505268361001,2648,5.432311598472201,hiv_35586,MoleculeNet_HIV,True
O=[N+]([O-])c1ccc(N2N=C(c3ccc(NCc4nc5ccccc5[nH]4)cc3)CC2c2ccco2)cc1,5.741458591125769,2649,5.285699837939515,hiv_22970,MoleculeNet_HIV,True
COc1cc(C=C2CCC(C)C3=C(c4cc(OC)c(OC)c(OC)c4)C(C#N)=C(N)OC23)cc(OC)c1OC,5.741368283407935,2650,5.15641404069774,hiv_37625,MoleculeNet_HIV,True
COc1ccc(C=C2CN(C)CC3C2=NN(c2ccccc2)C3c2ccc(OC)cc2)cc1,5.741359469933268,2651,5.261356435922856,hiv_41100,MoleculeNet_HIV,True
CC1=Nc2ccccc2NC(c2ccoc2)C1,5.7413459723783475,2652,5.45806749787163,hiv_17823,MoleculeNet_HIV,True
C=CCSCC(NC(=O)COc1ccccc1)C(=O)NC(C(=O)OCc1ccc([N+](=O)[O-])cc1)=C(C)C,5.741301758562098,2653,5.408583574582079,hiv_15239,MoleculeNet_HIV,True
N#Cc1c2c(c(-c3cccs3)n(C3OC(CO)C(O)C(O)C3O)c1=S)CCc1ccccc1-2,5.741027200855247,2654,5.286410446396895,hiv_33197,MoleculeNet_HIV,True
CN(CCN)C(CSSCC(c1ccccc1O)N(C)CCN)c1ccccc1O,5.7409898867066005,2655,5.424581597626511,hiv_40318,MoleculeNet_HIV,True
C=C(C)C12CC3C(=NO)C(C1)C(C)C(C3=NO)C2(C)O,5.740980121237419,2656,5.188798155386631,hiv_28600,MoleculeNet_HIV,True
C1=[N+]2[N-]C(N3CC4CCC(CC4)C3)=[S+][Cu-2]2[n+]2ncccc21,5.740612887968822,2657,5.176164700260213,hiv_15633,MoleculeNet_HIV,True
Cc1sc(NC=C2C(=O)CC(C)(C)CC2=O)nc1-c1ccccc1,5.740601793556758,2658,5.287109185084042,hiv_24859,MoleculeNet_HIV,True
CC1(C)CC(N(C(=O)C=Cc2ccc([N+](=O)[O-])o2)C2CCCCC2)CC(C)(C)N1,5.740297382448385,2659,5.200529982416599,hiv_15320,MoleculeNet_HIV,True
CC1(C)OC2C(COCc3ccccc3)=CC(n3ccc(=O)[nH]c3=O)C2O1,5.740023804638355,2660,5.259345077320202,hiv_10277,MoleculeNet_HIV,True
Cl.Cn1cc(N)cc1C(=O)Nc1ccc(S(=O)(=O)O)c2cc(S(=O)(=O)O)ccc12.[NaH],5.739650995117385,2661,5.203434804688277,hiv_24275,MoleculeNet_HIV,True
c1cc(C2OC3CCCN3C2c2ccncc2)ccn1,5.739614792524425,2662,5.134478930908172,hiv_20205,MoleculeNet_HIV,True
COC1=C(C)C(=O)C2C(C)C(c3ccc(OC)c(OC)c3)C2C1=O,5.7395430659008415,2663,5.147422207224429,hiv_22521,MoleculeNet_HIV,True
CC=CC=NN(c1nnc(-c2ccccc2)c(-c2ccccc2)n1)S(=O)(=O)c1ccc(C)cc1,5.73950753540625,2664,5.204578643159091,hiv_18818,MoleculeNet_HIV,True
CC(C=CC1=C(C)CCCC1(C)C)=CC1CC(N(C)C)=CC(=O)O1,5.739476890236114,2665,5.185873490895616,hiv_11807,MoleculeNet_HIV,True
Cc1cc2c(c(C(N)=O)c1C)-c1cccc(F)c1C2=O,5.739365631415497,2666,5.191366893104394,hiv_14233,MoleculeNet_HIV,True
N#CC(=Cc1cccs1)c1ccccc1,5.739351336965339,2667,5.285259946413695,hiv_5199,MoleculeNet_HIV,True
CCCCCCCCC(=O)N1SC(NC(=O)OC)=Nc2ccccc21,5.739270794046604,2668,5.462719808633741,hiv_8442,MoleculeNet_HIV,True
COC12C(COC(N)=O)C3=C(C(=O)C(C)=C(N4CCCC4)C3=O)N1CC1NC12,5.739244962768385,2669,5.205808130369338,hiv_8952,MoleculeNet_HIV,True
c1cc2c(cc1NC1=NCCO1)CCCC2,5.739100363963243,2670,5.192395486785582,hiv_27318,MoleculeNet_HIV,True
Cn1nc(-c2ccccc2)c(C(=O)C=Cc2ccc(F)cc2)c(N2CCOCC2)c1=O,5.738927086359999,2671,5.27569273352012,hiv_15526,MoleculeNet_HIV,True
CN1C(=O)c2ccccc2Cc2c(NCc3ccccc3)ncnc21,5.73881101034607,2672,5.236730430282402,hiv_7409,MoleculeNet_HIV,True
CC1(C)C(=C(C#N)C#N)C(C)(C)C1=C(C#N)C#N,5.738768479046551,2673,5.196095420621085,hiv_3922,MoleculeNet_HIV,True
CCN(CCN1C(=O)C2CCCCC2C1=O)c1ccc(N=O)c(C)c1,5.738738671999184,2674,5.184580492684145,hiv_7981,MoleculeNet_HIV,True
C=CCCCCCCCCC(=O)NC(C)COC,5.738519823016417,2675,5.381709841191373,hiv_5532,MoleculeNet_HIV,True
CCCCNC1C2C3CC4C5CC(C42)C1(C)C53.Cl,5.738519410124216,2676,5.196496330291763,hiv_21001,MoleculeNet_HIV,True
COc1ccc(NC(=O)C(CC2=Nc3ccc([N+](=O)[O-])cc3NC2O)=NNC(=O)C[N+](C)(C)C)c(OC)c1.[ClH2+],5.738434177910343,2677,5.34829671526284,hiv_22451,MoleculeNet_HIV,True
CC(=O)NNC(=S)NC=C(C(=O)c1ccccc1)c1ccccc1,5.738377002891688,2678,5.285983976360907,hiv_26245,MoleculeNet_HIV,True
CC(=O)NNC(=S)NC=C(C(=O)c1ccccc1)C(=O)c1ccccc1,5.738377002891688,2679,5.285983976360907,hiv_26075,MoleculeNet_HIV,True
COC(=O)C(Cc1ccccc1)NC(=O)N1CCN(C(=O)NC(Cc2ccccc2)C(=O)OC)CCN(C(=O)NC(Cc2ccccc2)C(=O)OC)CC1,5.738325874560869,2680,5.400069905931865,hiv_38886,MoleculeNet_HIV,True
COc1ccc(C23c4ccc(OC)cc4CC2(c2ccc([N+](=O)[O-])cc2)Cc2cc(OC)ccc23)cc1,5.738319986968525,2681,5.173440857009676,hiv_23160,MoleculeNet_HIV,True
CC1=C(c2ccc(C)cc2)NC(=S)C(C)C(c2ccc(C)cc2)=N1,5.7381724868366195,2682,5.36642656751915,hiv_25353,MoleculeNet_HIV,True
O=C1Oc2ccccc2C(=O)C1=CN1C(=O)CNC1=S,5.738089911250733,2683,5.290737113536354,hiv_25271,MoleculeNet_HIV,True
O=C(Nc1cc2c(oc1=O)CCCCCC2)c1ccccc1,5.738012474928119,2684,5.275900513228946,hiv_37943,MoleculeNet_HIV,True
CCOC(=O)C1=C(C)NC(C)=C(C(=O)OCC)C1c1ccc([N+](=O)[O-])s1,5.73789197513084,2685,5.201102915373429,hiv_7834,MoleculeNet_HIV,True
Cc1ccc2c(c1)Nc1cc(C(F)(F)F)ccc1[PH]2=O,5.7378323795536454,2686,5.19950519540176,hiv_28462,MoleculeNet_HIV,True
N#CC(c1nc2ccccc2[nH]1)=c1sc(=Cc2ccc(Cl)cc2)c(=O)n1-c1ccccc1,5.737679142778406,2687,5.291612583926832,hiv_24157,MoleculeNet_HIV,True
C=CCCCCCCCCC(=O)NCCN1CCOCC1,5.737650959889244,2688,5.224249621413075,hiv_5535,MoleculeNet_HIV,True
S=c1[nH]nc(C(c2ccccc2)c2ccccc2)[nH]1,5.737644071050378,2689,5.444702563499058,hiv_16228,MoleculeNet_HIV,True
COC(=O)c1cc2ccccc2c(=O)s1,5.737380690070192,2690,5.235791047262874,hiv_9736,MoleculeNet_HIV,True
c1cc2c(c(NC3=NCCO3)c1)CCC2,5.737344217075083,2691,5.180732471861282,hiv_27389,MoleculeNet_HIV,True
Cc1ccc(C=C2NC(=S)N(CN3CCOCC3)C2=O)cc1,5.737241879376949,2692,5.20371740735632,hiv_37029,MoleculeNet_HIV,True
CCCc1cc(=O)oc2c3c(cc(OS(=O)(=O)c4ccc(C)cc4)c12)OC(C)C(C)C3=O,5.737226070349371,2693,5.194229974303569,hiv_36819,MoleculeNet_HIV,True
O=C1[OH+][Pt-2]2(NC3CCCCC3N2)[OH+]P1(=O)[O-].[Na+],5.736902101488189,2694,5.194795169872109,hiv_12968,MoleculeNet_HIV,True
CCOC(=O)C12C(C(=O)O)=C(N)CN1CCc1c2[nH]c2ccccc12,5.736684112402649,2695,5.235752542540731,hiv_21478,MoleculeNet_HIV,True
C[N+]1=[O+][Co-4]2345[O+]=[N+](C)[N-]N2c2ccccc2[S+]3CC[S+]4c2ccccc2N5[N-]1,5.736582362116839,2696,5.292074248347362,hiv_9010,MoleculeNet_HIV,True
CN1CCC2(CC1)OC(c1ccccc1)C(c1ccccc1)O2,5.736513753389325,2697,5.290335478992162,hiv_892,MoleculeNet_HIV,True
CCOC(=O)C(=O)C=P(c1ccccc1)(c1ccccc1)c1ccccc1,5.736398996346961,2698,5.29415445867914,hiv_21547,MoleculeNet_HIV,True
C=C1C2CCC(C)(C)C1CCC(=O)C2C(=O)OC,5.736323428735287,2699,5.162149431776847,hiv_22111,MoleculeNet_HIV,True
CN1C2CCC1C(=Cc1cccc3c1OCO3)C(=O)C2=Cc1cccc2c1OCO2,5.736279132392317,2700,5.388898078978484,hiv_23491,MoleculeNet_HIV,True
CN(NC(=O)C(=CC=Cc1ccccc1)NC(=O)c1ccccc1)c1cnn(-c2ccccc2)c(=O)c1Cl,5.73627676891222,2701,5.283505613430329,hiv_25323,MoleculeNet_HIV,True
CC(=O)OC1(Sc2ccccc2)CC2C3COC(C)(C)OC3CCC2(C)CC1=O,5.736182675418972,2702,5.28978809511992,hiv_11667,MoleculeNet_HIV,True
Oc1nc2ccc(Cl)cc2c2oc(-c3ccccc3)nc12,5.736169208853251,2703,5.460908807775716,hiv_34164,MoleculeNet_HIV,True
CC=C1CN2CCc3c([nH]c4ccccc34)C2CC1C(=O)OC,5.735843665115982,2704,5.221927935214081,hiv_21871,MoleculeNet_HIV,True
Clc1ccc2c(NCCCCCCNc3ccnc4cc(Cl)ccc34)ccnc2c1,5.735588834559394,2705,5.192397370203819,hiv_8504,MoleculeNet_HIV,True
Cc1c(N2CCOCC2)nc2ccc(Cl)cc2c1-c1ccccc1,5.735479007224472,2706,5.286448394093273,hiv_15849,MoleculeNet_HIV,True
N#Cc1cnc(-n2[nH]c3c(c2=O)CCCC3)nc1O,5.7354705612801995,2707,5.196756035235208,hiv_33921,MoleculeNet_HIV,True
C=C1C(=O)OC(CCCCCCCCCCCCC)C1C(=O)O,5.735415343715966,2708,5.192824528985824,hiv_317,MoleculeNet_HIV,True
CC1=NC(=O)CON1,5.734962481546058,2709,5.37880847270119,hiv_7989,MoleculeNet_HIV,True
O=C1CC(c2ccccc2)=Nc2ccccc2N1,5.734768843981847,2710,5.4683815930250015,hiv_20555,MoleculeNet_HIV,True
CCN(CC)CCON=C1CCC2C3CC=C4CC(O)CCC4(C)C3CCC12C,5.734649975881761,2711,5.199199763970474,hiv_33704,MoleculeNet_HIV,True
CC(O)CCC(=O)NCCS(=O)(=O)O,5.73464260039836,2712,5.405053088020623,hiv_966,MoleculeNet_HIV,True
CCCCN(CCCC)CC(C(=O)Nc1ccc([N+](=O)[O-])cc1[N+](=O)[O-])C(C)=NNC(=O)c1ccncc1,5.734638696420874,2713,5.35519015020246,hiv_19393,MoleculeNet_HIV,True
CC1(C)COC2=C(C1)C(=O)c1ccccc1C2=O,5.734309981179149,2714,5.444105193929706,hiv_26827,MoleculeNet_HIV,True
FC1C2=C(SC1(F)F)C1CCC2C1,5.733981038980771,2715,5.185347252478227,hiv_27601,MoleculeNet_HIV,True
O=c1cc(-c2ccccc2)oc2c(-c3cc(Cl)cc4c(=O)cc(-c5ccccc5)oc34)cc(Cl)cc12,5.733852259136301,2716,5.285891713545477,hiv_29237,MoleculeNet_HIV,True
Cc1ccc(SCC(OCn2cnc3c(Cl)nc(N)nc32)C(C)F)cc1,5.733806497551204,2717,5.412999803992364,hiv_30234,MoleculeNet_HIV,True
CC(C)C1CC=CCC12C(=O)NC(=O)NC2=O,5.733804449932198,2718,5.438427275381129,hiv_4330,MoleculeNet_HIV,True
O=S1(=O)OCCOS(=O)(=O)C1Br,5.73375062937777,2719,5.424206094788474,hiv_21888,MoleculeNet_HIV,True
O=C(C=C1Nc2ccccc2C(=O)N1c1ccc(Cl)cc1)c1ccncc1,5.733530606038334,2720,5.219804033502731,hiv_16115,MoleculeNet_HIV,True
CN1C(=O)OC2OC(C)(c3ccc(S(=O)(=O)c4ccccc4)cc3)C(=O)CC21,5.73349878662599,2721,5.28637713492042,hiv_9252,MoleculeNet_HIV,True
O=C1C2C3C=CC(O3)C2C(=O)N1N=CC(O)C(O)C(O)C(O)CO,5.733370632556837,2722,5.331290609637016,hiv_2071,MoleculeNet_HIV,True
CSC1=NC(=Cc2cccs2)C(=O)N1CN1CCCCC1,5.733326884394288,2723,5.381805769507144,hiv_37050,MoleculeNet_HIV,True
O=C1C(=Cc2ccc([N+](=O)[O-])cc2)N(S(=O)(=O)c2ccccc2)c2ncccc21,5.733191335513885,2724,5.2847516692161305,hiv_32532,MoleculeNet_HIV,True
O=C(C(=Cn1c(=S)[nH]c2ccc([N+](=O)[O-])cc21)C(=O)c1ccccc1)c1ccccc1,5.73306219551346,2725,5.274093092992856,hiv_26223,MoleculeNet_HIV,True
C=CCC1(C)CCCN(Cc2ccccc2)C1=O,5.733041149740526,2726,5.238140206101949,hiv_27022,MoleculeNet_HIV,True
C=C1C(OC(=O)CC(c2ccccc2)N(C)C)CC(OC(C)=O)C2(C)C1CC1CC(OC(C)=O)C(C)=C(C(OC(C)=O)C2OC(C)=O)C1(C)C,5.733028727102307,2727,5.406244620712231,hiv_13759,MoleculeNet_HIV,True
O=C(O)C(CCSSCCC(Nc1ccc([N+](=O)[O-])cc1[N+](=O)[O-])C(=O)O)Nc1ccc([N+](=O)[O-])cc1[N+](=O)[O-],5.732924483837442,2728,5.386450308574393,hiv_3581,MoleculeNet_HIV,True
Cc1cc2c(c(C=Nc3ccc(N(C)C)cc3)c1)OC1(C=C2)Oc2ccccc2C(=O)N1C,5.732869279205616,2729,5.283846703418035,hiv_38174,MoleculeNet_HIV,True
C1CN2CCC1C1(C2)SSC2(CN3CCC2CC3)S1.Cl,5.73277863790214,2730,5.197385262160201,hiv_5401,MoleculeNet_HIV,True
O=C(CC(c1ccc2c(c1)OCO2)N1CCN(C(CC(=O)c2ccc(Br)cc2)c2ccc3c(c2)OCO3)CC1)c1ccc(Br)cc1,5.732687584734761,2731,5.404078254115628,hiv_3268,MoleculeNet_HIV,True
CC(C)(C)N1C(=O)[N-][N+](=C(C(c2ccccc2)=[N+]2[N-]C(=O)N(C(C)(C)C)C2=O)c2ccccc2)C1=O,5.73258216755776,2732,5.286817758910543,hiv_37899,MoleculeNet_HIV,True
CCOP1(=O)CC(C)=C(Cl)C(OC)C1,5.732575582852596,2733,5.164834343820556,hiv_26444,MoleculeNet_HIV,True
CCCCn1c(C)c(C)c2c1NN=C(C#N)S2(=O)=O,5.732504336844499,2734,5.206179216229979,hiv_38546,MoleculeNet_HIV,True
CCC1(CC)C(=O)NN(C(=O)c2ccccc2)C1=O,5.732496539153481,2735,5.331225795775331,hiv_34731,MoleculeNet_HIV,True
c1cc2nsnc2c2c[nH]cc12,5.732384126206921,2736,5.207867100066805,hiv_32164,MoleculeNet_HIV,True
OC1=CN=C(c2ccccc2)Oc2ccccc21,5.732378292033044,2737,5.2825057419605415,hiv_21279,MoleculeNet_HIV,True
CC12CCC(O)CC1=CCC1C2CCC2(C)C3=NN=CC3CC12,5.732357814350549,2738,5.1530926642172785,hiv_2276,MoleculeNet_HIV,True
CC12CCC(c3no[n+]([O-])c31)C2(C)C,5.732357814350549,2739,5.188825486878592,hiv_1717,MoleculeNet_HIV,True
O=C1OCCN1N1C(=O)CC2(CCCCC2)C1=O,5.73233067544567,2740,5.196007912453189,hiv_5705,MoleculeNet_HIV,True
N=C1NC(=O)C(CC(=O)c2ccc(Cl)cc2)S1,5.732325097687946,2741,5.188979133032542,hiv_2109,MoleculeNet_HIV,True
CCOC(=O)NC(=O)c1cn(CCCOC(=O)NCCCCCCNC(=O)OCCCn2c(=O)c(C(=O)NC(=O)OCC)cn(C)c2=O)c(=O)n(C)c1=O,5.732302340049027,2742,5.236987073243976,hiv_17770,MoleculeNet_HIV,True
O=C(OC1C2CCN(CC2)C1CN1CC=C(c2ccccc2)CC1)C(O)(c1ccccc1)C1CCCC1,5.732155416790843,2743,5.27636452328304,hiv_5775,MoleculeNet_HIV,True
CCC1CCC2C(CCC3(C)C(O[N+](=O)[O-])CCC23)C1C(C)=O,5.732127232234411,2744,5.2485679889053864,hiv_33099,MoleculeNet_HIV,True
C=C1C2CCC3C(C2)(C(=O)C(O)C2C(C)(C)C4CC(=O)C23CO4)C1OC(C)=O,5.732095004220356,2745,5.186879160183608,hiv_18131,MoleculeNet_HIV,True
O=S(=O)(Sc1ccccc1)C(c1ccccc1)c1ccccc1,5.731995950956353,2746,5.434327840166877,hiv_1616,MoleculeNet_HIV,True
CC(C)C1NC(=O)CC(c2ccccc2)N(N=O)C1c1ccccc1,5.731841034457984,2747,5.441663995400612,hiv_12858,MoleculeNet_HIV,True
COc1ccc(C(c2ccc(C(C)C)cc(OC)c2=O)c2ccc(C(C)C)cc(OC)c2=O)cc1,5.731840376507216,2748,5.412386384161524,hiv_12006,MoleculeNet_HIV,True
[N-]=[N+]=CC(=O)OC(CCl)CCl,5.731722921013128,2749,5.396520362649843,hiv_33530,MoleculeNet_HIV,True
CCOC(=O)N1CCC2C(=C(C)C(C)C3=C2C(=O)c2ccccc2C3=O)C1,5.731573984228382,2750,5.398994693845502,hiv_26551,MoleculeNet_HIV,True
O=c1c(S(=O)(=O)Oc2ccccc2)coc2cc(F)ccc12,5.731417650772005,2751,5.293823598536741,hiv_29865,MoleculeNet_HIV,True
CN(C)c1ccc(C2SCC(=O)N2c2ccc(Oc3ccc(Cl)cc3)c(Cl)c2)cc1,5.731272631167948,2752,5.171556188648045,hiv_38650,MoleculeNet_HIV,True
Cc1ccc2nc(CN(CCO)CCO)cc(=O)n2c1,5.731250570951272,2753,5.166069680567805,hiv_36667,MoleculeNet_HIV,True
COc1cc(C2Oc3c(OC)cc(C=CC(=O)O)cc3C2C(=O)O)ccc1O,5.731156311473165,2754,5.097200598547007,hiv_33019,MoleculeNet_HIV,True
COc1cccc(-c2nc(-c3cnccn3)n(Cc3ccccc3)n2)c1,5.731154243187276,2755,5.214050346315693,hiv_24433,MoleculeNet_HIV,True
CC(C)(C)NC1C2CCC(C)(C1O)C2(C)C,5.7310829028558,2756,5.220818080169529,hiv_40436,MoleculeNet_HIV,True
CC(=O)NC1=NC(=O)C(=Cc2ccc3c(c2)OCO3)N1C,5.73105619405733,2757,5.3913093046988925,hiv_25899,MoleculeNet_HIV,True
COc1ccc2c(c1)OCC1c3cc(NS(=O)(=O)c4ccccc4)cc(OCc4ccccc4)c3OC21,5.730950302811526,2758,5.154444081147225,hiv_31287,MoleculeNet_HIV,True
CC1(C)OP(=O)(O)C=C1Sc1ccc([N+](=O)[O-])cc1[N+](=O)[O-],5.730905260099198,2759,5.199428438960715,hiv_28563,MoleculeNet_HIV,True
CN(C)c1ccc(C(=CC=C2c3ccccc3C(=O)c3ccccc32)c2ccc(N(C)C)cc2)cc1,5.730851202563012,2760,5.443062564004061,hiv_15236,MoleculeNet_HIV,True
C=C1CC2(CCOc3ccc(Cl)cc32)OC1=O,5.730834313031647,2761,5.188964841124489,hiv_7174,MoleculeNet_HIV,True
CN(C)NC1=NS(=O)(=O)c2cc3c(cc2S1)N(N(C)C)C(=O)c1cc2c(cc1N(N(C)C)C3=O)SC(NN(C)C)=NS2(=O)=O,5.730786483734312,2762,5.191214232576989,hiv_26520,MoleculeNet_HIV,True
Nc1nc(Cl)c(N)c(NCC2(CO)CCC(OCc3ccccc3)C2)n1,5.730774657138032,2763,5.246901962373105,hiv_32260,MoleculeNet_HIV,True
Cn1c(SCc2ccc([N+](=O)[O-])cc2)nnc1C12CC3CC(CC(C3)C1)C2,5.73060168964455,2764,5.100692286169752,hiv_27297,MoleculeNet_HIV,True
CCOC(=O)C12C3C=CC(CC3)C1(C(=O)c1ccccc1)C(=O)C(=O)N2c1ccccc1,5.730565641129862,2765,5.304689816004896,hiv_38411,MoleculeNet_HIV,True
CCOC(=O)COc1cccc2c1C(=O)CCO2,5.730526006000012,2766,5.208233968337767,hiv_11976,MoleculeNet_HIV,True
CC1CC(C)(C)N=C(C(C)CC2CCCCC2)O1,5.730467240806188,2767,5.404670724048936,hiv_5477,MoleculeNet_HIV,True
O=[N+]([O-])c1cc([N+](=O)[O-])c([O-])c([N+](=O)[O-])c1.c1c2c(cc3c1OCO3)-c1cc3ccc4c(c3c[n+]1CC2)OCO4,5.73044971684214,2768,5.195914636116399,hiv_21261,MoleculeNet_HIV,True
CCOC(=O)C1=C(O)C(=O)c2ccsc2C1=O,5.730437340045571,2769,5.181289483808676,hiv_22954,MoleculeNet_HIV,True
O=C(CC(C(=O)c1cccs1)c1ccccc1)c1ccccc1O,5.730348846670266,2770,5.404257464557055,hiv_40526,MoleculeNet_HIV,True
COC(=O)Cn1c(=O)oc2nc(-c3ccccc3)cc(C(F)(F)F)c21,5.730314082801855,2771,5.267338068851818,hiv_40138,MoleculeNet_HIV,True
Cc1nc2c(S)nncc2[nH]1,5.730265460356971,2772,5.128357463317438,hiv_37532,MoleculeNet_HIV,True
CC1(C)NC(=O)N(C(C)(C)C(=O)O)C1=O,5.730206664050353,2773,5.23596787389049,hiv_3910,MoleculeNet_HIV,True
Cc1c(C=NNC(=O)c2ccc(Cl)cc2)c(=O)n(-c2ccccc2)n1C,5.7301344004931245,2774,5.286608629243277,hiv_23117,MoleculeNet_HIV,True
CC1(C)C(=O)C=CC(=O)C(C)(C)C(=O)C=CC(=O)C(C)(C)C(=O)C=CC(=O)C(C)(C)C(=O)C=CC1=O,5.730007089608083,2775,5.196095420621085,hiv_12138,MoleculeNet_HIV,True
CC1(C)CC2CC(CC(C)(C)C2=O)C1=O,5.730007089608083,2776,5.185841577785932,hiv_15242,MoleculeNet_HIV,True
CC12CP(=O)(O)CC1C2(Cl)Cl,5.730007089608083,2777,5.182823866203878,hiv_26447,MoleculeNet_HIV,True
CC1(C)[N+]([O-])=[N+]([O-])C1(C)C,5.730007089608083,2778,5.196095420621085,hiv_37914,MoleculeNet_HIV,True
CC12SC3(C)SC(C)(S1)SC(C)(S2)S3,5.730007089608083,2779,5.196095420621085,hiv_1635,MoleculeNet_HIV,True
CC1C(C)(C)C23CC12C1(OCCO1)C3Br,5.730007089608083,2780,5.186902429690016,hiv_27705,MoleculeNet_HIV,True
CC1(C)CCOC(=O)C(Cl)CC1Cl,5.730007089608083,2781,5.182297457138385,hiv_28829,MoleculeNet_HIV,True
O=C1c2c(c(-c3ccccc3)c(-c3ccccc3)c(-c3ccccc3)c2-c2ccccc2)C(=O)N1c1cccc(Br)c1,5.729977871503453,2782,5.283203279136422,hiv_16118,MoleculeNet_HIV,True
CC1(C)NNC(SCc2ccccc2)=NC1=O,5.729878926868126,2783,5.413592030990778,hiv_7186,MoleculeNet_HIV,True
CC(C)N1CSC(=S)NCCNC(=S)SC1,5.729814872671793,2784,5.463974070518038,hiv_621,MoleculeNet_HIV,True
CN1CCN(c2c(Cl)cc(Cl)c3[nH]c4ccccc4c(=O)c23)CC1,5.7298135240742365,2785,5.235616513014625,hiv_37510,MoleculeNet_HIV,True
CN1CC(=CC=Cc2ccccc2)C(=O)C(=CC=Cc2ccccc2)C1.Cl,5.729781316669574,2786,5.287969814350318,hiv_20174,MoleculeNet_HIV,True
CCOC(=O)c1cnn2c1ncc1c(=O)n(NC(N)=O)ccc12,5.7296246287280646,2787,5.143726560654172,hiv_39979,MoleculeNet_HIV,True
O=C(C=Cc1ccc[nH]1)c1ccccc1,5.7296143010165395,2788,5.29069719133785,hiv_19847,MoleculeNet_HIV,True
CCOC(=O)C1CC(O)C(=O)N1C,5.729603599472209,2789,5.181756514357875,hiv_35512,MoleculeNet_HIV,True
COc1ccccc1-n1cnc2c1=NC(C)(C)NC=2C(N)=O,5.729332864329077,2790,5.27911466713739,hiv_30055,MoleculeNet_HIV,True
CC1CC(C)(C)OB(OC(C)CC(C)(C)OB2OC(C)CC(C)(C)O2)O1,5.72921412624448,2791,5.404670724048936,hiv_43,MoleculeNet_HIV,True
COc1cc2c(cc1OC)C(C1C(=O)CC(C)(C)CC1=O)NCC2,5.728997535652397,2792,5.126254475339746,hiv_13260,MoleculeNet_HIV,True
Cc1ccc(Cl)c2c(=O)c3ccc([N+](=O)[O-])cc3sc12,5.728989511625387,2793,5.204751245541635,hiv_37391,MoleculeNet_HIV,True
N[Pt-2]1(N)[OH+]C(=O)P(=O)([O-])[OH+]1.[Na+],5.728981170481013,2794,5.197729922769597,hiv_12967,MoleculeNet_HIV,True
CC(C)=CC1CC(C)C2CCC(C)C3C(=O)C(O)=C(C)C(=O)C123,5.7288271640751045,2795,5.185814246293971,hiv_41024,MoleculeNet_HIV,True
O=C(NN=Cc1ccccc1)c1ccccc1Nc1ccccc1C(=O)NN=Cc1ccccc1,5.728757202161535,2796,5.281092254312459,hiv_39998,MoleculeNet_HIV,True
CC(=O)OC1CCC2(CO)C(CCC3C4CCC(=O)C4(C)CCC32)C1,5.728753652705275,2797,5.185473543967706,hiv_4498,MoleculeNet_HIV,True
O=C(c1nc2ccc(Cl)cc2nc1O)C(O)c1ccc2c(c1)OCO2,5.7287081257660715,2798,5.427196905619994,hiv_19664,MoleculeNet_HIV,True
Cc1nn(-c2ccc([N+](=O)[O-])cc2)c2c1C(C)(C)C(C#N)=C(N)O2,5.728622754822238,2799,5.19499737275585,hiv_8615,MoleculeNet_HIV,True
CN1CCc2c(sc(N)c2C#N)C1,5.728499797623695,2800,5.191564944439509,hiv_3661,MoleculeNet_HIV,True
OCn1nc2c(C3OCCO3)cc3ccccc3n2c1=S,5.728416555879223,2801,5.581041976397294,hiv_22181,MoleculeNet_HIV,True
CC1C=CC2(C)CCC(C(C)(C)O)C2C(O)CC(C)(O)C=CC1,5.728114674480172,2802,5.220790748677568,hiv_10994,MoleculeNet_HIV,True
Cc1ccc2c(c1)C(C(=O)NC1C(=O)N3C1SC(C)(C)C3C(=O)O)OCCC2.[NaH],5.728071829426537,2803,5.1151551520467775,hiv_36165,MoleculeNet_HIV,True
CN1C(c2ccccc2)=C(C#N)C(=O)CC(c2cccs2)N1C,5.727925840289521,2804,5.274971533925941,hiv_10221,MoleculeNet_HIV,True
CC(=O)NC(ON1C(=O)COc2ccccc21)C(Cl)(Cl)Cl,5.727778237578752,2805,5.444762169874497,hiv_17972,MoleculeNet_HIV,True
O=C(c1ccccc1)C(C(=O)c1ccccc1)C1(O)C(=O)c2ccccc2C1=O,5.727768291045953,2806,5.460733675229299,hiv_13596,MoleculeNet_HIV,True
CC1=C(C(=O)Nc2ccccc2C)C(C=Cc2ccccc2)C(C(=O)Nc2ccccc2C)=C(C)N1,5.727611568836041,2807,5.299058006391771,hiv_15937,MoleculeNet_HIV,True
CCOC(=O)Oc1cc2c(ccn2C)c2c1c1ccccc1n2C(=O)OCC,5.727519340092779,2808,5.215069135902288,hiv_28189,MoleculeNet_HIV,True
CCc1c(C)c(SC)n(C)c(=O)c1C#N,5.7275055122761875,2809,5.197013499297513,hiv_8040,MoleculeNet_HIV,True
O=C1NC(=O)C(=Cc2ccncc2)N1,5.7272914512201964,2810,5.147883239091295,hiv_24953,MoleculeNet_HIV,True
O=C(NC=C(c1ccccc1)S(=O)Cc1ccccc1)Nc1ccccc1Cl,5.727230703983937,2811,5.24004949617574,hiv_26294,MoleculeNet_HIV,True
Cl.O=C(CCCN1CCC2(CC1)C(=O)NC(=O)N2c1ccccc1)c1ccc(F)cc1,5.72715235271144,2812,5.371462433681817,hiv_27768,MoleculeNet_HIV,True
N#CC(=CN1CC(=O)NC1=S)c1nc2ccccc2s1,5.7270636571943765,2813,5.305429676459854,hiv_26090,MoleculeNet_HIV,True
O=C1CCC2(O1)c1ccc(O)cc1Oc1cc(O)ccc12,5.726904519449521,2814,5.205015578295067,hiv_3555,MoleculeNet_HIV,True
O=c1cc[nH]c(=O)n1C1CCC(CO)O1,5.726861371983429,2815,5.1833759843264,hiv_36822,MoleculeNet_HIV,True
CCCC[Sn](CCCC)(OC(=O)C=Cc1ccccc1F)OC(=O)C=Cc1ccccc1F,5.726735046121683,2816,5.300197795917277,hiv_20139,MoleculeNet_HIV,True
OCC1COc2cc(Cl)c(Cl)cc2O1,5.726688325880744,2817,5.190739141380338,hiv_27041,MoleculeNet_HIV,True
CC(C)(C)OCC1N(C(COCc2ccccc2)c2ccccc2)C(=O)C1(C)C,5.726657585683671,2818,5.417469455660412,hiv_15871,MoleculeNet_HIV,True
COc1ccccc1NC(=O)C(=Cn1c(=S)[nH]c2ccc([N+](=O)[O-])cc21)C(C)=O,5.726641186299886,2819,5.256971149303572,hiv_26216,MoleculeNet_HIV,True
C#CC1(O)CCC2C3CCc4cc(Oc5nc(F)nc(-c6c7ccccc7c7sc8ccccc8n67)n5)ccc4C3CCC21C,5.726612741762669,2820,5.152030731986235,hiv_23623,MoleculeNet_HIV,True
CS(=O)C(C1=NOC(c2ccccc2)C1c1ccccc1)C(O)C1COC(C)(C)O1,5.726556050512695,2821,5.436862172920329,hiv_35712,MoleculeNet_HIV,True
CCC1(CCCC=C(c2cc(Cl)c(OC)c(C=O)c2)c2cc(Cl)c(OC)c(CO)c2)OCCO1,5.7265164332049,2822,5.184251263906671,hiv_40978,MoleculeNet_HIV,True
C=CCN(CCN(CC=C)S(=O)(=O)c1ccc(C)cc1)S(=O)(=O)c1ccc(C)cc1,5.726481395788929,2823,5.372430178344838,hiv_22674,MoleculeNet_HIV,True
CC1=NOC(=O)C1=Cc1ccc([N+](=O)[O-])cc1,5.726364653618935,2824,5.186079085853435,hiv_17505,MoleculeNet_HIV,True
O=c1c2cc(S(=O)(=O)Nc3ccccc3Cl)ccc2ncn1NS(=O)(=O)c1ccc(Br)cc1,5.7263274854964115,2825,5.29102285398248,hiv_36732,MoleculeNet_HIV,True
CNN=C(c1nc2ccc([N+](=O)[O-])cc2nc1O)C(O)c1ccc(C(O)C(=NNC)c2nc3ccc([N+](=O)[O-])cc3nc2O)cc1,5.726305569624166,2826,5.430675140020359,hiv_19666,MoleculeNet_HIV,True
COC1=CC(=O)c2cc(C)cc(-c3cc4ccc(=O)oc4cc3OC)c2C1=O,5.726240777150687,2827,5.161615145722011,hiv_13653,MoleculeNet_HIV,True
CC1(C)C2C3CCC2C2C[S+]1CC23,5.7259117973435965,2828,5.188825486878592,hiv_3455,MoleculeNet_HIV,True
CCN(CC)c1ccc2c(c1)Nc1cc(=C(C#N)C#N)c3ccccc3c1=N2,5.7258287428345165,2829,5.443132411412781,hiv_15041,MoleculeNet_HIV,True
CC(=O)N1CCC2(c3ccccc3N(C(C)=O)C2c2ccc(O)cc2)C1C(=O)O,5.725799734511298,2830,5.290980035916319,hiv_13608,MoleculeNet_HIV,True
CCC(O)C1Cc2c(C)cc3c(c2O1)C(=O)c1ccccc1C3=O,5.72579764347516,2831,5.416160198825313,hiv_13997,MoleculeNet_HIV,True
CCO.COc1cccc(C(O)C(CN2CCCCC2)CN2CCCCC2)c1,5.725668455935276,2832,5.397928852701514,hiv_2000,MoleculeNet_HIV,True
C[n+]1c(-c2ccc(C=NNC(=O)c3ccc(C(=O)NN=Cc4ccc(-c5cn6ccccc6[n+]5C)cc4)cc3)cc2)cn2ccccc21.Cc1ccc(S(=O)(=O)O)cc1,5.725641393840817,2833,5.288733051844596,hiv_9349,MoleculeNet_HIV,True
O=P1(N2CCCCC2)OCC2(CO1)COP(=O)(N1CCCCC1)OC2,5.725613268354892,2834,5.192844171164088,hiv_3120,MoleculeNet_HIV,True
CC1(C)OC2OC(C(O)COC(=O)c3ccccc3)C(F)C2O1,5.725599236453902,2835,5.408575962894285,hiv_18238,MoleculeNet_HIV,True
N#CC(C=Cc1ccccc1)Nc1ccccc1N,5.725482397634388,2836,5.440569879510599,hiv_5346,MoleculeNet_HIV,True
CC(c1ccccc1)N1OC1(c1ccccc1)c1ccccc1,5.725392285177533,2837,5.453870112596333,hiv_8525,MoleculeNet_HIV,True
CCOC(=O)C1Nc2ccc([N+](=O)[O-])cc2C2c3ccccc3CC12,5.725300788024307,2838,5.24177016140782,hiv_19742,MoleculeNet_HIV,True
CN(C)CCNC1=Nc2ccccc2C(=O)N2CSCC12,5.725073269709995,2839,5.449867021540655,hiv_35002,MoleculeNet_HIV,True
CC(C)CCCC(C)C1CCC2C3CC=C4CC(OC(=O)OC5CCC6(C)CC7C=CC6(OO7)C5(C)C)CCC4(C)C3CCC12C,5.724890761335965,2840,5.405422248332334,hiv_31999,MoleculeNet_HIV,True
Cc1ccc(OCC2OC(n3cnc4c(Cl)nc(N)nc43)CC2Oc2ccc(C)cc2)cc1,5.724875915567834,2841,5.174539234203634,hiv_35935,MoleculeNet_HIV,True
CCC(C=Cc1ccccc1)=NNC(=S)NN=C(C=Cc1ccccc1)CC,5.724835254484585,2842,5.2949413064804585,hiv_31229,MoleculeNet_HIV,True
CC1=[N+]2c3ccccc3[SH+][Ni-2]2(O)[OH+]c2ccc3c(C)cc(=O)oc3c21,5.7247553482691735,2843,5.303318083304033,hiv_17147,MoleculeNet_HIV,True
CC1(C)SSC(C)(C)SS1,5.724753433317283,2844,5.196095420621085,hiv_423,MoleculeNet_HIV,True
CN1CCC(O)(OC(=O)C(c2ccccc2)C2(O)CCCC2)CC1,5.724698844479017,2845,5.445517982363903,hiv_27969,MoleculeNet_HIV,True
CC1(C)OC(=O)C(C)(C)C(=O)O1,5.724653531208594,2846,5.196095420621085,hiv_28512,MoleculeNet_HIV,True
CCOC(=O)c1ccc(CS(=O)c2ccccc2)c([N+](=O)[O-])c1,5.724548246971765,2847,5.296778049168568,hiv_16666,MoleculeNet_HIV,True
Cc1ccc(S(=O)(=O)NN=C2C(C)(C)CC2(C)C)cc1,5.7245126784104885,2848,5.164627934646704,hiv_28406,MoleculeNet_HIV,True
CC(=O)Oc1cc(-c2oc3cc(OC(C)=O)c(C4OC(CO)C(O)C(O)C4O)c(OC(C)=O)c3c(=O)c2O)c(OC(C)=O)cc1O,5.724453677258854,2849,5.262009510410973,hiv_41039,MoleculeNet_HIV,True
CCOC(C)=O.CCOc1cc2c(cc1O)CCC1C2CCC2(C)C(OS(=O)OC3CCC4C5CCc6cc(O)c(OCC)cc6C5CCC34C)CCC12,5.724381262685373,2850,5.130250757992666,hiv_36295,MoleculeNet_HIV,True
S=C(c1c[nH]c2ccccc12)N1CCN(Cc2ccccc2)CC1,5.7239953904603915,2851,5.195260054018337,hiv_37557,MoleculeNet_HIV,True
CCOC(CN(C)C(=O)OCC(Cl)(Cl)Cl)OCC,5.723941911064142,2852,5.317201756308494,hiv_8726,MoleculeNet_HIV,True
CC1CCCN1c1ccnc2cc(Cl)ccc12,5.723814848553437,2853,5.194194099389998,hiv_312,MoleculeNet_HIV,True
O=C1OCC2=Nc3cccc4cccc(c34)N12,5.723751690351905,2854,5.37543267822418,hiv_8613,MoleculeNet_HIV,True
CN1CCN(C(=O)CCN2c3ccccc3Sc3ccccc32)CC1,5.7236628768488345,2855,5.293024674287901,hiv_18236,MoleculeNet_HIV,True
C=C1C(C(=O)OC)C2(C)C(C(=O)OC)C(=O)C(C(=O)OC)C2(CCC)C1C(=O)OC,5.723633751691329,2856,5.184460691005429,hiv_16386,MoleculeNet_HIV,True
COC(=O)C1C(C(C)C)OC(C(C)C)OC1C(F)(F)F,5.723610644707125,2857,5.403390394870648,hiv_31386,MoleculeNet_HIV,True
N=C1NC(=N)c2cc3c(cc21)SCCSCCCSCCS3,5.723576306544779,2858,5.20130587891324,hiv_33946,MoleculeNet_HIV,True
COP(=O)(OC)C(=NNc1ccc([N+](=O)[O-])cc1)NCc1ccccc1,5.723554116984134,2859,5.165561170155086,hiv_23683,MoleculeNet_HIV,True
Cc1cc(N=Nc2cc(S(=O)(=O)O)c(N)cc2N)ccc1N=Nc1ccc2cc(S(=O)(=O)O)cc(S(=O)(=O)O)c2c1,5.723417310023104,2860,5.2004728877456285,hiv_2893,MoleculeNet_HIV,True
COc1ccc(C(O)C[N+]([O-])=Cc2ncc([N+](=O)[O-])n2C)cc1,5.723255062031385,2861,5.374645234330345,hiv_6956,MoleculeNet_HIV,True
Cc1nc2c(n1-c1ccc(Br)cc1)C(=O)c1ccccc1C2=O,5.723087673325434,2862,5.43003163560035,hiv_919,MoleculeNet_HIV,True
CC[N+](CC)(CC)CC.N#CC(C#N)=C[C-](C#N)C#N,5.723012088643599,2863,5.19516496076065,hiv_16497,MoleculeNet_HIV,True
CC1(O)CCC2(CCC(C)(O)CC2=O)C(=O)C1,5.72296264201724,2864,5.196095420621085,hiv_2756,MoleculeNet_HIV,True
CC1=CCCC2(C)C(CCC2C(C)C=CC(C)C)c2ccc(cc2C(=O)O)CC(O)CC1,5.722824937168624,2865,5.405154740778171,hiv_14117,MoleculeNet_HIV,True
COc1ccccc1-n1c(N)c2c(C)c(-c3ccccc3)[nH]c2nc1=S,5.722580087629919,2866,5.276416578247353,hiv_24172,MoleculeNet_HIV,True
O=C(CCCN1CCC2(CC1)CC(=O)N(N1CCOCC1)C2=O)c1ccccc1,5.722446548362974,2867,5.332072005068961,hiv_28051,MoleculeNet_HIV,True
CCOC(=O)CCC(NC(=O)C(Cc1ccccc1)NC(=O)OCc1ccccc1)C(=O)OCC,5.722416463073933,2868,5.408128805849065,hiv_29740,MoleculeNet_HIV,True
c1nncn1C12C3C4C5C3C1C5C42,5.7223722887051744,2869,5.186181035027864,hiv_31103,MoleculeNet_HIV,True
N#CC(=Cn1ccc(=O)[nH]c1=S)C(=O)c1ccc2ccccc2c1,5.722174044565471,2870,5.296991263172345,hiv_26228,MoleculeNet_HIV,True
CCOC(=O)c1nn2c(nc1=O)sc1ccc3ccccc3c12,5.722111836657749,2871,5.258670848622047,hiv_15126,MoleculeNet_HIV,True
CN(C)C=Nc1ccn(CCO)c(=O)n1,5.722046209131945,2872,5.1911414494440935,hiv_17766,MoleculeNet_HIV,True
O=C1CNc2cc(N3CCCCC3)ccc2N1,5.722021597530636,2873,5.205484587417155,hiv_38738,MoleculeNet_HIV,True
CC1(C)C(=O)C=CC(=O)C(C)(C)c2ccc(o2)C(C)(C)C(=O)C=CC(=O)C(C)(C)c2ccc1o2,5.721907681637234,2874,5.196095420621085,hiv_12135,MoleculeNet_HIV,True
CC1(C)C(=O)CCC(=O)C(C)(C)c2ccc(o2)C(C)(C)C(=O)CCC(=O)C(C)(C)c2ccc1o2,5.721907681637234,2875,5.196095420621085,hiv_12136,MoleculeNet_HIV,True
O=c1[nH]nc(-c2ccccc2)n1-c1cccc([N+](=O)[O-])c1,5.721888787847319,2876,5.294152716532266,hiv_32472,MoleculeNet_HIV,True
COC(=O)C(=O)C(C(=O)C(=O)Nc1nc2ccc(C)cc2s1)c1nc2ccc([N+](=O)[O-])cc2nc1O,5.721743438373163,2877,5.402052975279264,hiv_22062,MoleculeNet_HIV,True
COC(=O)C=C(C)CCC1SC1(C)C,5.721700278702463,2878,5.161781397958621,hiv_22913,MoleculeNet_HIV,True
C=Cc1c(Cl)nc(C)c(C)c1-c1ccc(OC)c(OC)c1OCc1ccccc1,5.721546006260558,2879,5.196305644243177,hiv_8537,MoleculeNet_HIV,True
COC(=O)C(Cc1c[nH]c2ccccc12)NP(=O)(O)OCC1OC(n2cc(C)c(=O)[nH]c2=O)CC1N=[N+]=[N-],5.721405826716583,2880,5.390450175068276,hiv_34688,MoleculeNet_HIV,True
CCCC(=O)NC1CCc2cc(OC)c(OC)c(OC)c2-c2ccc(OC)c(=O)cc21,5.721328808230128,2881,5.095356786800826,hiv_8368,MoleculeNet_HIV,True
CC12CCC(=O)C=C1CCC1C2CCC2(C)C1CCC2(O)C1(O)CCC2C3CCC4=CC(=O)CCC4(C)C3CCC21C,5.721236370756557,2882,5.162149431776847,hiv_3645,MoleculeNet_HIV,True
CCCCc1c2c(nc3c1CCCC3=O)CCCC2,5.72110866212971,2883,5.183075879737269,hiv_22726,MoleculeNet_HIV,True
O=c1c2ccccc2nc(NN=Cc2ccc([N+](=O)[O-])cc2)n1-c1ccccc1,5.720799820135627,2884,5.231326452029417,hiv_28352,MoleculeNet_HIV,True
O=C1CCCc2ccc3c(c21)CC1(Cc2cc4c(cc2C1)CCCC4)C3,5.720607629787745,2885,5.198107437997844,hiv_31840,MoleculeNet_HIV,True
CCOC(=O)c1c(C)nc(S)c(C#N)c1-c1cccc2ccccc12,5.720587166968251,2886,5.263829506626383,hiv_28334,MoleculeNet_HIV,True
Clc1ccc(Nc2nnc(Cc3ccncc3)c3ccccc23)cc1,5.72046987894372,2887,5.13847274353661,davis_151194,DAVIS_spike_in,True
N#CC1(C#N)NC(c2cccnc2)C(C#N)(C#N)NC1c1cccnc1,5.720366517038492,2888,5.1929983627730705,hiv_34852,MoleculeNet_HIV,True
CC(C)C1(O)C(c2ccccc2)=C(c2ccccc2)C(c2ccccc2)=C1c1ccccc1,5.720273813439414,2889,5.4565367310610275,hiv_11960,MoleculeNet_HIV,True
CC(=O)OC1CC2C(C)(C)C(=O)C=CC2(C)C2CCC3(C)C(c4ccoc4)C(O)C4OC43C12C,5.7202168610842845,2890,5.185841577785932,hiv_21752,MoleculeNet_HIV,True
CCC12OCC(C)(C)N1OC(=O)N2c1ccccc1,5.720163771161867,2891,5.305243215189011,hiv_10413,MoleculeNet_HIV,True
CCCCCCCCC=CCCCCCCC(F)C(=O)O,5.720156775746613,2892,5.394167651776716,hiv_35466,MoleculeNet_HIV,True
O=C1N=C2NOC(=O)N=C2NO1,5.720068044836909,2893,5.375330238300824,hiv_36233,MoleculeNet_HIV,True
CC(C)Oc1c(-c2c(OC(C)C)c(=O)c2=O)c(=O)c1=O,5.719971532330992,2894,5.434692048593098,hiv_35677,MoleculeNet_HIV,True
CCOC(=O)C12CN(C34CC5CC(CC(C5)C3)C4)CC(C(=O)OCC)(C1=O)C(c1ccccc1)OC2c1ccccc1,5.71993699163575,2895,5.299187725297976,hiv_14057,MoleculeNet_HIV,True
CCOC(=O)C(C)(C)Oc1ccc2c(C)c(-c3ccc(Cl)cc3)c(=O)oc2c1,5.719900348199685,2896,5.253496448315666,hiv_22162,MoleculeNet_HIV,True
COC(=O)C1=NC(=S)NC(c2ccccc2)C1c1nc2ccccc2s1,5.719809163752279,2897,5.432370240908957,hiv_11243,MoleculeNet_HIV,True
CCOc1ccccc1NC(=O)CSc1nnc(Cc2ccccc2)o1,5.719766248518293,2898,5.198051233717599,hiv_23910,MoleculeNet_HIV,True
O=C1COc2cc3c(cc2N1)SCC(=O)N3,5.719562708045841,2899,5.211129467287172,hiv_21798,MoleculeNet_HIV,True
N#Cc1c(N)sc(=S)c2c1CCCC2,5.719554132016341,2900,5.187363706720906,hiv_6934,MoleculeNet_HIV,True
CC12N=NNC1C(=O)NC2=O,5.719543893432676,2901,5.1934926880807755,hiv_24147,MoleculeNet_HIV,True
N#CC(C(=O)C(=NNc1nc(=S)[nH]n1N)C(C#N)c1ccccc1)c1ccccc1,5.71917666251239,2902,5.4588799961232395,hiv_16787,MoleculeNet_HIV,True
OC1(c2cccc(Cl)c2)C2=NCCCN2c2ccccc21,5.718997139645084,2903,5.307187489324463,hiv_7592,MoleculeNet_HIV,True
CC(=O)OC1(C)CC(O)C2(O)C=COC(OC3OC(CO)C(O)C(O)C3O)C12,5.718881777490923,2904,5.183173379123939,hiv_13272,MoleculeNet_HIV,True
CCOC(=O)n1[nH]c(=O)n(-c2ccccc2)c1=O,5.718868094642398,2905,5.302713941874674,hiv_34726,MoleculeNet_HIV,True
CCOC(=O)c1cc(C2CCN(c3ccccc3)C2=O)c(C(=O)C=C(C)O)[nH]1,5.718781756251133,2906,5.228016783744542,hiv_38928,MoleculeNet_HIV,True
CCCCCC=C1c2ccccc2C=Cc2ccccc21,5.718645147993339,2907,5.299410948115958,hiv_38690,MoleculeNet_HIV,True
COc1ccc(C=NNC(=O)c2cnc3[nH]c(=O)n(C)c(=O)c3c2)cc1,5.718557472033526,2908,5.1508673458529906,hiv_35095,MoleculeNet_HIV,True
Cc1cn(C2CC(N=[N+]=[N-])C(COP(=O)(OCC(=O)c3ccccc3)OCC(=O)c3ccccc3)O2)c(=O)[nH]c1=O,5.718420519994416,2909,5.279607463587993,hiv_26978,MoleculeNet_HIV,True
COc1ccc(-c2c(C#N)c(S)nc3c2CCC3)cc1,5.718408888256563,2910,5.166284451836045,hiv_28340,MoleculeNet_HIV,True
Cc1ccc(S(=O)CC(CF)OCn2cc(C)c(=O)[nH]c2=O)cc1,5.718391044765584,2911,5.400310184698665,hiv_30241,MoleculeNet_HIV,True
O=C(Nc1ccccc1C(=O)O)C(=Cc1ccccc1)NC(=O)c1ccccc1,5.718296617320751,2912,5.27486293083127,hiv_37656,MoleculeNet_HIV,True
O=c1c(=CC=Cc2ccccc2)sc2n1CCN=2,5.718209388478209,2913,5.257973102866177,hiv_7580,MoleculeNet_HIV,True
N=c1nc(NC(=O)C2=Nc3cc(Cl)c(S(N)(=O)=O)cc3S(=O)(O)=N2)[nH][nH]1,5.718154571064201,2914,5.405028001188286,hiv_20467,MoleculeNet_HIV,True
CCOC(=O)c1ccc(-n2c(SCC)nc3sc(C)c(C)c3c2=O)cc1,5.718079089101051,2915,5.193680934628375,hiv_23138,MoleculeNet_HIV,True
COc1ccc(C#CCC(OC2OC(CO)C(O)C(O)C2O)C(O)c2ccc(OC)c(OC)c2)cc1OC,5.718044030724705,2916,5.364675699435399,hiv_17901,MoleculeNet_HIV,True
CC1(C)[C-](CBr)[N+](=O)C(C)(C)N1O,5.717986324058205,2917,5.195741672052381,hiv_26644,MoleculeNet_HIV,True
COc1ccc(C2CC(=O)NCCCNCCCCNCCCN2)cc1,5.717962385139205,2918,5.186469972042671,hiv_24564,MoleculeNet_HIV,True
COC(=O)C1=C2Nc3ccccc3C23CCN(Cc2ccccc2)C3CC1C(O)CO.Cl,5.71786813455805,2919,5.425771199002765,hiv_24267,MoleculeNet_HIV,True
Cc1ccc([N+](=O)[O-])cc1NC(=O)C(=O)C1CCC2=C(Sc3ccccc3N2)C1=O,5.717774072194528,2920,5.301283119907788,hiv_22474,MoleculeNet_HIV,True
CC(=O)OCC1OC(NC(=S)Nc2nc(-c3ccccc3)cc(-c3cc(Cl)ccc3O)n2)C(OC(C)=O)C(OC(C)=O)C1OC(C)=O,5.717720061354819,2921,5.279676889678826,hiv_40517,MoleculeNet_HIV,True
CC[N+](CC)(CC)CC.O=[Re+]12([SH+]CC[SH+]1)[SH+]CC[SH+]2,5.717677087457409,2922,5.194249568171668,hiv_37417,MoleculeNet_HIV,True
CCCCCCCCCCCCCCCC1(OC)C[N+](C)(C)CCO1.[I-],5.7176113232643715,2923,5.183213681508995,hiv_28703,MoleculeNet_HIV,True
Cc1ccc2[nH]c3nc4cc(C)c(C)cc4nc3c2c1,5.71758842083266,2924,5.160490446113472,hiv_2896,MoleculeNet_HIV,True
CC(=O)OCC1OC(SC2=NC(=O)C(=Cc3ccccc3)S2)C(OC(C)=O)C(OC(C)=O)C1OC(C)=O,5.717468181549071,2925,5.385034529963125,hiv_33219,MoleculeNet_HIV,True
N.[N-]=[N+]=[N+]=C1CC(n2ccc(=N)[nH]c2=O)OC1COP(=O)(O)OP(=O)(O)OP(=O)(O)O,5.717462311782527,2926,5.180576536471571,hiv_10859,MoleculeNet_HIV,True
NNC1=NC2=NNC=CN2c2ncccc21,5.717398842417822,2927,5.350774085737085,hiv_22196,MoleculeNet_HIV,True
CC(C)CCCC(C)C1CCC2C3CCC4N=C5NOC=C5CC4(C)C3CCC12C,5.717334118409863,2928,5.4180436726404855,hiv_13370,MoleculeNet_HIV,True
CCC1(CC(=O)N(C)C)C=CCN(C(=O)Oc2ccccc2)C1,5.717218182112666,2929,5.3095008127347745,hiv_21403,MoleculeNet_HIV,True
CC(C)c1cc(C(C)C)c(B(c2ccccc2)c2ccccc2)c(C(C)C)c1B(c1ccccc1)c1ccccc1,5.717144281502332,2930,5.443898147935333,hiv_29291,MoleculeNet_HIV,True
COC(=O)OCC1C=CC(n2cnc3c(Cl)nc(N)nc32)CC1,5.7171089941968445,2931,5.380084033699843,hiv_33832,MoleculeNet_HIV,True
COC(=O)C(CSSCC(C(=O)NC(Cc1ccccc1)C(=O)NCC(=O)OC(C)(C)C)N1C(=O)CCC1=O)NC(=O)OCc1ccccc1,5.7169638113812855,2932,5.39123013951051,hiv_8165,MoleculeNet_HIV,True
CCOC(=O)c1ccc(N2C(=O)c3cccc4cccc(c34)C2=O)c([N+](=O)[O-])c1,5.7168525887638,2933,5.196488966937206,hiv_5436,MoleculeNet_HIV,True
CCOC(=O)c1cc(-c2cc(OC)c(OC)c([N+](=O)[O-])c2)c([N+](=O)[O-])n1C,5.716561417150322,2934,5.175116175252139,hiv_26879,MoleculeNet_HIV,True
Cc1cnc(SCCN(C)C)nc1-c1cccs1,5.716538174395114,2935,5.170631962225364,hiv_10849,MoleculeNet_HIV,True
[N-]=[N+]=[NH+][Co-4](N)(N)(N)(N)[OH+]S(O)=[OH+],5.716526220081977,2936,5.183473210892713,hiv_14522,MoleculeNet_HIV,True
CCn1c2c(c3ccccc31)CCSC2(C)CCN(C)C,5.71643606740886,2937,5.21830362774571,hiv_7679,MoleculeNet_HIV,True
Nc1nc(N)c2c(-c3ccccc3)ccnc2n1,5.716425341681139,2938,5.461951139240281,hiv_33544,MoleculeNet_HIV,True
O=c1c(-c2ccccc2)c(S)sc(S)c1-c1ccccc1,5.716378271012007,2939,5.2825057419605415,hiv_4867,MoleculeNet_HIV,True
COc1ccc(NS(=O)c2ccc(OC)cc2)cc1,5.71628393964553,2940,5.161344471664423,hiv_32379,MoleculeNet_HIV,True
CNC(=O)OC(COC)CN1CCN(c2ccccc2C)CC1,5.716207654862878,2941,5.409697542269231,hiv_25789,MoleculeNet_HIV,True
CCn1c2ccc(C(=O)CCCN3CCCCC3)cc2c2cc(C(=O)CCCN3CCCCC3)ccc21,5.716112832550688,2942,5.189789639263017,hiv_7315,MoleculeNet_HIV,True
CC12CCC(C(N3CCOCC3)C1=NOCCN1CCCC1)C2(C)C,5.715961163829842,2943,5.223933157960257,hiv_21741,MoleculeNet_HIV,True
CN(C)c1nc2oc(-c3ccccc3)c(-c3ccccc3)c2c2nncn12,5.715888728527946,2944,5.214765597941599,hiv_36114,MoleculeNet_HIV,True
CN1N=C(c2ccccc2)C(C(c2ccccc2[N+](=O)[O-])C2C(=O)N(C)N=C2c2ccccc2)C1=O,5.715789305988427,2945,5.436748508968859,hiv_36143,MoleculeNet_HIV,True
Cc1ccccc1NC(=S)NN=C(c1ccccc1)c1ccccn1,5.715745029958048,2946,5.294358903742706,hiv_29190,MoleculeNet_HIV,True
CC(C)c1oc2ccccc2c1C(=O)c1ccc(O)cc1,5.7156586948021975,2947,5.447697146633797,hiv_3177,MoleculeNet_HIV,True
CCOC(=O)C(=O)c1c([N+](=O)[O-])[nH]c2c(OC)n[n+]([O-])cc12,5.715509138802734,2948,5.180431641097708,hiv_6111,MoleculeNet_HIV,True
CN1C(=O)C(C(C)(C)C2SC(=S)N(C)C2=O)SC1=S,5.715335188477547,2949,5.2137491076488125,hiv_2110,MoleculeNet_HIV,True
CCOC(=O)C1=C(Nc2cccc3ccccc23)OCC1=NNC(=O)c1ccccc1O,5.715299312888262,2950,5.2528590867707345,hiv_17799,MoleculeNet_HIV,True
CCn1c(=O)c(C(=O)O)c(Cl)c2cc3c(cc21)OCO3,5.715269211989726,2951,5.157053241572324,hiv_12418,MoleculeNet_HIV,True
CCOC(=O)C1C(=NN)CN2CCc3c([nH]c4ccccc34)C12C(=O)OCC,5.715267830297169,2952,5.24494545469023,hiv_21480,MoleculeNet_HIV,True
CC(=O)N(C(C)=O)n1c(-c2ccccc2)n[nH]c1=O,5.715159039436353,2953,5.296593368534955,hiv_36481,MoleculeNet_HIV,True
CC(=O)OC(C=Cc1ccccc1)=C(OC(C)C)C1=C(c2ccccc2)SCCCSC1=O,5.714989369447066,2954,5.442860565537657,hiv_35695,MoleculeNet_HIV,True
CCOC(=O)C1NS(=O)(=O)NC(C(=O)OCC)NS(=O)(=O)N1,5.7149770624310205,2955,5.194363258636844,hiv_12966,MoleculeNet_HIV,True
O=C1C2=C(c3ccccc31)C(c1ccc(Cl)cc1)NC(=S)N2,5.714794486313263,2956,5.442222579933149,hiv_19104,MoleculeNet_HIV,True
CC1NC(=O)c2c(-c3ccccc3)nn(-c3ccccc3)c2NC1=O,5.714677014075128,2957,5.278733607314035,hiv_36946,MoleculeNet_HIV,True
CC=C(C)C=CCC(C)CCC=C(C)C,5.714640832962064,2958,5.404005195959314,hiv_36702,MoleculeNet_HIV,True
CN(C)C1=CC(=O)C(=O)c2cnc(N(C)C)cc21,5.714577301074111,2959,5.185418371149556,hiv_13638,MoleculeNet_HIV,True
CC1=[N+]2c3ccccc3[SH+][Co-4]2(O)(O)(O)[OH+]c2ccc3c(C)cc(=O)oc3c21,5.714551744108507,2960,5.308597001215878,hiv_17150,MoleculeNet_HIV,True
CC1(CCC(=O)c2ccc3c(c2)OCO3)OCCO1,5.714547034064924,2961,5.2072990732563245,hiv_10422,MoleculeNet_HIV,True
CCCCC1OC2OC3(C)CCC4C(C)CCC(C1C)C24OO3,5.714467603431479,2962,5.1973959161247345,hiv_15986,MoleculeNet_HIV,True
O=C(O)C=CC(=O)Nc1ccccc1-n1cccc1,5.714467336903972,2963,5.27914117156606,hiv_6415,MoleculeNet_HIV,True
CC1(O)C=CC2CCC1C2O,5.71426787215577,2964,5.188825486878592,hiv_21080,MoleculeNet_HIV,True
Cn1c(=O)[nH]c2c(c1=O)CCCS2,5.714213848146098,2965,5.192027203759759,hiv_4391,MoleculeNet_HIV,True
Cc1cn(C2CC3C(COC(CCN=[N+]=[N-])N3O)O2)c(=O)[nH]c1=O,5.714200276173375,2966,5.18039443316733,hiv_40273,MoleculeNet_HIV,True
COC1C=CC23c4cc5c(cc4CN(CC2O)C3C1)OCO5,5.714073432586482,2967,5.178365515493491,hiv_9731,MoleculeNet_HIV,True
C(=Cc1cc(-c2ccc3ccccc3n2)nc2ccc3ccccc3c12)c1ccc2ccccc2n1,5.71401855852136,2968,5.250448703124881,hiv_27709,MoleculeNet_HIV,True
Cc1cc(C)c2cc(=O)oc-2c(C)c1,5.713960855594647,2969,5.10725424229956,hiv_7284,MoleculeNet_HIV,True
Cc1cccc(C)c1NC(=O)CCCC(=O)C1CC(=O)CCC1=O,5.713944969191585,2970,5.178835074613696,hiv_11783,MoleculeNet_HIV,True
CC(C)([S-])C1N[Ga-]2(NC(C(C)(C)[S-])C(=O)[OH+]2)[OH+]C1=O,5.713883290678899,2971,5.284821926364633,hiv_10990,MoleculeNet_HIV,True
Cc1ccc(S(=O)(=O)C(C#N)=CN2CCNC2=S)cc1,5.713817200310756,2972,5.199288932312337,hiv_26007,MoleculeNet_HIV,True
CC1(C)NC(=O)C2(CC(O)C=C2CO)O1,5.713616489496389,2973,5.1934926880807755,hiv_8470,MoleculeNet_HIV,True
COCOc1ccc(C(=O)C(C)c2ccc(OCOC)cc2OCOC)c(O)c1,5.71345315842177,2974,5.425348291374072,hiv_25584,MoleculeNet_HIV,True
CC(C)C1NC(=O)c2ccccc2S1,5.713360535394818,2975,5.446054661516631,hiv_18217,MoleculeNet_HIV,True
COC(=O)Oc1nn(C(=O)OC)c(=O)c2ccccc12,5.713352980567158,2976,5.422077029943083,hiv_10323,MoleculeNet_HIV,True
COc1ccc(C=c2sc3n(c2=O)NC2(CCCCC2)NN=3)cc1,5.713344268789547,2977,5.2111244512505035,hiv_11436,MoleculeNet_HIV,True
O=c1[nH]nc(-c2ccccc2)n1-n1cnnc1,5.713205676461886,2978,5.295633591566322,hiv_34236,MoleculeNet_HIV,True
COc1nc(NC2OCC(O)C(O)C2O)c(NC2OCC(O)C(O)C2O)c(=O)n1C,5.71319973306842,2979,5.15090265042037,hiv_24029,MoleculeNet_HIV,True
CCOc1cc2c(cc1O)C(=NN)CC1C2CCC2(C)C(O)CCC12,5.713031639979619,2980,5.1323063782415215,hiv_34676,MoleculeNet_HIV,True
CN1CCCC1c1cccnc1.O=C(O)C(O)C(O)C(=O)O,5.71296196455552,2981,5.413356808015076,hiv_3548,MoleculeNet_HIV,True
CCCOC(C(=O)OC1CCC2CCC1N2C)(c1ccccc1)c1ccccc1,5.7127804305609695,2982,5.394725309790651,hiv_27627,MoleculeNet_HIV,True
C=C1CCC2C(C)(CO)C(O)CCC2(C)C1CC(O)C1=CCOC1=O,5.712770440544105,2983,5.397334230467779,hiv_13993,MoleculeNet_HIV,True
COC(=O)C(C#N)=CN1CCNC1=S,5.712669239591431,2984,5.19850349172358,hiv_25974,MoleculeNet_HIV,True
Cc1cc(-c2ccccc2)oc(=O)c1NC(=O)c1cnccn1,5.712558229766462,2985,5.28879836931652,hiv_37925,MoleculeNet_HIV,True
CSC12C3C(=O)N(C)C(=O)C3C(C)(C(=O)N1C)C(=O)N2c1ccccc1,5.712284903275648,2986,5.284353422080082,hiv_38103,MoleculeNet_HIV,True
COc1ccc2c(c1)Oc1cc(O)ccc1C2c1ccccc1C(=O)NC(C)c1ccccc1,5.712201438544508,2987,5.40317223498816,hiv_20833,MoleculeNet_HIV,True
Cn1c(=O)nc2n(-c3ccc(Cl)cc3)c(-c3ccccc3)c(-c3ccccc3)nc-2c1=O,5.712117449782221,2988,5.264770682422142,hiv_13459,MoleculeNet_HIV,True
O=C(Nn1c(-c2ccccc2)nc2ccccc2c1=O)c1ccc([N+](=O)[O-])cc1,5.7120903814723585,2989,5.225500611650234,hiv_24733,MoleculeNet_HIV,True
CC1(C)OC2OC(COC(=O)c3ccccc3)C(=O)C2O1,5.711962559214749,2990,5.290552615121186,hiv_3781,MoleculeNet_HIV,True
Cc1cn(C2CC(O[Si](C)(C)C(C)(C)C)C(CN(OC(=O)Oc3ccccc3)C(=O)Oc3ccccc3)O2)c(=O)[nH]c1=O,5.711831066641758,2991,5.28036262716203,hiv_38898,MoleculeNet_HIV,True
CC(=O)C1=C(C)NC(C)=C(C(C)=O)C1c1cccc([N+](=O)[O-])c1,5.711781606232033,2992,5.195402629918095,hiv_5231,MoleculeNet_HIV,True
Cn1c(=O)c2ccccc2[n+]2c(-c3cccc([N+](=O)[O-])c3)csc12.[Br-],5.711534153886577,2993,5.25052237248495,hiv_25264,MoleculeNet_HIV,True
O=c1[nH]nc(-c2ccccc2)n1N=Cc1ccccc1O,5.711532079898238,2994,5.291907579711993,hiv_34244,MoleculeNet_HIV,True
Nn1c(C23CC4CC(CC(C4)C2)C3)n[nH]c1=S,5.711514539271048,2995,5.195101133891113,hiv_28122,MoleculeNet_HIV,True
CCN1c2nc3ccccc3nc2N(CC)c2nc3ccccc3nc21,5.711452894682078,2996,5.30061276448382,hiv_28959,MoleculeNet_HIV,True
Cc1cccc2c1Oc1cc(Cl)ccc1C2NC(=O)CCN1CCCCC1,5.711397966718753,2997,5.1687357275996915,hiv_24448,MoleculeNet_HIV,True
CCOC(=O)C(C(=O)c1ccccc1)=C1NC(C(=O)OCC)CS1,5.7113637981997565,2998,5.292460099039521,hiv_20579,MoleculeNet_HIV,True
Cc1nnnn1C1C(C#N)CC2C3CCC4=Cc5nnnn5CCC4(C)C3CCC21C,5.711316703325124,2999,5.1427088025266725,hiv_18304,MoleculeNet_HIV,True
O=C(c1ccccc1)N1CCCCC1c1cccnc1,5.71105472606711,3000,5.302589947400451,hiv_1830,MoleculeNet_HIV,True
CC(=O)N1C(OC(C)C)CC(C)N1c1ccccc1,5.710938469226467,3001,5.432588764048717,hiv_25203,MoleculeNet_HIV,True
CCCCCCCCCCCCCCCCCCOc1ccc2c(c1)C1=NC2=NC2=NC(=NC3=NC(=NC4=NC(=N1)c1cc(OCCCCCCCCCCCCCCCCCC)ccc14)c1ccc(OCCCCCCCCCCCCCCCCCC)cc13)c1cc(OCCCCCCCCCCCCCCCCCC)ccc12,5.710932829361845,3002,5.3856531296447345,hiv_21126,MoleculeNet_HIV,True
CC(=O)OC1CCC2(C)C(CCC3C2CCC2(C)C3CC3OC4(CCC(C)CO4)C(C)C32)C1,5.710841253489367,3003,5.185814246293971,hiv_655,MoleculeNet_HIV,True
Cc1ccc(NC(=O)c2ccccc2)c(=O)o1,5.710834038935165,3004,5.278341165231635,hiv_37917,MoleculeNet_HIV,True
C=CCN1COc2c(cc3c4c(cccc24)C(=O)O3)C1,5.710760024499422,3005,5.18715348674274,hiv_22909,MoleculeNet_HIV,True
Cn1c2nc(=Nc3ccc(Cl)cc3)[n+]3ccc4ccccc4c3c-2c([O-])n1-c1ccccc1,5.710515727922313,3006,5.183505191608981,hiv_33465,MoleculeNet_HIV,True
C=C1CC(c2ccc(S(=O)(=O)N3CCOCC3)cc2)OC1=O,5.710506848848319,3007,5.178587400017025,hiv_5936,MoleculeNet_HIV,True
O=S(=O)(C=Cc1ccc(Cl)cc1Cl)Cc1ccccc1CS(=O)(=O)C=Cc1ccc(Cl)cc1Cl,5.710429938173411,3008,5.314448481361916,hiv_15030,MoleculeNet_HIV,True
CC1CCC(=Cc2ccc(F)cc2)C2=C1C(c1ccc(F)cc1)n1c(sc(=Cc3cccc(Br)c3)c1=O)=N2,5.71024311617087,3009,5.363300778852278,hiv_37613,MoleculeNet_HIV,True
CSC1=C(C#N)C(c2ccccc2)CC(=O)N1,5.7102286222006775,3010,5.298571759234255,hiv_18879,MoleculeNet_HIV,True
CCOC(=O)c1cc(C2(O)CCN(Cc3ccccc3)C2=O)c(-c2cc(C)no2)[nH]1,5.710211700680188,3011,5.265430283252012,hiv_38913,MoleculeNet_HIV,True
CCn1c(=O)ccc2ccc(N(CCO)CCO)nc21,5.709962460683108,3012,5.19545138453953,hiv_35344,MoleculeNet_HIV,True
COC1=CC2(C=CC1=O)CCC(=O)O2,5.709893505288593,3013,5.172403274612,hiv_8591,MoleculeNet_HIV,True
CN(C)c1ccc(C=c2sc3nnc(-c4cccnc4)n3c2=O)cc1,5.709859430113316,3014,5.119825968718334,hiv_17726,MoleculeNet_HIV,True
CC12CCC(=O)N1C(c1ccccc1)C(c1ccccc1)O2,5.709808960128803,3015,5.290649209161518,hiv_20271,MoleculeNet_HIV,True
CC(C)(Br)C(=O)C(Br)Br,5.709703539280497,3016,5.429637557622683,hiv_52,MoleculeNet_HIV,True
CC(C)c1cccc(C(C)C)c1NC1=CC(=O)C(=O)c2ccccc21,5.709647966354203,3017,5.433342170210087,hiv_18930,MoleculeNet_HIV,True
Cc1cccc(C(C)(C)C)c1NC(=O)CC1Sc2ccccc2NC1=O,5.709638473672145,3018,5.239723753243411,hiv_16902,MoleculeNet_HIV,True
O=C1Cc2ccccc2N1N=Cc1ccc(O)cc1,5.709626298954859,3019,5.2885960139469965,hiv_18378,MoleculeNet_HIV,True
CC1NC(=O)C2CCCCN2C(=O)CN(C)C(=O)CNC(=O)C2CCCCN2C(=O)C(NC(=O)c2nc3ccccc3cc2O)C(C)NC(=O)C2CCCCN2C(=O)CN(C)C(=O)CNC(=O)C2CCCCN2C(=O)C1NC(=O)c1nc2ccccc2cc1O,5.70959928964798,3020,5.2818584326895195,hiv_19174,MoleculeNet_HIV,True
COC(=O)C1CC2C=CC=CC(=O)C2(C)C1,5.709530821325595,3021,5.163950225695856,hiv_21202,MoleculeNet_HIV,True
CC(CCC1=NCCN1)C1CCC2C3CCC4CC(O)CCC4(C)C3CCC12C,5.709512783591339,3022,5.42862903812228,hiv_37252,MoleculeNet_HIV,True
CCc1c(O)n(Cc2ccccc2)c(=S)n(Cc2nc3ccccc3[nH]2)c1=O,5.709461430965903,3023,5.244460162857799,hiv_33931,MoleculeNet_HIV,True
CNc1nc(SC)nc2c1c(=N)[nH]n2C,5.709396041421517,3024,5.2046904112006045,hiv_39780,MoleculeNet_HIV,True
Cc1cc(C)c(SSc2nnnn2-c2ccccc2)c(C)c1,5.709091233709404,3025,5.2245532264684655,hiv_7492,MoleculeNet_HIV,True
C=C=C(C)C(=O)N(C(C)C)C(C)C,5.7090634864848795,3026,5.423506816996477,hiv_24625,MoleculeNet_HIV,True
CCC1CC2CN3CCc4c([nH]c5ccc(OC)cc45)C(CO)(C2)C13,5.708875663110822,3027,5.178792993035858,hiv_13488,MoleculeNet_HIV,True
Cc1ccc(C=NNc2ncccn2)s1,5.708856405893128,3028,5.201169580279956,hiv_35268,MoleculeNet_HIV,True
COc1ccc2c(c1)[n+]([O-])c(C(=O)CC(=O)C(=O)Nc1cccc(C)c1C)c(C)[n+]2[O-],5.708848824371781,3029,5.161193532713395,hiv_16372,MoleculeNet_HIV,True
Cc1ccc(N(C(=O)CC(=O)NN=Cc2ccccc2O)C(=O)c2ccccc2)cc1,5.708843281971825,3030,5.264259953975036,hiv_20341,MoleculeNet_HIV,True
CC1(C)C=CC2=C(O1)C(=O)c1ccccc1C2=O,5.708778740558761,3031,5.448303546873824,hiv_3954,MoleculeNet_HIV,True
CCOC(=O)OC(=Cc1ccc(OC)cc1)c1c(OC(=O)OCC)n(C(=O)OCC)c2ccccc12,5.708767698523746,3032,5.1936347812316646,hiv_28188,MoleculeNet_HIV,True
O=C1c2ccccc2-c2cc(N3C(=O)C=CC3=O)ccc21,5.708604023532269,3033,5.523233370390149,hiv_1791,MoleculeNet_HIV,True
CCC1C2OC(=O)C(C)C2C2(O)CC(C3CC(C)C(=O)O3)N3CCCCC12C3=O,5.708603964696942,3034,5.195327197409512,hiv_34585,MoleculeNet_HIV,True
CCCCCC(CC=NN(C)C)C(O)(C(F)(F)F)C(F)(F)F,5.708171808469838,3035,5.400581410714871,hiv_27432,MoleculeNet_HIV,True
CCC1CCN=C(Cn2cc(C)c(=O)[nH]c2=O)N1.Cl,5.708005286273758,3036,5.2029771194529015,hiv_39799,MoleculeNet_HIV,True
CCOC(=O)c1cc(-c2ccccc2)c(=O)c(OC)nc1-c1ccccc1,5.707934785658891,3037,5.267424162304232,hiv_8357,MoleculeNet_HIV,True
OC1(C23CC4CC(CC(C4)C2)C3)CSCC1(O)C12CC3CC(CC(C3)C1)C2,5.707726198917297,3038,5.182363343385567,hiv_21907,MoleculeNet_HIV,True
Cc1cc([N+](=O)[O-])ccc1NC(=O)C(=O)C(C(=O)c1ccccc1-c1ccccc1)C1OC(=O)c2ccccc21,5.7076615271213536,3039,5.406509778659708,hiv_19486,MoleculeNet_HIV,True
O=C1CN=C(c2ccccn2)c2cc(Cl)ccc2N1,5.707577575620029,3040,5.30367090174749,hiv_5168,MoleculeNet_HIV,True
CC(=O)OC1CCC2(C)C(=CCC3C2CCC2(C)C(c4ncc(-c5ccccc5)s4)CCC32)C1,5.707514985915683,3041,5.434800888085725,hiv_23822,MoleculeNet_HIV,True
COC(=O)C1C2CCC3(C)C(OC(C)=O)CCC3C2CCC1C1(C)SCCS1,5.707472273066784,3042,5.219000796520022,hiv_33095,MoleculeNet_HIV,True
CC(C)CNC12CN3CN(CN(C3)C1)C2,5.707293599788323,3043,5.413714461125478,hiv_7109,MoleculeNet_HIV,True
CN1OC2CCC1CC(OC(c1ccccc1)c1ccccc1)C2,5.707171541728989,3044,5.427916806482435,hiv_844,MoleculeNet_HIV,True
CN1CC(=Cc2ccco2)c2nc(N)nc(-c3ccco3)c2C1,5.707126134073206,3045,5.1816614178665485,hiv_20821,MoleculeNet_HIV,True
CC#CC(O)(C(=O)OC1CCC2CCC1N2C)C1CCCC1,5.707073495506331,3046,5.361517467393436,hiv_28073,MoleculeNet_HIV,True
CC(NC(=O)C(C)NC(=O)C(CC(N)=O)NC(=O)CN)C(=O)NC(CO)C(=O)NC(C)C(=O)NC(CCCNC(=N)N)C(N)=O,5.707070699653978,3047,5.417248664613224,hiv_12629,MoleculeNet_HIV,True
CCOC(=O)c1cc2c([nH]1)c(OC(C)=O)cc1c2ccn1Cc1ccccc1,5.706802602639154,3048,5.257564785763057,hiv_38749,MoleculeNet_HIV,True
Cc1cc(N=C2C=C(O)C(=O)c3ccccc32)no1,5.706747699871852,3049,5.444100146401737,hiv_31445,MoleculeNet_HIV,True
CN(C)c1ccc(C=Cc2ccc3ccccc3[n+]2C)cc1,5.7067364394453515,3050,5.291240465797725,hiv_216,MoleculeNet_HIV,True
CCOC(=O)C(NCc1cccc(C(F)(F)F)c1)(NC(=O)c1ccccc1)C(F)(F)F,5.706725454132126,3051,5.238574661676947,hiv_35549,MoleculeNet_HIV,True
CCOc1c(OC)cc(-c2nc3n(n2)C(=O)C(CC)S3)cc1OC,5.706674034231931,3052,5.161306503749074,hiv_26699,MoleculeNet_HIV,True
COc1ccc(C(=O)Sc2c(-c3ccccc3)c(=O)n(-c3ccccc3)c(=S)n2-c2ccccc2)cc1,5.706551008850368,3053,5.27549590136642,hiv_30387,MoleculeNet_HIV,True
COC(=N)C1(C#N)NC(c2ccsc2)C(C#N)(C#N)NC1c1ccsc1,5.706537736379709,3054,5.174704873067867,hiv_32590,MoleculeNet_HIV,True
Cc1cc(C)n2c(-c3ccccc3)c(C)cc2n1,5.7065102152267615,3055,5.290534974812987,hiv_21734,MoleculeNet_HIV,True
O=C(c1ccccc1)N1C2C3CC(OCc4ccccc4)(OCc4ccccc4)C(O3)C21,5.706298327275642,3056,5.274496889959834,hiv_18480,MoleculeNet_HIV,True
C[Si](C)(C)OC1(C#N)C2C3CC4C2C(=O)C2C4C3C21,5.706280803725947,3057,5.185841577785932,hiv_12471,MoleculeNet_HIV,True
CC(=O)OC(C)(C)C1CCC2(C)C=CC(C)CC(O)C=C(C)CC(O)C12,5.706042936145279,3058,5.217806839584908,hiv_10993,MoleculeNet_HIV,True
COC(=O)c1cc(=O)nc(NN)s1,5.705707954065067,3059,5.197542442734633,hiv_8138,MoleculeNet_HIV,True
CN1CC(C)(C)C(=O)c2ccccc21,5.705692883493852,3060,5.297818508873914,hiv_6211,MoleculeNet_HIV,True
Cc1cccc(C)c1NC(=O)C(C#N)C1=C(Cl)C(=O)c2ccccc2C1=O,5.7056166377019055,3061,5.444131358025569,hiv_16233,MoleculeNet_HIV,True
CC(=O)OC1C=C(C=O)C(O)(C=O)C2(C)CCCC(C)(C)C12,5.705615830576807,3062,5.185841577785932,hiv_7024,MoleculeNet_HIV,True
Cc1cccnc1NC(=S)Nc1ccccc1Cl,5.7055484276078605,3063,5.297729086491798,hiv_6231,MoleculeNet_HIV,True
COC(=O)C1(Cc2ccccc2)N=C(c2ccccc2)OO1,5.705489005022879,3064,5.228213320491338,hiv_7640,MoleculeNet_HIV,True
CC1=[N+]2c3ccccc3C(=O)[OH+][Ni-2]2(O)[OH+]c2ccc3c(C)cc(=O)oc3c21,5.705419371546275,3065,5.308597001215878,hiv_17149,MoleculeNet_HIV,True
CC(NC(=O)CNC(=O)CCCCCC(=O)NCC(=O)NC(C)C(=O)OCc1ccccc1)C(=O)OCc1ccccc1,5.70534646321972,3066,5.412600483154818,hiv_35251,MoleculeNet_HIV,True
CC1C(=O)OC2C=CC3(C)C(=O)OC4OC5(c6ccoc6)CC1(O)C2(C)C43O5,5.7052851289173505,3067,5.185814246293971,hiv_26610,MoleculeNet_HIV,True
C=CN1C(=O)C(Oc2ccccc2)C1c1ccccc1,5.705155390411309,3068,5.274870260858965,hiv_19889,MoleculeNet_HIV,True
O=c1c2cc(S(=O)(=O)Nc3ccc(Cl)cc3Cl)ccc2ncn1NS(=O)(=O)c1cccc2ccccc12,5.7051063648574365,3069,5.220594791536747,hiv_36734,MoleculeNet_HIV,True
O=S(=O)(Nc1nc2ccccc2nc1Nc1cccc2ccccc12)c1ccccc1,5.704995389957006,3070,5.240115940707557,hiv_36011,MoleculeNet_HIV,True
COc1ccc(N=C2C(=Nc3ccc(OC)cc3)N(S(=O)(=O)c3ccccc3)C(=S)N2c2ccccc2)cc1,5.704988604472512,3071,5.251673794057173,hiv_30584,MoleculeNet_HIV,True
CC(=O)n1nc(-c2[nH]c(C)c(-c3nn(C(C)=O)c(=S)o3)c2C)oc1=S,5.7049599700385,3072,5.188032407927247,hiv_37290,MoleculeNet_HIV,True
S=C(NN=CC(=NNC(=S)N1CCCCC1)c1ccccc1)N1CCCCC1,5.704834156625656,3073,5.287792193889626,hiv_38449,MoleculeNet_HIV,True
CC12CCC(O1)C1C(=O)OC(=O)C12,5.704795393026911,3074,5.185841577785932,hiv_1467,MoleculeNet_HIV,True
O=C1CSC(=O)N1,5.70476105923585,3075,5.199768657610501,hiv_342,MoleculeNet_HIV,True
NC(=S)NN=CNN=CNNC(N)=S,5.704720643565883,3076,5.193489545660364,hiv_2830,MoleculeNet_HIV,True
CC(C)CN1CN(c2ccccc2)C2(CCN(CC(C)(c3ccc(F)cc3)C3OCCO3)CC2)C1=O.Cl,5.704691269891515,3077,5.417159914995896,hiv_27789,MoleculeNet_HIV,True
CC(=O)NNC1=NN(C(C)=O)C2(S1)C(=O)Nc1ccccc12,5.704682328061431,3078,5.308907910860219,hiv_28372,MoleculeNet_HIV,True
Cc1cccc(Nc2ccccc2C(=O)O)c1C,5.704641737546861,3079,5.28047450665624,hiv_3445,MoleculeNet_HIV,True
CCOC(=O)C1(c2ccccc2)C(=O)Oc2ccccc21,5.704561764593884,3080,5.308239751765267,hiv_6965,MoleculeNet_HIV,True
O=[N+]([O-])C(C=C(Cl)n1nnc2ccccc21)=C(Cl)n1nnc2ccccc21,5.704545384411256,3081,5.175313988287174,hiv_27678,MoleculeNet_HIV,True
CC12CN3CC(C)(C)[NH+]4C(=O)C(C)(CN5CC(C)(C)[NH+](C1=O)[Ni-2]534)OCCCCCCCCCCOC1(C)CN3CC(C)(C)[NH+]4C(=O)C(C)(CN5CC(C)(C)[NH+](C1=O)[Ni-2]354)OCCCCCCCCCCO2,5.7044652840140975,3082,5.195033477474107,hiv_33286,MoleculeNet_HIV,True
COc1ccc(C=Cc2sc3ccccc3[n+]2CCCCI)cc1OC.[I-],5.704464667850249,3083,5.267887897181652,hiv_26798,MoleculeNet_HIV,True
C1CSCC2(COC2)CSCCSCC2(COC2)CS1,5.704204892444667,3084,5.188418833276602,hiv_22772,MoleculeNet_HIV,True
CCOC(=O)C1=C2c3cccnc3-c3ccccc3N2C(C(=O)OCC)C1C(=O)OCC,5.70417944730994,3085,5.3016874018467535,hiv_12000,MoleculeNet_HIV,True
CC(NC(=O)C1CC1(C)COC(=O)c1cc([N+](=O)[O-])cc([N+](=O)[O-])c1)c1cccc2ccccc12,5.704058946442553,3086,5.415932005764678,hiv_39006,MoleculeNet_HIV,True
c1ccc([PH](Cc2cccc3c2Cc2ccccc2-3)(c2ccccc2)c2ccccc2)cc1,5.704048844653088,3087,5.282137708142316,hiv_4772,MoleculeNet_HIV,True
Cc1n[nH]c(=O)n1N=Cc1cccnc1,5.703761685413794,3088,5.195500946909142,hiv_31675,MoleculeNet_HIV,True
O=c1ccn(C=C(c2ccccc2)S(=O)Cc2ccccc2)c(=S)[nH]1,5.703625699622197,3089,5.237524270123135,hiv_26295,MoleculeNet_HIV,True
Nc1nc(NCc2ccccc2)cc(NCc2ccccc2)n1,5.703569682653406,3090,5.175384897102389,hiv_35135,MoleculeNet_HIV,True
CCn1c2c(n(CC)c1=S)-c1c(n(CC)c(=S)n1CC)SSSS2,5.703516443676155,3091,5.19545138453953,hiv_15538,MoleculeNet_HIV,True
COC(=O)NC1(NC(=O)OC)NC(=O)c2cc(OC)c(OC)c(OC)c2N1,5.703495658000554,3092,5.177362017968003,hiv_9994,MoleculeNet_HIV,True
CC12CCC(OC3OC(CO)C(O)C(O)C3O)CC1CCC1C2CCC2(C)C(C3=CCOC3=O)CCC12O,5.7034631222792775,3093,5.185473543967706,hiv_1719,MoleculeNet_HIV,True
C=C(C)C1CCC2=CC(CC3(C)OC3c3cc(C(=O)OC)c(o3)C1)OC2=O,5.703428390766512,3094,5.163387050946107,hiv_6502,MoleculeNet_HIV,True
O=C1C(=O)N(C23CC4CC(CC(C4)C2)C3)C(=S)N1c1ccccc1,5.703385674959976,3095,5.287170974761152,hiv_30577,MoleculeNet_HIV,True
C=CCC1(c2ccc(OC)cc2)C=CC(=O)CC1,5.7031583239641686,3096,5.172035240793774,hiv_8725,MoleculeNet_HIV,True
CCN1CCC(CNC(=O)c2ccc(N)cc2)N1CC,5.703105447554936,3097,5.110536950389144,hiv_35453,MoleculeNet_HIV,True
Cc1[nH]c(=N)sc1C(=O)C=Cc1ccc([N+](=O)[O-])cc1,5.703085706122466,3098,5.189189677428584,hiv_18759,MoleculeNet_HIV,True
O=CC(=O)C(C(=O)O)[N+](=O)[O-].[NaH],5.7027639329032676,3099,5.420902833785499,hiv_24963,MoleculeNet_HIV,True
COC1CC(CC(C)O)CN(C#N)CCc2c1[nH]c1ccccc21,5.702750903465368,3100,5.393079087238742,hiv_6549,MoleculeNet_HIV,True
CC(=O)Nc1cc(O)nc2c1CCC2,5.702612023205816,3101,5.186296180720633,hiv_795,MoleculeNet_HIV,True
CCOC(=O)C1=C(NC)OCC1=NNC(=O)c1ccccc1O,5.7024971232461485,3102,5.295248888023719,hiv_17663,MoleculeNet_HIV,True
CCN(CC)CCOc1ccc(C(=C2CCCCC2)c2ccc(OCCN(CC)CC)cc2)cc1,5.702474880804644,3103,5.196035964100261,hiv_19078,MoleculeNet_HIV,True
O=C1NCCN1N=Cc1ccc([N+](=O)[O-])o1,5.702450814099033,3104,5.21389741162626,hiv_334,MoleculeNet_HIV,True
COC1(OC)C2(Cl)C(Cl)=C(Cl)C1(Cl)C1C=CC=CC12,5.702368306330044,3105,5.16140339153299,hiv_20391,MoleculeNet_HIV,True
Cc1c2c(n(CC(c3ccccc3)c3ccccc3)c1C)NN=C(C#N)S2(=O)=O,5.702318725171759,3106,5.419857363046348,hiv_38548,MoleculeNet_HIV,True
CC(=O)c1ccc(-c2oc(-c3ccccc3)cc2-c2ccc3c(c2)OCO3)s1,5.702068539316878,3107,5.2893169947005365,hiv_40550,MoleculeNet_HIV,True
COc1cc2c(c([N+](=O)[O-])c1)NC(=O)CC(C)S2,5.701985625446261,3108,5.170079450351124,hiv_31817,MoleculeNet_HIV,True
COC(=O)NC1=Nc2ccccc2C(=O)NN1,5.701977819870552,3109,5.455388152674675,hiv_9992,MoleculeNet_HIV,True
Cc1ccc(C=C2CN(C)CC3C(c4ccc(C)cc4)=C(C#N)C(=O)NC23)cc1,5.701944421539882,3110,5.185738462307436,hiv_41106,MoleculeNet_HIV,True
C=C(C(=O)O)C1CCC2(C)CC(O)CC(=C)C2C1,5.701742401156602,3111,5.1864548405866,hiv_33152,MoleculeNet_HIV,True
CC1(c2ccc(Cl)cc2)c2ccccc2C(=O)N1CCCN1C(=O)c2ccccc2C1=O,5.701730141853076,3112,5.297818508873914,hiv_40653,MoleculeNet_HIV,True
C[n+]1c(COc2ccc(C=NN3CCN(N=Cc4ccc(OCc5cn6ccccc6[n+]5C)cc4)CC3)cc2)cn2ccccc21.Cc1ccc(S(=O)(=O)O)cc1,5.701614113041633,3113,5.292639100046719,hiv_9266,MoleculeNet_HIV,True
CCOC(=O)c1[nH]cc(C)c1-c1ccn(-c2ccccc2)c1,5.701485181731151,3114,5.303959998720802,hiv_36528,MoleculeNet_HIV,True
Cc1cc(N=Nc2c(N)c(C)cc(N=Nc3ccc(C(N)=O)cc3)c2N)ccc1N=Nc1cc(C(=O)O)c(O)c(S(=O)(=O)O)c1,5.701476571218466,3115,5.194241963329728,hiv_2955,MoleculeNet_HIV,True
CNC(=O)CNC(=O)CCC(=O)N(C)C,5.701434211881302,3116,5.1781233378534735,hiv_37815,MoleculeNet_HIV,True
CC1=C(O[Si](C(C)C)(C(C)C)C(C)C)C2CC1C1C(=O)N(c3ccccc3)C(=O)C21,5.701238824015079,3117,5.4360909077568795,hiv_16100,MoleculeNet_HIV,True
O=C1c2ccccc2C(=O)c2c1ccc1c2[nH]c2ccccc21,5.701201178372554,3118,5.421645823617995,hiv_13988,MoleculeNet_HIV,True
N#CC(C#N)=Cn1ccc(=O)[nH]c1=S,5.701069212524281,3119,5.19170769341936,hiv_25546,MoleculeNet_HIV,True
OC1=CN=C(C2CC2)Oc2ccccc21,5.701066229140247,3120,5.280492297654867,hiv_21278,MoleculeNet_HIV,True
O=C(CCc1ccc(O)cc1)NCCc1cccc(OCc2ccccc2)c1,5.701021659691661,3121,5.249342657728774,hiv_34539,MoleculeNet_HIV,True
Cc1cc(O)nc(NNC(C#N)c2ccc(O)cc2)n1,5.700998345783855,3122,5.429957538113274,hiv_23701,MoleculeNet_HIV,True
COC1(OC)C2(Cl)C(Cl)=C(Cl)C1(Cl)C1COCC12,5.700995902504195,3123,5.16140339153299,hiv_31499,MoleculeNet_HIV,True
CN1CCC2(CC1)C(=O)N(Cc1ccccc1)C(=O)C2c1ccccc1,5.700911200610763,3124,5.247602175911868,hiv_5859,MoleculeNet_HIV,True
CCCCCCCCCCCCCCCCN1c2ccccc2C(C)(C)C12C=Cc1cccc([N+](=O)[O-])c1O2,5.700840709363531,3125,5.306357025010373,hiv_7142,MoleculeNet_HIV,True
C1CCN2CC34CC(CC5CCCN(C6CCCC3N6)C54)C2C1,5.7007452246274894,3126,5.195427319312181,hiv_4819,MoleculeNet_HIV,True
CCCCCC=C(c1cc(Br)cc(C(=O)O)c1OC)c1cc(Br)cc(C(=O)O)c1OC.N,5.700738646677064,3127,5.1880078624912445,hiv_15292,MoleculeNet_HIV,True
COc1ccc(C(c2ccc(C(C)C)cc(=O)c2O)c2ccc3cccnc3c2O)cc1,5.700717847877615,3128,5.394136136889494,hiv_11713,MoleculeNet_HIV,True
CC(C)CC(NC(=O)C(NC(=O)C(CO)NC(=O)C(C)NC(=O)C(CCCNC(=N)N)NC(=O)C(C)NC(=O)CN)C(C)C)C(=O)NC(CO)C(N)=O,5.700605623860418,3129,5.44570513785825,hiv_10969,MoleculeNet_HIV,True
O=C1C(=Cc2cccc(Cl)c2)CCc2ccccc21,5.700602523557645,3130,5.288799813795036,hiv_17281,MoleculeNet_HIV,True
CC(C)c1cccc(C(C)C)c1NC(=S)NN=C1C=C(C(C)(C)C)C(=O)C(C(C)(C)C)=C1,5.700517750229133,3131,5.432846118748951,hiv_22167,MoleculeNet_HIV,True
CCCCc1c2c(nc3c1CCC(=Cc1ccccc1)C3=O)CCCC2,5.7003905495286205,3132,5.282980770244741,hiv_22744,MoleculeNet_HIV,True
CCOC(=O)C(C(=O)OCC)=C1SC(=Nc2ccccc2)C(=Nc2ccccc2)N1c1ccccc1,5.700326037797945,3133,5.295356275047002,hiv_30560,MoleculeNet_HIV,True
O=S1OCC2(CO1)COS(=O)OC2,5.700323639979716,3134,5.1909099592163725,hiv_991,MoleculeNet_HIV,True
CCOC(=O)c1nnsc1NC(=O)NCCCCCCn1c(=O)n(CCCCCCNC(=O)Nc2snnc2C(=O)OCC)c(=O)n(CCCCCCNC(=O)Nc2snnc2C(=O)OCC)c1=O,5.700302381123361,3135,5.125897222513346,hiv_35286,MoleculeNet_HIV,True
COc1ccc(C(=NOCCCC(=O)O)c2cccs2)cc1,5.70028508758293,3136,5.157640370312896,hiv_35785,MoleculeNet_HIV,True
COc1ccc(C=C2CCCC(C(NO)c3ccc(OC)cc3)C2=NO)cc1,5.700271449124021,3137,5.4204688300409245,hiv_15337,MoleculeNet_HIV,True
C=C=Cn1nn[nH]c1=N,5.7002607355078485,3138,5.19109132374731,hiv_7122,MoleculeNet_HIV,True
CC1(n2nc(-c3ccccc3)n(-c3ccccc3)c2=O)CSC1,5.700199590225866,3139,5.301873774397242,hiv_23655,MoleculeNet_HIV,True
CC1=NC(C)=NP(O)(Oc2ccccc2)=N1,5.700199164797583,3140,5.464557014201002,hiv_8021,MoleculeNet_HIV,True
C=C1c2[nH]c3c([N+](=O)[O-])c(OC)ccc3c2CCN1C(C)=O,5.700131635826242,3141,5.193479765998712,hiv_13810,MoleculeNet_HIV,True
O=c1c2ccccc2nc(-c2ccccc2)n1N=Cc1ccccc1[N+](=O)[O-],5.70007177641449,3142,5.228945069835388,hiv_35977,MoleculeNet_HIV,True
COc1ccccc1C1=NC(C)(C)CO1,5.6999131759297725,3143,5.279469708870678,hiv_8059,MoleculeNet_HIV,True
CC12CCC3C(CCC4=CC(=O)CCC43C)C1Cc1cn[nH]c1N2,5.699867676820494,3144,5.171030953750089,hiv_13365,MoleculeNet_HIV,True
COc1ccc2nc(NC(=O)C(=O)C(C#N)c3ccc(Cl)c(Cl)c3)sc2c1,5.699856841283534,3145,5.407112017050268,hiv_11405,MoleculeNet_HIV,True
CCOC(=O)C1C2CCC(O2)C1C(=O)O,5.699847896902126,3146,5.233295164700918,hiv_1968,MoleculeNet_HIV,True
CC(C)(C)c1cc(COc2c3sc(=S)sc3c(OCc3cc(C(C)(C)C)cc(C(C)(C)C)c3)c3sc(=S)sc23)cc(C(C)(C)C)c1,5.699760109862072,3147,5.138491908783886,hiv_13035,MoleculeNet_HIV,True
CN1C(=O)NC(=Cc2ccc(S(=O)(=O)NN=Cc3ccccc3)cc2)C1=O,5.699501832773591,3148,5.30344830550078,hiv_35181,MoleculeNet_HIV,True
CC12NC(=C(C#N)C#N)C(C#N)=C3NC(N)=C(C#N)C(=C31)Oc1ccccc12,5.6994701140743,3149,5.274557135955821,hiv_35841,MoleculeNet_HIV,True
CCOP(=S)(S)OCC.C[S+]=c1cc(-c2ccccc2)ss1,5.699438244826785,3150,5.304797167711788,hiv_1146,MoleculeNet_HIV,True
COc1ccc(C(=O)C(CN2CCOCC2)CN2CCOCC2)cc1.Cl,5.699435198277245,3151,5.393462751118367,hiv_10089,MoleculeNet_HIV,True
COc1cc2c(cc1OC)-c1c3cc(O)ccc3nn[n+]1CC2.[Cl-],5.699418355290557,3152,5.109049695640525,hiv_11660,MoleculeNet_HIV,True
CC1=NN(C(=O)c2ccccc2O)C(=O)C1=Cc1ccc(O)cc1,5.699236645093705,3153,5.292074248347362,hiv_23293,MoleculeNet_HIV,True
COC(CN1C=C(Sc2ccccc2)CC1)OC,5.699087032822528,3154,5.406602529226292,hiv_18709,MoleculeNet_HIV,True
Cc1cc2c(c(O)n1)C(=O)OC2,5.699058484363289,3155,5.187116668251111,hiv_3245,MoleculeNet_HIV,True
CC(C)c1c(P(=O)(c2ccccc2)c2ccccc2)n(C)c2ccccc12,5.6989174925426775,3156,5.394277490116253,hiv_31253,MoleculeNet_HIV,True
O=C(Nc1nccs1)c1ccc(C(=O)Nc2nccs2)cc1,5.698874471212057,3157,5.183108662917797,hiv_2117,MoleculeNet_HIV,True
CC1=CC(=C2N=C(N(C)C)SS2)C(C)=N1.[O-][Cl+3]([O-])([O-])O,5.698838211629658,3158,5.378077130074908,hiv_11180,MoleculeNet_HIV,True
[O+]#C[Ru+]123([O-])(C#[O+])C4=C1C1CC4C2=C13,5.698749925628349,3159,5.362121547282071,hiv_15639,MoleculeNet_HIV,True
O=C(Cc1nccc2c1[nH]c1ccccc12)OC1C#CCSCC#CC=C1,5.698608297234707,3160,5.209255581509553,hiv_31282,MoleculeNet_HIV,True
C=C(C(=C)P(=S)(C(C)C)C(C)C)P(=S)(C(C)C)C(C)C,5.698399981591371,3161,5.434692048593098,hiv_14794,MoleculeNet_HIV,True
N#Cc1cc([N+](=O)[O-])ccc1NC(=O)C(=O)C(C(=O)c1ccc2ccccc2c1)C1OCc2ccccc21,5.698391119354531,3162,5.407146974614933,hiv_19145,MoleculeNet_HIV,True
NC(=Cc1ccc(C=C(NC(=O)c2ccccc2)c2nc3c([nH]2)C(=O)c2ccccc2C3=O)cc1)c1nc2c([nH]1)C(=O)c1ccccc1C2=O,5.698358587246215,3163,5.43703086427861,hiv_11484,MoleculeNet_HIV,True
O=C(CCCCC(=O)OCC1COCO1)OCC1COCO1,5.698275865215648,3164,5.173286052369247,hiv_1484,MoleculeNet_HIV,True
CC(C)(C)c1ccc(CN2CCN(C(c3ccccc3)c3ccc(Cl)cc3)CC2)cc1,5.698238558462293,3165,5.402191606789362,hiv_979,MoleculeNet_HIV,True
CC(NC(=O)N(C)C)NC(=O)N(C)C,5.698216777958478,3166,5.434466953912607,hiv_25715,MoleculeNet_HIV,True
CC(C(=O)N1C(=O)N(C(=O)C(C)C(O)c2ccccc2)C(c2ccccc2)C1c1ccccc1)C(O)c1ccccc1,5.698119259100472,3167,5.43430632857294,hiv_24580,MoleculeNet_HIV,True
CC(C)(C)C1=NC(=P(c2ccccc2)(c2ccccc2)c2ccccc2)C(=O)O1,5.698090953974091,3168,5.460410919513088,hiv_39702,MoleculeNet_HIV,True
COc1cc2oc(=O)cc(C)c2c(OC)c1O,5.698064219904724,3169,5.146194047933662,hiv_36984,MoleculeNet_HIV,True
CN=c1sc2c(n1C)C(=O)c1ccccc1C2=O,5.6979308332588845,3170,5.443396524793916,hiv_25967,MoleculeNet_HIV,True
COc1cc2c(c(OC)c1)C1(CC(CC#N)C2)SCCS1,5.697819960615014,3171,5.165802889448957,hiv_12472,MoleculeNet_HIV,True
CC(C)(C)N=C1C(=O)C2(C)CCC1C2(C)C,5.69779087135305,3172,5.217834171076869,hiv_40434,MoleculeNet_HIV,True
S=c1[nH]c2ccccc2c(=S)n1CN1CCCCC1,5.697787340898291,3173,5.227889908497507,hiv_25903,MoleculeNet_HIV,True
Cc1cc(-c2cccc3ccccc23)c(C#N)c(=S)n1C1OC(CO)C(O)C(O)C1O,5.697746570609152,3174,5.249238694554434,hiv_28848,MoleculeNet_HIV,True
O=C1C=C(c2ccccc2)C(c2ccccc2)C1O,5.697725040828466,3175,5.272251899125388,hiv_4689,MoleculeNet_HIV,True
CC1COP(N(C(C)C)C(C)C)O1,5.697688379181621,3176,5.424024237644898,hiv_6923,MoleculeNet_HIV,True
CC(C)N(C(C)C)[P-]1(Br)[Mn+]2(C#[O+])(C#[O+])(C#[O+])[H-][Mn+]12(C#[O+])(C#[O+])C#[O+],5.697688379181621,3177,5.434692048593098,hiv_16486,MoleculeNet_HIV,True
O=C(N=C1[Se]C(=Nc2ccccc2)C(=Nc2ccccc2)N1c1ccccc1)c1ccc([N+](=O)[O-])cc1,5.697632699801282,3178,5.297424817596306,hiv_30612,MoleculeNet_HIV,True
CC1=C2C=CC(=O)N2C2C(N1)C(=O)N(C)C(=O)N2C,5.6975850817713045,3179,5.18401669239559,hiv_3253,MoleculeNet_HIV,True
CCCc1nc(NC#N)nc(C(=O)NC23CC4CC(CC(C4)C2)C3)c1C,5.6975241438576525,3180,5.177073125277587,hiv_15168,MoleculeNet_HIV,True
CN(C)c1ccc(C=C(NC(=O)c2ccccc2)C(=O)NC(Cc2c[nH]c3ccccc23)C(=O)O)cc1,5.697369436666566,3181,5.411019277611351,hiv_36211,MoleculeNet_HIV,True
Cc1cn(C2CC(OC(c3ccccc3)(c3ccccc3)c3ccccc3)C(COC(c3ccccc3)(c3ccccc3)c3ccccc3)O2)c(=O)[nH]c1=O,5.696920154482004,3182,5.28324036619006,hiv_27830,MoleculeNet_HIV,True
N#CC(=Cc1ccccc1)c1ccc(F)cc1,5.696544081265438,3183,5.283217979715005,hiv_9766,MoleculeNet_HIV,True
COc1cc2c(c(C3(O)C(=O)N(C)c4ccccc43)c1OC)OCO2,5.696381507865924,3184,5.280555114766548,hiv_10477,MoleculeNet_HIV,True
CC(=O)NC(Cc1c[nH]cn1)C(=O)N1CCCC1C(N)=O,5.696282713925375,3185,5.409939686106581,hiv_29448,MoleculeNet_HIV,True
CC(C(=O)O)C(C)(O)C(=O)O,5.696217112776904,3186,5.429435559156279,hiv_38227,MoleculeNet_HIV,True
CON(C)C(=O)C(C)NC(=O)OC(C)(C)C,5.696217112776904,3187,5.411348801763848,hiv_24186,MoleculeNet_HIV,True
COc1ccc(-n2cnc3c(NC(CCSC)C(=O)O)ncnc32)cc1,5.696172845851066,3188,5.3724629589017345,hiv_38260,MoleculeNet_HIV,True
c1ccc2c(c1)SCCC2NC1=NCCO1,5.696106152953672,3189,5.214692288822055,hiv_27469,MoleculeNet_HIV,True
CN(CCC(N)CC(=O)NC1C=CC(n2ccc(=N)[nH]c2=O)OC1C(=O)O)C(=N)N,5.695980439452474,3190,5.399990707687335,hiv_10499,MoleculeNet_HIV,True
O=C(Nc1ccc(-c2ccco2)oc1=O)c1ccccc1,5.695939602226016,3191,5.27486293083127,hiv_37926,MoleculeNet_HIV,True
CC(=O)OC1CN(OCC2OC(OC(C)=O)C(OC(C)=O)C(OC(C)=O)C2OC(C)=O)CC(OC(C)=O)C1OC(C)=O,5.695789993725465,3192,5.178221140325901,hiv_31662,MoleculeNet_HIV,True
CC1(C)CCC(c2cc(O)c3c(c2O)C(=O)C=CC3=O)O1,5.695749057496428,3193,5.107925264200469,hiv_7599,MoleculeNet_HIV,True
CC(C)(C)OC=C1C(=O)OC2CC(O[Si](C)(C)C(C)(C)C)CC12,5.695732846070027,3194,5.167674418719005,hiv_39969,MoleculeNet_HIV,True
O=C1CC(c2n[nH]c3ccccc23)C(=O)N1c1ccccc1,5.69570431462249,3195,5.246090776220047,hiv_13532,MoleculeNet_HIV,True
CN1CNc2[nH]c(=N)n(C)c(=O)c2C1,5.695664196602514,3196,5.185781160295064,hiv_26886,MoleculeNet_HIV,True
CC(=O)OCC1OC(n2c3c(cc(C#N)c2=S)CCCCC3)C(OC(C)=O)C(OC(C)=O)C1OC(C)=O,5.695651216742694,3197,5.179258722723577,hiv_32428,MoleculeNet_HIV,True
O=C1CN(CCCN2CCOCC2)CC(=O)N2Cc3ccccc3CN12,5.695632886273536,3198,5.325138927116267,hiv_8285,MoleculeNet_HIV,True
CC1NC(=O)CNC(=O)CNC(=O)C(Cc2ccc(O)cc2)NC(=O)C(C(C)C)NC(=O)C(C)NC1=O,5.695608503174538,3199,5.415345613404607,hiv_12909,MoleculeNet_HIV,True
COc1ccc2c(c1)CCCN2CCCCCCCCCCN(CCC(C)C)CCC(C)C,5.695575225287276,3200,5.399554824486458,hiv_447,MoleculeNet_HIV,True
Nc1cccc(N=Nc2c(S(=O)(=O)O)cc3cc(Nc4ccc5c(O)c(N=Nc6cccc(N)c6)c(S(=O)(=O)O)cc5c4)ccc3c2O)c1,5.695451037134433,3201,5.177287693375123,hiv_1975,MoleculeNet_HIV,True
CC(C)(C)NC(NC(C)(C)C)=C(C=C(Cl)[N+](=O)[O-])[N+](=O)[O-],5.69540715869955,3202,5.218071679144372,hiv_27674,MoleculeNet_HIV,True
COC(=O)NC1=Nc2ccccc2-c2ccccc2N1,5.695325969576256,3203,5.457890664954281,hiv_5467,MoleculeNet_HIV,True
N#CC(=Cc1cccc(OCc2ccccc2)c1)c1ccc([N+](=O)[O-])cc1,5.69520159134346,3204,5.249342657728774,hiv_5931,MoleculeNet_HIV,True
O=C(CSCC(=O)NN=Cc1ccccc1)NN=Cc1ccccc1,5.695101458411854,3205,5.282137708142316,hiv_702,MoleculeNet_HIV,True
N#CC(=Cc1cccc(Oc2ccccc2)c1)c1ccccc1,5.695064664963697,3206,5.2835433243582175,hiv_19804,MoleculeNet_HIV,True
Nc1ncnc2c1ncn2C1OC2CSCCC2(O)C1O,5.6950618358686915,3207,5.187053394467507,hiv_37413,MoleculeNet_HIV,True
O=c1c2cc3c(cc2c2cccc4ccn1c42)OCO3,5.6946752192511,3208,5.191973875131303,hiv_11912,MoleculeNet_HIV,True
CCCOc1csc(C2CCC3C4CC=C5CC(OC(C)=O)CCC5(C)C4CCC23C)n1,5.694504424029618,3209,5.1961566102761685,hiv_23811,MoleculeNet_HIV,True
CCC12C=CCN3CCC4(c5cc(C6(C(=O)OC)CCCCCc7c6[nH]c6ccccc76)c(OC)cc5N(C)C4C(O)(C(=O)OC)C1OC(C)=O)C32,5.694217764388767,3210,5.225118336649576,hiv_7302,MoleculeNet_HIV,True
CCOC(=O)C1CC2OC2CC1C(=O)OCC,5.693942546965655,3211,5.185197541704377,hiv_3564,MoleculeNet_HIV,True
CC(C)CN(CC(C)C)C(=O)C(Br)C(Br)C(=O)O,5.693927309876979,3212,5.399796598583805,hiv_1793,MoleculeNet_HIV,True
CCOCNC=O,5.693885476326979,3213,5.194249568171668,hiv_8477,MoleculeNet_HIV,True
CN1C(c2ccccc2)(c2ccccc2)c2ccccc2S1(=O)=O,5.693840102164688,3214,5.296630977755573,hiv_4029,MoleculeNet_HIV,True
COC(=O)C(CCCC1(c2ccccc2)OCCO1)C(C)=O,5.693794814575009,3215,5.400802754723942,hiv_22332,MoleculeNet_HIV,True
O=c1nc2n(CCO)c(-c3ccccc3)c(-c3ccccc3)nc-2c(=O)[nH]1,5.693773067898558,3216,5.27346503273376,hiv_34035,MoleculeNet_HIV,True
O=c1c2ccccc2nc(-c2ccccc2)n1NC(=S)Nc1ccc(Cl)cc1[N+](=O)[O-],5.693751737366304,3217,5.225784299288946,hiv_23744,MoleculeNet_HIV,True
COc1ccc(C=CC(CC(NO)c2ccc(OC)cc2)=NO)cc1,5.693739108849956,3218,5.376655350220958,hiv_2705,MoleculeNet_HIV,True
O=C(O)C1C(C(=O)O)C2C=CC1C21CCCC1,5.693471967346746,3219,5.235731741068447,hiv_4832,MoleculeNet_HIV,True
O=C1NC(=C[N+](=O)[O-])c2ccccc21,5.693456583523758,3220,5.305429676459854,hiv_18586,MoleculeNet_HIV,True
CC12CCC(=O)CC1CCC(O)C2Br,5.693130072536542,3221,5.186187886415278,hiv_11674,MoleculeNet_HIV,True
C[n+]1c2ccccc2n2c3ccccc3c(NCCCN3CCOCC3)c(C#N)c21.Cc1ccc(S(=O)(=O)[O-])cc1,5.693113791730011,3222,5.257729981948808,hiv_38703,MoleculeNet_HIV,True
CC1CCC(=Cc2ccc(F)cc2)C2=C1C(c1ccc(F)cc1)N1C(=O)CSC1=N2,5.69306203553221,3223,5.363300778852278,hiv_37611,MoleculeNet_HIV,True
CC(C)CCCC(C)C1CCC2C3CCC4CC(CCC=C(c5cc(Cl)c(OCc6ccc(C(=O)O)cc6)c(C(=O)O)c5)c5cc(Cl)c(OCc6ccc(C(=O)O)cc6)c(C(=O)O)c5)CCC4(C)C3CCC12C,5.693000647483986,3224,5.408559169895727,hiv_40058,MoleculeNet_HIV,True
CC(C)CCCC(C)C1CCC2C3CCC4CC(CCC=C(c5cc(Cl)c(OCc6cccc(B7OC(C)(C)C(C)(C)O7)c6)c(C(=O)OCc6cccc(B7OC(C)(C)C(C)(C)O7)c6)c5)c5cc(Cl)c(OCc6cccc(B7OC(C)(C)C(C)(C)O7)c6)c(C(=O)OCc6cccc(B7OC(C)(C)C(C)(C)O7)c6)c5)CCC4(C)C3CCC12C,5.693000647483986,3225,5.40482922055921,hiv_41027,MoleculeNet_HIV,True
CC(C)CCCC(C)C1CCC2C3CCC4CC(CCC=C(c5cc(Cl)c(OCc6ccc([N+](=O)[O-])cc6)c(C(=O)OCc6ccc([N+](=O)[O-])cc6)c5)c5cc(Cl)c(OCc6ccc([N+](=O)[O-])cc6)c(C(=O)OCc6ccc([N+](=O)[O-])cc6)c5)CCC4(C)C3CCC12C,5.693000647483986,3226,5.408559169895727,hiv_40062,MoleculeNet_HIV,True
CC12CCC(=O)C(OC(=O)c3ccc([N+](=O)[O-])cc3)=C1CCC2=O,5.69297212446809,3227,5.194071707780748,hiv_13588,MoleculeNet_HIV,True
N#CC(C#N)=C1C(=O)NC(N)=C1C#N,5.6928896372610325,3228,5.19911694311487,hiv_39723,MoleculeNet_HIV,True
O=c1c2cc(Br)ccc2oc2ccc(Br)cc12,5.69281711761406,3229,5.183638433850746,hiv_13970,MoleculeNet_HIV,True
CCOC(=O)C1=CNc2ccccc2NC1=N,5.692779599754213,3230,5.3174464269966775,hiv_8372,MoleculeNet_HIV,True
COC(=O)C(C#N)=CNC(=S)NNC(C)=O,5.692738928236516,3231,5.161344471664423,hiv_25998,MoleculeNet_HIV,True
CN1CCC2(CC1)C(=O)N(NC(N)=O)C(=O)C2c1ccccc1,5.692730141982248,3232,5.286200216498808,hiv_28002,MoleculeNet_HIV,True
CC12CCC(C(=Nc3ccc([N+](=O)[O-])cc3)C1=O)C2(C)C,5.692619765840846,3233,5.172724148709644,hiv_40433,MoleculeNet_HIV,True
CC1CCC2C(C)C(=O)OC3OC4(C)CCC1C32OO4,5.692619765840846,3234,5.185814246293971,hiv_9059,MoleculeNet_HIV,True
CC1CCC2(OC2(C)C)C(=O)C1,5.692619765840846,3235,5.185814246293971,hiv_7809,MoleculeNet_HIV,True
N#CC(c1ccc(Cl)cc1)c1cccc(C(C#N)c2ccc(Cl)cc2)n1,5.692548416802294,3236,5.425441721315233,hiv_16079,MoleculeNet_HIV,True
CC1(C)COC(c2ccccc2-c2ccccc2)=N1,5.692357618434623,3237,5.295870916502916,hiv_40647,MoleculeNet_HIV,True
CCC(C)C(NC(=O)C(N)CCC(=O)O)C(=O)NC(CCCCN)C(=O)NCC(=O)NC(C(=O)NC(C(=O)NC(CC(=O)O)C(=O)NC(CC(C)C)C(=O)NCC(=O)NC(CCCCN)C(=O)O)C(C)O)C(C)O,5.6923342237746954,3238,5.431847290646897,hiv_14750,MoleculeNet_HIV,True
CCC(C)C(NC(=O)C(N)CCC(=O)O)C(=O)NC(CCCCN)C(=O)NCC(=O)NC(C(=O)NC(C(=O)NC(CC(N)=O)C(=O)NC(CC(C)C)C(=O)NCC(=O)NC(CCCCN)C(=O)O)C(C)O)C(C)O,5.6923342237746954,3239,5.431847290646897,hiv_14749,MoleculeNet_HIV,True
CN(C)c1ccc(C=Cc2cc[n+](C)c3ccccc23)cc1,5.692247850609822,3240,5.252889355127571,hiv_217,MoleculeNet_HIV,True
N#Cc1c(O)c(C=Nc2ncccn2)c(=O)n2c1[nH]c1ccccc12,5.692209413946038,3241,5.263252875867403,hiv_25953,MoleculeNet_HIV,True
CN1CCC(c2c(O)cc(O)c3c(=O)cc(-c4ccccc4Cl)oc23)C(O)C1,5.692190777115608,3242,5.372438200926901,davis_5287969,DAVIS_spike_in,True
CC(C)OP(=O)(OC(C)C)C(C(C)C)N(C)C(F)=NC(F)(F)F,5.692182012174851,3243,5.431247590407944,hiv_32500,MoleculeNet_HIV,True
CC(C)OP(=O)(OC(C)C)C(C(F)(F)F)C(F)(F)F,5.692182012174851,3244,5.431247590407944,hiv_35528,MoleculeNet_HIV,True
COc1cc(C=Nc2ccc(Oc3ccc(Cl)cc3)c(Cl)c2)cc(OC)c1OC,5.692104102654567,3245,5.144627386144391,hiv_38643,MoleculeNet_HIV,True
CCCCCC1OC(=O)C(=C2CCC(CCCC)O2)C(=O)C1O,5.6920251645673074,3246,5.185782121265108,hiv_13167,MoleculeNet_HIV,True
O=C1c2ccccc2C(=CC=C2c3ccccc3Sc3ccccc32)c2ccccc21,5.692011289381995,3247,5.439584329603695,hiv_15238,MoleculeNet_HIV,True
CCOC(=O)C1=C(SC)SC(C(=O)OCC)C2C=C(C)C=CN12,5.69199502473037,3248,5.144590198763049,hiv_9225,MoleculeNet_HIV,True
CC1NC(=O)C2=C1C(=N)NC(=O)C2,5.691975315501377,3249,5.175795079135955,hiv_19570,MoleculeNet_HIV,True
CN1C(=O)Cn2c(n[nH]c(=O)c2=O)-c2cc(Cl)ccc21,5.691873963129778,3250,5.196538529306818,hiv_7359,MoleculeNet_HIV,True
CC(c1ccccn1)=[N+]1[N-]C(N)=[S+][AlH3-]12[OH+]B(c1ccccc1)[OH+]2,5.691860578008174,3251,5.301113047677434,hiv_30785,MoleculeNet_HIV,True
O=C1c2c[nH]nc2C(c2ccccc2)N1c1ccccc1,5.691691905184081,3252,5.242412410316772,hiv_27124,MoleculeNet_HIV,True
COC12C=CC(CC1)C(C)(C)C2=O,5.691668193409252,3253,5.162149431776847,hiv_25390,MoleculeNet_HIV,True
COC1=C(C)C(=O)c2c(c(COC(N)=O)c3n2CC(OC(C)=O)C3OC(C)=O)C1=O,5.691629882803331,3254,5.177439086240842,hiv_36275,MoleculeNet_HIV,True
CC(=O)OC1C(CN2CCOC2=O)OC(n2cc(C)c(=O)[nH]c2=O)C1OC(C)=O,5.691603951162374,3255,5.187828653705847,hiv_26547,MoleculeNet_HIV,True
COc1ccc(C=C2N=C(c3ccccc3)N(Nc3nnc(NN4C(=O)C(=Cc5ccc(OC)cc5)N=C4c4ccccc4)c4ccccc34)C2=O)cc1,5.691529543488352,3256,5.373241308504218,hiv_23935,MoleculeNet_HIV,True
Cc1n[nH]c2c1NC(=O)OC2,5.691488225679796,3257,5.204976942594327,hiv_8407,MoleculeNet_HIV,True
Cc1n[nH]c2c1NC(=O)OCC2,5.691488225679796,3258,5.203081216897712,hiv_8409,MoleculeNet_HIV,True
CC(C)=CCCC(C)C1=C(O)C(=O)C(C)=C(NC(C)c2ccccc2)C1=O,5.691476090829275,3259,5.413221604965183,hiv_39498,MoleculeNet_HIV,True
CC1C(=O)OC2CC1(C)C1C(=O)C3(O)OC14C(O)(CCC1C3C(O)C=C3CC=CC(=O)C31C)C(=O)OC24C,5.691452925312943,3260,5.185814246293971,hiv_26530,MoleculeNet_HIV,True
O=C1OC(=O)c2cnccc21,5.691386641347037,3261,5.304303127480809,hiv_4605,MoleculeNet_HIV,True
Cn1c(N)c(N=Nc2ccc(S(=O)(=O)Nc3nccs3)cc2)c(=O)n(C)c1=O,5.691379345872303,3262,5.194358685266305,hiv_4207,MoleculeNet_HIV,True
N#CC(=Cc1ccc2[nH]ccc2c1)C(=O)c1ccc(O)c(O)c1,5.69128575962716,3263,5.1918298832280545,hiv_22849,MoleculeNet_HIV,True
CN(C)C(n1cc2c(c1)-c1ccc(Cl)cc1C(c1ccccc1F)=NC2)n1cc2c(c1)-c1ccc(Cl)cc1C(c1ccccc1F)=NC2,5.691229716278867,3264,5.44113980027472,hiv_10506,MoleculeNet_HIV,True
CCCCC(CC)COS(=O)(=O)O,5.69119509176705,3265,5.400581410714871,hiv_252,MoleculeNet_HIV,True
CCCCC(CC)CCC(CCC(CC)CCCC)S(=O)(=O)O,5.69119509176705,3266,5.400581410714871,hiv_609,MoleculeNet_HIV,True
O=S(=O)([N-]c1nc2ccccc2nc1-[n+]1ccccc1)c1ccccc1,5.69111922855772,3267,5.2825057419605415,hiv_36018,MoleculeNet_HIV,True
CCCCCCCCCCCCCCCC1C[N+](C)(C)CCOP(C)(=O)O1.[Br-],5.691073592135713,3268,5.180701263462948,hiv_36827,MoleculeNet_HIV,True
CC1(c2cccc(C3CC4(CCC3=O)OCCCCO4)c2)OCCO1,5.6910640925490705,3269,5.1799025766848334,hiv_24100,MoleculeNet_HIV,True
CCOC(=O)C1=C(C)Nc2ccccc2S1,5.691058186747062,3270,5.3174464269966775,hiv_11028,MoleculeNet_HIV,True
CN1COc2c(n(C)c(=O)[nH]c2=O)C1,5.691001234159124,3271,5.190997727533379,hiv_3818,MoleculeNet_HIV,True
C=Cc1ccc(C)[n+](C[Si](C)(C)O[Si](C)(C)C[n+]2cc(C=C)ccc2C)c1.[I-],5.690890290917154,3272,5.187631473938726,hiv_21965,MoleculeNet_HIV,True
COc1cc2c(cc1-c1coc3cc(O)ccc3c1=O)OCO2,5.690839018552968,3273,5.187999575615654,hiv_9571,MoleculeNet_HIV,True
COC(=O)C1C(=O)N(C)C(=O)N2CCCC12,5.690776922908359,3274,5.175699262694893,hiv_40282,MoleculeNet_HIV,True
COc1ccc2c(C3(O)CCNCC3)c[nH]c2c1,5.690578064467851,3275,5.213549623586021,hiv_12711,MoleculeNet_HIV,True
O=C(NCCCN1CCN(CCCNC(=O)Nc2cc(Cl)ccc2Cl)CC1)Nc1cc(Cl)ccc1Cl,5.690555581613336,3276,5.229973719250904,hiv_3448,MoleculeNet_HIV,True
CCc1cc(CCC(=O)Nc2c(C)cccc2C)n[nH]1,5.690511976658152,3277,5.210130247048372,hiv_15259,MoleculeNet_HIV,True
O=C1CSC(C(=Cc2ccc(Cl)cc2)c2nc3ccccc3[nH]2)=N1,5.690429423743207,3278,5.4670666118637365,hiv_23229,MoleculeNet_HIV,True
CN1C2C=CC(=O)C1C(C#N)C2,5.6903208941982495,3279,5.421083320657965,hiv_25024,MoleculeNet_HIV,True
CN1Cc2cc3cc4c(cc3nc2N(C)C1)OCCO4,5.690284208005086,3280,5.201659649664679,hiv_37223,MoleculeNet_HIV,True
O=[N+]([O-])C(Cl)=CC(=C(Cl)Cl)[N+](=O)[O-],5.690236053187347,3281,5.18260085145307,hiv_27660,MoleculeNet_HIV,True
CC1CCC23COC(=O)C2=CCCC3C1(C)CCC(=CCO)CO,5.690159906459462,3282,5.198460173546357,hiv_12322,MoleculeNet_HIV,True
O=C1C(=Cc2ccc(Br)s2)NC(=S)N1c1ccccc1,5.689953077757707,3283,5.3042421453415125,hiv_33501,MoleculeNet_HIV,True
COc1ccc2oc3c(C)cc4c(OC)nnc(OC)c4c3c2c1,5.689933666750575,3284,5.112243748117,hiv_25367,MoleculeNet_HIV,True
CC12ON=C(c3ccccc3)N1C=CN1C(c3ccccc3)=NOC12,5.689921886092115,3285,5.304072648191763,hiv_39641,MoleculeNet_HIV,True
O=C(C(=Cc1ccccc1Cl)c1ccccc1)c1ccccc1,5.689824189727982,3286,5.288093352542467,hiv_17128,MoleculeNet_HIV,True
CC(NC(=O)C1CCC(=O)N1)C(=O)N1CCCC1C(N)=O,5.689784081190631,3287,5.445627907630059,hiv_29447,MoleculeNet_HIV,True
Cc1ccc2c3c(nsc13)-c1ccccc1C2=O,5.689502186912888,3288,5.431888875569662,hiv_1356,MoleculeNet_HIV,True
CC1(C)CCOC(Sc2ccccc2)C1,5.6894549502617355,3289,5.290903610007926,hiv_12081,MoleculeNet_HIV,True
CCOC(=O)C1(C#N)C(c2ccccc2)CC(O)(c2ccc(Cl)cc2)C(C(=O)c2ccc(Cl)cc2)C1c1ccccc1,5.689337913645051,3290,5.298999420027205,hiv_22590,MoleculeNet_HIV,True
COc1cc(C(c2cc(OC)c(OC)c(OC)c2)N2C(=O)CCC2C(=O)O)cc(OC)c1OC,5.689322034593544,3291,5.393521166789573,hiv_39194,MoleculeNet_HIV,True
CCCNC(=S)NNC(=O)CSc1nc(-c2ccccc2)c(-c2ccccc2)[nH]1,5.68929765896672,3292,5.284672999709523,hiv_22799,MoleculeNet_HIV,True
Cc1[nH]c(-c2ccccc2)c(O)c1C(=O)OC1CC(C)CCC1C(C)C,5.6892855891123855,3293,5.416889524802432,hiv_39154,MoleculeNet_HIV,True
CN1CC2(CCCCC2)C(O)C12C=CCCC2,5.689228840914154,3294,5.189659269428229,hiv_19917,MoleculeNet_HIV,True
CCCCc1ccc(-n2sc3ncc([N+](=O)[O-])cc3c2=O)cc1,5.689090837185388,3295,5.137056014714606,hiv_38808,MoleculeNet_HIV,True
O=[N+]([O-])c1ccc2c(c1)NC(O)C(O)N2,5.688877398082929,3296,5.1828064520713,hiv_28741,MoleculeNet_HIV,True
COC(=O)C(Cc1c[nH]c2ccccc12)NC(=O)C(Cc1c[nH]cn1)NC(=O)C1CCC(=O)N1C(=O)OCc1ccccc1,5.688874751182482,3297,5.398937757236741,hiv_29352,MoleculeNet_HIV,True
Nc1ncnc2c1ncn2CC1COC(CO)O1,5.688862112580677,3298,5.178614276830048,hiv_24549,MoleculeNet_HIV,True
CC1(C)CC(=O)C2=C(C1)SC(=C1SC3=C(S1)C(=O)CC(C)(C)C3)S2,5.688826082000459,3299,5.19419969492447,hiv_24039,MoleculeNet_HIV,True
CC(C(C(=O)O)S(=O)(=O)O)C(C(=O)O)S(=O)(=O)O,5.688674638578136,3300,5.429435559156279,hiv_6649,MoleculeNet_HIV,True
CC1CN1c1c(C(=O)C=Cc2ccccc2)c(-c2ccccc2)nn(C)c1=O,5.688589276935839,3301,5.269238137643489,hiv_16325,MoleculeNet_HIV,True
Cc1ccc(C=CC(=O)c2sc(-c3cccnc3)nc2C)cc1,5.688570440614136,3302,5.18080016794159,hiv_18783,MoleculeNet_HIV,True
FC(F)(F)c1nc2cc(Cl)c(SSc3cc4[nH]c(C(F)(F)F)nc4cc3Cl)cc2[nH]1,5.688548388729301,3303,5.191371677992127,hiv_27060,MoleculeNet_HIV,True
CCC1(O)CC2CC(=O)OC2C1O,5.688272173447733,3304,5.204433292722731,hiv_40303,MoleculeNet_HIV,True
C=C1C(OC(=O)C(C)C)C(O)C(=O)C(C)(C)C=CC(C)C(=O)C2(O)CC(C)C(OC(=O)CC)C2C1OC(=O)c1ccccc1,5.688131428355008,3305,5.414219314471298,hiv_10708,MoleculeNet_HIV,True
Br.c1cnc2c(c1)-n1cccc1C1(CCCCC1)NN2,5.688097893148236,3306,5.234550423081536,hiv_23413,MoleculeNet_HIV,True
O=[N+]([O-])C(=Cc1cccs1)C(=Cc1cccs1)[N+](=O)[O-],5.688024154367238,3307,5.153063013277245,hiv_38377,MoleculeNet_HIV,True
CCOC(=O)CCCN(c1[nH]c(C)c(C)c1C#N)S(=O)(=O)c1ccc(C)cc1,5.687992073459908,3308,5.207634319656413,hiv_5575,MoleculeNet_HIV,True
CCOC1c2cc(OC)c(OC)cc2-c2ccc3ccccc3c2N1C,5.68799192853976,3309,5.173358103731581,hiv_20685,MoleculeNet_HIV,True
Cc1nc2cn3c(c2c(=O)[nH]1)CCCCC3,5.6878713624693376,3310,5.198082496541001,hiv_39615,MoleculeNet_HIV,True
Cc1noc(C)c1-n1nc2ccc3nonc3c2n1,5.6876194482832485,3311,5.184548044479138,hiv_29608,MoleculeNet_HIV,True
N#CC1(N2CCCC2)CCC2(CC1)OCCO2,5.687542203212188,3312,5.196007912453189,hiv_11368,MoleculeNet_HIV,True
CCOC(=O)C(N)CSC(=O)NC,5.687461299933211,3313,5.407880253964045,hiv_7651,MoleculeNet_HIV,True
COC(=O)CN1SC2(SC13C(C)(C)C(=O)C3(C)C)C(C)(C)C(=O)C2(C)C,5.687243045417252,3314,5.205229650452574,hiv_39314,MoleculeNet_HIV,True
N=c1c2c(-c3ccccc3)c[nH]c2ncn1N,5.687236903876135,3315,5.290638162016027,hiv_37670,MoleculeNet_HIV,True
CC(C)C[S+]1C2=C(CC(C)(C)CC2=O)[N-]c2ccccc21,5.687196022068032,3316,5.43487677281434,hiv_36941,MoleculeNet_HIV,True
COC(=O)C1=NC(=N)N=C(C(=O)OC)C12C(=O)Cc1ccccc12,5.687097610339727,3317,5.448189800882188,hiv_9152,MoleculeNet_HIV,True
CC(C)(C)OC(=O)c1ccc(NCC2=C(Br)C(=O)C=CC2=O)cc1,5.687083740520046,3318,5.216936736986058,hiv_35776,MoleculeNet_HIV,True
Cc1cc(C(C#N)c2nc3ccccc3[nH]2)nc(Cl)n1,5.686906300693991,3319,5.449322306881194,hiv_36884,MoleculeNet_HIV,True
CC1(C)COC(c2c(-c3ccccc3)noc2CS(=O)c2ccccc2)=N1,5.68689954798868,3320,5.283586526637201,hiv_22579,MoleculeNet_HIV,True
COc1cc(OC)c(C2=NOC(n3c4ccccc4c4ccccc43)C2)c(OC)c1,5.686854474146743,3321,5.1853937868375075,hiv_13991,MoleculeNet_HIV,True
CCOC(=O)c1c(SCCO)n(-c2ccccc2)c(=S)n(-c2ccccc2)c1=O,5.686575541235915,3322,5.295356275047002,hiv_30384,MoleculeNet_HIV,True
Oc1ncc2[nH]c(=S)[nH]c2n1,5.686214800366762,3323,5.192354415588361,hiv_2278,MoleculeNet_HIV,True
O=C1CSC(=S)N1c1ccc2c(c1)OCO2,5.686152626500684,3324,5.198307718906352,hiv_6418,MoleculeNet_HIV,True
CC(C)c1cccc2sc(NC(=O)C(=O)CC(=O)c3ccc(F)cc3)nc12,5.686078343283058,3325,5.406657916344292,hiv_11401,MoleculeNet_HIV,True
N#CC(=CNC(N)=S)C(N)=O,5.68605827364302,3326,5.183473210892713,hiv_25285,MoleculeNet_HIV,True
CC(=O)OC1CCC2(C)C(=CCC3C4=CC=C(C(C)=O)C4(C)CCC32)C1,5.685977393923927,3327,5.185841577785932,hiv_13911,MoleculeNet_HIV,True
CCOC(=O)c1ccc(N=C2SC(=S)N(c3ccc(F)cc3)C2=Nc2ccc(C(=O)OCC)cc2)cc1,5.685924344074299,3328,5.17723517809411,hiv_30547,MoleculeNet_HIV,True
FC1(F)[Se]C2C3CCC(C3)C2C1(F)F,5.685922185638344,3329,5.185347252478227,hiv_27604,MoleculeNet_HIV,True
CC(CCC1SC1(C)C)C1CCC2(C)C3=C(CCC12C)C1(C)CCC(O)C(C)(C)C1CC3,5.685827911635161,3330,5.442387921543997,hiv_22914,MoleculeNet_HIV,True
CCOCC1c2ccccc2CCN1Cc1c[nH]c2ccccc12,5.6857234625724296,3331,5.195740812163729,hiv_3740,MoleculeNet_HIV,True
Cl.Fc1ccc2c3c([nH]c2c1)CCNC3,5.68569574667219,3332,5.450752902657351,hiv_27758,MoleculeNet_HIV,True
CC(NC1CCCC1(O)C#Cc1ccc2c(c1)OCO2)c1ccccc1,5.685664382371038,3333,5.4458912894094285,hiv_39956,MoleculeNet_HIV,True
CC1C(=O)OC2CCC3(C)C(=O)OC4OC5(c6ccoc6)CC1(O)C2(C)C43O5,5.685575318250003,3334,5.185814246293971,hiv_26611,MoleculeNet_HIV,True
C1OCN2c3nonc3N3COCN4c5nonc5N1C2C43,5.685564872325859,3335,5.176164700260213,hiv_39127,MoleculeNet_HIV,True
CCN(CC)c1nc(=O)c(C(=O)C(C)(C)C)c(C(C)(C)C)o1,5.685551255678971,3336,5.224396231618458,hiv_31621,MoleculeNet_HIV,True
CN(C)c1ccc(C=C(NC(=O)c2ccccc2)c2nn(C)c(=O)o2)cc1,5.685467948232214,3337,5.277943956982955,hiv_36204,MoleculeNet_HIV,True
O=C1NC2(CCNCC2)Oc2ccccc21,5.685378968459911,3338,5.31238063281414,hiv_27732,MoleculeNet_HIV,True
CC1C(=O)CCC2(C)C(=O)CCCC12O,5.685112950461281,3339,5.185814246293971,hiv_28521,MoleculeNet_HIV,True
C=CCC(C=C=CCN(C)C)CO,5.685073894305712,3340,5.394782029811894,hiv_8713,MoleculeNet_HIV,True
N#CCCC(CC#N)N1CCN(C(CC#N)CCC#N)CC1,5.6848629190519455,3341,5.403040671717952,hiv_25697,MoleculeNet_HIV,True
Nc1c2ncn(C3OC(CO)CC3F)c2nc[n+]1[O-],5.68476921324916,3342,5.178614276830048,hiv_13525,MoleculeNet_HIV,True
O=C(NC(=Cc1ccc(Oc2ccc(Cl)c(Cl)c2)cc1)c1nc2ccccc2[nH]1)c1ccccc1,5.6845843596546395,3343,5.296000873143877,hiv_11749,MoleculeNet_HIV,True
CC1(C)C(=NNC(=S)NN)C(C)(C)C1=NNC(=S)NN,5.684437931062727,3344,5.199263216002683,hiv_21503,MoleculeNet_HIV,True
O=C1C=C(Nc2ccc(Br)cc2)c2ccccc2C1=NO,5.684132987799089,3345,5.202597192645696,hiv_25233,MoleculeNet_HIV,True
CSc1nc2c(c(O)c(C)c(=O)n2C2OCC(OC(C)=O)C(OC(C)=O)C2OC(C)=O)c(=O)n1C,5.684121775116542,3346,5.158679452353477,hiv_20868,MoleculeNet_HIV,True
CC(C)CC(N)C(=O)NC(Cc1c[nH]cn1)C(=O)NC(CC(N)=O)C(=O)NC(C(=O)NC(CO)C(=O)NC(Cc1ccc(O)cc1)C(=O)NC(CO)C(=O)NC(C)C(=O)NC(CCCCN)C(=O)NC(CC(=O)O)C(=O)NC(CC(C)C)C(=O)O)C(C)O,5.684075680007727,3347,5.430713034848069,hiv_15505,MoleculeNet_HIV,True
CC(C)CC(NC(=O)C(Cc1c[nH]cn1)NC(=O)C(CC(N)=O)NC(=O)C(NC(=O)C(CO)NC(=O)C(Cc1ccc(O)cc1)NC(=O)C(CO)NC(=O)C(C)NC(=O)C(N)CCCCN)C(C)O)C(=O)O,5.684075680007727,3348,5.430713034848069,hiv_15509,MoleculeNet_HIV,True
Cn1cc(C(=O)c2ccccc2)cc(C(=O)c2ccccc2)c1=O,5.684072088701946,3349,5.2835832670671214,hiv_20377,MoleculeNet_HIV,True
CC12CCC(=NOCCN3CCCCC3)C=C1CCC1C2CCC2(C)C(O)CCC12.O=C(O)C(=O)O,5.684041536152941,3350,5.23470598815803,hiv_37753,MoleculeNet_HIV,True
c1ccc(-c2nc3n(n2)CCC(c2ccccc2)S3)cc1,5.683930410435397,3351,5.278191162874363,hiv_10312,MoleculeNet_HIV,True
CCCCCCCCCCCCCCCC(=O)OCC1OC(CO)(OC2OC(CO)C(O)C(O)C2O)C(O)C1O,5.6838548814042875,3352,5.195117282431696,hiv_5417,MoleculeNet_HIV,True
N=C1N(N=Cc2ccccn2)C(=Nc2ccccc2)C(=S)N1c1ccccc1,5.6838192117164965,3353,5.283339524510178,hiv_30599,MoleculeNet_HIV,True
COc1ccc(N2C(=O)C(=O)N(c3ccc(N=Nc4ccccc4)cc3)C2=S)cc1,5.6837747211221705,3354,5.249258107780154,hiv_30580,MoleculeNet_HIV,True
O=C1CN(c2cccc(Cl)c2)C(=O)CN1CCN1CC(=O)N(c2cccc(Cl)c2)CC1=O,5.683725385542005,3355,5.1844722164003825,hiv_24678,MoleculeNet_HIV,True
CC(=O)OC1(C(C)=O)CCC2C3C=C(Cl)C4=CC(=O)C5CC5C4(C)C3CCC21C,5.683719976415048,3356,5.185841577785932,hiv_3000,MoleculeNet_HIV,True
Cn1nc(-c2ccccc2)c2c(C=Cc3ccc(F)cc3)onc2c1=O,5.683686571324516,3357,5.267966740788148,hiv_15537,MoleculeNet_HIV,True
CC12CCCC3(CC(=O)C(C)(C)C3C(=O)C1)C2,5.683575922326758,3358,5.204948327833545,hiv_29998,MoleculeNet_HIV,True
COC(=O)CCC1=NOC(CC2CC(CCC(=O)OC)=NO2)C1,5.683411689178473,3359,5.152784836154637,hiv_11958,MoleculeNet_HIV,True
C[n+]1c(-c2ccc(C=NNc3n[nH]c(=S)n3N=Cc3ccc(-c4cn5ccccc5[n+]4C)cc3)cc2)cn2ccccc21,5.6833723452940825,3360,5.296390252612334,hiv_9353,MoleculeNet_HIV,True
CC(C)SC1SCC2C(=O)N(C)C3(CC3C)C(=O)OCC(NC(=O)c3nc4ccccc4cc3O)C(=O)NC(C)C(=O)N(C)C1C(=O)N(C)C1(CC1C)C(=O)OCC(NC(=O)c1nc3ccccc3cc1O)C(=O)NC(C)C(=O)N2C,5.683340286089766,3361,5.376020337778667,hiv_14540,MoleculeNet_HIV,True
COc1ccc2c(c1)OC1(OCCO1)C1C2CCC2(C)C1CCC21OCCO1,5.683177081097,3362,5.110837122738064,hiv_18342,MoleculeNet_HIV,True
O=C(CSc1nc(-c2ccccc2)c(-c2ccccc2)[nH]1)NN=Cc1ccc(O)cc1,5.683160094662669,3363,5.277737106974858,hiv_22792,MoleculeNet_HIV,True
CC(=O)C=C1C(=O)C(CC(C)C)=C1CC(C)C,5.683126460274384,3364,5.404621672983276,hiv_39888,MoleculeNet_HIV,True
Oc1nc2c(c(-c3ccccc3Cl)n1)COCC2=Cc1ccccc1Cl,5.682872630149614,3365,5.286606702346907,hiv_37167,MoleculeNet_HIV,True
CC1(C)OC(=O)C(c2ccsc2)C(=O)O1,5.682801438126188,3366,5.188634359129092,hiv_19850,MoleculeNet_HIV,True
O=C1C2=C3C4=C(C5C1CCC5C1OCCO1)[Fe]234(C#[O+])(C#[O+])C#[O+],5.682502495591397,3367,5.363590307568859,hiv_22271,MoleculeNet_HIV,True
CC1CCN(C(=O)CC#N)CC1N(C)c1ncnc2[nH]ccc12,5.682497676834303,3368,5.126488422143852,davis_9926791,DAVIS_spike_in,True
FC1(F)SC2CCCCCCCCCCC2C1(F)F,5.682486579190316,3369,5.185347252478227,hiv_27931,MoleculeNet_HIV,True
CC(=O)OC1CCC2C3CCC4(C)CC(=O)C=CC4(C)C3CCC12C,5.682129031361272,3370,5.1909394356663485,hiv_13927,MoleculeNet_HIV,True
O=C1c2ccccc2C(=O)C1(Cl)C(Cl)c1ccc([N+](=O)[O-])cc1,5.682084794045953,3371,5.441796349394449,hiv_5252,MoleculeNet_HIV,True
CC(C(=O)O)c1ccc(-n2nnc3c(O)nnc(O)c32)cc1,5.681797459788119,3372,5.364218551542343,hiv_33411,MoleculeNet_HIV,True
O=[N+]([O-])c1ccc(NN=C(N=Nc2ccccc2)c2nc3ccccc3[nH]2)c([N+](=O)[O-])c1,5.681655220668989,3373,5.28845181338039,hiv_8618,MoleculeNet_HIV,True
CC1(C)SC(N)=N[B-]12OC(=O)CC(=O)O2,5.681629211398989,3374,5.196967780060729,hiv_3470,MoleculeNet_HIV,True
CCCn1c(SCC)c2cc3cc4ccccc4cc3cc2c1-c1nc(F)nc(F)n1,5.681610578513949,3375,5.297378272640398,hiv_22252,MoleculeNet_HIV,True
CCC1CN2CCc3cc(OC)c(OC)cc3C2CC1CC1c2cc(OC)c(OC)cc2CCN1C(=O)CNC(=O)OC(C)(C)C,5.681586450843292,3376,5.146419492889955,hiv_4170,MoleculeNet_HIV,True
C(=NC12CC3CC(CC(C3)C1)C2)C1CCCCC1,5.681535006758722,3377,5.185347252478227,hiv_25603,MoleculeNet_HIV,True
N#Cc1ccc(Sc2nc3ccccc3[nH]2)cc1,5.681507422305857,3378,5.30264494092565,hiv_16293,MoleculeNet_HIV,True
CCN(CC)c1nc(NC2CCCCC2)c2nc(N(CC)CC)nc(NC3CCCCC3)c2n1,5.6814878483867215,3379,5.186463886272814,hiv_7298,MoleculeNet_HIV,True
CN(C)c1ccc(NN=C2SC(=Nc3ccccc3)C(=Nc3ccccc3)S2)cc1,5.681414306880097,3380,5.285983976360907,hiv_30609,MoleculeNet_HIV,True
COc1cc(OC)c(C(=O)c2cccs2)cc1N,5.681406130983549,3381,5.191655723576791,hiv_14083,MoleculeNet_HIV,True
CC1(C)COC(C2Cc3ccccc3C(O)(c3ccccc3)C2)=N1,5.681181400387997,3382,5.292799335704541,hiv_5485,MoleculeNet_HIV,True
CC(=O)OC1CC2C(=O)C(=O)C1(C)C2(C)C,5.6811683479501935,3383,5.113289087064476,hiv_25381,MoleculeNet_HIV,True
Cc1oncc1N=C1C=C(O)C(=O)c2ccccc21,5.681043955621599,3384,5.440329743604606,hiv_31447,MoleculeNet_HIV,True
CC(CCn1[nH]c(=O)ccc1=O)=NNc1ccc([N+](=O)[O-])cc1[N+](=O)[O-],5.681007685507465,3385,5.191109764684302,hiv_15917,MoleculeNet_HIV,True
Oc1cc2cc(-c3ccccc3)[nH]c2c2ccccc12,5.680997798796241,3386,5.253179679472197,hiv_20767,MoleculeNet_HIV,True
O=CCCCC(Sc1ccccc1)Sc1ccccc1,5.680933385800796,3387,5.404688879594403,hiv_12082,MoleculeNet_HIV,True
COC(OC)C1OCC(n2cnc3c(N)ncnc32)C1O,5.680917078032658,3388,5.413719779346629,hiv_39265,MoleculeNet_HIV,True
CN1C(=O)C(O)(Cc2nccc3ccccc23)c2ccccc21,5.680910111337199,3389,5.2440891958427835,hiv_7030,MoleculeNet_HIV,True
CC(C)(C)C1CCC(=O)C(=CCC2CC(=O)N(c3ccccc3)C(=O)C2)C1,5.680902931552358,3390,5.27656391607539,hiv_33450,MoleculeNet_HIV,True
Cn1cnc(N)c1S(=O)(=O)Nc1ccccc1Cl,5.680897864267854,3391,5.291271345606312,hiv_4707,MoleculeNet_HIV,True
C=CCC1C(=O)C(C(=O)OC)N2CCc3c([nH]c4ccccc34)C12,5.68084616592434,3392,5.221927935214081,hiv_21487,MoleculeNet_HIV,True
CC1(C)CCCC2(C)C1CCC1(C)C(CCc3ccoc3)C(=COS(=O)(O)=[OH+])CCC12.C[NH+](C)C(=N)N,5.680749105660323,3393,5.143608330017926,hiv_10496,MoleculeNet_HIV,True
CC(C)P(=O)(N(C)C)N(C)C,5.6803825023711925,3394,5.431247590407944,hiv_4817,MoleculeNet_HIV,True
CC(=O)OC1CCC2C3CCC4=C(O)c5nocc5CC4(C)C3CCC12C,5.680350560719487,3395,5.1827825442977264,hiv_14682,MoleculeNet_HIV,True
CC(=O)c1ccc2c3ccccc3c3cccc4sc1c2c43,5.6802981584079975,3396,5.29340521777303,hiv_16947,MoleculeNet_HIV,True
OCC(O)C(OC1OC(CO)C(O)C(O)C1O)c1nn(-c2ccccc2)c2nc3cc(Cl)ccc3nc12,5.6802457638263615,3397,5.341254721640387,hiv_15656,MoleculeNet_HIV,True
Cl.O=C1OC(CCCl)(c2ccccc2)CC1CN1CCOCC1,5.6802447696755145,3398,5.290081096486991,hiv_18484,MoleculeNet_HIV,True
O=C1NC(=O)C2C3C=CC(C12)C1C2C(=O)NC(=O)C2C31,5.6801878122322025,3399,5.19001445368041,hiv_7155,MoleculeNet_HIV,True
N=c1[nH][n+](CC(=O)c2ccccc2)c2sc(-c3ccccc3)nn12.[Br-],5.680163665292778,3400,5.226904665728651,hiv_30744,MoleculeNet_HIV,True
COC(=O)CC1C(=O)OC23CCC1C2(C)CCC1C3CCC2CC(OC(C)=O)CCC21C,5.68014761661816,3401,5.161781397958621,hiv_3855,MoleculeNet_HIV,True
CC1(C)CC(=O)C2=C(C1)NC(SCC(=O)O)=C(C#N)C2c1ccc(Br)cc1,5.679991841247576,3402,5.191376868118629,hiv_41059,MoleculeNet_HIV,True
CCN(CC)CCCn1c(=O)c2ccccc2n2c3c(=O)n(C)c(=O)n(C)c3nc12,5.67995672854741,3403,5.208400598953611,hiv_31963,MoleculeNet_HIV,True
CC1(C)OC(=S)N(c2ccccc2)C12C=Cc1cc3ccccc3nc1S2,5.679886196102466,3404,5.3004246667304225,hiv_23611,MoleculeNet_HIV,True
C=CCn1c(-c2ccc(Cl)cc2Cl)csc1=Nc1c(C)n(C)n(-c2ccccc2)c1=O.Cl,5.679864196356189,3405,5.287523821611591,hiv_40824,MoleculeNet_HIV,True
CCOC(=O)C1=C(N)N(c2ccccc2)C(=C(C#N)c2nc3ccccc3[nH]2)S1,5.679698090423822,3406,5.296271010090515,hiv_23220,MoleculeNet_HIV,True
CN1CCC(OC(=O)C(O)(c2ccccc2)c2ccns2)CC1,5.6793191208743155,3407,5.2609204585580125,hiv_28075,MoleculeNet_HIV,True
N=C1NC2=C(CCCC2)C(c2cccs2)S1,5.679140658540281,3408,5.194918784676587,hiv_14774,MoleculeNet_HIV,True
CCOC(=O)N1N=C(c2ccccc2)OC2(N3CCCC3)CCC(C(C)(C)C)CC12,5.679104234658064,3409,5.298988332505626,hiv_8658,MoleculeNet_HIV,True
C=C1C=CC2(Br)OC3CC(C)(Cl)C(Br)CC13C2(C)C,5.67910381047499,3410,5.182510201749172,hiv_14304,MoleculeNet_HIV,True
COc1ccc(OC(C)C(=O)O)c2c(=O)ccccc12,5.6790596761517875,3411,5.420847489758893,hiv_11917,MoleculeNet_HIV,True
S=C1CC(c2ccccc2)Sc2ccc(Cl)cc2N1,5.6789842399963595,3412,5.299930215900212,hiv_28796,MoleculeNet_HIV,True
CSc1ccc(C=C2CNCC(=Cc3ccc(SC)cc3)C2=O)cc1.Cl,5.6789404040658615,3413,5.194270535230744,hiv_10838,MoleculeNet_HIV,True
Cc1cc(OCc2nnc3n2S(=O)(=O)c2ccccc2N3C)ccc1Cl,5.678902440372683,3414,5.268329718140092,hiv_9281,MoleculeNet_HIV,True
Cn1nc(C=Cc2ccccc2)nc2c(=O)n(C)c(=O)nc1-2,5.678893575894176,3415,5.264787240692238,hiv_7028,MoleculeNet_HIV,True
CCOc1ccc(-n2c(=O)c3nn4c(=O)n(-c5ccc(OCC)cc5)c(=O)c4nn3c2=O)cc1,5.6788864812239375,3416,5.193290573467126,hiv_29471,MoleculeNet_HIV,True
CC(C)(C)c1ccc(O)c(C(O)c2cccnc2)c1,5.678881951008371,3417,5.428829210176212,hiv_32541,MoleculeNet_HIV,True
O=C1C=CC(=O)c2cc(Sc3ccccc3)c(=O)ccc21,5.678844729486906,3418,5.277248002399953,hiv_18597,MoleculeNet_HIV,True
Oc1cc2c(cc1C(c1cc3c(cc1O)OCO3)c1cc3c(cc1O)OCO3)OCO2,5.678804495849348,3419,5.427196905619994,hiv_20033,MoleculeNet_HIV,True
N#Cc1cccc(N2C(=O)c3ccc(C(=O)c4ccc5c(c4)C(=O)N(c4cccc(C#N)c4)C5=O)cc3C2=O)c1,5.678743899890879,3420,5.203979766910239,hiv_15606,MoleculeNet_HIV,True
CN(C)CCC(C=Cc1ccccc1)=NNc1c(F)c(F)c(F)c(F)c1F.Cl,5.678661854175712,3421,5.283777240718006,hiv_14300,MoleculeNet_HIV,True
CCOC(CNCCC(=O)OC)OCC,5.678395526534362,3422,5.380382446801236,hiv_25744,MoleculeNet_HIV,True
CCOC(=O)c1ccc(OCc2nc3cc(C(F)(F)F)ccc3nc2-c2ccccc2)cc1,5.678371005567705,3423,5.264291897563608,hiv_34093,MoleculeNet_HIV,True
O=C(CC1=Nc2nnc(CCCCCCCc3nnc4n3C(=O)C(CC(=O)c3ccccc3)=N4)n2C1=O)c1ccccc1,5.67828253824617,3424,5.414318485558068,hiv_12518,MoleculeNet_HIV,True
CC(C)(C)OC(=O)NC(Cc1ccccc1)C(O)=C(C#N)c1ccc([N+](=O)[O-])cc1,5.678166606078442,3425,5.4071145771470555,hiv_27857,MoleculeNet_HIV,True
COc1ccc(C2ON(c3ccccc3)CC=C2C)cc1,5.678136389733674,3426,5.414236803398326,hiv_20357,MoleculeNet_HIV,True
C[N+](C)(CCNc1ccc(NCC[N+](C)(C)Cc2ccc([N+](=O)[O-])cc2)c2c1C(=O)c1ccccc1C2=O)Cc1ccc([N+](=O)[O-])cc1.[Cl-],5.678068802632399,3427,5.407545992184403,hiv_34882,MoleculeNet_HIV,True
Cn1c(N)c2c(=O)n(C)c3c(c2c(C#N)c1=O)CCSc1ccccc1-3,5.677972714997929,3428,5.278877583141206,hiv_8723,MoleculeNet_HIV,True
Cn1nnn2c(-c3ccccc3)nnc12,5.677909389131176,3429,5.215458784984707,hiv_5751,MoleculeNet_HIV,True
Cn1cnc([N+](=O)[O-])c1Sc1nccn1-c1ccccc1,5.677895900250028,3430,5.283563355513297,hiv_14722,MoleculeNet_HIV,True
CC(NNC(=O)c1ccncc1)c1cccc(C(F)(F)F)c1,5.6777945338954225,3431,5.387045549428485,hiv_31144,MoleculeNet_HIV,True
CC(C)C(O)(C(=O)OCC1=CN2CCC1CC2)c1ccccc1,5.677657377318882,3432,5.414674527356337,hiv_6847,MoleculeNet_HIV,True
CCCCCC1CC=CC(NC(=O)OCc2ccccc2)C1C=CC(=O)CCCCCOC(=O)c1ccc(Br)cc1,5.67763318355561,3433,5.246975799915722,hiv_10718,MoleculeNet_HIV,True
Cc1ccc(C(CO)(CO)OC(CO)(CO)c2ccc(C)c(C)c2)cc1C,5.677576188158295,3434,5.190126499846525,hiv_3916,MoleculeNet_HIV,True
O=C1C2CCC(N1c1ccc(F)cc1)n1c(=O)n(-c3ccccc3)c(=O)n12,5.677554030399647,3435,5.308788761679062,hiv_7401,MoleculeNet_HIV,True
Cc1cc(N=Nc2c(O)nc3ccccc3c2O)ccc1N=Nc1ccc(C(=O)N(C)C)cc1,5.67748518190464,3436,5.23127705741665,hiv_1974,MoleculeNet_HIV,True
Cc1cc2c(Br)cc(Br)c(O)c2nc1C(=O)c1ccccc1,5.677405145784227,3437,5.272149176900193,hiv_19756,MoleculeNet_HIV,True
Cc1cc(N=Nc2ccc(Sc3ccc(N=Nc4ccc(O)c(C(=O)O)c4)cc3)cc2)c(N)c(N=Nc2ccc(N=Nc3ccc(S(=O)(=O)O)cc3)cc2)c1N,5.677379563423556,3438,5.163223805017873,hiv_2305,MoleculeNet_HIV,True
CC(=O)C(=CNC(N)=S)C(C)=O,5.677296884204552,3439,5.1869514452930785,hiv_26235,MoleculeNet_HIV,True
COC(=O)C(=NN)C(C(=O)C(=O)Nc1n[nH]c(=S)[nH]1)c1nc2ccc([N+](=O)[O-])cc2nc1O,5.677261933087886,3440,5.427677079599873,hiv_21306,MoleculeNet_HIV,True
Cc1ccc2c(c1)C(=O)C(Cl)(C(Cl)c1ccccc1)S2,5.677237992739938,3441,5.439144730904797,hiv_7406,MoleculeNet_HIV,True
CC(=O)C1(N=Nc2ccc(S(=O)(=O)Nc3nnc(C)s3)cc2)CCOC1=O,5.677019469610564,3442,5.138149639769217,hiv_4825,MoleculeNet_HIV,True
O=c1[nH]c2ccccc2c(=O)n1N=Cc1ccc(O)cc1,5.676951179353958,3443,5.22757949548789,hiv_37694,MoleculeNet_HIV,True
CC(C)=CCCC(C)c1c2nc3ccccc3sc-2c(C)c(=O)c1O,5.67692012133036,3444,5.388305345164656,hiv_39491,MoleculeNet_HIV,True
O=C1CCCC2(CCCC(=O)N2)C1,5.67691427327109,3445,5.2002682965155635,hiv_12725,MoleculeNet_HIV,True
CCOc1ccccc1N=Nc1ccc2oc(=O)c(C(C)=O)cc2c1,5.676891074323398,3446,5.289129971434824,hiv_19060,MoleculeNet_HIV,True
CCOC1OC(=O)C2C(c3ccccc3)=NOC12,5.6765976861906005,3447,5.2839006158439865,hiv_16089,MoleculeNet_HIV,True
CC1=CC(C)(c2c[nH]c3ccccc23)CC(C)(C)c2c1[nH]c1ccccc21,5.676553730929821,3448,5.270015850450988,hiv_13128,MoleculeNet_HIV,True
CCCC(=O)C1=C(O)C(C)(C)C(O)=C(Cc2c(O)c(C)c(O)c(C(=O)CCC)c2O)C1=O,5.67637445220035,3449,5.204802432780749,hiv_4246,MoleculeNet_HIV,True
Cc1nn2c(=O)c([N+](=O)[O-])c(C=Cc3ccccc3)nc2s1,5.676266943016678,3450,5.2856604894092065,hiv_32753,MoleculeNet_HIV,True
CC(N)C(O)CC=CCC(O)C=CC=CCC=CCC=CCC=CCCCCCCC(O)C(C)N,5.6762228055421975,3451,5.380440805186204,hiv_28630,MoleculeNet_HIV,True
C=C1C2CCC3C45COC(CC4=O)C(C)(C)C5=C(O)C(=O)C3(C2)C1OC(C)=O,5.676086189756365,3452,5.185841577785932,hiv_16614,MoleculeNet_HIV,True
CN(C1=NCCO1)c1cccc2c1CCCC2,5.67604544062879,3453,5.189456951267075,hiv_27371,MoleculeNet_HIV,True
C[Si](C)(C)C(I)=CCO,5.676014482031229,3454,5.185711052035209,hiv_10741,MoleculeNet_HIV,True
COc1cc(C(O)C(=O)c2cnc3cc([N+](=O)[O-])ccc3n2)ccc1O,5.676011991306419,3455,5.409449160250581,hiv_21338,MoleculeNet_HIV,True
O=S(=O)(O)C(O)C(F)(F)C(F)(F)C(F)(F)F.[NaH],5.675969286565834,3456,5.4261593232223175,hiv_10490,MoleculeNet_HIV,True
O=S(=O)(O)C(O)C(F)(F)C(F)(F)C(F)(F)C(F)(F)C(O)S(=O)(=O)O.[NaH],5.675969286565834,3457,5.4261593232223175,hiv_10491,MoleculeNet_HIV,True
CN1c2ccccc2C(=O)NC12CCN(CCCC(=O)c1ccc(F)cc1)CC2.Cl,5.675893863863111,3458,5.370800207317403,hiv_27748,MoleculeNet_HIV,True
C#CC1(O)CCC2C3CCc4cc(Oc5nc(F)nc(-n6c(C)nc7cc8ccccc8cc76)n5)ccc4C3CCC21C,5.675836505529148,3459,5.223587455903387,hiv_24012,MoleculeNet_HIV,True
Fc1ccccc1C1CC(C(c2ccccc2)c2ccccc2)=Nc2ccccc2S1,5.675764833287813,3460,5.5318172505196355,hiv_14889,MoleculeNet_HIV,True
Nc1ccc2c(c1)CN1C(=O)c3ccccc3C1=N2,5.675761540537946,3461,5.460942264758836,hiv_7852,MoleculeNet_HIV,True
CCC(c1ccccc1)C1NC(=S)NC1=O,5.675584531939115,3462,5.4171779206720165,hiv_35405,MoleculeNet_HIV,True
COc1ccccc1NC(=S)NC=C(C#N)c1nc2ccccc2s1,5.675567102552948,3463,5.267479517161634,hiv_26104,MoleculeNet_HIV,True
CCOC(=O)C(c1c(O)c2ccccc2oc1=O)c1c(O)c2ccccc2oc1=O,5.675512939540518,3464,5.410283106343872,hiv_1231,MoleculeNet_HIV,True
CCC=CC(=O)CC(O)(C(F)(F)F)C(F)(F)F,5.675482847351679,3465,5.195036415972987,hiv_27368,MoleculeNet_HIV,True
N#CC(C#N)=c1ccc(=C2N3CCCC3CN2C23CC4CC(CC(C4)C2)C3)cc1,5.675445987097857,3466,5.190633704407311,hiv_13517,MoleculeNet_HIV,True
CC(=CC1CC(C2CCC34CC23C=CC2C3(C)CC=C5CC(c6ccccc6)OCC5(C)C3CC(O)C24C)C(=O)O1)CO,5.6752349781349825,3467,5.298642807705933,hiv_35149,MoleculeNet_HIV,True
CC1(C)C(=O)C(C)(C)C1=NNC(N)=S,5.675183194392036,3468,5.196967780060729,hiv_19395,MoleculeNet_HIV,True
COc1ccc(-c2cc(-c3ccco3)c(C#N)c(=S)n2C2OC(COC(C)=O)C(OC(C)=O)C(OC(C)=O)C2OC(C)=O)cc1,5.675134221336492,3469,5.153350280763132,hiv_30721,MoleculeNet_HIV,True
Cn1cc2c(=O)n(OS(=O)(=O)c3ccccc3)c(=O)nc-2[nH]1,5.675131304994655,3470,5.290615589251581,hiv_3776,MoleculeNet_HIV,True
CC(NC1=NCCO1)c1ccccc1Cl,5.6750546644702,3471,5.446637088780012,hiv_27617,MoleculeNet_HIV,True
N#Cc1sc2nc3c(c(-c4ccccc4)c2c1N)CCCC3,5.674679047944603,3472,5.287212859244277,hiv_14285,MoleculeNet_HIV,True
CC(=O)C1CCN(c2ccccc2)C1,5.674653642967305,3473,5.2793391449734814,hiv_10781,MoleculeNet_HIV,True
S=C(NN=Cc1ccccn1)N1CCCCCC1,5.674451801287909,3474,5.293048683326444,hiv_28996,MoleculeNet_HIV,True
S=C(NN=Cc1ccccn1)N1CCCCC1,5.674451801287909,3475,5.293048683326444,hiv_28995,MoleculeNet_HIV,True
Clc1ccc2c(c1)N(CCCN1CCCC13CCCCC3)c1ccccc1S2,5.674362632217892,3476,5.299830526250672,hiv_843,MoleculeNet_HIV,True
Cc1cccc(O)c1-c1nnc(CCCCCCCCc2nnc(-c3c(C)cccc3O)n2N)n1N,5.67435153321856,3477,5.123449373059601,hiv_30253,MoleculeNet_HIV,True
CCOC(=O)c1c(N=P(c2ccccc2)(c2ccccc2)c2ccccc2)nnc(-c2ccccc2)c1-c1ccccc1,5.674347716020492,3478,5.215281302402842,hiv_28836,MoleculeNet_HIV,True
COC(=O)C(Cc1nc2ccccc2nc1O)C(=O)C(=O)Nc1ccc([N+](=O)[O-])cc1[N+](=O)[O-],5.6743457283470935,3479,5.3916542458420995,hiv_19487,MoleculeNet_HIV,True
O=C(NN=C(c1ccccc1)c1ccccc1)C(O)=CC(=O)c1ccc(Cl)cc1,5.674329419044794,3480,5.2825057419605415,hiv_34658,MoleculeNet_HIV,True
COC(=O)C1(C)CCCC2(C)C3CC4OOC3(C=C4C(C)(C)O)CCC12,5.674211636927798,3481,5.194142025067784,hiv_20969,MoleculeNet_HIV,True
CCCCOC(=O)C(=O)C(CC(C(=O)Cc1ccccc1)c1ccccc1)C(=O)C=C(C)C,5.674068822914291,3482,5.408128805849065,hiv_22464,MoleculeNet_HIV,True
CC1CC2Oc3ccc(Cl)cc3C(=O)N2O1,5.674007190667219,3483,5.187339853118043,hiv_7503,MoleculeNet_HIV,True
Cc1nn(-c2ccccc2)c2nc3ccc(Cl)cc3c(-c3ccccc3)c12,5.673872444529992,3484,5.2843166896128535,hiv_40035,MoleculeNet_HIV,True
Cc1nc(C(N)=O)c(N)n1CCN1CCN(C(=O)CCCCCCCCCCNC2N=CNc3[nH]cnc32)CC1,5.673760043119543,3485,5.216822407540613,hiv_13039,MoleculeNet_HIV,True
CCC1(O)C(=O)OCc2c1cc1n(c2=O)Cc2cc3cc(N)ccc3nc2-1,5.6736941405152095,3486,5.18842601873057,hiv_9058,MoleculeNet_HIV,True
CCSc1nnc(CSc2nc(-c3ccccc3)c(-c3ccccc3)[nH]2)n1-c1ccccc1,5.6735661408348115,3487,5.2230738772582885,hiv_20146,MoleculeNet_HIV,True
COc1ccc2c(c1)CCC2=CCC1(C)C(=O)CCC1=O,5.673558967687729,3488,5.0649206731126855,hiv_3715,MoleculeNet_HIV,True
CC(Cl)CN(C)CC(C)Cl.Cl,5.6734626022357455,3489,5.405053088020623,hiv_29321,MoleculeNet_HIV,True
CC1(C)OC(=O)N(c2ccccc2)C12C=Cc1cc([N+](=O)[O-])cc([N+](=O)[O-])c1O2,5.673440179095513,3490,5.301940634394347,hiv_38178,MoleculeNet_HIV,True
CCc1cc(C(=O)OC)cn1C(=N)c1ccc(Cl)cc1,5.673416393675669,3491,5.1762900030235715,hiv_12522,MoleculeNet_HIV,True
O=C1CC(c2ccsc2)NC(=O)N1CCCl,5.673365723991795,3492,5.173854725786953,hiv_29853,MoleculeNet_HIV,True
Cl.O=C(CCCN1CCC2(CC1)NC(=O)c1ccccc1O2)c1ccc(F)cc1,5.67333332460298,3493,5.368920015463641,hiv_27749,MoleculeNet_HIV,True
CN(C)c1ccc(C=C2C(=O)N(c3ccccc3)N(c3ccccc3)C2=O)cc1,5.673268451292679,3494,5.286817758910543,hiv_38034,MoleculeNet_HIV,True
Nc1ncnc2c1ncn2C1CC(OCc2ccccc2[N+](=O)[O-])C(CO)O1,5.67319349771894,3495,5.277413882268038,hiv_23520,MoleculeNet_HIV,True
CON=C(C(=O)N(C)n1cnnc1)c1csc(NC(c2ccccc2)(c2ccccc2)c2ccccc2)n1,5.673188255464725,3496,5.267474314225574,hiv_26463,MoleculeNet_HIV,True
NC(CCSCCF)C(=O)O,5.67313437827453,3497,5.41308455914262,hiv_18821,MoleculeNet_HIV,True
O=C(O)C(=Cc1ccc2c(c1)OCO2)C(=Cc1ccc2c(c1)OCO2)C(=O)O,5.672965799125931,3498,5.189742754090599,hiv_13236,MoleculeNet_HIV,True
ClCC1(CCl)COC1,5.672934667907949,3499,5.188050799458376,hiv_22664,MoleculeNet_HIV,True
O=C1CC2(CC(O)CO)CC(O1)C(I)CC21OCCO1,5.6728419871253095,3500,5.3917428113706665,hiv_29132,MoleculeNet_HIV,True
COC12OC3(C(CO)OC(=O)C3C1S(=O)(=O)c1ccccc1)C1OC12,5.672713675078313,3501,5.200543991351322,hiv_38468,MoleculeNet_HIV,True
CCN(CC)CCOc1ccc(C(C#N)=Cc2ccc3ccccc3c2)cc1,5.672700515851212,3502,5.300448530513634,hiv_2265,MoleculeNet_HIV,True
CC1CC(C#N)=C2NCCN2C1=O,5.672659512646776,3503,5.203590558948222,hiv_30360,MoleculeNet_HIV,True
C=C1SC(=Nc2cccc(OC)c2)N(c2nc(Cl)nc(Cl)n2)C12CCCCC2,5.672590195452272,3504,5.1739492949161,hiv_7753,MoleculeNet_HIV,True
COc1ccc(-c2cc[n+]([O-])c(C)c2C)c(OC)c1OC,5.6725819699698645,3505,5.182138357640051,hiv_7936,MoleculeNet_HIV,True
CCOC(=O)C1CC(C(=O)OCC)(c2ccccc2)CCC1=O,5.672516129902609,3506,5.297985908930114,hiv_16620,MoleculeNet_HIV,True
Cn1c2ccccc2n2c(=O)c3cc([N+](=O)[O-])ccc3c(C#N)c12,5.672444251321598,3507,5.253811394991924,hiv_38301,MoleculeNet_HIV,True
Cc1ccc(S(=O)CC2(C(F)F)NC(=O)NC2=O)cc1,5.6722803943505,3508,5.409332556667626,hiv_39291,MoleculeNet_HIV,True
Cc1cc(C(C)(C)C)cc(Cc2cc(C(C)(C)C)cc(Cc3cc(C(C)(C)C)cc(C)c3O)c2O)c1O,5.67218107155707,3509,5.202022916021286,hiv_16313,MoleculeNet_HIV,True
Cc1ccc(N=NC(C(=O)c2ccccc2)C(=O)c2ccccc2)cc1,5.672089129344962,3510,5.416962886731976,hiv_18834,MoleculeNet_HIV,True
CC(=O)OCCN1CCOC(O)(c2cccc(C(F)(F)F)c2)C1,5.672075684896017,3511,5.146711300968714,hiv_8908,MoleculeNet_HIV,True
N#CCCn1c(CCC(=O)Nc2ccc(Cl)cc2Cl)n[nH]c1=S,5.671988022466903,3512,5.1561116940974285,hiv_12503,MoleculeNet_HIV,True
CCC12CCC3CCCCC3(OO1)C(OC)O2,5.6719654825807355,3513,5.177839473463117,hiv_18145,MoleculeNet_HIV,True
CN(C)c1nc(N(C)C)nc(N(C)C23CC4CC(CC(C4)C2)C3)n1,5.671957876149898,3514,5.188857399988276,hiv_40083,MoleculeNet_HIV,True
CCOC(=O)C1=C(C)NC2=C(C(=O)N(c3ccccc3)C2c2ccccc2)C1c1ccccc1,5.6719547834453685,3515,5.304757489743037,hiv_21977,MoleculeNet_HIV,True
CCC1OC2C(CC=C(C)C)=C3OC(C)(O)C(C)(CC)C(OC(=O)c4ccccc4)C3=C3OC(=O)C=C1C32,5.671866610406,3516,5.2983322175594605,hiv_39248,MoleculeNet_HIV,True
COc1ccccc1C=C1C=Cc2ccccc21,5.67180342172676,3517,5.272793071804385,hiv_3230,MoleculeNet_HIV,True
CCOC(=O)c1sc(C(=O)OCC)c2c1-c1cccc3cccc-2c13,5.6716383077957655,3518,5.194249568171668,hiv_9498,MoleculeNet_HIV,True
CCOC(=O)c1cn2ccccc2c(C(=O)c2cccnc2)c1=N,5.67159546224361,3519,5.249568747982068,hiv_7033,MoleculeNet_HIV,True
O=C(O)C#CC(=O)O,5.671559817760184,3520,5.177344362016251,hiv_14938,MoleculeNet_HIV,True
CN1N=C(c2ccncc2)OC1c1cccc(F)c1,5.671549416788292,3521,5.168433820266502,hiv_29819,MoleculeNet_HIV,True
N=C(N)NN=C(c1nc2ccc([N+](=O)[O-])cc2nc1O)C(O)c1ccc([N+](=O)[O-])cc1,5.671481674408119,3522,5.438354899814918,hiv_19326,MoleculeNet_HIV,True
COc1ccc(S(=O)(=O)NN=C(C)CN2C(=O)c3ccccc3C2=O)cc1OC,5.6714696359286805,3523,5.269089713549514,hiv_19970,MoleculeNet_HIV,True
CN1CCN(CCn2c3c4ccccc4ccc3c3oc(=O)c4ccccc4c32)CC1.Cl,5.6714014354018625,3524,5.303588303256716,hiv_18123,MoleculeNet_HIV,True
CCCCCCCCNC(=O)C(=Cc1ccc2c(c1)OCO2)NC(=O)c1ccccc1,5.671395370674837,3525,5.291747582891662,hiv_25926,MoleculeNet_HIV,True
Cc1ccc(C(=O)N(C2CCCCC2)C2CCCCC2)cc1N=NN(C)C,5.6713038239150855,3526,5.1802406908295975,hiv_23009,MoleculeNet_HIV,True
N#CC(C(=O)CCCC(=O)Nc1ccc(Cl)cc1Cl)c1ccccc1,5.671257110964864,3527,5.368060259275969,hiv_15075,MoleculeNet_HIV,True
COc1cc2c(cc1O)C1COc3cc4c(cc3C1O2)CCC(C)(C)O4,5.6711893476605235,3528,5.112732848434679,hiv_36456,MoleculeNet_HIV,True
CSCC1CC(c2ccc(Cl)cc2)=NO1,5.671040403134791,3529,5.117020099197181,hiv_18532,MoleculeNet_HIV,True
CC12CCCCC1=[N+]([O-])C(C)(C)N2O,5.67096920275821,3530,5.183852338758828,hiv_27194,MoleculeNet_HIV,True
CCC1CN2CCc3cc(OC)c(OC)cc3C2CC1CC1NCCc2c1[nH]c1ccc(O)cc21,5.670859027213051,3531,5.111731013382357,hiv_4751,MoleculeNet_HIV,True
C=C(C)C1CC=C(C)C(O)(C2(O)CC(C(=C)C)CC=C2C)C1,5.67077841366226,3532,5.188825486878592,hiv_14115,MoleculeNet_HIV,True
c1ccc(N2N=NC3C4CC(C5CCCC54)C32)cc1,5.67075473469247,3533,5.449435213957802,hiv_3287,MoleculeNet_HIV,True
c1ccc(N2N=NC3CCCC32)cc1,5.67075473469247,3534,5.449435213957802,hiv_4428,MoleculeNet_HIV,True
CSC1=C(C#N)C(=O)N(c2ccc(C)cc2)C(=S)C1C#N,5.670752001621469,3535,5.175569203803902,hiv_36617,MoleculeNet_HIV,True
CC(=O)OC1CC2CCC3C(CCC4(C)C3CC([N+]3(C)CCCCC3)C4OC(C)=O)C2(C)CC1[N+]1(C)CCCCC1,5.670750329588914,3536,5.180347493954689,hiv_7325,MoleculeNet_HIV,True
O=C1CC2C(C=CC23CC3)N1O,5.670715533794917,3537,5.137481367535698,hiv_20717,MoleculeNet_HIV,True
COc1ccccc1C=CC(=O)c1ccccc1,5.670712321702413,3538,5.268043813257822,hiv_17355,MoleculeNet_HIV,True
COC=Nc1cn2c(n1)CN=C2,5.670675491314664,3539,5.164058446067822,hiv_9591,MoleculeNet_HIV,True
O=C(C(Cl)=C(N1CCOCC1)N1CCOCC1)C(Cl)Cl,5.670630943664931,3540,5.432311598472201,hiv_31275,MoleculeNet_HIV,True
O=[N+]([O-])c1ccc(N2CCOS(=O)OCC2)cc1,5.670588775174319,3541,5.189402219242819,hiv_1418,MoleculeNet_HIV,True
O=C1C(=Cc2ccccc2)CN(C(=O)Oc2ccc(Cl)cc2)CC1=Cc1ccccc1,5.6705105589764315,3542,5.283339524510178,hiv_14483,MoleculeNet_HIV,True
C#CC(O)C=CC(O)CCCC(O)CC#CC(O)C#CC(O)CCCC(O)C=CCCCCCC(=O)CCCCCCCCCCCCCC(O)C(O)C#CC(=O)O,5.670476995239906,3543,5.358971830584046,hiv_39973,MoleculeNet_HIV,True
C#CC(O)C=CC(O)CCCC(O)CC#CC(O)C#CC(O)CCCC(O)C=CCCCC(=O)CCCCCCCCCCCCCCCC(O)C(O)C#CC(=O)O,5.670476995239906,3544,5.358971830584046,hiv_39975,MoleculeNet_HIV,True
O=[N+]([O-])c1ccc(NN=C2CCCCC(=NNc3ccc([N+](=O)[O-])cc3[N+](=O)[O-])CS(=O)(=O)C2)c([N+](=O)[O-])c1,5.6704515497358745,3545,5.181788470093887,hiv_8801,MoleculeNet_HIV,True
CC(=O)C(=CNc1c(C)n(C)n(C)c1=O)C(=O)c1ccccc1,5.670417955647167,3546,5.283418044109089,hiv_36630,MoleculeNet_HIV,True
OCC1C(CO)C2CC1C1N=NN(c3ccccc3)C21,5.670396178332821,3547,5.449435213957802,hiv_9645,MoleculeNet_HIV,True
C[N+](C)(C)CCOP(=O)(O)OP(O)(=[OH+])OCC1CCC(n2ccc(=N)[nH]c2=O)O1.[LiH],5.670295767169034,3548,5.1797025730805215,hiv_10874,MoleculeNet_HIV,True
CCC(=O)N1NC(=O)C(CC)(CC)C1=O,5.670294650054206,3549,5.212285047052387,hiv_34730,MoleculeNet_HIV,True
CC[N+]1(C2=C([O-])C(F)(F)C2=O)CCCCC1,5.670212604956942,3550,5.204265902939318,hiv_29408,MoleculeNet_HIV,True
CC(=O)Nc1ccccc1C=Cc1ccccn1,5.670191504258903,3551,5.28583455843101,hiv_14942,MoleculeNet_HIV,True
CC1CCC(=[N+](C)[N-]c2ccc([N+](=O)[O-])cc2[N+](=O)[O-])C2CCC(C(C)C(=O)O)C=C12,5.670080484801469,3552,5.177122425313857,hiv_13926,MoleculeNet_HIV,True
Cn1cnc(N2CCCC2)c(C#N)c1=O,5.670071024918058,3553,5.1894494181401365,hiv_32100,MoleculeNet_HIV,True
CCC1CN2CCc3cc(OC)c(OC)cc3C2CC1CC1c2cc(OC)c(OC)cc2CCN1C(=O)C(N)Cc1ccccc1.[O-][Cl+3]([O-])([O-])O,5.669868451779674,3554,5.399725890199239,hiv_4169,MoleculeNet_HIV,True
CCOC(=O)c1sc2nc(SC)nc(N3CCCCC3)c2c1N,5.669843332783364,3555,5.195497530674808,hiv_39788,MoleculeNet_HIV,True
CCCCCCCCCCCCCCCC(=O)ON1C(=S)NC(C)(c2ccccc2)C1=S,5.669802978396142,3556,5.316258895878336,hiv_35809,MoleculeNet_HIV,True
Cn1c(-c2cccs2)cc(-c2cccs2)c1-c1ccco1,5.669767167845757,3557,5.189870872704264,hiv_40553,MoleculeNet_HIV,True
Cn1c(-c2cccs2)cc(-c2cccs2)c1-c1cccs1,5.669767167845757,3558,5.189870872704264,hiv_40533,MoleculeNet_HIV,True
CC(C)(C)c1n[nH]cc1CCC(=O)Nc1ccc(Cl)cc1Cl,5.669754740947782,3559,5.18502794586582,hiv_11070,MoleculeNet_HIV,True
CC1CSc2nc3[nH]c(=S)[nH]c3c(=O)n2C1,5.669746795480733,3560,5.177320709992563,hiv_25162,MoleculeNet_HIV,True
CC(C=Cc1ccccc1)=NNS(=O)(=O)c1ccc([N+](=O)[O-])cc1,5.669638132071748,3561,5.2854040513113825,hiv_311,MoleculeNet_HIV,True
CCCCSc1nc2c(O)nnc(O)c2n1Cc1ccccc1,5.669625906897972,3562,5.195862551255945,hiv_3517,MoleculeNet_HIV,True
COc1ccc(C(c2ccccc2)(c2ccc(OC)cc2)N2C(=O)NC3C(CCCCC(=O)NCCCCCCOP(OCCC#N)N(C(C)C)C(C)C)SCC32)cc1,5.669579193106602,3563,5.385647537626982,hiv_22283,MoleculeNet_HIV,True
O=C1C(=C2SC(c3ccccc3)(c3ccccc3)c3ccccc32)C(=O)c2ccccc21,5.669287000848053,3564,5.438506965551257,hiv_25946,MoleculeNet_HIV,True
CC(=O)NC(CSSCC(NC(C)=O)C(=O)O)C(=O)O,5.669216041591,3565,5.39474210761339,hiv_6275,MoleculeNet_HIV,True
C[N+]1=[O+][Cu-5]2345[O+]=[N+](C)[N-]N2c2ccccc2[S+]3CC[S+]4c2ccccc2N5[N-]1,5.6691787274517225,3566,5.289219637887309,hiv_9011,MoleculeNet_HIV,True
COc1ccc(-c2sc(N=Cc3ccc(N(C)CCC#N)cc3)c(C#N)c2C)cc1OC,5.669156484950009,3567,5.159377918581231,hiv_6334,MoleculeNet_HIV,True
Cn1c(=O)cc(CNc2ccc(-c3ccccc3)cc2)c2ccccc21,5.669128195382858,3568,5.200899665214829,hiv_4036,MoleculeNet_HIV,True
O=C(CN1CCN(c2cccc(Cl)c2)CC1)N1CCc2c([nH]c3ccccc23)C1c1cccnc1,5.669126279708858,3569,5.226387452070759,hiv_15681,MoleculeNet_HIV,True
Nc1nc(Cl)c(C=NO)c(NCC2(CO)CC(=O)C2)n1,5.669123647750397,3570,5.19132086355869,hiv_32268,MoleculeNet_HIV,True
COC(=O)C1OC2(CCCC3CC32)OC1C(=O)OC,5.669086614055614,3571,5.164069853680363,hiv_14462,MoleculeNet_HIV,True
N=C1NNC(=O)c2cccnc2N1,5.6690470004817906,3572,5.197113671886948,hiv_26930,MoleculeNet_HIV,True
COC(=O)C1(C)CCCC2(C)C1CCC1C=C(C)C3CCC12C3,5.669040531415595,3573,5.162149431776847,hiv_20985,MoleculeNet_HIV,True
CCC(C)C1NC(=O)C2CCCN2C(=O)C(Cc2ccc(O)cc2)NC(=O)C(CC(N)=O)NC(=O)C(CCC(N)=O)NC(=O)C(CO)NC(=O)C(C(C)C)NC(=O)C(N)CSSCC(C(=O)O)NC(=O)C(CCC(N)=O)NC(=O)C(C(C)C)NC1=O,5.668996823782169,3574,5.522517360537399,hiv_18575,MoleculeNet_HIV,True
CSc1nn(C)cc2ncnc1-2,5.668969013802352,3575,5.172795514538743,hiv_37524,MoleculeNet_HIV,True
O=C1C=C(N2CC2)C(=O)C=C1N1CC1,5.668968411171938,3576,5.187120395042066,hiv_1086,MoleculeNet_HIV,True
COc1ccc(C(OC(=O)C(O[Si](C)(C)C(C)(C)C)C(NC(=O)c2ccccc2)c2ccccc2)c2ccc(OC)cc2)cc1,5.668811815154969,3577,5.416409539056882,hiv_33971,MoleculeNet_HIV,True
CO.COc1ccc(NCc2cnc3nc(N)nc(N)c3c2C)cc1,5.668797475760671,3578,5.160048149002392,hiv_28648,MoleculeNet_HIV,True
CCCCNC(=O)Nc1c(C(N)=O)c2n(c1C(=O)OCC)CCCCC2,5.66868025639052,3579,5.195497530674808,hiv_39612,MoleculeNet_HIV,True
Cc1ccc(C(=O)C=Cc2ccco2)cc1,5.668649279281041,3580,5.18080016794159,hiv_18739,MoleculeNet_HIV,True
CCc1n[nH]c(=O)n1N=Cc1c(O)ccc2ccccc12,5.66854556366284,3581,5.277230212091143,hiv_36483,MoleculeNet_HIV,True
Cn1nc(-c2ccccc2)c(C(=O)C=Cc2ccc(Cl)cc2)c(N2CCCC2)c1=O,5.668526845843308,3582,5.274980495765656,hiv_15529,MoleculeNet_HIV,True
COC1CC(C)(NC(=O)C(F)(F)F)C2OC(c3ccccc3)OCC2O1,5.668494036452295,3583,5.224757992069803,hiv_31582,MoleculeNet_HIV,True
O=C1N=C(S(=O)(=O)O)NNC12c1ccccc1-c1ccccc12,5.668339929560124,3584,5.469569124143343,hiv_25489,MoleculeNet_HIV,True
CCCC1=C(CC)C(C(=O)Nc2c(C)cccc2C)=NC(S)N1,5.668266985627308,3585,5.19016836277611,hiv_11788,MoleculeNet_HIV,True
N=c1ccn2c(n1)OC1C(OC(=O)C34CC5CC(CC(C5)C3)C4)C(COC(=O)C34CC5CC(CC(C5)C3)C4)OC12,5.668211171369634,3586,5.184302348262734,hiv_7574,MoleculeNet_HIV,True
CCOC(=O)c1ccc(N2CCN(c3c(C)nc(N)nc3N)CC2)cc1,5.668183050471978,3587,5.194493989103741,hiv_37843,MoleculeNet_HIV,True
OC1=Nc2ccc3c4c(ccc1c24)C(O)=N3,5.668106340970025,3588,5.374598895674543,hiv_3899,MoleculeNet_HIV,True
Cc1cc2oc(=O)[nH]c(=S)c2c(C)c1C,5.66805960594454,3589,5.193064786157435,hiv_24040,MoleculeNet_HIV,True
CCCC[As](CCCC)SC1CCC2(C)C(=CCC3C4CCC(=O)C4(C)CCC32)C1,5.6679893631555,3590,5.194012060104165,hiv_7893,MoleculeNet_HIV,True
CC(C)(C)OC(=O)CCCCCNC(=O)CCCCCNC(=O)CCC(CN(CC(=O)OCc1ccccc1)CC(=O)OCc1ccccc1)N(CC(=O)OCc1ccccc1)CC(=O)OCc1ccccc1,5.66797819041672,3591,5.407545992184403,hiv_34571,MoleculeNet_HIV,True
Clc1ccc(NC2=NCCCS2)c2ccccc12,5.667800442146551,3592,5.251400686808809,hiv_5735,MoleculeNet_HIV,True
Cc1ccc(S(=O)(=O)C(Cl)C2N=C(Cl)NN=C2c2ccccc2)cc1,5.667791753338429,3593,5.434095286158466,hiv_40870,MoleculeNet_HIV,True
Cc1ccc(S(=O)(=O)OC2CCN(C)CC2)cc1,5.667637573754398,3594,5.1808519122150605,hiv_5961,MoleculeNet_HIV,True
CCN(C(=O)NC(Cc1ccccc1)C(=O)NC(CC(C)C)C(=O)OC)c1ccccc1,5.667624860239407,3595,5.417647804215718,hiv_36915,MoleculeNet_HIV,True
N#CC1CC2(C1)OCCS2,5.667506231127812,3596,5.183451526781612,hiv_13867,MoleculeNet_HIV,True
S=C1CC(=S)NC(=S)N1,5.66723014849914,3597,5.20218871841908,hiv_1416,MoleculeNet_HIV,True
O=CC(O)C(O)C(O)C1O[Pt-2]2(NC3CCCCC3N2)OC1=O,5.6672266340270205,3598,5.420652471579319,hiv_7231,MoleculeNet_HIV,True
COc1cc2c(cc1OC)C(C1CC1)ON(C)CC2,5.667226583525308,3599,5.105886779568815,hiv_31167,MoleculeNet_HIV,True
CCOC(=O)CCc1cn2cc(Br)nc(OC)c2n1,5.667215991453107,3600,5.174321031864428,hiv_30359,MoleculeNet_HIV,True
CCOc1ccc2nc(NC(=O)c3cc(=NNC(=O)C[N+](C)(C)C)c4ccc(O)cc4o3)sc2c1.[Cl-],5.667165997874411,3601,5.2460451504197545,hiv_19513,MoleculeNet_HIV,True
COc1cc(N)c2c(c1)SCC(=O)N2,5.667118244658464,3602,5.180427105441424,hiv_30226,MoleculeNet_HIV,True
Clc1cc(OCC23CC4CC(CC(C4)C2)C3)nc(OCC23CC4CC(CC(C4)C2)C3)n1,5.667076345796853,3603,5.183032891965017,hiv_34207,MoleculeNet_HIV,True
CC(CCC(=O)O)C1CCC2C3C(O)CC4CC(O)CCC4(C)C3CC(=O)C12C,5.667054576193226,3604,5.4013024239419005,hiv_25087,MoleculeNet_HIV,True
CCOC(=O)c1nnc2sc(-c3ccccc3)nn12,5.667054087323547,3605,5.184836027430117,hiv_4502,MoleculeNet_HIV,True
CC(C)[Si](OC1=C(c2ccccc2)C(NC(=O)C=Cc2ccc([N+](=O)[O-])cc2)CCC1)(C(C)C)C(C)C,5.667001307097985,3606,5.432175307665156,hiv_33617,MoleculeNet_HIV,True
CC(C)c1cccc2sc(NC(=O)C(=O)C(C#N)c3cccc4ccccc34)nc12,5.666925504135087,3607,5.446979544726712,hiv_11234,MoleculeNet_HIV,True
Cn1cc(C(=O)c2ccccc2)c2ccccc2c1=O,5.666891008063286,3608,5.240123210510043,hiv_20379,MoleculeNet_HIV,True
Cc1c(C#N)c2nc(C(=O)c3ccc(Br)cc3)cc(-c3ccc(Br)cc3)n2c1C,5.666845569487162,3609,5.188338737787298,hiv_5576,MoleculeNet_HIV,True
O=Cc1ccc(-c2ccc(-c3ccc(C=O)s3)o2)s1,5.666791919210701,3610,5.183434634002706,hiv_13956,MoleculeNet_HIV,True
CCCCCCC(C)CCCCCCCCCCC(=O)O,5.666513189544628,3611,5.400379412248467,hiv_12230,MoleculeNet_HIV,True
CCC(=O)C(C)C(=O)C(=O)C(=O)OC,5.666513189544628,3612,5.385436937771651,hiv_17419,MoleculeNet_HIV,True
CCCCCCCCCCCCCCC(C)CCC(=O)O,5.666513189544628,3613,5.400379412248467,hiv_12235,MoleculeNet_HIV,True
CCCCCCCCCCC(C)CCCCCCC(=O)O,5.666513189544628,3614,5.400379412248467,hiv_12233,MoleculeNet_HIV,True
CCC(=O)C(C)C(=O)C(=O)NCCNC(=O)C(=O)C(C)C(=O)CC,5.666513189544628,3615,5.405635901685286,hiv_10887,MoleculeNet_HIV,True
CC1(C)OC(=O)CC12CCN(Cc1ccccc1)CC2,5.666234323356653,3616,5.240528757122408,hiv_28031,MoleculeNet_HIV,True
COc1cccc(C2C(C(=O)Nc3cc(=O)n(C)c(=O)n3C)=C(C)NC(C)=C2C(=O)Nc2cc(=O)n(C)c(=O)n2C)c1O,5.666156741243268,3617,5.092756587925871,hiv_17816,MoleculeNet_HIV,True
O=S1(=O)CC(Cl)C(Sc2ccccc2)C1,5.666088433463195,3618,5.274600288312648,hiv_16274,MoleculeNet_HIV,True
N#Cc1c(-c2ccco2)cc(-c2ccc(NCc3nc4ccccc4[nH]3)cc2)nc1N,5.665967783287114,3619,5.296519866758992,hiv_22968,MoleculeNet_HIV,True
O=C1C2C(C(=O)N1c1ccc(Br)cc1)C1([N+](=O)[O-])C=C3c4ccccc4N(c4ccccc4)C32C2C(=O)N(c3ccc(Br)cc3)C(=O)C21,5.665957965958583,3620,5.290405682334447,hiv_15705,MoleculeNet_HIV,True
CC(C)=C[Sb](Br)(C=C(C)C)(C=C(C)C)C=C(C)C,5.665931102899413,3621,5.186079085853435,hiv_22944,MoleculeNet_HIV,True
CCN(CC)C(=S)SC1C(=O)NC(=O)NC1=O,5.665842704621681,3622,5.202090448818879,hiv_32080,MoleculeNet_HIV,True
CCC1SC(C)C(=O)NC1=O,5.665842704621681,3623,5.201272530098992,hiv_3141,MoleculeNet_HIV,True
COc1ccc(C23Oc4cc(OC)cc(OC)c4C2(O)C(O)C(C(=O)N(C)C)C3c2ccccc2)cc1,5.665842350749479,3624,5.27261127710616,hiv_7932,MoleculeNet_HIV,True
COC(=O)C1=CC(=O)OC1(OO)c1ccc(Br)cc1,5.665784872295051,3625,5.175479015105613,hiv_37966,MoleculeNet_HIV,True
C1=Cc2ccccc2C1=Cc1ccc2c(c1)OCO2,5.665770812629962,3626,5.288799813795036,hiv_3227,MoleculeNet_HIV,True
Fc1cc(-c2ncc(Cl)cc2Cl)c2cccccc1-2,5.665740762827742,3627,5.277378404999748,hiv_39644,MoleculeNet_HIV,True
CC(C)(C)OC(=O)N1CC(O)OC(c2ccccc2)C1c1ccccc1,5.665706746877595,3628,5.27656391607539,hiv_36272,MoleculeNet_HIV,True
Cc1ccc(-c2cc(-c3ccco3)c(C#N)c(S)n2)cc1,5.665672794442749,3629,5.425853114538966,hiv_30717,MoleculeNet_HIV,True
CCCCCCCCCCCOc1ccc(C(=O)C(=O)c2ccc(OCCCCCCCCCCC)c(OCCCCCCCCCCC)c2)cc1OCCCCCCCCCCC,5.6655297095366155,3630,5.190608478058789,hiv_19553,MoleculeNet_HIV,True
Nc1ccc(C2SCC(=O)N2NS(=O)(=O)c2cccc(C(=O)O)c2)cc1,5.665281043744743,3631,5.112790693701719,hiv_28434,MoleculeNet_HIV,True
Cc1ccc2[nH]c(Sc3c([N+](=O)[O-])ncn3C)nc2c1,5.665259402258245,3632,5.184948341914415,hiv_14703,MoleculeNet_HIV,True
CC12CCC(=O)N1c1ccccc1N2,5.665196512793088,3633,5.2527997839430585,hiv_18492,MoleculeNet_HIV,True
C1C2CC3CC1CC(Nc1nc(NC45CC6CC(CC(C6)C4)C5)nc(NC45CC6CC(CC(C6)C4)C5)n1)(C2)C3,5.665190858696297,3634,5.185347252478227,hiv_40081,MoleculeNet_HIV,True
C[Si](C)(C)C1=C([Si](C)(C)C)C(Cl)(Cl)C1=O,5.665190858696297,3635,5.192365471284568,hiv_33373,MoleculeNet_HIV,True
O=[N+]([O-])C1([N+](=O)[O-])CC2(Cc3c1no[n+]3[O-])OCCO2,5.665190858696297,3636,5.190721460524105,hiv_27232,MoleculeNet_HIV,True
CC1OC2(O)C3CCCN3S(=O)(=O)CCN2C1=O,5.66517052053076,3637,5.184764968432716,hiv_20804,MoleculeNet_HIV,True
O=S1(=O)c2ncn(COCCO)c2N=C2NC(c3ccccc3)=[O+][Ag-][NH+]21,5.665135360793198,3638,5.470526143197005,hiv_24144,MoleculeNet_HIV,True
COC(=O)c1nn(-c2ccc(Cl)cc2)c2nc3ccccc3c-2c1C(=O)OC,5.665062890079665,3639,5.22921241508554,hiv_10445,MoleculeNet_HIV,True
CC(=O)OCC1Cn2c(c(-c3ccccc3)c(=O)[nH]c2=S)O1,5.664979244832682,3640,5.265300307039844,hiv_7091,MoleculeNet_HIV,True
COc1ccc(P2(=S)OC(C)(C)C(C)(C)O2)cc1,5.664964383057273,3641,5.173819555413965,hiv_33387,MoleculeNet_HIV,True
C=C(CCCC(C)=CC=CC1(C)CCCc2ccoc21)CC(=O)O,5.664945768789859,3642,5.193608466923052,hiv_25098,MoleculeNet_HIV,True
CN1CSC(=S)N(C)C1,5.664941531040868,3643,5.189261257590331,hiv_251,MoleculeNet_HIV,True
CC1=NN(C(=O)c2ccccc2)C(C)C1N=Nc1ccccc1C(=O)O,5.664798898714912,3644,5.299897947897145,hiv_12783,MoleculeNet_HIV,True
Cn1c(=O)[nH]n(-c2ccc3ccccc3c2)c1=O,5.6646524852760205,3645,5.296197423331612,hiv_37894,MoleculeNet_HIV,True
Cc1nc2ccc(S(=O)(=O)Nc3nccs3)cc2c(=O)n1NS(=O)(=O)c1nccs1,5.664619225675375,3646,5.183406828844849,hiv_36742,MoleculeNet_HIV,True
COc1cc2c(c(OC3OC(CO)C(O)C(O)C3O)c1)C(=O)CC(c1ccc(O)cc1)O2,5.664604848441998,3647,5.219497200725857,hiv_9836,MoleculeNet_HIV,True
O=c1oc2ccccc2c(O)c1C(c1ccc(C=Cc2ccccc2)cc1)c1c(O)c2ccccc2oc1=O,5.664537980142822,3648,5.44225532997125,hiv_36175,MoleculeNet_HIV,True
COC(=O)CCC(NC(=O)C(C)NC(=O)COC1C(O)C(OC(=O)CCNc2c3ccccc3nc3cccc([N+](=O)[O-])c23)OC(OCc2ccccc2)C1NC(C)=O)C(N)=O,5.664524673995603,3649,5.4095721453753,hiv_23182,MoleculeNet_HIV,True
CC(C)CCCC(C)C1CCC2C3CCC4CC(CCCC(c5cc(Cl)c(O)c(C(=O)O)c5)c5cc(Cl)c(O)c(C(=O)O)c5)CCC4(C)C3CCC12C.N,5.664509430005726,3650,5.391915818940001,hiv_23789,MoleculeNet_HIV,True
O=C1c2ccccc2C(=O)c2sccc21,5.664503240689493,3651,5.442490758764213,hiv_5201,MoleculeNet_HIV,True
CCC(C)C(NC(=O)C(N)CCCCN)C(=O)NC(CCC(N)=O)C(=O)NC(CO)C(=O)NC(C(=O)O)C(C)O,5.6644371382909355,3652,5.411537406443392,hiv_14747,MoleculeNet_HIV,True
CCC(C)C(NC(=O)C(N)CCCCN)C(=O)NC(CCC(=O)O)C(=O)NC(CO)C(=O)NC(C(=O)O)C(C)O,5.6644371382909355,3653,5.411537406443392,hiv_14748,MoleculeNet_HIV,True
CCCCCCn1c(SCC)c2ccccc2c1-c1nc(F)nc(F)n1,5.664429497875289,3654,5.259197133995165,hiv_22251,MoleculeNet_HIV,True
CC(=O)OCC1OC(NC(=S)CCSc2nc3ccccc3c(=O)n2-c2ccccc2)C(OC(C)=O)C(OC(C)=O)C1OC(C)=O,5.664417850943647,3655,5.226112958352611,hiv_37709,MoleculeNet_HIV,True
CN1CCN(CCSSCCN2CCN(C)CC2)CC1,5.66438875108003,3656,5.237840760235829,hiv_5226,MoleculeNet_HIV,True
Brc1ccc(C2CC3(c4ccccc4)ON=C(c4ccccc4)N3c3ccccc3S2)cc1,5.664237415851738,3657,5.305047083170845,hiv_31470,MoleculeNet_HIV,True
COc1ccc(OC)c(C=Cc2cnnc3ccccc23)c1,5.664153276836423,3658,5.177780016330746,hiv_5657,MoleculeNet_HIV,True
CCOC(=O)C(C)(C(=O)OCC)C1(c2ccccc2)OC(=O)c2ccccc21,5.664103366655693,3659,5.31784487840024,hiv_3530,MoleculeNet_HIV,True
O=C(NC(=Cc1c(O)ccc2ccccc12)c1nc2ccccc2[nH]1)c1ccccc1,5.66403071797391,3660,5.249613031478349,hiv_11757,MoleculeNet_HIV,True
CNC(=O)c1ccccc1Sc1ccc2c(C=Cc3ccccn3)n[nH]c2c1,5.663981330080899,3661,5.310941171169105,davis_6450551,DAVIS_spike_in,True
CC(=O)NNc1nc(C)c(C(C=Cc2ccc(Cl)cc2)=NNS(=O)(=O)c2ccc(C)cc2)s1,5.66392625403019,3662,5.18314855712885,hiv_19331,MoleculeNet_HIV,True
N#CC(C#N)=C(C(C#N)C#N)C(C#N)C#N.[NaH],5.663910390304886,3663,5.425441721315233,hiv_12160,MoleculeNet_HIV,True
O=C1C(=Cc2cccs2)C(=O)N(CCc2ccccc2)S(=O)(=O)N1CCc1ccccc1,5.663786507821618,3664,5.217507179800249,hiv_22878,MoleculeNet_HIV,True
Cc1[nH]c(=N)sc1C(=O)C=Cc1ccc2c(c1)OCO2,5.663703440835395,3665,5.2015880695029315,hiv_18750,MoleculeNet_HIV,True
Cc1ccc(S(=O)(=O)n2cc(C=CC#N)c(-c3cn(S(=O)(=O)c4ccc(C)cc4)cc3-c3cn(S(=O)(=O)c4ccc(C)cc4)cc3C=CC#N)c2)cc1,5.663700200966256,3666,5.182812975753665,hiv_33614,MoleculeNet_HIV,True
COC12CCC(=O)N1C=Cc1c2[nH]c2ccccc12,5.663654842896726,3667,5.222585927111404,hiv_12659,MoleculeNet_HIV,True
Cc1ccc(S(=O)(=O)OC2C(C)OCOC3COCOC32)cc1,5.6636414551767125,3668,5.2784544460370535,hiv_9747,MoleculeNet_HIV,True
C=C1C(=O)C23C(O)CC4C(C)(C)CCCC4(COC(C)=O)C2C(O)CC1C3O,5.663617707589017,3669,5.188547319917326,hiv_16948,MoleculeNet_HIV,True
Cc1ccc2nc(CN3CCCC(O)C3)cc(=O)n2c1,5.663484294512959,3670,5.160420795672647,hiv_36665,MoleculeNet_HIV,True
CC(C)(C)[Si](C)(C)OCC1OC(n2ccc(=O)[nH]c2=O)CC1=NO,5.663457898448046,3671,5.1572495980093045,hiv_40842,MoleculeNet_HIV,True
CCOc1ccc2nc(NC(=O)C3C4CCC(O4)C3C(=O)O)sc2c1,5.663448436884541,3672,5.277048416205027,hiv_3504,MoleculeNet_HIV,True
OCC1(C(F)(F)F)OC(n2cncn2)CC1O,5.663412425041288,3673,5.184973480605267,hiv_37405,MoleculeNet_HIV,True
N#CC1(C#N)C2C=CC(C3CCC=C32)C1(C#N)C#N,5.663410938863326,3674,5.185347252478227,hiv_5686,MoleculeNet_HIV,True
CC(=C(C)c1cc[n+](C)cc1)c1cc[n+](C)cc1.[I-],5.66339034814764,3675,5.186079085853435,hiv_22347,MoleculeNet_HIV,True
N#Cc1cn(-c2c3ccccc3nc3ccccc23)c(=O)[nH]c1=O,5.663373538780416,3676,5.2537042118325035,hiv_18134,MoleculeNet_HIV,True
CC(=O)OCC1OC(NC(=S)Nn2c(-c3ccccc3)nc3ccccc3c2=O)C(OC(C)=O)C(OC(C)=O)C1OC(C)=O,5.6632679339909,3677,5.225446668974222,hiv_37705,MoleculeNet_HIV,True
O=[N+]([O-])c1ccc(S(=O)(=O)NN=Cc2ccco2)cc1,5.663254641239458,3678,5.184315944268709,hiv_308,MoleculeNet_HIV,True
S=C1SCN(C(c2ccccc2)c2ccccc2)CN1C(c1ccccc1)c1ccccc1,5.663241953024525,3679,5.436027446037313,hiv_6354,MoleculeNet_HIV,True
c1ccc(N2CCN(CCCN3CCc4c([nH]c5ccccc45)C3c3cccnc3)CC2)cc1,5.663122965512875,3680,5.25113781947271,hiv_15695,MoleculeNet_HIV,True
CC1CC(c2ccc([N+](=O)[O-])cc2)=Nc2ccccc2S1=O,5.6628835082129845,3681,5.454324914660727,hiv_19119,MoleculeNet_HIV,True
CC(Cc1ccccc1)Nc1ncnc2c1ncn2C1OC(CO)CC1O,5.66283167982631,3682,5.421230518384704,hiv_36955,MoleculeNet_HIV,True
O=[N+]([O-])c1ccc(CSc2nn(Cc3ccc([N+](=O)[O-])cc3)cc3ncnc2-3)cc1,5.66277463363135,3683,5.123081045509748,hiv_37526,MoleculeNet_HIV,True
COC(=O)C(Cc1c[nH]c2ccccc12)NP(=O)(O)CCC1OC(n2cc(C)c(=O)[nH]c2=O)CC1N=[N+]=[N-],5.662605243911847,3684,5.389796650710099,hiv_37537,MoleculeNet_HIV,True
C[N+]12C(=O)CC3OCC=C4C[N+]5(C)CCC6(c7ccccc71)C2C3C4CC65O,5.662536633999897,3685,5.2859220999280625,hiv_4592,MoleculeNet_HIV,True
Cc1nc2c(=O)n(C)ncc2[nH]1,5.662428367521172,3686,5.189189677428584,hiv_37527,MoleculeNet_HIV,True
O=C(c1ccc(Cl)cc1Cl)N(C(=O)N1CCC(c2ccccc2)CC1)c1ccccc1,5.662233372211291,3687,5.280154531218356,hiv_40684,MoleculeNet_HIV,True
CN(C(=O)C1=CCC2(CC1)OCCO2)c1ccccc1I,5.662168405730109,3688,5.294339461668246,hiv_38816,MoleculeNet_HIV,True
O=C1NC(=O)C2(CCC(O)C2)c2ccncc21,5.662160223319603,3689,5.077251453769728,hiv_7891,MoleculeNet_HIV,True
Cc1nc(O)c2c(n1)N(c1ccccc1)C(=C(C#N)c1nc3ccccc3[nH]1)S2,5.661979760163027,3690,5.290506712642008,hiv_23226,MoleculeNet_HIV,True
ON=C(C(Cl)=C(Cl)Cl)C(Cl)Cl,5.661916018320019,3691,5.4261593232223175,hiv_27697,MoleculeNet_HIV,True
COC(=O)CP1(=O)OC2C(C3CCC2(C)C3(C)C)N1c1cc(C(F)(F)F)cc(C(F)(F)F)c1,5.661865696776472,3692,5.166950147116581,hiv_40438,MoleculeNet_HIV,True
CC(C)CNC(=O)CCc1cccc2c1oc1c(CCN)cccc12,5.661645585140372,3693,5.41579117387487,hiv_28606,MoleculeNet_HIV,True
COC(=O)C1=NC(=S)N=C(C(=O)OC)C12Cc1ccccc1C2=O,5.6612146492989766,3694,5.458389734006398,hiv_9126,MoleculeNet_HIV,True
CSc1ncc2c(C#N)c3n(C)c4ccccc4n3c(=O)c2n1,5.661187539612388,3695,5.238517100717364,hiv_36880,MoleculeNet_HIV,True
OC1COCOC1C(O)C1OCOCC1O,5.66104034792391,3696,5.4188425235081725,hiv_85,MoleculeNet_HIV,True
CC(C)CCC[Pb](CCCC(C)C)(CCCC(C)C)OC(=O)C(Cl)(Cl)Cl,5.661016920478148,3697,5.4290686806752735,hiv_27403,MoleculeNet_HIV,True
O=C(O)c1ccc2c(c1)CC1(C2)Cc2cc3c(cc2C1=O)CCC3,5.660863104645079,3698,5.205768018374767,hiv_31862,MoleculeNet_HIV,True
COc1c2cc([N+](=O)[O-])cc1CNC(=O)CN1CCOCCOCCN(CCOCCOCC1)CC(=O)NC2,5.660790820076782,3699,5.181171008278324,hiv_39918,MoleculeNet_HIV,True
CC1(C)CC(=O)C(C(=O)C(=O)NC2=C(Cl)C(=O)c3ccccc3C2=O)C(=O)C1,5.660762745528408,3700,5.43804970403867,hiv_19509,MoleculeNet_HIV,True
CC(=O)OC1C(OC(=O)CC(C)(O)CC(=O)O)CC2(C)C3=C(CCC2C1(C)C)C1(C)CCC(C2CCC(C(C)(C)O)OC2O)C1(C)C(O)C3,5.660761782041286,3701,5.255349781954718,hiv_31953,MoleculeNet_HIV,True
O=C(Nc1nc(O)c2c(ncn2CCNCc2ccccc2)n1)c1ccccc1,5.6607310515958975,3702,5.2244819186155755,hiv_17687,MoleculeNet_HIV,True
C=[N+](CNC(=O)CNC(=O)C(Cc1ccc([N+](=O)[O-])cc1)NC(=O)OC(C)(C)C)C(=O)CNC(=O)C(Cc1ccc([N+](=O)[O-])cc1)NC(=O)OC(C)(C)C,5.660717152953659,3703,5.393689570765678,hiv_29736,MoleculeNet_HIV,True
COc1ccc(C2=NNC(=O)CC2)cc1OC,5.6604891660710805,3704,5.165894830928853,hiv_6730,MoleculeNet_HIV,True
O=C(CC(=O)c1ccccc1NC1=Cc2ccccc2C(=O)C1=O)C(=O)NC1=C(Cl)C(=O)c2ccccc2C1=O,5.660474642247305,3705,5.401058033912915,hiv_19161,MoleculeNet_HIV,True
[Cl-].[Pt].[S-]c1ncccn1,5.660449950900536,3706,5.18260085145307,hiv_35173,MoleculeNet_HIV,True
CC12OCC(c3ccccc3)N1C(=O)C1C2CC12SCCS2,5.660444839777018,3707,5.288212270292097,hiv_35454,MoleculeNet_HIV,True
Cc1c2ncccc2cc2oc3ccccc3c(=O)c12,5.66043274338471,3708,5.255134491947843,hiv_32158,MoleculeNet_HIV,True
CN(CCO)c1nc(=O)c2c(n1C1OC(CO)C(O)C(O)C1O)CCCC2,5.660306934644065,3709,5.179015130023022,hiv_23422,MoleculeNet_HIV,True
CCOC(C)=O.O=C1OC(=O)c2c1cc1cc3c(cc1c2-c1ccc2c(c1)OCO2)OCO3,5.660296046147205,3710,5.206647960246015,hiv_13321,MoleculeNet_HIV,True
Cc1ccccc1[C-]1C(=O)c2cc(Cl)ccc2[N+]1=O,5.660082060692451,3711,5.295655913609041,hiv_12637,MoleculeNet_HIV,True
O=C(O)C(NS(=O)(=O)c1ccc([N+](=O)[O-])cc1)c1ccccc1,5.660052119386459,3712,5.434327840166877,hiv_12921,MoleculeNet_HIV,True
C=CN(c1ccccc1)c1nc(O)nc(O)n1,5.659961820068237,3713,5.283184074743938,hiv_1686,MoleculeNet_HIV,True
CN1CCN(CCSC2Cc3cc(Cl)ccc3Sc3ccccc32)CC1,5.659921687017558,3714,5.271461406127987,hiv_16734,MoleculeNet_HIV,True
CN1C(=O)CN2C(Cl)(Cl)C2(c2ccccc2)c2cc(Cl)ccc21,5.659798000221931,3715,5.30274001424181,hiv_23166,MoleculeNet_HIV,True
CSC1=N[N+]2=CC(c3ccccc3)=[N+]3N=C(NC(C)C(=O)O)[SH+][Ni-2]23[SH+]1,5.659754127476696,3716,5.3776484798818585,hiv_14664,MoleculeNet_HIV,True
COc1cc(C=C2CCC(=Cc3ccc(O)c(OC)c3)C2=O)ccc1O,5.659689461660952,3717,5.162382054062099,hiv_41053,MoleculeNet_HIV,True
COc1cc(C=C2CC(C)CC(=Cc3ccc(O)c(OC)c3)C2=O)ccc1O,5.659689461660952,3718,5.152100879734984,hiv_28730,MoleculeNet_HIV,True
CC=CC(=O)N1C(=O)OCC1c1ccccc1,5.659543221875975,3719,5.27656391607539,hiv_35490,MoleculeNet_HIV,True
NC(=O)c1ccc2c(c1)C1=NC3=c4ccc(C(N)=O)cc4=C4N=C5c6ccc(C(N)=O)cc6C6=[N+]5[Co-2]5([N+]1=C2N=C1c2cc(C(N)=O)ccc2C(=N6)[NH+]15)[NH+]34,5.659543032291727,3720,5.376508837511863,hiv_18997,MoleculeNet_HIV,True
COC(=O)c1ccc(C)cc1C1CN=NC12Cc1cccc(C)c1C2=O,5.659457385228059,3721,5.098790337610023,hiv_32647,MoleculeNet_HIV,True
CC(C)(C)OC(=O)NC(Cc1ccc(O)cc1)C(=O)NC(CCCCN)C(=O)NC(Cc1ccc(O)cc1)C(=O)NC(CCCCN)C(=O)ON1C(=O)CCC1=O,5.65937097767212,3722,5.4069152046492635,hiv_29423,MoleculeNet_HIV,True
CCOC(=O)C1CC(C(=O)OCC)c2nc3ccccc3nc21,5.659351193071756,3723,5.289157105280805,hiv_709,MoleculeNet_HIV,True
CCOC(=O)c1c2nc3ccccc3sc-2c(C(=O)OCC)c1C(=O)OCC,5.659351193071756,3724,5.286450863752966,hiv_9577,MoleculeNet_HIV,True
CC(C)C1CC=CC2C3C(C)(O)CCC(Br)C3(C)CCC21CBr,5.659341243381459,3725,5.403485697896772,hiv_11507,MoleculeNet_HIV,True
CC(=O)OC1C2CCC1C1C2C2(Cl)C(Cl)=C(Cl)C1(Cl)C2(Cl)Cl,5.6592901830774816,3726,5.182111628449415,hiv_12266,MoleculeNet_HIV,True
COc1ccc(C2SCC(=O)N2c2ccc(-n3c(-c4ccccc4)nc4ccccc4c3=O)cc2)cc1,5.659268495067932,3727,5.204033571138227,hiv_31729,MoleculeNet_HIV,True
CCOC(=O)c1ncn2c1[nH]c(=O)c1ccccc12,5.659233708045994,3728,5.235604835252683,hiv_24590,MoleculeNet_HIV,True
C=C(C)C1=NC(C)(C)CC1=C(C)C,5.659114574399038,3729,5.19572738680286,hiv_1748,MoleculeNet_HIV,True
CC(C)(C)[Si](OC1CC(n2cnc3c(N)ncnc32)OC1CO)(c1ccccc1)c1ccccc1,5.6590591689644265,3730,5.278619536324245,hiv_23523,MoleculeNet_HIV,True
Cc1ccc(C2=Nc3c(c(C)nn3-c3ccccc3)N=C(C(=O)O)C2)cc1,5.658934248444961,3731,5.458938051067362,hiv_26846,MoleculeNet_HIV,True
COc1nc2c(c(=O)n1C)N(C(C)=O)C1C(N2)OCC(OC(C)=O)C1OC(C)=O,5.658932563585437,3732,5.160512489884977,hiv_27171,MoleculeNet_HIV,True
CCOC(=O)CC1(c2cccc3ccccc23)OC(=O)c2ccccc21,5.65893226114349,3733,5.282242031314029,hiv_12346,MoleculeNet_HIV,True
COc1cc(C(c2cc3c(cc2O)OCO3)N2CCCC2)cc(OC)c1OC,5.658891393301254,3734,5.423771260270292,hiv_9087,MoleculeNet_HIV,True
CC(C)C(N)S(=O)(=O)O,5.658776316981635,3735,5.445850042788022,hiv_6596,MoleculeNet_HIV,True
[N-]=[N+]=NC12CC3C4CC5CC3C(C1)C(C5)C4C2,5.658744841689344,3736,5.185347252478227,hiv_10601,MoleculeNet_HIV,True
O=C1OC(Cl)(C(Cl)(Cl)Cl)C(=O)OC1(Cl)C(Cl)(Cl)Cl,5.658744841689344,3737,5.188887236884203,hiv_4990,MoleculeNet_HIV,True
O=C1C(Br)=CC2C3C=CC(Br)(C3=O)C12,5.658744841689344,3738,5.177586980162064,hiv_18925,MoleculeNet_HIV,True
BrC1=CC2C(C3C=CC2(Br)C32OCCO2)C12OCCO2,5.658744841689344,3739,5.181151361937845,hiv_21109,MoleculeNet_HIV,True
NC(CCC(=O)NCCCC(=O)O)C(=O)O,5.658687875096191,3740,5.402421867407949,hiv_10331,MoleculeNet_HIV,True
CCOC(=O)c1c(O)cn2c1[nH]c1cccc3cccc2c31,5.65864823945412,3741,5.174830023385554,hiv_39684,MoleculeNet_HIV,True
O=C1c2ccccc2C(=O)c2c(SSc3cccc4c3C(=O)c3ccccc3C4=O)cccc21,5.658615226954526,3742,5.439584329603695,hiv_4380,MoleculeNet_HIV,True
CN1CCN(CCC=C2c3ccccc3Sc3ccc(S(=O)(=O)N(C)C)cc32)CC1,5.658399974911165,3743,5.339767648336697,hiv_4021,MoleculeNet_HIV,True
COC(=O)c1cncc2c1CC1C3(C(=O)OC)C=NC(C4C(CO)=CCC43)C21C,5.658227797705858,3744,5.161368171929538,hiv_33511,MoleculeNet_HIV,True
C1=NN=C2N3CN4CCN5CN6CN7CCN(C3)[Cu-5]457([NH+]12)[NH+]1C=NN=C61,5.6581838220939105,3745,5.187887303382154,hiv_36539,MoleculeNet_HIV,True
CC(C)(C)OC(=O)NC(Cc1ccccc1)NC(=O)NC(=O)OCc1ccccc1,5.658164968454248,3746,5.4071145771470555,hiv_29110,MoleculeNet_HIV,True
O=C1CCN2C(=O)CCN12,5.65813004521833,3747,5.187887303382154,hiv_16088,MoleculeNet_HIV,True
CC1(C)OC2C(CO)OC(N=C(NC#N)Oc3ccccc3)C2O1,5.657940179180495,3748,5.221828876949024,hiv_23873,MoleculeNet_HIV,True
CC(C)NC(=O)OCc1c(COC(=O)NC(C)C)n(C)c2c1ccc1cc(Cl)c(Cl)cc12,5.657884499238448,3749,5.405606795435914,hiv_34976,MoleculeNet_HIV,True
N#Cc1cccc(N2C(=O)C3C4C=CC(C3C2=O)C2C(=O)N(c3cccc(C#N)c3)C(=O)C42)c1,5.657815086979104,3750,5.1937259240750855,hiv_15614,MoleculeNet_HIV,True
Cc1nn(C)c(=O)[nH]c1=O,5.657811634945774,3751,5.188032407927247,hiv_1859,MoleculeNet_HIV,True
COC1(OC)C=CC2C1C1C=CC2C1(OC)OC,5.65779326925775,3752,5.165133340869507,hiv_28424,MoleculeNet_HIV,True
Clc1cc(Cl)c2n[se]nc2c1,5.657765254794384,3753,5.183180228614818,hiv_13108,MoleculeNet_HIV,True
O=C(O)c1cc(-c2ccccc2)c(-c2ccccc2)cc1C(c1ccccc1)c1ccccc1,5.657762311961599,3754,5.435365422564553,hiv_2741,MoleculeNet_HIV,True
CC(C)C1CNC2N1C(=O)C2(C)OCc1ccccc1,5.657761249828893,3755,5.432995537909712,hiv_22128,MoleculeNet_HIV,True
O=c1[nH]c2ccc(CC(=S)N3CCN(c4ccccc4)CC3)cc2o1,5.657761087317736,3756,5.243014521900259,hiv_37572,MoleculeNet_HIV,True
C[n+]1c(-c2ccc(C=NN=Cc3ccc(-c4cn5ccccc5[n+]4C)cc3)cc2)cn2ccccc21.[Br-],5.65742399004193,3757,5.2874559623907755,hiv_25005,MoleculeNet_HIV,True
COc1cc2c(cc1OC)CCc1cc(OC)c(OC)cc1CC2,5.657407998560862,3758,5.162382054062099,hiv_36404,MoleculeNet_HIV,True
O=C(c1ccccc1)C(O)(c1ccccc1)C(c1ccccc1)c1ccccc1,5.657194692635813,3759,5.434327840166877,hiv_14854,MoleculeNet_HIV,True
CC(=O)N(CCN)CCN,5.657180044204809,3760,5.1847827631914045,hiv_12064,MoleculeNet_HIV,True
Oc1nc(S)nc(SCc2c(Cl)c(Cl)c(Cl)c(Cl)c2Cl)n1,5.657110611565422,3761,5.185025344071225,hiv_6379,MoleculeNet_HIV,True
O=C1CC2(CC=CCC23OCCO3)CC(CI)O1,5.657056871032827,3762,5.184766793849386,hiv_8939,MoleculeNet_HIV,True
CC1(C)C[N+](C)(C)C2(CCCC2)O1.[O-][Cl+3]([O-])([O-])O,5.657044422280956,3763,5.191014562818926,hiv_3053,MoleculeNet_HIV,True
O=S(=O)(c1ccccc1)C1(Sc2ccccc2)CC(Br)C(Br)C1,5.656999950297289,3764,5.286337192211516,hiv_16135,MoleculeNet_HIV,True
CCCc1c(C(=O)OCC)[nH]c(-c2ccc(-c3[nH]c(C(=O)OCC)c(CCC)c3C(=O)OCC)o2)c1C(=O)OCC,5.656964334106117,3765,5.197728193565043,hiv_23579,MoleculeNet_HIV,True
CC1(C)C=C(S(=O)(=O)c2ccccc2)Oc2ccccc2O1,5.656926649253125,3766,5.296339320110517,hiv_33371,MoleculeNet_HIV,True
CC(=O)C1(c2ccccc2)CCCN(C)CC1,5.656908714145278,3767,5.297605412734655,hiv_12374,MoleculeNet_HIV,True
O=[N+]([O-])c1cc(-c2nnc(C34CC5CC(CC(C5)C3)C4)o2)cc([N+](=O)[O-])c1,5.656893311655026,3768,5.1265573577484025,hiv_28131,MoleculeNet_HIV,True
O=C1C(=Cc2ccc(O)cc2)NC(=S)N1CN1CCCCC1,5.656889977416607,3769,5.208996325268165,hiv_37039,MoleculeNet_HIV,True
CN1C(=O)C(O)(Cc2cccc(O)c2)N(C)C(=O)C1Cc1c[nH]c2cccc([N+](=O)[O-])c12,5.656884873111647,3770,5.165794843217284,hiv_14532,MoleculeNet_HIV,True
O=C1CN(c2ccccc2)CC(=O)N2Cc3ccccc3CN12,5.656791469640888,3771,5.283339524510178,hiv_8270,MoleculeNet_HIV,True
O=c1c(=Cc2ccc(Cl)c(Cl)c2)sc2n1CCN=2,5.6567672417580575,3772,5.195218238296792,hiv_4056,MoleculeNet_HIV,True
O=[N+]([O-])c1ccc(C2=Nc3ccccc3N=C(c3ccccc3O)C2)cc1,5.6566747548095275,3773,5.466335269237455,hiv_9960,MoleculeNet_HIV,True
Cn1c(-c2ccccc2)cc(-c2ccsc2)c1-c1ccsc1,5.656660286440466,3774,5.2847008444007875,hiv_40590,MoleculeNet_HIV,True
O=C(C1C(c2ccccc2)N1C(c1ccccc1)c1ccccc1)C1C(c2ccccc2)N1C(c1ccccc1)c1ccccc1,5.6565995811076055,3775,5.42577360320216,hiv_22875,MoleculeNet_HIV,True
Oc1c(C(Nc2cccc3cccnc23)c2ccccc2)ccc2cccnc12,5.656593594376716,3776,5.412916822348405,hiv_3122,MoleculeNet_HIV,True
CC[Pb](CC)(CC)OC(=O)C(F)(F)F,5.656494105450926,3777,5.213463315841698,hiv_27404,MoleculeNet_HIV,True
CCCCCCCCCCCCCC(=O)OC1C(C)C2(O)C(C=C(CO)CC3(O)C(=O)C(C)=CC32)C2C(C)(C)C12OC(C)=O,5.656451019198392,3778,5.193939536401346,hiv_12728,MoleculeNet_HIV,True
CS1(C)=NC(=O)c2cc([N+](=O)[O-])ccc2N=1,5.656384210053282,3779,5.189465057438371,hiv_10081,MoleculeNet_HIV,True
CC(=O)NC(CCCCNC(=O)OC(C)(C)C)C(=O)O,5.656369667883024,3780,5.39474210761339,hiv_29701,MoleculeNet_HIV,True
CC(=O)Oc1ccc2c(c1)OC(=Cc1ccc(N(C)C)cc1)C2=O,5.656307430457073,3781,5.1627072008984385,hiv_24653,MoleculeNet_HIV,True
CC1(C)c2ccccc2N2OC3C(=O)N(c4ccccc4)C(=O)C3C21c1ccccc1,5.656259098456853,3782,5.287764382279582,hiv_19908,MoleculeNet_HIV,True
CC(CO)C1=C(c2c[nH]c3ccccc23)C2C(C)CC(O)C3(C)C(C)CCC(O)C23CC1,5.656163340952923,3783,5.423680398467066,hiv_14172,MoleculeNet_HIV,True
COc1ccc(-n2c(C)nc3ccc(N=Cc4ccccc4)cc3c2=O)cc1,5.656111090622638,3784,5.249441920717319,hiv_33488,MoleculeNet_HIV,True
C=CC1CCC[N+]1(CC(=O)OCC)Cc1ccccc1.[Br-],5.656053466139604,3785,5.246188952114403,hiv_24622,MoleculeNet_HIV,True
O=c1c(-c2c(-c3ccccc3)oc3ccc(Cl)cc3c2=O)c(-c2ccccc2)oc2ccc(Cl)cc12,5.656034749604925,3786,5.283217979715005,hiv_29235,MoleculeNet_HIV,True
CC(=O)CC(=O)N(CCN(C(=O)CC(C)=O)c1ccccc1)c1ccccc1,5.655891038413598,3787,5.280337024630836,hiv_17512,MoleculeNet_HIV,True
COc1ccc(N2C(=O)C(C#N)=C(SC)C(C#N)C2=O)cc1,5.655857564912321,3788,5.152482984565822,hiv_36621,MoleculeNet_HIV,True
CC(=O)C(O)N1C(=O)C=CC1=O,5.65583265898723,3789,5.426369274049702,hiv_5128,MoleculeNet_HIV,True
CC(C)N1C2CCCCC2N(C(C)C)[PH]1=O,5.655711567218634,3790,5.42613781162838,hiv_40458,MoleculeNet_HIV,True
Br.CCOC(=O)CC12CCCNC1(C)CCc1ccccc12,5.655658777032229,3791,5.323547469608795,hiv_12423,MoleculeNet_HIV,True
CCn1c2ccccc2c2ccc(C3C(C(=O)OC)=C(C)NC(C)=C3C(=O)OC)cc21,5.655619003339461,3792,5.250868675708007,hiv_25158,MoleculeNet_HIV,True
CCSc1nc2n(c(=S)n1)CCN2C.I,5.655607811460011,3793,5.196425819518613,hiv_17895,MoleculeNet_HIV,True
Cc1n[nH]c(=O)n1N=Cc1ccccc1,5.655607777895209,3794,5.296593368534955,hiv_31894,MoleculeNet_HIV,True
O=C1C2CC=CCC2C(=O)N1n1c(-c2ccccc2)n[nH]c1=O,5.655578471510519,3795,5.284645870483376,hiv_34230,MoleculeNet_HIV,True
CCCC1(CCC)c2cc(C=NO)ccc2-c2ccc(-c3ccc(C(C)(C)C)cc3)cc21,5.6555563620536065,3796,5.235450148783785,hiv_31054,MoleculeNet_HIV,True
O=C1CC(c2ccoc2)NC(=O)N1CCCl,5.6555424475969245,3797,5.180538457995225,hiv_29854,MoleculeNet_HIV,True
O=C(CC1=Nc2nnc(-c3nnc4n3C(=O)C(CC(=O)c3cccnc3)=N4)n2C1=O)c1cccnc1,5.655274442300446,3798,5.327838601431974,hiv_12513,MoleculeNet_HIV,True
CC1=CC(=O)OC2CC(CCC(C)C=CC=CCC1)OC(O)(C1CSC(=O)N1)C2,5.655267210158669,3799,5.192734013962533,hiv_10497,MoleculeNet_HIV,True
CSSC(SC)SC,5.655149000866418,3800,5.429637557622683,hiv_482,MoleculeNet_HIV,True
O=C1NC(=O)C(=Cc2ccc(-c3ccccc3)cc2)C(=O)N1,5.655141373801576,3801,5.287303210514934,hiv_17183,MoleculeNet_HIV,True
N=C1NN(c2ccccc2)C(=O)C1=CNC(=S)C(N)=S,5.655104057420994,3802,5.291569550777494,hiv_26093,MoleculeNet_HIV,True
CCCC(C=NNC(=N)N)=NNC(=N)N.O=S(=O)(O)O,5.655013971041261,3803,5.193321279327863,hiv_10591,MoleculeNet_HIV,True
C=C(c1nc2ccc(Cl)cc2nc1O)C(O)c1ccc(C(O)C(=O)c2nc3ccc(Cl)cc3nc2O)cc1,5.654990540334669,3804,5.427196905619994,hiv_19383,MoleculeNet_HIV,True
N#CC(c1nc2ccccc2[nH]1)c1nc2ccccc2nc1Cl,5.654830783346182,3805,5.447058177073919,hiv_36887,MoleculeNet_HIV,True
CCOC(=O)c1cnc2c(ccc3ncccc32)c1NCCCN(CC)CC,5.654818885572838,3806,5.208506280048552,hiv_6748,MoleculeNet_HIV,True
N=c1ccn(C2CC(O)C(COP(=O)(S)OC3CC(n4ccc(=N)[nH]c4=O)OC3CO)O2)c(=O)[nH]1,5.65475889819836,3807,5.178656114568054,hiv_39163,MoleculeNet_HIV,True
CCN1C(=O)CCCCC(=O)Nc2ccccc2-c2ccccc21,5.654666520181767,3808,5.317033200967594,hiv_14180,MoleculeNet_HIV,True
N#CC(C(=O)c1ccccc1F)c1nc2ccccc2[nH]1,5.654631570258306,3809,5.447058177073919,hiv_37771,MoleculeNet_HIV,True
N=C1N=C2OC3C(O)C(CO)OC3N2CN1,5.654539530529924,3810,5.357636322670038,hiv_7388,MoleculeNet_HIV,True
COc1cc2c(c(OC)c1OC)-c1ccc(SC)c(=O)cc1C(NC(=O)c1ccccc1)CC2,5.654477781610627,3811,5.189180928544132,hiv_8966,MoleculeNet_HIV,True
COc1cc2c(cc1OC)C1C(COC(=O)c3ccccc3)CSC(=Nc3ccccc3)N1CC2,5.654391276591898,3812,5.216360037955082,hiv_20537,MoleculeNet_HIV,True
COc1cc(C2c3cc4c(cc3CCN2C(=O)c2ccccc2)OCO4)cc(OC)c1OC,5.654307230708727,3813,5.233604311795734,hiv_2126,MoleculeNet_HIV,True
Cc1nc2c(=O)[nH]c(=O)n(C)c2nc1O.c1ccncc1,5.654203879872434,3814,5.183933187991766,hiv_22899,MoleculeNet_HIV,True
CC(NC1CC1)c1ccccc1.Cl,5.654185141221687,3815,5.435543765823512,hiv_12994,MoleculeNet_HIV,True
CC1(C)CC(=O)C2=C(C1)NC(SSC1=C(C#N)C(c3ccccc3)C3=C(CC(C)(C)CC3=O)N1)=C(C#N)C2c1ccccc1,5.65417899979938,3816,5.298338896346368,hiv_28210,MoleculeNet_HIV,True
COC(=O)c1ccccc1NC(c1ccccn1)c1ccc2cccnc2c1O,5.654136963779961,3817,5.403699468860382,hiv_2624,MoleculeNet_HIV,True
COc1nc2c(c(=O)n1C)NC(C(O)C(O)CO)C=N2,5.654020169771924,3818,5.3290703558651025,hiv_27168,MoleculeNet_HIV,True
COc1cc2c(c(OC)c1OC)-c1ccc(OC)c(=O)cc1C(NC(=O)CCCCCNc1ccc(N=[N+]=[N-])cc1[N+](=O)[O-])CC2,5.6539493776200835,3819,5.069664830217765,hiv_10821,MoleculeNet_HIV,True
O=C(O)CCC(NC(=O)c1ccc(Oc2nc3ccccc3nc2C(=O)O)cc1)C(=O)O,5.65383578879112,3820,5.401244421409249,hiv_39249,MoleculeNet_HIV,True
O=C(CNc1c(Cl)cccc1Cl)NC1C=Cc2ccc(S(=O)(=O)Nc3c(Cl)cccc3Cl)cc2C1=O,5.653811952650304,3821,5.175960416276566,hiv_36720,MoleculeNet_HIV,True
CC1=CCC2CC1C(C(=O)c1c[nH]c3ccccc13)=NC2(C)C,5.653701726840901,3822,5.259685747732653,hiv_18859,MoleculeNet_HIV,True
Cn1c(=O)c2c(n(C)c1=O)n1c(=O)c3ccccc3nc1n2C,5.653596469920268,3823,5.230532612188684,hiv_36163,MoleculeNet_HIV,True
Cc1cc(S(=O)(=O)NC2=Nc3ccccc3C(c3ccccc3)N2)c(S)cc1Cl,5.653595526458804,3824,5.403880627649086,hiv_41013,MoleculeNet_HIV,True
C(=Nc1cnc2ccccc2c1)c1ccccn1,5.653579430622015,3825,5.289500800052543,hiv_3761,MoleculeNet_HIV,True
CC[n+]1[b-](C(C)(C)C)n(N=CC(C)(C)C)[b-](C(C)(C)C)[n+]1CC,5.65352901456069,3826,5.227443977830467,hiv_29862,MoleculeNet_HIV,True
C=C[Sn](C=C)(Oc1cccc2cccnc12)Oc1cccc2cccnc12,5.653424837401794,3827,5.183313089207533,hiv_13787,MoleculeNet_HIV,True
COc1ccc(OC(C)=O)c2c1CCC=CC2=O,5.653369990986769,3828,5.157703381551544,hiv_11922,MoleculeNet_HIV,True
Cc1nnc(N)nc1CC=CC(Sc1ccc(Cl)cc1)c1ccccc1,5.6533545020517,3829,5.4424322997314,hiv_39854,MoleculeNet_HIV,True
C[C-]1C(=O)C(=O)c2ccccc2[N+]1=O,5.6533338095904995,3830,5.291240465797725,hiv_14791,MoleculeNet_HIV,True
CC(CCC(=O)O)C1CCC2C3C(O)CC4CC(O)CCC4(C)C3CC(O)C12C,5.653304079631196,3831,5.397847843041982,hiv_25083,MoleculeNet_HIV,True
COC1(C)CNCC(C)(C)NC(=O)C(C)(OC)CNCC(C)(C)NC1=O,5.65326093455843,3832,5.190510521649197,hiv_22129,MoleculeNet_HIV,True
COc1c2c(c(OC)c3c(=O)cc(CC(=NNC(=O)C[n+]4ccccc4)C(=O)Nc4cc(C)ccc4C)oc13)OCO2.[Cl-],5.65323271890046,3833,5.150658125364732,hiv_21191,MoleculeNet_HIV,True
Cc1nc2sc3c(c2c(=O)o1)CCCC3,5.6532260732991375,3834,5.189456951267075,hiv_31609,MoleculeNet_HIV,True
CCCc1onc(CCC(=O)N(Cc2ccccc2)Cc2ccccc2)c1CC,5.653201633455777,3835,5.219597020129055,hiv_11076,MoleculeNet_HIV,True
O=C1CN(C=C(c2ccccc2)S(=O)Cc2ccccc2)C(=S)N1,5.6531394367414425,3836,5.2561530645895,hiv_26101,MoleculeNet_HIV,True
COc1ccc(C=C(C#N)c2nc(O)c3ccccc3n2)cc1,5.653106933850712,3837,5.22949697542838,hiv_35627,MoleculeNet_HIV,True
COc1cc2c(cc1OC)C1CC3(CCN1CC2)C(=O)N(c1ccccc1)C(=O)N3C(C)=O,5.6530911681872045,3838,5.223326691753724,hiv_27277,MoleculeNet_HIV,True
CCSc1c2ccccc2c(-c2nc(F)nc(F)n2)n1CCc1ccccc1,5.653052722042602,3839,5.200767723343631,hiv_22249,MoleculeNet_HIV,True
CCOC(=O)NC1=NCC(C)S1,5.652967702239466,3840,5.183479977180154,hiv_4387,MoleculeNet_HIV,True
COc1ccc(C=Cc2ccc3ccccc3n2)c(OC)c1,5.652965818003596,3841,5.2731184164475975,hiv_5414,MoleculeNet_HIV,True
CC1(C)CCCC(C)(C2CCC3(C)C2C(O)CC2C4(C)CCC(O)C(C)(C)C4C(O)CC23C)O1,5.652949130016469,3842,5.186525322034825,hiv_7718,MoleculeNet_HIV,True
CC1(C)CCCC2(C)C1CCC1CC(O)C3(C)CCC12C3,5.652949130016469,3843,5.188825486878592,hiv_20983,MoleculeNet_HIV,True
O=Cc1ccc2c(c1-c1c(C=O)ccc3c1OCO3)OCO2,5.652915744755282,3844,5.192754106707144,hiv_21557,MoleculeNet_HIV,True
C=C1CC2(C)c3ccccc3NC(=O)C12,5.652915419062146,3845,5.2986540680250656,hiv_9093,MoleculeNet_HIV,True
CC(N)C(O)CC=CCC=CCC=CCC=CCC=CCC=CCCCCCCC(O)C(C)N,5.6529129047704645,3846,5.380440805186204,hiv_28631,MoleculeNet_HIV,True
CCS(=O)(=O)C1(C#N)CCC1(C#N)S(=O)(=O)CC,5.652854269947611,3847,5.205303485336994,hiv_18524,MoleculeNet_HIV,True
O=[N+]([O-])c1cccc(C2=NC(=S)NC(c3cc(Cl)ccc3O)C2)c1,5.652798282012795,3848,5.30832751356886,hiv_40516,MoleculeNet_HIV,True
CC=C(C)C(=O)OC1C(O)CC(c2ccc3c(c2O)C(=O)C2=C(O)C4(OC)C(=O)C(C(N)=O)=C(O)C(CC(=O)c5ccccc5O)C4CC2C3(C)OC)OC1C,5.652687469712457,3849,5.367276985268295,hiv_24539,MoleculeNet_HIV,True
CCCCCC1C2C(=O)NC(=O)C1C(=O)NC2=O,5.652603140595372,3850,5.202031204217234,hiv_17056,MoleculeNet_HIV,True
O=c1ccc(Oc2ccc([N+](=O)[O-])cc2[N+](=O)[O-])nn1-c1ccc([N+](=O)[O-])cc1[N+](=O)[O-],5.652434009805751,3851,5.178636274388491,hiv_898,MoleculeNet_HIV,True
CN(C)c1nc(N(C)C)n2nc(-c3ccccc3[N+](=O)[O-])nc2n1,5.652323925539483,3852,5.285857511860309,hiv_7840,MoleculeNet_HIV,True
COc1cc2c(c(OC)c1OC)C1CCCCC1SCC2O,5.652263018268638,3853,5.198272036836593,hiv_3356,MoleculeNet_HIV,True
COC(=O)C1(C)OS(=O)(=O)c2ccccc21,5.652109185160845,3854,5.282955824060333,hiv_7948,MoleculeNet_HIV,True
COC(=O)C1C(=O)C(C(=O)OC)C2C(C(=O)OC)C(=O)C(C(=O)OC)C12,5.652102469772425,3855,5.162149431776847,hiv_13316,MoleculeNet_HIV,True
COC(=O)C12C34C=CC5(CCC6(C=CC1(CC3)O6)C52C(=O)OC)O4,5.652102469772425,3856,5.172403274612,hiv_12124,MoleculeNet_HIV,True
CN1CC(=O)N(C)c2ncn(Cc3ccccc3)c2C1=O,5.6520995715027755,3857,5.22937276345473,hiv_12414,MoleculeNet_HIV,True
O=C1c2cccc3cc([N+](=O)[O-])cc(c23)C(=O)N1Nc1ccc([N+](=O)[O-])cc1[N+](=O)[O-],5.651991176904725,3858,5.180273863456264,hiv_33518,MoleculeNet_HIV,True
CCOC(=O)CN1C(=O)SC(=C2C(=O)N(C)c3ccc(Br)cc32)C1=O,5.651930015327022,3859,5.196488966937206,hiv_9512,MoleculeNet_HIV,True
Cc1cccc(C)c1NC(=O)C(=O)C(c1ccccc1Cl)S(=O)(=O)Cc1ccccc1Cl,5.651907696166021,3860,5.4141882384016435,hiv_24954,MoleculeNet_HIV,True
CCCCc1c2c(nc3c1CCc1cc(C=O)c(N)nc1-3)C(=Cc1ccccc1)CCC2.Cl,5.651902313444256,3861,5.283090063798612,hiv_22739,MoleculeNet_HIV,True
OC12OC3(c4ccc(C(F)(F)F)cc4)C4C5CC(C6C5C3C61)C42,5.651700394098501,3862,5.185347252478227,hiv_12469,MoleculeNet_HIV,True
CCOC(=O)C1C=C1C(C)(C)O,5.6516927907447165,3863,5.215988318627452,hiv_26904,MoleculeNet_HIV,True
OCC1CCC(n2cnc3c(O)nncc32)O1,5.651640240543194,3864,5.078788541511831,hiv_38250,MoleculeNet_HIV,True
CC(C)CCCC(C)C1CCC(C2CC(O)C3CC(O)C(O)CC3(CO)C2=O)C1(C)CCO,5.6515363667819045,3865,5.402489955060242,hiv_10356,MoleculeNet_HIV,True
CN1CCCC1CCNc1nc(C(Cl)(Cl)Cl)nc2cc(Cl)ccc12,5.65124997539206,3866,5.192467205729067,hiv_4680,MoleculeNet_HIV,True
CCOC(=O)C1=CC(C(=O)OCC)C2C=CC1N2C(=O)OC,5.651169893451381,3867,5.124072030756221,hiv_13267,MoleculeNet_HIV,True
COC(=O)C1(C(=O)OC)N=C(C)OC1c1ccccn1,5.65111229991217,3868,5.271467778500081,hiv_40782,MoleculeNet_HIV,True
N#CC12CC(C=O)=C(N)C1(C#N)CC(C=O)=C2N,5.650968310247708,3869,5.193489545660364,hiv_34389,MoleculeNet_HIV,True
NC(=S)Nc1nc(S)nc2[nH]ccc12,5.6509079820105566,3870,5.192133314108013,hiv_37674,MoleculeNet_HIV,True
CO.COc1cc2c(cc1OC)C(=O)C(C1=C(SC(=N)N)C(=O)c3cc(OC)c(OC)cc31)C2,5.650887919869732,3871,5.165759109501321,hiv_21968,MoleculeNet_HIV,True
Nc1ccc(N=Nc2ccc(C=Cc3ccc(N=Nc4ccc(N)c5ccccc45)cc3S(=O)(=O)O)c(S(=O)(=O)O)c2)c2ccccc12,5.650829104557338,3872,5.22746002893574,hiv_278,MoleculeNet_HIV,True
C[n+]1c(-c2ccc(C=NNC(=O)C(=O)NN=Cc3ccc(-c4cn5ccccc5[n+]4C)cc3)cc2)cn2ccccc21,5.65078161812501,3873,5.290900420575929,hiv_8925,MoleculeNet_HIV,True
O=C1NC(=Cc2ccc(C=C3NC(=O)N(CN4CCCCC4)C3=O)cc2)C(=O)N1CN1CCCCC1,5.650757179166522,3874,5.211472523647901,hiv_25925,MoleculeNet_HIV,True
CCCOC(=O)C(F)C(Br)C(=O)OCCC,5.65073516560813,3875,5.443297079821304,hiv_6974,MoleculeNet_HIV,True
CC1Oc2ccc(C(=O)CC(C(=O)O)c3ccc4c(c3)OCO4)cc2O1,5.650714575566115,3876,5.393674789578116,hiv_13174,MoleculeNet_HIV,True
COC12CC(O)=C(C(C)=O)C(=O)C1(C)c1c(OC(C)=O)c(C)c(O)c(C(C)=O)c1O2,5.650694895463904,3877,5.159285845535712,hiv_7118,MoleculeNet_HIV,True
CN(C)CCNC(c1ccccc1)C(O)c1ccccc1,5.650680168374928,3878,5.402950546756453,hiv_7563,MoleculeNet_HIV,True
COc1cc2ccnc3c2c(c1OC)-c1ccccc1C3=O,5.650673153351502,3879,5.413187984713538,hiv_13464,MoleculeNet_HIV,True
CCC(Cc1ccccc1)C1=NC(C)(C)CC(C)O1,5.650582740021555,3880,5.419979595496356,hiv_5478,MoleculeNet_HIV,True
CN1CCC(O)C(CNC23CC4CC(CC(C4)C2)C3)C1.Cl,5.650544799649272,3881,5.155702461061889,hiv_15363,MoleculeNet_HIV,True
COc1ccccc1NC(=O)C(CC(C(=O)Nc1ccccc1OC)C(C)=NNc1ccc([N+](=O)[O-])cc1[N+](=O)[O-])C(C)=NNc1ccc([N+](=O)[O-])cc1[N+](=O)[O-],5.650503372460381,3882,5.391946612724463,hiv_17730,MoleculeNet_HIV,True
CC(CCC(=O)OC1CCC2(C)C(CCC3C2CCC2(C)C(C(C)CCc4nc5ccccc5[nH]4)CCC32)C1)C1CCC2C3CCC4CC(O)CCC4(C)C3CCC12C,5.650487538804717,3883,5.418853247752529,hiv_36136,MoleculeNet_HIV,True
CC1=NC2(CCCCC2)N(Cl)C(=O)C1SC#N,5.650177700101768,3884,5.183790533453633,hiv_29210,MoleculeNet_HIV,True
COC(C(=O)OC1C(=O)N2CCC3CCCC1C32C)c1ccccc1,5.650023781404758,3885,5.434330646019628,hiv_20364,MoleculeNet_HIV,True
CC1=CC(=O)C2(C)CCC3(O)CCCC132,5.649999974690113,3886,5.196095420621085,hiv_13940,MoleculeNet_HIV,True
COc1ccc(C)cc1-c1cc(Sc2ccccc2)c(-c2cc(C)ccc2OC)o1,5.649948066403978,3887,5.260790840263445,hiv_19196,MoleculeNet_HIV,True
CCC(C#N)NC(=O)NC(C#N)CC,5.649916281306553,3888,5.399966199020357,hiv_34354,MoleculeNet_HIV,True
CC1(CC(=O)OC(C#C[Si](C)(C)C)Cc2ccccc2)OCCO1,5.649911284990335,3889,5.414367447646548,hiv_39827,MoleculeNet_HIV,True
CCCCCCCCSc1ncnc2[nH]ncc12,5.649902120665351,3890,5.208284099550606,hiv_1045,MoleculeNet_HIV,True
COc1cc2c(cc1OC)C(=O)N1CCCC1CS2,5.64990147047502,3891,5.1677017549853295,hiv_40727,MoleculeNet_HIV,True
CCCCOP(=S)(OCCCC)SC1(SC)SSC=C1CC(C)(C)C,5.6498647784720095,3892,5.21300111548039,hiv_960,MoleculeNet_HIV,True
O=Cc1cc2c(cc1-c1c(C=O)ccc3c1OCO3)OCO2,5.6497320730817,3893,5.19379168910482,hiv_21570,MoleculeNet_HIV,True
O=C1CCN(CCC(F)(F)C(F)(F)C(F)(F)C(F)(F)F)C(=S)N1,5.649472946302204,3894,5.168922446234951,hiv_24558,MoleculeNet_HIV,True
Cn1c2ccccc2c2cc(-c3ccccc3)c3c(c21)C(=O)c1ccccc1C3=O,5.64945100201287,3895,5.389404131060889,hiv_21837,MoleculeNet_HIV,True
O=C(Cc1nc2ccccc2[nH]1)NN=C1SCC(=O)N1c1ccc(Cl)cc1,5.649407711042048,3896,5.2959536807746685,hiv_9525,MoleculeNet_HIV,True
CN1C(=O)C2CCC(=O)N2c2cccnc21,5.649373477819993,3897,5.176659025567918,hiv_33176,MoleculeNet_HIV,True
CSc1nc2c([nH]c(=N)n2C2OC(CO)C(O)C(O)C2O)c(=O)n1C,5.649189280515396,3898,5.177147165294807,hiv_13827,MoleculeNet_HIV,True
S=C1NC2=C(COc3ccccc32)C(c2ccc(Cl)cc2)N1,5.649030047271308,3899,5.298159742717361,hiv_34804,MoleculeNet_HIV,True
N#CC(c1nc2ccccc2nc1Cl)S(=O)(=O)c1ccccc1,5.648965263255931,3900,5.433610238259792,hiv_23717,MoleculeNet_HIV,True
CN1CCN(c2nc3cc(F)ccc3n3cccc23)CC1,5.648893395418683,3901,5.140978657233754,hiv_24613,MoleculeNet_HIV,True
CCOC(=O)c1nc2ccc([N+](=O)[O-])cc2c2c1CCO2,5.648889885876786,3902,5.108458589257848,hiv_19735,MoleculeNet_HIV,True
CCCCCCCCCC(=O)Oc1cccc2onc(C)c12,5.648840323987086,3903,5.40218623903854,hiv_15159,MoleculeNet_HIV,True
CC12CCCCC1(C)C2Sc1ccccc1,5.648784549531566,3904,5.292799335704541,hiv_12098,MoleculeNet_HIV,True
C[Sn](C)(Cl)CC(P(=O)(c1ccccc1)c1ccccc1)P(=O)(c1ccccc1)c1ccccc1,5.648656547321373,3905,5.4056970907886965,hiv_28106,MoleculeNet_HIV,True
Cc1ccc(C=C2CCOC2=O)cc1,5.648656388693244,3906,5.18080016794159,hiv_471,MoleculeNet_HIV,True
COC12C(COC(N)=O)C3=C(C(=O)C(C)=C(NCCc4ccccn4)C3=O)N1CC1NC12,5.648643366102534,3907,5.297534905218841,hiv_9561,MoleculeNet_HIV,True
Cn1c(=O)n2c(-c3ccccc3)c(-c3ccccc3)n2c1=O,5.648628472147414,3908,5.281371856898013,hiv_36437,MoleculeNet_HIV,True
COc1ccc(NS(=O)CCCc2ccccc2)cc1,5.648595759369956,3909,5.216104460416487,hiv_32384,MoleculeNet_HIV,True
COc1ccc(-c2nc(N3CCCC3)no2)cc1,5.648585783745003,3910,5.175744187651374,hiv_36140,MoleculeNet_HIV,True
COC(=O)C(=CC(=O)c1ccc(Br)cc1)NN=C(c1ccccc1)c1ccccc1,5.64855537111431,3911,5.266640531675938,hiv_25477,MoleculeNet_HIV,True
CCOC(=O)C=C(N=P(c1ccccc1)(c1ccccc1)c1ccccc1)C(F)(F)F,5.648541892310685,3912,5.29415445867914,hiv_28887,MoleculeNet_HIV,True
O=C1OCCN1N1C(=O)CC2(CCN(Cc3ccccc3)CC2)C1=O,5.648521937109864,3913,5.238633031425793,hiv_5706,MoleculeNet_HIV,True
O=C(O)C1S[Bi](SC(C(=O)O)C(S[Bi]2SC(C(=O)O)C(C(=O)O)S2)C(=O)O)SC1C(=O)O,5.648506628949498,3914,5.410648990950346,hiv_913,MoleculeNet_HIV,True
CCOC(=O)C1=C(C)NC(C)=C(C(=O)OCCNC(=O)c2ccc(N=[N+]=[N-])cc2)C1c1ccccc1C(F)(F)F,5.648482502442521,3915,5.22870654342716,hiv_10820,MoleculeNet_HIV,True
Cc1ccc(C2(c3ccccc3)OC3OC=CC32)cc1,5.648345050020963,3916,5.291150940753609,hiv_9073,MoleculeNet_HIV,True
C=C1CC(Cn2ccc(=O)[nH]c2=O)(c2ccc(OC)cc2)OC1=O,5.648329509451688,3917,5.166936955830556,hiv_29146,MoleculeNet_HIV,True
O=C(Nc1cc2c(oc1=O)CCCCCC2)c1cnccn1,5.648327479830366,3918,5.169423316356049,hiv_37944,MoleculeNet_HIV,True
O=C1C(=Cc2ccccc2)CN(C(=O)C=Cc2ccccc2)CC1=Cc1ccccc1,5.648318549485976,3919,5.283339524510178,hiv_18204,MoleculeNet_HIV,True
Oc1nc(N2CCOCC2)nc2cc3ccccc3cc12,5.648303781321429,3920,5.29408626572412,hiv_4744,MoleculeNet_HIV,True
CN1c2ccccc2Oc2ccc3ccccc3c21,5.648286230698177,3921,5.250658617858706,hiv_1696,MoleculeNet_HIV,True
CCCCCC1OC1CC=CCCCCCCCC(=O)OCC(O)COC(=O)CCCCCCCC=CCC1OC1CCCCC,5.648233797237781,3922,5.390327567879718,hiv_1923,MoleculeNet_HIV,True
CCn1cc(C(=O)O)c(=O)c2cc(Cl)c(-n3cccc3)cc21,5.6482198859565305,3923,5.145234226659725,hiv_10381,MoleculeNet_HIV,True
O=C1C(Cl)=C(O)C2(Cl)C(Cl)=C(Cl)C12Cl,5.6481829004113155,3924,5.188887236884203,hiv_2138,MoleculeNet_HIV,True
CCOc1c2c(cc3c1C(=O)c1c(OC)cccc1C3=O)C=C(OC)CC2,5.648143634258904,3925,5.174374029903694,hiv_36405,MoleculeNet_HIV,True
Cc1cc2[nH]c3nc(=N)nc(NS(=O)(=O)c4cc(C)c(Cl)cc4S)n3c2cc1C,5.648078795727085,3926,5.202159209268883,hiv_36367,MoleculeNet_HIV,True
O=c1c2ccccc2oc2cc3c(c(O)c12)CCCC3,5.648011658353941,3927,5.233055312453103,hiv_8020,MoleculeNet_HIV,True
C(=Cc1c[nH]c2ccccc12)c1nccc2ccccc12,5.647969464266081,3928,5.256191032088743,hiv_2858,MoleculeNet_HIV,True
CC1CC[Si](C)(C)CC12C(=O)NC(=O)NC2=O,5.647864569233849,3929,5.192734013962533,hiv_3539,MoleculeNet_HIV,True
Cc1cc(C)c(-c2noc(-c3ccccc3)c2C2=NCCN2)c(C)c1,5.647841448502431,3930,5.303462373116327,hiv_20570,MoleculeNet_HIV,True
CC(C1CCC2C3CCC4CC5(CCC4(C)C3CCC21C)c1ccccc1C(=O)N5C)N(C)C,5.6478331532466095,3931,5.439756795548509,hiv_23245,MoleculeNet_HIV,True
O=[N+]([O-])c1ccc(Cl)cc1NN=Cc1ccnc2ccccc12,5.6477247457570545,3932,5.246250350180763,hiv_25137,MoleculeNet_HIV,True
CNC(=O)C1CCCN1C(=O)C(Cc1c[nH]cn1)NC(=O)C1CCC(=O)N1,5.647654707437685,3933,5.3987816919116565,hiv_29449,MoleculeNet_HIV,True
N#Cc1nn(-c2ccc(Cl)cc2)c(=N)c2c(N)n3nc(-c4ccccc4)cc3nc12,5.647653731766633,3934,5.2833752615051806,hiv_23187,MoleculeNet_HIV,True
CCN(CC)CCOc1ccc(C(C#N)=Cc2cccc3ccccc23)cc1,5.6476183985478,3935,5.2622673918684,hiv_2264,MoleculeNet_HIV,True
CN1N=CSC12C(=O)N(c1ccccc1)C(=O)N2c1ccccc1,5.647468672363862,3936,5.296630977755573,hiv_14091,MoleculeNet_HIV,True
CCCC1C(CCC)C2(OC(=O)C3=C2CCC=C3)C12OC(=O)C1=C2CCC=C1,5.647300647777227,3937,5.188547319917326,hiv_9579,MoleculeNet_HIV,True
CN(C)C1CS(=O)(=O)OC2=C1CCc1sccc12,5.647227305741138,3938,5.180073308220837,hiv_9169,MoleculeNet_HIV,True
Cc1ccc(S(=O)(=O)OCC2CCC3(C)C(CCC4C3CCC3(C)C(C(C)CCC(=O)O)CCC43)C2)cc1.N,5.647156070716561,3939,5.399654028990969,hiv_20040,MoleculeNet_HIV,True
O=C(C=Cc1ccc(-c2ccccc2)cc1)c1cccs1,5.647120064707851,3940,5.284426163864058,hiv_40525,MoleculeNet_HIV,True
CN(C)C(=O)NC1(N(C)C)CC1,5.647025628444836,3941,5.179215730396152,hiv_7616,MoleculeNet_HIV,True
CCn1c2ccccc2c2c(-c3ccccc3)cc3c(c21)C(=O)N(c1ccccc1)C3=O,5.647015164580079,3942,5.202422701021166,hiv_22613,MoleculeNet_HIV,True
CCn1c(C)nc2c(N)cccc2c1=O,5.646938260152201,3943,5.194523095695725,hiv_624,MoleculeNet_HIV,True
COc1ccc(C(C2=C(O)CC(C)OC2=O)C2=C(O)CC(C)OC2=O)cc1,5.64692451321768,3944,5.396013136466318,hiv_21920,MoleculeNet_HIV,True
COC(=O)C(Cc1c[nH]cn1)N=C(c1ccccc1)c1ccccc1,5.646828389370033,3945,5.393139641825183,hiv_29673,MoleculeNet_HIV,True
O=C(C=Nc1ccccc1S)c1ccco1,5.646805800092672,3946,5.432658826295203,hiv_12887,MoleculeNet_HIV,True
O=[N+]([O-])c1ccc(C=Cc2c[n+]([O-])nc3ccccc23)cc1,5.64672600930895,3947,5.249411120727205,hiv_3063,MoleculeNet_HIV,True
CC1OC(CC(=O)O)CC2=C1C(=O)c1c(O)cccc1C2=O,5.646699955048122,3948,5.205055430311454,hiv_6897,MoleculeNet_HIV,True
NS(=O)(=O)c1ccc(N2C(=O)C(=O)N(c3ccccc3)C2=S)cc1,5.646633481632014,3949,5.283208342378755,hiv_30579,MoleculeNet_HIV,True
c1ccc(P2CCc3[nH]c4ccccc4c3C2)cc1,5.6465437568530294,3950,5.415433403179005,hiv_5416,MoleculeNet_HIV,True
CC(=O)Oc1cccc2c1C(=O)C(Br)(Br)CCC2,5.646543437110414,3951,5.194507493531781,hiv_11900,MoleculeNet_HIV,True
CCOC(=O)C(F)(F)C(=O)OCC,5.646521685232513,3952,5.194249568171668,hiv_3386,MoleculeNet_HIV,True
CCOC(=O)CCCSCCCC(=O)CCCSCCCC(=O)OCC,5.646521685232513,3953,5.194249568171668,hiv_22701,MoleculeNet_HIV,True
CCOC(=O)C#CC(=O)OCC,5.646521685232513,3954,5.1953185882474004,hiv_31682,MoleculeNet_HIV,True
CCOC(=O)C(O)(NC(=O)NC(O)(C(=O)OCC)C(F)(F)F)C(F)(F)F,5.646521685232513,3955,5.194249568171668,hiv_30904,MoleculeNet_HIV,True
CCOC(=O)NN=C(CC)OCC,5.646521685232513,3956,5.194249568171668,hiv_33565,MoleculeNet_HIV,True
CCOC(=S)SSSC(=S)OCC,5.646521685232513,3957,5.194249568171668,hiv_9722,MoleculeNet_HIV,True
CCOC(=O)NNC(=O)NCCCCNC(=O)NNC(=O)OCC,5.646521685232513,3958,5.194249568171668,hiv_38231,MoleculeNet_HIV,True
C[c-]1c(C=NNS(=O)(=O)c2ccccc2)no[n+]1=O,5.646424632417047,3959,5.287699069176546,hiv_21738,MoleculeNet_HIV,True
COc1ccc(C=CC(=O)c2c(-c3ccccc3)nn(C)c(=O)c2N2CCCCC2)cc1,5.646334836352852,3960,5.270444845490279,hiv_15532,MoleculeNet_HIV,True
CN1CCN(Cc2cc3c(nn2)-c2ccccc2C3=O)CC1,5.646311283874701,3961,5.349649827245926,hiv_33802,MoleculeNet_HIV,True
CC(C)N(CCn1c2c3ccccc3ccc2c2oc(=O)c3ccccc3c21)C(C)C.Cl,5.646272412310922,3962,5.416809682511058,hiv_18121,MoleculeNet_HIV,True
COc1cccc(OC)c1C=NN1C(=O)c2ccccc2C1=O,5.646249824017937,3963,5.273443041416856,hiv_18363,MoleculeNet_HIV,True
Cc1nc(O)nc(O)c1C=CC(=O)NC(CO)CS(=O)Cc1ccccc1,5.646234995816558,3964,5.408002884614855,hiv_6592,MoleculeNet_HIV,True
CCNC(=N)C(C)SS(=O)(=O)O,5.646124341637885,3965,5.402172929589287,hiv_6069,MoleculeNet_HIV,True
Cc1cn(C2C=CC(CO)O2)c(=O)[nH]c1=O,5.646026173484013,3966,5.1817733609246055,hiv_5567,MoleculeNet_HIV,True
COC(=O)C1C=CN(N(C)C)C2=C1C(=O)c1c(O)cccc1C2=O,5.6460195919353895,3967,5.194640080485339,hiv_35335,MoleculeNet_HIV,True
CCOC(=O)C(=[N+]=[N-])C(=O)CSC#N,5.645997257863707,3968,5.194249568171668,hiv_39825,MoleculeNet_HIV,True
CC(C)(C)[Si](C)(C)OCC1OC(n2ccc(=O)[nH]c2=O)C(=CC#N)C1O[Si](C)(C)C(C)(C)C,5.6459382779314655,3969,5.159170019912821,hiv_35721,MoleculeNet_HIV,True
O=c1c2[nH]c3cccc(Cl)c3c2cnn1-c1ccc(F)cc1,5.645855176678338,3970,5.189634795333142,hiv_6195,MoleculeNet_HIV,True
Cc1nc2ccccc2c(=O)n1N=Cc1ccc(N(C)C)cc1,5.6458219631024305,3971,5.234804686429782,hiv_35979,MoleculeNet_HIV,True
COc1cc(C=C(OC(C)=O)c2ccc3c(c2)OCO3)cc(OC)c1OC,5.645685750571091,3972,5.17374286373877,hiv_21564,MoleculeNet_HIV,True
CC1(C)OCC(C2CC23SCCCS3)O1,5.645670345233436,3973,5.188412260849509,hiv_24536,MoleculeNet_HIV,True
O=C1c2c(C=Cc3ccc(Cl)c(Cl)c3)nc3ccccc3c2C(=O)N1CCN1CCCCC1,5.645667651436861,3974,5.30543584852878,hiv_4613,MoleculeNet_HIV,True
O=C(C=Cc1cccc2ccccc12)c1ccc(Br)cc1,5.645649744568653,3975,5.249918351617461,hiv_16921,MoleculeNet_HIV,True
N=C1NNC(=O)C1N=Nc1ccc(S(=O)(=O)Nc2nccs2)cc1,5.645612921337999,3976,5.165246215024388,hiv_4546,MoleculeNet_HIV,True
C(=Cc1ccc2ccccc2n1)c1cccnc1,5.645565314852177,3977,5.28776223139736,hiv_3243,MoleculeNet_HIV,True
CC(C)(O)C1CCC2(C)CCCC(O)C2C1,5.645404094982425,3978,5.220818080169529,hiv_11677,MoleculeNet_HIV,True
CCCCCC(C=NNC(N)=S)C(O)(C(F)(F)F)C(F)(F)F,5.645341698101957,3979,5.34582633299649,hiv_25754,MoleculeNet_HIV,True
CCCCCC(C=NN)C(O)(C(F)(F)F)C(F)(F)F,5.645341698101957,3980,5.34582633299649,hiv_25756,MoleculeNet_HIV,True
CCCCCCCCCCCCNC1(C)CNCCCNCCNCCCNC1,5.645337731615996,3981,5.228403089456568,hiv_22176,MoleculeNet_HIV,True
C=C(C)CN(CC(=C)C)C(=N)OCC1CCCO1,5.645270751113451,3982,5.183381098464339,hiv_1291,MoleculeNet_HIV,True
N#CCCN(c1ccc(C=C2N=C(c3ccc(Cl)cc3)OC2=O)cc1)S(=O)(=O)c1ccccc1,5.6452691421820855,3983,5.452106591870622,hiv_19599,MoleculeNet_HIV,True
CN1CN(c2ccccc2)C2(CCN(CCCN(C)c3ccc(F)cc3)CC2)C1=O.Cl,5.645261085070885,3984,5.371725156622566,hiv_28041,MoleculeNet_HIV,True
O=C1NC2(CCCCC2)C(=O)N1CCN(CCCl)CCCl,5.645136297044832,3985,5.195048623205364,hiv_5815,MoleculeNet_HIV,True
O=C(C=Cc1ccc(C=CC(=O)c2ccc(O)cc2)cc1)c1ccc(O)cc1,5.645018089887756,3986,5.18260085145307,hiv_34105,MoleculeNet_HIV,True
O=C(C=CCC(O)(c1ccccc1)c1ccccc1)Nc1ccccc1Cl,5.645013728876913,3987,5.28473452020272,hiv_16125,MoleculeNet_HIV,True
CCN(CC)C1=Nc2ccccc2-n2ccnc2C1,5.644904068332427,3988,5.425407870328761,hiv_34047,MoleculeNet_HIV,True
O=C1CC2(c3ccccc3)ON=C(c3ccccc3)N2c2ccccc2N1,5.6447193412916326,3989,5.313182583155003,hiv_25606,MoleculeNet_HIV,True
CCC=CC(O)(C(=O)OC1CCN(C)CC1)C1CCCC1,5.64454539342154,3990,5.193662413791879,hiv_27996,MoleculeNet_HIV,True
Cc1cc(C2(c3cc(C)c(O)c4ncccc34)OC(=O)c3ccccc32)c2cccnc2c1O,5.644544603308109,3991,5.259390964775939,hiv_36251,MoleculeNet_HIV,True
CCOC(=O)c1nc(-c2ccccc2)c(-c2ccccc2)c(-c2ccccc2)c1C,5.644406484746516,3992,5.207163130215994,hiv_16256,MoleculeNet_HIV,True
Cc1cc(SSc2cc(C)c3ccccc3n2)nc2ccccc12,5.644336068208948,3993,5.253255867924665,hiv_32944,MoleculeNet_HIV,True
CC12CCC3C(CCC4=CC(OC5OC(CO)C(O)C(O)C5O)CCC43C=O)C1(O)CCC2c1ccc(=O)oc1,5.64429601858043,3994,5.190071074313873,hiv_7144,MoleculeNet_HIV,True
CC1(C)C(O)c2ccccc2OC1N1CCN(C2Oc3ccccc3C(O)C2(C)C)CC1,5.644269220658817,3995,5.230996199842426,hiv_26330,MoleculeNet_HIV,True
O=C(Nc1ccccc1C(=O)NCc1ccccc1)C(=Cc1ccccc1)NC(=O)c1ccccc1,5.644265905087064,3996,5.1969362556904235,hiv_36201,MoleculeNet_HIV,True
CC1(C)CC(C#Cc2ccccc2)CC(C)(C)N1O,5.644011486435487,3997,5.293633118254178,hiv_27199,MoleculeNet_HIV,True
[CH2-][Pd-2]1([CH2-])[N+](c2ccc(OC)cc2)=Cc2cccc[n+]21,5.643655677977595,3998,5.271897021112756,hiv_32483,MoleculeNet_HIV,True
O=S1(=O)[OH+][Zn-4]2(O)(O)([O+]=C3N=CNc4ncn2c43)[OH+]1,5.643597648745467,3999,5.198252908700268,hiv_15834,MoleculeNet_HIV,True
CC(NC(=O)CCS)C(=O)NC(C)C(=O)NC(Cc1c[nH]c2ccccc12)C(=O)NC(Cc1c[nH]cn1)C(=O)NC(CO)C(=O)NC(Cc1c[nH]c2ccccc12)C(=O)NCCCCC(=O)NC(C)C(=O)NC(CCC(N)=O)C(=O)NC(CCCCN)C(=O)NC(C)C(=O)NC(CCCNC(=N)N)C(=O)NC(CCCCN)C(N)=O,5.643568017910069,4000,5.4284191093183,hiv_32571,MoleculeNet_HIV,True
O=S(=O)(c1ccccc1)C(c1ccc2ccccc2n1)S(=O)(=O)c1ccccc1,5.643480991648678,4001,5.434327840166877,hiv_32344,MoleculeNet_HIV,True
O=C1CN(Cc2ccc(Cl)cc2)CC(=O)N2Cc3ccccc3CN12,5.6433809263527825,4002,5.230166603295463,hiv_8274,MoleculeNet_HIV,True
CC1=CCCC2C(C1)C(=O)CC(C)C2(C)CCC(=CCO)CO,5.6433523376532175,4003,5.199115027168683,hiv_12324,MoleculeNet_HIV,True
CCN(CC)c1ccc2c(c1)Oc1ccc(N(CC)CC)cc1C21Oc2ccccc2-c2c1c1ccccc1n2CC,5.643247729804802,4004,5.219341210143386,hiv_21208,MoleculeNet_HIV,True
Cc1cc2c(c(C=NCc3ccccc3)c1)OC1(C=C2)Oc2ccccc2C(=O)N1C,5.6431765694031695,4005,5.243627245141229,hiv_38175,MoleculeNet_HIV,True
Cc1ccc2c(c1)[nH]c(=S)n2C=C(c1ccc(Cl)cc1)S(=O)(=O)Cc1ccc(Cl)cc1,5.643153874193651,4006,5.14527642769808,hiv_26053,MoleculeNet_HIV,True
C(=Cc1ccccc1)C=Nc1ccc(SSc2ccc(N=CC=Cc3ccccc3)cc2)cc1,5.643068127378889,4007,5.265293077086188,hiv_32957,MoleculeNet_HIV,True
C=CCC(N(C)C(=O)C(Cc1ccccc1)NC(=O)OCc1ccccc1)P(=O)(Oc1ccccc1)Oc1ccccc1,5.642598374371246,4008,5.404364661760769,hiv_24153,MoleculeNet_HIV,True
Cc1c(Cc2ccc(Cl)cc2)c(=O)[nH]c(=O)n1C,5.642571807226114,4009,5.130760266777051,hiv_1328,MoleculeNet_HIV,True
Cc1c(C)c(CC(=O)N2CC2)c(C)c(C)c1CC(=O)N1CC1,5.642507433241215,4010,5.187887303382154,hiv_1594,MoleculeNet_HIV,True
O=C1CSC(=Nc2ccccc2)N1c1ccc(-n2c(-c3ccc(N=Cc4ccc(Cl)cc4)cc3)nc3ccccc3c2=O)cc1,5.642488996520286,4011,5.212939959383631,hiv_9000,MoleculeNet_HIV,True
O=C(c1ccccc1)C(SSC(C(=O)c1ccccc1)C(=O)c1ccccc1)C(=O)c1ccccc1,5.64236019358437,4012,5.43389642512953,hiv_7787,MoleculeNet_HIV,True
C(=Cc1ccnc2ccccc12)c1cccnc1,5.642264326933296,4013,5.249411120727205,hiv_3242,MoleculeNet_HIV,True
C(=Cc1nc2ccccc2s1)c1ccc2c(c1)OCO2,5.642221180764152,4014,5.288799813795036,hiv_6802,MoleculeNet_HIV,True
Cc1cccc(C)c1NC(=O)CN(CC(C)C)CC(O)COc1ccccc1,5.642220866553993,4015,5.415008000893776,hiv_1221,MoleculeNet_HIV,True
O=C(OCc1ccccc1)N1N=NC2C3CC(OCc4ccccc4)(OCc4ccccc4)C(O3)C21,5.64220697837978,4016,5.415297094315928,hiv_18398,MoleculeNet_HIV,True
CCOC(=O)C(NC(=O)c1cccc(Cl)c1)(N1CCN(c2cc3c(cc2F)c(=O)c(C(=O)O)cn3C2CC2)CC1)C(F)(F)F,5.642180288312125,4017,5.146602216139807,hiv_31882,MoleculeNet_HIV,True
CC12C(=O)N(C3CCC(=O)NC3=O)C(=O)C1C1CCC2C1,5.6421319709921836,4018,5.27969142035815,hiv_6636,MoleculeNet_HIV,True
O=C(C[n+]1ccccc1)NNC(=O)C(=Cc1ccc2c(c1)OCO2)NC(=O)c1ccccc1.[Cl-],5.642088701025515,4019,5.279730832354838,hiv_19634,MoleculeNet_HIV,True
O=c1c2ccccc2c(=O)n2n1-c1cccc(c1)CSSCc1cccc-2c1,5.642075277911826,4020,5.259285205101637,hiv_18515,MoleculeNet_HIV,True
COc1cc(C=NN=CC=Cc2ccccc2)cc(OC)c1OC,5.641944109781399,4021,5.26423365588846,hiv_6346,MoleculeNet_HIV,True
CCC12C[N+]3([O-])CCc4c([nH]c5ccccc45)C(C(=O)OC)(c4cc5c(cc4OC)N(C)C4C(O)(C(=O)OC)C(OC(C)=O)C6(CC)C=CCN7CCC54C76)CC(C3)C1O2,5.641923348879803,4022,5.207403106724891,hiv_7656,MoleculeNet_HIV,True
CCC12CN3CC(CC(C(=O)OC)(c4cc5c(cc4OC)N(C)C4C(O)(C(=O)OC)C(OC(C)=O)C6(CC)C=CCN7CCC54C76)c4[nH]c5ccccc5c4CC3CC(C)=O)C1O2,5.641923348879803,4023,5.207403106724891,hiv_12214,MoleculeNet_HIV,True
O=c1c(-c2ccccc2)c(SCc2cc(O)nc(O)n2)n(-c2ccccc2)c(=S)n1-c1ccccc1,5.641846446037417,4024,5.275229851021148,hiv_37374,MoleculeNet_HIV,True
O=C1NC(=O)C2(CC2)C(=O)N1,5.641835628506985,4025,5.2002682965155635,hiv_1850,MoleculeNet_HIV,True
O=C1CC(c2ccco2)C2(C(=O)NC(=O)NC2=O)C(c2ccco2)C1,5.641835628506985,4026,5.19001445368041,hiv_34200,MoleculeNet_HIV,True
N#CC1(Cc2ccc(N)cc2)c2ccccc2C=CN1C(=O)c1ccccc1,5.6417542979677116,4027,5.236069143837072,hiv_13602,MoleculeNet_HIV,True
Cn1c(NS(=O)(=O)c2ccccc2)nc2ccccc21,5.641704758257964,4028,5.236954985959382,hiv_37493,MoleculeNet_HIV,True
CC(=O)C(N=Nc1nc2ccccc2[nH]1)C(C)=O,5.641684439499673,4029,5.4402731607918176,hiv_30284,MoleculeNet_HIV,True
CC1(c2ccccc2)CC(c2ccccc2)=NO1,5.641677991493086,4030,5.341016184858747,hiv_18533,MoleculeNet_HIV,True
COc1ccc(-c2cncc(-c3ccc(OC)c(OC)c3)c2)cc1OC,5.6416763329145425,4031,5.200419050657977,hiv_1656,MoleculeNet_HIV,True
CCOC(=O)NC1C2CC(=O)OC(O2)C1OC(C)=O,5.641628628399194,4032,5.183995725336515,hiv_18479,MoleculeNet_HIV,True
COC12CC3CCC(C(C)c4ccc5c(c41)CC1C5CC(O)C4CC(O)CCC41C)N2C3,5.641576276221042,4033,5.100307124868371,hiv_15486,MoleculeNet_HIV,True
COC(=O)C(CSSCC(NC(=O)CNC(=O)c1ccccc1)C(=O)OC)NC(=O)CNC(=O)c1ccccc1,5.641535324244025,4034,5.387808160882083,hiv_18183,MoleculeNet_HIV,True
CN(C)c1cc(CNC(Cc2cn(C(c3ccccc3)(c3ccccc3)c3ccccc3)cn2)C(=O)O)nc(CNC(Cc2cn(C(c3ccccc3)(c3ccccc3)c3ccccc3)cn2)C(=O)O)c1.[Zn],5.64150306425383,4035,5.409909532282291,hiv_36855,MoleculeNet_HIV,True
O=C(C=Cc1ccc(OCCCCCCCCCCOc2ccc(C=CC(=O)c3ccc(Cl)cc3)cc2)cc1)c1ccc(Cl)cc1,5.641502982635049,4036,5.182232817634844,hiv_20747,MoleculeNet_HIV,True
O=C(C=Cc1ccc(OCCSCCCCCCCCCCSCCOc2ccc(C=CC(=O)c3ccc(Cl)cc3)cc2)cc1)c1ccc(Cl)cc1,5.641502982635049,4037,5.182232817634844,hiv_20745,MoleculeNet_HIV,True
O=c1c2ccc3cccc4c(=O)cc(c5ccccc15)-c2c34,5.641478301834214,4038,5.265912969424362,hiv_12350,MoleculeNet_HIV,True
CCCN(C(=O)c1ccccc1)C(C#N)c1ccc(C(C#N)N(CCC)C(=O)c2ccccc2)cc1,5.641423264354208,4039,5.4080323257523455,hiv_34351,MoleculeNet_HIV,True
CC1C=CC(=O)C(n2cc(F)c(=O)[nH]c2=O)O1,5.641421446347281,4040,5.183726290443524,hiv_15959,MoleculeNet_HIV,True
COC1CCC(CO)OO1,5.641405378545999,4041,5.157084369517344,hiv_24425,MoleculeNet_HIV,True
O=C1C=C2C=CC3CC2(O1)C1CCCCN31,5.641393490006483,4042,5.185626082474314,hiv_4003,MoleculeNet_HIV,True
CC1Oc2cc3c(-c4c(O)cc(O)c5c(O)c6c(cc45)OC(C)C(C)C6=O)c(O)cc(O)c3c(O)c2C(=O)C1C,5.641382539893274,4043,5.169089605846013,hiv_8406,MoleculeNet_HIV,True
O=C1NCc2ccccc2S(=O)(=O)n2cccc21,5.641358920172618,4044,5.297761730879463,hiv_38786,MoleculeNet_HIV,True
COC(=O)N1C2C(CC1(C)C(=O)OC)c1ccccc1N2S(=O)(=O)c1ccccc1,5.64131272811992,4045,5.215471898220038,hiv_27485,MoleculeNet_HIV,True
O=c1c2ccccc2nc2[nH][nH]c(=S)n12,5.6413078813196185,4046,5.237272580841317,hiv_37695,MoleculeNet_HIV,True
CCN(CC)C(=O)C1(C)NS(=O)(=O)c2ccccc2C1=O,5.641239921008126,4047,5.317505671598322,hiv_6906,MoleculeNet_HIV,True
Cc1[nH]c(=O)[nH]c1C(=O)c1ccc(-n2ccnc2)cc1,5.641138763053337,4048,5.189189677428584,hiv_17894,MoleculeNet_HIV,True
COc1ccc(C=C2SC(=S)N(C=C(C#N)C(=O)c3ccc4ccccc4c3)C2=O)cc1OC,5.64109444579402,4049,5.198699559562239,hiv_26266,MoleculeNet_HIV,True
CC1Cc2c(Br)nc(N)nc2NC1=O,5.641089629041896,4050,5.193606373402177,hiv_39317,MoleculeNet_HIV,True
Cn1c(=O)[nH]c2c([nH]c(=O)c(=O)n2C)c1=O,5.6410879138050705,4051,5.182016656007445,hiv_3108,MoleculeNet_HIV,True
CN1NC(C2NN(C)C(=O)N(C)N2)NN(C)C1=O,5.6410879138050705,4052,5.1832990904885055,hiv_8404,MoleculeNet_HIV,True
CN1c2ccccc2N(C)C23N(C)c4ccccc4N(C)C12N(C)c1ccccc1N3C,5.64102265535691,4053,5.297818508873914,hiv_15578,MoleculeNet_HIV,True
O=C(CBr)N1CCC2(CC1)SSC1(CCN(C(=O)CBr)CC1)S2,5.640827651296986,4054,5.212018194973728,hiv_5960,MoleculeNet_HIV,True
S=C1SC2(CCCC2)NC2=C1CCC2,5.640631209588404,4055,5.2002682965155635,hiv_7539,MoleculeNet_HIV,True
S=C1SC2(CCCCCC2)NC2=C1CCCCC2,5.640631209588404,4056,5.2002682965155635,hiv_5862,MoleculeNet_HIV,True
O=C1CNC(=O)c2c(ncn2C2OC(CO)CC2O)N1,5.640557280950838,4057,5.191605923165457,hiv_16606,MoleculeNet_HIV,True
Cl.Clc1ccc(CCn2cncn2)c(Cl)c1,5.640546482472866,4058,5.184708756216684,hiv_19297,MoleculeNet_HIV,True
Cc1cc(C(C#N)c2nc3ccccc3s2)nc(Cl)n1,5.640481845263493,4059,5.448884635201572,hiv_36883,MoleculeNet_HIV,True
CCOC(=O)c1cc2c(=O)cccnc2o1,5.640394453455282,4060,5.136857739917811,hiv_4625,MoleculeNet_HIV,True
Cc1cccc(-c2nnc3sc(=Cc4ccc5c(c4)OCO5)c(=O)n23)c1,5.64017564689909,4061,5.132224360792681,hiv_17728,MoleculeNet_HIV,True
O=c1[nH]nc(Cc2ccccc2)n1N=Cc1cccnc1,5.639938560127059,4062,5.237524270123135,hiv_33103,MoleculeNet_HIV,True
CN(C)c1nc2n(CCO)ccnc-2c(=O)n1,5.639810382327758,4063,5.173950312331496,hiv_34040,MoleculeNet_HIV,True
Cc1cc(CC(O)c2ccc(Cl)c(Cl)c2)nc(O)n1,5.639784219522893,4064,5.399672062843594,hiv_16114,MoleculeNet_HIV,True
COC(=O)C=Cc1cnc2c(c1)oc(=O)n2CCc1ccccn1,5.639693670756214,4065,5.268564923057504,hiv_39311,MoleculeNet_HIV,True
c1ccc2c(c1)SCCc1nncn1-2,5.63946733071601,4066,5.226161176434056,hiv_11359,MoleculeNet_HIV,True
OCCCN1CCCC12CCCCC2,5.6394506071563395,4067,5.197903638149804,hiv_1599,MoleculeNet_HIV,True
O=C(Nc1nc(O)c2c(ncn2CCI)n1)c1ccccc1,5.639387048798817,4068,5.277654839830291,hiv_17697,MoleculeNet_HIV,True
Oc1cc(SCc2ccccc2Cl)nc(O)n1,5.639336101241268,4069,5.288184905627526,hiv_1536,MoleculeNet_HIV,True
COC(=O)c1nc(-c2ccc(Cl)c(Cl)c2)nc2ccccc12,5.639188782786621,4070,5.237329722830578,hiv_13144,MoleculeNet_HIV,True
CCCNCC(O)COc1ccc2c3c(c(=O)oc2c1)CCC3,5.638876591796775,4071,5.459792266225283,hiv_9433,MoleculeNet_HIV,True
COc1ccc(N2C(=O)C(=O)N(C)C2=O)c2ccccc12,5.638817686702238,4072,5.227674083060858,hiv_27064,MoleculeNet_HIV,True
Cc1ccc2ccccc2c1NC1=NCCO1,5.6386637556943215,4073,5.256426882902498,hiv_27354,MoleculeNet_HIV,True
O=C1OCc2c1cc1cc3c(cc1c2-c1ccc2c(c1)OCO2)OCO3.O=C1OCc2cc3cc4c(cc3c(-c3ccc5c(c3)OCO5)c21)OCO4,5.638566594863034,4074,5.23771491263385,hiv_13320,MoleculeNet_HIV,True
CCOC(=O)C1=C(O)C2C3CC4C2C(O)=C(C(=O)OCC)C2C1C3C42,5.638297197583776,4075,5.180554697990013,hiv_32783,MoleculeNet_HIV,True
O=C1CCC2(CC1CC(Sc1ccccc1)Sc1ccccc1)OCCO2,5.638286111834987,4076,5.403980286633703,hiv_39934,MoleculeNet_HIV,True
O=C1CC(=O)N(CCc2ccccc2)S(=O)(=O)N1CCc1ccccc1,5.6382637492021015,4077,5.210302859091409,hiv_23435,MoleculeNet_HIV,True
Cc1ccc(S(=O)(=O)N2CCN(C=S)CC2)cc1,5.637998960400556,4078,5.295977075125074,hiv_17854,MoleculeNet_HIV,True
O=Cc1cn(C(=O)c2ccccc2)c2ccccc12,5.637893785614593,4079,5.225656865898535,hiv_13534,MoleculeNet_HIV,True
CC1C(=O)c2cc3c(cc2CCN(C)Cc2c1ccc1c2OCO1)OCO3,5.637879809412669,4080,5.12586379277521,hiv_4506,MoleculeNet_HIV,True
O=C1NC2CCC(C2)C1c1ccccc1,5.637872203160243,4081,5.280443348502697,hiv_12701,MoleculeNet_HIV,True
O=c1c2ccccc2[se]n1-c1cccnc1,5.637831337052332,4082,5.251452457699439,hiv_18434,MoleculeNet_HIV,True
CC(=O)OC1CN(OCc2ccccc2)CC(OC(C)=O)C1OC(C)=O,5.637668810816394,4083,5.238852252345807,hiv_31549,MoleculeNet_HIV,True
COc1c(Br)cc(C=C(C#N)c2cccnc2)cc1Br,5.63756747053062,4084,5.162382054062099,hiv_25836,MoleculeNet_HIV,True
COc1c(OC)c(N)c2cc(C)c(=O)c(C)cc2c1N,5.637425693071653,4085,5.166632278915382,hiv_22413,MoleculeNet_HIV,True
O=C(O)C1(Cc2ccccc2)Cc2cc3c(cc2C1)CCC3,5.637379294170085,4086,5.244073644993691,hiv_31851,MoleculeNet_HIV,True
Nc1nc(-c2ccc(Cl)cc2)nc2sc3c(c12)CCCCC3,5.637121154871173,4087,5.18755206256386,hiv_8344,MoleculeNet_HIV,True
COc1c(OC2OC(CO)C(O)C(O)C2O)cc2c(c1OC)-c1ccc(SC)c(=O)cc1C(NC(C)=O)CC2,5.63698477980458,4088,5.085939531941009,hiv_11858,MoleculeNet_HIV,True
Cc1ccccc1NP1(=O)OCCCN1Cc1ccc(Cl)c(Cl)c1,5.6369605057942325,4089,5.215391432152494,hiv_3758,MoleculeNet_HIV,True
S=C(NN=Cc1ccccn1)NN=Cc1ccccn1,5.636398349983355,4090,5.28776223139736,hiv_31443,MoleculeNet_HIV,True
Cc1n[nH]c(=S)n1NC=O,5.636220464592184,4091,5.195500946909142,hiv_2918,MoleculeNet_HIV,True
O=C(CCn1[nH]c(=O)c(Cl)c(Cl)c1=O)NNC(=O)C[n+]1ccccc1.[Cl-],5.6361647974297115,4092,5.18553581139356,hiv_14922,MoleculeNet_HIV,True
COC12CC(=O)C(=C(O)C=Cc3ccccc3)C(=O)C1(O)Cc1ccccc1O2,5.6360962200176425,4093,5.281768292941992,hiv_18622,MoleculeNet_HIV,True
CC(C)=CCN1c2ccccc2C2(CC=C(C)C)CCN(C)C12,5.636018313872885,4094,5.291523010110503,hiv_32407,MoleculeNet_HIV,True
COc1ccc2c(c1OC)C(=O)N1C2=Cc2c(cc3c(c2OC)OCO3)CC1N(C)C,5.63600499139275,4095,5.159644130942699,hiv_24716,MoleculeNet_HIV,True
CC1CC(=O)C(CC(=O)O)C1C(C(=O)C(=O)Nc1cc(Cl)ccc1Cl)[N+](=O)[O-],5.6358411199805065,4096,5.386735167738496,hiv_20928,MoleculeNet_HIV,True
COc1ccc(-n2c(=O)n(C)c(=O)n2-c2c(C)c(C)c(C)c(C)c2C)cc1,5.6358002544589025,4097,5.160716507407065,hiv_37893,MoleculeNet_HIV,True
COC(=O)c1cc(C=CC(=O)Cc2ccccc2)cn1S(=O)(=O)c1ccccc1,5.635703481781663,4098,5.216751120114488,hiv_33611,MoleculeNet_HIV,True
O=[N+]([O-])c1cc(Cl)c(O)c(N=Nc2cc(S(=O)(=O)O)c3cccc4c3c2N=NN4)c1,5.635696318141012,4099,5.198091699638507,hiv_1570,MoleculeNet_HIV,True
CC=C1CN(C)C2Cc3c([nH]c4ccccc34)C(c3cc4c5c([nH]c4cc3OC)C3(C(=O)OC)CC4CC(CC)C3N(CC5)C4)CC1C2C(=O)OC,5.635693658094595,4100,5.181610405764029,hiv_13484,MoleculeNet_HIV,True
CN(C)C(=O)N1NC(c2ccccc2)C1c1ccccc1,5.635626057422526,4101,5.283921582903062,hiv_37729,MoleculeNet_HIV,True
O=C(O)CN1CCSc2ccccc2CN(CC(=O)O)CCSc2ccccc2C1,5.635625543212478,4102,5.287792193889626,hiv_23394,MoleculeNet_HIV,True
OCC(O)C(O)C(O)c1nn(-c2ccccc2)c2nc3cc(Cl)c(Cl)cc3nc12,5.635599441830276,4103,5.373886584314497,hiv_15650,MoleculeNet_HIV,True
ClC=CC[N+]12CN3CN(CN(C3)C1)C2,5.635576326014729,4104,5.183434634002706,hiv_5843,MoleculeNet_HIV,True
N#Cc1cccc(N(C(=O)c2ccccc2)c2ccccc2)n1,5.635471796108276,4105,5.284067856718524,hiv_6361,MoleculeNet_HIV,True
CSc1s[s+]c(SC)c1-c1ccccc1,5.635410733856391,4106,5.28505258759944,hiv_4911,MoleculeNet_HIV,True
Cc1ccc2ccc3c(-c4ccccc4)cc(C)[n+]4c3c2[n+]1[Cu-3]41[n+]2c(C)ccc3ccc4c(-c5ccccc5)cc(C)[n+]1c4c32.O=C1OC(C(O)C[O-])C(O)=C1O,5.635390537758732,4107,5.40199464324768,hiv_28282,MoleculeNet_HIV,True
Cc1cc(-c2ccccc2)c2ccc3c(-c4ccccc4)cc(C)[n+]4c3c2[n+]1[Cu-3]41[n+]2c(C)cc(-c3ccccc3)c3ccc4c(-c5ccccc5)cc(C)[n+]1c4c32.O=C1OC(C(O)C[O-])C(O)=C1O,5.635390537758732,4108,5.40199464324768,hiv_28293,MoleculeNet_HIV,True
CCOC(=O)Nn1c(CC#N)nnc1Cc1ccccc1,5.635384094827376,4109,5.196629459596033,hiv_33355,MoleculeNet_HIV,True
S=C1SC(=Nc2ccccc2)C(=Nc2ccccc2)N1c1ccc2ccccc2c1,5.635357466210027,4110,5.283373565336787,hiv_30548,MoleculeNet_HIV,True
COC(=O)c1cnn2c1n[n+]([O-])c1ccccc12,5.635273681828455,4111,5.221883615515511,hiv_34936,MoleculeNet_HIV,True
COC(=O)C1(F)C(=O)NC(=O)NC1OC,5.635193256590065,4112,5.171945092243694,hiv_9006,MoleculeNet_HIV,True
CSc1ncnc2c1C[PH](Cc1ccccc1)(c1ccccc1)CC2,5.6350531674494135,4113,5.232443021327966,hiv_6108,MoleculeNet_HIV,True
c1ccc(C2=NOC3(c4ccccc4)CC(c4cccs4)Sc4ccccc4N23)cc1,5.635048018646004,4114,5.302885818896496,hiv_31474,MoleculeNet_HIV,True
O=C1c2c(O)cc(O)cc2OC(c2ccc(O)cc2)C1C1C(=O)c2c(O)cc(O)cc2OC1c1ccc(O)cc1,5.634969229374105,4115,5.184745400692264,hiv_36677,MoleculeNet_HIV,True
O=C(CN1CCOCC1)NC1=NNC(=O)c2cccnc2N1,5.634859155553214,4116,5.201566341266395,hiv_26929,MoleculeNet_HIV,True
CC(SC(=N)N)C(=N)N,5.634804063513964,4117,5.445850042788022,hiv_6136,MoleculeNet_HIV,True
O=[N+]([O-])c1ccc(-n2nc3ccc4c(no[n+]4[O-])c3[n+]2[O-])c([N+](=O)[O-])c1,5.6347864300214425,4118,5.182107392476449,hiv_29613,MoleculeNet_HIV,True
CCOC(=O)CON=c1c2ccccc2ccc2ccccc12,5.634751175979311,4119,5.2622673918684,hiv_29974,MoleculeNet_HIV,True
O=P1(Oc2ccc(Cl)cc2)OCCS1,5.634719773121568,4120,5.207652447799048,hiv_39808,MoleculeNet_HIV,True
Nc1nc(SCc2ccccc2)c2ncn(CCO)c2n1,5.634694776581546,4121,5.22496624021056,hiv_3058,MoleculeNet_HIV,True
Cc1cc(O)c(C(=O)CC2(O)C(=O)Nc3c(Cl)cc(Cl)cc32)c(=O)o1,5.634625021203736,4122,5.20545131578135,hiv_12573,MoleculeNet_HIV,True
Cc1ccc(SCC(CF)OCn2cc(F)c(=O)[nH]c2=O)cc1,5.634615675041295,4123,5.3990641278525375,hiv_30236,MoleculeNet_HIV,True
S=c1nc(C=Cc2ccc(Cl)c(Cl)c2)[nH][nH]1,5.634485777912453,4124,5.191371677992127,hiv_16227,MoleculeNet_HIV,True
COc1cc2c(c(OC)c1)C(C)=NC(C)C2,5.63447762984169,4125,5.151868147289967,hiv_26472,MoleculeNet_HIV,True
CCCN1C(=O)CNC(=O)c2[nH]cnc21,5.6343293515975565,4126,5.202809051367202,hiv_13477,MoleculeNet_HIV,True
CN1CN(c2ccccc2)C2(CCN(CCc3cc4ccccc4o3)CC2)C1=O,5.634292343664422,4127,5.335005313163252,hiv_5689,MoleculeNet_HIV,True
CCC1C(=O)N(C)c2cnc(Nc3ccc(C(=O)NC4CCN(C)CC4)cc3OC)nc2N1C1CCCC1,5.634214427763811,4128,5.204638013951096,davis_11364421,DAVIS_spike_in,True
CC(NC(=O)C1CC1(C)CO)c1cccc2ccccc12,5.634198930099154,4129,5.414894423367002,hiv_39005,MoleculeNet_HIV,True
Cc1nc2[nH]c(=O)n(OS(=O)(=O)c3ccccc3)c(=O)c2s1,5.633999936885008,4130,5.2785192511193,hiv_4280,MoleculeNet_HIV,True
CN1CCCCC1c1ccc(-c2cccnc2)nc1.Cl,5.633962886170882,4131,5.127208803650445,hiv_35869,MoleculeNet_HIV,True
COC(=O)C1(NC(=O)C(Cc2ccccc2)NC(=O)C(NC(=O)C(CCCCNC(=O)OC(C)(C)C)NC(=O)C(Cc2c[nH]c3ccccc23)NC(=O)C(Cc2ccccc2)NC(=O)OCc2ccccc2)C(C)OC(C)(C)C)CCCC1,5.6339396419874985,4132,5.408246176124496,hiv_31126,MoleculeNet_HIV,True
CCOC(=O)C1=C(C)N(c2ccccc2)C2=C(C(=O)N(c3ccccc3)C2c2ccccc2)C1c1ccccc1,5.63380177276311,4133,5.284174143368044,hiv_21978,MoleculeNet_HIV,True
COc1ccc(-c2c(C)c(C(=O)O)nc(-c3ccc4c(O)c(OC)c5c(c4n3)=NC(C)(C)N=5)c2N)c(O)c1OC,5.633756180510746,4134,5.090442803869862,hiv_2153,MoleculeNet_HIV,True
CCN(CC)C1=Nc2ccccc2N(c2ccccc2)C(=S)C1,5.633716467415778,4135,5.426137997029134,hiv_8692,MoleculeNet_HIV,True
CC(C)OC(=O)c1ccc(CCC2=CC(=O)C=CC2=O)cc1,5.633706421066263,4136,5.398408568433352,hiv_35455,MoleculeNet_HIV,True
NC(=S)NN=Cc1cc2c3c(c1)CCCN3CCC2,5.633686460934437,4137,5.189797245219474,hiv_5523,MoleculeNet_HIV,True
Cc1nsc2cc(Cl)n(C)c(=O)c12,5.633614814432808,4138,5.162827091732391,hiv_22214,MoleculeNet_HIV,True
Cn1c(-c2cccs2)cc(-c2ccsc2)c1-c1ccsc1,5.633590580387201,4139,5.189068028134414,hiv_24998,MoleculeNet_HIV,True
Cn1c(-c2cccs2)cc(-c2ccsc2)c1-c1cccs1,5.633590580387201,4140,5.189068028134414,hiv_24997,MoleculeNet_HIV,True
Nc1ncnc2c1ncn2C1C(CO)C(CO)C1(F)F,5.6334023621799,4141,5.185252746184059,hiv_37411,MoleculeNet_HIV,True
CCOC(=O)Cc1nc2sc(S(N)(=O)=O)nn2c1Br,5.633295154489226,4142,5.175425767044173,hiv_39914,MoleculeNet_HIV,True
OC1OC(c2ccco2)C(F)(F)C(F)(F)C1(F)F,5.633207194871108,4143,5.176743098366438,hiv_39034,MoleculeNet_HIV,True
O=C1N(O)C2(C=CCCC2)C(=NO)C12CCCCC2,5.633203036095359,4144,5.190974770390621,hiv_14940,MoleculeNet_HIV,True
CC(NC(=O)C(Cc1ccc([N+](=O)[O-])cc1)NC(=O)C(N)CCCCN)C(=O)NC(Cc1ccc([N+](=O)[O-])cc1)C(N)=O,5.632985922632727,4145,5.408854163869708,hiv_33289,MoleculeNet_HIV,True
Clc1ccc(-c2nc3cc(C45CC6CC(CC(C6)C4)C5)ccc3[nH]2)cc1,5.632938768375512,4146,5.1940359451707465,hiv_39792,MoleculeNet_HIV,True
CC#COP(=O)(OCC)OCC,5.63286342855739,4147,5.163594316152705,hiv_20909,MoleculeNet_HIV,True
Cn1c(=O)[nH]c(O)c(N=O)c1=O,5.632863426156333,4148,5.189189677428584,hiv_6871,MoleculeNet_HIV,True
OC(C=Cc1ccccc1)Cc1nc2ccccc2[nH]1,5.632745192187019,4149,5.41281694775259,hiv_10463,MoleculeNet_HIV,True
N=C1NS(=O)(=O)Nc2nn(-c3ccccc3)nc21,5.632732908968394,4150,5.285641257818766,hiv_7416,MoleculeNet_HIV,True
Cn1cnc([N+](=O)[O-])c1SSc1c([N+](=O)[O-])ncn1C,5.632661828610416,4151,5.186912868403072,hiv_1281,MoleculeNet_HIV,True
CC(C)c1ccccc1NC(=O)C(=O)Cc1nc2ccccc2s1,5.632656588968804,4152,5.414279741457883,hiv_11224,MoleculeNet_HIV,True
O=C(CCCCCCCCC(=O)N1C(=O)CC(=O)N(c2ccc(Cl)cc2)C1=S)N1C(=O)CC(=O)N(c2ccc(Cl)cc2)C1=S,5.6323885465338455,4153,5.1824310924316395,hiv_40658,MoleculeNet_HIV,True
COC(=O)Nc1nc2cc(C(=O)c3ccc(F)cc3)ccc2[nH]1,5.632325286067099,4154,5.170248158796195,hiv_7793,MoleculeNet_HIV,True
CC(NC(=O)C(Cc1c[nH]cn1)NC(=O)C1CCC(=O)N1)C(N)=O,5.632265751790863,4155,5.413153918777114,hiv_29446,MoleculeNet_HIV,True
CC(C)C1NC(=O)C(Cc2ccccc2)NC(=O)C2NC(=O)C(Cc3ccccc3)NC(=O)C3CCCN3C(=O)CNC(=O)C(Cc3ccccc3)NC(=O)C3CNCCCCC(C(=O)O)NC(=O)C4NC(=O)C(CC(N)=O)NC(=O)CNC(=O)C(C(O)C(=O)O)NC(=O)C(CSCC(NC(=O)C(CCC(N)=O)NC(=O)C(CCCNC(=N)N)NC(=O)C(N)CSC4C)C(=O)NC(CSC2C)C(=O)N3)NC1=O,5.632103362816766,4156,5.536528171449113,hiv_13614,MoleculeNet_HIV,True
Cc1cc(S(=O)(=O)Nc2cc(=N)[nH][nH]2)c(SCc2nc(N)nc(N(C)C)n2)cc1Cl,5.63206891657956,4157,5.227594823805859,hiv_26497,MoleculeNet_HIV,True
O=C1CCCCCC1=Cc1ccc([N+](=O)[O-])cc1,5.632061532575706,4158,5.18260085145307,hiv_37325,MoleculeNet_HIV,True
Cc1ccc(S(=O)(=O)OCCC2CN(C(=O)OCc3ccccc3)C(C)(C)O2)cc1,5.631881398877415,4159,5.256659547671271,hiv_36555,MoleculeNet_HIV,True
CC(C)CC(NC(=O)C(Cc1ccc(O)cc1)NC(=O)CNC(=O)C(N)CCC(=O)O)C(=O)NC(Cc1c[nH]c2ccccc12)C(=O)O,5.631876827939598,4160,5.443344177270673,hiv_14742,MoleculeNet_HIV,True
CC1(C)OC(=O)C2(O1)C(=O)C1CCCCC12,5.631832725699784,4161,5.185841577785932,hiv_35207,MoleculeNet_HIV,True
Cn1c2c(c3ccccc31)CCN(CCCN1CCN(c3cccc(Cl)c3)CC1)C2=O,5.631765972922094,4162,5.242206823796802,hiv_15751,MoleculeNet_HIV,True
Cn1c2c(c3ccccc31)CCN(CCCCN1CCN(c3cccc(Cl)c3)CC1)C2=O,5.631765972922094,4163,5.242206823796802,hiv_15755,MoleculeNet_HIV,True
CSc1cc2[n+]3c(c1)-c1cccc[n+]1[Co-4]314([n+]3ccccc3-2)[n+]2ccccc2-c2cc(SC)cc([n+]21)-c1cccc[n+]14.[O-][Cl+3]([O-])([O-])[O-],5.631693895637794,4164,5.294626437382661,hiv_32572,MoleculeNet_HIV,True
CCN(CC)c1ccc2cc(C(=O)Nc3nc(C45CC6CC(CC(C6)C4)C5)cs3)c(=O)oc2c1,5.631655035622077,4165,5.2044092562494955,hiv_32039,MoleculeNet_HIV,True
CCCC(OCC)(OCC)OCC,5.6316272485233645,4166,5.194249568171668,hiv_21096,MoleculeNet_HIV,True
CCON=[N+]([O-])N(CC)CC,5.6316272485233645,4167,5.194249568171668,hiv_16315,MoleculeNet_HIV,True
CCOC(NC(=O)CC)(C(F)(F)F)C(F)(F)F,5.6316272485233645,4168,5.194249568171668,hiv_30830,MoleculeNet_HIV,True
COc1cc2c(c3c1c(=O)c1ccccc1n3C)C=CC1(CCCC1)O2,5.631621422662702,4169,5.378981926949235,hiv_26428,MoleculeNet_HIV,True
Cc1cn(CC2=NCCN2)c(=O)[nH]c1=O.Cl,5.6315828288036265,4170,5.207104743619373,hiv_39793,MoleculeNet_HIV,True
CC(C)(C)NNC(=O)CCn1[nH]c(=O)c(Cl)c(Cl)c1=O,5.631575334666179,4171,5.226263128521681,hiv_14913,MoleculeNet_HIV,True
O=C(O)c1ccccc1-n1nc(C(=O)O)c(N=Nc2ccc(C=Cc3ccc(N=Nc4c(C(=O)O)nn(-c5ccccc5C(=O)O)c4O)cc3S(=O)(=O)O)c(S(=O)(=O)O)c2)c1O.[Na+],5.631568945361238,4172,5.261879812591121,hiv_22619,MoleculeNet_HIV,True
CC1(C)CCCC2OC2CCC(C)(C)C1=O,5.631456608317378,4173,5.185841577785932,hiv_32849,MoleculeNet_HIV,True
C=CCN1C(=C2SC(=S)N(c3ccc(C)cc3)C2=O)Sc2c(O)ncnc21,5.631419987039574,4174,5.18063040892016,hiv_23217,MoleculeNet_HIV,True
CC1(C)CCc2cc3c(cc2O1)OCC1c2cc4c(cc2OC31)OCO4,5.631312356205579,4175,5.1364249944437645,hiv_12310,MoleculeNet_HIV,True
CCOC(=O)NC(C)(C)CN(CCO)C(=O)OCC,5.631303942837973,4176,5.226242161462605,hiv_2054,MoleculeNet_HIV,True
O=C(O)C(C(C(=O)O)P(=O)(O)O)P(=O)(O)O,5.63120075213907,4177,5.417458375600345,hiv_31801,MoleculeNet_HIV,True
COC(=O)C=C(Sc1nc(Cl)c(Cl)nc1N)C(=O)OC.COC(=O)C=C1Sc2nc(Cl)c(Cl)nc2NC1=O,5.631190922190284,4178,5.298001788811571,hiv_9153,MoleculeNet_HIV,True
O=C(NC(O)C(Cl)(Cl)Cl)NC(O)C(Cl)(Cl)Cl,5.631160880830865,4179,5.415905480387164,hiv_1118,MoleculeNet_HIV,True
O=C1c2ccccc2-c2nc(-c3ccccc3)cc3c2c1nc1ccccc13,5.63115610258369,4180,5.421985429860883,hiv_35194,MoleculeNet_HIV,True
O=c1ccn(CC2OCC(CO)O2)c(=O)[nH]1,5.631131736774864,4181,5.1833759843264,hiv_23641,MoleculeNet_HIV,True
Cc1ccn2c(N=O)c(-c3ccccc3)nc2c1,5.63112420168338,4182,5.273721429173795,hiv_9038,MoleculeNet_HIV,True
O=C1CSC(Cc2nc3ccccc3[nH]2)=N1,5.6310955242330225,4183,5.4670666118637365,hiv_15572,MoleculeNet_HIV,True
CN1c2ccccc2Sc2c(-c3ccccc3)n[nH]c21,5.631016353258927,4184,5.279361209930865,hiv_9920,MoleculeNet_HIV,True
CCC(C)C1NC(=O)C(C(C)=O)=C1O.c1ccc(CNCCNCc2ccccc2)cc1,5.631000868537753,4185,5.426950194664993,hiv_3043,MoleculeNet_HIV,True
Cc1ccc2c(c1)C(C1Cc3c(C)cccc3C1=O)OC2=O,5.630933610613308,4186,5.115673603223253,hiv_32637,MoleculeNet_HIV,True
C[Si](C)(C)c1ccc(-c2sc(-c3ccc([Si](C)(C)C)s3)c3c2C[Si]2(C3)Cc3c(-c4ccc([Si](C)(C)C)s4)sc(-c4ccc([Si](C)(C)C)s4)c3C2)s1,5.630925082505888,4187,5.186079085853435,hiv_21203,MoleculeNet_HIV,True
c1ccc(C[N+]23CCC(CC2)C3c2ccccc2)cc1,5.630913165467288,4188,5.218306991292976,hiv_8919,MoleculeNet_HIV,True
CCOP(=O)(CCCC(O)CNc1nc(N)nc(Cl)c1N=Nc1ccc(Cl)cc1)OCC,5.63089872857431,4189,5.395177517648354,hiv_32302,MoleculeNet_HIV,True
CCN(CC)C1CS(=O)(=O)OC(c2ccccc2)=C1C,5.6308739243377435,4190,5.286249005031246,hiv_8106,MoleculeNet_HIV,True
Cn1cnc([N+](=O)[O-])c1Sc1nnnn1-c1ccccc1,5.6308419763917845,4191,5.215865704416052,hiv_14725,MoleculeNet_HIV,True
O=C(O)c1cc(CNc2ccc(C=Cc3ccc(NCc4ccc(O)c(C(=O)O)c4)cc3S(=O)(=O)O)c(S(=O)(=O)O)c2)ccc1O.[NaH],5.630791290816547,4192,5.1467934130733575,hiv_21388,MoleculeNet_HIV,True
OCC1OC(n2ccc3c2ncn2cnnc32)C(O)C1O,5.6306108406353825,4193,5.118299371266837,hiv_6593,MoleculeNet_HIV,True
N#CC(=Cc1c[nH]c2ccccc12)C(=O)c1ccc(O)c(O)c1,5.6305718988113895,4194,5.257228614486419,hiv_22850,MoleculeNet_HIV,True
CN(C)CCON=C1C=C2CCC3C(CCC4(C)C(O)CCC34)C2(C)CC1,5.63055578590742,4195,5.18849274034602,hiv_37751,MoleculeNet_HIV,True
COc1ccc2c(c1)CCC1=C2C=C[PH]1(C)C,5.63055474135554,4196,5.162382054062099,hiv_7688,MoleculeNet_HIV,True
CC(C)(C)c1ccc(O)c(C(O)c2ccccn2)c1,5.630387076564515,4197,5.44225421655759,hiv_32540,MoleculeNet_HIV,True
CN=c1ncc2nc(-c3ccccc3)c(-c3ccccc3)n(C)c-2n1,5.6303486859274345,4198,5.268411772535021,hiv_3252,MoleculeNet_HIV,True
COC(=O)C1C(O)CCC2CN3CCc4c([nH]c5ccccc45)C3CC21,5.630221281698583,4199,5.223492028529754,hiv_816,MoleculeNet_HIV,True
CC1=C(C)CS(=O)(=O)N(c2ccccc2)C1,5.630193653763511,4200,5.290081540686785,hiv_33873,MoleculeNet_HIV,True
CCC#CC(O)(C(=O)OC1CC2CCC(C1)N2C)c1ccccc1,5.63011755600309,4201,5.395425826951041,hiv_28019,MoleculeNet_HIV,True
Cn1cnc([N+](=O)[O-])c1Sc1nc2cccnc2s1,5.630073812376372,4202,5.188833290306588,hiv_14711,MoleculeNet_HIV,True
Nn1c(-c2cccc(Cl)c2)nc2ccccc2c1=O,5.630069867082462,4203,5.229762401251537,hiv_13681,MoleculeNet_HIV,True
C=CCC12CC(C=CC13OCCO3)OC(=O)C2C,5.630059370840886,4204,5.188820321832398,hiv_29136,MoleculeNet_HIV,True
COc1cnc2cc(C(=O)O)c3c([N+](=O)[O-])cccc3c2c1,5.630054929751909,4205,5.157098233133319,hiv_10425,MoleculeNet_HIV,True
COc1cc2c(cc1OC)C1Cc3ccccc3CCN1CC2,5.629771222250115,4206,5.216439329017148,hiv_31404,MoleculeNet_HIV,True
COc1ccc(C=CC(=O)c2nc3ccccc3[nH]2)cc1,5.629758529333821,4207,5.281003863079047,hiv_38987,MoleculeNet_HIV,True
CC(=O)CC1(OC(=O)C2C(C=C(C)C)C2(C)C)C(=O)Nc2ccccc21,5.629701264788943,4208,5.2986540680250656,hiv_27985,MoleculeNet_HIV,True
O=C(NC(=O)c1cc(-c2ccccc2)n[nH]1)c1ccccc1,5.629684842830719,4209,5.290708258347112,hiv_36682,MoleculeNet_HIV,True
CC(=O)c1sc2n(C)c(=O)c3ccccc3[n+]2c1C.[Cl-],5.629663766311333,4210,5.250658617858706,hiv_25273,MoleculeNet_HIV,True
CC1=NN(C(=O)CC(=O)NC(=O)C=Cc2ccccc2)C(=O)C1N=Nc1ccc([N+](=O)[O-])cc1,5.629562280313962,4211,5.261135830384976,hiv_27552,MoleculeNet_HIV,True
COc1ccc(C2SC(=S)N(Cc3ccc(Cl)cc3)N2Cc2ccc(Cl)cc2)cc1,5.629503680103972,4212,5.122030424624341,hiv_4461,MoleculeNet_HIV,True
O=C(O)c1cc(O)c2c(c1)Cc1cccc(O)c1C2=O,5.629315373134346,4213,5.178381944413927,hiv_25458,MoleculeNet_HIV,True
COC(=O)C(Cc1nc2ccccc2nc1O)C(NO)C(=O)Nc1c(Cl)cc([N+](=O)[O-])cc1Cl,5.6292153482404474,4214,5.39539439355029,hiv_19214,MoleculeNet_HIV,True
O=S(=O)(O)C(O)CC=C(C(O)S(=O)(=O)O)C(O)S(=O)(=O)O,5.629213860784282,4215,5.396520362649843,hiv_764,MoleculeNet_HIV,True
O=C(OC1C#CCSCC#CC=C1)c1cnc2ccccc2n1,5.629208501980763,4216,5.279625655621679,hiv_28776,MoleculeNet_HIV,True
CC(NCCNC(C)c1cccnc1)c1cccnc1,5.629132950537868,4217,5.405053088020623,hiv_779,MoleculeNet_HIV,True
N#Cc1c(N)c2c(c(-c3ccccc3)c1-c1ccccc1)C(=O)N(O)C2=O,5.628854058853653,4218,5.283494948608841,hiv_39447,MoleculeNet_HIV,True
Cc1c(O)c(OC2OC(CO)C(O)C(O)C2O)cc2c1C=CC1C2(C)C(=O)CC2(C)C(C(C)(O)C(=O)CCC(C)(C)O)C(O)CC12C,5.628773971968803,4219,5.205015910650101,hiv_33725,MoleculeNet_HIV,True
Cc1cn(C2CC(N(O)Cc3ccccc3)C(CO)O2)c(=O)[nH]c1=O,5.628766658865726,4220,5.243966587702494,hiv_23163,MoleculeNet_HIV,True
N=C1Nc2ccccc2Sc2nccn21,5.628690171579972,4221,5.305429676459854,hiv_30517,MoleculeNet_HIV,True
CS(=O)(=O)NNS(=O)(=O)c1ccc2ccccc2c1,5.628686179730712,4222,5.292278048195401,hiv_22428,MoleculeNet_HIV,True
Cc1ccc(Oc2ccc(C(=O)c3cccc(C(=O)c4ccc(Oc5ccc(C)cc5)cc4)n3)cc2)cc1,5.628680287514263,4223,5.18080016794159,hiv_16067,MoleculeNet_HIV,True
COC(=O)c1c[nH]c2nc(N3CCOCC3)nn2c1=O,5.628640136673587,4224,5.184160880929069,hiv_15274,MoleculeNet_HIV,True
N#Cc1c(O)n(-c2ccccc2)c(=O)c2c(=N)[nH][nH]c12,5.628452586739416,4225,5.288400155150082,hiv_38058,MoleculeNet_HIV,True
CN=C1OC2(c3ccccc3)C3=C(OC(=NC)N2C)C(=O)OC3(c2ccccc2)N1C,5.628353808571379,4226,5.297668560153249,hiv_10125,MoleculeNet_HIV,True
O=C(O)C(=Cc1ccccc1Cl)S(=O)(=O)c1ccccc1,5.628336634722037,4227,5.288093352542467,hiv_13953,MoleculeNet_HIV,True
CC1=C(c2cc(C(=O)Nc3nccs3)nc(NC#N)n2)Sc2ccccc2N1,5.628270186748788,4228,5.310934526399945,hiv_11790,MoleculeNet_HIV,True
O=C(O)C(=O)O.O=C(OCCN1CCOCC1)C1CC(O)CN1C(=O)c1ccc2c(c1)OCO2,5.628266924677932,4229,5.214722712142875,hiv_28222,MoleculeNet_HIV,True
Cc1cn(C2CCC(CO)(CO)CC2O)c(=O)[nH]c1=O,5.628249803554581,4230,5.190003299763663,hiv_20155,MoleculeNet_HIV,True
O=c1sc2ccccc2n1CC1CS1,5.62812997534946,4231,5.237415624077322,hiv_23653,MoleculeNet_HIV,True
CC1=NC(C(=O)O)Cc2c1[nH]c1ccccc21,5.628118248234054,4232,5.220336527821156,hiv_11504,MoleculeNet_HIV,True
CCCCC(C)CCC(O)=C1C(=O)OC(CC(=O)O)C1=O,5.627995281946364,4233,5.355657328183473,hiv_18860,MoleculeNet_HIV,True
Cn1c(=O)ccc2c1nc1cccc[c-]1[n+]2=O,5.627857718526057,4234,5.286798632535197,hiv_9062,MoleculeNet_HIV,True
CCOC(=O)C1Cc2c(n(C3CCCCC3)c(=O)n(C)c2=O)OC1c1ccccc1,5.627769453406772,4235,5.280830357970751,hiv_8042,MoleculeNet_HIV,True
O=C1OC(=C(Cl)Cl)C2C3c4ccccc4C(c4ccccc43)C12,5.627754825417801,4236,5.212709504053032,hiv_3643,MoleculeNet_HIV,True
CCCCCCCCCCCCCCC(C(=O)O)S(=O)(=O)O,5.62771779764708,4237,5.3953249212780525,hiv_283,MoleculeNet_HIV,True
CCOP(=O)(OCC)Oc1c(OC)c2[nH]c(C(=O)OC)cc2c2c(C(=O)O)c[nH]c12,5.6276487193582705,4238,5.1735351842135,hiv_33606,MoleculeNet_HIV,True
[N-]=[N+]=NCC(CO)OCn1cc(Cc2cccc(OCc3ccccc3)c2)c(=O)[nH]c1=O,5.6276343380097895,4239,5.442840456547356,hiv_11797,MoleculeNet_HIV,True
COc1cc(OC)cc(-n2c(N)c(-c3nc4ccccc4s3)c3ccc([N+](=O)[O-])cc3c2=O)c1,5.627577150171916,4240,5.2888974573765966,hiv_37754,MoleculeNet_HIV,True
Oc1nccc(CNC23CC4CC(CC(C4)C2)C3)c1O.[NaH],5.6275129660293,4241,5.171861789583714,hiv_21495,MoleculeNet_HIV,True
CC(=O)OC1CCC2(C)C(=CCC3C4Cc5cnn(-c6ccccc6)c5NC4(C)CCC32)C1,5.627429246087477,4242,5.2968866118572,hiv_13360,MoleculeNet_HIV,True
O=C1NNC(=O)C2C3C=CC(O3)C12,5.627417506110405,4243,5.180538457995225,hiv_2041,MoleculeNet_HIV,True
CC1=CCC23C(C1)OC(Br)(C=CC2(C)O)C3(C)C,5.6273832161910775,4244,5.189496973209094,hiv_14302,MoleculeNet_HIV,True
BrC(Br)([P+](c1ccccc1)(c1ccccc1)c1ccccc1)[P+](c1ccccc1)(c1ccccc1)c1ccccc1.[Br-],5.62728311628558,4245,5.434327840166877,hiv_11935,MoleculeNet_HIV,True
CC1=CCP(C(F)(F)F)P(C(F)(F)F)C1,5.627275677936612,4246,5.186079085853435,hiv_20768,MoleculeNet_HIV,True
CCOC(=O)C1=C(C)N(Cc2ccccc2)C(C)=C(C(=O)OCC)C1c1ccccc1O,5.627249597374224,4247,5.198779892515497,hiv_17815,MoleculeNet_HIV,True
Cn1c(=O)c2nc(-c3ccccc3)nnc2n(C)c1=O,5.627247206449542,4248,5.215458784984707,hiv_7063,MoleculeNet_HIV,True
CCOC(=O)C(Br)=C1OC(=O)c2ccccc2-c2ccccc21.CCOC(=O)C(Br)=C1OC(=O)c2ccccc2-c2ccccc21,5.627231740222585,4249,5.297528724995188,hiv_21982,MoleculeNet_HIV,True
COc1ccc(C(c2c(O)c3ccccc3n(C)c2=O)c2c(O)c3ccccc3n(C)c2=O)cc1,5.6272143444072675,4250,5.358153492744344,hiv_19573,MoleculeNet_HIV,True
O=C1NCN(c2ccccc2)C12CCN(CCCSc1ccc(F)cc1)CC2,5.627213153364822,4251,5.371438476365825,hiv_27966,MoleculeNet_HIV,True
CC1CC2=C(C(=O)O1)C(c1ccccc1)Nc1ccccc1N2,5.62719293421026,4252,5.292037336269886,hiv_17707,MoleculeNet_HIV,True
c1ccc2c(c1)nc(NC1CCCC1)c1nc(C3CCCC3)[nH]c12,5.627131576382758,4253,5.2445528888756865,hiv_23948,MoleculeNet_HIV,True
CN(C)c1ccc(N=Nc2ccc3c(c2)C(=O)c2ccccc2C3=O)cc1,5.62705205433428,4254,5.4353885310808145,hiv_5777,MoleculeNet_HIV,True
C[N+]1=C(c2ccc[nH]2)CC(C(=O)O)CC1,5.626986750448923,4255,5.180560996877781,hiv_9562,MoleculeNet_HIV,True
c1cc2cc(c1)CN1CCNCCN(CCNCC1)Cc1cccc(c1)CN1CCNCCN(CCNCC1)C2,5.626931605615957,4256,5.206872473011552,hiv_39308,MoleculeNet_HIV,True
CCOC(=O)C12OC(CCC1=O)C(C(=O)OC)=C2C(=O)OC,5.626835707149381,4257,5.110056679861282,hiv_27020,MoleculeNet_HIV,True
O=C(c1ccc(Cl)cc1Cl)N(C(=O)N1CCCCC1)c1ccccc1,5.6266580286514,4258,5.295624941291824,hiv_37359,MoleculeNet_HIV,True
CN1N=C2NCCNC3=NN(C)C(=NCCN=C1S2)S3,5.626644569124684,4259,5.212922976647178,hiv_23997,MoleculeNet_HIV,True
CCOC(C(=O)N(C)CCN(C)CCc1ccccc1)(c1ccccc1)c1ccccc1,5.626633963522968,4260,5.240981537464425,hiv_3986,MoleculeNet_HIV,True
N#CC1C(=O)NC(=O)C(C#N)C12CCCC(C(F)(F)F)C2,5.626632207645805,4261,5.19001445368041,hiv_3850,MoleculeNet_HIV,True
CN1C(=O)N(C)P12(Cl)N(C)C(=O)N2C,5.626536978810848,4262,5.187388464265632,hiv_17846,MoleculeNet_HIV,True
COc1cc(C=NNC2=NCCCN2)ccc1O.I,5.626481118706399,4263,5.201433181304614,hiv_32175,MoleculeNet_HIV,True
N#CC(C(=NNC(=O)C(=O)NN)C(=O)Nc1nc([N+](=O)[O-])cs1)c1ccc(Cl)cc1,5.626370353804509,4264,5.437751104091349,hiv_15180,MoleculeNet_HIV,True
CC(=O)OC(OC(C)=O)c1c2ccccc2cc2ccccc12,5.626359800013124,4265,5.439951674825073,hiv_28317,MoleculeNet_HIV,True
Cc1ncc2c(n1)CCC1=C2OS(=O)(=O)CC1N(C)C,5.626351474712863,4266,5.1774560302984565,hiv_11031,MoleculeNet_HIV,True
CCOC(=O)C1Cc2ccc(OC)cc2C2=CC(=O)CCC21,5.6263154421039365,4267,5.164834343820556,hiv_14943,MoleculeNet_HIV,True
CSc1c(C#N)c(N)n(-c2ccc(C)cc2)c(=O)c1C#N,5.626225262726814,4268,5.181959660790255,hiv_38091,MoleculeNet_HIV,True
Cc1cccc(C)c1NC(=O)CCCC(=O)CC(=O)C=Cc1ccccc1,5.626152656219745,4269,5.288993807956321,hiv_11778,MoleculeNet_HIV,True
CC12CCC3C(CCC4=C(O)C(=O)CCC43C)C1Cc1cnn(-c3ccccc3)c1N2,5.625847130355659,4270,5.294862899016863,hiv_13363,MoleculeNet_HIV,True
O=S(=O)(C1CCCCC1)N1N=NC2CCCCC21,5.62582555606663,4271,5.359971420739048,hiv_5098,MoleculeNet_HIV,True
Nc1cc2ncnn2c(SCC(=O)NN=CC(Br)=Cc2ccccc2)n1,5.625727216018166,4272,5.283250388609528,hiv_32520,MoleculeNet_HIV,True
COc1ccc(C2=C(Cl)c3cc(OC)c(OC)cc3C2=O)cc1OC,5.625726028436993,4273,5.157703381551544,hiv_34648,MoleculeNet_HIV,True
COc1ccc2nc3cc(Cl)ccc3c(NCCC[N+](C)(C)CCCCCCCCCCCCCCCC[N+](C)(C)CCCNc3c4ccc(Cl)cc4nc4ccc(OC)cc34)c2c1,5.625720655269105,4274,5.172760170379087,hiv_6527,MoleculeNet_HIV,True
CC1CCC(C(C)C)C(OC(=O)NCn2cc(-c3ccccc3)nn2)C1,5.62571886219535,4275,5.341928307500463,hiv_33433,MoleculeNet_HIV,True
CC(C)OP(=O)(OC(C)C)C(C[Sn](C)(C)Br)P(=O)(OC(C)C)OC(C)C,5.625615332846606,4276,5.396640740392053,hiv_28107,MoleculeNet_HIV,True
CC1=CC(=O)C(=Cn2c(=S)sc3ccccc32)C(=O)O1,5.625608587631278,4277,5.257406710343172,hiv_25986,MoleculeNet_HIV,True
CC(C)CCCC(C)C1CCC2C3CC=C4CC(C(=O)NCC[N+](C)(C)CCCS(=O)(O)=[OH+])CCC4(C)C3CCC12C,5.625595621273036,4278,5.402229464144646,hiv_14471,MoleculeNet_HIV,True
CC(C1=C(O)C(=O)c2ccccc2C1=O)C1=C(O)C(=O)c2ccccc2C1=O,5.625526482955874,4279,5.435156970611484,hiv_3375,MoleculeNet_HIV,True
Cc1cc(C)cc(Sc2c([N+](=O)[O-])ncn2C)c1,5.6253302631547175,4280,5.152180173771404,hiv_14712,MoleculeNet_HIV,True
CN1CN(c2ccccc2)C2(CCN(CCCCCCF)CC2)C1=O.Cl,5.625210670996611,4281,5.342080392707377,hiv_28056,MoleculeNet_HIV,True
CCOC(=O)c1c(N)nnc(-c2ccccc2)c1-c1ccccc1,5.625207835323263,4282,5.2143530135590375,hiv_3480,MoleculeNet_HIV,True
Cc1cccc(C)c1NC(=O)C(=O)Nn1c(NN)nc2ccccc2c1=O,5.625152537857895,4283,5.240516564675382,hiv_21315,MoleculeNet_HIV,True
CC(C)(C)C1CCC(C[Se]c2ccc(Cl)cc2)([N+](=O)[O-])CC1,5.625135685462371,4284,5.218630604187819,hiv_11339,MoleculeNet_HIV,True
CN(C)CCCN1C(=S)N(CCCN(C)C)c2c3ccccc3nc3c([N+](=O)[O-])ccc1c23.Cl,5.625113610441003,4285,5.240185561183573,hiv_38002,MoleculeNet_HIV,True
COc1ccc(C(OCC2OC(n3ccc(Oc4c(F)c(F)c(F)c(F)c4F)nc3=O)CC2OP(OCCC#N)N(C(C)C)C(C)C)(c2ccccc2)c2ccc(OC)cc2)cc1,5.62497669998721,4286,5.351870159326233,hiv_36150,MoleculeNet_HIV,True
CCCCN(CC)C(=O)C(=O)C1C(=O)Nc2ccccc2S1=O,5.624841868655399,4287,5.309875419252597,hiv_19217,MoleculeNet_HIV,True
O=C1OC(=C(Br)c2ccc([N+](=O)[O-])cc2)c2ccccc21,5.624809384331345,4288,5.28776223139736,hiv_25014,MoleculeNet_HIV,True
COC(=NC(C)C)NC(C)C,5.624725711854493,4289,5.411348801763848,hiv_31067,MoleculeNet_HIV,True
CC(O)C(O)C(N)CC=O,5.624658833026737,4290,5.416211082215548,hiv_4084,MoleculeNet_HIV,True
COc1cc2c(cc1O)CC[n+]1cc3c(OC)c(OC)ccc3cc1-2.[Cl-],5.624488223911042,4291,5.158618774140526,hiv_20696,MoleculeNet_HIV,True
CC(C)=CCS(=O)c1ccccc1NC1=CC(=O)CC(C)(C)C1,5.624361713335116,4292,5.296690413803032,hiv_26198,MoleculeNet_HIV,True
COc1c(C(CC(C)C)OC(C)=O)ccc2c1C(=O)OCc1cc(C)cc(O)c1O2,5.6242136603942665,4293,5.40156359947447,hiv_25512,MoleculeNet_HIV,True
CCCCCCSCC(NC(=O)CCC(N)C(=O)O)C(=O)NCC(=O)O,5.624186707920668,4294,5.407520497870653,hiv_4726,MoleculeNet_HIV,True
C(=NNC1=NCCCCN1)c1ccc2ccccc2c1.I,5.624118180500492,4295,5.314396346706246,hiv_32173,MoleculeNet_HIV,True
CN(N=CC=NN(C)C1=NCCN1)C1=NCCN1.I,5.623997599665333,4296,5.212922976647178,hiv_29576,MoleculeNet_HIV,True
CCCCCCCC(=O)OCC(C[As](=O)(O)O)OC(=O)CCCCCCC,5.623973811229425,4297,5.400581410714871,hiv_24296,MoleculeNet_HIV,True
CCCC(=O)OCC(COC(=O)CCC)OC(=O)CCC,5.623973811229425,4298,5.400581410714871,hiv_26648,MoleculeNet_HIV,True
CCCCCCCCCCCCCCCCC(C(=O)O)C(=O)O,5.623973811229425,4299,5.3953249212780525,hiv_2676,MoleculeNet_HIV,True
O=C(COc1ccc(OCC(=O)N2C(=O)CC(=O)N(c3ccc(Cl)cc3)C2=S)cc1)N1C(=O)CC(=O)N(c2ccc(Cl)cc2)C1=S,5.623840268196666,4300,5.1824310924316395,hiv_39511,MoleculeNet_HIV,True
COC(=O)C(CC(C)C)NC(=O)CNC(=O)C(Cc1ccc(OCc2ccccc2)cc1)NC(=O)C(COCc1ccccc1)NC(=O)OC(C)(C)C,5.623805311126963,4301,5.41884863404525,hiv_29444,MoleculeNet_HIV,True
ClC[Si]12OCCN(CCO1)CCO2,5.623770671094606,4302,5.183745047012323,hiv_12760,MoleculeNet_HIV,True
O=C1CC(=O)N2C(=O)CC(=O)N12,5.623739868456618,4303,5.183434634002706,hiv_10802,MoleculeNet_HIV,True
C=C(Br)CN1CCC2(c3ccccc3)C(O)C([Se]c3ccccc3)CCC12,5.6237339933101405,4304,5.293679264389455,hiv_15897,MoleculeNet_HIV,True
O=c1oc2c(ccc3nc(-c4ccccc4)sc32)c(N2CCOCC2)c1Cl,5.623558116339912,4305,5.246494602357766,hiv_8760,MoleculeNet_HIV,True
CC(C)(C)Nc1noc(=O)n1C(C)(C)C,5.623557252345825,4306,5.218905461694009,hiv_36445,MoleculeNet_HIV,True
CC12OC3(C)c4ccccc4OP3(c3ccccc3)(Oc3ccccc31)O2,5.623537138716719,4307,5.295527933386996,hiv_7579,MoleculeNet_HIV,True
Cc1ccc2[nH]c3c(c2c1)[n+]([O-])c1ccccc1[n+]3[O-],5.623521117166374,4308,5.262509615780398,hiv_2298,MoleculeNet_HIV,True
CC12CCc3ccccc3C1=NNC(=O)C2,5.623512612967193,4309,5.308907910860219,hiv_19038,MoleculeNet_HIV,True
CC(C)=C1C(=O)NC(=O)C1C(N)=O,5.623338277674634,4310,5.194365047520419,hiv_3589,MoleculeNet_HIV,True
CC(=O)CC1CCC(=O)CCC(=O)OC(CC(C)=O)CCC(=O)CCC(=O)O1,5.623121739426227,4311,5.178835074613696,hiv_24713,MoleculeNet_HIV,True
N#CC(=Cc1ccc(-c2ccccc2)cc1)c1ccc(Cl)cc1,5.623035381016277,4312,5.2825057419605415,hiv_5872,MoleculeNet_HIV,True
COc1ccc(C=C2CSCC(=Cc3ccc(OC)c(OC)c3OC)C2=O)c(OC)c1OC,5.622990616923584,4313,5.157887194488709,hiv_29913,MoleculeNet_HIV,True
CCCCCCC(=O)C(O)C(O)C(=O)CCCCCCCC(=O)O,5.622954110907089,4314,5.3953249212780525,hiv_345,MoleculeNet_HIV,True
CCOc1ccc2nc(NC(=O)C(=O)C(C(=O)c3ccccc3F)C3OC(=O)c4ccccc43)sc2c1,5.62290886459136,4315,5.417353822060099,hiv_18965,MoleculeNet_HIV,True
OC(c1ccsc1)c1cc2ccccc2s1,5.622833205262099,4316,5.432017757889582,hiv_26947,MoleculeNet_HIV,True
CC1CCC2C(CN3CCCCC3)C(=O)OC2C2(C)C(=O)CC(N3CCCCC3)C12O,5.622804721178891,4317,5.138863779392414,hiv_12832,MoleculeNet_HIV,True
CCOC(=O)C(C#N)=C1NC(C(=O)OCC)CO1,5.622756807243969,4318,5.192555208532049,hiv_20582,MoleculeNet_HIV,True
Cc1cc2c(F)c(Oc3ncnn4cc(OCC(C)O)c(C)c34)ccc2[nH]1,5.6227417029015,4319,5.136326743007883,davis_11234052,DAVIS_spike_in,True
CCC1CN2CCc3c([nH]c4ccccc34)C2CC1CCO,5.622724499754396,4320,5.237219323539018,hiv_21938,MoleculeNet_HIV,True
CON=C(C(=O)N(C(=O)C(=NOC)c1csc(NC(c2ccccc2)(c2ccccc2)c2ccccc2)n1)n1cnn(CC(=O)OC(C)(C)C)c1=O)c1csc(NC(c2ccccc2)(c2ccccc2)c2ccccc2)n1,5.622676291291599,4321,5.301104193812751,hiv_26464,MoleculeNet_HIV,True
O=C(OCc1ccccc1)N1CCN(C(=O)OCc2ccccc2)CCN(C(=O)OCc2ccccc2)CCN(C(=O)OCc2ccccc2)CCN(C(=O)OCc2ccccc2)CC1,5.622619711531669,4322,5.234619272674911,hiv_39404,MoleculeNet_HIV,True
CN(C)c1ccc(C=Cc2ccnc3c2ccc2ccccc23)cc1,5.622614886081783,4323,5.266262285029868,hiv_9842,MoleculeNet_HIV,True
N#Cc1c(-c2ccccc2)cn(C(=O)c2ccccc2)c1N,5.622544111978078,4324,5.30854654495482,hiv_38041,MoleculeNet_HIV,True
CC12CCC3C(CCC4CC(O)CCC43C)C1Cc1cc3ccccc3nc12,5.622491216626859,4325,5.294611223191475,hiv_2277,MoleculeNet_HIV,True
CCn1c(=O)c2c3cc(OC(C)=O)ccc3oc2c2ccc(OC(C)=O)cc21,5.622446820244329,4326,5.159949143772537,hiv_25189,MoleculeNet_HIV,True
Cn1c(N)c(C=CC(=O)Oc2ccccc2)c(=O)n(C)c1=O,5.622401982385818,4327,5.283418044109089,hiv_36193,MoleculeNet_HIV,True
N#CC(=Cc1ccsc1)C(=O)c1ccccc1,5.622363132729805,4328,5.275822009752269,hiv_19851,MoleculeNet_HIV,True
N#Cc1c(N)oc(-c2cccc([N+](=O)[O-])c2)c1C#N,5.622334270969849,4329,5.184967685720841,hiv_34421,MoleculeNet_HIV,True
COc1ccc(C=CC(=O)Oc2ccccc2OC)cc1,5.622315386342373,4330,5.272609258867219,hiv_40536,MoleculeNet_HIV,True
c1ccc(C(NC2=NCCO2)c2ccccc2)cc1,5.622267108298336,4331,5.434327840166877,hiv_27057,MoleculeNet_HIV,True
CCCCC1(C(NC(=O)c2ccccc2Cl)c2ccncc2)C(=O)N(c2ccccc2)N(c2ccccc2)C1=O,5.6222092525599985,4332,5.371972666344888,hiv_13625,MoleculeNet_HIV,True
O=C1OC(c2cccc(C(F)(F)F)c2)(c2cccc(C(F)(F)F)c2)c2ccc3ccccc3c21,5.622160704108749,4333,5.259857262870139,hiv_12364,MoleculeNet_HIV,True
CSc1nc2c(=O)n(-c3ccccc3)c(=S)n(-c3ccccc3)c2s1,5.622048411825203,4334,5.286817758910543,hiv_30657,MoleculeNet_HIV,True
c1ccc(N2N=C3N(c4ccccc4)C2N3c2ccccc2)cc1,5.622048411825203,4335,5.276069590767685,hiv_273,MoleculeNet_HIV,True
C(=Cc1ccnc2ccccc12)c1ccnc2ccccc12,5.621909761147825,4336,5.249411120727205,hiv_14957,MoleculeNet_HIV,True
O=C1C(O)C2C(O)OC3C2N1CC3[Si](c1ccccc1)(c1ccccc1)c1ccccc1,5.621873727553724,4337,5.279967749648922,hiv_40426,MoleculeNet_HIV,True
CC1C2Cc3ccc(O)cc3C1(C)CCN2CC1CC1,5.621837983013945,4338,5.190810172763389,hiv_4004,MoleculeNet_HIV,True
CCc1n[nH]c(=O)n1-c1ccc2ccccc2c1,5.621822281527839,4339,5.3168228887521485,hiv_32473,MoleculeNet_HIV,True
COc1cccc(C2CC(=O)c3cccn32)c1,5.62176126418504,4340,5.166770366223862,hiv_36126,MoleculeNet_HIV,True
O=C1Nc2ccc(Cl)cc2C(c2ccccc2Cl)=NC1O,5.62172241514706,4341,5.305566603098767,hiv_7237,MoleculeNet_HIV,True
CC1=C(O)C(=O)c2cn(C)cc2C1=O,5.6216981597472255,4342,5.17395278404008,hiv_10992,MoleculeNet_HIV,True
Cc1cc(C(=O)c2ccccc2)c2oc(-c3ccccc3)c(Cl)c(=O)c2c1,5.62163454067843,4343,5.2893169947005365,hiv_2733,MoleculeNet_HIV,True
CCC1C(OC(=O)C(O)(c2ccccc2)c2ccccc2)C(C)(C)C1N1CCCCC1,5.621615756216134,4344,5.299748934247975,hiv_27982,MoleculeNet_HIV,True
C1CN2CCOB(O1)OCC2,5.621551100233315,4345,5.183745047012323,hiv_286,MoleculeNet_HIV,True
O=C1CN2CC(c3ccccc3)OC2c2ccccc2N1,5.621516723927076,4346,5.2499941665701275,hiv_19263,MoleculeNet_HIV,True
Cn1c(=O)c2nsnc2n(C)c1=O,5.621474227693767,4347,5.186912868403072,hiv_9641,MoleculeNet_HIV,True
Cn1c(=O)c2nc3c(=O)n(C)c(=O)n(C)c3nc2n(C)c1=O,5.621474227693767,4348,5.186912868403072,hiv_3219,MoleculeNet_HIV,True
COC(=O)C(NC(=O)c1ccccc1)C(c1c(O)cc(O)cc1O)P(=O)(OC)OC,5.621454204293164,4349,5.417447121454558,hiv_19125,MoleculeNet_HIV,True
CN(C)C(=S)N=c1ssc(=Nc2ccccc2)n1C,5.621411701519104,4350,5.282545684669445,hiv_11165,MoleculeNet_HIV,True
CN1Cc2ccccc2C=Cc2ccccc21,5.621411701519104,4351,5.287802174106264,hiv_5980,MoleculeNet_HIV,True
CN1C(=Nc2ccccc2)SC1=Nc1ccccc1,5.621411701519104,4352,5.282545684669445,hiv_14163,MoleculeNet_HIV,True
CN1C(=S)CSc2ccccc21,5.621411701519104,4353,5.287802174106264,hiv_22216,MoleculeNet_HIV,True
O=C1CC23CCC4(CC2=CCCC3O1)OCCO4,5.621357517922108,4354,5.180467617688952,hiv_28519,MoleculeNet_HIV,True
COC(=O)C1CC2c3[nH]c4ccccc4c3CCN2C1,5.621210071657828,4355,5.221927935214081,hiv_5610,MoleculeNet_HIV,True
C=C(c1ccccc1)c1ccccc1-c1cc(-c2ccccc2)cc(-c2ccccc2)n1,5.621196753161056,4356,5.265293077086188,hiv_33149,MoleculeNet_HIV,True
O=C1NCC2(CCN(Cc3ccccc3)CC2)N1,5.62103177855617,4357,5.252443942748031,hiv_27741,MoleculeNet_HIV,True
Cn1cc2c(n1)c(NN=Cc1ccccc1)nn1nnnc21,5.620960954366206,4358,5.215475343254803,hiv_15521,MoleculeNet_HIV,True
Brc1ccccc1C=CC1(c2ccccc2)OCCO1,5.620929543320941,4359,5.29118759008369,hiv_40558,MoleculeNet_HIV,True
COc1cc(C(c2c(O)c3ccccc3oc2=O)c2c(O)c3ccccc3oc2=O)cc(OC)c1O,5.620851491756878,4360,5.426437652105495,hiv_9287,MoleculeNet_HIV,True
CC(C)(C)OC(=O)NC(CSSCC(NC(=O)OC(C)(C)C)C(=O)O)C(=O)O,5.620837285431253,4361,5.39474210761339,hiv_29354,MoleculeNet_HIV,True
CC1(C)CC=CCCC(O)C(O)CCC(C)(C)C1=O,5.620810041836435,4362,5.1872578585878975,hiv_32855,MoleculeNet_HIV,True
Cc1ccc(NC(=O)c2cnccn2)c(=O)o1,5.620759843361355,4363,5.180468122470527,hiv_37918,MoleculeNet_HIV,True
C=CC(=O)c1ccc2c(c1)OCCOCCOCCOCCOCCO2,5.620580185039937,4364,5.110582006723364,hiv_24068,MoleculeNet_HIV,True
CN1CC2CN(Cc3ccccc3)CCN2c2cccnc21,5.620566745291657,4365,5.235554613083791,hiv_34962,MoleculeNet_HIV,True
CC[N+](C)(CC)CCCC(C)N1C(=O)C2CCCCC2C1=O,5.6205549768703404,4366,5.393142847871493,hiv_1763,MoleculeNet_HIV,True
CC1=CC2Cc3ccoc3C(C)(C)C2CC1,5.620476687996667,4367,5.116272996157136,hiv_10999,MoleculeNet_HIV,True
CCN(CC)CCn1c(C)nc2c1C(=O)c1nc(C)n(CCN(CC)CC)c1C2=O,5.62046082077499,4368,5.18172439183645,hiv_2182,MoleculeNet_HIV,True
CC1CCN(c2nnc(Cl)cc2C(=O)c2ccccc2)CC1,5.620386249031825,4369,5.228933467047287,hiv_33753,MoleculeNet_HIV,True
CC(C)=CC=C1CS(=O)(=O)C=C1C,5.620269006971261,4370,5.188469077737241,hiv_37980,MoleculeNet_HIV,True
COc1ccc2c(=O)c3ccoc3[nH]c2c1,5.620242196223283,4371,5.185226727405315,hiv_39320,MoleculeNet_HIV,True
S=C1NC(C=Cc2ccccc2)Nc2ccccc21,5.620214936176034,4372,5.283427257595357,hiv_5357,MoleculeNet_HIV,True
N#CC1(c2ccccc2)CCN(Cc2ccccc2)CC1,5.62012184534901,4373,5.24912046806154,hiv_952,MoleculeNet_HIV,True
Cc1ccc(-n2cc(-c3ccc(Cl)cc3)c3c(NN=C4SCC(=O)N4C)ncnc32)cc1,5.620111366999989,4374,5.180460122719794,hiv_28913,MoleculeNet_HIV,True
CC[Sn](CC)(OC(=O)c1ccccc1OC)O[Sn](CC)(CC)OC(=O)c1ccccc1OC,5.620060479448963,4375,5.281947826283949,hiv_20135,MoleculeNet_HIV,True
O=[N+]([O-])c1ccc(C2CC(c3ccc(NCc4nc5ccccc5[nH]4)cc3)=NO2)cc1,5.619890122456583,4376,5.285699837939515,hiv_22969,MoleculeNet_HIV,True
CCCCCCCCCCCCCCCCOCC(CN(C)CCN(C)C)OCCCCCCCCCCCCCCCC,5.6198785189649385,4377,5.395364843476556,hiv_12240,MoleculeNet_HIV,True
CCCCCCCCOCC(CO)OCCCCCCCC,5.6198785189649385,4378,5.400581410714871,hiv_21668,MoleculeNet_HIV,True
COC(=O)c1cc(C#N)[nH]c1-c1ccsc1,5.619845050213608,4379,5.174814102782119,hiv_35058,MoleculeNet_HIV,True
O=C1c2ccccc2C(=O)c2cc(N=Nc3c(O)ccc4ccccc34)ccc21,5.619779139117137,4380,5.431784321781132,hiv_1512,MoleculeNet_HIV,True
O=C(Sc1c(-c2ccccc2)c(=O)n(-c2ccccc2)c(=S)n1-c1ccccc1)c1ccco1,5.619767055234188,4381,5.23894805135272,hiv_30390,MoleculeNet_HIV,True
Fc1ccc(N(c2nc(Cl)nc(Cl)n2)c2nc(Cl)nc(Cl)n2)cc1,5.619732375231284,4382,5.190967823369405,hiv_7751,MoleculeNet_HIV,True
N=C(NN=Cc1ccc(Cl)cc1)C(=N)NN=Cc1ccc(Cl)cc1,5.619703699783698,4383,5.18260085145307,hiv_1557,MoleculeNet_HIV,True
COc1ccc(N2C(=O)C(=Cc3cccc(Oc4ccccc4)c3)SC2c2ccccc2)cc1,5.619698059778308,4384,5.192455627707855,hiv_40179,MoleculeNet_HIV,True
Cc1cc(NC(=O)C(=O)Cc2cnc3ccccc3n2)c(S(=O)(=O)O)cc1Cl,5.619609236036442,4385,5.296598305280643,hiv_22374,MoleculeNet_HIV,True
O=C1c2cc3c(cc2CC12Cc1cc4c(cc1C2)CCC4)CCC3,5.61948950330065,4386,5.206955549493109,hiv_30086,MoleculeNet_HIV,True
O=C1NN(C2=NNC3(C(=O)N2)c2ccccc2-c2ccccc23)C(c2ccccc2)=NC1=Cc1ccc(O)cc1,5.619276234446363,4387,5.4232909446275475,hiv_28234,MoleculeNet_HIV,True
COc1cc(C=C2C(=O)N(C(=O)Cc3ccccc3)N=C2C)ccc1O,5.619264821855167,4388,5.215338975408535,hiv_23313,MoleculeNet_HIV,True
Cn1cc(C(N)=O)ccc1=N,5.619260572541087,4389,5.187785227842715,hiv_2385,MoleculeNet_HIV,True
CCCC1(c2ccccc2)Oc2ccccc2-n2cccc2C1=O,5.619198654317874,4390,5.33950819740423,hiv_31917,MoleculeNet_HIV,True
COC(=O)C(C)(C)C(OP(=S)(OC)OC)=C(C)C,5.619186311029789,4391,5.19333706495536,hiv_4805,MoleculeNet_HIV,True
Cc1nc(O)nc(CC(O)(c2ccccc2)c2ccccc2)c1-c1ccccc1,5.619122882843831,4392,5.233467721121104,hiv_15370,MoleculeNet_HIV,True
O=c1oc2ccccc2c(O)c1C(CC(=NO)c1ccccc1)c1ccccc1,5.6191172946966494,4393,5.403246327961858,hiv_6324,MoleculeNet_HIV,True
O=c1[nH]c2c(cnn2-c2ccccc2)c(=O)n1OS(=O)(=O)c1ccccc1,5.619105500175859,4394,5.285370128334691,hiv_3886,MoleculeNet_HIV,True
CCOC(=O)C1COc2cc(-c3cc(=O)c4ccccc4o3)ccc2O1,5.619080683520851,4395,5.253051131430923,hiv_11438,MoleculeNet_HIV,True
c1ccc2sc(-c3c4ccccc4cc4c3ccc3ccccc34)cc2c1,5.619075998570716,4396,5.262053818478612,hiv_3673,MoleculeNet_HIV,True
CC(C)(O)CCC(=O)C(C)(O)C1CCC2(C)C3CC=C4C(CC(O)C(O)C4(C)C)C3(C)C(=O)CC12C,5.619000309885995,4397,5.214978715097772,hiv_4851,MoleculeNet_HIV,True
c1ccc(-c2csc3[n+]2CCN3)cc1,5.618937396614299,4398,5.29236336463485,hiv_9793,MoleculeNet_HIV,True
O=C1CCSC(=O)N1c1ccccc1,5.618935758372259,4399,5.283339524510178,hiv_8514,MoleculeNet_HIV,True
O=C1CSC(=Nc2ccccc2F)N1c1ccccc1F,5.618935758372259,4400,5.284867450711011,hiv_7870,MoleculeNet_HIV,True
O=C1CCC(=O)N1C(c1ccccc1)(c1ccccc1)c1ccccc1,5.618935758372259,4401,5.283339524510178,hiv_1882,MoleculeNet_HIV,True
COc1cc2nc(CCc3nc4cc(OC)c(OC)cc4[nH]3)[nH]c2cc1OC,5.618817358997183,4402,5.170573503439408,hiv_5941,MoleculeNet_HIV,True
C[N+]1(C)CC(=CC=Cc2ccccc2)C(=O)C(=CC=Cc2ccccc2)C1.[IH2+],5.618764732059753,4403,5.280903118558747,hiv_17236,MoleculeNet_HIV,True
CC(C=Cc1ccccc1)=NN=C(C)C=Cc1ccccc1,5.618764732059753,4404,5.285983976360907,hiv_24412,MoleculeNet_HIV,True
C[Si](C)(C)OC1c2[nH]c3ccccc3c2CN2C(=O)CCC12,5.61871711717362,4405,5.2255930172579745,hiv_39206,MoleculeNet_HIV,True
COc1cc(C=O)c(-c2cc3c(cc2C=O)OCO3)c(OC)c1OC,5.618685725767277,4406,5.1739266766759355,hiv_21829,MoleculeNet_HIV,True
CC(=O)OC1CCC2(C)C(=CCC3C4Cc5cc6ccccc6nc5NC4(C)CCC32)C1,5.6186810831235885,4407,5.299278424393658,hiv_13373,MoleculeNet_HIV,True
c1ccc(SCCCC(Sc2ccccc2)Sc2ccccc2)cc1,5.618675157997182,4408,5.404688879594403,hiv_12083,MoleculeNet_HIV,True
c1ccc(SC(CCCCC(Sc2ccccc2)Sc2ccccc2)Sc2ccccc2)cc1,5.618675157997182,4409,5.404688879594403,hiv_12093,MoleculeNet_HIV,True
CC(C)(C)n1c(=O)n(-c2ccccc2)n(C(C)(C)C)c1=O,5.618663443203948,4410,5.293612923915066,hiv_36452,MoleculeNet_HIV,True
COc1ccccc1C=CC(=O)c1ccccc(=O)c1O,5.618657602112491,4411,5.255375400065823,hiv_8745,MoleculeNet_HIV,True
O=S(=O)(O)c1cc(S(=O)(=O)O)c2c(Nc3ccnc4ccccc34)ccc(S(=O)(=O)O)c2c1.[NaH],5.618655574839083,4412,5.2448382024308975,hiv_34894,MoleculeNet_HIV,True
CCc1nn(S(=O)(=O)c2ccc(C)cc2)c2c1CS(=O)(=O)CC2,5.61859102091316,4413,5.174835671869345,hiv_40237,MoleculeNet_HIV,True
CNC(=S)N(C)C(=S)Nn1c(=O)c(C)nn(C)c1=S,5.618573417446745,4414,5.181896447955984,hiv_23995,MoleculeNet_HIV,True
COC(=O)c1nc(S)nc(C(=O)OC)c1C(=O)C=Cc1ccccc1,5.618568377149786,4415,5.266640531675938,hiv_9125,MoleculeNet_HIV,True
COC(=O)c1cc(C#N)[nH]c1-c1ccc(Br)s1,5.618547259382056,4416,5.173051010786372,hiv_40514,MoleculeNet_HIV,True
COc1ccc(-c2cnoc2-c2ccc(OC)c(OC)c2)cc1OC,5.618454202019088,4417,5.157703381551544,hiv_22660,MoleculeNet_HIV,True
COP(=O)(C=Cc1cc(C(=O)OCc2ccccc2)n(S(=O)(=O)c2ccccc2)c1)OC,5.618397604971235,4418,5.213306661929334,hiv_33610,MoleculeNet_HIV,True
c1cnn(CN(Cn2cccn2)Cn2cccn2)c1,5.618392456588412,4419,5.191206241799077,hiv_12068,MoleculeNet_HIV,True
O=S1(=O)C2C=CCC1C(c1ccccc1)CC2,5.618340530441004,4420,5.276191757797695,hiv_16270,MoleculeNet_HIV,True
Cc1ccc(S(=O)(=O)N(CCN2C(=O)c3ccccc3C2=O)c2cc3c4c(c2)Oc2cc(N(CCN5C(=O)c6ccccc6C5=O)S(=O)(=O)c5ccc(C)cc5)cc5c2C4(C)c2c(cc(N(CCN4C(=O)c6ccccc6C4=O)S(=O)(=O)c4ccc(C)cc4)cc2O5)O3)cc1,5.618293826871478,4421,5.29363641796139,hiv_38996,MoleculeNet_HIV,True
Cc1nn(-c2nc(O)c3c(n2)CCCC3)c(O)c1CCO,5.618226624442707,4422,5.189133464315375,hiv_27522,MoleculeNet_HIV,True
CC1(C)OC2=C(CC1Br)C(=O)C(=O)c1ccccc12,5.618209612661974,4423,5.3805339953103966,hiv_3633,MoleculeNet_HIV,True
CC(C)CCCC(C)C1CCC2C3CCC4CC5(CCC4(C)C3CCC12C)NCCCS5,5.61820372557042,4424,5.428286527351978,hiv_2799,MoleculeNet_HIV,True
Cc1cccc(C(=O)c2cccc3ccccc23)c1C(=O)O,5.618172303846168,4425,5.252218285526989,hiv_2055,MoleculeNet_HIV,True
CCCCn1c(=O)[nH]c2c(N)ncnc21,5.618066653656199,4426,5.196799904721238,hiv_28778,MoleculeNet_HIV,True
CC1=CC(O)(c2ccccc2)C(N2CCOCC2)N1O,5.617960371269998,4427,5.292711827536645,hiv_29871,MoleculeNet_HIV,True
O=C1Cc2c(-c3cccs3)cc(-c3ccccc3)nc2-c2ccccc2N1,5.617699559231442,4428,5.2942400652797135,hiv_34752,MoleculeNet_HIV,True
N#CC1(C#N)C(c2ccccc2)C=CC(c2ccc([N+](=O)[O-])cc2)C1(C#N)C#N,5.617599626162179,4429,5.286337192211516,hiv_37719,MoleculeNet_HIV,True
CC1C2(C)OC(=N)C(C#N)(C(c3ccccc3)O2)C1(C#N)C#N,5.617599626162179,4430,5.255628447965022,hiv_34429,MoleculeNet_HIV,True
O=C1CCC23C=CC(=O)NCCCCNCCCNC(=O)C=Cc4ccc(c2c4)OC3C1,5.617578842134002,4431,5.216237178886657,hiv_5373,MoleculeNet_HIV,True
COC=C=CC(C)(C)OC,5.617552346739666,4432,5.19333706495536,hiv_8735,MoleculeNet_HIV,True
C1=Cc2ccccc2C1=Cc1cc2c3c(c1)CCCN3CCC2,5.617538752013069,4433,5.29408626572412,hiv_4384,MoleculeNet_HIV,True
O=C(C=Cc1ccccc1)c1ccc(-c2cccc(-c3ccccc3)c2)cc1,5.617490241743314,4434,5.2835433243582175,hiv_1456,MoleculeNet_HIV,True
NC(=O)C12CCC1C1CCCCC12N1CCOCC1,5.617466881247653,4435,5.18662642905768,hiv_12421,MoleculeNet_HIV,True
O=C1c2ccccc2C(=O)N1CC(Cl)=CCl,5.617350317845045,4436,5.2885960139469965,hiv_5822,MoleculeNet_HIV,True
COC(=O)C1C2CCCN2OC1(C)CO,5.617299726489046,4437,5.1777229755352305,hiv_10237,MoleculeNet_HIV,True
O=C1C2=C(NC(c3ccccc3)C(c3ccccc3)N2)C(=O)c2ccccc21,5.617271295407665,4438,5.4322654467090326,hiv_14197,MoleculeNet_HIV,True
COC1OC2COC(C)(C)OC2C(OC(C)=O)C1NC(=O)N(CCCl)N=O,5.6172588269673955,4439,5.161840642560266,hiv_19719,MoleculeNet_HIV,True
O=C1CCc2nc3ccccc3c(=O)n21,5.617157287730474,4440,5.231326452029417,hiv_3662,MoleculeNet_HIV,True
O=C1Cn2nc(C(=O)c3ccccc3C#Cc3ccccc3)c(-c3ccccc3)c2-c2ccccc21,5.617079143702713,4441,5.279162497393262,hiv_22306,MoleculeNet_HIV,True
CC(=O)[n+]1nc(-c2nc(N)nc(NC3C4CC5CC(C4)CC3C5)n2)oc1-c1ccc(Cl)cc1,5.61705141642907,4442,5.180030620797555,hiv_20244,MoleculeNet_HIV,True
CSc1ncc2c(C#N)c3sc4ccccc4n3c(=O)c2n1,5.616961244597251,4443,5.242789174958462,hiv_36881,MoleculeNet_HIV,True
Oc1ccc(-c2nc(-c3cccnc3)c(-c3ccc(Cl)cc3)[nH]2)cc1O,5.616832061825475,4444,5.178869798865063,hiv_35116,MoleculeNet_HIV,True
Cn1nnnc1SCC1=C(C(=O)O)N2C(=O)C(NC(=O)C(OC=O)c3ccccc3)C2SC1,5.6167832506760735,4445,5.351156687985848,hiv_7565,MoleculeNet_HIV,True
[N-]=[N+]=Nc1c(-c2ccccc2)c(Cl)nc2ccccc12,5.616774039758668,4446,5.245362185712984,hiv_29496,MoleculeNet_HIV,True
CN(C)N1C(=C(C#N)C#N)C(c2ccccc2)CC1C#N,5.6166866644539795,4447,5.27954782516805,hiv_34413,MoleculeNet_HIV,True
COC(=O)C1CC=CCCC1=O,5.616673601282264,4448,5.1510906288292695,hiv_15884,MoleculeNet_HIV,True
COc1cc(C(c2ccc3c(c2)OCO3)C2SCCCS2)cc(OC)c1OC,5.616656619853692,4449,5.405069584447379,hiv_35211,MoleculeNet_HIV,True
Cc1nc2ccccc2c(=O)n1Cc1nc2ccccc2[nH]1,5.616614086223782,4450,5.238745697933136,hiv_33929,MoleculeNet_HIV,True
COc1ccc2ccccc2c1-c1cccc2ccccc12,5.616558371040308,4451,5.234188115245932,hiv_26815,MoleculeNet_HIV,True
N#CC(C(=O)C(=NN)C(C#N)c1ccc(Cl)cc1)c1ccc(Cl)cc1,5.616536724691525,4452,5.436599715510157,hiv_16730,MoleculeNet_HIV,True
Cc1ccc(S(=O)(=O)NN=C2C=CC3(CC2)C(=O)N(C)c2ccccc23)cc1,5.616524091306485,4453,5.266351022899533,hiv_38824,MoleculeNet_HIV,True
COc1ccc2c3ccc4c(c3n(C)c2c1)C(=O)C=CC4=O,5.616474211564515,4454,5.1258584520016495,hiv_23334,MoleculeNet_HIV,True
Cc1ccc(Nc2cccc3c2C(=O)c2cccc(Nc4ccc(C)cc4S(=O)(=O)O)c2C3=O)c(S(=O)(=O)O)c1,5.616335113430185,4455,5.206701875504006,hiv_7462,MoleculeNet_HIV,True
c1cc2n(n1)CCN2,5.61619654198425,4456,5.216415869057992,hiv_1661,MoleculeNet_HIV,True
CN1[PH](F)(F)[Ni-2]2([PH](c3ccccc3)(c3ccccc3)c3ccccc3)[PH](F)(F)N(C)[PH](F)(F)[Ni-2]([PH](c3ccccc3)(c3ccccc3)c3ccccc3)([PH]1(F)F)[PH](F)(F)N(C)[PH]2(F)F,5.616158045228304,4457,5.282545684669445,hiv_16539,MoleculeNet_HIV,True
N#Cc1ccc(Oc2cccc(Oc3ccccc3)c2)cc1C#N,5.616147886434194,4458,5.280907222695575,hiv_21122,MoleculeNet_HIV,True
OC1c2ccccc2C2C1C(c1ccccc1)C1(Cc3ccccc3C1O)C2c1ccccc1,5.616140768444958,4459,5.224522216795001,hiv_32803,MoleculeNet_HIV,True
c1ccc2sc(SN3CCOCC3)nc2c1,5.616037287559774,4460,5.293048683326444,hiv_2492,MoleculeNet_HIV,True
NC(=O)C=Cc1c[nH]c2nccnc12,5.616034090453981,4461,5.1909643367376805,hiv_6496,MoleculeNet_HIV,True
CCC1(O)N=C(c2ccccc2)c2ccccc2-n2cccc21,5.615993042716029,4462,5.341546156236931,hiv_27148,MoleculeNet_HIV,True
CCOC(=O)C(CCSC)(CCSC)C(=O)OCC,5.6159590315979795,4463,5.194249568171668,hiv_29804,MoleculeNet_HIV,True
CCOC(=S)SCCSC,5.6159590315979795,4464,5.194249568171668,hiv_53,MoleculeNet_HIV,True
CC(=O)OCC12C(OC(C)=O)CC(C)C3(CC(c4ccoc4)OC3=O)C1CCC(OC(C)=O)C21CO1,5.6158897403962404,4465,5.185814246293971,hiv_31959,MoleculeNet_HIV,True
Cn1c2ccccc2c2c(-c3ccccc3)cc3c(c21)C(=O)C=CC3=O,5.615870711625453,4466,5.200082103769412,hiv_26590,MoleculeNet_HIV,True
COc1ccccc1C1CC(c2ccccc2)=Nc2ccccc2S1,5.615764488232226,4467,5.381806316157328,hiv_6682,MoleculeNet_HIV,True
CC(C)c1ccc2c(c1)CCC1C2(C)CCCC1(C)C(O)c1ccccc1,5.615719168449958,4468,5.4458912894094285,hiv_144,MoleculeNet_HIV,True
O=C(CC1(O)C(=O)Nc2ccc(Br)cc21)c1ccc2c(c1)OCO2,5.615702335921985,4469,5.217375334668675,hiv_6215,MoleculeNet_HIV,True
Cc1nnc(SCC2=C(C(=O)O)N3C(=O)C(NC(=O)Cn4cc(Cl)c(=O)c(Cl)c4)C3SC2)s1,5.615587702650432,4470,5.118783492464315,hiv_7653,MoleculeNet_HIV,True
N#Cc1ncn(-c2ccccc2)c1N,5.615565417923481,4471,5.284668776380274,hiv_30044,MoleculeNet_HIV,True
C(=Cc1ccccc1)C=NCCCCCCN=CC=Cc1ccccc1,5.615562773264777,4472,5.282137708142316,hiv_1912,MoleculeNet_HIV,True
Cc1[nH][nH]c(=N)c1C#N,5.615444671631761,4473,5.195832649988726,hiv_800,MoleculeNet_HIV,True
Cc1ccc2c(c1)[nH]c(=S)n2C=C1C(=O)Oc2ccccc2C1=O,5.615439908441008,4474,5.27084207464013,hiv_24794,MoleculeNet_HIV,True
CC(C=NN(C)C1=NCCCCN1)=NN(C)C1=NCCCCN1.I,5.615423159963763,4475,5.21215606830709,hiv_32200,MoleculeNet_HIV,True
CC(C=NN(C)C1=NCCCN1)=NN(C)C1=NCCCN1.I,5.615423159963763,4476,5.21215606830709,hiv_32199,MoleculeNet_HIV,True
CCCCCCCCCCCCCCCCCC(=O)NCCCNCCCNC(=O)CCCCCCCCCCCCCCCCC,5.615314661815784,4477,5.194249568171668,hiv_21749,MoleculeNet_HIV,True
CCc1n[nH]c(CC)c1CCCCCCOc1ccc(OC)cc1Cl.CS(=O)(=O)O,5.615301022193476,4478,5.168385607997525,hiv_8768,MoleculeNet_HIV,True
COc1cc2c(cc1OC)CN1CCc3cc(OC)c(OC)cc3C1C2,5.615296070971,4479,5.105886779568815,hiv_710,MoleculeNet_HIV,True
COc1ccc2c(c1)N1CCc3cc(OC)c(OC)cc3C1C2,5.615296070971,4480,5.105886779568815,hiv_16248,MoleculeNet_HIV,True
N=C(N)N1CCC(N2CCOCC2)CC1.O=S(=O)(O)O,5.615248286862613,4481,5.181827768884788,hiv_27634,MoleculeNet_HIV,True
O=C(CC(C(=O)c1ccsc1)c1ccc2c(c1)OCO2)c1ccccc1,5.615188281877551,4482,5.405786998438853,hiv_40565,MoleculeNet_HIV,True
Cc1ccc2c(=O)c3cccc(CC(=O)O)c3[nH]c2c1C.[NaH],5.615131560050644,4483,5.199615888184053,hiv_33027,MoleculeNet_HIV,True
Cl.N=C(N)NN=Cc1c(-c2ccc(Cl)cc2)nc2n1CCS2,5.615103617094122,4484,5.174625750687373,hiv_30323,MoleculeNet_HIV,True
CN1BN(C)BN(C)B1,5.615028210686814,4485,5.186912868403072,hiv_469,MoleculeNet_HIV,True
CO[PH](OC)(OC)[Ni-2]12[PH](F)(F)N(C)[PH](F)(F)[Ni-2]([PH](OC)(OC)OC)([PH](F)(F)N(C)[PH]1(F)F)[PH](F)(F)N(C)[PH]2(F)F,5.615028210686814,4486,5.1621782542140595,hiv_16540,MoleculeNet_HIV,True
CCOC(=O)C1Cc2ccc3c4c(ccc(c24)C1)CC(C(=O)OCC)C3,5.615010275767055,4487,5.185796519255524,hiv_13611,MoleculeNet_HIV,True
O=c1[nH]c(=O)n2c3c1ncn3CC=CC2,5.614871354095942,4488,5.1907923008303785,hiv_21280,MoleculeNet_HIV,True
Clc1ccc(C=Cc2nc3ccccc3s2)cc1Cl,5.614809565626487,4489,5.295594978799558,hiv_30271,MoleculeNet_HIV,True
CCC1(CC2CCCN(C)C2)c2ccccc2Sc2ccccc21.O=C(O)C(=O)O,5.614719568382843,4490,5.295890086035961,hiv_2875,MoleculeNet_HIV,True
O=C1c2nc3n(c2C(=O)c2c1nc1n2CCC1)CCC3,5.614627388037828,4491,5.174160310679074,hiv_23451,MoleculeNet_HIV,True
C=CC1(c2ccc(-c3ccccc3)cc2)OCCO1,5.614558756475358,4492,5.294695309350054,hiv_30647,MoleculeNet_HIV,True
COc1ccc(OC)c(NC(=S)NN=Cc2cccc3ccccc23)c1,5.614526481791024,4493,5.227097834745367,hiv_6388,MoleculeNet_HIV,True
FC(F)(Sc1ccccc1)c1nc2ccccc2o1,5.614521722145245,4494,5.2825057419605415,hiv_37800,MoleculeNet_HIV,True
CCCCCCCCCCCc1c(O)c(O)cc2nc3ccc(Sc4ccccc4)cc3nc12,5.614508583271669,4495,5.29119850568167,hiv_15211,MoleculeNet_HIV,True
CC1(C)CCCCCCC2CC2CCCCCC(C)(C)C1=O,5.614403442222919,4496,5.185841577785932,hiv_32853,MoleculeNet_HIV,True
CC1(C)CCCC2CC2CCC(C)(C)C1=O,5.614403442222919,4497,5.185841577785932,hiv_32850,MoleculeNet_HIV,True
c1ccc(C2=NN(c3ccccc3)C3(S2)SC(c2ccccc2)(c2ccccc2)c2ccccc23)cc1,5.61432968060644,4498,5.296250989824873,hiv_24037,MoleculeNet_HIV,True
CCOP(=O)(OCC)OCCOCCOP(=O)(OCC)OCC,5.614321371712936,4499,5.190805109986514,hiv_1483,MoleculeNet_HIV,True
Cc1nc2nn(Cc3ccccc3)cc2c(=O)o1,5.6142579097113545,4500,5.231720659854403,hiv_20596,MoleculeNet_HIV,True
c1ccc([N+]2=N[NH+](c3ccccc3)[Mo+2]23456C2=C3[C-]4C5=C26)cc1,5.614187310831391,4501,5.2825057419605415,hiv_15785,MoleculeNet_HIV,True
CSc1nc(NC(=O)c2ccccc2Cl)n[nH]1,5.614073419523313,4502,5.306044881419165,hiv_10575,MoleculeNet_HIV,True
COc1ccc(C=NNC(=O)c2sc(=S)n(-c3ccccc3)c2N)cc1,5.61397844845855,4503,5.264902215480064,hiv_23206,MoleculeNet_HIV,True
COc1ccc(C=NNC(=O)C2=C(N)N(c3ccccc3)C(=C(C#N)C#N)S2)cc1,5.613952086425374,4504,5.263056285635917,hiv_23208,MoleculeNet_HIV,True
COC(=O)C1CC2c3c(c4ccccc4n3C)CC(C1=O)N2C,5.613932743712315,4505,5.366566662771792,hiv_14065,MoleculeNet_HIV,True
CC(C)(C)[Si](C)(C)OCC1=C(CC#N)C(O[Si](C)(C)C(C)(C)C)C(n2ccc(=O)[nH]c2=O)O1,5.613914664465396,4506,5.210928427884368,hiv_39678,MoleculeNet_HIV,True
N#CC(C(=O)C(=NNC(=O)c1ccccc1O)C(C#N)c1ccccc1)c1ccccc1,5.613901362484359,4507,5.430165780074638,hiv_16721,MoleculeNet_HIV,True
COc1ccc2nc3cc(Cl)ccc3c(SCC(=O)Nc3ccccc3-c3ccccc3NC(=O)CSc3c4ccc(Cl)cc4nc4ccc(OC)cc34)c2c1,5.613880572613238,4508,5.27755225212532,hiv_20610,MoleculeNet_HIV,True
CC(C)(C)C1CCC(O)C(C(O)CC2CC(=O)N(c3ccccc3)C(=O)C2)C1,5.613806883798896,4509,5.399980910848276,hiv_33091,MoleculeNet_HIV,True
O=C(Nc1c(O)nc(O)nc1C(=O)NC1CCCCC1)c1ccc(Cl)cc1,5.613720705442144,4510,5.170464665190745,hiv_12013,MoleculeNet_HIV,True
O=C1NC(=O)C2(c3ccccc3)CCN1C2=O,5.613665415034116,4511,5.30869481472096,hiv_7090,MoleculeNet_HIV,True
CCOC(=O)c1sc2c(c1O)c(=O)n(-c1ccccc1)c(=S)n2-c1ccccc1,5.613633582716873,4512,5.278143610172648,hiv_24490,MoleculeNet_HIV,True
CC1(O)C(=O)N(Cc2ccccc2)c2ccccc21,5.613612098087448,4513,5.247716113364242,hiv_18233,MoleculeNet_HIV,True
CCOC(=O)CN(c1sc(C)c(CC)c1C(=O)OCC)S(=O)(=O)c1ccc(C)cc1,5.613546072739613,4514,5.188970650259823,hiv_4619,MoleculeNet_HIV,True
CC(C)CC(NC(=O)OCc1ccccc1)C(=O)NCCCCC(NC(=O)C(CCCCNC(=O)C(CC(C)C)NC(=O)OCc1ccccc1)NC(=O)C(CCCCNC(=O)C(CC(C)C)NC(=O)OCc1ccccc1)NC(=O)C(CCCCNC(=O)C(CC(C)C)NC(=O)OCc1ccccc1)NC(=O)OC(C)(C)C)C(=O)O,5.613533644053565,4515,5.431872784960647,hiv_29273,MoleculeNet_HIV,True
Cn1cnc([N+](=O)[O-])c1Sc1nc2ccccc2s1,5.61350767262447,4516,5.287802174106264,hiv_14710,MoleculeNet_HIV,True
COC(=O)C1C(O)C(=O)N2CCC(OC(=O)c3ccccc3)C12,5.613467248307484,4517,5.2074404612580345,hiv_40414,MoleculeNet_HIV,True
CCc1cccc(C)c1NC(=S)NC(=O)c1ccccc1C(=O)NC(=S)Nc1c(C)cccc1CC,5.6134505179713825,4518,5.297564441442485,hiv_18933,MoleculeNet_HIV,True
N=C(c1ccccc1)N(c1ccccc1)c1ccccc1,5.613401869961658,4519,5.283339524510178,hiv_11863,MoleculeNet_HIV,True
O=C1c2ccccc2C(=O)c2nc3c(O)cccc3cc21,5.613392357406532,4520,5.42766182763838,hiv_19766,MoleculeNet_HIV,True
CC(=O)Nc1[nH]n(C)c(=O)c1-c1nnc(C)s1,5.613358182628625,4521,5.147009904733872,hiv_22220,MoleculeNet_HIV,True
CC1CCN(SSc2nc3ccccc3s2)CC1,5.613314399121136,4522,5.284061185059728,hiv_6826,MoleculeNet_HIV,True
NC(=O)C(c1ccccc1)N1CCCC1,5.613302858442778,4523,5.451638109611685,hiv_5550,MoleculeNet_HIV,True
CCOC(=O)c1cc(C2=CCNC2=O)c(-c2cc(C)no2)[nH]1,5.613282061533417,4524,5.198765775962719,hiv_38937,MoleculeNet_HIV,True
O=C(O)c1ccccc1C=C1Cc2cc3c(cc2C1=O)CCC3,5.613112126309752,4525,5.282335769935621,hiv_31832,MoleculeNet_HIV,True
O=C(Cc1ccccc1)NN=C(c1nc2ccc([N+](=O)[O-])cc2nc1O)C(O)c1ccccc1Cl,5.612999498702939,4526,5.40362537398725,hiv_19316,MoleculeNet_HIV,True
COc1cccc(N2C(=O)CC(Sc3ccccc3N)C2=O)c1,5.612982555210243,4527,5.223409702524709,hiv_6390,MoleculeNet_HIV,True
C[N+](C)(C)CC(=O)NN=C(CCC(=O)NCCc1ccccc1)CC(=O)c1ccccc1.[Cl-],5.61296700184165,4528,5.232443021327966,hiv_11081,MoleculeNet_HIV,True
O=C1CCCC1=Cc1ccccc1,5.612876265103377,4529,5.2825057419605415,hiv_14131,MoleculeNet_HIV,True
ON=C1CCCCC1=Cc1ccccc1,5.612876265103377,4530,5.2825057419605415,hiv_13061,MoleculeNet_HIV,True
Cc1ccc(S(=O)(=O)N=C2N(C)CCCS2(=O)=O)cc1,5.612833804238256,4531,5.188891512891266,hiv_36513,MoleculeNet_HIV,True
N#CCC(C1CCCC1)n1cc(-c2ncnc3[nH]ccc23)cn1.O=P(O)(O)O,5.612807550947359,4532,5.390397332978372,davis_25127112,DAVIS_spike_in,True
N=C(N)C1CN(CCCCCCCCCCN2CC(C(=N)N)C(=O)NC2=O)C(=O)NC1=O,5.612785044132589,4533,5.189086164836605,hiv_26941,MoleculeNet_HIV,True
O=C(O)C1(Cc2ccc3c(c2)CCC3)Cc2ccccc2C1=O.[KH],5.61276979516811,4534,5.244073644993691,hiv_31857,MoleculeNet_HIV,True
O=C1CSCN1N1CSCC1=O,5.612552267539969,4535,5.183434634002706,hiv_9550,MoleculeNet_HIV,True
O=C1CSC(=S)N1N1C(=O)CSC1=S,5.612552267539969,4536,5.183434634002706,hiv_7821,MoleculeNet_HIV,True
CCCCCCCCCCCCOCCCCCCCCCC=Cc1ccc2c(c1)OCCOCCOCCOCCO2,5.612479782922456,4537,5.206647960246015,hiv_24825,MoleculeNet_HIV,True
CC1(c2ccc3ccccc3c2)OC(=O)c2cccc(F)c21,5.612435448603253,4538,5.311899509598024,hiv_3568,MoleculeNet_HIV,True
CC(C=NNC(=S)N(C)C)=NNC(=S)N(C)C,5.612381241227463,4539,5.186079085853435,hiv_38446,MoleculeNet_HIV,True
CC(=O)OCC1OC(NC(=S)NN=C2CC(c3ccccc3)Oc3ccccc32)C(OC(C)=O)C(OC(C)=O)C1OC(C)=O,5.6123390929999415,4540,5.303690903627128,hiv_11309,MoleculeNet_HIV,True
CC(NC(=O)CNC(=O)C(N)CO)C(=O)NC(CCC(=O)O)C(=O)NC(CCC(=O)O)C(=O)NC(CO)C(=O)NC(CCCCN)C(=O)NC(CCC(=O)O)C(=O)NC(CCC(N)=O)C(=O)NC(CO)C(=O)N1CCCC1C(=O)NC(CC(N)=O)C(=O)NC(C)C(=O)NC(Cc1cnc[nH]1)C(=O)NC(CO)C(=O)O,5.612324441020409,4541,5.407027986288766,hiv_26388,MoleculeNet_HIV,True
O=c1c2cnccc2cc2n1CCc1c-2[nH]c2ccccc12,5.6123217578553675,4542,5.208180277235573,hiv_6887,MoleculeNet_HIV,True
CCCc1n[nH]c(CCC(=O)N(Cc2ccccc2)Cc2ccccc2)c1CC,5.6122970569161055,4543,5.234740966689171,hiv_15009,MoleculeNet_HIV,True
CCCCC1(N=[N+]=[N-])C(=O)c2cccc3c2N(CCC3)C1=O,5.612269051781574,4544,5.206442154286263,hiv_25197,MoleculeNet_HIV,True
O=C1C2C(C(=O)N1c1ccccc1)C1(c3ccccc3)SC2(c2ccccc2)c2c(-c3ccccc3)sc(-c3ccccc3)c21,5.612213621166424,4545,5.283973434149383,hiv_13391,MoleculeNet_HIV,True
CCCCC(=O)N1C(=O)C(=CN(C)C)c2cc(C=O)ccc21,5.6121279694639545,4546,5.196488966937206,hiv_6759,MoleculeNet_HIV,True
CC1(C)C(=O)NC(=O)c2ccccc21,5.612082034771077,4547,5.308907910860219,hiv_8780,MoleculeNet_HIV,True
CN(C)c1nc(NN)c2c(-c3ccccc3)c(-c3ccccc3)oc2n1,5.612073605277009,4548,5.287528412919791,hiv_36113,MoleculeNet_HIV,True
CC(C)CC(NC(=O)C(CO)NC(=O)C(CCCCN)NC(=O)C(CCCCN)NC(=O)C(NC(=O)CNC(=O)C(C)NC(=O)C(CCCNC(=N)N)NC(=O)C(NC(=O)C(N)C(C)C)C(C)C)C(C)C)C(=O)O,5.611992021659188,4549,5.430226894584559,hiv_13797,MoleculeNet_HIV,True
CC(=O)OC1CSS(=O)CC1OC(C)=O,5.611990459827377,4550,5.190081954895166,hiv_6948,MoleculeNet_HIV,True
c1ccc(-c2nc3nc4ccccc4nc3nc2-c2cccnc2)nc1,5.611959321412481,4551,5.274802147034368,hiv_4650,MoleculeNet_HIV,True
ON=C1CCCCC1C(NO)c1ccccc1,5.611892172965594,4552,5.43146370983218,hiv_16451,MoleculeNet_HIV,True
Cn1c2c(c(=O)[nH]c1=O)OCN(Cc1ccccc1)C2,5.611868851858799,4553,5.231649572480243,hiv_3772,MoleculeNet_HIV,True
O=C1NC(=O)C(=C2CCCCC2)N1,5.611841877480473,4554,5.198244583675226,hiv_4448,MoleculeNet_HIV,True
O=C1CCC2(CCCCC2)N1,5.611841877480473,4555,5.2002682965155635,hiv_2201,MoleculeNet_HIV,True
COc1cc2cc(C(=O)N3CC(CCl)c4ccc([N+](C)(C)Cc5ccccc5[N+](=O)[O-])cc43)[nH]c2c(OC)c1OC.[Cl-],5.61160292709781,4556,5.206073325543413,hiv_37482,MoleculeNet_HIV,True
COc1cc2c(c(O)c1OC)C(=O)C1CCC(=O)N1C2,5.611576096795302,4557,5.134711746504553,hiv_31412,MoleculeNet_HIV,True
O=c1c2ccccc2nc(-c2cccc(Cl)c2)n1NC1OC(CO)C(O)C(O)C1O,5.6114970696240105,4558,5.217614438018204,hiv_13685,MoleculeNet_HIV,True
CCCCCC(CO)C(O)(C(F)(F)F)C(F)(F)F,5.611467403641739,4559,5.400581410714871,hiv_25806,MoleculeNet_HIV,True
Cc1c(C2(c3cc(Br)c(O)c(Br)c3C)OS(=O)(=O)c3ccccc32)cc(Br)c(O)c1Br,5.611340338858097,4560,5.284508848528175,hiv_385,MoleculeNet_HIV,True
O=C1[OH+][Cu-5]234([O+]=C(c5cccs5)C=[N+]2c2ccccc21)[O+]=C(c1cccs1)C=[N+]3c1ccccc1C(=O)[OH+]4,5.611275851678699,4561,5.298722797939446,hiv_12893,MoleculeNet_HIV,True
Cc1nc(-c2nc(C)c(C(=O)C=Cc3ccc(N(C)C)cc3)s2)sc1C(=O)C=Cc1ccc(N(C)C)cc1,5.6112581996608295,4562,5.186079085853435,hiv_18776,MoleculeNet_HIV,True
CCCCCCCCCCCCCCCC[n+]1ccc2c(c1)Sc1cc[n+](CCCCCCCCCCCCCCCC)cc1S2,5.611238400616621,4563,5.194249568171668,hiv_7924,MoleculeNet_HIV,True
NC(=O)C1=CC2C3C=CC2(O)C(=O)OC3O1,5.611236113471403,4564,5.18323570282521,hiv_8763,MoleculeNet_HIV,True
O=C(O)c1ccc(C=Cc2ccc(N=Nc3cc(S(=O)(=O)O)c4cccnc4c3O)cc2C(=O)O)cc1.[NaH],5.611155530247297,4565,5.185305949653483,hiv_31938,MoleculeNet_HIV,True
CC1=C(C)C2(OC1=O)C(O)C(C)C1(O)CCC3C4CC=C5CC=CC(=O)C5(C)C4CC2(O)C31C,5.611145367391933,4566,5.185814246293971,hiv_18331,MoleculeNet_HIV,True
COC(=O)C12C(=CCP1(C)=O)C(c1ccccc1)=NN2c1ccccc1,5.611065693824862,4567,5.280496858958729,hiv_6100,MoleculeNet_HIV,True
O=CC(O)C(O)C(O)C(O)C(=O)NCCCCCCCCCCCCNC(=O)C(O)C(O)C(O)C(O)C=O,5.611061239402054,4568,5.396520362649843,hiv_29904,MoleculeNet_HIV,True
CCOC(=O)C1=C(N)N2C(=NC3CCCCC32)N=C1,5.611033766192434,4569,5.183502344520484,hiv_35830,MoleculeNet_HIV,True
C=CCCCC12CCCc3cccc(c31)NC2=O,5.611029025945803,4570,5.2002682965155635,hiv_22292,MoleculeNet_HIV,True
O=c1nc2n(c3nsnc13)CCO2,5.611026200553333,4571,5.1706746385078,hiv_23566,MoleculeNet_HIV,True
CCc1cccc(C(C)C)c1NC(=O)C(=O)C1C(=O)Nc2ccccc2S1=O,5.611022884080518,4572,5.423879744550734,hiv_22011,MoleculeNet_HIV,True
Cc1cc(N(CCC#N)CCC#N)ccc1C=C(N=[N+]=[N-])C(=O)NC(=O)COc1ccccc1,5.610800809882141,4573,5.291342293363132,hiv_20020,MoleculeNet_HIV,True
CCCCCCCCCCCCCCCCCCn1[se]c2ccccc2c1=O,5.610790591960863,4574,5.258023306223732,hiv_18428,MoleculeNet_HIV,True
CC1=NN(C(=O)CC(=O)Nc2ccccc2Cl)C(=O)C1N=Nc1ccc(C(=O)O)cc1,5.610788414118605,4575,5.269731789308508,hiv_34391,MoleculeNet_HIV,True
Cc1ccc(N2C(N)=C(C#N)C(C#N)(C#N)C2c2ccccc2)cc1,5.610764598717436,4576,5.291853541171823,hiv_34359,MoleculeNet_HIV,True
CN(N=O)C(=O)NC(C=O)C(O)C(O)C(O)CO,5.6107441193662755,4577,5.364228320020865,hiv_1274,MoleculeNet_HIV,True
O[Zn-2]12[O+]=C([N-][N+]1=Cc1ccccc1)c1ccccc1[OH+]2,5.610681481357551,4578,5.296762453837426,hiv_27102,MoleculeNet_HIV,True
c1ccc(-c2cc(-c3cc(-c4ccccc4)n(-c4ccccc4)n3)nn2-c2ccccc2)cc1,5.610661459967239,4579,5.282046009635085,hiv_34673,MoleculeNet_HIV,True
COC1C=CC23c4cc5c(cc4COC2(O)CN(C)C3C1)OCO5,5.610620077070136,4580,5.130440613612852,hiv_23367,MoleculeNet_HIV,True
O=C(O)C=Cc1ccc(Oc2ccccc2C(=O)O)o1,5.610550183057615,4581,5.283217979715005,hiv_21284,MoleculeNet_HIV,True
Cc1nsc(=NC(=S)N(C)C)n1C,5.610485703362166,4582,5.186912868403072,hiv_11149,MoleculeNet_HIV,True
O=C(N=Nc1ccccc1Cl)NNc1ccccc1Cl,5.610421223237575,4583,5.2866304802217785,hiv_30533,MoleculeNet_HIV,True
COc1ccccc1C(=O)N(Cc1ccccc1)c1ccc(Cl)c(C(=O)OC(C)C)c1,5.610416767092482,4584,5.393912805796582,hiv_14647,MoleculeNet_HIV,True
CC=CC(C(=O)OC)N1C(=O)c2ccccc2C1O,5.61030672361087,4585,5.396322720917553,hiv_26465,MoleculeNet_HIV,True
O=C(O)C1CC(c2ccc(F)cc2)=Nc2ccc(F)cc2S1,5.610270788774153,4586,5.354593386507056,hiv_39417,MoleculeNet_HIV,True
O=S(=O)([O-])[OH+][Fe-2]12Oc3c(Cl)cc(Cl)cc3C=[N+]1[N-]c1cccc[n+]12,5.610230518917596,4587,5.294711196824972,hiv_12525,MoleculeNet_HIV,True
Cc1ccc(S(=O)(=O)N2CCNCCN(S(=O)(=O)c3ccc(C)cc3)CCN(S(=O)(=O)c3ccc(C)cc3)CC2)cc1,5.610133720842642,4588,5.2086184937144155,hiv_33064,MoleculeNet_HIV,True
CCOC(=O)C1CC(C(=O)c2ccccc2)N2N=C(c3ccc(Br)cc3)C=CC12,5.610123192230626,4589,5.249432374614146,hiv_40320,MoleculeNet_HIV,True
CN(C)c1ccc(-c2c(C#N)c(O)n(NS(=O)(=O)c3ccccc3)c(=O)c2C#N)cc1,5.6100514587367565,4590,5.2872060458970935,hiv_36605,MoleculeNet_HIV,True
COc1cc(C2C3=C(COC3=O)OC(C)(C)Oc3cc4c(cc32)OCO4)cc(OC)c1O,5.609992193722651,4591,5.096466287307699,hiv_29596,MoleculeNet_HIV,True
N#Cc1cc2c(n(NS(=O)(=O)c3ccccc3)c1=O)CCCCC2,5.609910808103577,4592,5.285939221665837,hiv_37474,MoleculeNet_HIV,True
N#Cc1cc2c(n(NS(=O)(=O)c3ccccc3)c1=O)CCCC2,5.609910808103577,4593,5.285939221665837,hiv_37473,MoleculeNet_HIV,True
Cn1c(-c2ccccc2)cc(-c2ccc3c(c2)OCO3)c1-c1cccs1,5.6098508923238715,4594,5.2847008444007875,hiv_40588,MoleculeNet_HIV,True
COc1ccc2c(c1)-c1nc(=O)n(CCCN(C)C)c3ccc([N+](=O)[O-])c(c13)N2.Cl,5.609844753169566,4595,5.159052437371845,hiv_37996,MoleculeNet_HIV,True
CCc1c(-c2ccccc2)nc(S)c(C#N)c1C,5.609678103726679,4596,5.2827564890741305,hiv_28339,MoleculeNet_HIV,True
O=c1c2cc(-c3ccccc3)sc2nc2n1N=C(c1ccccc1)CS2,5.609672400101175,4597,5.282659542383631,hiv_32013,MoleculeNet_HIV,True
CC(=O)Oc1cc2c(cc1OCC(F)(F)F)C1CCC3(C)C(OC(C)=O)CCC3C1CC2=O,5.609666741726472,4598,5.1217122418562075,hiv_34296,MoleculeNet_HIV,True
O=C1C(Cl)=C(Cl)C(=O)N1c1ccccc1Cl,5.6095603418596385,4599,5.295391178951519,hiv_11042,MoleculeNet_HIV,True
CC(C)Oc1ccc(CNC2=NCCO2)c2ccccc12,5.609488498172715,4600,5.414417095948444,hiv_27349,MoleculeNet_HIV,True
N#CC(=Cc1ccc2[nH]ccc2c1)C(=O)NCCCCNC(=O)C(C#N)=Cc1ccc2[nH]ccc2c1,5.60942269493322,4601,5.193393976543727,hiv_22636,MoleculeNet_HIV,True
CCC=C(C(=CCC)[N+](=O)[O-])[N+](=O)[O-],5.609219046078789,4602,5.194249568171668,hiv_38380,MoleculeNet_HIV,True
O=C(C(c1ccccc1)c1ccccc1)C(O)(c1ccccc1)c1ccccc1,5.609178719374464,4603,5.434327840166877,hiv_14865,MoleculeNet_HIV,True
c1ccc2c(c1)[nH]c1c2nc2ncccn21,5.609079217742167,4604,5.22757949548789,hiv_8889,MoleculeNet_HIV,True
CC(=O)OC1C=CS(=O)(=O)C1,5.609000090803022,4605,5.179735746963524,hiv_5489,MoleculeNet_HIV,True
O=C1C(=Cc2ccccc2)CCCC12C(c1ccccc1)N2Cc1ccccc1,5.608975571435628,4606,5.249445293613856,hiv_9128,MoleculeNet_HIV,True
CC1=NN(C(=O)Cc2ccccc2)C(=O)C1=Cc1ccco1,5.608955465710722,4607,5.233644837695828,hiv_23316,MoleculeNet_HIV,True
CC1CN2SN1CC2C,5.608915726222072,4608,5.180273759323615,hiv_1240,MoleculeNet_HIV,True
Cc1ccc(-n2c(=S)[nH]c3ccc(Br)cc3c2=O)cc1,5.608913138685346,4609,5.157348235836108,hiv_18406,MoleculeNet_HIV,True
CC1(C)OP(=O)(c2ccccc2)C=C1Br,5.608838236723711,4610,5.300069269447034,hiv_28559,MoleculeNet_HIV,True
CC1C2Cc3ccc(O)cc3C1(C)CCN2CCC(=O)c1ccccc1,5.608806200474205,4611,5.28752803825558,hiv_8510,MoleculeNet_HIV,True
Oc1c2cc(Cl)cc1COCc1cc(Cl)cc(c1O)COCc1cc(Cl)cc(c1O)COC2,5.608761377454523,4612,5.165388186578716,hiv_40625,MoleculeNet_HIV,True
CO[PH](OC)(OC)[Mn+](C#[O+])(C#[O+])([OH+]C(=O)C(F)(F)F)([PH](OC)(OC)OC)[PH](OC)(OC)OC,5.608732002969371,4613,5.161344471664423,hiv_16529,MoleculeNet_HIV,True
CC(=O)N1c2ccccc2N(C(C)=O)C1c1ccc(C2N(C(C)=O)c3ccccc3N2C(C)=O)[nH]1,5.608728446058841,4614,5.284097214537721,hiv_12184,MoleculeNet_HIV,True
COc1c(Br)cc(Br)c(OC)c1-c1ccc[nH]1,5.608722235731607,4615,5.170573503439408,hiv_19300,MoleculeNet_HIV,True
CC(C)CC(NC(=O)C(CCC(=O)OCc1ccccc1)NC(=O)OC(C)(C)C)C(=O)NC(COCc1ccccc1)C(=O)NC(Cc1ccccc1)C(=O)O,5.608615143952426,4616,5.4314413699232995,hiv_29428,MoleculeNet_HIV,True
CC(C)CC(NC(=O)C(Cc1ccccc1)NC(=O)C(COCc1ccccc1)NC(=O)OC(C)(C)C)C(=O)OCc1ccccc1,5.608615143952426,4617,5.4314413699232995,hiv_30145,MoleculeNet_HIV,True
N#CC(c1nc2ccccc2s1)c1nc2ccccc2nc1Cl,5.608406327915684,4618,5.4388667276966105,hiv_36886,MoleculeNet_HIV,True
O=C1Oc2ccccc2CC1C(=O)c1ccc(Cl)cc1,5.608405174981125,4619,5.2775083885622065,hiv_10562,MoleculeNet_HIV,True
Cc1ccc(N2C(=O)C(=C3Sc4c(nc(C)n(C)c4=O)N3c3ccccc3)SC2=S)cc1,5.608394098921108,4620,5.276263225186534,hiv_23615,MoleculeNet_HIV,True
CC(=Cc1ccccc1)C=C1NC(=S)NC1=O,5.608351543755477,4621,5.307720379741878,hiv_25648,MoleculeNet_HIV,True
C=C(Br)CN=CN(C)C,5.608265930137252,4622,5.242615370023691,hiv_27922,MoleculeNet_HIV,True
O=C1CCC2(c3ccccc3)Nc3ccncc3N12,5.608251903949059,4623,5.218244427672112,hiv_24232,MoleculeNet_HIV,True
CC=C1CC(C(=O)OCC)CCCCCCCCCCC1=O,5.608243058156018,4624,5.185796519255524,hiv_39803,MoleculeNet_HIV,True
CCOc1ccccc1NC(=O)C(=O)CC(=O)c1sc(Nc2nnc(-c3ccc(Cl)c(Cl)c3)o2)nc1C,5.608175097747121,4625,5.2367389979297085,hiv_21298,MoleculeNet_HIV,True
COc1cc(C(C)O)c[n+](CCc2c[nH]c3ccccc23)c1.[Br-],5.608129668058715,4626,5.408291636313555,hiv_21391,MoleculeNet_HIV,True
Oc1cc2ccc3c(c2cc1O)CCc1cn[nH]c1-3,5.6079233178113395,4627,5.1916487568906815,hiv_6725,MoleculeNet_HIV,True
OC(c1ccco1)C(F)(F)c1nc2ccccc2o1,5.60789434371435,4628,5.439584329603695,hiv_39327,MoleculeNet_HIV,True
OC(c1ccc(C(F)(F)F)cc1)C(F)(F)c1nc2ccccc2o1,5.60789434371435,4629,5.439584329603695,hiv_39328,MoleculeNet_HIV,True
Cc1ccc2nc(NC(=O)C(=O)C(C#N)c3nc4ccccc4s3)sc2c1,5.607774405654354,4630,5.438103626582807,hiv_14875,MoleculeNet_HIV,True
C=C(C)C(C(=O)OC(c1ccccc1)c1ccccc1)N1C(=O)C(NC(=O)COc2ccccc2)C1SSC(C)(C)C,5.607759749488326,4631,5.405816439431564,hiv_9036,MoleculeNet_HIV,True
CCCCCCCCCCCCC(Br)C(=O)NCC(N)=O,5.607659364965255,4632,5.411739404909795,hiv_13089,MoleculeNet_HIV,True
CCOC(=O)C1Nc2ccc(Cl)cc2C2CCCC12,5.607641205003697,4633,5.13660878146353,hiv_19760,MoleculeNet_HIV,True
c1ccc2c(c1)[nH]c1c2nc2sccn21,5.6076376253812255,4634,5.229499917391407,hiv_8943,MoleculeNet_HIV,True
CN1C(=O)C(=Nn2c(-c3ccccc3)nc3ccccc3c2=O)c2cc(Br)ccc21,5.607634447146331,4635,5.1600062128276525,hiv_8737,MoleculeNet_HIV,True
CCn1cc(C(=O)O)c(=O)c2cc3c(cc21)CCO3,5.607613220027853,4636,5.157053241572324,hiv_8721,MoleculeNet_HIV,True
CCn1cc(C(=O)O)c(=O)c2cc3c(cc21)OCO3,5.607613220027853,4637,5.157053241572324,hiv_4086,MoleculeNet_HIV,True
CCc1c(O)cc(=O)oc1-c1ccc(OC)c(OC)c1,5.607560596036147,4638,5.15382681691564,hiv_36478,MoleculeNet_HIV,True
Cc1c(S(=O)(=O)c2ccccc2)c(N)n(Cc2ccccc2)c1C,5.607468056814462,4639,5.235064938039283,hiv_39236,MoleculeNet_HIV,True
Cc1cc(=O)c2c(o1)-c1c(cc(O)c(O)c1C(=O)O)OC2,5.607456293047693,4640,5.174970741218934,hiv_1721,MoleculeNet_HIV,True
CCCCCCCCCCCCCCCCOP(=O)(O)OCC(NC(C)=O)C(=O)O.N,5.607445525991711,4641,5.391880463092899,hiv_30440,MoleculeNet_HIV,True
CC(=O)Oc1cc(OC(C)=O)c(Oc2cc(OC(C)=O)c(Oc3cc(OC(C)=O)c(OC(C)=O)c(OC(C)=O)c3)c(OC(C)=O)c2)c(OC(C)=O)c1,5.60727511442085,4642,5.187116668251111,hiv_14806,MoleculeNet_HIV,True
CC1=C(C(=O)NCCc2ccccc2)CC(C(=O)NCCc2ccccc2)=C(C)N1,5.607191985446085,4643,5.254879749738795,hiv_24893,MoleculeNet_HIV,True
N#CC(=C(c1ccccc1)c1ccccn1)c1ccc(Cl)cc1,5.607047857482985,4644,5.273901587848752,hiv_1650,MoleculeNet_HIV,True
NS(=O)(=O)c1nnc(NC(=O)c2cccc([N+](=O)[O-])c2)s1,5.606953598718708,4645,5.118631497592295,hiv_40114,MoleculeNet_HIV,True
Cc1cn(C2CC(Sc3ccccn3)C(CO)O2)c(=O)[nH]c1=O,5.606856312502645,4646,5.286934740868896,hiv_22405,MoleculeNet_HIV,True
CC(=O)OC(C)(C)CCC(=O)C(C)(O)C1C(O)CC2(C)C3CCc4c(cc(OC5OC(CO)C(O)C(O)C5O)c(O)c4C)C3(C)C(=O)CC12C,5.606765615490056,4647,5.236170814031043,hiv_33714,MoleculeNet_HIV,True
CC1(C)N=c2c(ncn2Cc2ccccc2)=C(C(N)=O)N1,5.6067439175561065,4648,5.24994738905731,hiv_30051,MoleculeNet_HIV,True
CCCCOC(=O)CC(C(=O)OCCCC)C(C(=O)OCCCC)P(=O)(OCCCC)OCCCC,5.606667934418997,4649,5.397136952529717,hiv_573,MoleculeNet_HIV,True
CC1(C)CC(=O)C2(CC(CSc3ccccc3)C(CS(=O)(=O)c3ccccc3)C2)C(=O)C1,5.606444638897683,4650,5.289447392793655,hiv_36504,MoleculeNet_HIV,True
NC(=S)NN=Cc1cc(CN2CCOCC2)c(N)cn1,5.606324924449046,4651,5.1798348057151085,hiv_38585,MoleculeNet_HIV,True
N#CC(c1nc2ccccc2s1)c1ncccc1[N+](=O)[O-],5.606291527973527,4652,5.4388667276966105,hiv_38705,MoleculeNet_HIV,True
O=C1c2ccccc2C2(O)NC(=S)N(c3ccccc3)C12O,5.606163961442257,4653,5.3385111945798585,hiv_18113,MoleculeNet_HIV,True
COC1=C(C)C(=O)C(=O)c2ccccc21,5.606106028998558,4654,5.425110486678854,hiv_13642,MoleculeNet_HIV,True
CC1=CC2=C(OCO1)C(=O)c1ccccc1C2=O,5.606106028998558,4655,5.443062564004061,hiv_12900,MoleculeNet_HIV,True
CN(C)c1ccc(N=Nc2ccc(C=Cc3ccnc4ccccc34)cc2)cc1,5.60608863778201,4656,5.235676690253217,hiv_9845,MoleculeNet_HIV,True
COC1OC(CCC2NC(CO)C(O)C(O)C2O)C(O)C(O)C1O.Cl,5.606024438553927,4657,5.161244226340703,hiv_37415,MoleculeNet_HIV,True
Cc1cc(C)n(-c2nsc3ccccc23)n1,5.605906409770387,4658,5.25644387036004,hiv_23511,MoleculeNet_HIV,True
CCCC(=NNC(=S)N1CC2CCC(CC2)C1)c1ccccn1,5.605873397516638,4659,5.293342830741327,hiv_8113,MoleculeNet_HIV,True
CC1C=C(OC(=O)c2ccccc2)C(=O)C(n2cc(F)c(=O)[nH]c2=O)O1,5.6056963588584745,4660,5.27903365060483,hiv_13802,MoleculeNet_HIV,True
COC(=O)C=CCC(=O)NS(C)(=O)=O,5.605537200826506,4661,5.160976437846197,hiv_27019,MoleculeNet_HIV,True
CCCn1c(=O)c2nn3c(=O)n(CCC)c(=O)c3nn2c1=O,5.6054133012062515,4662,5.194294115038193,hiv_29470,MoleculeNet_HIV,True
Cn1cnc([N+](=O)[O-])c1Sc1nc2ccccc2o1,5.6054082646536205,4663,5.287802174106264,hiv_14709,MoleculeNet_HIV,True
Cn1c(=O)c2c(ncn2CC(=O)NC23CC4CC(CC(C4)C2)C3)n(C)c1=O,5.6053962265132835,4664,5.149297941962911,hiv_14584,MoleculeNet_HIV,True
O=C1NCCN1N=Cc1c(Cl)n(-c2ccccc2)c2ccccc12,5.605287416187032,4665,5.248544128846255,hiv_34822,MoleculeNet_HIV,True
N#CC1(c2ccccc2)C(c2ccccc2)CC(O)(c2ccccc2)C(C(=O)c2ccccc2)C1c1ccccc1,5.605115958996361,4666,5.286337192211516,hiv_8528,MoleculeNet_HIV,True
N.O=C(O)c1cc(Cc2cc(C(c3ccc(O)c(C(=O)O)c3)c3ccc(O)c(C(=O)O)c3)cc(C(=O)O)c2O)ccc1O,5.6049748124017436,4667,5.37344215941785,hiv_20026,MoleculeNet_HIV,True
CC(C)CCC1(O)OC2CC3C4CCC5CC(=O)C=CC5(C)C4CCC3(C)C2C1C,5.604970850371721,4668,5.4017336809279275,hiv_34517,MoleculeNet_HIV,True
O=[N+]([O-])c1ccc2nc3ccscc-3c2c1,5.60495410299734,4669,5.159229799465963,hiv_5264,MoleculeNet_HIV,True
COc1ccc(C2=C(C#N)C(=O)OCCN2C)cc1,5.604940730779158,4670,5.207707455223442,hiv_9936,MoleculeNet_HIV,True
COC1OC2CCN3C(=O)C(OC(=O)c4ccc([N+](=O)[O-])cc4)C1C23,5.6048687814921205,4671,5.165320461582911,hiv_40422,MoleculeNet_HIV,True
CN(C)CCCN1C(=O)CCC(=O)Nc2ccccc2-c2ccccc21,5.60485245102913,4672,5.3020541031020425,hiv_14181,MoleculeNet_HIV,True
CC(=O)NC(C=O)C(OC(C)C(=O)NC(C)C(=O)NC(CCC(N)=O)C(=O)OCc1ccccc1)C(O)C(O)COC(=O)CCCCCNc1cccc2[nH]c3ccccc3c(=O)c12,5.604776445705624,4673,5.390444162918385,hiv_15518,MoleculeNet_HIV,True
COc1cc(C(C2=C(O)C(=O)c3ccccc3C2=O)C2=C(O)C(=O)c3ccccc3C2=O)cc(Br)c1O,5.604766052739206,4674,5.394937737441508,hiv_4548,MoleculeNet_HIV,True
C=C(c1cccn1S(=O)(=O)c1ccccc1)c1cccn1S(=O)(=O)c1ccccc1,5.604617259270829,4675,5.2847516692161305,hiv_38334,MoleculeNet_HIV,True
O=C(c1ccco1)N1CCCN(C(=O)c2ccco2)C1=S,5.604595988369365,4676,5.1294578927306205,hiv_37366,MoleculeNet_HIV,True
C1CN(SSN2CCSCC2)CCS1,5.60458018354638,4677,5.187887303382154,hiv_775,MoleculeNet_HIV,True
O=C1[OH+][Co-4]234([O+]=C(c5cccs5)C=[N+]2c2ccccc21)[O+]=C(c1cccs1)C=[N+]3c1ccccc1C(=O)[OH+]4,5.604508834225098,4678,5.303939365177761,hiv_12895,MoleculeNet_HIV,True
N#Cc1n[nH]c2[nH]c(=S)sc(=N)c12,5.6042384310698745,4679,5.204228035036346,hiv_9163,MoleculeNet_HIV,True
O=C(NN1C(=O)C(Cl)C1c1ccc(O)cc1)c1ccccc1O,5.604214414684658,4680,5.2759352953243654,hiv_23560,MoleculeNet_HIV,True
CCC(=O)N[IH2]1OC(=O)c2ccccc21,5.603991066927747,4681,5.299410948115958,hiv_36686,MoleculeNet_HIV,True
Cn1c(=O)cc(C=Nc2ccc(O)cc2)c2ccccc21,5.60398212223895,4682,5.1854864462129395,hiv_4040,MoleculeNet_HIV,True
O=S(=O)([O-])c1ccc([N+]2=Cc3ccccc3[OH+][Co-2]23[OH+]c2ccccc2C=[N+]3c2ccc(S(=O)(=O)[O-])cc2)cc1,5.603878694217467,4683,5.301135161299658,hiv_14839,MoleculeNet_HIV,True
COc1ccc(C2SC(=Cc3ccc(OC)cc3OC)C(=O)N2NC(=O)Cc2ccccc2)cc1,5.603865014909031,4684,5.218430038151912,hiv_23738,MoleculeNet_HIV,True
O=C(CCc1nnc2sc(=Cc3ccccc3[N+](=O)[O-])c(=O)n12)Nc1cc(Cl)c(Cl)cc1Cl,5.603824781947261,4685,5.213536020016751,hiv_16817,MoleculeNet_HIV,True
C=C1C2=C(CCCC2)C(=O)OC12CCCCC2,5.603799653582396,4686,5.19261718622072,hiv_21992,MoleculeNet_HIV,True
Cc1onc(-c2c(Cl)cccc2Cl)c1C(=O)SC1=NC(C)N2C(SC(=O)c3c(-c4c(Cl)cccc4Cl)noc3C)=NC(C)N12,5.603743235271521,4687,5.171423226752617,hiv_8034,MoleculeNet_HIV,True
Cl.O=c1oc2c3ccc4ccccc4c3n(CCN3CCOCC3)c2c2ccccc12,5.603727330749332,4688,5.298109826375763,hiv_18119,MoleculeNet_HIV,True
N=C1NC(=O)C(c2ccccc2)S1,5.603715508286616,4689,5.293988302506359,hiv_109,MoleculeNet_HIV,True
Cc1cc(S(=O)(=O)NC2=NCCN2Cc2ccccc2)c(S)cc1Cl,5.6037097053417275,4690,5.246288090726677,hiv_41010,MoleculeNet_HIV,True
CC(=O)N(C(C)=O)c1ccc(-c2cccs2)oc1=O,5.60367880870191,4691,5.199360317433623,hiv_37930,MoleculeNet_HIV,True
CCc1cc(Cc2cc(CC)c(NC(=O)C(=O)CC(=O)c3sc(-c4cccnc4)nc3C)c(CC)c2)cc(CC)c1NC(=O)C(=O)CC(=O)c1sc(-c2cccnc2)nc1C,5.603642777266547,4692,5.136857739917811,hiv_22352,MoleculeNet_HIV,True
COc1ccc2c(c1)OCC(O)(c1ccccc1)C2=O,5.603642282624654,4693,5.272552032504515,hiv_3431,MoleculeNet_HIV,True
COc1nc2cc3c(cc2n2cccc12)oc1ccccc13,5.603588012175942,4694,5.185777641665629,hiv_8489,MoleculeNet_HIV,True
CCCCCCCCCCCCCOC(=O)CC(C(=O)OCCCCCCCCCCCCC)S(=O)(=O)O,5.603584963322682,4695,5.400581410714871,hiv_378,MoleculeNet_HIV,True
CCCCCCCCOC(=O)CC(C(=O)OCCCCCCCC)S(=O)(=O)O,5.603584963322682,4696,5.400581410714871,hiv_377,MoleculeNet_HIV,True
CCCCN1C(C)C=CC(C)[S+]1[O-],5.603584016774697,4697,5.186463886272814,hiv_12724,MoleculeNet_HIV,True
CCCCCCCCCCCCCCCCCCN1CN(CO)C(=O)N(CO)C1,5.603584016774697,4698,5.19545138453953,hiv_1956,MoleculeNet_HIV,True
O=C(O)C1OCCOCCOC(C(=O)O)C(C(=O)O)OCCOCCOC1C(=O)O,5.6034148930531,4699,5.167090519181098,hiv_20164,MoleculeNet_HIV,True
Cc1ccccc1OP(=S)(Oc1ccccc1C)Oc1ccccc1C,5.603403093752907,4700,5.295330568965828,hiv_1962,MoleculeNet_HIV,True
C[n+]1cccc2ccc(OC(=O)c3ccccc3)cc21.[I-],5.603276385043097,4701,5.287021558758583,hiv_34577,MoleculeNet_HIV,True
O=P1(N2CCOCC2)OCCO1,5.603207779720531,4702,5.187887303382154,hiv_38661,MoleculeNet_HIV,True
C1CN(SSN2CCOCC2)CCO1,5.603207779720531,4703,5.187887303382154,hiv_2286,MoleculeNet_HIV,True
COC(=O)C(=O)C(C(=O)C(N)=O)c1nc2ccc(C(=O)c3ccccc3)cc2nc1O,5.603204782460699,4704,5.432049573834636,hiv_22022,MoleculeNet_HIV,True
Cc1ccnc2[nH]c3ccccc3c(=O)c12,5.603089535296094,4705,5.228814398417271,hiv_37256,MoleculeNet_HIV,True
CCc1cccc(C)c1N1C(=O)C(=O)C(c2nc3ccccc3o2)C(=O)C1=O,5.602996571221158,4706,5.290285639971988,hiv_12555,MoleculeNet_HIV,True
COc1cc(NCCN2CCN(CCNc3cc(OC)cc4cccnc34)CC2)c2ncccc2c1,5.6029781851767755,4707,5.219462636527485,hiv_6914,MoleculeNet_HIV,True
CC(CCC(C)OS(=O)(=O)c1ccc(F)cc1)OS(=O)(=O)c1ccc(F)cc1,5.602945506344569,4708,5.406657916344292,hiv_1179,MoleculeNet_HIV,True
COC(=O)C(C)(C)NC(=O)C(C)(C)NC(=O)C(CC(=O)OC(C)(C)C)NC(=O)OC(C)(C)C,5.602819806211074,4709,5.376655350220958,hiv_29762,MoleculeNet_HIV,True
COC(=O)C(CO)NC(=O)OC(C)(C)C,5.602819806211074,4710,5.376655350220958,hiv_25831,MoleculeNet_HIV,True
CCOC(=O)Cc1nc(O)c2c(-c3ccccc3)c(C)sc2n1,5.602815274787616,4711,5.29415445867914,hiv_18701,MoleculeNet_HIV,True
CC1(O)N2CCCC1(c1ccccc1)CC2,5.60273791897831,4712,5.302544689443498,hiv_17759,MoleculeNet_HIV,True
Cc1ccc(NCC(=O)N2CC(=O)Nc3ccccc32)c(C)c1,5.602700174596,4713,5.302059691886979,hiv_23603,MoleculeNet_HIV,True
N=c1c2ncn3c(=O)n(-c4ccccc4)c(nc(=O)n1-c1ccccc1)c23,5.602630468461716,4714,5.297424817596306,hiv_9235,MoleculeNet_HIV,True
COC(=O)C1(Cc2ccc3c(c2)CCC3)Cc2ccc3c(c2C1)CCC3,5.602616224570527,4715,5.120289822925727,hiv_32666,MoleculeNet_HIV,True
Cc1cc(C)n(-c2nc3ccccc3c(=O)n2-c2ccccc2)n1,5.602574978954968,4716,5.236317864690018,hiv_28355,MoleculeNet_HIV,True
CCCCCCCCCCCC(O)S(=O)(=O)O,5.602565263000345,4717,5.400581410714871,hiv_9798,MoleculeNet_HIV,True
COc1ccc(-n2cnn3c(=O)c4cn[nH]c4nc23)cc1,5.602533756236084,4718,5.176124611582067,hiv_25583,MoleculeNet_HIV,True
c1cc(NC2=NCCO2)c2c(c1)OCO2,5.602529710834239,4719,5.188715416124314,hiv_27385,MoleculeNet_HIV,True
Cc1ccc2nn(-c3ccc(O)cc3)nc2c1,5.6025226867542965,4720,5.179303167393902,hiv_3944,MoleculeNet_HIV,True
COc1cc(C(=O)C(CO)Oc2ccccc2OC)ccc1O,5.60250022324024,4721,5.397076354430048,hiv_19289,MoleculeNet_HIV,True
Clc1ccc(C(SCc2ccccc2)SCc2ccccc2)cc1,5.602410548003278,4722,5.404067757784038,hiv_25706,MoleculeNet_HIV,True
CC(NCCCCNC(C)C(=O)O)C(=O)O,5.602332367745444,4723,5.399796598583805,hiv_1921,MoleculeNet_HIV,True
CC(C)CCSSCCC(C)C,5.602332367745444,4724,5.405053088020623,hiv_32912,MoleculeNet_HIV,True
CNC(=S)OCCC(C)CCCC(C)C,5.602332367745444,4725,5.401193937074873,hiv_13104,MoleculeNet_HIV,True
CC(=O)ONc1nn2cc(-c3ccccc3)nc2s1,5.602327375006283,4726,5.214096507650499,hiv_10369,MoleculeNet_HIV,True
N=c1[nH]n2cc3c(nc2c1N=Nc1ccc(Cl)cc1)-c1ccccc1CC3,5.602252282434247,4727,5.269110434107331,hiv_37457,MoleculeNet_HIV,True
COc1cc2c3c(c1)[nH]c(=S)n3C(=O)C(C)S2,5.602243189624935,4728,5.159560986486012,hiv_29851,MoleculeNet_HIV,True
COc1cccc(C2NC(=O)N3C(c4cccc(OC)c4)NC(=O)N23)c1,5.602243189624935,4729,5.160319660604254,hiv_5907,MoleculeNet_HIV,True
COc1cccc(C2NC(=S)N3C(c4cccc(OC)c4)NC(=S)N23)c1,5.602243189624935,4730,5.1633035696969145,hiv_5908,MoleculeNet_HIV,True
CC1C(OCc2ccccc2)COC(=O)N1Cc1ccccc1,5.60221784890687,4731,5.237134687821584,hiv_37021,MoleculeNet_HIV,True
CC(=O)OC1(c2ccccc2)OC(=O)C(C)(C)c2ccccc21,5.6021958648067915,4732,5.300069269447034,hiv_5810,MoleculeNet_HIV,True
CC1c2ccc3c(c2C2(O)CC4CCC1N2C4)CC1C3CC(=O)C2CC(O)CCC21C,5.602191369559043,4733,5.121015361784796,hiv_15488,MoleculeNet_HIV,True
CC1CC2CC(=O)CC3(C1)C2CCCN3CCCO,5.602063283389103,4734,5.1889332314450565,hiv_11810,MoleculeNet_HIV,True
COc1cc(-c2nc(N)c(C#N)c3c2CCS(=O)(=O)c2ccc(C)cc2-3)cc(OC)c1OC,5.602014238778715,4735,5.151451215805531,hiv_37886,MoleculeNet_HIV,True
COc1ccccc1NC(=O)CC(=O)N1N=C(N(c2ccccc2)c2ccccc2)CC1c1ccccc1,5.601982683842919,4736,5.271986839530218,hiv_36097,MoleculeNet_HIV,True
CCc1cccc(CC)c1NC(=S)NC=C(C#N)S(=O)(=O)c1ccc(C)cc1,5.6018622910915274,4737,5.187124720415676,hiv_26115,MoleculeNet_HIV,True
O=C(C=Cc1cccc2ccccc12)c1cccc2ccccc12,5.601819512627468,4738,5.249918351617461,hiv_18730,MoleculeNet_HIV,True
Oc1ccccc1C(Nc1nc2ccccc2s1)c1ccc2cccnc2c1O,5.601669479348718,4739,5.422371664729342,hiv_2625,MoleculeNet_HIV,True
O=C1c2ccccc2CC1C1(O)C(=O)Nc2c(Cl)cc(Cl)cc21,5.601667160886967,4740,5.303466786262827,hiv_16703,MoleculeNet_HIV,True
NC(=O)c1cc(C=Cc2ccccc2)on1,5.6016375521923365,4741,5.298672395674745,hiv_2174,MoleculeNet_HIV,True
C1CCC(NC2CCCCC2)CC1.CC(O[Si](c1ccccc1)(c1ccccc1)C(C)(C)C)C(NC(=O)OC(C)(C)C)C(=O)O,5.60161119346431,4742,5.432606722702504,hiv_24219,MoleculeNet_HIV,True
c1cncc(-c2nc3sc(-c4cccnc4)nc3s2)c1,5.601559000357319,4743,5.164660792302854,hiv_1174,MoleculeNet_HIV,True
O=c1[nH]c(=O)n(Cc2ccccc2)cc1B(O)O,5.601420824718365,4744,5.241976939502583,hiv_39101,MoleculeNet_HIV,True
Cl.N=C(N)NN=Cc1c(-c2ccc(Cl)cc2)nc2sccn12,5.601392916450718,4745,5.172464486413024,hiv_30321,MoleculeNet_HIV,True
CC(O)CN(CC(C)O)N(CC(C)O)CC(C)O,5.601312667423108,4746,5.405053088020623,hiv_1213,MoleculeNet_HIV,True
CC(O)CC(O)(C(F)(F)F)C(F)(F)F,5.601312667423108,4747,5.405053088020623,hiv_25796,MoleculeNet_HIV,True
O=C1Cc2c(-c3ccccc3)cc(-c3ccccc3)nc2-c2ccccc2N1,5.601311178758814,4748,5.292319643376197,hiv_31355,MoleculeNet_HIV,True
CCCC(=O)c1c(NOC2OC(COC(C)=O)C(OC(C)=O)C(OC(C)=O)C2OC(C)=O)nc(OC)n(C)c1=O,5.600960079338391,4749,5.166560692548725,hiv_14597,MoleculeNet_HIV,True
COc1ccc(C2N(c3ccc(F)c([N+](=O)[O-])c3)C(=O)N3C(c4ccc(OC)cc4)N(c4ccc(F)c([N+](=O)[O-])c4)C(=O)N23)cc1,5.600632913506013,4750,5.151958452205515,hiv_34491,MoleculeNet_HIV,True
CCc1n[nH]c(=O)n1NC(=O)c1ccccc1C(=O)O,5.6005449434459,4751,5.308271889850841,hiv_36485,MoleculeNet_HIV,True
COc1ccc2c(c1)C1CCN(C)CC1OC2=O,5.600542528397166,4752,5.0958534302466525,hiv_7137,MoleculeNet_HIV,True
O=S1(=O)CCC(OC2CCS(=O)(=O)C2)C1,5.600509166950964,4753,5.174695397805176,hiv_1029,MoleculeNet_HIV,True
COC1CCN(N(C)C)O1,5.600484891281893,4754,5.169648081680314,hiv_38919,MoleculeNet_HIV,True
CN(C(=O)C1CC1)C1C2CN3CCC(O2)C13,5.600385474811444,4755,5.178412493507474,hiv_11444,MoleculeNet_HIV,True
CC12CCC(=O)C=C1CCC1C2CCC2(C)c3nn(-c4ccccc4)nc3CC12,5.600336306808929,4756,5.2723482326564755,hiv_12710,MoleculeNet_HIV,True
NC(S(=O)(=O)O)S(=O)(=O)O,5.600325105650371,4757,5.437317317417242,hiv_686,MoleculeNet_HIV,True
CCN(CC)CCCCC1CCN(CC(=O)N2c3ccccc3NC(=O)CC2C)CC1,5.600285167381575,4758,5.307467589624009,hiv_21753,MoleculeNet_HIV,True
COC(=O)NN=C(C)C(CN1CCOCC1)C(c1ccccc1)c1cc2ccccc2oc1=O.Cl,5.600283626421333,4759,5.424690913895627,hiv_21697,MoleculeNet_HIV,True
O=C(Nc1nccs1)c1c(O)nc2sccn2c1=O,5.60027861317784,4760,5.183942445467434,hiv_26992,MoleculeNet_HIV,True
CC(C)(C)C=C=C(C(C)(C)C)P(=O)(O)O,5.600246469929238,4761,5.214627220959218,hiv_28569,MoleculeNet_HIV,True
COCC1OC(N2C(=O)NC(=O)C3C=C4CCCCC4=CC32)C(OC)C1OC,5.600184529199232,4762,5.150662825587373,hiv_39080,MoleculeNet_HIV,True
CC(C)N=C1CCCC1C(=S)SSC(=S)C1CCCC1=NC(C)C,5.60016570991612,4763,5.426491466904366,hiv_7258,MoleculeNet_HIV,True
O=C1C(F)=CC(COC(c2ccccc2)(c2ccccc2)c2ccccc2)OC1n1cc(F)c(=O)[nH]c1=O,5.600150506967453,4764,5.283813513365474,hiv_39276,MoleculeNet_HIV,True
COc1nc2ncn(C(C)=O)c2c(=O)n1C,5.600136495652746,4765,5.1621782542140595,hiv_13984,MoleculeNet_HIV,True
O=C1OC(=O)c2c(O)cc(=O)c(O)cc21,5.600117398975981,4766,5.183638433850746,hiv_5224,MoleculeNet_HIV,True
CC(Br)C(=O)N=[n+]1c2ccccc2nc2c3cccc4cccc(c43)[c-]21,5.600079403844273,4767,5.447697146633797,hiv_32523,MoleculeNet_HIV,True
Cc1cc2c(c(C(=O)NCC(=O)NC(C)C(=O)OCc3ccccc3)c1)Oc1c(cc(C)cc1C(=O)NCC(=O)NC(C)C(=O)OCc1ccccc1)S2,5.600064568191763,4768,5.41019360736734,hiv_35252,MoleculeNet_HIV,True
Cc1cc(OC(=O)NCn2cc(-c3ccccc3)nn2)ccc1Cl,5.600033786329132,4769,5.2294754994361465,hiv_33432,MoleculeNet_HIV,True
CC1=CC(N2C(=O)C(C)=CC2O)NC1=O,5.599956545695424,4770,5.18401669239559,hiv_12016,MoleculeNet_HIV,True
O=C1C2C3C=C4c5ccccc5N(c5ccccc5)C4(C2C(=O)N1Cc1ccccc1)C1C(=O)N(Cc2ccccc2)C(=O)C31,5.59991795342328,4771,5.244207029206785,hiv_13985,MoleculeNet_HIV,True
CC1CC(C#N)=C2NCCCCN2C1=O,5.599696845319649,4772,5.203590558948222,hiv_30362,MoleculeNet_HIV,True
Cc1nc2c(C#N)c3n(c2c(=O)o1)CCCC3,5.599651268045083,4773,5.172236753265783,hiv_39379,MoleculeNet_HIV,True
Cc1ccc(N2COc3ccc4ccccc4c3C2)cc1,5.599642197845855,4774,5.248648232616892,hiv_1078,MoleculeNet_HIV,True
CCCCCCCCNC(=S)NC=C1C(=O)Oc2ccccc2C1=O,5.599615290815268,4775,5.294194380877643,hiv_24814,MoleculeNet_HIV,True
O=C1NC(O)n2c(=O)[nH]c(=O)n21,5.599462379660808,4776,5.181960444613059,hiv_13705,MoleculeNet_HIV,True
N#Cc1c(-c2ccc(Cl)c(Cl)c2)c(-c2ccc(Cl)c(Cl)c2)nn(CC(=O)O)c1=O,5.599348878509094,4777,5.165028454849858,hiv_10595,MoleculeNet_HIV,True
NC(=O)c1ncn(CC2(CO)CCC2)n1,5.599340304616883,4778,5.192522679926552,hiv_32292,MoleculeNet_HIV,True
COc1ccc(-c2c3c(nc4nc(SCCc5ccccc5)nc(N)c24)CCCC3)cc1OC,5.599303951440796,4779,5.20226375163069,hiv_28715,MoleculeNet_HIV,True
Cc1ccc(SC(C)C(O)(C(N)=O)c2ccccc2)cc1,5.599253719540188,4780,5.448739641820737,hiv_29522,MoleculeNet_HIV,True
COC(=O)N1C2C=CC=CC=C2C(OC)N1C(=O)OC,5.599192488532271,4781,5.134711746504553,hiv_8288,MoleculeNet_HIV,True
[Se]=P(c1ccccc1)(c1ccccc1)c1ccc(C(c2ccccc2)=P(c2ccccc2)(c2ccccc2)c2ccccc2)cc1,5.59889162953603,4782,5.2825057419605415,hiv_32527,MoleculeNet_HIV,True
CC(C)(C)C(=O)C(N)C(=O)C(C)(C)C,5.598853839245654,4783,5.440795551817607,hiv_35499,MoleculeNet_HIV,True
O=C(CN1CCN(c2ccccc2)CC1)c1ccc2[nH]c(=O)oc2c1,5.59876501198991,4784,5.297101013357783,hiv_37569,MoleculeNet_HIV,True
COc1ccc(C=C2CN(C)Cc3c2nc(N)nc3-c2ccc(OC)cc2)cc1,5.598740975867234,4785,5.155752975906104,hiv_20820,MoleculeNet_HIV,True
CCCn1cc[n+]([Pt-2]([I-])([I-])[n+]2ccn(CCC)c2)c1,5.598690959941377,4786,5.19545138453953,hiv_26407,MoleculeNet_HIV,True
CC(C)(C)[Si](C)(C)OCC1OC(n2ccc(=O)[nH]c2=O)C(O[Si](C)(C)C(C)(C)C)C1=CCO,5.598667439541121,4787,5.1572495980093045,hiv_40256,MoleculeNet_HIV,True
CC(O)C(NC(=O)c1ccccc1)C(=O)N(Cc1ccccc1)Cc1ccccc1,5.598623955276737,4788,5.409156024969664,hiv_12519,MoleculeNet_HIV,True
O=[N+]([O-])c1ccc2[nH]nc(OCc3ccccc3Cl)c2c1,5.598536298783812,4789,5.303605301839494,hiv_32070,MoleculeNet_HIV,True
Cc1ccccc1C1=CC(=C(SSC(C(=O)c2ccc(OCC(=O)O)c(Cl)c2Cl)=C2C=C(c3ccccc3C)SS2)C(=O)c2ccc(OCC(=O)O)c(Cl)c2Cl)SS1,5.598388768898615,4790,5.285408455827543,hiv_19185,MoleculeNet_HIV,True
C=CCCCCOC1C=CC(O)C(CO)O1,5.598223860338198,4791,5.174962883892351,hiv_34849,MoleculeNet_HIV,True
O=C(Nn1cnn2c(=O)c3ccccc3nc2c1=O)c1ccccc1,5.598118410589183,4792,5.227302068794739,hiv_35995,MoleculeNet_HIV,True
O=C1c2ccccc2-c2nccc3ccnc1c23,5.597945852233369,4793,5.426624245240704,hiv_33954,MoleculeNet_HIV,True
O=c1c2ccccc2nc2[nH]ncn12,5.5978916168255175,4794,5.239690523638057,hiv_37718,MoleculeNet_HIV,True
COC(=O)c1oc(-c2ccccc2)c(-c2ccccc2)c1C(=O)OC,5.597843660372824,4795,5.266640531675938,hiv_4771,MoleculeNet_HIV,True
O=C1ON(c2ccccc2)C(c2ccccc2)N1c1ccccc1,5.59771445229149,4796,5.273085681675025,hiv_3843,MoleculeNet_HIV,True
CC(=O)OC1CCC2(C)C(=CCC3C(CC#N)C(C)(C#N)CCC32)C1,5.597603522239408,4797,5.16572126715711,hiv_12708,MoleculeNet_HIV,True
O=C(O)CC(NC(=O)CP(=O)(O)O)C(=O)O.[NaH],5.597523904527103,4798,5.388856997425547,hiv_6521,MoleculeNet_HIV,True
N#CC(=CN1C(=O)C(=Cc2ccc([N+](=O)[O-])cc2)SC1=S)c1nc2ccccc2s1,5.597364586687662,4799,5.218205859959721,hiv_26274,MoleculeNet_HIV,True
COC1OC2COC(c3ccccc3)OC2C2NC(=N)N([N+](=O)[O-])C12OS(C)(=O)=O,5.597337654810038,4800,5.279165560401682,hiv_6401,MoleculeNet_HIV,True
CC(C)(C)C1=CC(=C2C(=O)C(=O)c3ccccc3C2=O)C=C(C(C)(C)C)C1=O,5.597313537754459,4801,5.444123063320431,hiv_23441,MoleculeNet_HIV,True
Cc1nc2c(nc1C)C(=O)C(Br)=CC2=O,5.597310225476536,4802,5.172352093150355,hiv_13649,MoleculeNet_HIV,True
COCC1OCCN1C,5.597166573539055,4803,5.170841478746755,hiv_34956,MoleculeNet_HIV,True
COc1ccccc1C1(c2ccccc2OC)OC(=O)c2ccccc21,5.597156176283296,4804,5.293273188449769,hiv_9685,MoleculeNet_HIV,True
N#CC(=CNC(=S)c1ccncc1)c1nc2ccccc2s1,5.597093567490282,4805,5.240115732232747,hiv_26089,MoleculeNet_HIV,True
COC(=O)C12CC3CC(CC(NC(=O)C(Cc4ccccc4)NC(=O)CN)(C3)C1)C2,5.59707865072271,4806,5.413910631915402,hiv_8899,MoleculeNet_HIV,True
CN(C(=O)Cc1ccccc1)n1cn[n+](CC(=O)OC(C)(C)C)c1.[Br-],5.596867073417887,4807,5.233644837695828,hiv_26453,MoleculeNet_HIV,True
Cc1cccc(C)c1NC(=O)CCc1n[nH]c(=S)o1,5.59684015046435,4808,5.198338473240317,hiv_16969,MoleculeNet_HIV,True
CC(C)OC1NC(=O)Oc2ccccc21,5.596836641673938,4809,5.425821132720047,hiv_8090,MoleculeNet_HIV,True
CC(C)OP(=O)(CP(=O)(OC(C)C)OC(C)C)OC(C)C.C[Sn](Br)(Br)Br,5.596826000738675,4810,5.4016086298354695,hiv_20777,MoleculeNet_HIV,True
CN1C2c3ccccc3C3C4c5ccccc5C(C31)C(C2[N+](=O)[O-])N4C,5.596784702255975,4811,5.410002724001662,hiv_4913,MoleculeNet_HIV,True
Br.C(=Cc1ccc(-c2cn3cc(C=CC=NNC4=NCCN4)ccc3n2)cc1)C=NNC1=NCCN1,5.596719738164725,4812,5.200591034384214,hiv_37426,MoleculeNet_HIV,True
CCOC(=O)c1sc2c(c1OC(=O)c1ccccc1)c(=O)n(-c1ccccc1)c(=S)n2-c1ccccc1,5.596708343981427,4813,5.295356275047002,hiv_30420,MoleculeNet_HIV,True
CCCCCCCCCCN(CCCCCCCCCC)C(=O)COc1c2cc(C(C)(C)C)cc1Cc1cc(C(C)(C)C)cc(c1OCC(=O)N(CCCCCCCCCC)CCCCCCCCCC)Cc1cc(C(C)(C)C)cc(c1OCC(=O)N(CCCCCCCCCC)CCCCCCCCCC)Cc1cc(C(C)(C)C)cc(c1OCC(=O)N(CCCCCCCCCC)CCCCCCCCCC)C2,5.5966194929995075,4814,5.225433814016134,hiv_28789,MoleculeNet_HIV,True
CN(C)c1ccc(C=Cc2ccc(C=Cc3ccc(N(C)C)cc3)cc2)cc1,5.596560117861648,4815,5.186079085853435,hiv_13287,MoleculeNet_HIV,True
CCN(CC)c1c(-c2c(N(CC)CC)c(OC(C)=O)c3sccn3c2=O)c(=O)n2ccsc2c1OC(C)=O,5.596551304253491,4816,5.19545138453953,hiv_35678,MoleculeNet_HIV,True
CC(C)(C)C1(C#N)C(=O)N(c2ccc(Cl)cc2)C12c1ccccc1-c1ccccc12,5.596511855977266,4817,5.31089198654009,hiv_7191,MoleculeNet_HIV,True
C1=[N+]2c3ccccc3[SH+][Zn-4]234([O+]=C1c1ccco1)[O+]=C(c1ccco1)C=[N+]3c1ccccc1[SH+]4,5.596203704454672,4818,5.28776223139736,hiv_12892,MoleculeNet_HIV,True
Cc1cc(C)n(-c2c(O)ccc(O)c2-n2nc(C)cc2C)n1,5.596191488122678,4819,5.188426046663308,hiv_20959,MoleculeNet_HIV,True
S=C(NN=C(c1ccccc1)c1ccccn1)N1CCCCCC1,5.5961304306384365,4820,5.296987608801904,hiv_29182,MoleculeNet_HIV,True
Oc1ccccc1C=Nc1ccccc1N=Cc1ccccc1O,5.596051655575486,4821,5.2828261137387775,hiv_22719,MoleculeNet_HIV,True
Cc1ccc(C)n1CCN1CCNCC1,5.596030759914165,4822,5.24843705075246,hiv_2150,MoleculeNet_HIV,True
CC(=NNc1ccc([N+](=O)[O-])cc1[N+](=O)[O-])c1ccc2ccccc2n1,5.595968771555105,4823,5.2894959760532485,hiv_33846,MoleculeNet_HIV,True
Cc1[nH]ccp1,5.595951948456383,4824,5.194270535230744,hiv_17433,MoleculeNet_HIV,True
O=C(NC1C=Nc2ccccc2NC1=O)c1ccc(Cl)cc1,5.595862060925465,4825,5.286571679512911,hiv_9621,MoleculeNet_HIV,True
CSc1nnc2c(=O)n(C)c(=O)n(C)c2n1,5.595847469845534,4826,5.120999796489766,hiv_3104,MoleculeNet_HIV,True
O=c1oc2ccccc2c(O)c1C(c1cccc(C(c2c(O)c3ccccc3oc2=O)c2c(O)c3ccccc3oc2=O)c1)c1c(O)c2ccccc2oc1=O,5.5957889146231174,4827,5.437767212114721,hiv_36183,MoleculeNet_HIV,True
C=CC1C(OC2OC(CO)C(O)C(O)C2O)OC=C(C(=O)OC)C1CC=O,5.595734817023621,4828,5.149700834052508,hiv_18729,MoleculeNet_HIV,True
O=C(c1cc2ccccc2[nH]1)C(O)(c1cc2ccccc2[nH]1)c1cc2ccccc2[nH]1,5.595599402782849,4829,5.294788085754113,hiv_21855,MoleculeNet_HIV,True
CC1NC(=O)C(C)N(C)C(=O)C2CCCN2C(=O)C(NC(=O)C(Cc2ccccc2)NC(=O)C=CC=CC=CC=CC=CC(=O)NC2=C(O)CCC2=O)COC(=O)C2CCCN2C1=O,5.595560855445749,4830,5.4168345344504845,hiv_24674,MoleculeNet_HIV,True
Cc1cc(S(=O)(=O)Nc2n[nH]c(=O)n2-c2ccccc2)c(S)cc1Cl,5.595479313761072,4831,5.307721847504256,hiv_39424,MoleculeNet_HIV,True
CC1CC(=O)C2=CCCC3(SCCCS3)C2C1CO,5.595411601338792,4832,5.185401020264887,hiv_11821,MoleculeNet_HIV,True
Nc1nc(NC2CC2)c2ncn(C3C=CC(CO)CC3)c2n1,5.595343786936821,4833,5.1752364114164084,hiv_33831,MoleculeNet_HIV,True
Cc1ccc2c(c1)-c1nc(N)c(C#N)c(-c3ccc(Cl)cc3)c1CCS2(=O)=O,5.595278630498742,4834,5.176185829994543,hiv_37879,MoleculeNet_HIV,True
COc1cccc(CC2C(=O)NC(=O)NC2=O)c1,5.595252838177398,4835,5.14951757955258,hiv_35768,MoleculeNet_HIV,True
O=C(N=C1OC2C(OC(=O)c3ccccc3)C(COC(=O)c3ccccc3)OC2N1C(=O)c1ccccc1)c1ccccc1,5.595151204900952,4836,5.299699392778986,hiv_5426,MoleculeNet_HIV,True
ClC(Cl)=CC(Cl)(Cl)C(Cl)(Cl)C(Cl)(Cl)Cl,5.595075364417035,4837,5.18260085145307,hiv_2536,MoleculeNet_HIV,True
O=C1CC2SC(COCc3ccccc3)(CCN2Cc2ccccc2)C1,5.594972075437914,4838,5.253897962993303,hiv_33359,MoleculeNet_HIV,True
CNC(=O)N1CN(c2ccccc2)C2(CCN(Cc3ccccc3)CC2)C1=O,5.594972075437914,4839,5.240528757122408,hiv_28076,MoleculeNet_HIV,True
O=C1COC(C(=O)c2ccccc2)C(=O)N1,5.594944726469515,4840,5.293988302506359,hiv_10465,MoleculeNet_HIV,True
OCC(O)C1OC(c2ccco2)OC(CO)C1O,5.594729786175905,4841,5.388181801977162,hiv_2095,MoleculeNet_HIV,True
COP12(OC)NC(=O)OC1(C(F)(F)F)c1ccccc1O2,5.594722974388864,4842,5.289898024162081,hiv_24355,MoleculeNet_HIV,True
N#CC1(C#N)C(C#N)(C#N)C12CCCCCC2,5.594543563800685,4843,5.19261718622072,hiv_3615,MoleculeNet_HIV,True
C=CCn1cc(C(=O)NC(=O)NCCCCCOC(=O)CCCCCCCCCCC(=O)OCCCCCNC(=O)NC(=O)c2cn(CC=C)c(=O)n(C)c2=O)c(=O)n(C)c1=O,5.594423115082235,4844,5.182464868646851,hiv_20905,MoleculeNet_HIV,True
N=C1Nc2ccccc2Sc2nncn21,5.594405545113633,4845,5.242994838946913,hiv_30518,MoleculeNet_HIV,True
O=C1CCC(=O)N2c3ccccc3-c3ccccc3N12,5.594326259370284,4846,5.2885960139469965,hiv_7937,MoleculeNet_HIV,True
CSC1=NN=C(SC)NN1,5.594303762378027,4847,5.194270535230744,hiv_31679,MoleculeNet_HIV,True
O=C1C(c2ccccc2)=C(c2ccccc2)C(c2ccccc2)C1(Cc1nnn(-c2ccc([N+](=O)[O-])cc2)c1N1CCOCC1)c1ccccc1,5.5942372463847825,4848,5.223109781282215,hiv_13066,MoleculeNet_HIV,True
C=C1CC(C)(COc2cc(=O)oc3ccccc23)OC1=O,5.594217061683057,4849,5.2545827237038445,hiv_29160,MoleculeNet_HIV,True
COC(=O)C1=C(C(=O)OC)SC2(S1)C(C(=O)OC)=C(C(=O)OC)Sc1c2ssc1=O,5.594129874632879,4850,5.172403274612,hiv_36148,MoleculeNet_HIV,True
I.OCCN(C1=NCCN1)[N+](=Cc1ccc(Cl)cc1)[CH-]c1ccc(Cl)cc1,5.593854717249384,4851,5.2169820744301365,hiv_29555,MoleculeNet_HIV,True
Cc1cc(-c2ccc(N=Nc3c(N)c(C)cc(S(=O)(=O)O)c3N)c(C)c2)ccc1N=Nc1ccc(O)c(C(=O)O)c1,5.593823057079364,4852,5.194241963329728,hiv_1576,MoleculeNet_HIV,True
N#CC12C3C4C5C3C1C(C42)n1c(=O)n(-c2ccccc2)c(=O)n15,5.593758239976582,4853,5.287170974761152,hiv_6769,MoleculeNet_HIV,True
CSc1nc2c(=O)oc(-c3ccccc3)nc2s1,5.593744912749521,4854,5.285983976360907,hiv_31983,MoleculeNet_HIV,True
Cc1nn(-c2ccccc2)c2nc(S)cnc12,5.5932972187576615,4855,5.2856604894092065,hiv_31630,MoleculeNet_HIV,True
COC(=O)c1c(-c2ccccc2)c(C(O)c2ccccc2)n2ccccc12,5.593191543318133,4856,5.3759629044024075,hiv_22587,MoleculeNet_HIV,True
O=c1[nH]c(=O)n2n1CC(Br)C(Br)C2,5.593164842394992,4857,5.180538457995225,hiv_5684,MoleculeNet_HIV,True
CC(C)(C)OC(=O)C1CCC(=O)N1C1(c2ccccc2)c2ccccc2-c2ccccc21,5.593096102256315,4858,5.290649209161518,hiv_34287,MoleculeNet_HIV,True
CC1=CNC(C#N)=C(C#N)N=CC(C)=CNC(C#N)=C(C#N)N=C1,5.592955428513767,4859,5.134254838758415,hiv_7898,MoleculeNet_HIV,True
CC1C(=NO)CC(c2ccccc2)N(N=O)C1c1ccccc1,5.5929371602877715,4860,5.274846351551167,hiv_24637,MoleculeNet_HIV,True
c1ccc(C2SCC3COCN32)cc1,5.592887844553623,4861,5.277854169951625,hiv_6969,MoleculeNet_HIV,True
O=C(NN=Cc1ccccn1)c1ccncc1,5.592877407051544,4862,5.241931998749265,hiv_37436,MoleculeNet_HIV,True
NC(=O)C(O)C(O)C(N)=O,5.592663033411115,4863,5.437317317417242,hiv_1321,MoleculeNet_HIV,True
CN1CCCCCC(=NO)C(=NO)CCCCC1,5.592638205394891,4864,5.190235692569414,hiv_3706,MoleculeNet_HIV,True
CC(=O)O[IH2]1NC(=O)c2ccccc21,5.592608814779268,4865,5.299431915175034,hiv_38167,MoleculeNet_HIV,True
O=c1n(-c2ccccc2)c(=O)n2c(-c3ccccc3)c(-c3ccccc3)n12,5.592602667328618,4866,5.282165696738746,hiv_36443,MoleculeNet_HIV,True
Cc1cc2nc(-c3ccccc3Cl)[nH]c2cc1C,5.592556471019069,4867,5.306709948020574,hiv_4639,MoleculeNet_HIV,True
O=C(O)C(=C(c1ccccc1)c1ccc(Cl)cc1)c1ccccc1,5.592556276044909,4868,5.292110868595514,hiv_14867,MoleculeNet_HIV,True
O=C(Nc1nnc(-c2ccccc2)s1)c1cc(=O)c2cc([N+](=O)[O-])ccc2o1,5.592468300263001,4869,5.185722644562103,hiv_10359,MoleculeNet_HIV,True
Nc1c2c(nc3ccccc13)CCCC2.O=C1OC(C(O)CO)C(O)=C1O,5.592435104368608,4870,5.403326615940022,hiv_20097,MoleculeNet_HIV,True
CCC1(c2ccccc2)Sc2ccccc2-n2cccc2C1=O,5.592252140303501,4871,5.343238146740747,hiv_26558,MoleculeNet_HIV,True
CC1(C)NC(=O)C2(CC(O)C(O)C(OC(=O)c3ccccc3)C2)O1,5.592222959295207,4872,5.297466536906724,hiv_8468,MoleculeNet_HIV,True
OC1c2cccn2-c2ccccc2SC1c1ccccc1,5.592147251079013,4873,5.310279395404386,hiv_9172,MoleculeNet_HIV,True
OC1CSc2ccccc2-n2cccc21,5.592147251079013,4874,5.315535884841204,hiv_8901,MoleculeNet_HIV,True
COC(=O)C(Cc1ccccc1)NC(=O)c1ccc(CNC(=S)NCc2cccc(CNC(=S)NCc3ccccc3)c2)cc1,5.592135464627513,4875,5.386755624034371,hiv_37333,MoleculeNet_HIV,True
O=C1C(Cl)C(c2cccc(O)c2)N1n1cnc2ccccc2c1=O,5.591976107613833,4876,5.227366681028758,hiv_22550,MoleculeNet_HIV,True
Nc1cnc2c(c1)c(=O)nc1n2CCS1,5.591966245073242,4877,5.166710533770497,hiv_35787,MoleculeNet_HIV,True
O=C(O)c1ccc(C2COc3ccc(Cl)cc3C2)cc1,5.591940033138922,4878,5.179488911255445,hiv_23425,MoleculeNet_HIV,True
CC(=NNC(=S)N1CC2CCC(CC2)C1)c1cccc[n+]1[O-],5.591899362352505,4879,5.280532240363771,hiv_8564,MoleculeNet_HIV,True
CN(C)CCCNC(CC#N)CCC#N,5.5918642796404425,4880,5.394782029811894,hiv_5460,MoleculeNet_HIV,True
CCCC#CC(O)(C(=O)OC1CCN(C)CC1)C1CCCCC1,5.591627417387385,4881,5.193662413791879,hiv_28005,MoleculeNet_HIV,True
Nc1ccc(S(=O)(=O)Nc2nc3ccccc3nc2N2CCCCC2)cc1,5.591593406151376,4882,5.270834331317111,hiv_36003,MoleculeNet_HIV,True
O=C1Cc2c([nH]c3ccc(Cl)cc23)-c2ccccc2N1,5.591584909105353,4883,5.240326443467519,hiv_31033,MoleculeNet_HIV,True
COC(=O)C(Cc1ccccc1)N1OC12CCCCC2NC(=O)OC(C)(C)C,5.59158069230024,4884,5.403782695011463,hiv_40502,MoleculeNet_HIV,True
COP(=O)(NN=CC(=O)O)OC,5.591554796980036,4885,5.150761300921681,hiv_7204,MoleculeNet_HIV,True
CC1OC(n2ncc(=O)[nH]c2=O)C=CC1=O,5.5915081259932276,4886,5.178032947747027,hiv_17944,MoleculeNet_HIV,True
COc1cc(OC)cc(C2=Nn3c(n[nH]c3=S)NN2)c1,5.591492901118512,4887,5.181608860113951,hiv_5561,MoleculeNet_HIV,True
c1ccc(C2NC(c3ccccc3)N3C(c4ccccc4)N23)cc1,5.591445599818565,4888,5.283427257595357,hiv_16268,MoleculeNet_HIV,True
CCCC(=O)OCC1=CCC2c3c(c4ccccc4n3C)CC1N2Cc1ccccc1,5.591342419580714,4889,5.191555351654898,hiv_16000,MoleculeNet_HIV,True
S=c1[nH]nc2ccccn12,5.591334251952461,4890,5.297184092453067,hiv_2505,MoleculeNet_HIV,True
N=c1[nH]nc2ccccn12,5.591334251952461,4891,5.297184092453067,hiv_2772,MoleculeNet_HIV,True
O=P1(Oc2ccccc2)Nc2cc(Cl)ccc2S1,5.591333365075467,4892,5.2952130081358915,hiv_3427,MoleculeNet_HIV,True
CN1C(=O)C(=C2SC(=O)N(CNc3ccc(Br)cc3)C2=O)c2ccccc21,5.591261730065335,4893,5.287802174106264,hiv_9313,MoleculeNet_HIV,True
COc1ccc2oc(=S)[nH]c2c1,5.59122710269819,4894,5.170573503439408,hiv_2834,MoleculeNet_HIV,True
O=C1c2ccccc2C(=O)N1CCCSCC(CO)SCCCN1C(=O)c2ccccc2C1=O,5.591077759756432,4895,5.407740934478785,hiv_39707,MoleculeNet_HIV,True
O=[N+]([O-])C(=Cc1cccc2ccccc12)C(=Cc1cccc2ccccc12)[N+](=O)[O-],5.591036579197914,4896,5.247528897606435,hiv_38376,MoleculeNet_HIV,True
Cc1ccc(S(=O)(=O)N2CCN3C(=O)c4ccccc4C32c2ccc(F)cc2)cc1,5.59101463544472,4897,5.278010612185706,hiv_35165,MoleculeNet_HIV,True
O=c1nc(-c2ccccc2)c2c3c(cccn13)CCC2,5.591014085411254,4898,5.272583477789394,hiv_14125,MoleculeNet_HIV,True
Cn1c(=O)ccc2cc(C(=O)c3ccccc3)ccc21,5.590886316082262,4899,5.237992568357058,hiv_19720,MoleculeNet_HIV,True
CC1=C(C)C(=O)C(C2=C(C3=CC(=O)C(C)=C(C)C3=O)C(=O)C(C)=C(C)C2=O)=CC1=O,5.590864208469584,4900,5.185312177513347,hiv_39895,MoleculeNet_HIV,True
Cc1nc(C(N)=S)sc1C(C=Cc1ccc(Cl)c(Cl)c1)=NNC(C)(C)C,5.59085526156268,4901,5.222330010168951,hiv_22477,MoleculeNet_HIV,True
O=NC1=C(c2ccccc2)Nc2ccccc2S1,5.590852462551538,4902,5.3042421453415125,hiv_9042,MoleculeNet_HIV,True
O=C1Nc2ccccc2NC1C1OC(c2ccccc2)=CC1=O,5.590852462551538,4903,5.293988302506359,hiv_36090,MoleculeNet_HIV,True
O=P1(c2ccccc2)C=C(c2ccccc2)NC(c2ccccc2)=C1,5.590852462551538,4904,5.3042421453415125,hiv_10182,MoleculeNet_HIV,True
O=[N+]([O-])c1c(C=Nc2ccccc2)oc(-c2ccc3c(c2)OCO3)c1-c1ccc2c(c1)OCO2,5.590795850280857,4905,5.2835433243582175,hiv_19391,MoleculeNet_HIV,True
COC(=O)C1CSC(=S)N1C(=O)CC1CC=CCC1CC(=O)Sc1ccccc1,5.590651494045371,4906,5.267877539695016,hiv_11551,MoleculeNet_HIV,True
c1ccc2c(c1)Nc1ccccc1O2,5.590510221102301,4907,5.305429676459854,hiv_2644,MoleculeNet_HIV,True
CC(C)=CCCC(C)=CCN1Cc2cccc3[nH]c(=S)n(c23)CC1C,5.590505794642684,4908,5.1803046190852235,hiv_16852,MoleculeNet_HIV,True
N#CC12C(=N)CCC1C1CC2C2C3C=CC(C3)C12,5.590448271536198,4909,5.185347252478227,hiv_5841,MoleculeNet_HIV,True
N#CC1(C#N)C(C#N)(C#N)C12CCCCC2Cl,5.590448271536198,4910,5.183698857527295,hiv_3594,MoleculeNet_HIV,True
Nc1ccccc1C(=O)C(Br)C(Br)c1ccc2c(c1)OCO2,5.59042054811025,4911,5.437306063271454,hiv_24041,MoleculeNet_HIV,True
N#CSCC(Cl)=CCl.N#CSCC(Cl)=CCl,5.590359488847,4912,5.182232817634844,hiv_27463,MoleculeNet_HIV,True
CC1CCC2C(CN(C)C)C(=O)OC2C2(C)C(=O)C=CC12O,5.590219306813827,4913,5.183704983407621,hiv_12831,MoleculeNet_HIV,True
FC(F)(F)c1ccc2c(c1)N(CCCNCCN1CCOCC1)c1ccccc1S2,5.5901315843544825,4914,5.326176509513943,hiv_5757,MoleculeNet_HIV,True
O=[N+]([O-])N1CCCS1(=O)=O,5.5900535001849,4915,5.192115884423176,hiv_13624,MoleculeNet_HIV,True
COc1cccc(C=Cc2nccc3ccccc23)c1OC,5.590052346962182,4916,5.235649515556827,hiv_5579,MoleculeNet_HIV,True
COC(=O)N=[N+]([O-])C(c1ccc(OC)cc1)C1CCCCC1,5.59003596402218,4917,5.406315481898256,hiv_38225,MoleculeNet_HIV,True
CCCCCCCCCCCC1CC(=O)NCCCN(C)CCCCN(C)CCCN1C,5.590032741324516,4918,5.20370811457121,hiv_22623,MoleculeNet_HIV,True
Cn1c(=O)c(C(=O)NC(=O)NCCCCCOC(=O)CCCCCCCCCCC(=O)OCCCCCNC(=O)NC(=O)c2cn(Cc3ccccc3)c(=O)n(C)c2=O)cn(Cc2ccccc2)c1=O,5.589994890060708,4919,5.2249247636985094,hiv_20904,MoleculeNet_HIV,True
O=C1C=CC(=Nc2nc3c4ccccc4c4ccccc4c3[nH]2)c2ccccc21,5.589983191245364,4920,5.2417621619380474,hiv_8355,MoleculeNet_HIV,True
CCCc1n[nH]c(=O)n1N1C(=O)C=CC1=O,5.589975711293445,4921,5.2053450084983375,hiv_34709,MoleculeNet_HIV,True
CCCC1=Nn2c(n[nH]c2=S)NN1,5.589975711293445,4922,5.210623926410182,hiv_5556,MoleculeNet_HIV,True
N#Cc1cc([N+](=O)[O-])ccc1NC(=O)C(=NN)C(C(=O)c1ccc(Cl)c(Cl)c1)C1OC(=O)c2ccccc21,5.58996768741908,4923,5.417846763573929,hiv_19245,MoleculeNet_HIV,True
C=C(C)C1CC=C(C)CCCC2(CCC3=C(CC(C(=C)C)CC=C(C)CCC3)O2)C(=O)C1,5.589965757216827,4924,5.185618658864604,hiv_24067,MoleculeNet_HIV,True
COc1ccc(C(=O)C(c2ccc(OC)cc2)C2C(=O)Oc3ccccc32)cc1,5.589858067095473,4925,5.409362876255864,hiv_20418,MoleculeNet_HIV,True
O=S1(=O)CC2C1C1(c3ccccc3)OC2(c2ccccc2)c2ccccc21,5.589830798724493,4926,5.289815426611881,hiv_3785,MoleculeNet_HIV,True
COc1ccc(C=C2SC(c3ccc(Cl)cc3)N(NC(=O)CCCCCCCCC(=O)NN3C(=O)C(=Cc4ccc(OC)c(OC)c4)SC3c3ccc(Cl)cc3)C2=O)cc1OC,5.589736345834388,4927,5.083484436756852,hiv_39550,MoleculeNet_HIV,True
Fc1ccc(Oc2nc3ccccc3nc2-c2ccccc2)cc1,5.589670200666772,4928,5.270257895352013,hiv_33733,MoleculeNet_HIV,True
COc1cc(OCc2ccccc2)c(O)cc1-c1coc2cc(OCc3ccccc3)ccc2c1=O,5.589502880274385,4929,5.2477341593210545,hiv_7369,MoleculeNet_HIV,True
CCCCCCCCCCOCC(COCCOCC(COCCCCCCCCCC)OS(=O)(=O)O)OS(=O)(=O)O.[NaH],5.589490613915913,4930,5.400581410714871,hiv_18335,MoleculeNet_HIV,True
OC1=C2Nc3ccccc3N=C2OC1c1ccncc1,5.589478253281987,4931,5.416096924033746,hiv_9207,MoleculeNet_HIV,True
COS(=O)(O)=[OH+].C[n+]1c2ccccc2c(CNC(CS)C(=O)O)c2ccccc21,5.5894589071760885,4932,5.3927015574894,hiv_13353,MoleculeNet_HIV,True
O=C(C=Cc1ccccc1)C=Cc1ccccc1O,5.589409283658566,4933,5.2818054184282,hiv_17305,MoleculeNet_HIV,True
Cc1cc(=O)n(-c2ccccc2)c(=O)o1,5.589362006077268,4934,5.287855341308219,hiv_11011,MoleculeNet_HIV,True
CC1(C)CC2C(=O)c3ccccc3NC2c2ccccc21,5.589230895165722,4935,5.235735375369653,hiv_3002,MoleculeNet_HIV,True
CNc1nc(SC)nc2c1S(=O)(O)=NC=N2,5.589230230751818,4936,5.202542031864619,hiv_3168,MoleculeNet_HIV,True
Cc1cn(C2CC([Se]c3ccccc3)C(CO)O2)c(=O)[nH]c1=O,5.589222694579043,4937,5.281678251432077,hiv_37056,MoleculeNet_HIV,True
CC1=CC2=C(C(N)=O)C(=O)OC2(C)C(c2ccccc2)C1,5.589188158244455,4938,5.2906877860515245,hiv_10198,MoleculeNet_HIV,True
CC1CC(NN(C)C)C2(C(N)=O)C(=N)NC(=O)C12C#N,5.589130750812486,4939,5.193665618003822,hiv_34402,MoleculeNet_HIV,True
O=C1C(=Cc2ccc3c(c2)OCCO3)CCCC1=Cc1ccc2c(c1)OCCO2,5.589050477837638,4940,5.194999243527417,hiv_17239,MoleculeNet_HIV,True
OC(C1CCCCCCCCCC1)C(O)C1CCCCCCCCCC1,5.588870850756126,4941,5.4188425235081725,hiv_28428,MoleculeNet_HIV,True
c1ccc2c(Nc3ncco3)cccc2c1,5.588853021662028,4942,5.245372430144375,hiv_25777,MoleculeNet_HIV,True
O=S(=O)(C=NN=P(c1ccccc1)(c1ccccc1)c1ccccc1)c1ccccc1-c1ccccc1,5.588848384481119,4943,5.279061283775388,hiv_6400,MoleculeNet_HIV,True
CCCCOC(=O)C1CN2C(=NC1(C(F)(F)F)C(F)(F)F)Sc1ccccc12,5.588844199708118,4944,5.347266772793597,hiv_35802,MoleculeNet_HIV,True
Cl.NC(Cc1ccc(OCc2ccccc2)cc1)C(=O)NC(Cc1ccccc1)C(=O)ON1C(=O)CCC1=O,5.588776981178316,4945,5.410961981842884,hiv_29427,MoleculeNet_HIV,True
COC1=CC(=O)C(O)=C(CC2(C)C(C)CC=C3C2CCCC3(C)C)C1=O,5.588746825817807,4946,5.162122100284885,hiv_18988,MoleculeNet_HIV,True
CC1=CC(=O)C(=CN2C(=O)C(=Cc3cccc(O)c3)SC2=S)C(=O)O1,5.5885905263899724,4947,5.1167933884733845,hiv_26272,MoleculeNet_HIV,True
COc1cc2c(cc1OC)C1CCc3ccccc3CN1CC2,5.588584620747952,4948,5.22323449402167,hiv_28674,MoleculeNet_HIV,True
C#CCOC(=O)C(=[N+]=[N-])C(=O)CC(C)C,5.588498471379876,4949,5.405053088020623,hiv_27013,MoleculeNet_HIV,True
COC12CCCN1c1ccn(Cc3ccccc3)c(=O)c1C2=O,5.588461470344309,4950,5.244154898067947,hiv_34288,MoleculeNet_HIV,True
C=Cc1cncc(C#N)c1CCc1c(C#N)cncc1C=C,5.588442422746015,4951,5.18258737797023,hiv_19925,MoleculeNet_HIV,True
Nc1nc(N)c(-c2ccccc2)c(C(=O)Nc2nccs2)n1,5.588413745941395,4952,5.283885912864912,hiv_15073,MoleculeNet_HIV,True
CN(C)c1ccc(C=Cc2ccnc3ccc4ccccc4c23)cc1,5.58841112468212,4953,5.252889355127571,hiv_9841,MoleculeNet_HIV,True
COc1ccc(C=CC(=O)CCN2CCN(CCC(=O)C=Cc3ccc(OC)cc3)CC2)cc1.Cl,5.588172116147201,4954,5.229374964826817,hiv_36797,MoleculeNet_HIV,True
O=C(c1cc(=O)c2ccc(O)cc2o1)c1ccc(Cl)cc1Cl,5.588102784395596,4955,5.139879889279812,hiv_21185,MoleculeNet_HIV,True
O=C(O)C(=O)O.O=c1c2cc(Br)ccc2nc(-c2ccccc2Cl)n1NCC1(O)OCC(O)C(O)C1O,5.588096367750187,4956,5.296408344938697,hiv_13694,MoleculeNet_HIV,True
CC12CCC3(OCCO3)C(OC(=O)c3ccccc3)=C1CCC21OCCO1,5.588070112118716,4957,5.296149830910082,hiv_13938,MoleculeNet_HIV,True
Cc1cc(S(=O)(=O)Nc2nnc3ccccn23)c(S)cc1Cl,5.587983218436717,4958,5.237829994485822,hiv_28619,MoleculeNet_HIV,True
O=C1[OH+][Ni-4]234([O+]=C(c5ccco5)C=[N+]2c2ccccc21)[O+]=C(c1ccco1)C=[N+]3c1ccccc1C(=O)[OH+]4,5.587927785999111,4959,5.311214358186522,hiv_17141,MoleculeNet_HIV,True
NC(C(=O)O)C1CC(Cl)=NO1,5.58790105572206,4960,5.42180698514527,hiv_5553,MoleculeNet_HIV,True
c1ccc2c(C3NCCc4[nH]cnc43)cccc2c1,5.587842442315345,4961,5.19906306776446,hiv_18198,MoleculeNet_HIV,True
O=c1nc2sc3ccc4ccccc4c3n2nc1-c1ccccc1,5.587789579843253,4962,5.230904786626859,hiv_15125,MoleculeNet_HIV,True
Cc1nc(Nc2nnc(-c3cc([N+](=O)[O-])cc([N+](=O)[O-])c3C)o2)sc1C(=O)CC(=O)Cc1nc2ccc(Cl)cc2nc1O,5.587722504075658,4963,5.100640056885458,hiv_18970,MoleculeNet_HIV,True
N#CC(OC1OC(COC(=O)C=Cc2ccc(O)c(O)c2)C(O)C(O)C1O)c1ccccc1,5.587704774741896,4964,5.394907750628842,hiv_13270,MoleculeNet_HIV,True
OCC1C(OCc2ccccc2)C(OCc2ccccc2)C(OCc2ccccc2)CN1Cc1ccccc1,5.587518946913862,4965,5.235374017945442,hiv_14174,MoleculeNet_HIV,True
c1c[nH]c(-c2ccc(-c3ccc[nH]3)c3nsnc23)c1,5.587503528754187,4966,5.1907923008303785,hiv_40030,MoleculeNet_HIV,True
OCC1C(O)C2OC3(CCCC3)OC2CN1OCC=Cc1ccccc1,5.5874946327078145,4967,5.290154883853813,hiv_24609,MoleculeNet_HIV,True
O=C1C(=Cc2ccc3c(c2)OCO3)SC2C=Nc3ccccc3N12,5.587486625337694,4968,5.205976714888555,hiv_15951,MoleculeNet_HIV,True
COC(=O)C1=C(C)NC2=C(C(=O)c3ccccc32)C1c1cn(-c2ccccc2)nc1-c1ccccc1,5.587486434737036,4969,5.452568446777866,hiv_37489,MoleculeNet_HIV,True
Cc1cc(N(CCC#N)CCC#N)ccc1C(N=Nc1ccc(C(=O)O)cc1)=NNC(=O)c1ccccc1,5.5874584668916984,4970,5.272243476277967,hiv_34465,MoleculeNet_HIV,True
O=S1(=O)CCCc2c1ccc1ccccc21,5.587428149324502,4971,5.254558533822109,hiv_120,MoleculeNet_HIV,True
Nc1cc(=O)[nH]c(=S)n1-c1ccc(Cl)cc1,5.587293959625234,4972,5.192702242667698,hiv_3105,MoleculeNet_HIV,True
O=C(O)c1ccc2c3c(ncnc13)-c1ccccc1C2=O,5.587276000915936,4973,5.421367755803885,hiv_3128,MoleculeNet_HIV,True
Cc1c2c(c(-c3c4c(c(C)c5c3[OH+][Re+](C#[O+])(C#[O+])(C#[O+])(C#[O+])[OH+]5)OCO4)c3c1[OH+][Re+](C#[O+])(C#[O+])(C#[O+])(C#[O+])[OH+]3)OCO2,5.587195202559906,4974,5.199287357159186,hiv_33671,MoleculeNet_HIV,True
Cc1c2c(n(CCc3ccccc3)c1C)N(C)N=C(C#N)S2(=O)=O,5.587137610562239,4975,5.2332832673999725,hiv_40136,MoleculeNet_HIV,True
Cc1oc2c(c(=O)c1C)CN(Cc1ccccc1)CC2,5.586819112781797,4976,5.234619272674911,hiv_10890,MoleculeNet_HIV,True
CCN(CC)CCN1CC(=O)N2CCCCN2C(=O)C1.O=C(O)C(=O)O,5.586780072497265,4977,5.191169330081794,hiv_8247,MoleculeNet_HIV,True
O=C(CCCl)N1CCN(C(=O)CCCl)c2c1c1ccccc1c1ccccc21,5.586737897432795,4978,5.251762870709055,hiv_2948,MoleculeNet_HIV,True
Cc1cccc(NC(=O)Cc2nc3ccccc3s2)c1C,5.586723091162109,4979,5.290051944449021,hiv_14898,MoleculeNet_HIV,True
O=C1C=C(c2ccc(O)cc2)C(O)Cc2ccc(OC3OC(CO)C(O)C(O)C3O)cc2O1.O=C1C=C(c2ccc(O)cc2)C(OC2OC(CO)C(O)C(O)C2O)Cc2ccc(O)cc2O1,5.5866466995214195,4980,5.183355605915502,hiv_20964,MoleculeNet_HIV,True
COC(=O)c1nn2c(=O)[nH]c3ccccc3c2c1C(=O)OC,5.5866325123332,4981,5.211599483881876,hiv_6788,MoleculeNet_HIV,True
CCCCCCCCOCC(COC(=O)CCCCCCC)OC(=O)CCCCCCC,5.586586487462188,4982,5.400581410714871,hiv_21670,MoleculeNet_HIV,True
Cn1c(=O)c2ncnnc2n(C)c1=O,5.586535655348228,4983,5.117358706376887,hiv_2436,MoleculeNet_HIV,True
CC1(C)CC(=O)C2=C(C1)OC1=C(C(=O)CC(C)(C)C1)C2CC(c1ccccc1)c1ccc(O)c(O)c1O,5.586319280712442,4984,5.405950723318686,hiv_27030,MoleculeNet_HIV,True
CCCCCCCCCCCCCCCCCC(=O)O.CCN(CC)c1ccc2c(-c3ccccc3C(=O)O)c3ccc(N(CC)CC)cc3[o+]c2c1,5.586256474545195,4985,5.3094487529537,hiv_479,MoleculeNet_HIV,True
ON=C(c1ccccc1)N1CCCCC1,5.586016980312892,4986,5.287792193889626,hiv_11868,MoleculeNet_HIV,True
Cc1cc(O)nc(NN2C(Cl)C(=O)C2c2ccc(Cl)cc2)n1,5.585953815246262,4987,5.176693066394527,hiv_23536,MoleculeNet_HIV,True
O=C1CC2(CCC(O)(c3ccc4ccccc4c3)C(C(=O)c3ccc4ccccc4c3)C2)C(=O)c2ccccc2N1,5.585919694738102,4988,5.2945650210714446,hiv_34747,MoleculeNet_HIV,True
CSC1(SC)CCCCCCCCCCC1,5.585782174362217,4989,5.196095420621085,hiv_28390,MoleculeNet_HIV,True
C1CCCCC2(CCCCCCCCC3(CCC1)SCCS3)SCCS2,5.585782174362217,4990,5.19261718622072,hiv_28582,MoleculeNet_HIV,True
Cc1cc2c3c(c1)C(=O)CCN3CCC2=O,5.585732922142249,4991,5.18892488577983,hiv_11288,MoleculeNet_HIV,True
O=S(=O)(Nc1nc2ccccc2n1S(=O)(=O)c1ccccc1)c1ccccc1,5.585678953439168,4992,5.239160970506067,hiv_37495,MoleculeNet_HIV,True
N=C1NC2=c3ccccc3=C(c3cnccn3)C2(c2cnccn2)c2ccccc21,5.585601853556231,4993,5.304730246943256,hiv_22956,MoleculeNet_HIV,True
CCC(CCCCC1CCC2CC(=O)CC12)OC,5.585566787139852,4994,5.370128603966083,hiv_26412,MoleculeNet_HIV,True
Cc1ccc(C=Nn2c(Cc3ccccc3)n[nH]c2=O)cc1,5.585426047551112,4995,5.2410025045235,hiv_33101,MoleculeNet_HIV,True
CC(=O)NC(CCCNC(=O)OCc1ccccc1)C(=O)NCc1ccccc1,5.585406772500592,4996,5.407545992184403,hiv_19983,MoleculeNet_HIV,True
O=c1[nH]c2ncsc2c(=O)n1O,5.585389850099449,4997,5.174235636341735,hiv_4282,MoleculeNet_HIV,True
COC(=O)CCC1=CCC2(SC)C(=O)Nc3cccc1c32,5.585368193667641,4998,5.18197480681036,hiv_38656,MoleculeNet_HIV,True
CCCc1nn2c(-c3ccccc3)nnc2o1,5.585365539245177,4999,5.227112105860927,hiv_5652,MoleculeNet_HIV,True
CCCCCCCCCCCCCCCCCCN1C(=O)c2ccccc2[Se]1=O,5.585358008605012,5000,5.296340690242722,hiv_18441,MoleculeNet_HIV,True
O=C(O)C=CS(=O)(=O)O,5.5853500214038,5001,5.177344362016251,hiv_4419,MoleculeNet_HIV,True
O=C(NN=Cc1cccc2ccccc12)c1cccnc1,5.585315301304852,5002,5.246678900296515,hiv_6422,MoleculeNet_HIV,True
CC1(C)CC(=O)C(=CNC(=S)NCCc2ccccc2)C(=O)C1,5.585311781943484,5003,5.24651429699638,hiv_25561,MoleculeNet_HIV,True
CC1(C)CC(=O)C(=CNC(=S)NCc2ccccc2)C(=O)C1,5.585311781943484,5004,5.209370740748822,hiv_25529,MoleculeNet_HIV,True
C1CCN(C2=[S+][Ru][SH+]2)CC1,5.585248209729171,5005,5.187887303382154,hiv_26938,MoleculeNet_HIV,True
CC(=O)N(C(C)=O)C1=C2c3ccccc3N(S(=O)(=O)c3ccccc3)C2n2c(=O)n(-c3ccccc3)c(=O)n2C1,5.585194984917822,5006,5.277976060781342,hiv_23436,MoleculeNet_HIV,True
O=C1CCC(=O)N2CCCCN12,5.585167377891203,5007,5.187887303382154,hiv_16068,MoleculeNet_HIV,True
O=c1ccc(=O)n(-c2ccc(Br)cc2)[nH]1,5.585062108986275,5008,5.1907923008303785,hiv_896,MoleculeNet_HIV,True
CC1CNc2cccc3[nH]c(=S)n(c23)C1,5.585062108986275,5009,5.1803046190852235,hiv_25374,MoleculeNet_HIV,True
Cn1nc(-c2ccc3c(c2)OCO3)[n+]([O-])c2c(=O)n(C)c(=O)nc1-2,5.584883844996941,5010,5.192301490694095,hiv_7070,MoleculeNet_HIV,True
O=C1c2cccc3cc([N+](=O)[O-])cc(c23)C(=O)N1C(Cc1ccccc1)c1ccccc1,5.584843944179369,5011,5.406741564833028,hiv_6233,MoleculeNet_HIV,True
COc1ccc2c(c1)-c1nn(CCCN(C)C)c3ccc([N+](=O)[O-])c(c13)N2.CS(=O)(=O)O,5.584839172687424,5012,5.153514483467021,hiv_8969,MoleculeNet_HIV,True
COC1(OC)CCCCCCCCC(OC)(OC)CCCCCCCC1,5.584830601930623,5013,5.172403274612,hiv_28578,MoleculeNet_HIV,True
COC1(OC)CC2C(=O)CCCC21OC,5.584830601930623,5014,5.162149431776847,hiv_5954,MoleculeNet_HIV,True
Cn1ncc2c(N(N)CCO)nc(-c3ccc([N+](=O)[O-])o3)nc21,5.584798126069272,5015,5.185984579559267,hiv_3833,MoleculeNet_HIV,True
O=C(Cc1ccccc1)NN1C(=O)C(=Cc2cccc([N+](=O)[O-])c2)SC1=Nc1ccccc1,5.584797508139161,5016,5.181173209382916,hiv_24132,MoleculeNet_HIV,True
Cc1nc(NC(=S)NC(=O)c2ccc(Cl)c(Cl)c2)sc1C(=O)C=Cc1ccccc1[N+](=O)[O-],5.584754405065197,5017,5.296344712284394,hiv_18751,MoleculeNet_HIV,True
Cc1cc(=O)oc2cc(OC(=Cc3ccc(O)cc3)c3nc4ccccc4c(=O)o3)ccc12,5.584628892610745,5018,5.192584038930152,hiv_19788,MoleculeNet_HIV,True
Cc1ccc(S(=O)(=O)O)cc1.Cn1c2ccccc2n2c3ccccc3c3n[nH]c(=N)c-3c12,5.584598751130269,5019,5.227008137028667,hiv_38707,MoleculeNet_HIV,True
CC1=CC(C)C(=O)N(CCN2CCOCC2)C(C)=C1,5.58459495782408,5020,5.20707079940372,hiv_4859,MoleculeNet_HIV,True
CC1=C2CCCC2CC(=NNc2ccc([N+](=O)[O-])cc2[N+](=O)[O-])CC1,5.584523309440433,5021,5.175214430465026,hiv_11670,MoleculeNet_HIV,True
O=c1oc(-c2ccccc2)c(-c2ccccc2)n1-c1ccc(Br)cc1,5.584503259357769,5022,5.282165696738746,hiv_40055,MoleculeNet_HIV,True
Cc1ccc(-n2cc(C(=N)NO)c3ccccc3c2=O)cc1,5.584466074729622,5023,5.248648232616892,hiv_23662,MoleculeNet_HIV,True
Cn1c(-c2ccccc2)cc(-c2ccc3c(c2)OCO3)c1-c1ccsc1,5.584313245505635,5024,5.2847008444007875,hiv_40593,MoleculeNet_HIV,True
CCCCC(=O)c1c(O)nc2sccn2c1=O,5.584289190265993,5025,5.19545138453953,hiv_26991,MoleculeNet_HIV,True
O=C(CCn1[nH]c(=O)c(Cl)c(Cl)c1=O)NOCCCc1ccccc1,5.584269704663423,5026,5.232323907038232,hiv_15910,MoleculeNet_HIV,True
CC(NC(=O)Cn1c(Cl)nc2ccccc21)c1ccccc1,5.584157358006252,5027,5.369749199049109,hiv_38699,MoleculeNet_HIV,True
Cc1ccc(S(=O)(=O)N2CCc3cc(O)c([N+](=O)[O-])cc32)cc1,5.5840701118710365,5028,5.1850581125739374,hiv_39828,MoleculeNet_HIV,True
OC(CC=NN=CCC(O)(C(F)(F)Cl)C(F)(F)Cl)(C(F)(F)Cl)C(F)(F)Cl,5.584060172017101,5029,5.17878835944969,hiv_25728,MoleculeNet_HIV,True
CC(=O)OC(C#N)CC(C)(C)[N+]([O-])=[N+]([O-])C(C)(C)CC(C#N)OC(C)=O,5.584005106623898,5030,5.412506629026709,hiv_36947,MoleculeNet_HIV,True
Cc1ccnc(SC(F)(F)c2nc3ccccc3o2)n1,5.583996412886154,5031,5.291240465797725,hiv_40716,MoleculeNet_HIV,True
CC1=CC(=O)C(=CNc2nc(-c3ccc([N+](=O)[O-])cc3)cs2)C(=O)O1,5.583966762152509,5032,5.185312177513347,hiv_24869,MoleculeNet_HIV,True
O=Cc1ccc(C=O)n1C1CCOC1=O,5.583873309904396,5033,5.173180791167553,hiv_11642,MoleculeNet_HIV,True
COC(=O)C1=C(C(=O)OC)SC(=C2c3ccsc3-c3sccc32)S1,5.583839750653444,5034,5.1613826704471695,hiv_27729,MoleculeNet_HIV,True
CN(C)c1ccc(C=c2sc3nnc(-c4ccco4)n3c2=O)cc1,5.583756110658515,5035,5.120999796489766,hiv_17747,MoleculeNet_HIV,True
Cc1ccc(S(=O)(=O)Sc2nnnn2-c2ccccc2)cc1,5.583671806276981,5036,5.214858860745305,hiv_7497,MoleculeNet_HIV,True
O=c1c2c3c(sc2nc2n1N=C(c1ccc(Br)cc1)CS2)CCCC3,5.583614732874577,5037,5.205717976110748,hiv_31187,MoleculeNet_HIV,True
Cc1csc2[nH]c3ccccc3[n+]12.[O-][Cl+3]([O-])([O-])O,5.583598026094277,5038,5.294351057372874,hiv_3628,MoleculeNet_HIV,True
COc1cccc(C(=O)Oc2ccc(OS(=O)(=O)c3ccc(C)cc3)cc2)c1C#N,5.583510406696941,5039,5.1557105741684115,hiv_31005,MoleculeNet_HIV,True
COc1c(OC)c(C2(O)C(=O)N(C)c3ccccc32)c(OC)c(OC)c1C1(O)C(=O)N(C)c2ccccc21,5.583504233453615,5040,5.279517532368872,hiv_10484,MoleculeNet_HIV,True
C[n+]1c2ccccc2n2c3ccccc3c(NCCc3ccccn3)c(C#N)c21.Cc1ccc(S(=O)(=O)[O-])cc1,5.5833281367050365,5041,5.2358283656340445,hiv_38700,MoleculeNet_HIV,True
COc1ccc2c(c1)OC(=O)C(S(=O)(=O)c1ccccc1)C2,5.583234528135241,5042,5.2574242712384605,hiv_10565,MoleculeNet_HIV,True
O=C1C2C=CC(C2)C(c2ccc(O)cc2)N1O,5.583106473810463,5043,5.173180791167553,hiv_17163,MoleculeNet_HIV,True
CC1=[N+]2N=C(c3ccccc3)[OH+][Ni-4]234(O)[OH+]C(c2ccccc2)=N[N+]3=C(C)c2cccc1[n+]24,5.583048507611351,5044,5.300240688237791,hiv_37445,MoleculeNet_HIV,True
CCN(CC)c1c(C)nnc2c3c(-c4ccccc4)c(-c4ccccc4)nnc3nn12,5.582948576123478,5045,5.212306091653788,hiv_7680,MoleculeNet_HIV,True
CC(=O)Oc1cc(C=C(C#N)C(=O)NCCCCNC(=O)C(C#N)=Cc2cc(OC(C)=O)c(OC(C)=O)c(OC(C)=O)c2)cc(OC(C)=O)c1OC(C)=O,5.58291257366407,5046,5.189412104193065,hiv_34841,MoleculeNet_HIV,True
NCCCCNc1ccc2c(O)nnc(O)c2c1,5.582832861198974,5047,5.134163985552659,hiv_10963,MoleculeNet_HIV,True
O=[N+]([O-])c1ccc(Oc2ccc(S(=O)(=O)c3ccc(Oc4ccc([N+](=O)[O-])cc4)c([N+](=O)[O-])c3)cc2[N+](=O)[O-])cc1,5.582795015734312,5048,5.178959761340191,hiv_5959,MoleculeNet_HIV,True
CC1=CCC(=O)C2(C)C1C(O)C1OC3CC(c4ccoc4)C(C)=C3C1(C)C2CC(=O)O,5.582771740347814,5049,5.184286012849365,hiv_3378,MoleculeNet_HIV,True
N#CC1(c2ccccc2)CCN(C2(c3ccccc3)CCCCC2)CC1,5.582761730800444,5050,5.30379790887927,hiv_34989,MoleculeNet_HIV,True
O=C(CCc1ccc(O)cc1)NCCCNC(=O)CCc1ccc(O)cc1,5.582671605690455,5051,5.123803406983311,hiv_37173,MoleculeNet_HIV,True
N=C1NCC(c2ccccn2)C1c1ccc(F)cc1,5.5826603425148935,5052,5.289395984786639,hiv_14796,MoleculeNet_HIV,True
O=C1N=NC(=O)N1c1cc(C(F)(F)F)cc(C(F)(F)F)c1,5.5826295035136315,5053,5.182172051556615,hiv_37912,MoleculeNet_HIV,True
O=C(C=Cc1ccc(Cl)cc1)c1ccncc1,5.58262877385884,5054,5.134954352288457,hiv_18737,MoleculeNet_HIV,True
CCCCCCCC(=O)OCC1OC(n2cc(F)c(=O)[nH]c2=O)C(NC(=O)OCc2ccccc2)C(O)C1O,5.582574112964511,5055,5.250207931307225,hiv_15491,MoleculeNet_HIV,True
CC1(C)SC(CN)NC1C(=O)OC(c1ccccc1)c1ccccc1,5.582574089513961,5056,5.427753101202279,hiv_34940,MoleculeNet_HIV,True
Oc1ccccc1C=Nc1ccc(SSc2ccc(N=Cc3ccccc3O)cc2)cc1,5.5824993396259925,5057,5.2693420121004095,hiv_33011,MoleculeNet_HIV,True
NN=C(c1ccccc1)c1ccc([N+](=O)[O-])cc1,5.582419360931208,5058,5.283378101400185,hiv_1441,MoleculeNet_HIV,True
O=S1(=O)COc2ccccc2-c2ncncc21,5.5823795313561035,5059,5.277150536221628,hiv_20769,MoleculeNet_HIV,True
C=CCC1(C2=C(C)C(=O)c3ccccc32)CCCS1,5.582273361074911,5060,5.4200173368477795,hiv_26923,MoleculeNet_HIV,True
CC(C)CC(=O)NC(C(=O)NC(C(=O)NC(CC(C)C)C(O)CC(=O)NC(C)C(=O)NC(CC(C)C)C(O)CC(=O)O)C(C)C)C(C)C,5.582157086599646,5061,5.364026321554461,hiv_6977,MoleculeNet_HIV,True
C=C(C)C(=O)NC(=N)NC#N,5.582138069245938,5062,5.186079085853435,hiv_9183,MoleculeNet_HIV,True
CC12C=CC(=O)C=C1CCC1C3CCC(O)(C(=O)CO)C3(C)CC(O)C12F,5.582119898842977,5063,5.185473543967706,hiv_532,MoleculeNet_HIV,True
N=C(N)NN=Cc1oc(-c2ccc(S(=O)(=O)O)o2)c(-c2ccc(S(=O)(=O)O)o2)c1[N+](=O)[O-],5.582052777192069,5064,5.217953305802864,hiv_21462,MoleculeNet_HIV,True
CCCCCCOP(=O)(OCCCCCC)C(NC(=O)OCC)(C(F)(F)F)C(F)(F)F,5.582041269078163,5065,5.190805109986514,hiv_30792,MoleculeNet_HIV,True
O=C(c1cccnc1)[N+]1=[C-]c2ccc[o+]2[Ni-2]12[N+](C(=O)c1cccnc1)=[C-]c1ccc[o+]12,5.5820265400730325,5066,5.18260085145307,hiv_23768,MoleculeNet_HIV,True
Cc1ccc(S(=O)(=O)N2CCn3ncc(C#N)c32)cc1,5.5820136800111175,5067,5.13839971056095,hiv_6585,MoleculeNet_HIV,True
CC(CO)S(=O)(=O)O,5.581943519838701,5068,5.405053088020623,hiv_1003,MoleculeNet_HIV,True
Oc1ncc(SSc2cnc(O)nc2O)c(O)n1,5.5819164277610005,5069,5.143905030817006,hiv_9681,MoleculeNet_HIV,True
O=c1[nH]c2nccn2c2c1SCCN2,5.581806365222538,5070,5.209444742246813,hiv_32163,MoleculeNet_HIV,True
Cc1cc(S(=O)(=O)n2ccnc2Oc2ccccc2N)c(SSc2cc(Cl)c(C)cc2S(=O)(=O)n2ccnc2Oc2ccccc2N)cc1Cl,5.581805859932704,5071,5.3190030067762235,hiv_39426,MoleculeNet_HIV,True
O=[N+]([O-])c1ccc(C=c2sc3scc(-c4ccc([N+](=O)[O-])cc4)[n+]3c2=Cc2ccc([N+](=O)[O-])cc2)cc1.[Br-],5.58180166951644,5072,5.1739966973412805,hiv_24955,MoleculeNet_HIV,True
NC(=O)COC(=O)c1c(Cl)nc2sccn12,5.581792046270231,5073,5.184426767062418,hiv_19193,MoleculeNet_HIV,True
[N-]=[N+]=Nc1ccc(CCN2CCN(c3cccc(C(F)(F)F)c3)CC2)cc1I,5.581770286580073,5074,5.181802063567992,hiv_13557,MoleculeNet_HIV,True
FC(F)(F)c1cccc(COCCN2CCN(Cc3cccc(C(F)(F)F)c3)CC2)c1,5.581770286580073,5075,5.1699103230105585,hiv_9932,MoleculeNet_HIV,True
COc1ccc(C=C(C#N)c2nc(-c3cc4ccccc4oc3=O)cs2)cc1,5.581757251733188,5076,5.29746413727803,hiv_35641,MoleculeNet_HIV,True
O=C(C=Cc1ccncc1)c1ccccc1,5.581689806134895,5077,5.240115732232747,hiv_19837,MoleculeNet_HIV,True
O=C(C1=CC=CCC1)C(=CNC(=S)c1ccncc1)C(=O)c1ccccc1,5.581689806134895,5078,5.240115732232747,hiv_26076,MoleculeNet_HIV,True
FC1=C2CCCCCC2SC1(F)F,5.58168688209773,5079,5.185347252478227,hiv_27590,MoleculeNet_HIV,True
CCc1n[nH]c(=O)n1N,5.58162380391122,5080,5.209695637566377,hiv_31668,MoleculeNet_HIV,True
CC1(C)NC(=O)C(NC(=O)C(N)CC(=O)O)CCCCNC(=O)CCNC1=O,5.581497019762325,5081,5.42916847987856,hiv_29763,MoleculeNet_HIV,True
CC1=C(C(N)=O)C(c2ccncc2)C(C#N)C(=O)N1,5.5814868405683,5082,5.133749101572198,hiv_39623,MoleculeNet_HIV,True
CC(=Nc1cc(Cl)cc(Cl)c1)c1ccncc1,5.581435802737931,5083,5.138432586688822,hiv_30737,MoleculeNet_HIV,True
O=C1CCc2c(Cl)sc(Cl)c21,5.581390723734505,5084,5.18260085145307,hiv_6612,MoleculeNet_HIV,True
O=c1n(-c2ccccc2)c(=O)n2n1Cc1cc3ccccc3cc1-2,5.58125500041842,5085,5.291172271912377,hiv_21843,MoleculeNet_HIV,True
CC1SC(=S)N(c2ccc(Cl)cc2)C1=O,5.581194415358475,5086,5.174941461043695,hiv_1465,MoleculeNet_HIV,True
CN1CC2CC(=O)CCC2CC1C#N,5.581148620067245,5087,5.1732145673827645,hiv_20330,MoleculeNet_HIV,True
CC[N+]1(CC)CCC(=O)[Pd-2]1(Cl)NC(C)(C)CO,5.581101652668654,5088,5.226242161462605,hiv_7605,MoleculeNet_HIV,True
O=C(Nc1nc2ccccc2s1)c1cc([N+](=O)[O-])ccc1Cl,5.581056055195653,5089,5.292150520614404,hiv_38694,MoleculeNet_HIV,True
COCCOCCOCCOc1ccc(C(C#N)N(CCc2ccccc2)C(=O)c2cc(C(=O)N(CCc3ccccc3)C(C#N)c3ccc(OCCOCCOCCOC)cc3)cc(C(=O)N(CCc3ccccc3)C(C#N)c3ccc(OCCOCCOCCOC)cc3)c2)cc1,5.581055833896875,5090,5.388501284910998,hiv_31490,MoleculeNet_HIV,True
OCCN1c2ccccc2Sc2ccccc21,5.5810047023662985,5091,5.2843239397058985,hiv_9898,MoleculeNet_HIV,True
CC(O)CS(=O)(=O)O,5.580923819516364,5092,5.405053088020623,hiv_1676,MoleculeNet_HIV,True
CCC(Cl)=NOC(=O)NCc1ccc(F)cc1,5.580892795386243,5093,5.138443748009562,hiv_34796,MoleculeNet_HIV,True
Cc1ccc(Oc2cc(C)ccc2P(=O)(O)O)cc1,5.580815909111526,5094,5.178393292154112,hiv_28473,MoleculeNet_HIV,True
CN(C)CCC=C1c2ccccc2C(C)(C)c2ccccc21,5.580804240099928,5095,5.2987795038608,hiv_2877,MoleculeNet_HIV,True
CC1=C(C)CC2(CCCCC2=O)S(=O)C1,5.580528518071417,5096,5.196095420621085,hiv_15280,MoleculeNet_HIV,True
O=S(=O)(O)c1cc(N=Nc2cc(S(=O)(=O)O)c3cccnc3c2O)ccc1C=Cc1ccc(N=Nc2cc(S(=O)(=O)O)c3cccnc3c2O)cc1S(=O)(=O)O.[NaH],5.580465738516923,5097,5.190562439090301,hiv_18094,MoleculeNet_HIV,True
O=S(=O)(O)c1cc(N=Nc2ccc(C=Cc3ccc(N=Nc4cc(S(=O)(=O)O)c5cccnc5c4O)cc3S(=O)(=O)O)c(S(=O)(=O)O)c2)ccc1C=Cc1ccc(N=Nc2cc(S(=O)(=O)O)c3cccnc3c2O)cc1S(=O)(=O)O.[NaH],5.580465738516923,5098,5.190562439090301,hiv_21802,MoleculeNet_HIV,True
O=S(=O)(O)c1cc(N=Cc2cc(S(=O)(=O)O)c3cccnc3c2O)ccc1C=Cc1ccc(N=Cc2cc(S(=O)(=O)O)c3cccnc3c2O)cc1S(=O)(=O)O.[NaH],5.580465738516923,5099,5.1942910023262865,hiv_24391,MoleculeNet_HIV,True
CCOP(=O)(OCC)C(C)(C)OC(=O)NC(F)(F)F,5.580417345852067,5100,5.222797703277451,hiv_29949,MoleculeNet_HIV,True
CC1=CC=NN2C(=O)C(C)C2C1,5.58034285958412,5101,5.151063297337308,hiv_20809,MoleculeNet_HIV,True
O=C(c1ccc(F)cc1)c1cccc(C(=O)c2ccc(F)cc2)n1,5.580323112871715,5102,5.183313089207533,hiv_15599,MoleculeNet_HIV,True
Clc1ccc(C2=Cc3nc2c(-c2ccccc2)c2ccc([nH]2)c(-c2ccccc2)c2nc(c(-c4ccccc4)c4ccc([nH]4)c3-c3ccccc3)C=C2)cc1,5.58023722694842,5103,5.277737106974858,hiv_31902,MoleculeNet_HIV,True
O=CC1=CC2=Cc3ccccc3C=C(C=C(C=O)C1)C2,5.580223262770781,5104,5.28776223139736,hiv_15576,MoleculeNet_HIV,True
Cc1cn2c(=O)c3ccccc3nc2s1,5.5800839784994904,5105,5.234804686429782,hiv_22976,MoleculeNet_HIV,True
Cc1c(-c2cnccn2)ssc1=S,5.5800239829207845,5106,5.186079085853435,hiv_8467,MoleculeNet_HIV,True
O=C(C=Cc1ccsc1)c1ccco1,5.579942691089354,5107,5.126121683203827,hiv_40555,MoleculeNet_HIV,True
CC1=NN(C(=O)CC(=O)Nc2ccccc2C)C(=O)C1N=Nc1ccc(S(=O)(=O)c2ccc(N=NC3C(=O)N(C(=O)CC(=O)Nc4ccccc4C)N=C3C)cc2)cc1,5.579885101310912,5108,5.267985606051495,hiv_32881,MoleculeNet_HIV,True
O=c1[nH]c(=S)[nH]n1C(=S)n1[nH]c(=S)[nH]c1=O,5.579808452695475,5109,5.1907923008303785,hiv_27267,MoleculeNet_HIV,True
O=c1n(-c2ccc(Cl)c(Cl)c2)c(=O)n(-c2ccc(Cl)c(Cl)c2)c(=O)n1-c1ccc(Cl)c(Cl)c1,5.57980367606074,5110,5.183010469593388,hiv_27357,MoleculeNet_HIV,True
CSc1nc(C)c2c(n1)SCC2,5.57970205044146,5111,5.186079085853435,hiv_25445,MoleculeNet_HIV,True
O=C1N(Cc2ccccc2)C2CS(=O)(=O)CC2N1Cc1ccccc1,5.579696664275801,5112,5.2377224071327015,hiv_10217,MoleculeNet_HIV,True
CC(=O)N(CCN1C(=O)c2ccccc2C1=O)CCN1C(=O)c2ccccc2C1=O,5.579684860568459,5113,5.287802174106264,hiv_12063,MoleculeNet_HIV,True
CC1CCC2C(C(=O)OC3C4CCOC(OC5OC(CO)C(O)C(O)C5O)C4C4(CO)OC34)=COC(OC3OC(CO)C(O)C(O)C3O)C12,5.579673267386848,5114,5.183918520597356,hiv_26281,MoleculeNet_HIV,True
Cc1c(C#N)c(=N)oc2ccccc12,5.5796681275251006,5115,5.25565902430815,hiv_35837,MoleculeNet_HIV,True
CCOC(=O)NP(=O)(NC(=O)NOC)NC(=O)OCC,5.5796191294227455,5116,5.151737798078859,hiv_4128,MoleculeNet_HIV,True
O=C(O)C(SC1=NNC2(C(=O)N1)c1ccccc1-c1ccccc12)SC1=NNC2(C(=O)N1)c1ccccc1-c1ccccc12,5.579605771467796,5117,5.4630893304141495,hiv_25493,MoleculeNet_HIV,True
CNc1c2c(c3nc4ccccc4c4c3c1N=C4)NCCC2=O,5.57948812038934,5118,5.2693536309796745,hiv_26825,MoleculeNet_HIV,True
Cc1ccc2ccccc2c1CC1S(=O)(=O)OCCOS1(=O)=O,5.57944611258717,5119,5.256610306481373,hiv_33403,MoleculeNet_HIV,True
C=C1CC(CN2CCC(=O)NC2=O)(c2ccccc2)OC1=O,5.579295799118734,5120,5.287415594423756,hiv_29144,MoleculeNet_HIV,True
O=C(O)c1c2c(c(C(=O)O)c3ccccc13)-c1ccccc1-2,5.57917937584715,5121,5.245362185712984,hiv_13734,MoleculeNet_HIV,True
COC(=O)C1(C(=O)OC)C2(CCCC2)C1(C(=O)OC)C(=O)OC,5.579139802445297,5122,5.172403274612,hiv_3604,MoleculeNet_HIV,True
COC(=O)C1(C(=O)OC)CC(C)=C(C)SCCCS1,5.579139802445297,5123,5.172403274612,hiv_28394,MoleculeNet_HIV,True
COC(=O)c1sc(=NC(=S)N2CCCCC2)sc1C(=O)OC,5.579122742533344,5124,5.178480130180789,hiv_11107,MoleculeNet_HIV,True
CC1C(N2CCCCC2)N(C(=O)c2ccccc2)SC12c1ccccc1-c1ccccc12,5.579015716360601,5125,5.31581412644498,hiv_5882,MoleculeNet_HIV,True
N=C(N)N1CCNc2ccccc2C1.O=[N+]([O-])O,5.5789927763194305,5126,5.300142492865344,hiv_7337,MoleculeNet_HIV,True
Cc1c(C(=O)C(=O)c2ccccc2)c(C)c(C(=O)C(=O)c2ccccc2)c(C)c1C(=O)C(=O)c1ccccc1,5.578896035464135,5127,5.285983976360907,hiv_25620,MoleculeNet_HIV,True
CSC1NC(c2ccc(Cl)cc2)=C(C#N)C(=O)N1C1OCC(OC(C)=O)C(OC(C)=O)C1OC(C)=O,5.578815993430166,5128,5.185578807153573,hiv_25856,MoleculeNet_HIV,True
O=C1CCC(C(Sc2ccccc2)(Sc2ccccc2)Sc2ccccc2)C1,5.578787789341905,5129,5.267035331887073,hiv_7762,MoleculeNet_HIV,True
CCc1ccc2c(c1)C(=O)[OH+][Cu-3]13Oc4ccc(CC)cc4C(=O)[OH+][Cu-3](O2)(Oc2ccc(CC)cc2C(=O)[OH+]1)[OH+]C(=O)c1cc(CC)ccc1O3,5.578769536578599,5130,5.162475261471366,hiv_35493,MoleculeNet_HIV,True
c1ccc(-c2cc(-c3cccs3)c(-c3cccs3)s2)cc1,5.578751266706765,5131,5.285463746261734,hiv_40551,MoleculeNet_HIV,True
OC1(C2(O)CCC2)CCC1,5.578737726771374,5132,5.19261718622072,hiv_3820,MoleculeNet_HIV,True
OC1(O)C=CCCCCCC=C1,5.578737726771374,5133,5.19261718622072,hiv_10054,MoleculeNet_HIV,True
O=c1oc2ccccc2c(O)c1C(c1ccco1)c1c(O)c2ccccc2oc1=O,5.578607833984457,5134,5.4404706226818424,hiv_36177,MoleculeNet_HIV,True
O=C(O)C(CSSCC(C(=O)O)N1C(=O)c2ccccc2C1=O)N1C(=O)c2ccccc2C1=O,5.578475002445213,5135,5.409206246386693,hiv_32946,MoleculeNet_HIV,True
COc1ccc2[nH]cc(CN3CCC(CO)(c4ccccc4)CC3)c2c1,5.5784594005372155,5136,5.295976595649576,hiv_28093,MoleculeNet_HIV,True
CC(C)(C)C1CCC(CC(=O)O)(CC(=O)Nc2nccs2)CC1,5.5784474955953955,5137,5.218199028043819,hiv_3746,MoleculeNet_HIV,True
CN(C)c1ccc(C=CC=C2C=Cc3ccccc32)cc1,5.578334109691963,5138,5.291240465797725,hiv_3725,MoleculeNet_HIV,True
CN(NC(=O)c1ccc(Cl)cc1)C1=NCCCCN1.I,5.578189073706063,5139,5.208711610121936,hiv_29584,MoleculeNet_HIV,True
c1ccc2c(c1)c(N1CCCCC1)cc1nc3c(cc(N4CCCCC4)c4ccccc43)nc12,5.578154352996928,5140,5.254097080620624,hiv_36237,MoleculeNet_HIV,True
CSc1n(N)cn[n+]1CC(=O)OC(C)(C)C.[I-],5.578115034436054,5141,5.217977172850204,hiv_27280,MoleculeNet_HIV,True
O=C1N(c2ccc(Cl)cc2)C(=O)C2(SC=NN2Cc2ccccc2)N1c1ccc(Cl)cc1,5.578032324256961,5142,5.24323433739281,hiv_14592,MoleculeNet_HIV,True
COc1cc2c3c(c1)nc(C)n3C(=O)C(c1ccccc1)S2,5.57802447001432,5143,5.260042632972037,hiv_31219,MoleculeNet_HIV,True
CC(C)=NOC(=O)Nc1cccc2c1OCO2,5.577932553786333,5144,5.193241542585988,hiv_27393,MoleculeNet_HIV,True
CC(C(N)=O)N(C)C(=O)c1cc2ccccc2[n+](Cc2ccccc2)c1.[Br-],5.577912674037748,5145,5.424796059747418,hiv_13968,MoleculeNet_HIV,True
COC1(c2ccccc2)OC2OCCC2C1c1ccc(Cl)cc1,5.577902168417868,5146,5.272602633502884,hiv_19764,MoleculeNet_HIV,True
C=C=CC(C)(O)c1ccc(-c2ccccc2)cc1,5.577902091514895,5147,5.2402956714390125,hiv_8037,MoleculeNet_HIV,True
Cn1cc2ccccc2c1-c1nc(F)nc(Oc2ccc3c(c2)CCC2C3CCC3(C)C(O)C(O)CC23)n1,5.577788507268071,5148,5.18999689481537,hiv_22261,MoleculeNet_HIV,True
O=C(O)c1n[nH]c(O)c1N=Nc1ccc(C=Cc2ccc(N=Nc3c(C(=O)O)n[nH]c3O)cc2S(=O)(=O)O)c(S(=O)(=O)O)c1.[NaH],5.577692317732593,5149,5.199643905063517,hiv_23105,MoleculeNet_HIV,True
CCC1(Cc2ccc(OC)c(OC)c2)[CH-][N+](=O)OC(OCc2ccccc2)C1OC(C)=O,5.577651351749187,5150,5.18590674883952,hiv_39597,MoleculeNet_HIV,True
Cl.O=C(C=Cc1ccccc1)CCN1CCCCC1,5.577410942105469,5151,5.3279950996212495,hiv_26137,MoleculeNet_HIV,True
Cl.O=C(C=Cc1ccccc1)CCN1CCCC1,5.577410942105469,5152,5.3279950996212495,hiv_36800,MoleculeNet_HIV,True
Cc1nn(C2=NCCN2)c(O)c1C,5.5772887133663,5153,5.2110053930902,hiv_34963,MoleculeNet_HIV,True
N#CC(c1ccccc1)N(CCCCCCN(C(=O)c1ccccc1)C(C#N)c1ccccc1)C(=O)c1ccccc1,5.577242442555025,5154,5.403971277687318,hiv_34346,MoleculeNet_HIV,True
Cc1ccc(C(=O)ON=C2CCCC2=Cc2ccccc2)cc1,5.577213703789233,5155,5.271025561720425,hiv_14156,MoleculeNet_HIV,True
O=C(ON=C1CCCCC1=Cc1ccccc1)c1ccccc1,5.577213703789233,5156,5.271218187389322,hiv_13059,MoleculeNet_HIV,True
CC1=NN(C(=O)Cc2ccccc2)C(=O)C1=CC=Cc1ccccc1,5.5772112218001055,5157,5.233644837695828,hiv_23315,MoleculeNet_HIV,True
COc1ccc(-c2c(C#N)c(-c3ccc(C)cc3)n(NS(=O)(=O)c3ccccc3)c(=O)c2C#N)cc1,5.577201964206833,5158,5.26258368330028,hiv_36612,MoleculeNet_HIV,True
COc1cc2c(cc1OC)C(C(CO)CO)N(CC(O)CCl)CC2,5.577184643871101,5159,5.3669500050053145,hiv_22584,MoleculeNet_HIV,True
Cc1ccc(S(=O)(=O)n2ccn3c(=O)cc(C)nc23)cc1,5.577135092316037,5160,5.184083677594855,hiv_25450,MoleculeNet_HIV,True
Cc1cc(N=Nc2ccccc2)ccc1NCS(=O)(=O)O,5.577069306887073,5161,5.267582790137849,hiv_2982,MoleculeNet_HIV,True
O=C(O)c1ccc2c(c1)C(=O)N(c1ccc(S(=O)(=O)c3ccc(N4C(=O)c5ccc(C(=O)O)cc5C4=O)cc3)cc1)C2=O,5.576803487632123,5162,5.178212185392497,hiv_13729,MoleculeNet_HIV,True
C=C1CC2CC(C)CC(O)C2(CCCN)C1O,5.576798912375241,5163,5.187869866542826,hiv_11816,MoleculeNet_HIV,True
O=C1NC2(CCCCC2)C2CCCCCC12,5.576796043278703,5164,5.19001445368041,hiv_13544,MoleculeNet_HIV,True
CC(=O)OCC1OC([n+]2c(O)cc(=O)n3ccsc32)C(OC(C)=O)C1OC(C)=O,5.576722059598849,5165,5.181179144627094,hiv_8845,MoleculeNet_HIV,True
CCc1ccccc1NC(=O)C1=C(C)NC(C)=C(C(=O)Nc2ccccc2CC)C1c1ccc2c(c1)OCO2,5.576654054180927,5166,5.307301877715395,hiv_17812,MoleculeNet_HIV,True
O=C1NCCCc2nonc21,5.576617145355676,5167,5.196484657883821,hiv_27220,MoleculeNet_HIV,True
COc1cc2c3c(c1)ncn3C(=O)CS2,5.5766130784172585,5168,5.1632158366117356,hiv_30230,MoleculeNet_HIV,True
COC(=O)C1C(C(=O)OC)C2(OC(c3ccc(Cl)cc3)=CC2=O)C12OC(c1ccc(Cl)cc1)=CC2=O,5.576609595694723,5169,5.162149431776847,hiv_37294,MoleculeNet_HIV,True
O=C(c1ccccc1)c1cccc(C(=O)c2ccccc2)c1,5.576439680829844,5170,5.2835433243582175,hiv_14981,MoleculeNet_HIV,True
CN1C(=O)C2CCCC(=O)N2c2cccnc21,5.576410810492866,5171,5.176659025567918,hiv_33177,MoleculeNet_HIV,True
O=C(Nc1ccc(Cl)cc1Cl)c1cc(=NO)c2ccc(O)cc2o1,5.576375064440308,5172,5.158699317266901,hiv_20930,MoleculeNet_HIV,True
COc1ccc2nc3cc(Cl)ccc3c(NCCCN3CCN(CCCNc4ccc5nnn6c7ccccc7c(=O)c4c56)CC3)c2c1.CS(=O)(=O)O,5.576371899722041,5173,5.214231718581302,hiv_39227,MoleculeNet_HIV,True
O=c1n(-c2ccccc2)c2nc3ccccc3nc2n1-c1ccc(Cl)c(Cl)c1,5.576300281201264,5174,5.29016873034131,hiv_8913,MoleculeNet_HIV,True
COC(=O)c1ccccc1C=C1Cc2c(ccc3c2CCC3)C1=O,5.576288014159792,5175,5.275458699463561,hiv_33322,MoleculeNet_HIV,True
O=c1c2cc3c(=O)n(O)c(=O)c3cc2c(=O)n1O,5.576183486506679,5176,5.1844722164003825,hiv_321,MoleculeNet_HIV,True
Cc1ccc(C)c(COCCOCn2ccc(=N)[nH]c2=O)c1,5.576161311194835,5177,5.188090552191779,hiv_40370,MoleculeNet_HIV,True
O=c1ccs[nH]1,5.57615069620501,5178,5.192712722733895,hiv_3434,MoleculeNet_HIV,True
COc1ccc(CCN(C)CCCC(C#N)(c2ccc(OC)c(OC)c2)C(C)C)cc1OC.Cl,5.576133837184997,5179,5.34680158706086,hiv_15331,MoleculeNet_HIV,True
O=S1(=O)[OH+][Zn-4]23([O+]=C4NC=Nc5[n-][n+]2cc54)([O+]=C2NC=Nc4[n-][n+]3cc42)[OH+]1,5.576109106312966,5180,5.197246619335505,hiv_15832,MoleculeNet_HIV,True
O=C(NCc1ccccc1)C(=Cc1ccc2c(c1)OCO2)NC(=O)c1ccccc1,5.576106777318092,5181,5.189414354892565,hiv_25911,MoleculeNet_HIV,True
Cl[Si]1(Cl)Oc2ccccc2O[Si](Cl)(Cl)Oc2ccccc2O1,5.576080201454276,5182,5.28776223139736,hiv_19774,MoleculeNet_HIV,True
CC1=C(c2ccccc2)CON(c2ccccc2)C1,5.576069094375848,5183,5.285643931139111,hiv_20362,MoleculeNet_HIV,True
O=C1c2ccccc2C(=O)c2c1nnn2-c1ccccc1,5.576013370183577,5184,5.360632524161381,hiv_1012,MoleculeNet_HIV,True
O=C(O)CCN1CCN(CCC(=O)O)CCN(CCC(=O)O)CC1,5.575965981774099,5185,5.229523736714797,hiv_39414,MoleculeNet_HIV,True
COc1ccc2c(c1)NC1(O)c3ccccc3C(=O)C21O,5.5759241803477755,5186,5.325913565991199,hiv_18275,MoleculeNet_HIV,True
NC(=O)C1N=NSC1NC(=O)c1ccc([N+](=O)[O-])cc1,5.575839515188951,5187,5.169774909872406,hiv_35075,MoleculeNet_HIV,True
Cc1n[nH]c2c(N(C)C)ncnc12,5.575787564198893,5188,5.195500946909142,hiv_267,MoleculeNet_HIV,True
NCC1(N2CCOCC2)C2CCCC21CO,5.575727675753773,5189,5.190885430360504,hiv_16414,MoleculeNet_HIV,True
O=C1CC2(CCN(Cc3ccccc3)CC2)C(=O)N1N1CCCCC1,5.575559269782737,5190,5.240528757122408,hiv_28042,MoleculeNet_HIV,True
C(=NNc1nnc2c(n1)[nH]c1ccccc12)c1ccccc1,5.575427196218787,5191,5.1598881685381315,hiv_9103,MoleculeNet_HIV,True
CN(CCO)c1nc(O)c2c(n1)CCC2,5.575422495284964,5192,5.188573169292488,hiv_23420,MoleculeNet_HIV,True
NN1C(=O)CSC1=S,5.575411028049812,5193,5.18430699344235,hiv_936,MoleculeNet_HIV,True
N#CC1=C(O)NC(O)=C(C#N)C12C(=O)Nc1ccccc12,5.575351275643354,5194,5.306534898787384,hiv_8582,MoleculeNet_HIV,True
CC(=O)C=c1[nH]c(=CC=Cc2ccccc2)c(=O)n1C=C1C(=O)Oc2ccccc2C1=O,5.575245644705674,5195,5.20865346991655,hiv_25403,MoleculeNet_HIV,True
S=C(NNc1ccccc1Oc1ccccc1)NNc1ccccc1Oc1ccccc1,5.5752306395606315,5196,5.279019626770887,hiv_3653,MoleculeNet_HIV,True
COC(=O)N1C2C3CC4C2C4C3N1C(=O)OC,5.5752202350646,5197,5.151924411378906,hiv_4450,MoleculeNet_HIV,True
Cc1cn(C(Cc2ccccc2)OCCO)c(=O)[nH]c1=O,5.575200283510543,5198,5.411987480800272,hiv_40755,MoleculeNet_HIV,True
CC1=[N+]2[N-]C(N3CCCCCC3)=[S+][Fe-3]2(Cl)(Cl)[n+]2ccccc21,5.575123269673843,5199,5.293048683326444,hiv_8161,MoleculeNet_HIV,True
CC1=C(C)CP(=O)(c2ccccc2)C1,5.5751031294487365,5200,5.287021558758583,hiv_10665,MoleculeNet_HIV,True
O=C(O)c1cc2c(cc1CC(Cc1ccc3c(c1)CCC3)C(=O)O)CCC2,5.575058423532234,5201,5.391248918762988,hiv_32609,MoleculeNet_HIV,True
CC1=C2OCS(=O)C2C2C(=O)N(c3ccccc3)C(=O)C2C1,5.575026677118657,5202,5.27834849525933,hiv_15895,MoleculeNet_HIV,True
CSc1nc(O)c2nc(C)c(O)nc2n1,5.5749140083201825,5203,5.186079085853435,hiv_22904,MoleculeNet_HIV,True
N#CC(c1ccccc1)N(CCOCCOCCN(C(=O)c1ccccc1)C(C#N)c1ccccc1)C(=O)c1ccccc1,5.5749007080903334,5204,5.402125347843171,hiv_34347,MoleculeNet_HIV,True
CC(C)(C)C(=O)OC1COC2C(O)COC12,5.57484774031876,5205,5.207817836309219,hiv_15672,MoleculeNet_HIV,True
C=C(C)C1(O)CCCCC1CC(Sc1ccccc1)Sc1ccccc1,5.5748289125850645,5206,5.411513006015293,hiv_39937,MoleculeNet_HIV,True
Cc1cc(S(=O)(=O)NC2=NCc3nc4ccccc4n32)c(S)cc1Cl,5.574826443103373,5207,5.252895878252246,hiv_39437,MoleculeNet_HIV,True
CSc1cnc2ccccc2c1Sc1cn(C)c2ccccc2c1=O,5.574724139442893,5208,5.199811429711824,hiv_22274,MoleculeNet_HIV,True
S=c1[nH]c2c(S)nnc(S)c2n1Cc1ccccc1,5.574682346357151,5209,5.195448610287246,hiv_2322,MoleculeNet_HIV,True
CC(OC(=O)C(Cc1ccccc1)NC(=O)C(Cc1ccccc1)NC(=O)OC(C)(C)C)C(=O)OCc1ccccc1,5.57464889455491,5210,5.41216906811747,hiv_29248,MoleculeNet_HIV,True
C1CN(CCSSCCN2CCOCC2)CCO1,5.57459357794825,5211,5.224249621413075,hiv_5227,MoleculeNet_HIV,True
O=[N+]([O-])c1cc([N+](=O)[O-])c(O)c([N+](=O)[O-])c1.OC1CCN2CCCC12,5.574449033360677,5212,5.160420795672647,hiv_33778,MoleculeNet_HIV,True
CC1(O)C2C(=NO)C3CC1(c1ccccc1)CC(C3=NO)C2c1ccccc1,5.574402584610724,5213,5.292799335704541,hiv_31544,MoleculeNet_HIV,True
CC(NC(=O)C(CC(=O)OCc1ccccc1)NC(=O)OCc1ccccc1)c1ccccc1,5.574396289143845,5214,5.412600483154818,hiv_29106,MoleculeNet_HIV,True
O=C(C=Cc1ccc(OCc2ccccc2)c(OCc2ccccc2)c1)OCc1ccccc1,5.574364241980394,5215,5.204686441791802,hiv_5916,MoleculeNet_HIV,True
ON=C1C(=Cc2ccc(OCc3ccccc3)cc2)CCCC1C(NO)c1ccc(OCc2ccccc2)cc1,5.574203514450883,5216,5.414579404778961,hiv_15334,MoleculeNet_HIV,True
C=CCc1c(O)c2nsnc2c2nsnc12,5.574173070196166,5217,5.16597393735074,hiv_26583,MoleculeNet_HIV,True
[N-]=[N+]=Nc1c(Cc2ccccc2)c(Cl)nc2ccccc12,5.574161210131049,5218,5.191821230680043,hiv_29501,MoleculeNet_HIV,True
COc1cc[c-](C)[n+](=O)n1,5.5740533659606255,5219,5.161344471664423,hiv_2237,MoleculeNet_HIV,True
Cc1ccc(-n2c(C)n[nH]c2=O)cc1,5.57396223678857,5220,5.190222028997297,hiv_36480,MoleculeNet_HIV,True
Brc1ccc2noc(-c3ccccc3)c2c1,5.573931268243365,5221,5.296774241064754,hiv_9803,MoleculeNet_HIV,True
COC(=NN=Cc1ccccc1F)c1ccncc1,5.573843589216285,5222,5.224434334885308,hiv_24237,MoleculeNet_HIV,True
CCOC(=O)c1cc2c(nc1N)C(=O)CCC2,5.573838161563492,5223,5.181398777362547,hiv_29131,MoleculeNet_HIV,True
O=c1cc(-c2cccs2)ss1,5.573680971392872,5224,5.194006712887898,hiv_6029,MoleculeNet_HIV,True
O=C1Cc2cc3ccccc3nc2-c2ccccc2N1,5.5736171870072795,5225,5.28459479319898,hiv_33258,MoleculeNet_HIV,True
COc1cc(C=C2CCCc3ccccc3C2=O)cc(OC)c1OC,5.573590432554418,5226,5.272934603510432,hiv_37870,MoleculeNet_HIV,True
N#CC1([N+](=O)[O-])C=C1c1ccccc1,5.57355414887175,5227,5.296591035046669,hiv_20970,MoleculeNet_HIV,True
O=C1CCC2COC(c3ccccc3)N12,5.573547510755177,5228,5.273085681675025,hiv_40336,MoleculeNet_HIV,True
CC(=NNC(=S)N1CCCCCC1)c1cccc[n+]1[O-],5.573502821801545,5229,5.288776609085346,hiv_8565,MoleculeNet_HIV,True
COc1ccc(COCCC(C)OC2OC(CO)C(O)C(O)C2O)cc1,5.573362227308808,5230,5.380017883635633,hiv_36261,MoleculeNet_HIV,True
CC(=O)N1C(C(=O)O)CSC1c1ccc(F)cc1,5.573362020456967,5231,5.172114773885563,hiv_12790,MoleculeNet_HIV,True
CCCC(Cc1ccccc1)N1CCCC1,5.573299493342434,5232,5.41030505719601,hiv_5763,MoleculeNet_HIV,True
N=c1oc2ccccc2cc1-c1nc(O)c2ccccc2n1,5.573284210254542,5233,5.245515986136073,hiv_35632,MoleculeNet_HIV,True
CCOC(=O)C1(Cc2ccccc2)SCCCS1,5.573282250033646,5234,5.2550528131328385,hiv_6117,MoleculeNet_HIV,True
O=[N+]([O-])c1ccc2[nH]nc(OCc3ccccn3)c2c1,5.573250885390952,5235,5.295878748073505,hiv_32071,MoleculeNet_HIV,True
O=S(=O)(c1ccccc1)c1nccs1,5.573120880593326,5236,5.284426163864058,hiv_19607,MoleculeNet_HIV,True
COC1=C(OC)C(O)(c2ccccc2)C1=O,5.573070919529332,5237,5.281768292941992,hiv_12048,MoleculeNet_HIV,True
CCN(CC)P1(=S)Oc2ccc3ccccc3c2-c2c(ccc3ccccc23)O1,5.5730635593454885,5238,5.2622673918684,hiv_39173,MoleculeNet_HIV,True
CC(=O)ON=C1C=Cc2c(no[n+]2[O-])C1=O,5.572972168328729,5239,5.174681116248426,hiv_27237,MoleculeNet_HIV,True
CC(=O)OC1CCC2(C)C(=CCC3C2CCC2(C)C(c4nc(-c5ccccc5)cs4)CCC32)C1,5.572933681856581,5240,5.289815426611881,hiv_23807,MoleculeNet_HIV,True
Cn1nc2c(c1N)Cc1c(nn(C)c1N)-c1ccccc1-2,5.572931365022165,5241,5.274557179681579,hiv_33047,MoleculeNet_HIV,True
[Cl-].c1ccc2c(c1)Nc1ccccc1[P+]21c2ccccc2Nc2ccccc21,5.57289042859392,5242,5.299723836033033,hiv_28465,MoleculeNet_HIV,True
OCC1OC(n2nc(-c3ccccc3)nc2-c2cnccn2)C(O)C1O,5.57284216525201,5243,5.27271673253638,hiv_24441,MoleculeNet_HIV,True
Nc1nc(SCC(=O)c2ccccc2)nc2nc3c(c(-c4ccccc4)c12)CCCC3,5.572824815084427,5244,5.284587284712151,hiv_28711,MoleculeNet_HIV,True
N#CC(=C1SC(N=Nc2ccccc2)C(=O)N1c1ccccc1)c1nc2ccccc2[nH]1,5.572783002586389,5245,5.283143320275618,hiv_23222,MoleculeNet_HIV,True
CCN(CC)C(=O)Cc1[nH][nH]c(=O)c1C(=O)N(CC)CC,5.572578840008257,5246,5.245524720473635,hiv_24032,MoleculeNet_HIV,True
COc1ccc2nc3c(c(NCCCN(C)C)c2c1)CCCC3,5.572505578371263,5247,5.155102641919545,hiv_575,MoleculeNet_HIV,True
O=C(Sc1nnnn1-c1ccccc1)Sc1nnnn1-c1ccccc1,5.572459278759513,5248,5.229333193569428,hiv_17340,MoleculeNet_HIV,True
O=C(c1ccccc1)C1C(C(=O)c2ccccc2)N1Cc1ccccc1,5.572445758783608,5249,5.235374017945442,hiv_5673,MoleculeNet_HIV,True
N#CC1(C#N)NC(c2ccccc2)C(C#N)(C#N)NC1c1ccccc1,5.5723970813616965,5250,5.296972211599019,hiv_32589,MoleculeNet_HIV,True
CCOC(=O)C1CSSCC(N)C(=O)N1,5.572376451246701,5251,5.18818246150309,hiv_4375,MoleculeNet_HIV,True
c1ccc(CN2COc3c(c4c(c5ccccc35)OCN(Cc3ccccc3)C4)C2)cc1,5.572302017633766,5252,5.193023047047905,hiv_2927,MoleculeNet_HIV,True
CC(=O)NC(CS)C(=O)[OH+][Pt-2](N)(N)[OH+]C(=O)C(CS)NC(C)=O,5.5721415590411265,5253,5.423867965401795,hiv_24020,MoleculeNet_HIV,True
CC(=O)OC1(C)C=CC(=NS(=O)(=O)c2ccc(C)cc2)c2ccccc21,5.572091954607222,5254,5.298496340085262,hiv_5102,MoleculeNet_HIV,True
COc1cc2ccc1OCc1cccc(n1)COc1ccc(cc1OC)C=NCCNCCNCCN=C2,5.572048801891349,5255,5.2052019423096185,hiv_34777,MoleculeNet_HIV,True
COc1cc2ccc1OCc1cccc(n1)COc1ccc(cc1OC)C=NCCNCCN=C2,5.572048801891349,5256,5.2052019423096185,hiv_30439,MoleculeNet_HIV,True
CC(=O)OC1CCN2C(=O)C=CC(OCc3ccccc3)C12,5.571951591752184,5257,5.16107323597235,hiv_18399,MoleculeNet_HIV,True
CC1(C)COC(c2ccc(CC(O)c3ccccc3)cc2)=N1,5.571914475445077,5258,5.413417249818103,hiv_5484,MoleculeNet_HIV,True
CC(C(O)Cc1ccccc1)N(C)N=Nc1ccc([N+](=O)[O-])cc1,5.571898497997435,5259,5.359198199103317,hiv_35096,MoleculeNet_HIV,True
Brc1c2nc3ccccc3nc2n2ccc3ccccc3c12,5.571831913707261,5260,5.251452457699439,hiv_23722,MoleculeNet_HIV,True
c1ccc(N2N=C(c3ccco3)CC2c2ccco2)cc1,5.571831913707261,5261,5.276069590767685,hiv_24543,MoleculeNet_HIV,True
O=C1NNC=Nc2ccc(cc2)S(=O)(=O)c2ccc(cc2)N=CNNC1=O,5.571735512213442,5262,5.195437833751781,hiv_1931,MoleculeNet_HIV,True
C1=[N+]2c3ccccc3[SH+][Ni-4]234([O+]=C1c1ccco1)[O+]=C(c1ccco1)C=[N+]3c1ccccc1[SH+]4,5.571719564283442,5263,5.296957646309638,hiv_12890,MoleculeNet_HIV,True
Cc1cc2c(nn1)-c1ccccc1C2=O,5.5716936560411,5264,5.373891680684003,hiv_27166,MoleculeNet_HIV,True
COc1ccc(C=NNc2nc3ccccc3c(=O)n2-c2ccccc2)c(OCc2ccccc2)c1,5.571554428602027,5265,5.163509715864939,hiv_28361,MoleculeNet_HIV,True
O=C(C(=CNC(=S)NC1C(=O)Nc2ccccc21)C(=O)c1ccccc1)c1ccccc1,5.571550496476763,5266,5.229189417997184,hiv_26234,MoleculeNet_HIV,True
N=C1c2ccccc2C(=O)c2c(NCCNCCO)ccc(O)c21,5.571417373608638,5267,5.405747016087103,hiv_22236,MoleculeNet_HIV,True
CCOC(=O)c1sc2c(c1OC(=O)c1ccco1)c(=O)n(-c1ccccc1)c(=S)n2-c1ccccc1,5.571400734656136,5268,5.242183353832287,hiv_30424,MoleculeNet_HIV,True
O=C1c2ccccc2-n2nnnc2C2CSCN12,5.571334873592849,5269,5.220731694736915,hiv_35001,MoleculeNet_HIV,True
CC[Sn](Cl)(Cl)CC,5.571267584713061,5270,5.194249568171668,hiv_7625,MoleculeNet_HIV,True
COc1ccc(-n2c(=O)n(-c3ccccc3)c(=O)n2-c2ccc(OC)cc2)cc1,5.571263503763248,5271,5.27326593765903,hiv_37726,MoleculeNet_HIV,True
COc1ccc(C(c2c(O)c3ccccc3n(-c3ccccc3)c2=O)c2c(O)c3ccccc3n(-c3ccccc3)c2=O)cc1,5.571188539588472,5272,5.362425566985442,hiv_19577,MoleculeNet_HIV,True
O=C(C(=O)c1cc2ccccc2[nH]1)c1cc2ccccc2[nH]1,5.571149975783515,5273,5.300067003665958,hiv_21854,MoleculeNet_HIV,True
O=c1cc2ccccc2nn1Cc1cccc(Cl)c1,5.570985718482418,5274,5.230046916191802,hiv_18365,MoleculeNet_HIV,True
S=c1sc2c(n1-c1ccccc1)N=CNC2S,5.5709749654301675,5275,5.274823103483568,hiv_22645,MoleculeNet_HIV,True
COc1cc(C(C)O)c[n+](Cc2ccccc2)c1.[ClH2+],5.5706931891077724,5276,5.395685988227287,hiv_21532,MoleculeNet_HIV,True
CC(C)(CN1CCCCC1)C(C=Cc1ccc(Cl)c(Cl)c1)=NNC(=O)NN=C(C=Cc1ccc(Cl)c(Cl)c1)C(C)(C)CN1CCCCC1.Cl,5.570670474712375,5277,5.227210831587729,hiv_26628,MoleculeNet_HIV,True
O=C(CCc1ccccc1)ON1C(=S)C(c2ccccc2)(c2ccccc2)N=C1Sc1ccccc1,5.570333393832022,5278,5.235633724852088,hiv_35810,MoleculeNet_HIV,True
Fc1nc(F)nc(-c2c3ccccc3c3n2CCS3)n1,5.570069653210796,5279,5.251762870709055,hiv_22248,MoleculeNet_HIV,True
CC[N+]1(CC)CCN[Co-4]123([OH+]C(=O)C(=O)[OH+]2)[OH+]C(=O)C(=O)[OH+]3.[K+],5.570031795279608,5280,5.229732761487147,hiv_36815,MoleculeNet_HIV,True
O=C(O)CCC(=O)NCCOC(=O)CCC(=O)O,5.569944313580697,5281,5.164016243835034,hiv_7817,MoleculeNet_HIV,True
Oc1ccc(O)c2c1N=NC21c2ccccc2Oc2ccccc21,5.569842818036037,5282,5.278210299241819,hiv_9738,MoleculeNet_HIV,True
O=C(CC1CCN(C(=O)c2ccccc2)C(Cc2c[nH]c3ccccc23)C1O)N1CCCC1,5.569822377095054,5283,5.266222363690556,hiv_5306,MoleculeNet_HIV,True
Cc1ccc(=O)n(Cc2ccccc2)n1,5.569816965834184,5284,5.232487568194491,hiv_2236,MoleculeNet_HIV,True
N#CC(C(=NNC(N)=S)C(=NNC(N)=S)C(C#N)c1ccccc1)c1ccccc1,5.569758585513805,5285,5.444768232454717,hiv_16742,MoleculeNet_HIV,True
O=c1[nH]n(CCc2ccccn2)c(=O)c2ccccc12,5.569749011124786,5286,5.252195123508774,hiv_2294,MoleculeNet_HIV,True
c1ccc(CCC2=Nc3ccccc3CO2)cc1,5.569686791814409,5287,5.407537824767696,hiv_5360,MoleculeNet_HIV,True
Cn1c(=O)n2n(c1=O)C1CCC2CC1,5.569639963069733,5288,5.176659025567918,hiv_8474,MoleculeNet_HIV,True
CC(C)(C)OC(=O)C1C(=CCBr)CN1C(=O)OC(C)(C)C,5.5696171970366315,5289,5.208651618858855,hiv_29221,MoleculeNet_HIV,True
Cl.O=C(OCCN1CCCC1)c1cc2ccccc2[nH]1,5.569554631547574,5290,5.3431811735752515,hiv_39086,MoleculeNet_HIV,True
COC(=O)C(Cc1c[nH]c2ccccc12)NC(=O)C(Cc1c[nH]c2ccccc12)NC(=O)C(Cc1c[nH]c2ccccc12)NC(=O)C(Cc1c[nH]c2ccccc12)NC(=O)C(Cc1c[nH]c2ccccc12)NC(=O)C(Cc1c[nH]c2ccccc12)NC(=O)OC(C)(C)C,5.56954599519065,5291,5.4017681479081165,hiv_29258,MoleculeNet_HIV,True
O=C(O)C1CSC(c2cccs2)N1,5.5695083242880905,5292,5.1772023904619235,hiv_3082,MoleculeNet_HIV,True
O=c1c(=O)c2cc(O)ccc12,5.569392941015754,5293,5.19789514572763,hiv_9072,MoleculeNet_HIV,True
[O-][N+]1=Cc2ccc(O)cc2[OH+][Cu-3]12[OH+]c1cc(O)ccc1C=[N+]2[O-],5.569392941015754,5294,5.168076054704181,hiv_10593,MoleculeNet_HIV,True
COc1ccc(-n2c(CSc3ccc(Cl)cc3)n[nH]c2=S)cc1,5.569364677715259,5295,5.17076633272013,hiv_9048,MoleculeNet_HIV,True
CCCCCCCCCCCCCCCCOCC(CP(=O)([O-])OCC[n+]1ccccc1)OC,5.56928061065176,5296,5.371681499179264,hiv_21841,MoleculeNet_HIV,True
N#CC1CC(c2cccs2)Nc2ccccc2N1,5.569174507996519,5297,5.295201699281859,hiv_5358,MoleculeNet_HIV,True
CCC1CN2CCc3cc(OC)c(OC)cc3C2CC1CC1c2cc(OC)c(OC)cc2CCN1C(=O)C1CCCN1C(=O)OCc1ccccc1,5.5691637296831535,5298,5.196779204079902,hiv_3852,MoleculeNet_HIV,True
CCC(N)CS(=O)(=O)O,5.569149916013378,5299,5.411739404909795,hiv_457,MoleculeNet_HIV,True
CCCS(=N)(=O)CCC(N)C(=O)O,5.569149916013378,5300,5.406482915472977,hiv_8388,MoleculeNet_HIV,True
CCCCS(=O)(=O)CCC(N)C(=O)O,5.569149916013378,5301,5.406482915472977,hiv_9976,MoleculeNet_HIV,True
C1Cn2nnnc2N1,5.569142618126007,5302,5.1603812402675215,hiv_1715,MoleculeNet_HIV,True
O=C(C=Cc1ccccc1)CCC1C(=O)NC(=O)NC1=O,5.569079377579638,5303,5.30051079752311,hiv_22376,MoleculeNet_HIV,True
Cc1[nH]c(C)c2ccc(=O)ccc12,5.569061932262055,5304,5.202034851289697,hiv_9444,MoleculeNet_HIV,True
CCOC(=O)C(Cc1ccc(N=NN(C)C)cc1)NC(=O)CC1c2ccccc2-c2ccccc21,5.569050624296809,5305,5.370746075743783,hiv_23015,MoleculeNet_HIV,True
O=C(CC(C(=O)c1ccoc1)c1ccco1)c1ccco1,5.569040982336761,5306,5.39064275140266,hiv_40570,MoleculeNet_HIV,True
CC(=O)Oc1ccc(C=CC(=O)OC2CCCCC2OC(=O)C=Cc2ccc(OC(C)=O)c(OC(C)=O)c2)cc1OC(C)=O,5.568998001133362,5307,5.17635262700553,hiv_40209,MoleculeNet_HIV,True
COC(=O)C1(C)C=CC(=O)C2(C)C1C(O)C1OC3CC(c4ccoc4)C(C)=C3C1(C)C2CC(=O)O,5.568937843982246,5308,5.181900387087256,hiv_3379,MoleculeNet_HIV,True
O=c1[nH]c2ccc(Cl)cc2o1,5.5689149294114,5309,5.1918298832280545,hiv_27381,MoleculeNet_HIV,True
O=C1NC2(CCCC2)C(=O)C12CCCC2,5.568872961179857,5310,5.194989378603719,hiv_13549,MoleculeNet_HIV,True
CCCCCOP(=O)(OCCCCC)C(NC(C)=O)(C(=O)OCC)C(F)(F)F,5.56886275469739,5311,5.190805109986514,hiv_30891,MoleculeNet_HIV,True
COCN1C(=O)C2CCCN2C(=O)c2cc(OC)c(Cc3ccccc3)cc21,5.568860022724471,5312,5.217346092117046,hiv_39765,MoleculeNet_HIV,True
CCCCC=C(CCCNC=O)[Si](C)(C)C,5.5688415950333265,5313,5.194249568171668,hiv_16041,MoleculeNet_HIV,True
Brc1ccccc2cc(-c3ccccc3)nc1-2,5.56880890324109,5314,5.270583239995226,hiv_18521,MoleculeNet_HIV,True
O=c1cc(-c2ccccc2)ss1,5.568771783901595,5315,5.291991181491853,hiv_1147,MoleculeNet_HIV,True
O=C1CC2(CCC(O)(c3ccccc3)C(C(=O)c3ccccc3)C2)C(=O)c2ccccc2N1,5.568738614099442,5316,5.292339907555427,hiv_34740,MoleculeNet_HIV,True
COc1ccc(C2C3COc4ccccc4C3=NN2c2ccccc2)cc1,5.568699471818542,5317,5.260204380483081,hiv_34803,MoleculeNet_HIV,True
CCCC[Sn]1(CCCC)OC(=O)c2cc(C)ccc2O1,5.568675893818186,5318,5.2013690423341705,hiv_15731,MoleculeNet_HIV,True
CC1=C2C(c3ccccc3)C3C=CC2(c2ccccc23)N(C(=O)C(c2ccccc2)c2ccccc2)C1=O,5.5686219160672135,5319,5.415043364034468,hiv_15207,MoleculeNet_HIV,True
CC(NC(=O)NC(C)(C)C)NC(=O)C(N)CC(=O)O,5.568591411057662,5320,5.4109545927787295,hiv_29773,MoleculeNet_HIV,True
CC(NC(=O)C(N)CC(=O)O)NC(=O)N(C)C(C)(C)C,5.568591411057662,5321,5.4109545927787295,hiv_29776,MoleculeNet_HIV,True
COc1ccc(C(C#N)NCCCCCCNC(C#N)c2ccc(OC)cc2)cc1,5.5685543788687095,5322,5.3759377483138735,hiv_34333,MoleculeNet_HIV,True
CCOC(=O)NN(C(=O)OCC)C(=C(C1CCCCC1)N1CCOCC1)N(NC(=O)OCC)C(=O)OCC,5.568506943014552,5323,5.187972770602468,hiv_7822,MoleculeNet_HIV,True
Oc1ccc(-c2nc(-c3ccccc3)c(-c3ccccc3)[nH]2)cc1,5.568295512407242,5324,5.277737106974858,hiv_35121,MoleculeNet_HIV,True
O=C(C#Cc1ccccc1)Nc1ccccc1CC(c1c[nH]c2ccccc12)c1c[nH]c2ccccc12,5.568264779057042,5325,5.406787148452022,hiv_19906,MoleculeNet_HIV,True
CC(=O)[OH+][Cu-4]12(Oc3ccccc3C=[N+]1c1ccc(S(=O)(=O)Nc3ncccn3)cc1)Oc1ccccc1C=[N+]2c1ccc(S(=O)(=O)Nc2ncccn2)cc1,5.568211895916827,5326,5.2908724319794995,hiv_27108,MoleculeNet_HIV,True
CC(=O)CC(OC(C)=O)C1=CCC2C(CC1C)OC(=O)C2C,5.568074988193685,5327,5.389229006058694,hiv_4903,MoleculeNet_HIV,True
Nc1c(S(=O)(=O)c2ccc(Cl)cc2)c2nc3ccccc3nc2n2ccnc12,5.56807028462421,5328,5.28946837338664,hiv_23942,MoleculeNet_HIV,True
COc1ccc(CSC2=C(C#N)C(=O)NC3(CCCCC3)S2)cc1,5.5680180778810895,5329,5.126785137483604,hiv_7831,MoleculeNet_HIV,True
COc1cc2ccccc2ccc1=NO,5.5679587751436355,5330,5.272934603510432,hiv_3655,MoleculeNet_HIV,True
O=S1(=O)Cc2ccccc21,5.567878355321221,5331,5.29011062058462,hiv_7725,MoleculeNet_HIV,True
O=C1C(c2ccccc2)CS(=O)(=O)CC1c1ccccc1,5.567878355321221,5332,5.274600288312648,hiv_4869,MoleculeNet_HIV,True
O=C1C(=O)C(c2ccccc2)S(=O)(=O)C1c1ccccc1,5.567878355321221,5333,5.274600288312648,hiv_25941,MoleculeNet_HIV,True
O=S1(=O)c2ccccc2S(=O)(=O)c2ccccc21,5.567878355321221,5334,5.29011062058462,hiv_791,MoleculeNet_HIV,True
NC(=S)NNC1=NC(=O)C(=Cc2ccc3c(c2)OCO3)S1,5.567849234185483,5335,5.326449483894195,hiv_24934,MoleculeNet_HIV,True
CC(=NNC(=O)c1ccccc1O)C1=C(C)NC(C)=C(C(C)=NNC(=O)c2ccccc2O)C1C,5.567849010386885,5336,5.29748216787774,hiv_16764,MoleculeNet_HIV,True
CC(C)(C)OC(=O)[N+](=[N-])C(=O)C1CCC(=O)N1C(=O)OCc1ccccc1,5.5678362517353825,5337,5.242230117759447,hiv_29439,MoleculeNet_HIV,True
Cc1cccc2c1C(=O)N(CC[PH](c1ccccc1)(c1ccccc1)c1ccccc1)C2=O,5.5678248242899,5338,5.28499526123928,hiv_6888,MoleculeNet_HIV,True
S=C1NC(c2ccco2)N2C(=S)NC(c3ccco3)N12,5.567756232175847,5339,5.183522367087885,hiv_5904,MoleculeNet_HIV,True
O=C1c2cccc3c2C(=O)c2c(cccc21)OCCOCCOCCOCCO3,5.567702177965177,5340,5.193961661129741,hiv_13126,MoleculeNet_HIV,True
C1=C(c2ccccc2)NC2=NC3CCCCC3N2C1c1ccccc1,5.5676613817000185,5341,5.259828655351462,hiv_35831,MoleculeNet_HIV,True
O=C(CCc1ccc(O)c(O)c1)NCCc1cc(O)cc(O)c1,5.567524130737933,5342,5.124840989380987,hiv_36314,MoleculeNet_HIV,True
O=c1c2cccnc2n2n1Cc1ccccc1C2,5.5674596962562255,5343,5.251452457699439,hiv_32058,MoleculeNet_HIV,True
C=C1CC(COc2ccc3c(C)c(C)c(=O)oc3c2C)(c2ccccc2)OC1=O,5.567413301722591,5344,5.299923614174177,hiv_29159,MoleculeNet_HIV,True
NNC(=S)NN=C(CCCC(=O)NCCc1ccccc1)CC(=O)c1ccccc1,5.567397843296294,5345,5.230699967843975,hiv_14438,MoleculeNet_HIV,True
CC1OC2(O)C3CCCN3C(=O)N(Cc3ccccc3)N2C1=O,5.567386613455735,5346,5.23958919130672,hiv_28843,MoleculeNet_HIV,True
CC(C)=CCCC(C)=CCCC(C)C=CC(=O)NCC1CC[N+]2(C)CCCCC12.O=P([O-])(O)O,5.567376788962388,5347,5.38130603975474,hiv_19705,MoleculeNet_HIV,True
Cc1nc(=O)n2c(C)n[nH]c2c1C(=O)O,5.56731986487165,5348,5.191431988590665,hiv_12010,MoleculeNet_HIV,True
c1csc(-c2cc(-c3cccs3)c(-c3cccs3)s2)c1,5.567272073725414,5349,5.1855588557542625,hiv_25001,MoleculeNet_HIV,True
OC1COc2c3ccccc3nn2C1,5.567215181131863,5350,5.243025254455609,hiv_23374,MoleculeNet_HIV,True
O=C(NN=Cc1ccc([N+](=O)[O-])o1)c1ccncc1,5.567206907331755,5351,5.136770618804975,hiv_37440,MoleculeNet_HIV,True
O=C1c2cccc3cccc(c23)C(=O)N1c1ncn[nH]1,5.5671868699282605,5352,5.192022712508777,hiv_3915,MoleculeNet_HIV,True
O=C1CCC2CCC(=O)N12,5.567164019922887,5353,5.173180791167553,hiv_4475,MoleculeNet_HIV,True
Cc1cc(N(CCC#N)CCC#N)ccc1C=C(NC(=O)C=Cc1ccccc1)C(N)=O,5.566936633104553,5354,5.288402777977851,hiv_20849,MoleculeNet_HIV,True
COc1ccc(C23OCN(c4ccccc4)C2(c2ccc(OC)cc2)c2ccccc2N3C)cc1,5.566875048420865,5355,5.288134946246676,hiv_10700,MoleculeNet_HIV,True
CC(C)(C)C(=O)OCOP(=O)(OCOC(=O)C(C)(C)C)OCC1OC(N2C=CC(N)NC2=O)CC1F,5.566853067294018,5356,5.192996102436468,hiv_35878,MoleculeNet_HIV,True
N#Cc1ccc(-c2nc3c(N)ncnc3o2)cc1,5.566821065486762,5357,5.205795803717592,hiv_34109,MoleculeNet_HIV,True
COC(=O)c1ccc(N2CCOS(=O)OCC2)cc1OC(=O)c1ccccc1,5.566804779730576,5358,5.284766573692663,hiv_2254,MoleculeNet_HIV,True
c1ccc(C2N3CCCCC3C3c4[nH]c5ccccc5c4CCN32)nc1,5.56672094443626,5359,5.19921192757043,hiv_15771,MoleculeNet_HIV,True
CSc1cc2[n+]3c(c1)-c1cccc[n+]1[Zn-4]314([n+]3ccccc3-2)[n+]2ccccc2-c2cc(SC)cc([n+]21)-c1cccc[n+]14.[O-][Cl+3]([O-])([O-])[O-],5.566693470821233,5360,5.292278048195401,hiv_32575,MoleculeNet_HIV,True
O=C(Nc1ccc(Br)c2ccccc12)c1ccc2ccccc2c1O,5.566484395806243,5361,5.229490401126017,hiv_9975,MoleculeNet_HIV,True
CCCCNC(=O)C1C(=O)N(CCCC)C(=O)C1=NN,5.56644277728454,5362,5.1808282255140705,hiv_14632,MoleculeNet_HIV,True
Clc1ccc(Cl)c2[s+]snc12.[Cl-],5.566240601348431,5363,5.183704760975124,hiv_16971,MoleculeNet_HIV,True
CCCCCCCCCCOCC(COCCOCC(COCCCCCCCCCC)OCCCS(=O)(=O)O)OCCCS(=O)(=O)O.[NaH],5.566197639555445,5364,5.400581410714871,hiv_18334,MoleculeNet_HIV,True
COC(=O)C12CSCN1C(=O)C(C(C)=O)=NN2C(=O)C(OC)(c1ccccc1)C(F)(F)F,5.566163009796051,5365,5.282602075491629,hiv_24593,MoleculeNet_HIV,True
N#Cc1cnn2cc[nH]c12,5.566057081961765,5366,5.121964261601086,hiv_10134,MoleculeNet_HIV,True
COc1ccccc1NC(=S)NN=C(C)c1cccc(C(C)=NNC(=S)Nc2ccccc2OC)n1,5.566006016021895,5367,5.267479517161634,hiv_29307,MoleculeNet_HIV,True
N#CC(c1ccccc1)N(CCc1ccccc1)C(=O)c1ccccc1,5.565865666722338,5368,5.403350155876953,hiv_34336,MoleculeNet_HIV,True
N#CC(c1ccccc1)N(CCc1ccccc1)C(=O)c1ccc(C(=O)N(CCc2ccccc2)C(C#N)c2ccccc2)cc1,5.565865666722338,5369,5.403350155876953,hiv_34353,MoleculeNet_HIV,True
Cc1cc(O)oc(=O)c1,5.565842614814976,5370,5.189037090154628,hiv_4932,MoleculeNet_HIV,True
Cc1nnc(NS(=O)(=O)c2ccc(N=Nc3c(N)n(C)c(=O)n(C)c3=O)cc2)s1,5.565759003917189,5371,5.126525191449483,hiv_4209,MoleculeNet_HIV,True
CCSC1(C)C(=O)c2ccccc2C(=O)C1(C)O,5.565740096218776,5372,5.309427282883608,hiv_12995,MoleculeNet_HIV,True
c1ccc(CN2COc3ccc4c5c(ccc4c3C2)OCN(Cc2ccccc2)C5)cc1,5.565671456657917,5373,5.244423315172347,hiv_3315,MoleculeNet_HIV,True
C[Si](C)(C)N=C1N2C(=NC1(C(F)(F)F)C(F)(F)F)Sc1ccccc12,5.565559906504316,5374,5.299922075627017,hiv_12989,MoleculeNet_HIV,True
CC(=O)OCC1OC(OC(C)=O)C(On2nnc3c(-c4ccccc4)c(C)nn32)C(OC(C)=O)C1OC(C)=O,5.56543680876101,5375,5.215473131125398,hiv_9116,MoleculeNet_HIV,True
Cc1cc(Cl)n2nc(-c3ccc(Cl)cc3)nc2n1,5.56543030683103,5376,5.185619353527978,hiv_7364,MoleculeNet_HIV,True
Br[Sn]12c3ccccc3CN(Cc3ccccc31)Cc1ccccc12,5.565385896700309,5377,5.251452457699439,hiv_33381,MoleculeNet_HIV,True
O=C1OC2C3Cc4ccccc4N2C1C3,5.565385896700309,5378,5.278342171111843,hiv_16278,MoleculeNet_HIV,True
NC(=O)NC(=O)C1CCC(=O)N1S(=O)(=O)c1ccc(Cl)cc1,5.56537285165977,5379,5.175465295313149,hiv_20395,MoleculeNet_HIV,True
O=c1c(Cl)c(N2CCCCC2)cnn1-c1ccccc1,5.565370641368138,5380,5.2872122688401015,hiv_2331,MoleculeNet_HIV,True
COc1cc(C=C2SC(NNc3nc(-c4ccc(Br)cc4)cs3)=NC2=O)cc(OC)c1OC,5.5653546160489435,5381,5.3025378555888185,hiv_24810,MoleculeNet_HIV,True
COC(OC)C1OC(CO)C(n2cc(F)c(=O)[nH]c2=O)C1O,5.56532588853441,5382,5.374805052943603,hiv_39271,MoleculeNet_HIV,True
Cn1ncc2[nH]c(=O)n(OS(=O)(=O)c3ccccc3)c(=O)c21,5.565281972571842,5383,5.244248750483681,hiv_3777,MoleculeNet_HIV,True
CCCC[Sn]1(CCCC)ON=Cc2ccccc2O1,5.565277861408108,5384,5.298253678614621,hiv_15724,MoleculeNet_HIV,True
O=c1cc(N=P(c2ccccc2)(c2ccccc2)c2ccccc2)n(-c2ccccc2)c(=O)n1-c1ccccc1,5.565261100528541,5385,5.284377106907854,hiv_34143,MoleculeNet_HIV,True
CS1(=O)=NC(=NC#N)c2ccccc21,5.565254417884915,5386,5.294819266663383,hiv_7499,MoleculeNet_HIV,True
O=C1C2C=CC1C1C3OC3C(=O)C21,5.565212237644795,5387,5.172347008617916,hiv_20322,MoleculeNet_HIV,True
CCC(c1ccccc1)c1noc(CCN(CC)CC)n1.O=C(O)CC(O)(CC(=O)O)C(=O)O,5.565208957620594,5388,5.4035333604211155,hiv_7652,MoleculeNet_HIV,True
O=[N+]([O-])c1ccc2[nH]ncc2c1Cl,5.565010881569728,5389,5.1906111744930055,hiv_38721,MoleculeNet_HIV,True
NC(=O)c1c(Cl)nc2n1CCS2,5.564985171637378,5390,5.188759662821798,hiv_8049,MoleculeNet_HIV,True
CC(C)(C)C(=O)OCC(COC(=O)C(C)(C)C)[N+](=O)[O-],5.564964094942445,5391,5.409803542046354,hiv_11527,MoleculeNet_HIV,True
Cn1c(=O)c2nc(N=Nn3ccc4ccccc43)[nH]c2n(C)c1=O,5.564917390344794,5392,5.252311296719084,hiv_31384,MoleculeNet_HIV,True
N#Cc1cc(Sc2ccc(N)c(C#N)c2)ccc1N,5.56481478154315,5393,5.176363531609052,hiv_39036,MoleculeNet_HIV,True
Cc1cc(S)c2cc3c(cc2n1)OCO3,5.564801980482646,5394,5.197759876020697,hiv_8045,MoleculeNet_HIV,True
c1ccc(C2=C(c3ccccc3)C23SCCS3)cc1,5.564792759433282,5395,5.296591035046669,hiv_5386,MoleculeNet_HIV,True
Cl.O=C(NCCCCN1CC2CCCC2C1)C(C1CCCCC1)C1CCCCC1,5.564689174691473,5396,5.388334159503351,hiv_27138,MoleculeNet_HIV,True
O=S(=O)(SC1=NCCN1)c1ccccc1,5.564477679278005,5397,5.3075062313362515,hiv_4152,MoleculeNet_HIV,True
CC1(O)OC(=O)c2ccc3ccccc3c21,5.564406465365631,5398,5.274071548995796,hiv_14447,MoleculeNet_HIV,True
CN(C)P1(=O)N(c2ccccc2)P(=O)(N(C)C)N1c1ccccc1,5.564366196377972,5399,5.286817758910543,hiv_6292,MoleculeNet_HIV,True
Cc1cnc(NCCCN(C)C)c2c1[nH]c1ccc3ccccc3c12.O=C(O)C=CC(=O)O,5.564318965274694,5400,5.248160432765586,hiv_27511,MoleculeNet_HIV,True
Cl.O=C1c2ccccc2Sc2ccccc2N1CCN1CCN(c2ccc(F)cc2)CC1,5.564244756144025,5401,5.361559605925013,hiv_25056,MoleculeNet_HIV,True
Cl.O=C1c2ccccc2Sc2ccccc2N1CCCCCCN1CCN(c2ccc(F)cc2)CC1,5.564244756144025,5402,5.361559605925013,hiv_25052,MoleculeNet_HIV,True
Cl.O=C1c2ccccc2Sc2ccccc2N1CCCCN1CCN(c2ccc(F)cc2)CC1,5.564244756144025,5403,5.361559605925013,hiv_25054,MoleculeNet_HIV,True
Cl.O=C1c2ccccc2Sc2ccccc2N1CCCN1CCN(c2ccc(F)cc2)CC1,5.564244756144025,5404,5.361559605925013,hiv_25055,MoleculeNet_HIV,True
Cl.O=C(CSc1ncn[nH]1)C[P+](c1ccccc1)(c1ccccc1)c1ccccc1.[Cl-],5.564158400897066,5405,5.415431636744809,hiv_11318,MoleculeNet_HIV,True
O=C1CCCN(c2ccccc2)N1,5.564060710169799,5406,5.295149860717298,hiv_17896,MoleculeNet_HIV,True
O=C1N2CCCSC2=NC1(c1ccccc1)c1ccccc1,5.564057977896301,5407,5.301877486975753,hiv_10405,MoleculeNet_HIV,True
CC(=NNS(=O)(=O)c1ccc(C)cc1)C1=C(C)Nc2ccccc2S1,5.564018887788573,5408,5.310882363188824,hiv_14416,MoleculeNet_HIV,True
COC(=O)C12CCC(C)(C)CC1C1=CCC3C4(C)CC(O)C(O)C(C)(C(=O)OC)C4CCC3(C)C1(CO)CC2,5.563980135096492,5409,5.161781397958621,hiv_4524,MoleculeNet_HIV,True
CC1(C)CCC2(C(=O)OC3OC(CO)C(O)C(O)C3O)CCC3(CO)C(=CCC4C5(C)CC(O)C(O)C(C)(C(=O)OC6OC(CO)C(O)C(O)C6O)C5CCC43C)C2C1,5.563980135096492,5410,5.185473543967706,hiv_4525,MoleculeNet_HIV,True
CC(C)(C)C(O)CC(O)(C(F)(F)F)C(F)(F)F,5.563944394620108,5411,5.3999985970502085,hiv_27327,MoleculeNet_HIV,True
COC(=O)C1SCC2C(=O)N(c3ccccc3)C(=O)N21,5.563914630295592,5412,5.259005050574361,hiv_33049,MoleculeNet_HIV,True
O=C1CN(CC2=CC3(CC2)CCC2=C3CCCC2=O)C(=O)N1,5.5639067277774386,5413,5.194514634338709,hiv_16134,MoleculeNet_HIV,True
Cc1nc2c(nc1Cl)nc(Oc1ccc(Cl)cc1)c1ccccc12,5.563838987739191,5414,5.254096909550167,hiv_21925,MoleculeNet_HIV,True
Cc1ccc(SS(=O)(=O)c2ccc([N+](=O)[O-])cc2)cc1,5.563797064906528,5415,5.18080016794159,hiv_4562,MoleculeNet_HIV,True
O=C1COC(c2ccccc2O)=NN1Cc1ccccc1,5.5637233910701855,5416,5.230166603295463,hiv_7451,MoleculeNet_HIV,True
C1C2OC2C2C1C1CC2C2OC12,5.563704534109454,5417,5.175330917710577,hiv_1182,MoleculeNet_HIV,True
O=C1CCC(N2C(=O)C3CC=CCC3C2=O)C(=O)N1,5.563698952379668,5418,5.293152120784363,hiv_6631,MoleculeNet_HIV,True
O=C1CC(=O)Nc2ccccc2N1,5.563635691923229,5419,5.305429676459854,hiv_4936,MoleculeNet_HIV,True
O=C1C=CSc2ccccc2N1,5.563635691923229,5420,5.309165696116904,hiv_10861,MoleculeNet_HIV,True
O=[N+]([O-])C(=C1Nc2ccccc2N1)C(Cl)=C(Cl)Cl,5.563635691923229,5421,5.305429676459854,hiv_27687,MoleculeNet_HIV,True
O=C1NC(=O)C(c2ccccc2)O1,5.563635691923229,5422,5.293988302506359,hiv_15603,MoleculeNet_HIV,True
O=C1C(=O)N(c2cc(Cl)ccc2Cl)C(=O)C(=O)C1c1nc2ccccc2s1,5.5636084687104415,5423,5.287047277953685,hiv_11404,MoleculeNet_HIV,True
O=c1c2ccccc2nc2n1-c1ccccc1SC2,5.563607426058524,5424,5.231326452029417,hiv_20036,MoleculeNet_HIV,True
C[PH](C)(C)[Ir-3]1([PH](C)(C)C)([PH](C)(C)C)NC(Cc2ccc(O)cc2)C(=O)[OH+]1.[Cl-],5.563470290040855,5425,5.167506748950881,hiv_25177,MoleculeNet_HIV,True
CC(CSC(=N)N)C(N)=O,5.563420305545459,5426,5.416211082215548,hiv_1684,MoleculeNet_HIV,True
CC(CC(N)C(=O)O)C(=O)O,5.563420305545459,5427,5.4109545927787295,hiv_1397,MoleculeNet_HIV,True
CC(C)C(NC(=O)C(N)CCC(=O)O)C(=O)O,5.563420305545459,5428,5.4109545927787295,hiv_8082,MoleculeNet_HIV,True
CC(CC(=O)O)C(N)C(=O)O,5.563420305545459,5429,5.4109545927787295,hiv_1398,MoleculeNet_HIV,True
CC(C)CC(F)(C(N)=O)C(N)=O,5.563420305545459,5430,5.416211082215548,hiv_3018,MoleculeNet_HIV,True
O=C(C=Cc1ccc(Cl)c(Cl)c1)c1ccc2ccccc2c1,5.563418019706494,5431,5.211177741995505,hiv_18736,MoleculeNet_HIV,True
NC(CCC(=O)NC(CS)C(=O)NCC(=O)O)C(=O)O,5.563278460539022,5432,5.406365878966143,hiv_9682,MoleculeNet_HIV,True
COc1cc(C(=O)n2c(=O)oc(=O)c3cc([N+](=O)[O-])ccc32)cc(OC)c1OC,5.563232846861205,5433,5.112368648464853,hiv_9312,MoleculeNet_HIV,True
COc1ccc(CCN2CCOCC2)cc1.Cl,5.563216802115564,5434,5.154850922802194,hiv_28198,MoleculeNet_HIV,True
O=C(O)Cn1c(=O)[nH]c(=O)c2c1ncn2Cc1ccccc1,5.563189267418362,5435,5.2052322274941565,hiv_17860,MoleculeNet_HIV,True
O=[N+]([O-])c1ccc(C2N3CCCCC3C3CCCCN32)cc1,5.563150705906064,5436,5.177633460547001,hiv_22179,MoleculeNet_HIV,True
O=Cc1ccccc1OCCOc1cc(OCCOc2ccccc2C=O)c(OCCOc2ccccc2C=O)cc1OCCOc1ccccc1C=O,5.563135571679942,5437,5.288043325305877,hiv_22572,MoleculeNet_HIV,True
COc1ccccc1N1CCCSC1=Nc1ccccc1,5.563063584185303,5438,5.282926313188785,hiv_6058,MoleculeNet_HIV,True
O=C1c2cc(Oc3ccccc3)c(S(=O)(=O)O)c(S(=O)(=O)O)c2C(=O)c2c(O)ccc(O)c21,5.563038340254621,5439,5.2816611012374475,hiv_3289,MoleculeNet_HIV,True
COC(=O)c1cn2ccc3ccccc3c2c1C(=O)OC,5.562929266103554,5440,5.235587247414835,hiv_4750,MoleculeNet_HIV,True
Cc1nc(=N)[nH]n1C1OCC(O)C(O)C1O,5.562926237057676,5441,5.185978840529715,hiv_12883,MoleculeNet_HIV,True
CC(=O)NC(C=O)C(OC(C)C(=O)NC(C)C(=O)NC(CCC(N)=O)C(=O)OCc1ccccc1)C(O)C(O)COC(=O)CCNc1c2ccccc2nc2cccc([N+](=O)[O-])c12,5.562899760727321,5442,5.383296217738622,hiv_15519,MoleculeNet_HIV,True
Cc1sc2nc3n(c(=O)c2c1C)N=CN(c1ccc(F)cc1)C3,5.56277797130276,5443,5.208487264980895,hiv_36938,MoleculeNet_HIV,True
O=C(CN1C(=O)c2cccc3c(Br)ccc(c23)C1=O)c1ccc(Cl)cc1,5.562697599572084,5444,5.183434634002706,hiv_8343,MoleculeNet_HIV,True
COc1cc2c(c(OC)c1OC)-c1oncc1CC2,5.5626632018131374,5445,5.162382054062099,hiv_6757,MoleculeNet_HIV,True
Cl.O=C1C(=Cc2ccccc2)CN(C(=O)CCN2CCOCC2)CC1=Cc1ccccc1,5.562617503688771,5446,5.319882437679449,hiv_17233,MoleculeNet_HIV,True
O=C1N=NC(=O)c2ccccc21,5.562605512911189,5447,5.283490157156262,hiv_4937,MoleculeNet_HIV,True
CCN(CC)CCNc1ccc([N+](=O)[O-])c2[nH]c3ccccc3c(=N)c12,5.562309499827611,5448,5.234515388222555,hiv_25346,MoleculeNet_HIV,True
O=c1cnn(C2OC(CO)C(F)C2F)c(=O)[nH]1,5.562294035464747,5449,5.178923333394358,hiv_22593,MoleculeNet_HIV,True
N=c1cnn(C2OC(CO)C(F)C2F)c(=O)[nH]1,5.562294035464747,5450,5.178923333394358,hiv_22594,MoleculeNet_HIV,True
CCN(CC)Cc1nc2sc3c(c2c(=O)n1-c1ccccc1)CCCC3,5.5622600006985365,5451,5.297142670975595,hiv_39916,MoleculeNet_HIV,True
O=c1[nH]n(Cc2ccccc2Cl)c2ccc([N+](=O)[O-])cc12,5.562213778865607,5452,5.279476719981607,hiv_32064,MoleculeNet_HIV,True
COc1cc(-c2cccs2)sc1-c1cccs1,5.5621219219331,5453,5.1643024759656155,hiv_22882,MoleculeNet_HIV,True
O=C1C2=C(SCCS2)C(=O)c2c(Sc3ccc(Cl)cc3)c(Sc3ccc(Cl)cc3)c(Sc3ccc(Cl)cc3)c(Sc3ccc(Cl)cc3)c21,5.5620872255227205,5454,5.1739966973412805,hiv_35339,MoleculeNet_HIV,True
O=C1OCC(C(=O)c2cccc(O)c2)C1=O,5.561911738469229,5455,5.1733845910155924,hiv_16953,MoleculeNet_HIV,True
CSc1c(N(C)C)c(=O)c1=S,5.561798042252819,5456,5.186079085853435,hiv_8961,MoleculeNet_HIV,True
NC(Cc1ccccc1)C(=O)OCN1C(=O)C2C3C=CC(C2C1=O)C1C2C(=O)N(COC(=O)C(N)Cc4ccccc4)C(=O)C2C31.O=C(O)C(O)C(O)C(O)C(O)CO.[Na]Cl,5.561712275938088,5457,5.383412664499961,hiv_10264,MoleculeNet_HIV,True
CC1(CCCO)CCCCCCCCCC(C)(CCCO)C1=O,5.56168841084478,5458,5.194639379454632,hiv_32860,MoleculeNet_HIV,True
CC1(CCCO)CCCCCC(C)(CCCO)C1=O,5.56168841084478,5459,5.194639379454632,hiv_32861,MoleculeNet_HIV,True
O=C1CCC(c2ccccc2)(C2CCN(Cc3ccc(F)cc3)CC2)C(=O)N1,5.561677524994185,5460,5.255177090007021,hiv_5694,MoleculeNet_HIV,True
COC(=O)C1(NC(=O)C(CC(=O)OCc2ccccc2)NC(=O)OC(C)(C)C)CC1,5.561661507843016,5461,5.39693905571017,hiv_29788,MoleculeNet_HIV,True
Cc1c(OCCCOc2ccc3c(=O)cc(-c4ccccc4)oc3c2C)ccc2c(=O)cc(-c3ccccc3)oc12,5.561552083544319,5462,5.296231564306686,hiv_23858,MoleculeNet_HIV,True
CSc1sc(=S)sc1C(=O)N(C)c1ccccc1,5.561539161168189,5463,5.285983976360907,hiv_24589,MoleculeNet_HIV,True
C1COC2SC3=C(SC(=C4SC5=C(SCCS5)S4)S3)SC2O1,5.561494864488931,5464,5.177679306897836,hiv_37289,MoleculeNet_HIV,True
O=C1CCS(=O)(=O)O1,5.561494864488931,5465,5.1849492406403295,hiv_2375,MoleculeNet_HIV,True
CCC1=CC(OCc2ccccc2)C(CCN(Cc2ccccc2)C(=O)OCc2ccccc2)C1,5.561411692805328,5466,5.246188952114403,hiv_40301,MoleculeNet_HIV,True
O=C1C2=C(CC3=C(C2)CS(=O)(=O)C3)C(=O)C2=C1CC1=C(C2)CS(=O)(=O)C1,5.561393840538298,5467,5.229424220613051,hiv_34768,MoleculeNet_HIV,True
CN1CCCc2nc3ccccc3n2C1,5.561386117931826,5468,5.240277810125724,hiv_22183,MoleculeNet_HIV,True
N#CC1(c2ccccc2)CCOCC1,5.561353354890219,5469,5.296615731253571,hiv_459,MoleculeNet_HIV,True
N=c1[nH]onc1-c1noc(-c2no[nH]c2=N)[n+]1[O-],5.561268344898746,5470,5.178869798865063,hiv_39814,MoleculeNet_HIV,True
Cc1c(NC(=O)CCl)c(=O)oc2c(C)c3occc(=O)c3cc12,5.561245196920015,5471,5.189097023620145,hiv_10544,MoleculeNet_HIV,True
Cc1nc2c(=O)n(C)c(=O)n(C)c2nc1CCC(=O)O,5.561134305892596,5472,5.163716319816038,hiv_3250,MoleculeNet_HIV,True
COc1cc(C2c3cc4c(cc3OC(NNS(=O)(=O)c3ccc(C)cc3)C2C)OCO4)cc(OC)c1O,5.5610914388288135,5473,5.129711996994854,hiv_30454,MoleculeNet_HIV,True
N#Cc1c(O)c(N=Nc2ccccc2F)c(=O)n2c1[nH]c1ccccc12,5.561031246810989,5474,5.263252875867403,hiv_28299,MoleculeNet_HIV,True
CCOC(=O)C1Nc2c(cccc2[N+](=O)[O-])C2OCCC12,5.561008194061362,5475,5.127756324022874,hiv_19737,MoleculeNet_HIV,True
Nc1c(-c2nc3ccccc3[nH]2)sc(=S)n1-c1ccccc1,5.560750377335361,5476,5.286290632865649,hiv_15564,MoleculeNet_HIV,True
O=S1(=O)c2ccccc2C(O)(c2ccccc2)c2cc3ccccc3n21,5.560709735083855,5477,5.244064184705786,hiv_7949,MoleculeNet_HIV,True
Cl.Cn1c(SSc2c(-c3ccc(Cl)cc3)[nH]c(=N)n2C)c(-c2ccc(Cl)cc2)[nH]c1=N,5.56070198289405,5478,5.189189677428584,hiv_25550,MoleculeNet_HIV,True
O=C1c2ccccc2-n2c1nc1ccccc1c2=O,5.560670518885946,5479,5.231326452029417,hiv_8518,MoleculeNet_HIV,True
CN(C)c1c(-c2ccccc2)cc(-c2ccccc2)nc1O,5.560584415592352,5480,5.287021558758583,hiv_4160,MoleculeNet_HIV,True
C=C1C2CCC3(C4CC5C6(C)CCCC5(C(O4)N4CCOC46)C3C2)C1OC(C)=O,5.56056909903991,5481,5.125683030021413,hiv_17403,MoleculeNet_HIV,True
Brc1ccc2c(-c3csc(-c4c[nH]c5cc(Br)ccc45)n3)c[nH]c2c1,5.56054039758596,5482,5.196070902977378,hiv_40877,MoleculeNet_HIV,True
O=C(O)c1cc(-c2ccccc2O)nc2ccccc12,5.560500532218702,5483,5.2472335506602965,hiv_20663,MoleculeNet_HIV,True
COc1ccc(CC(N)C(=O)N2CC(CO)CC(n3cnc4c(N(C)C)ncnc43)C2)cc1,5.560498552536716,5484,5.388779372469992,hiv_23801,MoleculeNet_HIV,True
COc1ccc(C(=O)c2ccc(OC)c3ccccc23)c2ccccc12,5.56044745981201,5485,5.231112374752319,hiv_9667,MoleculeNet_HIV,True
Nc1ccc(N)c(N2C(=O)c3ccccc3C2=O)c1,5.56032288168366,5486,5.258213913155338,hiv_27853,MoleculeNet_HIV,True
Cc1cc[n+]([Pt-2]([OH+][N+](=O)[O-])([OH+][N+](=O)[O-])[n+]2ccc(C)cc2)cc1,5.5600923729625835,5487,5.187999507756952,hiv_39972,MoleculeNet_HIV,True
O=C(O)CSC(NC(=O)C(C(F)(F)F)C(F)(F)F)(C(F)(F)F)C(F)(F)F,5.559792989430242,5488,5.391263873213025,hiv_30915,MoleculeNet_HIV,True
COC(=O)c1c(O)c(C#N)c2[nH]c3ccccc3n2c1=O,5.559742433293558,5489,5.247387665582799,hiv_25950,MoleculeNet_HIV,True
CC(=O)C12CC(C#N)(N3CCCCCC3)C1C=Cc1ccccc12,5.559730978410896,5490,5.292811175258941,hiv_26413,MoleculeNet_HIV,True
CC(Sc1ccccc1)=C1CCCN(Cc2ccccc2)C1.O=C(O)C(=O)O,5.55971356616397,5491,5.253690171568769,hiv_39955,MoleculeNet_HIV,True
C1=C2CN3CCC45c6ccccc6N6CCC(OC1)C(C2CC34)C65,5.559662594938349,5492,5.296667443791245,hiv_21813,MoleculeNet_HIV,True
CCNC(=S)NN=C(c1ccccc1)c1ccccn1,5.559583667653844,5493,5.29965654938606,hiv_29185,MoleculeNet_HIV,True
CC(=O)c1c2c(cc3c1CC1(Cc4ccccc4C1=O)C3)CCC2,5.559581240827792,5494,5.314688481765224,hiv_30094,MoleculeNet_HIV,True
COc1cc(C(=O)OC2C(OC)OC3COC(c4ccccc4)OC3C2OC(=O)c2cc(OC)c(OC)c(OC)c2)cc(OC)c1OC,5.559556739473762,5495,5.2574242712384605,hiv_32156,MoleculeNet_HIV,True
CC(c1ccccc1)[N+](=O)[CH-]c1ccccc1,5.559479508434203,5496,5.451525256096221,hiv_21102,MoleculeNet_HIV,True
CON=C(C(=O)[N-]n1cn[n+](CC(=O)OC(C)(C)C)c1)c1csc(NC(c2ccccc2)(c2ccccc2)c2ccccc2)n1,5.559475583946448,5497,5.2120543877381555,hiv_26459,MoleculeNet_HIV,True
CC(=O)NNC(=N)c1nc2c(n3nc(C)nc13)CCCC2,5.5594653205430316,5498,5.185755598901735,hiv_11206,MoleculeNet_HIV,True
N#CC1=C(C#N)N=Cc2ccccc2NCCNc2ccccc2C=N1,5.559459828685082,5499,5.226197613462135,hiv_7706,MoleculeNet_HIV,True
CC=C1CC(C(=O)OC)N(C(=O)OCc2ccccc2)C1=S,5.559452806524032,5500,5.219508807660838,hiv_38521,MoleculeNet_HIV,True
c1ccc2c3c([nH]c2c1)C1C2CCCCN2CN1CC3,5.559374724057902,5501,5.227506053669385,hiv_15757,MoleculeNet_HIV,True
CCCc1noc(C(F)(F)Sc2ncccn2)n1,5.559373699403447,5502,5.194249568171668,hiv_40725,MoleculeNet_HIV,True
C=C1C2CCCC1C1(S(C)(=O)=O)CCCCC21O,5.559367882224316,5503,5.185841577785932,hiv_11666,MoleculeNet_HIV,True
O=C(SSC(=O)c1ccccc1)c1ccccc1,5.559338636311597,5504,5.283206728218048,hiv_32926,MoleculeNet_HIV,True
O=C(Sc1sc(=S)sc1SC(=O)c1ccccc1)c1ccccc1,5.559338636311597,5505,5.293606797264742,hiv_14777,MoleculeNet_HIV,True
O=C(C(=C1SSC(=C(C(=O)c2ccccc2)c2ccccc2)S1)c1ccccc1)c1ccccc1,5.559338636311597,5506,5.2825057419605415,hiv_4953,MoleculeNet_HIV,True
O=C(O)c1ccccc1-c1c2cc(Br)c(=O)c(Br)c-2oc2c(Br)c(O)c(Br)cc12.[NaH],5.559159725052627,5507,5.26620846967517,hiv_28739,MoleculeNet_HIV,True
CCSc1nc(-c2ccc(OC)cc2)c(C#N)c(=O)n1C1OCC(OC(C)=O)C(OC(C)=O)C1OC(C)=O,5.559091640182487,5508,5.164351544129424,hiv_24401,MoleculeNet_HIV,True
O=C(O)c1cc(O)nc(O)c1N=Nc1ccc(C=Cc2ccc(N=Nc3c(C(=O)O)cc(O)nc3O)cc2S(=O)(=O)O)c(S(=O)(=O)O)c1.[NaH],5.559081182308738,5509,5.180430358777679,hiv_30948,MoleculeNet_HIV,True
[Se]=c1[nH]c2ccccc2o1,5.559074550716358,5510,5.325295192721279,hiv_2547,MoleculeNet_HIV,True
COc1ccc(N2C(=O)C3CC4=CC(=O)CC4C32)cc1,5.559002405868019,5511,5.150920869807839,hiv_40315,MoleculeNet_HIV,True
CC1C(=O)N2C(=O)C(C)C(C)C(=O)N2C(=O)C1C,5.559002405868019,5512,5.174941461043695,hiv_196,MoleculeNet_HIV,True
O=[N+]([O-])N1C2OC3OC2N([N+](=O)[O-])C2OC3OC21,5.559002405868019,5513,5.173893028922016,hiv_20110,MoleculeNet_HIV,True
BrC1CN2CC(Br)CN2C1,5.559002405868019,5514,5.176164700260213,hiv_4237,MoleculeNet_HIV,True
C1C2CC3C1C1CN3C21,5.559002405868019,5515,5.176164700260213,hiv_5330,MoleculeNet_HIV,True
Cc1noc(NS(=O)(=O)c2ccc(N=c3c4ccccc4n(-c4ccccc4)c4ccccc34)cc2)c1C,5.558970658891232,5516,5.190966074876634,hiv_10955,MoleculeNet_HIV,True
C[n+]1c2ccccc2n2c3ccccc3c(NCc3ccco3)c(C#N)c21.Cc1ccc(S(=O)(=O)[O-])cc1,5.5589163636611865,5517,5.2358283656340445,hiv_38701,MoleculeNet_HIV,True
O=C1CSC(c2ccc(Cl)cc2)N1N1C(=O)CSC1c1ccc(Cl)cc1,5.55890102106425,5518,5.116337223132713,hiv_9003,MoleculeNet_HIV,True
C(=NNC1=NCCN1)c1ccc(-c2cn3cc(C=NNC4=NCCN4)ccc3n2)cc1,5.558864026896096,5519,5.200591034384214,hiv_9350,MoleculeNet_HIV,True
C1CCNCC1.O=C1NC(=S)NC1=Cc1ccccc1O,5.558860638627494,5520,5.31490302772806,hiv_35394,MoleculeNet_HIV,True
S=c1[nH]nc2scnn12,5.558801265284714,5521,5.192022712508777,hiv_3701,MoleculeNet_HIV,True
CC1C(=O)OC1C(O)CO,5.558773289107905,5522,5.389229006058694,hiv_40811,MoleculeNet_HIV,True
OCC(O)C1O[Sb](O)(O)(O)OC1C(O)CO,5.558773289107905,5523,5.389203562935698,hiv_657,MoleculeNet_HIV,True
CC(=O)NC1C(=O)N(c2ccccc2)C1c1ccccc1,5.558743524783389,5524,5.277344953688263,hiv_15868,MoleculeNet_HIV,True
CC(=O)C1C(=O)C(=O)N(c2ccccc2)C1=O.[NaH],5.558743524783389,5525,5.27834849525933,hiv_24776,MoleculeNet_HIV,True
Nc1c(N=Nc2ccc(C=Cc3ccc(N=Nc4cc(S(=O)(=O)O)c5ccccc5c4N)cc3S(=O)(=O)O)c(S(=O)(=O)O)c2)cc(S(=O)(=O)O)c2ccccc12.[NaH],5.558564870132731,5526,5.22746002893574,hiv_16420,MoleculeNet_HIV,True
CCOC(=O)C1CSCCSC1,5.5585401819309,5527,5.185796519255524,hiv_22679,MoleculeNet_HIV,True
CC(=O)OC1CSCC(OC(C)=O)C1[N+](=O)[O-],5.558489033889908,5528,5.175825243018282,hiv_14766,MoleculeNet_HIV,True
OCC(O)C(O)c1cnn(-c2ccccc2)n1,5.558408128152323,5529,5.372039189114876,hiv_1838,MoleculeNet_HIV,True
COc1ccc(CN(CCN(C)C)c2ccccn2)cc1.Cn1c(=O)c2nc(Br)[nH]c2n(C)c1=O,5.5583722352921,5530,5.214338925847113,hiv_603,MoleculeNet_HIV,True
CN1C(CC(O)(c2ccccc2)c2ccccc2)CCCC1CC(O)(c1ccccc1)c1ccccc1,5.558362554939564,5531,5.399121475590746,hiv_5692,MoleculeNet_HIV,True
O=P(c1ccccc1)(c1ccccc1)C(NCc1ccccc1)c1ccc(F)cc1,5.558362191396323,5532,5.406680797302,hiv_32490,MoleculeNet_HIV,True
N.O=C(O)c1cc(C(=C(c2cc(Cl)c(O)c(C(=O)O)c2)c2cc(Cl)c(O)c(C(=O)O)c2)c2cc(Cl)c(O)c(C(=O)O)c2)cc(Cl)c1O,5.558342344039802,5533,5.15967349190597,hiv_26357,MoleculeNet_HIV,True
COC(=O)C1Cc2ccc(OC)c(c2)OCCC(=O)N1,5.558227119516689,5534,5.1566346107158,hiv_35224,MoleculeNet_HIV,True
O=C(Nc1c(O)nc(O)nc1NCC(O)C(O)C(O)CO)c1ccc(S(=O)(=O)F)cc1,5.5582241369681675,5535,5.361240754266163,hiv_37915,MoleculeNet_HIV,True
O=C(CC(=O)c1cccc([N+](=O)[O-])c1)C(=O)Nc1nc([N+](=O)[O-])cs1,5.558115201220971,5536,5.181698900237327,hiv_15101,MoleculeNet_HIV,True
N#Cc1cc2ccncc2c2ccccc12,5.558093894444594,5537,5.2045342907431715,hiv_14946,MoleculeNet_HIV,True
Cn1ccc(=NN=c2ccn(C)c3ccccc23)c2ccccc21,5.558063060556785,5538,5.199811429711824,hiv_7701,MoleculeNet_HIV,True
CC#CCCCC1(C)CCNC1=S,5.557724298053169,5539,5.18284550980595,hiv_26895,MoleculeNet_HIV,True
CCCCCC[N+]1(C)CC2C3C=CC(C3)C2C1,5.557649101579469,5540,5.1818987766270155,hiv_1113,MoleculeNet_HIV,True
CC1(C)CCCC2(C)C1CCC13CC(C)(CCC21)C3CO,5.557593118580293,5541,5.188457453060367,hiv_21030,MoleculeNet_HIV,True
COc1ccc2c(c1)C(O)(C(F)(F)F)c1cc(C(=O)C(F)(F)F)c3ccccc3c1N2,5.557481798008722,5542,5.253906608138839,hiv_21410,MoleculeNet_HIV,True
Cn1nc(-c2ccc(Cl)c(Cl)c2)[n+]([O-])c2c(=O)n(C)c(=O)nc1-2,5.557472229859276,5543,5.180482475781496,hiv_7027,MoleculeNet_HIV,True
O=C(O)c1c2ccccc2nc2nc(O)nc(O)c12,5.557455395103221,5544,5.246924300470966,hiv_3344,MoleculeNet_HIV,True
c1ccc2c(c1)nc1n2CC2(CS1)CSc1nc3ccccc3n1C2,5.557366951273545,5545,5.24302660230811,hiv_7100,MoleculeNet_HIV,True
Nc1ncccc1N1C(=O)c2ccccc2C1=O,5.557362418558966,5546,5.28946837338664,hiv_27852,MoleculeNet_HIV,True
O=C1C2CCC(C2)C12CC1(c3ccccc3)C(=O)c3ccccc3N1O2,5.557353529755271,5547,5.286309860719554,hiv_23348,MoleculeNet_HIV,True
O=c1ccn(CC2(CO)CCC2)c(=O)[nH]1,5.557349362904382,5548,5.2002682965155635,hiv_32303,MoleculeNet_HIV,True
CN1C(CC(O)c2ccccc2)CCCC1CC(O)(c1ccccc1)c1ccccc1.Cl,5.557342854617228,5549,5.399121475590746,hiv_28069,MoleculeNet_HIV,True
CN1C(CC(O)c2ccccc2)CCCC1CC(O)c1ccccc1,5.557342854617228,5550,5.399121475590746,hiv_27795,MoleculeNet_HIV,True
O=C(CSc1ccc([N+](=O)[O-])cc1[N+](=O)[O-])NCCNC(=O)CSc1ccc([N+](=O)[O-])cc1[N+](=O)[O-],5.557339862420892,5551,5.1859338697926995,hiv_18245,MoleculeNet_HIV,True
CN=c1ssc(=NC(=S)N(C)C)n1-c1ccccc1,5.557286488729459,5552,5.286817758910543,hiv_11163,MoleculeNet_HIV,True
COC1=C(C2=C(OC)C(=O)c3cc4c(c(O)c3C2=O)C(=O)OC(C)C4)C(=O)c2c(cc3c(c2O)C(=O)OC(C)C3)C1=O,5.557249577198736,5553,5.132828871504419,hiv_6860,MoleculeNet_HIV,True
O=C(Cc1ccccc1)NC(C(=O)c1ccccc1)c1ccccc1,5.55710427728387,5554,5.404067757784038,hiv_14945,MoleculeNet_HIV,True
N#Cc1ccc(CSC2=C(c3ccc(Cl)cc3)SC(=C3SC(SCc4ccc(C#N)cc4)=C(c4ccc(Cl)cc4)S3)S2)cc1,5.55697997928201,5555,5.144902377425028,hiv_27287,MoleculeNet_HIV,True
NC(=O)NN=C(CCC(=O)N(Cc1ccccc1)Cc1ccccc1)CC(=O)c1ccc(F)cc1,5.55691621055008,5556,5.22721563038807,hiv_15016,MoleculeNet_HIV,True
CCCCCCCCCCCCNC(=O)C(O)C(O)C(O)C(COS(=O)(=O)O)OS(=O)(=O)O,5.556773505765856,5557,5.335624269803737,hiv_725,MoleculeNet_HIV,True
CCN(CC)C1=CC(=O)n2cccc21,5.556726201730656,5558,5.237145292687427,hiv_3270,MoleculeNet_HIV,True
CCCCCCCCCCCc1noc2c1C(=O)C(O)CC2,5.556721331053448,5559,5.166055666186299,hiv_11128,MoleculeNet_HIV,True
Nc1nc(-c2ccccc2)cc(-c2ccc(F)cc2)c1-c1ccc(Cl)cc1,5.556721103192245,5560,5.284090339154648,hiv_35106,MoleculeNet_HIV,True
Nc1cccc2c1C1=NNC(=O)CC1C2,5.556667003709156,5561,5.181410817434869,hiv_12971,MoleculeNet_HIV,True
COc1cc(C2SCC(=O)N2c2ccc(-c3ccc(-n4c(-c5ccccc5)nc5ccccc5c4=O)cc3)cc2)cc(OC)c1OC,5.556526518270775,5562,5.205071153535903,hiv_31716,MoleculeNet_HIV,True
Cc1ccc(Cc2n[nH]c(=O)n2N=CCCC=Nn2c(Cc3ccc(C)cc3)n[nH]c2=O)cc1,5.5565247838858065,5563,5.13584112457921,hiv_34917,MoleculeNet_HIV,True
CS1(C)=NC(=O)C2=C(N=1)c1ccccc1S2(=O)=O,5.556493028446447,5564,5.293588854984985,hiv_10080,MoleculeNet_HIV,True
O=C(C(=O)N1CC2C=CC1CC2)c1c[nH]c2ccccc12,5.556264607897963,5565,5.247144743676186,hiv_13745,MoleculeNet_HIV,True
Cc1ccc(-c2cc(=S)n(-c3ccccc3)c3[nH]c(=S)n(-c4ccccc4)c(=N)c23)cc1,5.556174693759676,5566,5.284853232421887,hiv_23356,MoleculeNet_HIV,True
CC1OC(OCC2OC(Oc3ccc4c(=O)c(-c5ccc6c(c5)OCO6)coc4c3)C(O)C(O)C2O)C(O)C(O)C1O,5.5560443489220335,5567,5.202136918794373,hiv_4589,MoleculeNet_HIV,True
Cl.Cn1c2c3ccccc3nc-2cc2ccccc21,5.556038767865198,5568,5.2008490121095,hiv_21750,MoleculeNet_HIV,True
CC1(C)CC(=O)C2=C(C1)OC1=C(CC(C)(C)CC1=O)C2c1ccccc1Cl,5.556015453386787,5569,5.215128945593282,hiv_27441,MoleculeNet_HIV,True
C=CCCC(=O)CC(=O)OC,5.555995026409701,5570,5.160976437846197,hiv_16132,MoleculeNet_HIV,True
C=CC(=O)NCCSSCCNC(=O)C=C,5.555995026409701,5571,5.182232817634844,hiv_7984,MoleculeNet_HIV,True
C=CCCC(=O)CC(O)(C(F)(F)F)C(F)(F)F,5.555995026409701,5572,5.182232817634844,hiv_27411,MoleculeNet_HIV,True
O=C1Sc2ccccc2C(=O)N2CCSC12,5.555896106298642,5573,5.282794840491291,hiv_23990,MoleculeNet_HIV,True
C#CCCCCC#CC1CCCC1C1=CC(=O)c2ccccc21,5.555663565808878,5574,5.278174240322902,hiv_22309,MoleculeNet_HIV,True
O=c1c2ncn(C3CCCO3)c2n(-c2ccccc2)c(=S)n1-c1ccccc1,5.5555711554604414,5575,5.273085681675025,hiv_36695,MoleculeNet_HIV,True
O=C(N(O)c1ccccc1Cl)C(O)(c1ccccc1)c1ccccc1,5.555497108209577,5576,5.289300906965064,hiv_34506,MoleculeNet_HIV,True
O=C(c1ccccn1)c1nc(-c2ccc(Cl)c(Cl)c2)nc2ccc(Cl)cc12,5.555468782121937,5577,5.269239226257135,hiv_13143,MoleculeNet_HIV,True
CC(=O)OCC(=O)C1(O)CCC2C3CCC4=CC(=O)CC(SC(C)=O)C4(C)C3CCC21C,5.55519778165768,5578,5.185473543967706,hiv_1930,MoleculeNet_HIV,True
O=C1CN(CCN2CCOCC2)CC(=O)N2CCCCN12,5.555180772293073,5579,5.224249621413075,hiv_8249,MoleculeNet_HIV,True
CC1=NNC(=O)C1C1CC(c2c[nH]c3ccccc23)=NN=C1Cl,5.555106850442802,5580,5.250622978076551,hiv_37988,MoleculeNet_HIV,True
C=Cc1cc[n+](CCCCCC[n+]2ccc(C=C)cc2)cc1,5.554975326087365,5581,5.182232817634844,hiv_4148,MoleculeNet_HIV,True
CC(C)(C)OC(=O)NCCCCC(NC(=O)OCC1c2ccccc2-c2ccccc21)C(=O)N1CCCC1C(=O)NCC(N)=O,5.554882901702682,5582,5.532451053465981,hiv_31062,MoleculeNet_HIV,True
CC(=O)Oc1ccc2c(oc(=O)c3nc(C)oc32)c1C,5.554662980691232,5583,5.19669470761744,hiv_484,MoleculeNet_HIV,True
CC(=O)Oc1ccc2c(=O)c(C(C)=O)coc2c1,5.554631752280214,5584,5.201373380127995,hiv_11127,MoleculeNet_HIV,True
NN=C1CC(c2ccccc2)Oc2ccccc21,5.554627549353444,5585,5.30115976400367,hiv_28637,MoleculeNet_HIV,True
CN1Cc2c(N)cccc2C(c2ccccc2)C1.O=C(O)C=CC(=O)O,5.554495209595915,5586,5.2107137059520205,hiv_7223,MoleculeNet_HIV,True
COP1(=O)NCc2ncccc2O1,5.554413948802058,5587,5.180896730718403,hiv_40762,MoleculeNet_HIV,True
CCCCCCN(C(=O)Oc1ccccc1)C(C#N)c1ccccc1,5.554332159719786,5588,5.4080323257523455,hiv_34340,MoleculeNet_HIV,True
[N-]=[N+]=NC1(N=[N+]=[N-])C(=O)NN=C(c2ccccc2)C1=O,5.554329563257875,5589,5.3033107565800455,hiv_23850,MoleculeNet_HIV,True
CC(=O)NC(=O)NC1=NCCC(=O)N1CCc1c[nH]c2ccccc12,5.554259238438964,5590,5.2566047466706065,hiv_27501,MoleculeNet_HIV,True
O=c1c(SCc2ccc(Cl)cc2)c(N2CCCCC2)cnn1-c1ccccc1,5.554217515588911,5591,5.234619272674911,hiv_2348,MoleculeNet_HIV,True
CC1CCCN2C(=O)CN(c3ccccc3)CC(=O)N12,5.554163544956256,5592,5.275820786530249,hiv_8256,MoleculeNet_HIV,True
Cc1ccc(C=CC(=O)Oc2ccc(C=C3CCCC(=Cc4ccc(OC(=O)C=Cc5ccc(C)cc5)cc4)C3=O)cc2)cc1,5.554156912740048,5593,5.18080016794159,hiv_38503,MoleculeNet_HIV,True
Cc1nc(N)c(N2CCNCC2)c(O)n1,5.554097784699247,5594,5.214769771065904,hiv_31242,MoleculeNet_HIV,True
O=C(O)c1ccccc1C1c2ccc(Cl)cc2Oc2cc(Cl)ccc21,5.553982112437039,5595,5.209362956453533,hiv_12116,MoleculeNet_HIV,True
CCCC1C2C(=O)N(c3ccccc3)C(=O)C2ON1c1ccccc1,5.553941702788191,5596,5.283445984049287,hiv_3938,MoleculeNet_HIV,True
O=C1CC2(CCC3=C(O2)c2ccccc2NC(=O)C3)C(=O)c2ccccc2N1,5.553920629630403,5597,5.304671002341611,hiv_24571,MoleculeNet_HIV,True
O=c1n(N=S(=O)(c2ccccc2)c2ccccc2)c(=O)n2n1C1C=CC2CC1,5.553875418726803,5598,5.273085681675025,hiv_37735,MoleculeNet_HIV,True
COC(=O)C1Cc2c([nH]c3ccccc23)-c2[nH]c3ccccc3c2CC(NC(C)=O)C(=O)NCC(=O)NCC(=O)N1,5.553844838415552,5599,5.211330430375165,hiv_38127,MoleculeNet_HIV,True
COC(=O)C1Cc2c([nH]c3ccccc23)-c2[nH]c3ccccc3c2CC(NC(C)=O)C(=O)NCC(=O)N1,5.553844838415552,5600,5.211330430375165,hiv_38126,MoleculeNet_HIV,True
CN(C)CCSC(=Nc1ccccc1)N1C=COC=C1,5.553813604497967,5601,5.2816011916722285,hiv_24521,MoleculeNet_HIV,True
N=C(CSSCC(=N)NCCCCCSC12CC3CC(CC(C3)C1)C2)NCCCCCSC12CC3CC(CC(C3)C1)C2.O=S(=O)(O)O,5.553706192120736,5602,5.173391155455552,hiv_6127,MoleculeNet_HIV,True
COC(=O)C1COC(C(C)(C)C)N1C(=O)N1C=CC(=O)CC1C,5.553628110056405,5603,5.178189997889866,hiv_34873,MoleculeNet_HIV,True
Cn1c2ccccc2c(=O)c2c(O)cc3c(c21)CC(C1(C)CO1)O3,5.55353678221337,5604,5.135752455077501,hiv_9632,MoleculeNet_HIV,True
O=C1C(=Cc2ccc(OC(=O)c3ccccc3)cc2)CCCC1=Cc1ccc(OC(=O)c2ccccc2)cc1,5.553503889809995,5605,5.2825057419605415,hiv_38504,MoleculeNet_HIV,True
O=c1cc(-c2ccccc2)oc2cc(OCCSCCCCCCCCCCSCCOc3ccc4c(=O)cc(-c5ccccc5)oc4c3)ccc12,5.553462486785625,5606,5.331641807053577,hiv_22148,MoleculeNet_HIV,True
COc1cccc(OC)c1NC(=O)C(=O)Nn1c(NNC(=O)c2ccncc2)nc2ccccc2c1=O,5.553373547909211,5607,5.174887498533536,hiv_22073,MoleculeNet_HIV,True
N#CC(=Cc1ccccc1)C(=O)Nc1nnc(-c2ccccc2)o1,5.553297996469111,5608,5.220070904447601,hiv_34930,MoleculeNet_HIV,True
C=C(C)C1(O)CCCC1NC(=O)OC(C)(C)C,5.553297138222616,5609,5.217834171076869,hiv_39970,MoleculeNet_HIV,True
O=S1Nc2c(Cl)cc(Cl)c(Cl)c2S1,5.553188861155054,5610,5.191371677992127,hiv_17411,MoleculeNet_HIV,True
Nc1ccc2c(c1)Oc1c(F)c(F)cc3c(=O)c(C(=O)O)cn-2c13,5.553172748053596,5611,5.1591568534509005,hiv_21805,MoleculeNet_HIV,True
O=c1n(Cc2ccccc2)c(=O)n2c(=O)n(Cc3ccccc3)c(=O)n12,5.55309324469348,5612,5.230166603295463,hiv_37746,MoleculeNet_HIV,True
CC(=O)NCCc1c[nH]c2ccc(Cl)cc12,5.552788560436374,5613,5.193896579612648,hiv_31442,MoleculeNet_HIV,True
Cc1ccc2c(c1)NC(=O)C(N=[N+]=[N-])(c1ccccc1)C2=O,5.5527422929704215,5614,5.303479044227709,hiv_23068,MoleculeNet_HIV,True
O=C1OC(=O)C2C1C=C(c1ccccc1)C1C3C=CC(C4C(=O)OC(=O)C34)C21,5.552740700206144,5615,5.272506774330004,hiv_3940,MoleculeNet_HIV,True
[O-][n+]1onc2c1C(=NO)CCC2,5.552739028125203,5616,5.18260085145307,hiv_27231,MoleculeNet_HIV,True
C#CC1(O)CCCCCCCCC2(CCCCCCCC1)OCCO2,5.55265621838444,5617,5.190721460524105,hiv_28580,MoleculeNet_HIV,True
CC(C)(c1ccccc1)C(C)(C)c1nc(-c2ccccc2)cc(-c2ccccc2)n1,5.55251180121662,5618,5.287021558758583,hiv_16264,MoleculeNet_HIV,True
CC12CCCC3(CC(OC(=O)c4ccccc4)C(C)(C)C3C(O)C1)C2,5.552487702632543,5619,5.303169252198211,hiv_29986,MoleculeNet_HIV,True
C(=Nc1ccc(SSc2ccc(N=C=C(c3ccccc3)c3ccccc3)cc2)cc1)=C(c1ccccc1)c1ccccc1,5.552428692279023,5620,5.265293077086188,hiv_9880,MoleculeNet_HIV,True
Cc1[nH]nc(-c2ccon2)c1N=O,5.552424336096179,5621,5.18254086254615,hiv_7836,MoleculeNet_HIV,True
Cn1c(=N)[nH]c2c3ccc(O)nc3ccc21,5.552347071328009,5622,5.177929126687611,hiv_11313,MoleculeNet_HIV,True
O=[n+]1onc2c3nn(-c4ccccc4)nc3cc[c-]21,5.552345630197642,5623,5.282182255008841,hiv_27235,MoleculeNet_HIV,True
Cn1c(=O)c2c(c3cc(O)ccc31)OC(C(C)(C)O)C2,5.552301981608735,5624,5.1675044466940845,hiv_8541,MoleculeNet_HIV,True
CC(NC(C#N)CC12CC3CC(CC(C3)C1)C2)c1ccccc1,5.552301670073611,5625,5.416253345689646,hiv_29704,MoleculeNet_HIV,True
O=S(=O)(O)c1ccc(N=Nc2ccc(N=Nc3cccc4ccccc34)c(S(=O)(=O)O)c2)cc1,5.55226658686334,5626,5.228105636928309,hiv_383,MoleculeNet_HIV,True
CCN(CC)CC.O=C1c2ccccc2C(=O)C1(Cl)C1(S(=O)(=O)O)c2ccccc2-c2ccccc21,5.552263682474438,5627,5.305756578148737,hiv_13857,MoleculeNet_HIV,True
Cc1ccc(C2C(C(=O)C(C)(C)C)N2S(=O)(=O)c2ccc(C)cc2)cc1,5.5520367282657075,5628,5.208415368613876,hiv_35702,MoleculeNet_HIV,True
COc1ccc(C)cc1-c1ccc(-c2cc(C)ccc2OC)o1,5.552020374953135,5629,5.152424463639699,hiv_19197,MoleculeNet_HIV,True
O=C(NC(=O)c1c(F)cccc1F)Nc1ncc(Br)cc1Br,5.5519294979662845,5630,5.182225823411956,hiv_7519,MoleculeNet_HIV,True
O=C1NC2C(=CC(O)C(O)C2O)c2cc3c(cc21)OCO3,5.551927865280851,5631,5.190503551095265,hiv_8508,MoleculeNet_HIV,True
Cn1c(NC(=O)C(=O)NC23CC4CC(CC(C4)C2)C3)nc2ccccc21,5.551826269147424,5632,5.241848907639255,hiv_21211,MoleculeNet_HIV,True
Cn1c(NC(=O)NC23CC4CC(CC(C4)C2)C3)nc2ccccc21,5.551826269147424,5633,5.241848907639255,hiv_23056,MoleculeNet_HIV,True
O=C(N=C1C(=O)C2(CCCCC2)C2(N=C(c3ccccc3)OC2=O)C12CCCCC2)c1ccccc1,5.551825337643602,5634,5.296591035046669,hiv_10031,MoleculeNet_HIV,True
C1CSCC2COCC(CSCCS1)S2,5.551811871566113,5635,5.175330917710577,hiv_22780,MoleculeNet_HIV,True
CCc1c(Cc2cc(C)cc(C)c2)n(COCCSc2ccccc2)c(=O)[nH]c1=O,5.551811018794532,5636,5.213815862459095,hiv_40277,MoleculeNet_HIV,True
COc1cccc2c1cc([N+](=O)[O-])c1c(C(=O)O)cc3c(c12)OCO3,5.551760324751031,5637,5.168161029658739,hiv_512,MoleculeNet_HIV,True
Cc1cccc2c1Oc1ncccc1C2NC(=O)CN(C)C,5.551628712745285,5638,5.108819622866206,hiv_24444,MoleculeNet_HIV,True
[O-][N+]1=C(c2ccccc2)C(c2ccccc2)=N1,5.55162782260243,5639,5.281574353199074,hiv_36439,MoleculeNet_HIV,True
c1ccc(C2=C(c3ccccc3)N=NC(c3ccccc3)=C(c3ccccc3)N=N2)cc1,5.55162782260243,5640,5.2825057419605415,hiv_3286,MoleculeNet_HIV,True
CC(NC(=O)Cc1ccccc1)NC(=O)C(C)C(=O)NCc1ccccc1,5.551627682337724,5641,5.412600483154818,hiv_33797,MoleculeNet_HIV,True
C=C1CCC2(C)C(C)CCC(O)C2(CCC=C(C)C)C1Cc1c[nH]c2ccccc12,5.55161177949788,5642,5.196647391074454,hiv_14170,MoleculeNet_HIV,True
O=C1C(=NO)SC(=S)N1N1CCCCC1,5.551574030647503,5643,5.184246213269275,hiv_9538,MoleculeNet_HIV,True
CC(=O)OC1=C(C)S(=O)(=O)c2ccccc21,5.551520921111475,5644,5.293588854984985,hiv_3036,MoleculeNet_HIV,True
c1ccc2c(c1)CC1=C(O2)c2ccccc2OC1,5.551512882326041,5645,5.2896826533008765,hiv_34267,MoleculeNet_HIV,True
O=[N+]([O-])c1ccc(NCCSSCCNc2ccc([N+](=O)[O-])cc2[N+](=O)[O-])c([N+](=O)[O-])c1,5.551501315837272,5646,5.179072047088402,hiv_18188,MoleculeNet_HIV,True
O=C1CN(C(=O)C2CCCN2C(=O)C2CCCN2)C(=O)CN1,5.551479129150167,5647,5.235636162082044,hiv_29452,MoleculeNet_HIV,True
CC(=O)Oc1ccc2cc(Oc3ccc(Cl)c(Cl)c3)c(=O)oc2c1,5.551216397191758,5648,5.205062104002985,hiv_33273,MoleculeNet_HIV,True
Cc1nc(Nc2nc3ccccc3[nH]2)nc(Cl)c1CCCl,5.551151231059428,5649,5.293303165311565,hiv_33913,MoleculeNet_HIV,True
Cc1ccc2c(c1)C(=O)c1[nH]c3ccc(F)cc3c1CO2,5.551020554759503,5650,5.16736193991103,hiv_31807,MoleculeNet_HIV,True
O=C1CC2C(=O)N(Cc3ccccc3)C1C=C2S(=O)(=O)c1ccccc1,5.550997227272089,5651,5.235374017945442,hiv_13852,MoleculeNet_HIV,True
O=C1C2C(C(=O)N1OS(=O)(=O)c1ccccc1)N(Cc1ccccc1)C(=O)N2Cc1ccccc1,5.550997227272089,5652,5.23799760843487,hiv_15980,MoleculeNet_HIV,True
O=c1n(-c2ccccc2)c(=O)n2n1C1C3C4C5C1C5C2C43,5.550897307864779,5653,5.271878127252428,hiv_6770,MoleculeNet_HIV,True
O=C1OC2(c3ccccc3Oc3ccccc32)c2ccccc21,5.550866649224926,5654,5.307442937401627,hiv_14000,MoleculeNet_HIV,True
CN1C(=O)C(CCO)(C(C)(C)C)c2ccccc21,5.550837749432937,5655,5.297818508873914,hiv_38831,MoleculeNet_HIV,True
O=C(CC1=NC2NN(c3ccccc3)C(=O)C2=C1CC(=O)c1ccccc1)c1ccccc1,5.5505515786506905,5656,5.280443348502697,hiv_9604,MoleculeNet_HIV,True
OCc1c(-c2cccc3ccccc23)sc(-c2cccc3ccccc23)c1CO,5.550542759762005,5657,5.250250641331577,hiv_13511,MoleculeNet_HIV,True
Cc1nn(-c2ccccc2)c2nc(N3CCOCC3)nnc12,5.55047173572735,5658,5.23311875302955,hiv_14085,MoleculeNet_HIV,True
O=P1(Oc2ccccc2)NNP2(=NP(Cl)(Cl)=NP(Cl)(Cl)=N2)NN1,5.550470755092376,5659,5.3005021363339955,hiv_19698,MoleculeNet_HIV,True
c1ccc2[nH]c(C3=NCCS3)nc2c1,5.550470755092376,5660,5.2959536807746685,hiv_22822,MoleculeNet_HIV,True
c1ccc2[nH]c(-c3nc4ccccc4s3)nc2c1,5.550470755092376,5661,5.2959536807746685,hiv_22824,MoleculeNet_HIV,True
S=P1(Oc2ccccc2)NNP2(=NP(Cl)(Cl)=NP(Cl)(Cl)=N2)NN1,5.550470755092376,5662,5.3005021363339955,hiv_19697,MoleculeNet_HIV,True
O=C1NC(=O)C(=NO)C(=O)N1,5.550455314327139,5663,5.129878142528288,hiv_1863,MoleculeNet_HIV,True
COc1ccc(C(C)=C2CCCN(Cc3ccccc3)C2)cc1,5.550414427534331,5664,5.2290411542196065,hiv_39930,MoleculeNet_HIV,True
c1ccc(C2OC3(CCCC4CC43)OC2c2ccccc2)cc1,5.55029428807063,5665,5.289321101304176,hiv_14446,MoleculeNet_HIV,True
O=C(NC1=C(Cl)C(=O)c2ccccc2C1=O)C(=O)c1c(O)c2ccccc2oc1=O,5.550269651068888,5666,5.4404706226818424,hiv_22456,MoleculeNet_HIV,True
c1cc2c3ccsc3c3sccc3c2s1,5.550090993086754,5667,5.184521273356586,hiv_40585,MoleculeNet_HIV,True
CC(C)(c1ccc(Oc2ccc(C#N)c(C#N)c2)cc1)c1ccc(Oc2ccc(C#N)c(C#N)c2)cc1,5.550047226541661,5668,5.216473159879405,hiv_21117,MoleculeNet_HIV,True
Cn1cnc(=S)c2ccccc21,5.550045288143187,5669,5.198880040950357,hiv_3451,MoleculeNet_HIV,True
CC(C)Cn1cnc2c(NCC(C)O)nc3ccccc3c21,5.550003074846244,5670,5.414869336313166,hiv_31204,MoleculeNet_HIV,True
O=C(O)c1nc(-c2ccccc2)ncc1-c1nnnn1-c1ccccc1,5.549989753086485,5671,5.219730859225805,hiv_31393,MoleculeNet_HIV,True
O=C1NC(=O)N2CCSC2(Cc2ccccc2)N1,5.549901544065869,5672,5.255507876088531,hiv_3826,MoleculeNet_HIV,True
COc1ccc(C2Oc3cc(OC)ccc3C(=O)C2c2ccccc2)cc1,5.549845017598835,5673,5.2574242712384605,hiv_10339,MoleculeNet_HIV,True
NCC(=O)NC(CCCC(NC(=O)CN)P(=O)(O)O)P(=O)(O)O,5.54980090515588,5674,5.412793381855148,hiv_14044,MoleculeNet_HIV,True
O=C1C=C(N2CCCC2)c2ncccc2C1=O,5.549790130440947,5675,5.174160310679074,hiv_13670,MoleculeNet_HIV,True
O=C1c2ccccc2-c2cc3ccccc3c(=O)n21,5.549732990688256,5676,5.252490040097115,hiv_10075,MoleculeNet_HIV,True
Nc1nc(N)nc(-c2cccs2)n1,5.549729088139009,5677,5.18539363279623,hiv_39606,MoleculeNet_HIV,True
N#CC(NNC(=O)Cc1ccccc1)c1c(O)ccc2ccccc12,5.5497050221756385,5678,5.413205261476251,hiv_23699,MoleculeNet_HIV,True
COc1cc2c(cc1O)CN1Cc3c(ccc(OC)c3O)C2C1,5.549613888139778,5679,5.073850555678288,hiv_4756,MoleculeNet_HIV,True
CN1C(=O)C(=O)n2c(cc3ccccc32)C1=O,5.549592750858245,5680,5.237992568357058,hiv_584,MoleculeNet_HIV,True
COc1ccc(-c2ccccc2)c(NN=C2CCCNC2=O)c1,5.549494675365924,5681,5.284628528284655,hiv_13469,MoleculeNet_HIV,True
c1ccc(CNC23C4C5CC6C7C5C2C7C(NCc2ccccc2)(C64)N3Cc2ccccc2)cc1,5.5493942977595525,5682,5.249445293613856,hiv_32791,MoleculeNet_HIV,True
COc1ccc2c(c1)CCN=C2c1ccccc1CCCCl.Cl,5.549340354959272,5683,5.278430345935262,hiv_36385,MoleculeNet_HIV,True
[N-]=[N+]=NC1CC(n2cc(Cc3ccccc3)c(=O)[nH]c2=O)OC1CO,5.549070448724333,5684,5.242731684773114,hiv_11798,MoleculeNet_HIV,True
Cc1nonc1NC(=O)OCc1ccccc1,5.5489754952525026,5685,5.232443021327966,hiv_6567,MoleculeNet_HIV,True
O=C(Nc1cccc2ccccc12)N1CCCC(Br)C1,5.548895426395384,5686,5.241509027873902,hiv_4880,MoleculeNet_HIV,True
COC1=C(c2c[nH]c3ccc(CC=C(C)C)cc23)C(=O)C(OC)=C(c2c[nH]c3ccc(CC=C(C)C)cc23)C1=O,5.548889237715517,5687,5.1107325547721025,hiv_8824,MoleculeNet_HIV,True
O=C(NC1CCCCC1)C(=Cc1ccccc1)NC(=O)c1ccccc1,5.548836769878224,5688,5.268807440940234,hiv_25909,MoleculeNet_HIV,True
O=C1[OH+][Cu-4]234NC1CS[S+]2CC(N3)C(=O)[OH+]4,5.548813937153417,5689,5.194795169872109,hiv_5764,MoleculeNet_HIV,True
O=C(NC(=O)c1cn(CCNCCO)c(=O)[nH]c1=O)OCc1ccccc1,5.548807536293892,5690,5.229807737696883,hiv_11997,MoleculeNet_HIV,True
CCCCCCCCCCCCCCCC(O)C[N+](C)(C)CCO.[I-],5.548806503971044,5691,5.400581410714871,hiv_36828,MoleculeNet_HIV,True
CCC(O)CCCCCCCCCCCCCCC(=O)O,5.548806503971044,5692,5.3953249212780525,hiv_12231,MoleculeNet_HIV,True
N=c1[nH]c(=N)c2cnnn2[nH]1,5.54877826856505,5693,5.16789413065089,hiv_2081,MoleculeNet_HIV,True
Cc1ccc(S(=O)(=O)NC2C(=O)c3ccccc3C(=O)C2n2ccnc2)cc1,5.54850615862794,5694,5.269706134097063,hiv_36008,MoleculeNet_HIV,True
CC(=NNC(=[Se])N1CC2CCC(CC2)C1)c1ccccn1,5.548493518707868,5695,5.284804314604869,hiv_7886,MoleculeNet_HIV,True
CCC(=O)C(CCN1CCC(N2C(=O)C(CCC#N)c3ccccc32)CC1)(c1ccccc1)c1ccccc1,5.548457865397838,5696,5.262234808709335,hiv_27963,MoleculeNet_HIV,True
O=C1CC23CCC4(CC2CCCC3O1)OCCO4,5.54839485059498,5697,5.18169802936735,hiv_28517,MoleculeNet_HIV,True
O=C1CC2CCCC(=O)C23CCCC13,5.54839485059498,5698,5.182363343385567,hiv_20258,MoleculeNet_HIV,True
O=C1C(=NN(C(=O)c2ccccc2)c2ccccc2)c2cccc3cccc1c23,5.548287349504382,5699,5.212115587973266,hiv_14871,MoleculeNet_HIV,True
CC(=O)Oc1ccc2c3c4nc5ccccc5nc4cc(OC(C)=O)c3n(C)c2c1,5.548245131148161,5700,5.252249280233942,hiv_7010,MoleculeNet_HIV,True
CC12CCC3c4ccc(OS(=O)(=O)O)cc4CCC3C1CCC2O.[NaH],5.548196921829157,5701,5.122080275674433,hiv_14286,MoleculeNet_HIV,True
COc1ccc(C(=O)C=Cc2ccc(OCCCOc3ccc(C=CC(=O)c4ccc(OC)cc4)cc3)cc2)cc1,5.548180738654292,5702,5.160976437846197,hiv_25057,MoleculeNet_HIV,True
Cc1csc2nc(=N[N+](=O)[O-])sn12,5.548162840848964,5703,5.186912868403072,hiv_10065,MoleculeNet_HIV,True
O=C(Nc1c(Cl)cc([N+](=O)[O-])cc1Cl)C(=O)C(C(=O)c1ccncc1)C1OC(=O)c2ccccc21,5.548116265580269,5704,5.366297797075832,hiv_20920,MoleculeNet_HIV,True
Cl.N=C(Nc1c([N+](=O)[O-])cnc2ccccc12)N1CCOCC1,5.548103727288219,5705,5.250589042937623,hiv_15296,MoleculeNet_HIV,True
CN(C)CCNc1ccc(NCCN(C)C)c2c1C(=O)c1ncsc1C2=O,5.548095239868592,5706,5.168569721081771,hiv_36158,MoleculeNet_HIV,True
COCC[N+](CCNC(=O)c1cccc2c(N)c3cccc(C)c3nc12)(CCOC)Cc1ccc([N+](=O)[O-])cc1.Cl.[Cl-],5.548018812843565,5707,5.101363701162432,hiv_39117,MoleculeNet_HIV,True
O=C1NCCCC12CCCNC2=O,5.547983599492518,5708,5.215868344118013,hiv_22724,MoleculeNet_HIV,True
CCc1ccc(Cc2ccc(CC)c(NC(=O)C(=O)Cc3nc4ccccc4nc3C)c2CC)c(CC)c1NC(=O)C(=O)Cc1nc2ccccc2nc1C,5.547982947697007,5709,5.2814708889657425,hiv_21178,MoleculeNet_HIV,True
[O-][n+]1onc(-c2ccccc2)c1CN1CCOCC1,5.547898046751907,5710,5.265496490534285,hiv_36928,MoleculeNet_HIV,True
Cc1ccc(C=NNc2nncc3ccccc23)s1,5.547797790911503,5711,5.19632778793298,hiv_35271,MoleculeNet_HIV,True
Br.CN(C)CCNc1nc(-c2ccc3ccccc3c2)nc2[nH]cnc12,5.547781693957631,5712,5.295252930334395,hiv_35112,MoleculeNet_HIV,True
CCCCCCCCCC1CC(O)C(Cc2ccccc2)N1C(=O)OC(C)(C)C,5.547736032467708,5713,5.253652720105597,hiv_24190,MoleculeNet_HIV,True
CON(C)C(=O)CCCO,5.547715430999306,5714,5.160976437846197,hiv_20292,MoleculeNet_HIV,True
Oc1on[n+]2c1CSC2,5.547658784761722,5715,5.18260085145307,hiv_971,MoleculeNet_HIV,True
CCC1C(=O)OC2OC(c3ccccc3)(c3ccccc3)NC21,5.5475779781910335,5716,5.306005053043183,hiv_4254,MoleculeNet_HIV,True
CCCNC(=S)NN1C2CSC1CS2,5.547558211955901,5717,5.18717790922597,hiv_6946,MoleculeNet_HIV,True
c1ccc(C2=NOC3C4CCC(C4)C23)cc1,5.547532530337943,5718,5.275235808218048,hiv_18525,MoleculeNet_HIV,True
O=C1Oc2ccccc2C(=O)C1=C1C=C(c2ccccc2)SS1,5.547446835772575,5719,5.277289174722227,hiv_7346,MoleculeNet_HIV,True
CCCCCCCCCCCCCCCCCC(=O)OCC(O)CO,5.547434100145195,5720,5.400581410714871,hiv_204,MoleculeNet_HIV,True
BrC1(c2ccccc2)C[n+]2c(-c3ccccc3)cc(-c3ccccc3)cc2-c2ccccc21.[Br-],5.547299774271824,5721,5.291865480504579,hiv_33150,MoleculeNet_HIV,True
CCOC(=O)Cc1nnc2n(-c3ccccc3)c(=O)c3ccccc3n12,5.547229530322379,5722,5.146759601281404,hiv_28354,MoleculeNet_HIV,True
N=C1N(S(=O)(=O)c2ccccc2)C(Cc2ccccc2)C(c2ccccc2)C1(c1ccccc1)c1ccccc1,5.547220347979396,5723,5.259400569442545,hiv_34181,MoleculeNet_HIV,True
C=CCN1c2ccccc2Sc2cnccc21.O=C(O)C=CC(=O)O,5.547203930879068,5724,5.240495896348862,hiv_5646,MoleculeNet_HIV,True
CCCC[Sn](CCCC)(OC(=O)CN)OC(=O)CN,5.547105571588715,5725,5.193321279327863,hiv_15738,MoleculeNet_HIV,True
N=c1c2c3n(c4c(=O)n(-c5ccccc5)c(=S)n(c(=O)n1-c1ccccc1)c24)CCCCC3,5.547084848330358,5726,5.322001998526327,hiv_39617,MoleculeNet_HIV,True
COc1ccccc1C1C(C#N)C(=O)NC(=O)C1C#N,5.547031479302801,5727,5.216266444765312,hiv_7892,MoleculeNet_HIV,True
Cc1cc2c(oc(=O)c3cc(C)sc32)s1,5.547019678506032,5728,5.187116668251111,hiv_9397,MoleculeNet_HIV,True
CCn1c2ccccc2c2cc(N=C3C(=O)N(C)c4ccccc43)ccc21,5.547014234077061,5729,5.131354446311981,hiv_4140,MoleculeNet_HIV,True
COC(=O)C(Cc1ccccc1)NC(=O)N1CCCN(C(=O)NC(Cc2ccccc2)C(=O)OC)CCCN(C(=O)NC(Cc2ccccc2)C(=O)OC)CCC1,5.54697438281188,5730,5.400069905931865,hiv_38887,MoleculeNet_HIV,True
O=C(CC(C(=O)c1ccco1)c1ccsc1)c1ccco1,5.5469476934411315,5731,5.382038597290871,hiv_40569,MoleculeNet_HIV,True
Cc1c(NC(=O)CSC(=S)N(C)C)c(=O)n(-c2ccccc2)n1C,5.546827733855016,5732,5.289340849673968,hiv_35703,MoleculeNet_HIV,True
CCN(CC)CCOC(=O)C(Cc1cccc2ccccc12)CC1CCCO1.O=C(O)C(=O)O,5.54680276732679,5733,5.40028248075287,hiv_6524,MoleculeNet_HIV,True
OCC(O)C(O)C(O)C(O)C1SCCCS1,5.546785472154273,5734,5.3321600130693625,hiv_40140,MoleculeNet_HIV,True
CSC(SC)(C(=O)O)c1cc(-c2c(Cl)cccc2Cl)no1,5.5467752843307245,5735,5.181401973578365,hiv_10347,MoleculeNet_HIV,True
Cc1noc(NS(=O)(=O)c2ccc(N=c3c4ccccc4n(Cc4ccccc4)c4ccccc34)cc2)c1C,5.546678006884403,5736,5.170657550304911,hiv_10959,MoleculeNet_HIV,True
C[N+](C)(C)C(CSSCC(C(O)=[OH+])[N+](C)(C)C)C(=O)[O-],5.546560026950228,5737,5.39474210761339,hiv_33676,MoleculeNet_HIV,True
Nc1nc(O)c2ncn(C3COC(CO)O3)c2n1,5.546481510295237,5738,5.1752364114164084,hiv_24689,MoleculeNet_HIV,True
Cc1cc(N(C)c2ccccc2)nc(N(C)c2ccccc2)n1,5.546422002523785,5739,5.286137776783996,hiv_27380,MoleculeNet_HIV,True
Cc1ccn2c(=O)cc(CN3CCOCC3)nc2c1,5.546373302639116,5740,5.179831705797446,hiv_36666,MoleculeNet_HIV,True
COC(=O)c1cc(OS(=O)(=O)C(F)(F)F)c(=O)n2c1CCCC2,5.546341966261158,5741,5.169236136287665,hiv_39823,MoleculeNet_HIV,True
N#C[IH2]1OC(C(F)(F)F)(C(F)(F)F)c2ccccc21,5.54633737824344,5742,5.29777856616501,hiv_36688,MoleculeNet_HIV,True
Clc1ccc(N=Nc2nc3ccccc3nc2N=Nc2ccc(Cl)cc2Cl)c(Cl)c1,5.5462843988766135,5743,5.291866415563573,hiv_18421,MoleculeNet_HIV,True
CCCCCCCCCCCCCCCCCCNC(=S)NC=C(C(N)=O)C(N)=O,5.546113152099299,5744,5.193321279327863,hiv_25887,MoleculeNet_HIV,True
N#CCC(=O)NN=C1C(=O)N(c2ccc(Cl)cc2)C(=O)C(=O)C1c1nc2ccccc2s1,5.546081258643543,5745,5.276410340696971,hiv_11418,MoleculeNet_HIV,True
O=C(C=Cc1c(O)ccc2ccccc12)c1ccc2ccccc2c1,5.546054045531172,5746,5.167239020743425,hiv_17407,MoleculeNet_HIV,True
ON=C1CCC2CC3(Cc4ccccc4)CC1C2(N1CCOCC1)CC3=NO,5.54592540844474,5747,5.252002237296688,hiv_28603,MoleculeNet_HIV,True
O=C(C=C(N=P(c1ccccc1)(c1ccccc1)c1ccccc1)C(F)(F)C(F)(F)C(F)(F)C(F)(F)C(F)(F)C(F)(F)C(F)(F)F)c1ccccc1,5.5458975357989555,5748,5.2825057419605415,hiv_28893,MoleculeNet_HIV,True
ON=C1CCCCC1=CC=Cc1ccccc1,5.545802064732626,5749,5.2825057419605415,hiv_5140,MoleculeNet_HIV,True
CC(=CCCC1=CC(=O)OC1)CCC1C2C(=O)CC(C)C3(C)CCC1(C)C23C,5.5457997018322365,5750,5.277315181085285,hiv_26615,MoleculeNet_HIV,True
O=C(O)c1ccccc1SCc1cccc2c(=O)c3ccc(Cl)cc3oc12,5.545724929799496,5751,5.2602884461693185,hiv_37506,MoleculeNet_HIV,True
COc1ccc2c(c1)nc1n2C(=N)Nc2ccccc2S1,5.545603583882051,5752,5.265267724897402,hiv_30515,MoleculeNet_HIV,True
C=C1CC(COc2cc(Cl)nc(N)n2)C1,5.545524133082507,5753,5.1728904705214385,hiv_32280,MoleculeNet_HIV,True
Cn1c2c(c3ccccc31)CC(=O)N1CCCCC1C21OCCO1,5.545463234756728,5754,5.19999498234734,hiv_38954,MoleculeNet_HIV,True
CCOC(=O)C1(C(=O)OCC)CC=C(C)CC12C(=O)Nc1ccccc12,5.545437237490257,5755,5.239302666797121,hiv_19690,MoleculeNet_HIV,True
FC(F)(F)c1cc(Cl)c2ccc3ccccc3c2n1,5.545405667767895,5756,5.272708134428885,hiv_4647,MoleculeNet_HIV,True
O=C1C2=C(C(=O)c3c(O)ccc(O)c31)C(O)C(O)C(O)C2,5.545239602072279,5757,5.203317840950318,hiv_7880,MoleculeNet_HIV,True
CCc1nnc(CC)n1N1C(=O)CCC1=O,5.545236085100542,5758,5.129538312626225,hiv_36493,MoleculeNet_HIV,True
CCC(=O)OCNC(=O)NNC(=O)CCCC(=O)NNC(=O)NCOC(=O)CC,5.54522787495863,5759,5.194249568171668,hiv_3950,MoleculeNet_HIV,True
Clc1ccc2c(Cl)ncnc2c1I,5.545204324399659,5760,5.196399358094026,hiv_22932,MoleculeNet_HIV,True
O=P1(c2ccccc2)C(c2ccccc2)=CC=C1c1ccccc1,5.545181805595477,5761,5.2825057419605415,hiv_33362,MoleculeNet_HIV,True
O=Nn1ccccc1=Nc1ccccc1,5.545179653571732,5762,5.284377106907854,hiv_32995,MoleculeNet_HIV,True
Cl.OCC1OC(n2cnc(C3=NCC(O)CN3)n2)C(O)C1O,5.54504596524254,5763,5.185940866974179,hiv_13152,MoleculeNet_HIV,True
CN(C)c1ccc2nc3c(C(=O)O)cc(O)c(O)c3[o+]c2c1,5.54500174642103,5764,5.162402377119666,hiv_3876,MoleculeNet_HIV,True
O=C1c2cccc3cccc(c23)C(=O)N1CC1CCCO1,5.544947491790788,5765,5.176558656581193,hiv_6253,MoleculeNet_HIV,True
CS[c-]1c(C)[n+]([O-])c2cc(Cl)c(Cl)cc2[n+]1=O,5.544935516572056,5766,5.184812533171036,hiv_36160,MoleculeNet_HIV,True
CC(CCc1ccccc1)NCC(O)n1c(N=NN(C)C)nc2c1c(=O)n(C)c(=O)n2C,5.544923033626732,5767,5.410396048602381,hiv_35100,MoleculeNet_HIV,True
CC(C)=C1C(=O)N(c2ccccc2)N(c2ccccc2)C1=O,5.544921187026422,5768,5.286817758910543,hiv_2440,MoleculeNet_HIV,True
c1ccc(P2c3ccccc3Oc3ccccc32)cc1,5.54483956414624,5769,5.2825057419605415,hiv_28475,MoleculeNet_HIV,True
CC(=O)OC12CCCCC1C1(CCCC1)NC2=O,5.544799779923951,5770,5.192993049175713,hiv_13538,MoleculeNet_HIV,True
OC(c1ccccc1)(c1cccnc1)C(O)(c1ccccc1)c1cccnc1,5.544765617759591,5771,5.2825057419605415,hiv_33863,MoleculeNet_HIV,True
CC(NC(=O)C(N)CCC(=O)O)C(=O)NCP(=O)(O)O,5.544742024909182,5772,5.407510134593576,hiv_30152,MoleculeNet_HIV,True
CCCCCCCCOCC(O)CO,5.544711211706558,5773,5.400581410714871,hiv_12250,MoleculeNet_HIV,True
CCCCCCCCCCCCCCCCCCOCC(O)CO,5.544711211706558,5774,5.400581410714871,hiv_7154,MoleculeNet_HIV,True
Nc1ncnc2c1ncn2C1CCCCC(O)C1,5.544663370609654,5775,5.177037059699857,hiv_20882,MoleculeNet_HIV,True
O=C1OCc2c1cc1cc3c(cc1c2-c1ccc2c(c1)OCO2)OCO3,5.544604594685598,5776,5.23771491263385,hiv_7724,MoleculeNet_HIV,True
N#CCCN(c1ccc(C=Nc2ccc(C(=O)O)cc2)cc1)S(=O)(=O)c1ccccc1,5.544578042033739,5777,5.256320889156173,hiv_21780,MoleculeNet_HIV,True
OCC12COC(c3ccccc3)N1C(c1ccccc1)OC2,5.544564954129935,5778,5.289574958804288,hiv_27623,MoleculeNet_HIV,True
O=S(Cc1ccccc1)C(=Cn1c(=S)[nH]c2ccccc21)c1ccccc1,5.544528451604118,5779,5.251002848646488,hiv_26291,MoleculeNet_HIV,True
O=C1O[Cu-3]2(Oc3c1cc1ccccc1c3Br)Oc1ccc([N+](=O)[O-])c3ccc[n+]2c13,5.544491459199346,5780,5.251656257547478,hiv_3382,MoleculeNet_HIV,True
COc1nc2[nH]c(C)cc(=O)c2c2ccccc12,5.544404049666409,5781,5.242570958624412,hiv_10012,MoleculeNet_HIV,True
Cc1c(-c2ccccc2)sc(N)c1C#N,5.544398714770691,5782,5.287313228231002,hiv_6340,MoleculeNet_HIV,True
COC(=O)c1ccc2n1C1CC3CC(CC2C3)C1,5.544359110101254,5783,5.151924411378906,hiv_30334,MoleculeNet_HIV,True
CC(=O)C1(O)CC2(c3ccccc3)C(=O)C1(c1ccccc1)C(c1ccccc1)=C2c1ccccc1,5.544253970954715,5784,5.248871743141107,hiv_13399,MoleculeNet_HIV,True
Cc1c(O)c2ccccc2n(C)c1=O,5.5442527247922,5785,5.186694000635536,hiv_6146,MoleculeNet_HIV,True
O=c1cc(N2CCOCC2)n2c(ccc3ccccc32)n1,5.544218336898915,5786,5.229084066103274,hiv_34819,MoleculeNet_HIV,True
O=C(c1ccccc1)C1CC(Sc2ccccc2)c2cc(Cl)ccc2N1,5.544188320099935,5787,5.219099989187938,hiv_19765,MoleculeNet_HIV,True
CC(Oc1ccc(OCC2CCCCC2)cc1)C(=O)N(CCO)CCO,5.544139061417968,5788,5.3956014473533465,hiv_24375,MoleculeNet_HIV,True
CC(Oc1ccc(OCC2CCCCC2)cc1)C(=O)NCc1ccco1,5.544139061417968,5789,5.3956014473533465,hiv_24378,MoleculeNet_HIV,True
Cc1noc2nccnc12,5.544109598767628,5790,5.186079085853435,hiv_5336,MoleculeNet_HIV,True
CC1(C)CC(=O)C(CC2C(=O)CCCC2=O)C(=O)C1,5.544095046240829,5791,5.185473543967706,hiv_21436,MoleculeNet_HIV,True
N=c1[nH]ncs1,5.544087264260086,5792,5.192022712508777,hiv_250,MoleculeNet_HIV,True
N1=C2NONC2=NC2N=C3NONC3=NC12,5.544087264260086,5793,5.188119897434052,hiv_38664,MoleculeNet_HIV,True
COc1ccc(C=c2sc3n(c2=O)C(c2ccccc2)C2(O)CCCCC2N=3)cc1,5.544028345458959,5794,5.281953359291448,hiv_30524,MoleculeNet_HIV,True
[O-][Cl+3]([O-])([O-])O.c1ccc2c(c1)[nH]c1c3ccccc3[s+]cc21,5.544024738085423,5795,5.22757949548789,hiv_5262,MoleculeNet_HIV,True
O=c1[nH]oc2ccccc12,5.544024738085423,5796,5.257398586511339,hiv_35167,MoleculeNet_HIV,True
N#CC(=Cc1cc(O)c(O)c(O)c1)C(=O)NCCCCCNC(=O)C(C#N)=Cc1cc(O)c(O)c(O)c1,5.543997948890368,5797,5.16768362252067,hiv_32776,MoleculeNet_HIV,True
N#CC(=Cc1cc(O)c(O)c(Br)c1)C(=O)NCCCNC(=O)C(C#N)=Cc1cc(O)c(O)c(Br)c1,5.543997948890368,5798,5.16768362252067,hiv_32362,MoleculeNet_HIV,True
S=C(Nc1c2c(nc3ccccc13)CCCC2)Nc1c2c(nc3ccccc13)CCCC2,5.543960845977401,5799,5.248740051126624,hiv_35355,MoleculeNet_HIV,True
CC(=O)OC12C=CC(=O)N1c1ccccc1C(=O)O2,5.543881248174737,5800,5.325049535336315,hiv_13757,MoleculeNet_HIV,True
O=C1Oc2ccccc2C(=O)C1=C1SSC(c2ccccc2)=C1c1ccccc1,5.543864797332547,5801,5.277289174722227,hiv_7348,MoleculeNet_HIV,True
CC(=O)OCC1OC(n2ccc(=O)[nH]c2=O)C(OC(C)=O)C(OC(C)=O)C1OC(C)=O,5.5438536957811095,5802,5.180497949351413,hiv_22896,MoleculeNet_HIV,True
COC(=O)c1cc2cnc1CSCc1cnc(c(C(=O)OC)c1)CSC2,5.543838588149752,5803,5.190300369546177,hiv_10517,MoleculeNet_HIV,True
O=P1(O)c2ccccc2Oc2ccccc21,5.543819863823903,5804,5.28776223139736,hiv_3269,MoleculeNet_HIV,True
NC(Cc1ccc(S(=O)(=O)O)cc1)C(=O)NC(Cc1ccc(S(=O)(=O)O)cc1)C(=O)NC(Cc1ccc(S(=O)(=O)O)cc1)C(=O)O.[NaH],5.543780638738544,5805,5.403939776818914,hiv_34900,MoleculeNet_HIV,True
NC(Cc1ccc(S(=O)(=O)O)cc1)C(=O)NC(CCCCNC(=O)NCCCCC(NC(=O)C(N)Cc1ccc(S(=O)(=O)O)cc1)C(=O)NC(Cc1ccc(S(=O)(=O)O)cc1)C(=O)O)C(=O)NC(Cc1ccc(S(=O)(=O)O)cc1)C(=O)O.[NaH],5.543780638738544,5806,5.403939776818914,hiv_34912,MoleculeNet_HIV,True
NC(Cc1ccc(S(=O)(=O)O)cc1)C(=O)NC(Cc1ccc(S(=O)(=O)O)cc1)C(=O)NC(Cc1ccc(S(=O)(=O)O)cc1)C(=O)NC(Cc1ccc(S(=O)(=O)O)cc1)C(=O)O.[NaH],5.543780638738544,5807,5.403939776818914,hiv_34901,MoleculeNet_HIV,True
c1ccc(SC2CCCO2)cc1,5.543780115960917,5808,5.275235808218048,hiv_12079,MoleculeNet_HIV,True
Cc1cc[n+]2c(c1)-c1cc(C)cc[n+]1CC2.[Br-],5.543657061482686,5809,5.187116668251111,hiv_10812,MoleculeNet_HIV,True
N#CC1(C2SCCS2=O)C2=C(C(=O)c3ccccc3C2=O)N2CCCC21,5.543623796541547,5810,5.440723744888189,hiv_13732,MoleculeNet_HIV,True
C=Cc1cc[n+](Cc2ccc(C[n+]3ccc(C=C)cc3)cc2)cc1,5.5435985502546785,5811,5.123803406983311,hiv_4146,MoleculeNet_HIV,True
CC(C)(C#N)C(C)(C)SSC(C)(C)C(C)(C)C#N,5.543531518305727,5812,5.218071679144372,hiv_32932,MoleculeNet_HIV,True
CC(C)(C)OC(=O)NNC(=O)C1Cc2ccccc2OC1=O,5.543368297741523,5813,5.280986622962572,hiv_29103,MoleculeNet_HIV,True
CN1Cc2ccccc2C2C(c3ccccc3)=NN(c3ccccc3)C21,5.54323037420734,5814,5.205858580461191,hiv_10008,MoleculeNet_HIV,True
O=S1c2ccccc2SCSc2ccccc21,5.543229602624328,5815,5.29619073796955,hiv_38409,MoleculeNet_HIV,True
c1ccc(SC(Sc2ccccc2)=C2CCC2)cc1,5.543212445782014,5816,5.291701156872819,hiv_12073,MoleculeNet_HIV,True
C=C1c2nc3ccccc3n2C=C(c2ccccc2)N1c1ccc(C)cc1,5.54296056896538,5817,5.239612396062223,hiv_36543,MoleculeNet_HIV,True
Cc1ccccc1NC(=O)C(=O)CC(=O)C1CCOC1=O,5.54288975038792,5818,5.283996454557986,hiv_11398,MoleculeNet_HIV,True
c1ccc(-c2nc3sc(-c4ccccn4)nc3s2)nc1,5.542769423584546,5819,5.269822172247144,hiv_1175,MoleculeNet_HIV,True
CC1Cc2c(nc3n(c2=O)CCCCC3)O1,5.542726495669595,5820,5.175915896022778,hiv_4540,MoleculeNet_HIV,True
FC(F)(F)c1ccc2c3c(c4c(c2n1)OCN(Cc1ccc(Cl)cc1Cl)C4)CN(Cc1ccc(Cl)cc1Cl)CO3,5.542705864741303,5821,5.198270723041339,hiv_7020,MoleculeNet_HIV,True
O=[N+]([O-])c1ccc(N=Nc2c(O)c(N=Nc3cc([N+](=O)[O-])cc([N+](=O)[O-])c3O)cc(N=Nc3cc(S(=O)(=O)O)cc4cc(S(=O)(=O)O)cc(O)c34)c2O)cc1,5.542630071048753,5822,5.164230069601408,hiv_1575,MoleculeNet_HIV,True
Cc1cc2c(O)c(c1)CN(CC(=O)O)Cc1cc(C)cc(c1O)CN(CC(=O)O)Cc1cc(C)cc(c1O)CN(CC(=O)O)C2,5.542613329917764,5823,5.160245361147782,hiv_40627,MoleculeNet_HIV,True
COc1cc(C=CC(=O)CC(=O)C=Cc2ccc(O)c(OC)c2)ccc1O.COc1cc(C=CC(=O)CC(=O)C=Cc2ccc(O)cc2)ccc1O.O=C(C=Cc1ccc(O)cc1)CC(=O)C=Cc1ccc(O)cc1,5.542440474432746,5824,5.162014020243873,hiv_30350,MoleculeNet_HIV,True
FC(F)(Sc1nc2ccccc2[nH]1)c1nc2ccccc2o1,5.542371347121526,5825,5.2959536807746685,hiv_37807,MoleculeNet_HIV,True
COC(=O)c1ccccc1NC(=O)C(=O)CC(=O)CC(c1ccccc1)c1c(O)c2ccccc2oc1=O,5.542361678896444,5826,5.387718415008513,hiv_21428,MoleculeNet_HIV,True
O=C(Nc1nc(O)c2c(ncn2CCOC(=O)c2ccccc2)n1)c1ccccc1,5.542345281576597,5827,5.277654839830291,hiv_17678,MoleculeNet_HIV,True
COc1ccc2c(c1)CCCN1Cc3cc(OC)c(OC)cc3CC21,5.542333403643872,5828,5.105886779568815,hiv_31398,MoleculeNet_HIV,True
Clc1nc(Cl)nc(N2CCCc3ccccc32)n1,5.542189606549617,5829,5.293048683326444,hiv_7713,MoleculeNet_HIV,True
O=C(NC1CCN(Cc2ccccc2)CC1)c1ccccc1I,5.542159539153037,5830,5.228220437918819,hiv_28896,MoleculeNet_HIV,True
O=S(=O)(OC1CC12CCCCC2c1ccccc1)c1ccccc1,5.541992785205136,5831,5.286337192211516,hiv_9801,MoleculeNet_HIV,True
O=c1cc(O)nc2nc(-c3ccccc3)c(-c3ccccc3)nn12,5.541937493788278,5832,5.260481771160304,hiv_9396,MoleculeNet_HIV,True
O=C(C[PH](c1ccccc1)(c1ccccc1)c1ccccc1)c1ccc([N+](=O)[O-])cc1,5.541887244711079,5833,5.282137708142316,hiv_3930,MoleculeNet_HIV,True
O=C(O)CCCc1ccc2c(c1)CC1(C2)Cc2cc3c(cc2C1)CCCC3,5.541808245410376,5834,5.143364934428848,hiv_30166,MoleculeNet_HIV,True
O=C(NC(=S)Nc1ncc([N+](=O)[O-])s1)c1ccccc1C(=O)NC(=S)Nc1ncc([N+](=O)[O-])s1,5.541664685905608,5835,5.288229812812332,hiv_24905,MoleculeNet_HIV,True
O=C1C(=Cc2ccccc2)CCCC1=Cc1ccc(O)c(CN2CCCCC2)c1,5.541619292329597,5836,5.314877789703086,hiv_36426,MoleculeNet_HIV,True
O=C(NNS(=O)(=O)c1ccccc1)c1csc(NC(=S)NC2CCCCC2)n1,5.541540047862969,5837,5.260203286828445,hiv_34277,MoleculeNet_HIV,True
CC(=O)N(C)SCC(NC(=O)C(Cc1ccccc1)NC(=O)OCc1ccccc1)C(=O)NC(Cc1ccccc1)C(=O)NC(Cc1c[nH]c2ccccc12)C(=O)NC(CCCCNC(=O)OCc1ccccc1)C(=O)NC(C(=O)NC(CSN(C)C(C)=O)C(=O)NC(C(N)=O)C(C)OCc1ccccc1)C(C)OCc1ccccc1,5.541538325498469,5838,5.430055099151479,hiv_31088,MoleculeNet_HIV,True
N#CC1=C2Sc3ccccc3N2C(c2ccccc2)C2COC(=O)C12,5.541486169977778,5839,5.274647796433007,hiv_38163,MoleculeNet_HIV,True
O=C1C2=C(CCCCC2)C2CCCCC12O,5.541350403004137,5840,5.182363343385567,hiv_24072,MoleculeNet_HIV,True
O=[N+]([O-])c1ccc(N2N=C(c3ccc4ccccc4c3O)CC2c2ccc(Cl)cc2Cl)c([N+](=O)[O-])c1,5.541304412883253,5841,5.165982230485279,hiv_36763,MoleculeNet_HIV,True
O=C(CCSSc1ccccn1)ON1C(=O)CCC1=O,5.541213364859685,5842,5.2885960139469965,hiv_32918,MoleculeNet_HIV,True
COc1ccc2c(c1)c1c3c(ccc4ncn2c43)N(CCN(C)C)CCN=1,5.5412097933667415,5843,5.127342875716095,hiv_25335,MoleculeNet_HIV,True
CN1CCN(CCSc2nnc(-c3ccc4ccccc4c3)c3ccccc23)CC1,5.541142722914721,5844,5.239524115449716,hiv_10855,MoleculeNet_HIV,True
[O+]#C[W]12(C#[O+])(C#[O+])[PH](c3ccccc3)(CC[PH]1(c1ccccc1)c1ccccc1)CC[PH]2(c1ccccc1)c1ccccc1,5.541114255568951,5845,5.326980721933263,hiv_16530,MoleculeNet_HIV,True
CS(=O)(=O)O.Cc1c2[nH]c3ccc(Br)cc3c2c(C)c2nccc(O)c12,5.5410595338691735,5846,5.15899663078704,hiv_23399,MoleculeNet_HIV,True
Cc1ccc2c(c1)nc1c3ccccc3[nH]n21,5.5409671028738074,5847,5.23736783817896,hiv_4660,MoleculeNet_HIV,True
CN(C)CCCOC(=O)C1CC(O)CN1C(=O)c1ccc2c(c1)OCO2.O=C(O)C(=O)O,5.540954135176168,5848,5.177376806544536,hiv_28227,MoleculeNet_HIV,True
O=C1c2ccccc2C(=O)N1N1CC1c1ccccc1,5.540776397698334,5849,5.273085681675025,hiv_8363,MoleculeNet_HIV,True
O=C1c2ccccc2C(=O)N1N=C1SC(=Nc2ccccc2)C(=Nc2ccccc2)N1c1ccccc1,5.540776397698334,5850,5.283339524510178,hiv_30553,MoleculeNet_HIV,True
Cc1ccc(S(=O)(=O)NN=Cc2oc(-c3ccncc3)c(-c3ccncc3)c2[N+](=O)[O-])cc1,5.5407366750999385,5851,5.140147679504461,hiv_21460,MoleculeNet_HIV,True
O=C1NC(=O)C23CCCCc4cccc(c42)C(=O)C13,5.540681423737855,5852,5.191119676007941,hiv_8459,MoleculeNet_HIV,True
CC(=O)Oc1ccc(-c2oc3c(C4C=C(C)CC(c5ccc(OC(C)=O)cc5OC(C)=O)C4C(=O)c4ccc(OC(C)=O)c(CC=C(C)C)c4OC(C)=O)c(OC(C)=O)cc(O)c3c(=O)c2CC=C(C)C)c(OC(C)=O)c1,5.540619717438514,5853,5.251424908736209,hiv_22241,MoleculeNet_HIV,True
COc1cc(OC)c2nc(C)c(CCCl)c(Cl)c2c1,5.54059080072182,5854,5.162014020243873,hiv_31352,MoleculeNet_HIV,True
COC(=O)c1noc2c1CSC1=C2CS(=O)(=O)c2ccccc21,5.540476284897109,5855,5.281498780540466,hiv_9366,MoleculeNet_HIV,True
CC(C)(C)N1OC2(CCCCC2)n2c(=O)c3ccccc3c(=O)n2C1c1ccccc1,5.540405278581552,5856,5.253858830956966,hiv_5838,MoleculeNet_HIV,True
O=C(NC1CCCCC1)NC12CC3CC(CC(F)(C3)C1)C2,5.540380074852211,5857,5.182363343385567,hiv_21152,MoleculeNet_HIV,True
CC(C)(C)c1n[nH]c(C(C)(C)C)c1N=O,5.540359270434542,5858,5.224143237802002,hiv_32997,MoleculeNet_HIV,True
O=c1c2cc([N+](=O)[O-])ccc2n2n1CCCCC2,5.540315550147824,5859,5.140791714324011,hiv_32073,MoleculeNet_HIV,True
COC12CCC(C(C(=O)c3ccccc3)=C1C(=O)c1ccccc1)C(O)C2,5.540198097260341,5860,5.271514450106839,hiv_21844,MoleculeNet_HIV,True
CCCC[Sn]1(CCCC)ON=C(c2ccccc2)C(c2ccccc2)O1,5.540183628690312,5861,5.286884524936647,hiv_15726,MoleculeNet_HIV,True
CC(C)(C)N.OC(O)(C(F)(F)F)C(F)(F)F,5.540167423918539,5862,5.218944038584016,hiv_32560,MoleculeNet_HIV,True
O=C1c2ccccc2C2(c3ccc(Cl)cc3)NCc3ccccc3CN12,5.540156843596967,5863,5.2981819091631275,hiv_40650,MoleculeNet_HIV,True
COc1ccc(OC)c(-c2csc(=O)s2)c1,5.540152409070486,5864,5.158618774140526,hiv_6326,MoleculeNet_HIV,True
Cc1nc2c(ccc3ncccc32)[nH]1,5.540120894682669,5865,5.186570584990216,hiv_12148,MoleculeNet_HIV,True
O=C(O)c1ccc(O)c(N=Nc2cc(S(=O)(=O)O)c3ccccc3c2O)c1,5.53983792288067,5866,5.2232397207393815,hiv_14803,MoleculeNet_HIV,True
O=c1nc(N2CCCC2)oc2cc3ccccc3cc12,5.539694800360738,5867,5.29408626572412,hiv_9405,MoleculeNet_HIV,True
OC1(c2ccccc2)C2CCN(CC2)C1CN1CCOCC1,5.5395290150133425,5868,5.292711827536645,hiv_27776,MoleculeNet_HIV,True
O=S(=O)(O)CC(S(=O)(=O)O)S(=O)(=O)O,5.539404141523498,5869,5.396520362649843,hiv_119,MoleculeNet_HIV,True
COc1cc(=O)cc(Cl)c(Cl)c1Cl,5.539383453505068,5870,5.161923848826171,hiv_11265,MoleculeNet_HIV,True
CC1=NNC(=O)C1C(CC(=NO)c1c[nH]c2ccccc12)C(=O)O,5.539374189966341,5871,5.404641307998699,hiv_37986,MoleculeNet_HIV,True
O=C(CCl)[OH+][Co-4]12([OH+]C(=O)CCl)(NCCN1)NCCN2.[O-][Cl+3]([O-])([O-])[OH2+],5.539358563201091,5872,5.202917544592003,hiv_14501,MoleculeNet_HIV,True
CSc1nc(=N)n(C(=O)c2ccccc2Br)[nH]1,5.539345576236757,5873,5.276533744995545,hiv_10580,MoleculeNet_HIV,True
Cl.Cn1cnc(CCc2ccccc2)n1,5.5392045677224795,5874,5.22984835931729,hiv_23189,MoleculeNet_HIV,True
O=[N+]([O-])c1ccccc1OS(=O)(=O)c1ccccc1,5.539178918317509,5875,5.283217979715005,hiv_14019,MoleculeNet_HIV,True
CC1(C)CC(=O)C2C(C1)Nc1ccccc1NC2c1cccc([N+](=O)[O-])c1,5.539129644440501,5876,5.299691650422742,hiv_6046,MoleculeNet_HIV,True
OC(CCNC12CC3CC(CC(C3)C1)C2)c1ccccc1,5.539056333370676,5877,5.408034771614928,hiv_13974,MoleculeNet_HIV,True
N=c1c2c(ncn1N)CCN(Cc1ccccc1)C2,5.539048254940271,5878,5.233690983831106,hiv_3248,MoleculeNet_HIV,True
O=C1CCC(=O)c2ccccc2N1,5.539026192921254,5879,5.305429676459854,hiv_19080,MoleculeNet_HIV,True
CCc1c(-c2coc(CCC(C)=Cc3ccccc3)n2)oc(OC)c(C)c1=O,5.538864883877893,5880,5.226173743054833,hiv_22847,MoleculeNet_HIV,True
Cc1ccc(S(=O)(=O)N2CC(O)CC2C(=O)O)cc1,5.53886469890366,5881,5.1711662858861205,hiv_37642,MoleculeNet_HIV,True
Cn1c(=O)c2c(no[n+]2[O-])c2ccccc21,5.538857687226538,5882,5.199811429711824,hiv_34155,MoleculeNet_HIV,True
C1COCCN1.S=C(S)N1CCOCC1,5.538740336143841,5883,5.21389741162626,hiv_212,MoleculeNet_HIV,True
O=C(Cc1ccccc1)NN1C(=O)C(Cl)C1c1cccc(O)c1,5.53873993691167,5884,5.236411600343118,hiv_22535,MoleculeNet_HIV,True
Cc1ccc(C2=NN(C)COC2C(F)(F)F)cc1,5.538683780834758,5885,5.176276975185424,hiv_15983,MoleculeNet_HIV,True
CC(=O)[O-].O=[N+]([O-])c1ccc2c(c1)C=[N+]1CC[N+]3=Cc4cc([N+](=O)[O-])ccc4[OH+][Mn+3]13[OH+]2,5.53864650115639,5886,5.201373380127995,hiv_24384,MoleculeNet_HIV,True
CC1C(=O)C(C)C(c2ccco2)N(N=O)C1c1ccco1,5.538637653555777,5887,5.174941461043695,hiv_12854,MoleculeNet_HIV,True
OC1Cn2cc(Br)c[n+]2C1,5.538613557961275,5888,5.176164700260213,hiv_3831,MoleculeNet_HIV,True
Brc1cn2[n+](c1)[BH2-]n1cc(Br)c[n+]1[BH2-]2,5.538613557961275,5889,5.183434634002706,hiv_9381,MoleculeNet_HIV,True
Oc1ccccc1-c1n[nH]c(-c2ccccc2O)n1,5.538482327428061,5890,5.297184092453067,hiv_35826,MoleculeNet_HIV,True
N=c1ccn(C2OC(COC(=O)c3ccccc3)C(OC(=O)c3ccccc3)C2I)c(=O)[nH]1,5.538398077854835,5891,5.2830430456583555,hiv_40941,MoleculeNet_HIV,True
O=S(=O)(O)C(O)CC(O)S(=O)(=O)O,5.538384441201162,5892,5.396520362649843,hiv_762,MoleculeNet_HIV,True
N#CC(F)(F)C(F)(F)C(F)(F)C(F)(F)C(F)(F)C(F)(F)C(F)(F)F,5.538360412793524,5893,5.18260085145307,hiv_2528,MoleculeNet_HIV,True
CC(C)c1cccc(C(C)C)c1NC(=O)C(CC(=O)CC(c1ccccc1)c1c(O)c2ccccc2oc1=O)=NO,5.538258940947093,5894,5.411263305176277,hiv_22475,MoleculeNet_HIV,True
CCN(CC)CCOCCn1c2c(c3ccccc31)CCCC2,5.538175535846059,5895,5.210186994882204,hiv_30065,MoleculeNet_HIV,True
O=C1CCC(=O)N1n1c(Cc2ccccc2)n[nH]c1=O,5.538151326355549,5896,5.237524270123135,hiv_35319,MoleculeNet_HIV,True
OC(C1CCC=NN1C(O)(C(F)(F)F)C(F)(F)F)(C(F)(F)F)C(F)(F)F,5.538150835600449,5897,5.176164700260213,hiv_25769,MoleculeNet_HIV,True
N=c1ncn2c(nc3ccccc32)[nH]1,5.5380966656628265,5898,5.27305551059518,hiv_33926,MoleculeNet_HIV,True
COc1ccc(CN2COc3c(ccc4ccccc34)C2)cc1,5.538066795127425,5899,5.1771578367633015,hiv_7487,MoleculeNet_HIV,True
COC(=O)C(CC1=C(O)Nc2ccccc2N1)C(=NNC(N)=O)C(=O)Nc1ccccc1C,5.538005864410835,5900,5.408893366610154,hiv_19452,MoleculeNet_HIV,True
CN1CNC2C(=O)CCC2c2ccccc21,5.537974109067498,5901,5.216452661109275,hiv_14930,MoleculeNet_HIV,True
COC(=O)C(Cc1c[nH]c2ccccc12)NC(=O)C(Cc1c[nH]c2ccccc12)NC(=O)OCc1ccccc1,5.537911009383252,5902,5.395890536660933,hiv_13400,MoleculeNet_HIV,True
NC(=O)c1nnsc1NN=Cc1ccc([N+](=O)[O-])cc1,5.5379104321197925,5903,5.120320771472688,hiv_36330,MoleculeNet_HIV,True
Cc1c(CCN=P(c2ccccc2)(c2ccccc2)c2ccccc2)c(=O)n2c([nH]c3ccccc32)c1C#N,5.537907509013918,5904,5.2747676815418965,hiv_25440,MoleculeNet_HIV,True
O=P(O)(OCC(O)O)OCC(O)O,5.537885373857449,5905,5.393075904464689,hiv_21210,MoleculeNet_HIV,True
O=C(c1ccc(O)c([N+](=O)[O-])c1)c1ccc(O)c([N+](=O)[O-])c1,5.537859448881145,5906,5.183638433850746,hiv_37180,MoleculeNet_HIV,True
O=S(=O)(C1=CC(S(=O)(=O)c2ccccc2)COC1)c1ccccc1,5.53780651449166,5907,5.281447314037666,hiv_11511,MoleculeNet_HIV,True
COC(=O)Nc1nc2cc(C(=O)c3ccc[nH]3)ccc2[nH]1,5.537728054609084,5908,5.170573503439408,hiv_9937,MoleculeNet_HIV,True
O=c1c(=Cc2ccc3c(c2)OCO3)sc2nnc(Cc3ccccc3)n12,5.537717966509546,5909,5.18912852585725,hiv_17721,MoleculeNet_HIV,True
N=c1[nH][nH]c(=N)[nH]1,5.537641247253133,5910,5.1907923008303785,hiv_89,MoleculeNet_HIV,True
O=c1[nH]c(=O)ss1,5.537641247253133,5911,5.1907923008303785,hiv_6536,MoleculeNet_HIV,True
O=C1OCc2c(O)nc(O)nc21,5.537593978499328,5912,5.2031954751389975,hiv_28744,MoleculeNet_HIV,True
Cc1ccc(S(=O)(=O)N2CCCC2C(=O)OC2CCC3CC=CC32)cc1,5.537555643767019,5913,5.174699100495438,hiv_29891,MoleculeNet_HIV,True
Cc1ccc(S(=O)(=O)N2CCCSCCSCCCN(S(=O)(=O)c3ccc(C)cc3)CC2)cc1,5.537495123282192,5914,5.1835623249403335,hiv_22761,MoleculeNet_HIV,True
CC(C)N1C(C)C(c2ccccc2)OP1(=O)CC1=CCCCC1,5.537462652576425,5915,5.403317837294468,hiv_12477,MoleculeNet_HIV,True
[O-][n+]1ccccc1CCN(O)Cc1ccccc1,5.537436714575807,5916,5.224692712686503,hiv_2540,MoleculeNet_HIV,True
O=c1c2ccccc2c2nccc3c4ccccc4n1c32,5.537435747818493,5917,5.200605269552557,hiv_5225,MoleculeNet_HIV,True
CSCCCNC(=O)C(CSC)NC(=O)c1csc(CCNC(=O)C(NSc2ccccc2[N+](=O)[O-])C(C)O)n1,5.53739312817568,5918,5.415033636216847,hiv_24222,MoleculeNet_HIV,True
Cn1c(=O)n(C2(C)CSC2)c2ccccc21,5.537183597210644,5919,5.2449974322637685,hiv_23654,MoleculeNet_HIV,True
Nc1ccc(C=Cc2ccc3ncccc3c2)cc1,5.5371666888909985,5920,5.151011196238814,hiv_2937,MoleculeNet_HIV,True
CC(=NOc1cc(Cl)ncn1)c1ccccn1,5.53716029638838,5921,5.2885494849594155,hiv_38437,MoleculeNet_HIV,True
CC(=O)Oc1ccc(C=CC(=O)OCCCOC(=O)C=Cc2ccc(OC(C)=O)c(OC(C)=O)c2)cc1OC(C)=O,5.53708449103652,5922,5.186238436022458,hiv_40208,MoleculeNet_HIV,True
Oc1ccc(-c2csc(NNC3=NCC(=Cc4ccc5c(c4)OCO5)S3)n2)cc1O,5.537012144136587,5923,5.186395089415628,hiv_24862,MoleculeNet_HIV,True
CC1(C)C(=O)c2cc3ccccc3nc2-c2ccccc21,5.5369118232593415,5924,5.2893342986000595,hiv_3001,MoleculeNet_HIV,True
Cn1ccnc1CCc1ccc(F)cc1F,5.53689353320895,5925,5.188514697933964,hiv_29141,MoleculeNet_HIV,True
COC(=O)C12c3[nH]c4ccccc4c3CCN1CC(=O)C2C(=O)OCc1ccccc1,5.536886993409369,5926,5.213835467872978,hiv_21483,MoleculeNet_HIV,True
C=C1C(=O)SC(=NCc2ccccc2)N1C,5.536882134790585,5927,5.22937276345473,hiv_10460,MoleculeNet_HIV,True
N[Co-4](N)(N)(N)([OH+]C(=O)C(Cl)Cl)[OH+]C(=O)C(Cl)Cl.[O-][Cl+3]([O-])([O-])O,5.536762742414047,5928,5.447738550035808,hiv_14518,MoleculeNet_HIV,True
S=c1sc2nc(Cl)nc(Cl)c2s1,5.536722461031188,5929,5.18260085145307,hiv_32129,MoleculeNet_HIV,True
CC(C)(C)n1c(=O)n(C(=O)C(Cl)(Cl)Cl)n(C(=O)C(Cl)(Cl)Cl)c1=O,5.536641777775963,5930,5.240771162088436,hiv_31768,MoleculeNet_HIV,True
C=C(Cl)c1c(OC)cccc1OCc1ccccc1,5.536630139459194,5931,5.200853650899221,hiv_33260,MoleculeNet_HIV,True
N=c1c2ccccc2nnn1Cc1ccccc1,5.536566755152589,5932,5.150947387212017,hiv_5186,MoleculeNet_HIV,True
CC1(CO)CCCC2(C)C1CCC1CC3C=CC12C1C(=O)OC(=O)C31,5.536476714263608,5933,5.185473543967706,hiv_3619,MoleculeNet_HIV,True
NNC(=O)C(NC(=O)c1ccccc1)=C(N)c1ccc(Cl)cc1,5.535961487256697,5934,5.282229079156985,hiv_15415,MoleculeNet_HIV,True
O=c1onc(-c2ccccc2)c2ccccc12,5.535901937139076,5935,5.232402101349992,hiv_3528,MoleculeNet_HIV,True
CC12C=C3CC(OC(=O)c4ccccc4)CCC3(O1)c1ccccc12,5.5357883516423305,5936,5.289815426611881,hiv_7528,MoleculeNet_HIV,True
O=C(O)c1cc2c(cc1CC(Cc1ccccc1)C(=O)O)CCC2,5.5357305139571995,5937,5.404673925144366,hiv_32607,MoleculeNet_HIV,True
COC(=O)C(Cc1ccccc1)NC(=O)N(CCC#N)CCCCN(CCC#N)C(=O)NC(Cc1ccccc1)C(=O)OC,5.535699800165972,5938,5.389162499821849,hiv_38875,MoleculeNet_HIV,True
c1ccc(SSc2ccccn2)nc1,5.535598652890769,5939,5.28776223139736,hiv_32911,MoleculeNet_HIV,True
c1ccc([Sn](Sc2ccccn2)(c2ccccc2)c2ccccc2)cc1,5.535598652890769,5940,5.2825057419605415,hiv_23844,MoleculeNet_HIV,True
CCCCCCCCCCCCCCCCCCNC(=O)OCC(CNS(=O)(=O)CCC[n+]1cccc2ccccc21)COC.[I-],5.535590639799761,5941,5.399198622686657,hiv_24279,MoleculeNet_HIV,True
Cc1c2ccccc2n[c-](CN2CCOCC2)[n+]1=O,5.535575712832746,5942,5.251762870709055,hiv_2208,MoleculeNet_HIV,True
O=C(O)c1ccc(O)c(N=Nc2cc(S(=O)(=O)O)c3cccnc3c2O)c1,5.535528231604297,5943,5.186513504076079,hiv_14802,MoleculeNet_HIV,True
COc1cc2cc(C(=O)N3CC(CCl)c4ccc(N)cc43)[nH]c2c(OC)c1OC,5.5354416516868215,5944,5.0568060199071745,hiv_34167,MoleculeNet_HIV,True
O=S(=O)(O)CC(O)CCl,5.535367068755418,5945,5.396520362649843,hiv_1703,MoleculeNet_HIV,True
O=C([O-])c1ccc([I+]c2ccccc2)cc1,5.535366382843925,5946,5.272251899125388,hiv_11941,MoleculeNet_HIV,True
Cc1cc(C2C(=O)c3ccccc3C2=O)cc(C)c1O,5.535337732626087,5947,5.2680241829415015,hiv_7180,MoleculeNet_HIV,True
COc1ccccc1C=NNc1nnc2c3ccccc3c3ncccc3c2n1,5.5351804160409825,5948,5.182133344198088,hiv_29457,MoleculeNet_HIV,True
COc1ccc(Cc2nn(C3OC(COC(C)=O)C(OC(C)=O)C(OC(C)=O)C3OC(C)=O)c(=S)n(-c3ccc(OC)cc3)c2=O)cc1,5.535146309307826,5949,5.091459970927795,hiv_12538,MoleculeNet_HIV,True
Cc1nnc2n1N=C(c1ccc(O)c(O)c1O)CS2,5.535097037974141,5950,5.103787131615412,hiv_7845,MoleculeNet_HIV,True
Cc1c(C(=O)O)n2cnnc2c2ccccc12,5.5349652661215964,5951,5.180316672564526,hiv_36518,MoleculeNet_HIV,True
S=c1sc2ccccc2n1CNc1ccccc1Cl,5.534963417809132,5952,5.2445946439099655,hiv_3220,MoleculeNet_HIV,True
O=C1NC(=O)C(Cc2ccccc2Cl)N1,5.534960573712391,5953,5.31075249280091,hiv_4449,MoleculeNet_HIV,True
COC1C(NC(=O)OC(C)(C)C)C(=O)N1Cc1ccccc1,5.53495444943395,5954,5.218505266089771,hiv_12730,MoleculeNet_HIV,True
N=C(NO)C(F)(F)C(F)(F)C(F)(F)C(=N)NO,5.53489144490661,5955,5.237156780254291,hiv_2527,MoleculeNet_HIV,True
CCCCCCCCCCCCCCCC(=O)OCC1OC(OC)C(NC(=O)N(CCCl)N=O)C(O)C1O,5.534859151012994,5956,5.1643371152223265,hiv_18277,MoleculeNet_HIV,True
COc1ccccc1C1=C2C(=O)N(C)C(c3ccccc3OC)=C2C(=O)N1C,5.534818836723052,5957,5.269170967175758,hiv_25624,MoleculeNet_HIV,True
CC1C2(O)CC34CC(=O)OC3(CC(O)C4C)C1(C)CO2,5.534772705961038,5958,5.121015361784796,hiv_15842,MoleculeNet_HIV,True
O=C1C2C3CCC(C3)C2S(=O)(=O)C2C3CCC(C3)C12,5.534769317930996,5959,5.174695397805176,hiv_3525,MoleculeNet_HIV,True
CC(=O)OCC1C(OC(C)=O)CC2CCC1N2C#N,5.53471699615619,5960,5.178221140325901,hiv_6626,MoleculeNet_HIV,True
O=C(O)c1cc2ccc(Cl)cc2c(O)c1C1=CCCCC1,5.53471448335649,5961,5.160131697141898,hiv_21733,MoleculeNet_HIV,True
CN1NC2(CCCCC2)ON=C1c1ccccc1,5.534633346006698,5962,5.251414948109807,hiv_12623,MoleculeNet_HIV,True
O=[N+]([O-])c1ccc(-[n+]2ccc3ccccc3c2)c([N+](=O)[O-])c1,5.534598639520155,5963,5.290216094597001,hiv_8153,MoleculeNet_HIV,True
c1ccc([B-]2(c3ccccc3)[OH+]CCc3cccc[n+]32)cc1,5.53449128326694,5964,5.296762453837426,hiv_28989,MoleculeNet_HIV,True
CC1C(c2ccccc2)[OH+][B-](c2ccccc2)(c2ccccc2)[N+]1(C)C,5.53449128326694,5965,5.287006114718552,hiv_28990,MoleculeNet_HIV,True
CCN(CC)CCCNc1nccc2c(C)c3[nH]c4ccncc4c(=O)c3cc12,5.534458082695188,5966,5.148216537951137,hiv_16914,MoleculeNet_HIV,True
Cl.NN=C(CCN1CCCC1)CC(c1ccccc1)c1c(O)c2ccccc2oc1=O,5.534399099532291,5967,5.4246834047720425,hiv_21523,MoleculeNet_HIV,True
CC(C)NC(=O)OCc1c(COC(=O)NC(C)C)c(-c2ccc(Cl)c(Cl)c2)n2c1CS(=O)(=O)C2,5.534378964246175,5968,5.408401482761321,hiv_9253,MoleculeNet_HIV,True
O=C1CN(c2cccc(C(F)(F)F)c2)C(=O)CN1NCNN1CC(=O)N(c2cccc(C(F)(F)F)c2)CC1=O,5.534377336742453,5969,5.180613065454632,hiv_24683,MoleculeNet_HIV,True
S=c1[nH]ccs1,5.534324596276446,5970,5.192712722733895,hiv_959,MoleculeNet_HIV,True
c1ccc2c(N3CC3)nncc2c1,5.53430186981258,5971,5.1982466993503165,hiv_2247,MoleculeNet_HIV,True
O=C1C(=O)C2(CC1S(=O)(=O)c1ccccc1)c1ccccc1-c1ccccc12,5.534180373153339,5972,5.286337192211516,hiv_12387,MoleculeNet_HIV,True
CC1(CC2=C(C(=O)NCCO[Si](C)(C)C(C)(C)C)C3(OCCO3)C2=O)OCCO1,5.534112707849355,5973,5.229113862436568,hiv_39891,MoleculeNet_HIV,True
C=CCc1ccccc1OP(=O)(Oc1ccc(C(C)(C)C)cc1)Oc1ccc(C(C)(C)C)cc1,5.534068115113507,5974,5.288205634439627,hiv_2633,MoleculeNet_HIV,True
CCc1nnc(CC)n1-n1c(Cc2ccccc2)n[nH]c1=O,5.534041196591473,5975,5.2105715897882865,hiv_36498,MoleculeNet_HIV,True
O=C(C=Cc1ccc2c(c1)OCO2)NCc1ccco1,5.534035661488733,5976,5.194631209709192,hiv_36403,MoleculeNet_HIV,True
N#Cc1nc(C(=O)c2ccccc2)oc1N,5.533926987511995,5977,5.283834993830637,hiv_37595,MoleculeNet_HIV,True
COC(=O)C=CCOCC1C2CCC(=O)C21,5.533785504255061,5978,5.153515121447425,hiv_37141,MoleculeNet_HIV,True
Nc1nc2c(N)cc(C(F)(F)F)cc2nc1-c1ccccc1,5.533783830742354,5979,5.2857123113117535,hiv_20627,MoleculeNet_HIV,True
[N-]=[N+]=NC1=CC(=O)c2cccc3cccc1c23,5.5336827596585705,5980,5.181833943112982,hiv_29490,MoleculeNet_HIV,True
Cc1c(COC(=O)NC(C)C)c(COC(=O)NC(C)C)c2n1CS(=O)C2,5.533589152910748,5981,5.407120727709285,hiv_9254,MoleculeNet_HIV,True
COC(=O)c1sc2c(=O)c(C(=O)OC)c(C(=O)OC)sc2c(=O)c1C(=O)OC,5.533549123630732,5982,5.162906586422405,hiv_37279,MoleculeNet_HIV,True
O=c1oc2ccc(O)cc2c2ccccc12,5.5335102181636,5983,5.264682551387706,hiv_3585,MoleculeNet_HIV,True
CS(=O)(=O)Nc1nc2ccccc2c(=O)o1,5.533444524208979,5984,5.255620331474886,hiv_9441,MoleculeNet_HIV,True
CC1(C)SCC(COC(=O)c2ccccc2)S1,5.533355977830522,5985,5.290552615121186,hiv_1808,MoleculeNet_HIV,True
NC(=O)c1csc(C2(O)COC(CO)C2O)n1,5.533344011170028,5986,5.172462866611747,hiv_39275,MoleculeNet_HIV,True
O=C1[OH+][Co-4]23(NCCN2)([OH+]C1=O)[OH+]C(=O)C(=O)[OH+]3.[K+],5.533278133865567,5987,5.222745523121525,hiv_14836,MoleculeNet_HIV,True
Cn1c(=O)oc2cc(C(=S)N3CCC(Cc4ccccc4)CC3)ccc21,5.533195816719504,5988,5.237052043002084,hiv_37581,MoleculeNet_HIV,True
CC(NC(=O)C(Cc1ccc(OC(=O)c2ccccc2)cc1)NC(=O)OC(C)(C)C)C(=O)NCC(=O)NC(Cc1ccccc1)C(=O)NN,5.533152460267051,5989,5.42702811447025,hiv_29805,MoleculeNet_HIV,True
O=C1c2ccccc2C(=O)N1CCn1nc(-c2ccccc2)cc(-c2ccccc2)c1=O,5.532983274363053,5990,5.277773935393987,hiv_16410,MoleculeNet_HIV,True
COc1ccc(-c2c(N)n(-c3cc(OC)cc(OC)c3)c(=O)c3cc([N+](=O)[O-])ccc23)cc1,5.532974591780578,5991,5.177171080156831,hiv_38300,MoleculeNet_HIV,True
COC(=O)C1C=CCON2CCc3c(n(S(=O)(=O)c4ccccc4)c4ccccc34)C12,5.532973629307225,5992,5.1963658539847,hiv_22230,MoleculeNet_HIV,True
O=[N+]([O-])c1ccc2c(c1)c1nn2CCCCOc2nn(c3ccc([N+](=O)[O-])cc23)CCCCO1,5.5328900979086875,5993,5.136920428131611,hiv_31622,MoleculeNet_HIV,True
COC1OC2COC(c3ccccc3)OC2C2OC(=S)OC12,5.532859471676316,5994,5.259370597933445,hiv_4020,MoleculeNet_HIV,True
Cn1nc(-c2cccc(-c3nn(C)c(=NCCO)s3)n2)sc1=NCCO,5.532856228208991,5995,5.184988690561647,hiv_23999,MoleculeNet_HIV,True
CSC1=C(c2ccc(C)cc2)N(c2ccccc2)C(=O)C(=O)N(c2ccccc2)C(c2ccc(C)cc2)=C(SC)SS1,5.5328119479592415,5996,5.280365013227266,hiv_30149,MoleculeNet_HIV,True
S=C1NCCN1C(=S)NC1CCCCC1,5.532692565385683,5997,5.206308203427426,hiv_40989,MoleculeNet_HIV,True
C1=C(c2cnc3ccccc3n2)[SH+][Ni-2]2([SH+]1)[PH](c1ccccc1)(c1ccccc1)CC[PH]2(c1ccccc1)c1ccccc1,5.532641099149682,5998,5.283206728218048,hiv_36291,MoleculeNet_HIV,True
Clc1cccc(-c2nnc(-c3nn(-c4ccccc4)c4nc5ccccc5nc34)o2)c1,5.532556501141837,5999,5.206651087759153,hiv_15662,MoleculeNet_HIV,True
FC1(F)ON2CCc3ccccc3C2C1c1ccccc1,5.532540999628464,6000,5.229808668724085,hiv_27443,MoleculeNet_HIV,True
O=S1c2ccccc2N=C(c2cccc3ccccc23)CC1c1cccc2ccccc12,5.532462541237507,6001,5.357901561688527,hiv_16505,MoleculeNet_HIV,True
Cn1c(=Nc2ccccc2[N+](=O)[O-])sc2ccccc21,5.532411670219585,6002,5.236954985959382,hiv_30569,MoleculeNet_HIV,True
COC(=O)Cc1cc(O)nc2c1C(=O)CCC2,5.532384594364627,6003,5.162014020243873,hiv_13315,MoleculeNet_HIV,True
Cc1ccc(S(=O)c2cccs2)cc1,5.532324313634905,6004,5.182720589845107,hiv_23975,MoleculeNet_HIV,True
O=C1OC2(OC2c2ccccc2)c2ccccc21,5.532275571251532,6005,5.295942318846488,hiv_23133,MoleculeNet_HIV,True
O=C(Nc1nc(Cl)nc(Cl)n1)N1CCOCC1,5.532271786753801,6006,5.187887303382154,hiv_5729,MoleculeNet_HIV,True
CCC1CCCCN1CC(C(C)=O)C(c1ccccc1)c1c(O)c2ccccc2oc1=O.Cl,5.5321661007546465,6007,5.392806769049014,hiv_21634,MoleculeNet_HIV,True
NC(=O)n1ncc(Cl)c(Cl)c1=O,5.532133133141758,6008,5.183848788206422,hiv_12481,MoleculeNet_HIV,True
COC(=O)C(Cc1ccccc1)NC(=O)C(CCC(=O)OCc1ccccc1)NC(=O)OC(C)(C)C,5.532109516239707,6009,5.389162499821849,hiv_29360,MoleculeNet_HIV,True
CC=C1CN2CCc3c4n(c5ccccc35)C(CO)C1CC42,5.53207029117895,6010,5.200582480839381,hiv_16330,MoleculeNet_HIV,True
COc1c(C)c2nc3ccccc3nc2c2c(O)ccnc12,5.532059325157444,6011,5.271130112772668,hiv_35486,MoleculeNet_HIV,True
CC(=O)n1c(=O)n(C2CCN(CCCC(=O)c3ccc(F)cc3)CC2)c2ccccc21,5.532018187977536,6012,5.3064493038519585,hiv_27944,MoleculeNet_HIV,True
CC(C)(C)C1COP(=S)(c2ccccc2)OC1,5.531892097328485,6013,5.280130323420379,hiv_5799,MoleculeNet_HIV,True
O=C(CNC(=O)OCc1ccccc1)NCCCCC(NC(=O)OCc1ccccc1)C(=O)NC(CCCCNC(=O)CNC(=O)OCc1ccccc1)C(=O)OCc1ccccc1,5.531856910828642,6014,5.404067757784038,hiv_29261,MoleculeNet_HIV,True
COc1ccc(C2(OC)Oc3ccccc3-c3nc4ccccc4nc32)cc1,5.531838583520762,6015,5.269995739697341,hiv_3792,MoleculeNet_HIV,True
Cc1ccc(S(=O)(=O)Nc2nc3ccccc3c(=O)n2C2CCCCC2)cc1,5.531719668250558,6016,5.222902448643697,hiv_36517,MoleculeNet_HIV,True
CCC1=C(c2ccc(OC)cc2)CCC2(CCNC2)C1C,5.531675754356337,6017,5.206609155366167,hiv_7545,MoleculeNet_HIV,True
CCCCCCCC[Sn](CCCCCCCC)(Oc1c([N+](=O)[O-])cc([N+](=O)[O-])cc1[N+](=O)[O-])Oc1c([N+](=O)[O-])cc([N+](=O)[O-])cc1[N+](=O)[O-],5.531660687460755,6018,5.195287150569344,hiv_20516,MoleculeNet_HIV,True
CCN(CC)c1ccc2cc(-c3nc4ccccc4n3C)c(=O)oc2c1,5.531633476662489,6019,5.258850593508969,hiv_7249,MoleculeNet_HIV,True
FC(F)(F)c1ccc(N=NN2CCCC2)cc1,5.531617516219253,6020,5.1706746385078,hiv_36706,MoleculeNet_HIV,True
O=S(=O)(N1CCCCN(S(=O)(=O)C(F)(F)F)CCCN(S(=O)(=O)C(F)(F)F)CCCN(S(=O)(=O)C(F)(F)F)CCCCN(S(=O)(=O)C(F)(F)F)CCCN(S(=O)(=O)C(F)(F)F)CCC1)C(F)(F)F,5.531617516219253,6021,5.187887303382154,hiv_32534,MoleculeNet_HIV,True
Brc1ccc(N=NN2CCCCC2)cc1,5.531617516219253,6022,5.1706746385078,hiv_36711,MoleculeNet_HIV,True
COC(=O)c1cc2ccc(O)c(O)c2cn1.Cl,5.531529383131482,6023,5.144131806790069,hiv_24049,MoleculeNet_HIV,True
CC1=NNC(=O)C1C1CC(c2c[nH]c3ccccc23)=NNC1=O,5.5314951881239285,6024,5.250622978076551,hiv_37982,MoleculeNet_HIV,True
CC(=O)O.CC(=O)OC(=C(C#N)C#N)c1nccnc1C(C)=O,5.5313341795800275,6025,5.180822596416617,hiv_35897,MoleculeNet_HIV,True
C=C1C(=O)CC23CCCC12CC(OCOC)C3,5.531324069702741,6026,5.161781397958621,hiv_12461,MoleculeNet_HIV,True
CC(=NNC(=O)c1ccccc1O)c1c(O)cc(C)oc1=O,5.531260026098634,6027,5.288115988103162,hiv_16731,MoleculeNet_HIV,True
CC(C)(C)[Si](C)(C)OCCC1CC2(S(=O)(=O)C3=CC=C=C=C3)ON1CC2S(=O)(=O)c1ccccc1,5.531233234409903,6028,5.282243417092146,hiv_22342,MoleculeNet_HIV,True
Cc1noc(NS(=O)(=O)c2ccc(N)cc2)c1C,5.5311549378680445,6029,5.151181168263735,hiv_35044,MoleculeNet_HIV,True
COC(=O)c1cc(-c2c[nH]cc2C(=O)OCc2ccccc2)cn1S(=O)(=O)c1ccc(C)cc1,5.531102536555188,6030,5.219836712701062,hiv_33604,MoleculeNet_HIV,True
O=C(O)COCC(=O)N(CCOCCN(Cc1ccccc1)C(=O)COCC(=O)O)Cc1ccccc1,5.531094594726944,6031,5.228964786927601,hiv_27290,MoleculeNet_HIV,True
COC(=O)C1COC(=O)N1,5.530998875336214,6032,5.159282078206578,hiv_32469,MoleculeNet_HIV,True
CN1C(=O)c2ccccc2C(C(=O)O)C1c1ccc2c(c1)OCO2,5.530967221285995,6033,5.222615832808921,hiv_20649,MoleculeNet_HIV,True
COC(=O)C(=O)OC1(C(C)=O)CC2(c3ccccc3)OC1(c1ccccc1)c1ccccc12,5.530933616888053,6034,5.281768292941992,hiv_13295,MoleculeNet_HIV,True
N#Cc1c(-c2ccc(Cl)cc2)[nH]c(=O)n(C2OC(CO)C(O)C(O)C2O)c1=O,5.530659081028227,6035,5.181078811794672,hiv_36074,MoleculeNet_HIV,True
c1cc2nnsc2s1,5.530607074481586,6036,5.124414079142684,hiv_22710,MoleculeNet_HIV,True
COc1ccc2c(c1)C(=O)C13CC(C(=O)N(C)C)C(OC(C)=O)(CCC21)C3,5.530500572125277,6037,5.085266235866168,hiv_5604,MoleculeNet_HIV,True
Clc1nc(Cl)nc(Nc2ncccn2)n1,5.53046558882379,6038,5.181552959391761,hiv_8923,MoleculeNet_HIV,True
C[N+](C)(C)C=NCCCCCCN=C[N+](C)(C)C.[I-],5.530270563764876,6039,5.240266980836431,hiv_27602,MoleculeNet_HIV,True
N#CCCN(c1ccc(C=Nc2nc(-c3ccccc3)cs2)cc1)S(=O)(=O)c1ccccc1,5.530224856407652,6040,5.273533554030527,hiv_19036,MoleculeNet_HIV,True
COc1c2ccoc2cc2oc(=O)ccc12,5.53018279413711,6041,5.178987155126243,hiv_3488,MoleculeNet_HIV,True
OC12c3ccccc3C1(N1CCOCC1)CCCCC21OCCCO1,5.530103267233722,6042,5.301169292397479,hiv_24095,MoleculeNet_HIV,True
O=C1NC2C=CN(Cc3ccccc3)C=C2C(=O)N2CCCC12,5.530027788727314,6043,5.247184354152561,hiv_10030,MoleculeNet_HIV,True
Cc1ccc(S(=O)(=O)SCC(=O)c2ccc([N+](=O)[O-])cc2)cc1,5.530009342681194,6044,5.180432134123365,hiv_4981,MoleculeNet_HIV,True
CC(=NNS(=O)(=O)c1ccc(C)cc1)c1cccc[n+]1[O-],5.529954959299396,6045,5.281689473644782,hiv_15617,MoleculeNet_HIV,True
COc1ccc(C(=O)Cc2nc3n[nH]c(=N)n3nc2CC(=O)c2ccc(OC)cc2)cc1,5.529913348285767,6046,5.152711472248504,hiv_9619,MoleculeNet_HIV,True
c1ccc2c(c1)-c1ccccc1C2NC1=NCCO1,5.529814509537198,6047,5.215693413145692,hiv_27375,MoleculeNet_HIV,True
CC1CN(Cc2ccccc2)C(=N)S1,5.529783343921747,6048,5.237134687821584,hiv_1166,MoleculeNet_HIV,True
S=C(NCc1ccccc1)NN=Cc1ccccn1,5.529665562714492,6049,5.191821230680043,hiv_30349,MoleculeNet_HIV,True
COC(=O)C1=C(C(=O)OC)C2(C(=O)OC)OC1(OC)C(C1(C(=O)OC)C(C(=O)OC)=C1C(=O)OC)=C2C(=O)OC,5.529546262715708,6050,5.227305512042568,hiv_12110,MoleculeNet_HIV,True
COc1ccc(C2=NC(CO)C(c3ccccc3)O2)cc1OC,5.529504438018135,6051,5.251898501906341,hiv_20273,MoleculeNet_HIV,True
Cc1ccc(S(=O)(=O)O[IH2](C#CC(C)(C)C)c2ccccc2)cc1,5.529441239085434,6052,5.275488491210747,hiv_10329,MoleculeNet_HIV,True
Cc1n[nH]c(=O)n1N=CCCC=Nn1c(C)n[nH]c1=O,5.529431834091586,6053,5.195500946909142,hiv_34915,MoleculeNet_HIV,True
Cc1c(C)c2ccc3occc(=O)c3c2oc1=O,5.529400935259124,6054,5.200335797730319,hiv_10560,MoleculeNet_HIV,True
CCCCC1C(=O)N2c3ccccc3-c3ccccc3N2C1=O,5.5293322037862165,6055,5.2869178943021655,hiv_4401,MoleculeNet_HIV,True
C1CNCCN1.Oc1cc(Cl)c(Cl)cc1Cl,5.529328668109778,6056,5.206562060001936,hiv_2856,MoleculeNet_HIV,True
O=C(O)c1[nH]c2c(O)nc(O)nc2c1Br,5.529311294462492,6057,5.124663088638602,hiv_4045,MoleculeNet_HIV,True
O=c1c2cc([N+](=O)[O-])ccc2n(Cc2ccccc2)n1Cc1ccccc1,5.529226641179627,6058,5.216784399354427,hiv_33256,MoleculeNet_HIV,True
COc1cc(Cc2cnc(N)nc2N)cc(OC)c1OCCCNc1ccc([N+](=O)[O-])cc1,5.529188862748063,6059,5.05246221930248,hiv_37270,MoleculeNet_HIV,True
O=C(O)CN1CCN2CCOCCOCCN(CC1)CCN(CC(=O)O)CC2,5.528853754790223,6060,5.180906500372244,hiv_39396,MoleculeNet_HIV,True
COc1cccc(C2C(C(=O)O)=C(CO)Oc3cc4c(cc32)OCO4)c1,5.528741626253983,6061,5.092137324295593,hiv_10880,MoleculeNet_HIV,True
CCC1c2cc3n(c(=O)c2COC1O)Cc1c-3nc2ccccc2c1Cl,5.52862152427127,6062,5.183162253204924,hiv_6700,MoleculeNet_HIV,True
N#Cc1[nH]c(=S)[nH]c1N,5.528608997757894,6063,5.1903209044170255,hiv_28779,MoleculeNet_HIV,True
O=C1CC(c2ccccc2)n2c(nc3ccccc32)N1,5.528502539363804,6064,5.277409093192588,hiv_34969,MoleculeNet_HIV,True
Cc1cc(=O)oc2cc(OCc3nc4ccccc4c(=O)n3-c3ccccc3)ccc12,5.528457551366735,6065,5.215980872497361,hiv_19786,MoleculeNet_HIV,True
CCCCc1ccc(N2C(=O)c3cc(C)cnc3S2(=O)=O)cc1,5.528293239146955,6066,5.139404403901866,hiv_40045,MoleculeNet_HIV,True
ClCCCCCc1c2nc(c(CCCCCCl)c3ccc([nH]3)c(CCCCCCl)c3nc(c(CCCCCCl)c4ccc1[nH]4)C=C3)C=C2,5.5282660118401195,6067,5.1907923008303785,hiv_30311,MoleculeNet_HIV,True
CC(C)(C)N=NC(C)(C)N=C=O,5.528261417771114,6068,5.217023787083063,hiv_22215,MoleculeNet_HIV,True
Cn1c(=O)c2nc(-c3ccc(Cl)c(Cl)c3)c(-c3ccc(Cl)c(Cl)c3)nc2n(C)c1=O,5.528257711619612,6069,5.173358333430396,hiv_7080,MoleculeNet_HIV,True
COc1ccc2c(c1)C(C(=O)O)CC(=O)N2C,5.528234203611247,6070,5.077690052592274,hiv_1664,MoleculeNet_HIV,True
Cc1ccc2c(N(CCO)CCO)cc(-c3ccccc3)nc2n1,5.528183477585568,6071,5.300910236817241,hiv_36670,MoleculeNet_HIV,True
CN1C(=S)NC2C(O)C(O)C(CO)OC21,5.528138537764944,6072,5.185978840529715,hiv_2554,MoleculeNet_HIV,True
N#Cc1cnsc1,5.528109181045209,6073,5.19742451249369,hiv_12168,MoleculeNet_HIV,True
CC(C)=[N+]1[OH+][W+2]12345(C#[O+])(C#[O+])C1=C2[C-]3C4=C15,5.52810779243465,6074,5.200335797730319,hiv_15789,MoleculeNet_HIV,True
COC(=O)c1cc(=O)n(-c2ccc3nn(C)nc3c2)cc1C(=O)OC,5.5280933250252255,6075,5.112437660080609,hiv_37273,MoleculeNet_HIV,True
O=S(CC=CCS(=O)c1ccccc1)c1ccccc1,5.528071683066966,6076,5.282137708142316,hiv_6179,MoleculeNet_HIV,True
O=C1C=C2CCCC3OC(=O)CC23CC1,5.528030098282739,6077,5.162149431776847,hiv_28518,MoleculeNet_HIV,True
Cn1cnnc1SC(F)(F)c1nc2ccccc2o1,5.527892033283499,6078,5.22112219385287,hiv_37805,MoleculeNet_HIV,True
NS(=O)(=O)c1nnc(NC(=O)C23CC4CC(CC(C4)C2)C3)s1,5.527881335597156,6079,5.12639213479037,hiv_40112,MoleculeNet_HIV,True
CC1=Nc2ccccc2C1C(Cc1ccccc1N)c1c(C)[nH]c2ccccc12.Cl,5.5278645107439095,6080,5.498916708120883,hiv_12642,MoleculeNet_HIV,True
Cc1ccc(C2CC(=O)CC(c3ccc(C)cc3)C23C(=O)c2ccccc2C3=O)cc1,5.5278609265121466,6081,5.28935456277929,hiv_32799,MoleculeNet_HIV,True
Br.COc1ccc(-c2csc(=Nc3ccccc3)n2CC(O)c2ccc([N+](=O)[O-])cc2)cc1,5.527856841030437,6082,5.388204920778947,hiv_40822,MoleculeNet_HIV,True
C[PH](C)(C)[Ir-3]1([PH](C)(C)C)([PH](C)(C)C)[OH+]C(=O)C2CCCCN21.[Cl-],5.527727357438724,6083,5.191890172423885,hiv_25400,MoleculeNet_HIV,True
CC1(O)C2CC3CC1(c1ccccc1)CC(C3=NO)C2=NO,5.527646182196824,6084,5.292799335704541,hiv_28599,MoleculeNet_HIV,True
O=Nc1c(Br)cc(Br)c2ccc3c(Br)cc(Br)c(N=O)c3c12,5.52761135997342,6085,5.19789514572763,hiv_33000,MoleculeNet_HIV,True
C1=C(C2CCCC3C4CC(CN23)C2CCCCN2C4)CCC2C3CC(CN12)C1CCCCN1C3,5.527522223954766,6086,5.175462594335841,hiv_9055,MoleculeNet_HIV,True
O=c1c2ccccc2oc2nccnc12,5.52749924491992,6087,5.250618675149802,hiv_14092,MoleculeNet_HIV,True
N=c1[nH]c(=O)n(C2CC(O)C(CO)O2)c2nc(-c3ccc(-c4ccccc4)cc3)cnc12,5.5274068526123035,6088,5.282227927686637,hiv_34029,MoleculeNet_HIV,True
C[Si](C)(C)C(CCCCSc1ccccc1)(Sc1ccccc1)Sc1ccccc1,5.527265118679918,6089,5.285615942542681,hiv_12085,MoleculeNet_HIV,True
COc1cc2c(cc1OC)C(CSC)Cc1cc(OC)c(OC)cc1N(C)CCC2,5.5272628487737805,6090,5.105886779568815,hiv_7103,MoleculeNet_HIV,True
N#CC(=CNC(=S)NCc1ccccc1)c1nc2ccccc2s1,5.527239351236311,6091,5.191821230680043,hiv_26175,MoleculeNet_HIV,True
COc1ccc(-c2cc3c(c4cc(OC)ccc24)C(=O)OC3=O)cc1,5.527183251356334,6092,5.176638765938983,hiv_10424,MoleculeNet_HIV,True
CC1=[N+]2[N-]C(N3CCCCCC3)=[S+][Cu-3]2(Cl)[n+]2ccccc21,5.526944045339606,6093,5.293048683326444,hiv_7908,MoleculeNet_HIV,True
N#Cc1cnc2nc1NCCCCCCC2,5.526904758117167,6094,5.211006857004795,hiv_6694,MoleculeNet_HIV,True
CP1(=S)CCC2C3=C(CCC21)CC(=O)CC3,5.526792509607996,6095,5.175825243018282,hiv_8480,MoleculeNet_HIV,True
O=C(COc1cc(=O)oc2ccccc12)c1ccccc1,5.526784989094628,6096,5.255100101375714,hiv_33179,MoleculeNet_HIV,True
Cc1sc2[nH]c(=O)oc(=O)c2c1C,5.526758762891543,6097,5.189189677428584,hiv_31610,MoleculeNet_HIV,True
O=C(Nc1nc(=S)[nH][nH]1)C(=O)C1C(=O)Nc2ccccc2S1=O,5.526657166610332,6098,5.295888071379164,hiv_21327,MoleculeNet_HIV,True
Cc1nc2c(cnn2C)cc1CCc1ccccc1,5.526575298583462,6099,5.230410345852406,hiv_8898,MoleculeNet_HIV,True
O=C1OC(=O)C([Se]c2ccccc2)=C1[Se]c1ccccc1,5.526558623713204,6100,5.2825057419605415,hiv_12653,MoleculeNet_HIV,True
N=C(N)NN=CCC(O)CO,5.526506191783913,6101,5.407678356844768,hiv_2744,MoleculeNet_HIV,True
CN(C)CCSC(=Nc1ccccc1)N1CCCCC1,5.526428714849201,6102,5.282575626651311,hiv_24520,MoleculeNet_HIV,True
O=C(Cc1nc2ccc(C(=O)c3ccccc3)cc2nc1O)C(=O)Nc1nc2ccccc2[nH]1,5.526401727315853,6103,5.272587160162714,hiv_21328,MoleculeNet_HIV,True
O=C(OCC1OC(OC(=O)c2cc(O)c(O)c(O)c2)C(OC(=O)c2cc(O)c(O)c(O)c2)C(OC(=O)c2cc(O)c(O)c(O)c2)C1OC(=O)c1cc(O)c(O)c(O)c1)c1cc(O)c(O)c(O)c1,5.526325996858647,6104,5.15632842468332,hiv_23612,MoleculeNet_HIV,True
COC(=O)NN=C(C)c1sc(-c2nc(C)c(C(C)=NNC(=O)OC)s2)nc1C,5.526279625934059,6105,5.161344471664423,hiv_19633,MoleculeNet_HIV,True
COC(=O)c1cccc(OC)c1C#Cc1c(OC)cccc1OC,5.526095830225057,6106,5.156800219982068,hiv_32592,MoleculeNet_HIV,True
O=C(CC(NC(=O)OCc1ccccc1)C(=O)NC1Cc2ccccc2OC1=O)OCc1ccccc1,5.526070323846716,6107,5.4092751724340165,hiv_29102,MoleculeNet_HIV,True
CC(C)(N=NC(C)(C)C1=NCCN1)C1=NCCN1,5.526056046435485,6108,5.2437080155155185,hiv_29243,MoleculeNet_HIV,True
c1ccc(C2ON2CCCN2OC2c2ccccc2)cc1,5.526055690082928,6109,5.271797516526587,hiv_37741,MoleculeNet_HIV,True
CN1CC(c2ccccc2)N(CCCCN2CC(c3ccccc3)N(C)CC2c2ccccc2)CC1c1ccccc1,5.526055690082928,6110,5.2718312927417985,hiv_27815,MoleculeNet_HIV,True
O=S(c1ccc(Cl)cc1)c1ccccc1C1=NCCN1,5.5258904418547425,6111,5.319491925275602,hiv_35160,MoleculeNet_HIV,True
N#Cc1c(N)nc2c(c(-c3ccc(Cl)cc3)nn2-c2ccccc2)c1C#N,5.525775104687442,6112,5.258090040173293,hiv_9410,MoleculeNet_HIV,True
Nc1ncn(Cc2ccccc2)c2ncnc1-2,5.525723923958796,6113,5.229238314451658,hiv_2817,MoleculeNet_HIV,True
Oc1nc(CC(O)(c2ccc(C(F)(F)F)cc2)c2ccc(Cl)c(Cl)c2)cc(-c2ccccc2)n1,5.525660494883542,6114,5.258309138912051,hiv_15000,MoleculeNet_HIV,True
COC(=O)C(C#N)=CNC(=S)C(N)=S,5.525625758405822,6115,5.162216831104066,hiv_26074,MoleculeNet_HIV,True
O=C(O)c1ccc(C2C3C=CC(C3)C2[N+](=O)[O-])cc1,5.525563940957163,6116,5.167090519181098,hiv_19913,MoleculeNet_HIV,True
C1=NCCN=Cc2ccccc2NCCNc2ccccc21,5.52548610114055,6117,5.294817464046253,hiv_7705,MoleculeNet_HIV,True
C1CCC(NC2CCCCC2)CC1.COc1ccc(N=NC(=O)NC(CC(C)C)C(=O)NCC(=O)O)cc1,5.525466988302301,6118,5.3630517312008985,hiv_33335,MoleculeNet_HIV,True
CC(C)C(O)(C(=O)OCC1=CC[N+]2([O-])CCC(O)C12)C(C)O,5.5253838743668995,6119,5.39479924518547,hiv_4774,MoleculeNet_HIV,True
COc1ccc(C(OCC2OC3(COC(c4ccccc4)(c4ccc(OC)cc4)c4ccc(OC)cc4)C(Oc4nc(=O)ccn43)C2O)(c2ccccc2)c2ccc(OC)cc2)cc1,5.525351462988575,6120,5.27029883035539,hiv_34004,MoleculeNet_HIV,True
Oc1cc2ccccc2cc1OC(F)(F)c1nc2ccccc2o1,5.525268236993193,6121,5.292278048195401,hiv_40719,MoleculeNet_HIV,True
O=C1OC(c2ccc3c(c2)OCO3)Sc2ccccc21,5.52523551859686,6122,5.2785459709598825,hiv_9830,MoleculeNet_HIV,True
COc1ccc(-c2[nH]c3ccccc3c2-c2ccc(OC)cc2)cc1,5.525205514176578,6123,5.2117142852032865,hiv_3068,MoleculeNet_HIV,True
CC[n+]1cnc(N)c2c(-c3ccc(Cl)cc3)cn(-c3ccc(C)cc3)c21.[I-],5.5251948451356565,6124,5.188070350012448,hiv_28534,MoleculeNet_HIV,True
O=C1N=CN=C2C=CC(Cl)=C(I)C12,5.52518486045594,6125,5.164615213945771,hiv_22933,MoleculeNet_HIV,True
CCCCCNc1no[nH]c1=N,5.525125424074166,6126,5.202809051367202,hiv_38673,MoleculeNet_HIV,True
c1ccc(CCCC2Sc3cccc4cccc(c34)S2)cc1,5.52504463289902,6127,5.23417220157758,hiv_20414,MoleculeNet_HIV,True
O=C(N=NC(=O)N1CCCCC1)N1CCCCC1,5.524975144302333,6128,5.187887303382154,hiv_8718,MoleculeNet_HIV,True
N=c1[nH]n2cc3c(nc2c1N=Nc1ccccc1)CCC3,5.52492894949839,6129,5.3005021363339955,hiv_37460,MoleculeNet_HIV,True
Cc1nc2ccccc2n1COC(Cn1ccnc1)c1ccc(Cl)cc1Cl,5.524816073091933,6130,5.365274085240443,hiv_34483,MoleculeNet_HIV,True
Cn1c(=O)c2c(nc(C[N+]3([O-])CCOCC3)n2C)n(C)c1=O,5.524745812431742,6131,5.186912868403072,hiv_23568,MoleculeNet_HIV,True
Cc1ccc(S(=O)(=O)O)cc1.Oc1cnnc(O)n1,5.5245146948076815,6132,5.127481430768694,hiv_3634,MoleculeNet_HIV,True
Cc1c(Cl)ccc2c1NC(=O)C2(O)CC(=O)c1ccc2ccccc2c1,5.524484444824822,6133,5.317198863498345,hiv_16751,MoleculeNet_HIV,True
C[Si](C)(c1ccccc1)C1CC(=O)CC(=O)C1,5.52441105197412,6134,5.275730133525753,hiv_15146,MoleculeNet_HIV,True
O=C1NC(c2ccc(O)cc2)C2CCC1C2,5.5243579914283405,6135,5.180538457995225,hiv_17164,MoleculeNet_HIV,True
CC1(C)OCN(c2ccc(S(N)(=O)=O)cc2)Cn2c1nc1ccccc12,5.524316232652764,6136,5.247377196148118,hiv_23114,MoleculeNet_HIV,True
O=c1oc2ccccc2c(O)c1-c1cccc2ccccc12,5.524129485858778,6137,5.253428309251842,hiv_6605,MoleculeNet_HIV,True
CCN(CC)CCOC(=O)c1c(C)oc2cc3c(C(=O)OCCN(CC)CC)c(C)oc3cc12,5.524113459599719,6138,5.195287150569344,hiv_8439,MoleculeNet_HIV,True
CC(=O)N1CCCN(C)C1=N[N+](=O)[O-],5.524080957801725,6139,5.187887303382154,hiv_9358,MoleculeNet_HIV,True
c1csc(-c2cc(-c3ccsc3)cs2)c1,5.524051038676015,6140,5.176954701642473,hiv_40584,MoleculeNet_HIV,True
CN1CCCCC1CCN1c2ccccc2Sc2ccc(S(C)=O)cc21,5.5240421106320925,6141,5.276115890462715,hiv_6039,MoleculeNet_HIV,True
COc1ccc2c(c1)[n+]([O-])c(C(C)=NNC(=O)c1ccccc1O)c(C)[n+]2[O-],5.523799615701798,6142,5.268772543418193,hiv_16358,MoleculeNet_HIV,True
O=C1CSCC(=O)O1,5.523757171320942,6143,5.18260085145307,hiv_5170,MoleculeNet_HIV,True
C=C1CN(S(=O)(=O)c2ccc(C)cc2)CCCN(Cc2ccc[nH]2)CCCN(S(=O)(=O)c2ccc(C)cc2)C1,5.523754951615612,6144,5.183216405783017,hiv_40886,MoleculeNet_HIV,True
Cc1c2ccccc2n[c-](CSc2ccc(Cl)cc2)[n+]1=O,5.5237194052783565,6145,5.249869724786191,hiv_1644,MoleculeNet_HIV,True
CCc1oc2ccc(OC)c3c2c1C=CC=C3,5.52346348745327,6146,5.170409514145154,hiv_11919,MoleculeNet_HIV,True
O=[N+]([O-])c1ccc(C2=Nn3c(nnc3-c3ccccc3)SC2)o1,5.52344309223464,6147,5.219730859225805,hiv_14307,MoleculeNet_HIV,True
O=C(C=Cc1ccccc1)CC(=O)C=Cc1ccccc1,5.523408720623577,6148,5.282137708142316,hiv_36783,MoleculeNet_HIV,True
CN(CCSSCCN(C)N=Cc1ccccc1)N=Cc1ccccc1,5.523408720623577,6149,5.285615942542681,hiv_4985,MoleculeNet_HIV,True
O=c1[nH]c2nccn2c(Cl)c1Br,5.523402146742425,6150,5.1907923008303785,hiv_32162,MoleculeNet_HIV,True
O=[N+]([O-])c1cccc(C2=NOC3CCCC23)c1,5.523337669233174,6151,5.1733845910155924,hiv_18537,MoleculeNet_HIV,True
CCN(CC)P1(=O)C=C(C)C2C1C1C=C(C)C2P1(=O)N(CC)CC,5.523315238137586,6152,5.183995725336515,hiv_10183,MoleculeNet_HIV,True
CC1NCCNCCNCCNC(C)c2cccc1n2,5.523197902572747,6153,5.2040379183038175,hiv_5921,MoleculeNet_HIV,True
COC(=O)CC1(C)CCC2(OC(CC(C)=O)C3C(C)(C)CCCC32C)O1,5.523146941555808,6154,5.161781397958621,hiv_10453,MoleculeNet_HIV,True
Cc1nc(NS(=O)(=O)c2ccc(N)cc2)oc1C,5.523055529897195,6155,5.147736710078581,hiv_35043,MoleculeNet_HIV,True
COc1ccc(C2C(C#N)=C(S)N(C3OC(COC(C)=O)C(OC(C)=O)C(OC(C)=O)C3OC(C)=O)C(c3ccccc3)=C2C(C)=O)cc1,5.523014404071764,6156,5.256987391911588,hiv_32422,MoleculeNet_HIV,True
NCCSSCC(N)C(=O)O,5.522986573434373,6157,5.402421867407949,hiv_5501,MoleculeNet_HIV,True
Cc1nc2c(O)nc3ccccc3c2o1,5.522981593063681,6158,5.248840420113349,hiv_35804,MoleculeNet_HIV,True
CC(=O)Oc1ccc(C2(c3ccc(OC(C)=O)cc3)C(=O)Nc3ccccc32)cc1,5.522785793144161,6159,5.308907910860219,hiv_2043,MoleculeNet_HIV,True
O=c1oc2cc(O)ccc2c2oc3cc(O)ccc3c12,5.5227266582576755,6160,5.209628161040514,hiv_926,MoleculeNet_HIV,True
O=c1ssc2ccccc12,5.522633073164286,6161,5.2183266325208235,hiv_5411,MoleculeNet_HIV,True
COC(=O)C1=C(C(=O)OC)C2(c3ccccc3)OC1(c1ccccc1)c1cc3ccccc3cc12,5.522577050708477,6162,5.282805875339668,hiv_13206,MoleculeNet_HIV,True
c1ccc(-c2ccccn2)nc1,5.5223590888644605,6163,5.28588000827659,hiv_10608,MoleculeNet_HIV,True
COC(c1ccccc1)(c1nc(C#N)c(N)o1)C(F)(F)F,5.522306708298732,6164,5.267969783546033,hiv_37749,MoleculeNet_HIV,True
N#Cc1nc(C(CO)N(Cc2ccccc2)C(=O)O)oc1N,5.522298160632304,6165,5.415682644409414,hiv_36692,MoleculeNet_HIV,True
COc1ccc(C(=O)O)c(Cc2cccc3ccccc23)c1,5.522214514977321,6166,5.2301665240078306,hiv_12358,MoleculeNet_HIV,True
N=C(OC1CCCCC1)N1CCCC1,5.522168665555277,6167,5.181329607394124,hiv_1491,MoleculeNet_HIV,True
O=S1(=O)CCCS(=O)(=O)C(c2ccccc2)=C1c1ccccc1,5.522132458622403,6168,5.284854131147801,hiv_19306,MoleculeNet_HIV,True
CC12C3CC4C5CC(C(C53)C1NCc1ccccc1)C42.Cl,5.522061963883099,6169,5.241577761272033,hiv_21003,MoleculeNet_HIV,True
N=c1nn[nH]n1-c1ccccc1,5.522048360859343,6170,5.22826235382491,hiv_986,MoleculeNet_HIV,True
Clc1c(C(Cl)(Cl)Cl)nsc1N1CCCCC1,5.521972219351759,6171,5.187887303382154,hiv_27694,MoleculeNet_HIV,True
CCOC(=O)CC1(N)CC2c3ccccc3OC(=O)C2C(=O)N1,5.521956813967303,6172,5.241465410808544,hiv_35845,MoleculeNet_HIV,True
CCCCCn1c(=O)c2c(=O)[nH][nH]c2c2ccccc21,5.521832020052032,6173,5.242245092627576,hiv_32118,MoleculeNet_HIV,True
COc1cccc2c1[OH+][Cu-3]1([O+]=C2)[O+]=Cc2cccc(OC)c2[OH+]1,5.5218025028499085,6174,5.191053182504517,hiv_18053,MoleculeNet_HIV,True
Cc1ccc2nc(NC(=S)SSC(=S)Nc3nc4ccc(C)cc4s3)sc2c1,5.521780593288541,6175,5.157286949087419,hiv_7947,MoleculeNet_HIV,True
CC(C)C(NC(=O)OC(C)(C)C)C(=O)N1CCCC1C(=O)OCc1ccccc1,5.521769923067176,6176,5.42084997247254,hiv_29073,MoleculeNet_HIV,True
O=c1oc2ncccc2n1Cc1ccc([N+](=O)[O-])cc1,5.52175750931672,6177,5.165141365813683,hiv_28201,MoleculeNet_HIV,True
O=C1NC2OC(CO)C(O)C2O1,5.52174082391212,6178,5.179516697036689,hiv_22586,MoleculeNet_HIV,True
O=C1NC2OC(CO)C(O)C(O)C2O1,5.52174082391212,6179,5.179516697036689,hiv_23140,MoleculeNet_HIV,True
C=C(C)CC(C)(c1cc2ccccc2n1C)N1CCOCC1,5.521630698006963,6180,5.239336860534662,hiv_21857,MoleculeNet_HIV,True
CC(=O)OC1CN(S(=O)(=O)c2ccc(C)cc2)CC1C1CCCCC1,5.521619607646941,6181,5.183780442150611,hiv_40394,MoleculeNet_HIV,True
NC(=O)N1c2ccccc2C=Cc2ccccc21,5.521602285293232,6182,5.28946837338664,hiv_5754,MoleculeNet_HIV,True
c1ccc2cc(SSc3ccc4ccccc4c3)ccc2c1,5.521593799656334,6183,5.288799813795036,hiv_32941,MoleculeNet_HIV,True
CC(C)(C)C1=CC(=C(P(=O)(O)O)P(=O)(O)O)C=C(C(C)(C)C)C1=O.[NaH],5.521554465371295,6184,5.212781291115071,hiv_19002,MoleculeNet_HIV,True
CC(C)=O.FC(F)(F)C1=[O+][Rh+2]234[O+]=C(C(F)(F)F)[OH+][Rh+2]2([O+]=C(C(F)(F)F)[OH+]3)([O+]=C(C(F)(F)F)[OH+]4)[OH+]1,5.52146542051773,6185,5.200335797730319,hiv_23878,MoleculeNet_HIV,True
CN(C)CC1CCCC(=Cc2ccc(OC(=O)C=Cc3ccc(Cl)cc3)cc2)C1=O.Cl,5.521378193434312,6186,5.170240641961741,hiv_38500,MoleculeNet_HIV,True
CCOC(=O)OC(=S)N(C1CCCCC1)C1CCCCC1,5.521277257429,6187,5.183995725336515,hiv_649,MoleculeNet_HIV,True
CNC(=O)OCc1cnc([N+](=O)[O-])n1C,5.521267140280138,6188,5.183053717457321,hiv_31930,MoleculeNet_HIV,True
CN1C(=O)C(c2c[nH]c3ccccc23)N(C)C(=O)C1c1c[nH]c2ccccc12,5.521213834603724,6189,5.184389545657453,hiv_31432,MoleculeNet_HIV,True
CCc1nc2ccc(C(F)(F)F)cc2nc1O,5.521173024309961,6190,5.177347091419128,hiv_35857,MoleculeNet_HIV,True
OC1(c2ccccc2)CC2CCC(C1)N2CCCC(O)(c1ccccc1)c1ccccc1,5.52117242181607,6191,5.285882809612715,hiv_28014,MoleculeNet_HIV,True
COC(=O)C1CN=CN1CCc1ccccc1,5.521124931257194,6192,5.21523673341974,hiv_27418,MoleculeNet_HIV,True
O=C1NC(=O)C(c2ccccc2)(c2ccccc2)N1,5.520666775622613,6193,5.3042421453415125,hiv_416,MoleculeNet_HIV,True
O=[n+]1onc2[c-]1-c1nonc1CC2,5.520663465338264,6194,5.181883249545985,hiv_27234,MoleculeNet_HIV,True
Cc1nc(NCc2ccccc2)c2cc[nH]c2n1,5.520583980950045,6195,5.241471158361491,hiv_3964,MoleculeNet_HIV,True
CSc1nc(O)c2[nH]c(=N)n(C3OC(CO)C(O)C(O)C3O)c2n1,5.520550760422305,6196,5.180897982727555,hiv_13825,MoleculeNet_HIV,True
[I-].c1ccc([P+](CCCCCCCC[P+](c2ccccc2)(c2ccccc2)c2ccccc2)(c2ccccc2)c2ccccc2)cc1,5.5204650798552075,6197,5.404688879594403,hiv_29994,MoleculeNet_HIV,True
COC(C(=O)NCCCCNC(=O)C(OC)c1ccccc1)c1ccccc1,5.5204650798552075,6198,5.390215036669561,hiv_11813,MoleculeNet_HIV,True
O=C1OC(=C2OCc3ccccc32)c2ccccc21,5.520425599860406,6199,5.28776223139736,hiv_3806,MoleculeNet_HIV,True
C=C1CN(S(=O)(=O)c2ccc(C)cc2)CCCN(Cc2ccccc2)CCN(S(=O)(=O)c2ccc(C)cc2)C1.Cl,5.52041593349316,6200,5.227869626159946,hiv_40905,MoleculeNet_HIV,True
O=c1oc2ccccc2n1Cc1ccc(Cl)cc1,5.520414648842064,6201,5.215746816956751,hiv_8141,MoleculeNet_HIV,True
O=NN=c1o[n-][n+](CCc2ccccc2)c1Cc1c(=NN=O)o[n-][n+]1CCc1ccccc1,5.520391145424899,6202,5.249744309032481,hiv_33454,MoleculeNet_HIV,True
CON(C)C(C#N)=C(C#N)C#N,5.520342933573345,6203,5.161344471664423,hiv_27039,MoleculeNet_HIV,True
Nc1ncnc2oc(-c3cccs3)nc12,5.520249509427063,6204,5.18539363279623,hiv_34106,MoleculeNet_HIV,True
COC(=O)C1CCOC(C)N1C(=O)OC(C)(C)C,5.520143815696065,6205,5.183055890628245,hiv_29458,MoleculeNet_HIV,True
CC(C)(C)OC(=O)NC(Cc1ccc(OC(C)(C)C)cc1)C(=O)NC1CCC(C(=O)O)C1,5.520136169561523,6206,5.398896985415656,hiv_31123,MoleculeNet_HIV,True
CC1SC(=O)SC1C,5.520104207746471,6207,5.176821652897457,hiv_23967,MoleculeNet_HIV,True
N=C(N)SCc1ccc2nsnc2c1,5.520083034614342,6208,5.147926714485484,hiv_8057,MoleculeNet_HIV,True
Nc1nc(N)c(CCCCc2ccccc2)c(C=Cc2ccc([N+](=O)[O-])cc2)n1,5.520046763566314,6209,5.228036498083796,hiv_6436,MoleculeNet_HIV,True
c1cnc2nc3c4ccccc4c4ccccc4c3nc2c1,5.520038834523084,6210,5.250618675149802,hiv_3294,MoleculeNet_HIV,True
O=C(Cn1nc(Br)c(Br)c1Br)c1ccccc1,5.519875142957036,6211,5.276903337096996,hiv_34183,MoleculeNet_HIV,True
O=C(C#Cc1ccccc1)N1c2ccccc2CC1c1c[nH]c2ccccc12,5.519848731504391,6212,5.177089369730193,hiv_15711,MoleculeNet_HIV,True
O=C1C2CC3OC3CC2C(=O)N1CCCCCCN1C(=O)C2CC3OC3CC2C1=O,5.519672199250638,6213,5.173180791167553,hiv_1712,MoleculeNet_HIV,True
O=C1C2CC3OC3CC2C(=O)N1CCN1C(=O)C2CC3OC3CC2C1=O,5.519672199250638,6214,5.173180791167553,hiv_1800,MoleculeNet_HIV,True
S=c1sscc1-c1ccccc1,5.519644158777241,6215,5.273901587848752,hiv_1411,MoleculeNet_HIV,True
c1ccc2c(c1)cc1c3[nH]c4ccccc4c3ccn21,5.519626649157706,6216,5.2355379987295265,hiv_26599,MoleculeNet_HIV,True
S=C1SCC2CCCN12,5.5195213001049215,6217,5.180617369639661,hiv_13957,MoleculeNet_HIV,True
NCCCc1nonc1C(=O)O,5.519459205716068,6218,5.159520124909958,hiv_27221,MoleculeNet_HIV,True
Nn1c(CCCCCCCCc2nnc(COc3ccc(Cl)cc3)n2N)nnc1COc1ccc(Cl)cc1,5.519457412535526,6219,5.120071507645961,hiv_39519,MoleculeNet_HIV,True
O=S(CC(O)c1ccccc1)c1ccccc1,5.519445379532871,6220,5.404688879594403,hiv_5195,MoleculeNet_HIV,True
CC1NC(=O)C2Cc3ccc(O)c(c3)Oc3cccc(c3)C(O)C(C(=O)N2C)N(C)C(=O)C(C)NC(=O)C(Cc2ccc(O)c(O)c2)N(C)C(=O)C(C)NC1=O,5.519255724504941,6221,5.17434082384213,hiv_7978,MoleculeNet_HIV,True
Brc1ccc2c(ccc3nc4nnnn4nc32)c1,5.519246009982203,6222,5.133929266840393,hiv_9164,MoleculeNet_HIV,True
COc1ccc(CCn2nccc2C)cc1.Cl,5.519180581498274,6223,5.103290638326598,hiv_28695,MoleculeNet_HIV,True
FC(F)(F)c1cccc(C=[N+]2N=C(c3ccncc3)[OH+][Cu-3]23[OH+]C(c2ccncc2)=N[N+]3=Cc2cccc(C(F)(F)F)c2)c1,5.51905398339641,6224,5.114410872801868,hiv_38023,MoleculeNet_HIV,True
O=[N+]([O-])c1ccc(C2NC3=C(CCCC3)N2)cc1,5.51873682449004,6225,5.180538457995225,hiv_22816,MoleculeNet_HIV,True
O=C1c2cccc3cc([N+](=O)[O-])cc(c23)C(=O)N1CCN1CCCC1,5.518701561824453,6226,5.233399865752552,hiv_7577,MoleculeNet_HIV,True
C=C(C(=C)P(=S)(c1ccccc1)c1ccccc1)P(=S)(c1ccccc1)c1ccccc1,5.518676637376918,6227,5.2825057419605415,hiv_14792,MoleculeNet_HIV,True
S=c1nc(COc2ccc(Cl)cc2)[nH][nH]1,5.518594375803871,6228,5.1907923008303785,hiv_12505,MoleculeNet_HIV,True
Cc1ccc(N=Nc2c(=N)[nH]n3cc4c(nc23)CCCCC4)cc1,5.5185454586661,6229,5.183232292391622,hiv_37453,MoleculeNet_HIV,True
Cc1ccc(N=Nc2c(=N)[nH]n3cc4c(nc23)CCCC4)cc1,5.5185454586661,6230,5.183232292391622,hiv_37447,MoleculeNet_HIV,True
Sc1nncc(SCc2ccccc2)c1SCc1ccccc1,5.518529644809147,6231,5.186889127091712,hiv_2245,MoleculeNet_HIV,True
CSCCC(NC(=O)C(CC(C)C)NC(=O)C1CCCN1C(=O)C(Cc1ccccc1)NC(=O)C(Cc1ccccc1)NC(=O)C(CCC(=O)O)NC(=O)OC(C)(C)C)C(N)=O,5.518372703927881,6232,5.445641438785968,hiv_21719,MoleculeNet_HIV,True
COCOC1CC2C(=O)Nc3ccccc3C(=O)N2C1,5.518218554553438,6233,5.280353091520023,hiv_39760,MoleculeNet_HIV,True
CSc1nc2c(c(N(C)C)n1)C=Nn1c(nc3ccccc31)S2,5.518178829591463,6234,5.24122706020048,hiv_39772,MoleculeNet_HIV,True
C=C=C(CCCC)C(=O)O,5.518154829442938,6235,5.171780413860496,hiv_9897,MoleculeNet_HIV,True
O=C1CNCCNCC(=O)Nc2ccccc2-c2ccccc2N1,5.518136831233915,6236,5.316110582150657,hiv_14177,MoleculeNet_HIV,True
CCCCC1=NNC(=O)C1,5.518080976483323,6237,5.202809051367202,hiv_36891,MoleculeNet_HIV,True
CNP1(NC)=NP(NC)(NC)=NP(NC)(NC)=NP(NC)(NC)=N1,5.51802756114183,6238,5.186079085853435,hiv_2012,MoleculeNet_HIV,True
CN(C)c1ccc(-c2ccc(N(C)C)c3n[se]nc23)c2n[se]nc12,5.51802756114183,6239,5.186079085853435,hiv_32159,MoleculeNet_HIV,True
C#CCN(N=O)C(=O)NCCCCC(NC(=O)OCc1ccccc1)C(=O)OCc1ccccc1,5.518023014463074,6240,5.404067757784038,hiv_16432,MoleculeNet_HIV,True
C#CCN(N=O)C(=O)NC(CCCCNC(=O)OCc1ccccc1)C(=O)OCc1ccccc1,5.518023014463074,6241,5.404067757784038,hiv_17011,MoleculeNet_HIV,True
Cc1ccc(N2C(=O)C(=C3SC(C(N)=O)=C(N)N3c3ccccc3)SC2=S)cc1,5.5180202468532045,6242,5.281407658867275,hiv_23214,MoleculeNet_HIV,True
OCCCN(CCO)CCN(CCCO)CCCO,5.518017649280703,6243,5.182232817634844,hiv_359,MoleculeNet_HIV,True
FC(F)(F)c1nc(-c2ccccc2)oc1Sc1oc(-c2ccccc2)nc1C(F)(F)F,5.517990767813344,6244,5.273901587848752,hiv_12990,MoleculeNet_HIV,True
O=P1(c2ccccc2)c2ccccc2CCc2ccccc21,5.517965034967167,6245,5.2825057419605415,hiv_28468,MoleculeNet_HIV,True
c1ccc([PH]2(c3ccccc3)CC[PH]34CC[PH](c5ccccc5)(c5ccccc5)[Pt-2]32[PH](c2ccccc2)(c2ccccc2)CC4)cc1,5.517965034967167,6246,5.2825057419605415,hiv_16604,MoleculeNet_HIV,True
CN(N=NN(C)c1ccccc1)c1ccccc1,5.517965034967167,6247,5.285983976360907,hiv_3106,MoleculeNet_HIV,True
[O-][N+]1=[N+]([O-])C(c2ccccc2)C1c1ccccc1,5.517965034967167,6248,5.276950901033688,hiv_36440,MoleculeNet_HIV,True
S=P1(Oc2ccccc2)OCCO1,5.517965034967167,6249,5.2825057419605415,hiv_1497,MoleculeNet_HIV,True
OC1CC(O)OC(c2ccccc2)C1,5.517965034967167,6250,5.275235808218048,hiv_12802,MoleculeNet_HIV,True
ON=C1CSc2ccccc2C1,5.517965034967167,6251,5.28776223139736,hiv_27462,MoleculeNet_HIV,True
[BrH+][Ni-2]1([BrH+])[PH](c2ccccc2)(c2ccccc2)c2ccccc2[PH]1(c1ccccc1)c1ccccc1,5.517965034967167,6252,5.266640531675938,hiv_13208,MoleculeNet_HIV,True
[Na+].c1ccc2c(c1)[SH+][Pb]1([SH+]2)[SH+]c2ccccc2[SH+]1,5.517965034967167,6253,5.28776223139736,hiv_35731,MoleculeNet_HIV,True
CC1C=CC2COC(=O)C2=CC1c1ccccc1,5.517965034967167,6254,5.257633686676813,hiv_13263,MoleculeNet_HIV,True
O=c1ccc2ccccc2c2ccccc12,5.517965034967167,6255,5.250618675149802,hiv_21549,MoleculeNet_HIV,True
c1ccc2c(c1)SC1=C(SC(=C3SC4=C(S3)Sc3ccccc3S4)S1)S2,5.517965034967167,6256,5.28776223139736,hiv_38609,MoleculeNet_HIV,True
O=P1(Oc2ccccc2)OCC2SC(c3ccccc3)CC2O1,5.517965034967167,6257,5.272251899125388,hiv_32367,MoleculeNet_HIV,True
CC1CCCCNC1=S,5.517932595461685,6258,5.2040379183038175,hiv_26915,MoleculeNet_HIV,True
O=C1c2scnc2-c2nccc3c2c1nc1ccccc13,5.51792113979088,6259,5.232402101349992,hiv_37168,MoleculeNet_HIV,True
CC(C)(CC(O)C#N)[N+]([O-])=[N+]([O-])C(C)(C)CC(O)C#N,5.517881888842529,6260,5.410438989338048,hiv_36948,MoleculeNet_HIV,True
N#CC(NCCc1ccccc1)c1ccc(C(C#N)NCCc2ccccc2)cc1,5.517849693460989,6261,5.403350155876953,hiv_34325,MoleculeNet_HIV,True
O=C(c1cccc(C(=O)N(c2ccccc2)c2ccccc2)n1)N(c1ccccc1)c1ccccc1,5.5177686800572,6262,5.2825057419605415,hiv_16796,MoleculeNet_HIV,True
CC(C)CCCC(C)C1CCC2C3CCC4CC(CCC=C(c5cc(Cl)c(OC(=O)c6ccccc6)c(C(=O)O)c5)c5cc(Cl)c(OC(=O)c6ccccc6)c(C(=O)O)c5)CCC4(C)C3CCC12C.[NaH],5.517755626997638,6263,5.415494955373505,hiv_33652,MoleculeNet_HIV,True
Nc1c(N=Nc2ccc([N+](=O)[O-])cc2)c(S(=O)(=O)O)cc2cc(S(=O)(=O)O)c(N=Nc3ccccc3)c(O)c12,5.517614009045786,6264,5.2642832134050614,hiv_388,MoleculeNet_HIV,True
Clc1ccc(CSc2ccc3nncc(SCc4ccc(Cl)cc4)c3c2)cc1,5.517518787556514,6265,5.067234791142684,hiv_2344,MoleculeNet_HIV,True
O=C1NC(C(CCCCCO)OC(=O)c2ccccc2)CO1,5.5175045935762395,6266,5.399531547858785,hiv_38602,MoleculeNet_HIV,True
O=S1(=O)OCCCO1,5.517321529269735,6267,5.1849492406403295,hiv_9902,MoleculeNet_HIV,True
O=S1(=O)CS(=O)(=O)OCCCCCO1,5.517321529269735,6268,5.185650226897836,hiv_9194,MoleculeNet_HIV,True
CCCCCc1cc(CCCC)sc1-c1ccco1,5.51731843086142,6269,5.195287150569344,hiv_25844,MoleculeNet_HIV,True
O=C(CCSSCCC(=O)ON1C(=O)CCC1=O)ON1C(=O)CCC1=O,5.517196256103793,6270,5.183434634002706,hiv_7974,MoleculeNet_HIV,True
N=c1oc2ccc([N+](=O)[O-])cc2cc1C(=O)NCc1ccccc1,5.517192273461775,6271,5.192077824652745,hiv_35658,MoleculeNet_HIV,True
CC1C=CC(C(=O)O)C2C(=O)OC(=O)C12,5.517114799404022,6272,5.152472306732523,hiv_6551,MoleculeNet_HIV,True
CC(=O)OC1SC(OC(C)=O)C2OC(=O)OC12,5.517114799404022,6273,5.175825243018282,hiv_7598,MoleculeNet_HIV,True
OCC1C2C=CC(O2)C1CO,5.517025229791287,6274,5.174962883892351,hiv_13941,MoleculeNet_HIV,True
CC(C)=CCCC(C)=CC=NO,5.517025229791287,6275,5.185711052035209,hiv_18665,MoleculeNet_HIV,True
COC=CCCCO,5.517025229791287,6276,5.160976437846197,hiv_16050,MoleculeNet_HIV,True
O=C(O)C=CCCCCC(=O)O,5.517025229791287,6277,5.176976328198026,hiv_631,MoleculeNet_HIV,True
O=C(O)C=CCCCCCCCCC(=O)O,5.517025229791287,6278,5.176976328198026,hiv_396,MoleculeNet_HIV,True
C[N+](C)(C)CC1C2C=CC(C2)C1CO,5.517025229791287,6279,5.178441118292716,hiv_1736,MoleculeNet_HIV,True
COC(=O)C(C)(C)NC(=O)C(Cc1ccccc1)NC(=O)C(C)(C)NC(=O)OCc1ccccc1,5.517022411777199,6280,5.389162499821849,hiv_29702,MoleculeNet_HIV,True
N#CC1(C#N)C2C=CC(c3coc4cccc2c34)C1(C#N)C#N,5.51691226752906,6281,5.120548367969052,hiv_14040,MoleculeNet_HIV,True
CC(C)(C)[N+]([O-])=[N+]([O-])C(C)(C)C,5.5167526496470805,6282,5.218071679144372,hiv_32967,MoleculeNet_HIV,True
S=C1NCCNC(=S)SS1,5.516751885565794,6283,5.209444742246813,hiv_819,MoleculeNet_HIV,True
O=C1Oc2ccccc2C(=O)C1=CN1C(=O)C(=Cc2ccc3c(c2)OCO3)SC1=S,5.516741976178798,6284,5.214026875119083,hiv_25418,MoleculeNet_HIV,True
O=C(O)C(CO)NC(=O)n1c2ccccc2c2ccccc21,5.516741621557459,6285,5.36240139366132,hiv_22194,MoleculeNet_HIV,True
O=C1OC2C(I)C3C4CCC3C2C14,5.516733598682843,6286,5.172347008617916,hiv_31537,MoleculeNet_HIV,True
N#CCC(O)CC#N,5.516696972382062,6287,5.396520362649843,hiv_12065,MoleculeNet_HIV,True
O=C1OCCOCCOC(=O)c2cccc(n2)C(=O)OCCOCCOC(=O)c2cccc1n2,5.516655157315981,6288,5.18260085145307,hiv_16794,MoleculeNet_HIV,True
O=C1OCCOCCOCCOCCOCCOCCOC(=O)c2cccc1n2,5.516655157315981,6289,5.18260085145307,hiv_7510,MoleculeNet_HIV,True
Cc1ccc(S(=O)(=O)N2CCCSCC2)cc1,5.516605761594853,6290,5.204474085864736,hiv_22676,MoleculeNet_HIV,True
Cc1ccc(S(=O)(=O)N2CCCSCCSCCCSCC2)cc1,5.516605761594853,6291,5.204474085864736,hiv_22764,MoleculeNet_HIV,True
COCCCNC1=C(C#N)C(=O)NC(c2cccc([N+](=O)[O-])c2)S1,5.5166013893852615,6292,5.158437317177083,hiv_7581,MoleculeNet_HIV,True
COc1cc(C=Nc2nncs2)ccc1O,5.5165946024196115,6293,5.078810761673999,hiv_16918,MoleculeNet_HIV,True
Cc1nc2c(nc1C)C(=O)C1=C(C2=O)C2C=CC1CC2,5.51653666058961,6294,5.1747899223704135,hiv_10016,MoleculeNet_HIV,True
O=[N+]([O-])c1ccc(C=NNc2nnc3c4ccccc4c4ncccc4c3n2)o1,5.516507019771902,6295,5.188183837636862,hiv_26581,MoleculeNet_HIV,True
CCSc1[nH]c(NC(=S)NC(=O)c2ccccc2Cl)c(C(N)=O)c1C(N)=O,5.516490747898998,6296,5.3034297683641265,hiv_26541,MoleculeNet_HIV,True
CC[N+]1(CC)CCN[Co-4]123([OH+]C(=O)[OH+]2)[OH+]C(=O)[OH+]3.[K+],5.51640110176969,6297,5.229732761487147,hiv_36814,MoleculeNet_HIV,True
CCN(CC)c1ccc2cc3ccc(N(CC)CC)cc3[o+]c2c1,5.5163668584298255,6298,5.195287150569344,hiv_1503,MoleculeNet_HIV,True
FC(F)(Oc1ccccc1)c1nc2ccccc2o1,5.51631164400327,6299,5.2825057419605415,hiv_40717,MoleculeNet_HIV,True
N#CC(C#N)=C1CCC2C(=C(C#N)C#N)CCC12,5.516247641308858,6300,5.175330917710577,hiv_12188,MoleculeNet_HIV,True
O=C(O)CC1NC(C(=Cc2ccccc2O)NC(=O)c2ccccc2)OC1=O,5.5162242466662965,6301,5.275791335894946,hiv_36202,MoleculeNet_HIV,True
Cc1nc2c(=O)n3c4c(cccc4c2o1)CCC3,5.5161302288897875,6302,5.183745047012323,hiv_35806,MoleculeNet_HIV,True
O=C(CCCCCCCCC(=O)OCCCn1cc(C(=O)NC(=O)OCc2ccccc2)c(=O)[nH]c1=O)OCCCn1cc(C(=O)NC(=O)OCc2ccccc2)c(=O)[nH]c1=O,5.516086757664125,6303,5.229807737696883,hiv_19305,MoleculeNet_HIV,True
COc1ccccc1C(=O)O[Sn](c1ccccc1)(c1ccccc1)c1ccccc1,5.515961482502198,6304,5.262073851518556,hiv_23841,MoleculeNet_HIV,True
Cc1nc(O)c2oc3cc4ccccc4cc3c2c1C(=O)O,5.515842788685532,6305,5.287021558758583,hiv_26891,MoleculeNet_HIV,True
O=C1C=CCC(C=CCC(O)CC(O)C=Cc2ccccc2)O1,5.515837999163884,6306,5.3944350367592495,hiv_33245,MoleculeNet_HIV,True
COc1ccc(-c2cn3c([nH]c(=O)c4cc(Br)ccc43)c2C#N)cc1,5.515824379015403,6307,5.141751386064068,hiv_10171,MoleculeNet_HIV,True
Nc1nc(O)c2c(n1)NCC(COP(=O)(O)OP(=O)(O)O)=N2,5.5157889066072725,6308,5.367098340326115,hiv_10888,MoleculeNet_HIV,True
ClC1=NSC(Cl)=NS1,5.515770143632952,6309,5.18260085145307,hiv_2757,MoleculeNet_HIV,True
O=[N+]([O-])C1C2C=CC(C2)C1c1ccco1,5.515767285455042,6310,5.172347008617916,hiv_14344,MoleculeNet_HIV,True
CN(C)N=Nc1ccc2[nH]c(=O)[nH]c2c1,5.515603846857739,6311,5.171977012554231,hiv_35304,MoleculeNet_HIV,True
CSc1c(C(N)=S)c(=N)[nH]n1-c1ccccc1,5.515520827146831,6312,5.2774061044351885,hiv_38062,MoleculeNet_HIV,True
O=[N+]([O-])C(C(Cl)=C(Cl)Br)=C(N1CCCCC1)N1CCCCC1,5.515510711434408,6313,5.187887303382154,hiv_31281,MoleculeNet_HIV,True
O=c1c(SCc2ccc(Cl)c(Cl)c2)c(SCc2ccc(Cl)c(Cl)c2)cnn1-c1ccccc1,5.515254976816931,6314,5.237999350697661,hiv_2351,MoleculeNet_HIV,True
COC(=O)C12CCC(C(=O)OC)(Cc3c(c4ccccc4n3S(=O)(=O)c3ccccc3)C1)C2=O,5.515231293115407,6315,5.191413481998881,hiv_39318,MoleculeNet_HIV,True
O=S(=O)(c1ccccn1)c1nc2ccccc2s1,5.515209804984026,6316,5.28776223139736,hiv_10173,MoleculeNet_HIV,True
O=C(C=Cc1ccccc1)CCC1C(=O)c2ccccc2C1=O,5.51518760209423,6317,5.282999702122957,hiv_22365,MoleculeNet_HIV,True
COC(=O)Cc1cccc2c1CCC2=O,5.5151812450573345,6318,5.160976437846197,hiv_32695,MoleculeNet_HIV,True
O=C(c1ccccc1)c1cc2c(nc1O)CCCCCC2,5.515139020851787,6319,5.285838760300171,hiv_37480,MoleculeNet_HIV,True
O=c1c2ccccc2c(=O)n2n1C1CCC2C1,5.515104592249908,6320,5.2411986148642855,hiv_8677,MoleculeNet_HIV,True
Cl.NCCC1([N+](=O)[O-])C=CN=CC1,5.515010952044074,6321,5.193944454048117,hiv_33855,MoleculeNet_HIV,True
Cc1cc(=O)n2c(cc3cccccc32)n1,5.514907399755551,6322,5.242264642598156,hiv_13902,MoleculeNet_HIV,True
CC(C)(C)N1CC1CNC(=O)C(=O)NCC1CN1C(C)(C)C,5.514865690204207,6323,5.210213733616838,hiv_7530,MoleculeNet_HIV,True
O=C1c2ccccc2C(=O)N1N1C(=O)C2C3CCC(O3)C2C1=O,5.514851098925293,6324,5.278342171111843,hiv_6095,MoleculeNet_HIV,True
O=C(Oc1ccccc1)N(CCO)C(c1ccccc1)C(O)c1ccccc1,5.514828646957473,6325,5.403531610093066,hiv_1377,MoleculeNet_HIV,True
CC=C(CCCCCOCOCCOC)[Si](C)(C)C,5.5147592219583546,6326,5.157754379871634,hiv_16031,MoleculeNet_HIV,True
CNC(=S)NNC1=NCCCCN1.I,5.514623462871177,6327,5.20829691736134,hiv_29581,MoleculeNet_HIV,True
O=c1c2ccccc2[nH]c2ccc3c(Cl)n[nH]c3c12,5.514621746869574,6328,5.243066619043173,hiv_14186,MoleculeNet_HIV,True
CC(=O)c1ccc2c3c(ccc([N+](=O)[O-])c13)C(=O)OC2=O,5.514470964996362,6329,5.186079085853435,hiv_5100,MoleculeNet_HIV,True
O=C(O)CN1CCNCCN(CC(=O)O)CCN(CC(=O)O)CCNCC1,5.514394513541121,6330,5.20873002027549,hiv_39402,MoleculeNet_HIV,True
Cc1ccc(S(=O)(=O)c2scc(-c3ccccc3)c2C)cc1,5.514149747579646,6331,5.280705058449062,hiv_24635,MoleculeNet_HIV,True
Cc1nc(-c2cc3c(ccc4ccccc43)oc2=O)cs1,5.514135780031569,6332,5.268160785788071,hiv_35645,MoleculeNet_HIV,True
Cl.N=c1c2ccccc2nc2oc3ccc(Cl)cc3n12,5.514105564566009,6333,5.201642851950233,hiv_29884,MoleculeNet_HIV,True
Cc1ccccc1[PH](Cc1ccccc1)(c1ccccc1)c1ccccc1C,5.5139761832944725,6334,5.235820886741606,hiv_4289,MoleculeNet_HIV,True
Cn1c2ccc(Cl)cc2c2oc(-c3nnn[nH]3)cc(=O)c21,5.513964325704596,6335,5.105085337519854,hiv_8690,MoleculeNet_HIV,True
CC(=O)Oc1c2oc3ccc(Cl)cc3c(=O)c2c(O)c2ccsc12,5.513954200600339,6336,5.170786842882598,hiv_35690,MoleculeNet_HIV,True
C1CC2N=C3OCCC3N=C2O1,5.513932268877343,6337,5.175330917710577,hiv_1072,MoleculeNet_HIV,True
COC(=O)c1c(-c2ccccc2)sc(-c2cccc3ccccc23)c1C(=O)OC,5.513929934676582,6338,5.22949697542838,hiv_13256,MoleculeNet_HIV,True
c1csc(-c2ccc(-c3ccsc3)s2)c1,5.513914405628198,6339,5.175917119244797,hiv_40577,MoleculeNet_HIV,True
ON=C1CCC(c2ccccc2)CC1,5.51386974270268,6340,5.275235808218048,hiv_9672,MoleculeNet_HIV,True
Cc1ccc(S(=O)(=O)c2c(N)n(CCN(C)C)c3nc4ccccc4nc23)cc1,5.513862402162411,6341,5.240608123082955,hiv_23941,MoleculeNet_HIV,True
Cc1nc(-n2[nH]c(C)c(CCO)c2=O)nc(O)c1CCO,5.513847693860319,6342,5.199628814092681,hiv_26371,MoleculeNet_HIV,True
Cl.NC1(CCCCCCCCCCC(=O)O)CNCCNCCNCCNC1,5.513735276468038,6343,5.216971186418108,hiv_21640,MoleculeNet_HIV,True
NC1(CSS(=O)(=O)O)CCN1,5.513735276468038,6344,5.213060859656032,hiv_6134,MoleculeNet_HIV,True
CC(=O)NC(=N)NC#N,5.513700561656425,6345,5.186079085853435,hiv_1994,MoleculeNet_HIV,True
c1cnc2c(c1)Sc1ncccc1S2,5.513655343690794,6346,5.18260085145307,hiv_7922,MoleculeNet_HIV,True
CN(CC(O)C(O)CN(C)C(=S)S)C(=S)S,5.5135965015097534,6347,5.364228320020865,hiv_1077,MoleculeNet_HIV,True
Cl.O=C(NCCCN1CC2CCCC2C1)C(c1ccccc1)c1ccccc1,5.5135617553127805,6348,5.392230602206813,hiv_27135,MoleculeNet_HIV,True
COc1ccc(-c2cc(-c3ccccc3)nc(N)c2-c2ccc3ccccc3c2)cc1,5.513527107195921,6349,5.268550473513257,hiv_35119,MoleculeNet_HIV,True
CC1(C)CC[PH](CC[PH]2(c3ccccc3)CCC(C)(C)c3ccccc32)(c2ccccc2)c2ccccc21,5.513482225287535,6350,5.2814002591237665,hiv_8223,MoleculeNet_HIV,True
CC1(C)CC[P+](CCC[P+]2(c3ccccc3)CCC(C)(C)c3ccccc32)(c2ccccc2)c2ccccc21.F[P-](F)(F)(F)(F)F,5.513482225287535,6351,5.292431301886316,hiv_8054,MoleculeNet_HIV,True
CNC(=O)OCc1c(COC(=O)NC)c2n(c1C)CS(=O)(=O)C2,5.513367047032537,6352,5.185402106644581,hiv_9536,MoleculeNet_HIV,True
CC1=C(C)SC(=C2Sc3[nH+]c(O)nc(O)c3S2)S1.CCCC[N+](CCCC)(CCCC)CCCC,5.513253316290124,6353,5.194249568171668,hiv_25393,MoleculeNet_HIV,True
O=C1C(=Cc2ccc(O)c(CN3CCCCC3)c2)CCCC1=Cc1ccc(O)c(CN2CCCCC2)c1,5.513252125862426,6354,5.223478763665346,hiv_35202,MoleculeNet_HIV,True
COC(=O)Sc1c2sc(C(=O)OC)c(C)c2n2ccccc12,5.5132478816057935,6355,5.232641145185771,hiv_11348,MoleculeNet_HIV,True
CCc1cc[n+]([Mn](SC#N)(SC#N)([n+]2ccc(CC)cc2)([n+]2ccc(CC)cc2)[n+]2ccc(CC)cc2)cc1,5.513177830114991,6356,5.145425284155107,hiv_88,MoleculeNet_HIV,True
O=S(c1ccccc1)C1CC2C3CC4C2C4C31,5.513071978133848,6357,5.267035331887073,hiv_19265,MoleculeNet_HIV,True
O=C1c2ccccc2CC12CCC1(CC2)OCCO1,5.512966489802998,6358,5.297113252146794,hiv_28447,MoleculeNet_HIV,True
O=C1CCC(Cl)=CC2CCCN12,5.51286152045409,6359,5.177633460547001,hiv_21419,MoleculeNet_HIV,True
COc1ccc(C(C)=NNC(=O)c2ccncc2)c(OC)c1,5.512844356855779,6360,5.115514239016328,hiv_24250,MoleculeNet_HIV,True
CC1CC(C)C2=NOS3=C2C1=NO3,5.51277390485103,6361,5.1779253701363555,hiv_10530,MoleculeNet_HIV,True
O=S1Cc2ccccc2CSS1,5.512711378676367,6362,5.28776223139736,hiv_11567,MoleculeNet_HIV,True
COc1cc(CC2c3cc(OC)c(OC)cc3CC[N+]2(C)C)c(Oc2cc(CC3c4cc(OC)c(OC)cc4CC[N+]3(C)C)ccc2OC)cc1OC,5.512675670789735,6363,5.052599072440843,hiv_6686,MoleculeNet_HIV,True
COC1CCC(=O)N1CCn1c(SCc2ccccc2)nc2ccccc21,5.512675665487946,6364,5.20005003874094,hiv_16296,MoleculeNet_HIV,True
CC(=O)OCC1OC(OCCCOP(=S)(OCCC#N)OCC2OC(n3ccc(=N)[nH]c3=O)C(OC(=O)c3ccccc3)C2OC(=O)c2ccccc2)C(OC(C)=O)C(OC(C)=O)C1OC(C)=O,5.512672509844215,6365,5.280402839858885,hiv_39263,MoleculeNet_HIV,True
COc1cc(C=NC2CCCCC2)cc(OC)c1OC,5.51255528764204,6366,5.155112120319606,hiv_7149,MoleculeNet_HIV,True
CC(=NNS(=O)(=O)c1ccc(C)cc1)c1ccc[n+]([O-])n1,5.512533149944235,6367,5.18080016794159,hiv_15621,MoleculeNet_HIV,True
O=C(CCc1nc(=S)[nH][nH]1)Nc1cc(Cl)c(Cl)cc1Cl,5.51225112541985,6368,5.15488128241903,hiv_12492,MoleculeNet_HIV,True
COCN1C(=O)C2CC(C=CC(N)=O)=CN2C(=O)c2ccccc21,5.512244884862415,6369,5.261548671983435,hiv_11658,MoleculeNet_HIV,True
O=C(Nc1ccc(Cl)cc1Cl)c1cc2nc3ccccc3c(=O)n2c2ccccc12,5.512234826138841,6370,5.161276458092573,hiv_27293,MoleculeNet_HIV,True
Cc1nc2ccccc2nc1CC(=N)c1ccccc1,5.512087103434298,6371,5.2676758833924655,hiv_7029,MoleculeNet_HIV,True
CC[N+]1(CC)CCC(=O)[Pd-2]12[O+]=C(C)CC(C)=[O+]2,5.512061519970105,6372,5.194249568171668,hiv_6760,MoleculeNet_HIV,True
O=c1n(-c2ccccc2)c(=O)n2n1C1C=CC2C23C=CC12CCCC3,5.512034183210987,6373,5.287170974761152,hiv_6778,MoleculeNet_HIV,True
O=S(=O)(SSS(=O)(=O)c1ccc(Cl)c(Cl)c1)c1ccc(Cl)c(Cl)c1,5.511993966420855,6374,5.183180228614818,hiv_3208,MoleculeNet_HIV,True
COC(=O)CCc1c(Cc2ccc[nH]2)[nH]c(C(=O)OCc2ccccc2)c1C,5.511991032492438,6375,5.2322134563526115,hiv_29656,MoleculeNet_HIV,True
O=C(CN1CCOCC1)c1ccc2c(c1)oc(=O)n2CCN1CCCC1,5.51195735917926,6376,5.174490668769198,hiv_37575,MoleculeNet_HIV,True
O=C(CN1CCOCC1)c1ccc2c(c1)oc(=O)n2CCN1CCCCC1,5.51195735917926,6377,5.174490668769198,hiv_37564,MoleculeNet_HIV,True
Nc1nc(N)c2nc(-c3cccc(O)c3)c(-c3cccc(O)c3)nc2n1,5.5119043406322445,6378,5.175182772195399,davis_10427712,DAVIS_spike_in,True
O=C(CC(O)(c1ccccc1)c1ccc(Cl)cc1)NC(=O)c1ccccc1O,5.511892521183175,6379,5.278693249957162,hiv_15368,MoleculeNet_HIV,True
Oc1nc(S)nc2nc3c4cccnc4c4ccccc4c3nc12,5.511814346874346,6380,5.250618675149802,hiv_24688,MoleculeNet_HIV,True
Cc1ccc2nnn3c(=N)[nH]c(=N)nc3c2c1,5.51178359100266,6381,5.121497035364901,hiv_4563,MoleculeNet_HIV,True
C1C[S+]2CC[S+]1CC2,5.511581544134877,6382,5.18260085145307,hiv_61,MoleculeNet_HIV,True
C1=CSSC=CSSC=CSSC=CSS1,5.511581544134877,6383,5.18260085145307,hiv_39909,MoleculeNet_HIV,True
C[PH](C)(C)[Fe-3](C#[O+])(C#[O+])(C#[O+])[PH](C)(C)C,5.511581544134877,6384,5.186079085853435,hiv_32582,MoleculeNet_HIV,True
C1CSC2=C(S1)SC1=C(S2)SC(=C2SC3=C(SC4=C(SCCS4)S3)S2)S1,5.511581544134877,6385,5.18260085145307,hiv_37288,MoleculeNet_HIV,True
CNC(=S)SSSSC(=S)NC,5.511581544134877,6386,5.1822199349076845,hiv_640,MoleculeNet_HIV,True
[Cl-].c1cc2ccc3ccc[n+]4c3c2[n+](c1)[Co-4]412([n+]3cccc4ccc5ccc[n+]1c5c43)[n+]1cccc3ccc4ccc[n+]2c4c31,5.511581544134877,6387,5.18260085145307,hiv_39029,MoleculeNet_HIV,True
[BH3-][N+]1(C)CC[N+]([BH3-])(C)CC1,5.511581544134877,6388,5.180998228051275,hiv_5233,MoleculeNet_HIV,True
C1CSCCSCSCCS1,5.511581544134877,6389,5.196715408276994,hiv_22783,MoleculeNet_HIV,True
c1cc2sc1CSCCSCCSC2,5.511581544134877,6390,5.18260085145307,hiv_22704,MoleculeNet_HIV,True
[N-]=[N+]=C1C(=O)C2CC3CC1CC2C3,5.511581544134877,6391,5.172347008617916,hiv_22089,MoleculeNet_HIV,True
O1[SiH]2[SiH]3O[SiH]3[SiH]3O[SiH]3[SiH]12,5.511581544134877,6392,5.18260085145307,hiv_520,MoleculeNet_HIV,True
C1CSCCSCCS1,5.511581544134877,6393,5.18260085145307,hiv_22781,MoleculeNet_HIV,True
O=C1OC2OC3OC(=O)C4C3CC2C14,5.511581544134877,6394,5.172347008617916,hiv_509,MoleculeNet_HIV,True
CN(C)N=C(SSC(=NN(C)C)C(F)(F)F)C(F)(F)F,5.511581544134877,6395,5.186079085853435,hiv_2791,MoleculeNet_HIV,True
S=C1SCCS1,5.511581544134877,6396,5.18260085145307,hiv_343,MoleculeNet_HIV,True
COc1ccc(N=C(C)C(C)=Nc2ccc(OC)cc2)cc1,5.511581544134877,6397,5.144131806790069,hiv_35750,MoleculeNet_HIV,True
N=C1SCCS1,5.511581544134877,6398,5.18260085145307,hiv_6263,MoleculeNet_HIV,True
C[PH](C)(C)[Ir+]123([PH](C)(C)C)([PH](C)(C)C)C4=C1CCC2=C3CC4.[Cl-],5.511581544134877,6399,5.186079085853435,hiv_12337,MoleculeNet_HIV,True
BrC(Br)=C1C(=C(Br)Br)C(Br)C1Br,5.511581544134877,6400,5.175330917710577,hiv_11942,MoleculeNet_HIV,True
O=C1C2C3CC(C4C5C=CC(C5)C34)C2C2C3CC(C12)C1C2C=CC(C2)C31,5.511581544134877,6401,5.172347008617916,hiv_20319,MoleculeNet_HIV,True
ClC(Cl)(Cl)C1OCOC(C(Cl)(Cl)Cl)OCO1,5.511581544134877,6402,5.175330917710577,hiv_133,MoleculeNet_HIV,True
CNC(=NC(=S)N(C)C)N(C)C,5.511581544134877,6403,5.1822199349076845,hiv_11146,MoleculeNet_HIV,True
CN(C)C(=S)SSC(=S)N(C)C,5.511581544134877,6404,5.186079085853435,hiv_86,MoleculeNet_HIV,True
N=C(NNC(=N)C(F)(F)F)C(F)(F)F,5.511581544134877,6405,5.18260085145307,hiv_3155,MoleculeNet_HIV,True
CC=C1CC2C(=O)CCC2C2c3ccccc3OC12,5.511448965966807,6406,5.216187738453397,hiv_36411,MoleculeNet_HIV,True
O=C(O)c1ccc(N=NC2Sc3nc4ccccc4n3C2=O)cc1,5.511337466580444,6407,5.224247541895705,hiv_9520,MoleculeNet_HIV,True
O=C(NN=C1CCc2ccccc2C1)NN=C1CCc2ccccc2C1,5.511322663050247,6408,5.28776223139736,hiv_26620,MoleculeNet_HIV,True
c1ccc2c(c1)CCc1c(-c3noc4c3CCc3ccccc3-4)noc1-2,5.511242670535783,6409,5.274802147034368,hiv_9159,MoleculeNet_HIV,True
CN1c2ccccc2S(=O)(=O)n2c(CCc3ccccc3)nnc21,5.51123473392115,6410,5.186004133269905,hiv_9282,MoleculeNet_HIV,True
O=S1(=O)CCN(Cc2ccccc2)C1=NS(=O)(=O)c1ccc(Cl)cc1,5.511190247306719,6411,5.207477529547306,hiv_36512,MoleculeNet_HIV,True
CC(=O)c1c(N=[N+]=[N-])c2cccc3c2n(c1=O)CCC3,5.511141247936765,6412,5.183745047012323,hiv_34162,MoleculeNet_HIV,True
COCC(O)COn1c(=O)[c-](C#N)[n+](=O)c2ccccc21,5.511115751156142,6413,5.355407321312051,hiv_8842,MoleculeNet_HIV,True
O=C(CCCC(=O)NN=Cc1ccc(O)c(O)c1)NN=Cc1ccc(O)c(O)c1,5.511112271846988,6414,5.179541836796535,hiv_3931,MoleculeNet_HIV,True
O=C(C=Cc1ccc(O)c(O)c1)NCCOC(=O)C=Cc1ccc(O)c(O)c1,5.511112271846988,6415,5.1703103156695285,hiv_40218,MoleculeNet_HIV,True
CC(C)(C)C1(O)Cc2ccccc2C(=O)O1,5.511093147724358,6416,5.312092338878746,hiv_16064,MoleculeNet_HIV,True
CC(=O)O.Nc1nc(N)c(C2=CCNCC2)c(O)n1,5.511084526886467,6417,5.208538846650003,hiv_39210,MoleculeNet_HIV,True
CC#[N+][Rh+2]1234[O+]=C5N(C(C)=O)CC(C(=O)OC)[NH+]5[Rh+2]1([N+]#CC)([O+]=C1N(C(C)=O)CC(C(=O)OC)[NH+]12)([O+]=C1N(C(C)=O)CC(C(=O)OC)[NH+]13)[NH+]1C(=[O+]4)N(C(C)=O)CC1C(=O)OC,5.5109903177282575,6418,5.136138785674271,hiv_32460,MoleculeNet_HIV,True
CC1(OCc2ccccc2)C(=O)N2C1N(C(=O)OCc1ccccc1)CC2(C)C,5.510984841899019,6419,5.252923528014221,hiv_22137,MoleculeNet_HIV,True
Cc1cn(Cc2ccccc2CCO)c(=S)[nH]c1=O,5.510984025091537,6420,5.297188583704049,hiv_20231,MoleculeNet_HIV,True
CCCCOC(=O)CNC(=O)OCCCCC#CC#CCCCCOC(=O)NCC(=O)OCCCC,5.51085335506786,6421,5.244203949026923,hiv_21131,MoleculeNet_HIV,True
N#CC(=CN1C(=O)C(=Cc2ccc([N+](=O)[O-])cc2)SC1=S)C(N)=O,5.510676131359636,6422,5.113916839455075,hiv_26071,MoleculeNet_HIV,True
O=C(O)c1ccc(CSc2ccc([N+](=O)[O-])cc2)cc1,5.51057466209661,6423,5.123803406983311,hiv_16681,MoleculeNet_HIV,True
Cl.Oc1c(CN2CCOCC2)ccc2cccnc12,5.510538745971144,6424,5.162512847286884,hiv_26820,MoleculeNet_HIV,True
COC(=O)C1=C(CS(=O)c2ccccc2[N+](=O)[O-])C2C=CC1C2,5.510458522418011,6425,5.264653009873017,hiv_12033,MoleculeNet_HIV,True
O=C1C=CC(=O)c2c1ccc1c3ccccc3n(CCCCCCCCCCCCn3c4ccccc4c4ccc5c(c43)C(=O)C=CC5=O)c21,5.510320610321969,6426,5.2098736519535835,hiv_29379,MoleculeNet_HIV,True
O=C1C=CC(=O)c2c1ccc1c3ccccc3n(CCCCCCCCn3c4ccccc4c4ccc5c(c43)C(=O)C=CC5=O)c21,5.510320610321969,6427,5.2098736519535835,hiv_27084,MoleculeNet_HIV,True
CNC(=O)OCc1c(COC(=O)NC)c2n(c1C)CSC2,5.510286181259655,6428,5.178855364513203,hiv_9535,MoleculeNet_HIV,True
Cc1ccc(C=C2CCCC(CN3CCCCC3)C2=O)cc1.Cl,5.510244071445122,6429,5.1827366233489585,hiv_29758,MoleculeNet_HIV,True
O=C(C(O)c1cn(Cc2ccccc2)c2ccccc12)N1CCCCC1,5.5102347789753425,6430,5.360659659953491,hiv_13610,MoleculeNet_HIV,True
C1COCCSC2=C(SCCO1)SC(=C1SC3=C(SCCOCCOCCS3)S1)S2,5.510209140309028,6431,5.18260085145307,hiv_20178,MoleculeNet_HIV,True
COc1ccc(Br)c(CN2CCc3ccccc32)c1OS(=O)(=O)c1ccc(C)cc1.Cl,5.510112725674344,6432,5.278550556846416,hiv_13177,MoleculeNet_HIV,True
CC(C)(Oc1ccc(C2CC2Cl)cc1)C(=O)O,5.510110277730161,6433,5.2025613468724,hiv_38793,MoleculeNet_HIV,True
CC(C)(C)OC(=O)NC1CC=CCC1NC(=O)OC(C)(C)C,5.510110277730161,6434,5.207817836309219,hiv_31747,MoleculeNet_HIV,True
CC(=O)NC1NCCNC1=O,5.5101095136488745,6435,5.202669133812025,hiv_3263,MoleculeNet_HIV,True
Cc1ccc(Cc2nn(C)c(=O)n2N)cc1,5.5100562516729585,6436,5.126397899406396,hiv_35919,MoleculeNet_HIV,True
O=C1c2ccc3cc(CCl)cc(O)c3c2C(=O)c2cccc(O)c21,5.51005220690949,6437,5.124840989380987,hiv_27343,MoleculeNet_HIV,True
COc1cc2c(cc1OC)C1CC(=O)C3=C(CCCC3)N1CC2,5.510019019070189,6438,5.1029028704761545,hiv_5488,MoleculeNet_HIV,True
Nn1c(SCc2nc3ccccc3[nH]2)nnc1-c1ccccc1,5.509945440294809,6439,5.226567156641017,hiv_28367,MoleculeNet_HIV,True
Cl.OC1CN2CCCC(O)C2C(O)C1O,5.509928859350816,6440,5.182114066112857,hiv_29751,MoleculeNet_HIV,True
CCCC[Sn](CCCC)(OC(=O)Cc1ccc(F)cc1)OC(=O)Cc1ccc(F)cc1,5.5097625608959415,6441,5.138443748009562,hiv_20137,MoleculeNet_HIV,True
CC(O)C1NC(=O)C(CCCCN)NC(=O)C(Cc2c[nH]c3ccccc23)NC(=O)C(Cc2ccccc2)NC(=O)C2CCCC2NC(=O)C(Cc2ccccc2)NC1=O.O=C(O)C(F)(F)F,5.50973395853338,6442,5.438523099650198,hiv_31119,MoleculeNet_HIV,True
O=C1OC(=C(Cl)c2cccc3ccccc23)c2ccccc21,5.509716904471422,6443,5.250618675149802,hiv_24967,MoleculeNet_HIV,True
ClC1=NN=C(c2c[nH]c3ccccc23)CC1NCc1ccccc1,5.509653231063849,6444,5.2041765905097845,hiv_37995,MoleculeNet_HIV,True
N.O=[N+]([O-])c1ccc(OP(=O)(O)OCC2OC(CP(=O)(O)O)C(O)C2O)cc1,5.509640263887797,6445,5.169074870413984,hiv_33735,MoleculeNet_HIV,True
O=C(CC1(O)C(=O)Nc2ccccc21)c1ccc(Cl)c(Cl)c1,5.509590008115673,6446,5.317198863498345,hiv_11014,MoleculeNet_HIV,True
O=C(OCc1ccccc1)N1CCNCCNCC1,5.509401228540725,6447,5.253381394296679,hiv_34074,MoleculeNet_HIV,True
O=C1C(Cl)N(c2ccccc2Cl)C1c1c[nH]c2ccccc12,5.5093624749442585,6448,5.1909418180905424,hiv_23543,MoleculeNet_HIV,True
CCNC(=O)OCc1cnc(C)c(O)c1COC(=O)NCC,5.509353812744265,6449,5.1770369032973145,hiv_8147,MoleculeNet_HIV,True
O=c1c(SCc2ccccc2)c(N2CCOCC2)cnn1-c1ccccc1,5.509304500290911,6450,5.234619272674911,hiv_2342,MoleculeNet_HIV,True
O=C1NC(SC(SC2=NNC3(C(=O)N2)c2ccccc2-c2ccccc23)=C(SC2=NNC3(C(=O)N2)c2ccccc2-c2ccccc23)SC2=NNC3(C(=O)N2)c2ccccc2-c2ccccc23)=NNC12c1ccccc1-c1ccccc12,5.5092814487478385,6451,5.311952171476604,hiv_25492,MoleculeNet_HIV,True
O=c1[nH]c2cnn(-c3ccccc3)c2c(=O)n1OS(=O)(=O)c1ccccc1,5.509256167753047,6452,5.2501234481265735,hiv_3885,MoleculeNet_HIV,True
C#Cc1cccc(N2C(=O)c3c(c(-c4ccccc4)c(-c4ccc(Cc5ccc(-c6c(-c7ccccc7)c7c(c(-c8ccccc8)c6-c6ccccc6)C(=O)N(c6cccc(C#C)c6)C7=O)cc5)cc4)c(-c4ccccc4)c3-c3ccccc3)C2=O)c1,5.509186730560412,6453,5.230030357921707,hiv_15607,MoleculeNet_HIV,True
COC(=S)NP(=O)(NC(=S)OC)NC(=S)OC,5.509170104033598,6454,5.157900013479269,hiv_4565,MoleculeNet_HIV,True
CN(C)CC(C(Cc1ccccc1)=NNC(=O)C[n+]1ccccc1)c1ccccc1.[Cl-],5.509088304022521,6455,5.404497932434083,hiv_19401,MoleculeNet_HIV,True
c1ccc(CSC(SCc2ccccc2)c2cccc3ccccc23)cc1,5.509088304022521,6456,5.4036478494433595,hiv_27059,MoleculeNet_HIV,True
O=C(O)c1ccc(CS(=O)(=O)c2ccccc2)c([N+](=O)[O-])c1,5.509019960781342,6457,5.284959869723932,hiv_16647,MoleculeNet_HIV,True
Cc1ccc(S(=O)(=O)N=C2C=C(C(C)(C)C)C(=O)C(C(C)(C)C)=C2)cc1,5.5089165039847945,6458,5.213465288820112,hiv_16627,MoleculeNet_HIV,True
c1ccc2c(c1)ccc1c2nc2c3ccccc3[nH]n12,5.508891585525999,6459,5.2345004163318505,hiv_4657,MoleculeNet_HIV,True
O=c1nc2[nH]ncn2c2ccccc12,5.508891585525999,6460,5.2345004163318505,hiv_37717,MoleculeNet_HIV,True
CCCCC1Sc2cc(OC)cc3nnn(c23)C1=O,5.508867304067252,6461,5.114670230961278,hiv_34950,MoleculeNet_HIV,True
COc1cccc(C=[N+]2[N-]C(c3ccncc3)=[O+][Cu+2]23(O)(O)([OH+]C(C)=O)[n+]2cccc4ccc5ccc[n+]3c5c42)c1,5.508856444057013,6462,5.114570331939453,hiv_27096,MoleculeNet_HIV,True
C=CCOCC(O)CNCC(O)COCC=C,5.508817543935316,6463,5.396520362649843,hiv_2053,MoleculeNet_HIV,True
N=C1C(=O)NC(=O)C1c1ccccc1,5.508811796707182,6464,5.294860661946003,hiv_3165,MoleculeNet_HIV,True
OC(COc1ccc2ccccc2c1)COc1ccc2ccccc2c1,5.508709807294284,6465,5.445192756065598,hiv_30307,MoleculeNet_HIV,True
Cc1nc(-c2ccc([N+](=O)[O-])cc2)cn2c1nc1ccccc12,5.508660800056139,6466,5.24122706020048,hiv_31651,MoleculeNet_HIV,True
O=C(ON=C1c2ccccc2C(Br)C(Br)c2ccccc21)c1cc([N+](=O)[O-])cc([N+](=O)[O-])c1,5.508624947140603,6467,5.213747086450708,hiv_29973,MoleculeNet_HIV,True
C[N+](C)(C)CC(=O)NN=C(Cc1nc2ccc([N+](=O)[O-])cc2nc1O)C(=O)Nc1nc2ccc([N+](=O)[O-])cc2s1.[Cl-],5.508523454704641,6468,5.167601020860073,hiv_22468,MoleculeNet_HIV,True
CC1=C(C)C(=O)c2c(cc3ccc4ccccc4n23)C1=O,5.508461382748599,6469,5.242264642598156,hiv_12426,MoleculeNet_HIV,True
O=C1CCCCCC1CC(Sc1ccccc1)Sc1ccccc1,5.508325166902818,6470,5.3944350367592495,hiv_39935,MoleculeNet_HIV,True
c1ccc2c(c1)c1c(n2CCOCCN2CCCC2)CCCC1,5.50829605975543,6471,5.251378715279739,hiv_30067,MoleculeNet_HIV,True
O=C1c2cccc3c([N+](=O)[O-])ccc(c23)C(=O)N1CCc1ccccn1,5.508180451024914,6472,5.246248994696874,hiv_6237,MoleculeNet_HIV,True
O=C1C(=NO)C(c2ccccc2)Oc2ccccc21,5.5080544379582,6473,5.272251899125388,hiv_2279,MoleculeNet_HIV,True
Cc1cccc(C)c1NC(=O)CCCC(=O)C1CCCC1=NNC(=O)C(=O)NN,5.508028873696865,6474,5.180893800234579,hiv_15199,MoleculeNet_HIV,True
Nc1ncnc2c1S(=O)(=O)NCN2,5.507988448095722,6475,5.193472710374817,hiv_2847,MoleculeNet_HIV,True
COc1ccc(Br)c(NN=C2CCCNC2=O)c1,5.507802753458499,6476,5.192161237120561,hiv_13308,MoleculeNet_HIV,True
Cl.O=C(NN=C(CCN1CCCC1)CC(c1ccccc1)c1c(O)c2ccccc2oc1=O)c1ccncc1,5.507689809141951,6477,5.386890074184483,hiv_21622,MoleculeNet_HIV,True
CC(C)=C1C2CCC1C1CSCC21,5.50748625187039,6478,5.178809152110942,hiv_4688,MoleculeNet_HIV,True
CCCCCCCCCCCc1c2oc3ccccc3nc-2cc(Nc2ccccc2O)c1=O,5.507294258905979,6479,5.295202285508207,hiv_15220,MoleculeNet_HIV,True
O=C1C2ON=C(c3ccccc3)C2C(=O)N1c1ccc(Cc2ccc(N3C(=O)C4ON=C(c5ccccc5)C4C3=O)cc2)cc1,5.507210333775857,6480,5.234200190174009,hiv_18634,MoleculeNet_HIV,True
COc1cccc(C(=O)NC2C(O)C(CO)OC2n2cnc3c(N)ncnc32)c1,5.50719066376495,6481,5.149599333535452,hiv_33156,MoleculeNet_HIV,True
Cc1nc2sc(C)c(C)c2c(=O)o1,5.5071450767802395,6482,5.186079085853435,hiv_31612,MoleculeNet_HIV,True
NC1CN(C(COCc2ccccc2)c2ccc(OCc3ccccc3)cc2)C1=O,5.507089615256139,6483,5.379101354251253,hiv_10710,MoleculeNet_HIV,True
Nc1nc(N)c2c(n1)C(=O)N(Cc1ccccc1)C2,5.507023658299471,6484,5.229238314451658,hiv_2932,MoleculeNet_HIV,True
c1ccc2c(c1)c1c(n2CCOCCN2CCOCC2)CCCC1,5.50692365592958,6485,5.236434444870965,hiv_31051,MoleculeNet_HIV,True
COC(=O)C(C)N(C)C(=O)C(CC(N)=O)N(C)C(=O)C1CCCN1C(=O)C(C(C)C)N(C)C(=O)C(C(C)C)N(C)C(=O)C(Cc1ccccc1)N(C)C(=O)C(NC(=O)OC(C)(C)C)C(C)C,5.506855067017263,6486,5.427389800534575,hiv_23686,MoleculeNet_HIV,True
CC(=O)c1nc2ccccc2n1CC(=O)c1ccc([N+](=O)[O-])cc1,5.506754092151654,6487,5.241277713305808,hiv_31636,MoleculeNet_HIV,True
NC1CS(=O)(=O)CC1O,5.506670969272884,6488,5.17556775724482,hiv_5490,MoleculeNet_HIV,True
CC1CC(C)S(=O)CS1.CC1CC(C)S(=O)CS1,5.506327887844077,6489,5.174941461043695,hiv_9430,MoleculeNet_HIV,True
CCc1c(CNC2=NCCN2)c(CC)c(CNC2=NCCN2)c(CC)c1CNC1=NCCN1.Cl,5.50632087047687,6490,5.216431980612435,hiv_37335,MoleculeNet_HIV,True
CC(C)CC(C(N)=O)C(=O)NC(Cc1ccccc1)NC(=O)CNC(=O)C(C)NC(=O)C(N)Cc1ccc(O)cc1.O=C(O)C(F)(F)F,5.5061751428762165,6491,5.423327062312395,hiv_29787,MoleculeNet_HIV,True
C1CC(C2OCOC3COCOC32)OO1,5.506113848044541,6492,5.175330917710577,hiv_1487,MoleculeNet_HIV,True
O=C(C=P(c1ccccc1)(c1ccccc1)c1ccccc1)CC(=S)CC(=O)C=P(c1ccccc1)(c1ccccc1)c1ccccc1,5.5061028438131485,6493,5.282137708142316,hiv_12157,MoleculeNet_HIV,True
Cc1ccc(S(=O)(=O)OC2C3C=CC2C2CSCC32)cc1,5.5060871329372825,6494,5.17417684806735,hiv_28382,MoleculeNet_HIV,True
Oc1ccc2ccccc2c1CN1CCOCC1,5.506010771467907,6495,5.2486587284469515,hiv_23033,MoleculeNet_HIV,True
Fc1ccccc1-c1nn2c(C34CC5CC(CC(C5)C3)C4)nnc2s1,5.506005795094099,6496,5.223948504695938,hiv_28125,MoleculeNet_HIV,True
Cc1ccc(S(=O)(=O)SS(=O)(=O)c2ccc(C)cc2)cc1,5.50598610898665,6497,5.225275147914312,hiv_5925,MoleculeNet_HIV,True
Nc1nc(Cl)cc(OCC2(O)CC(COC(=O)c3ccccc3)C2)n1,5.505974436550161,6498,5.286078451947161,hiv_32282,MoleculeNet_HIV,True
OC1(C2(O)c3ccccc3-c3ccccc32)c2ccccc2-c2ccccc21,5.505922042212155,6499,5.29777856616501,hiv_14857,MoleculeNet_HIV,True
CC(=O)SCCCn1c(=O)n(CCCSC(C)=O)c(=O)n(CCCSC(C)=O)c1=O,5.5059217026886085,6500,5.186912868403072,hiv_8807,MoleculeNet_HIV,True
O=C1CCCCCC=C2CCC(Sc3ccccc3)C12,5.505825122014778,6501,5.272251899125388,hiv_24075,MoleculeNet_HIV,True
CCN(CC)CCn1c2cc3c(cc2c(=O)c2cccnc21)OCO3.Cl,5.505568851362146,6502,5.157053241572324,hiv_26684,MoleculeNet_HIV,True
COc1ccc(-c2csc(=Nc3ccccc3)n2CCCN(C)C)cc1,5.505560300785885,6503,5.253907917166886,hiv_40820,MoleculeNet_HIV,True
O=C1OC(=O)C2=C1CCc1ccccc12,5.505531163151257,6504,5.28776223139736,hiv_2135,MoleculeNet_HIV,True
CC1C=C2c3ccccc3CC2C2C(=O)OC(=O)C12,5.505531163151257,6505,5.280102840987985,hiv_4831,MoleculeNet_HIV,True
O=C(CC1C(=O)c2ccccc2C1=C1C(=O)c2ccccc2C1=O)c1ccccc1,5.50533008482561,6506,5.3944350367592495,hiv_22843,MoleculeNet_HIV,True
CCC(C)(C)C(CC(O)(C(F)(F)F)C(F)(F)F)=NO,5.505308455734963,6507,5.226242161462605,hiv_27435,MoleculeNet_HIV,True
Cc1ccc(S(=O)(=O)C(CCC(=O)c2ccccc2)(CCC(=O)c2ccccc2)[N+](=O)[O-])cc1,5.5052104019581325,6508,5.280337024630836,hiv_8622,MoleculeNet_HIV,True
COCN1CCC2N(COC)CCC3N(COC)CCC1N23,5.505128879845717,6509,5.169648081680314,hiv_3021,MoleculeNet_HIV,True
O=c1c2cccnc2ncn1CCN1CCCC1,5.505077114002889,6510,5.228220026985045,hiv_11270,MoleculeNet_HIV,True
O=c1c2cccnc2ncn1CCCN1CCCCC1,5.505077114002889,6511,5.228220026985045,hiv_11275,MoleculeNet_HIV,True
[N-]=[N+]=CC(=O)c1ccccc1C#CCCc1ccccc1,5.505007768368146,6512,5.228964786927601,hiv_22307,MoleculeNet_HIV,True
O=[N+]([O-])c1ccc(-c2noc(-c3ccc(Cl)cc3)c2C2=NCCCN2)cc1,5.504972376207933,6513,5.205522694539878,hiv_20563,MoleculeNet_HIV,True
NC(CSCCCS(=O)(=O)O)C(=O)O,5.504969094214195,6514,5.402421867407949,hiv_8394,MoleculeNet_HIV,True
NC(CO)C(=O)NCCS(=O)(=O)O,5.504969094214195,6515,5.407678356844768,hiv_10333,MoleculeNet_HIV,True
Cl.NC(CSSC(C(=O)O)C(SSCC(N)C(=O)O)C(=O)O)C(=O)O,5.504969094214195,6516,5.402421867407949,hiv_29172,MoleculeNet_HIV,True
N=C(N)NCCCC(N)C(=O)O.NC(CCC(=O)O)C(=O)O,5.504969094214195,6517,5.402421867407949,hiv_4416,MoleculeNet_HIV,True
NC(CSCCCO)C(=O)O,5.504969094214195,6518,5.402421867407949,hiv_13004,MoleculeNet_HIV,True
NC(CSS(=O)(=O)CC(N)C(=O)O)C(=O)O,5.504969094214195,6519,5.402421867407949,hiv_5503,MoleculeNet_HIV,True
C[N+]1(C)CC(O)CC1C(=O)[O-],5.5049391722179575,6520,5.170744385216122,hiv_24066,MoleculeNet_HIV,True
O=C(O)O,5.5049391722179575,6521,5.177344362016251,hiv_708,MoleculeNet_HIV,True
O=C(O)C(Cl)=C(Cl)C(=O)NC1C2CC3CC(C2)CC1C3,5.5049391722179575,6522,5.167090519181098,hiv_11060,MoleculeNet_HIV,True
O=C([OH+][Mn+](C#[O+])(C#[O+])(C#[O+])(C#[O+])C#[O+])C(F)(F)F,5.5049391722179575,6523,5.178870902116553,hiv_15637,MoleculeNet_HIV,True
Cc1cc(N(CCOS(C)(=O)=O)CCOS(C)(=O)=O)ccc1C=Nc1ccc(-c2nc(Cc3ccccc3)sc2C)cc1,5.504889085290647,6524,5.219094151716296,hiv_7105,MoleculeNet_HIV,True
CCN(CC)CSc1nc2ccccc2o1,5.504867450091153,6525,5.259153012721912,hiv_14189,MoleculeNet_HIV,True
COc1cccc(CCn2c(N)c(C(=O)O)c3ccc([N+](=O)[O-])cc3c2=O)c1,5.504861512866228,6526,5.118114848993281,hiv_38717,MoleculeNet_HIV,True
COc1ccccc1NC(=O)C(=CN1C(=O)C(=Cc2cc(OC)c(OC)c(OC)c2)SC1=S)C(C)=O,5.504755850619091,6527,5.197923145723996,hiv_26278,MoleculeNet_HIV,True
O=C(Cn1c(=O)oc2ccc(C(=O)c3cccc(Cl)c3)cc21)c1ccccc1,5.504744557732576,6528,5.238837061303119,hiv_31811,MoleculeNet_HIV,True
NC(=O)C(=O)C1CCC2=C(Sc3ccccc3N2)C1=O,5.504688296683936,6529,5.296048193064344,hiv_21187,MoleculeNet_HIV,True
Cc1sc(N)c(S(=O)(=O)c2ccccc2)c1C,5.5046638348877925,6530,5.28685633580055,hiv_39240,MoleculeNet_HIV,True
O=C1CC2C(c3ccccc3)C3C(=O)c4ccccc4NC(=O)C3C2(O)c2ccccc2N1,5.504590540808267,6531,5.293988302506359,hiv_24572,MoleculeNet_HIV,True
CC(=NNS(=O)(=O)c1ccc(C)cc1)c1ccccn1,5.504566594874938,6532,5.2822329846498945,hiv_38189,MoleculeNet_HIV,True
COC(=O)c1cc2c3ccccc3n(C(C)=O)c2cn1,5.504558192046132,6533,5.185777641665629,hiv_13307,MoleculeNet_HIV,True
O=C1CC2C=CC1C2CO,5.50443846520513,6534,5.163374820687902,hiv_13586,MoleculeNet_HIV,True
Nc1ccc2c(c1)N[Cu-3]1(Nc3cc(N)ccc3O1)O2,5.50440993712351,6535,5.171771009715391,hiv_304,MoleculeNet_HIV,True
O=C1C[N+]23CC[N+]45CC(=O)O[Ca-4]24(O1)(OC(=O)C3)OC(=O)C5,5.504346752836867,6536,5.180754921608923,hiv_7745,MoleculeNet_HIV,True
O=C1Oc2ccccc2C(=O)C1=CNC(=S)NCCc1ccccc1,5.504326697458523,6537,5.225916727177281,hiv_24948,MoleculeNet_HIV,True
O=C(CCc1ccccc1)ON1C(=S)NC(c2ccccc2)(c2ccccc2)C1=S,5.5043237663875075,6538,5.251055206709084,hiv_35808,MoleculeNet_HIV,True
N=C1NC(=O)C(Cc2c[nH]c3ccccc23)N1C(=O)OCc1ccccc1,5.5043237663875075,6539,5.225343061071901,hiv_33713,MoleculeNet_HIV,True
Nc1nc(O)c2c(ncn2CC(O)CO)n1,5.50431443468971,6540,5.409745996533429,hiv_17681,MoleculeNet_HIV,True
C=C1CN(S(=O)(=O)c2ccc(C)cc2)CCCN(C2CCCC2)CCCN(S(=O)(=O)c2ccc(C)cc2)C1.Cl,5.50424674782235,6541,5.177397210302021,hiv_40900,MoleculeNet_HIV,True
O=C(c1ccccc1)c1c(-c2ccccc2)sc2nc3ccccc3nc12,5.50420774830719,6542,5.282137708142316,hiv_14769,MoleculeNet_HIV,True
Nc1ncnc2c1ncn2C1CC(O)C2(CO)CC12,5.5040982390671696,6543,5.112700255462602,hiv_31321,MoleculeNet_HIV,True
CCOC(=O)NP(=O)(NC1CCCCC1)NC1CCCCC1,5.503971380618572,6544,5.180551267151361,hiv_3861,MoleculeNet_HIV,True
N#CC(C#N)=c1[nH]c2cccc3c2-c2c(cccc2c3=C(C#N)C#N)[nH]1,5.503956938933905,6545,5.141734263649994,hiv_12152,MoleculeNet_HIV,True
O=C(C1OC1c1ccc(Br)cc1O)C12CC3CC(CC(C3)C1)C2,5.503931523735764,6546,5.096502236719042,hiv_33196,MoleculeNet_HIV,True
COc1ccc(C(NC(=O)CC(C(=O)N(C)C(C)C(=O)O)N(C)C(=O)C2CCCN2C(=O)C(C(C)C)N(C)C(=O)C(C(C)C)N(C)C(=O)C(Cc2ccccc2)N(C)C(=O)C(NC(=O)OC(C)(C)C)C(C)C)c2ccc(OC)cc2)cc1,5.503897513276176,6547,5.416231806339651,hiv_23685,MoleculeNet_HIV,True
COC(=O)c1c(C(=O)OC)c2ccccn2c1-c1cc(OC)c(Br)c(=O)o1,5.503887743285441,6548,5.222921197913187,hiv_27508,MoleculeNet_HIV,True
CC1(O)CC2C(CC1SCc1ccccc1)C2(C)C,5.5038223913024735,6549,5.251721711646359,hiv_24311,MoleculeNet_HIV,True
O=C(NP1(=O)NCc2ccccc2CN1)OC1CCCCC1,5.503807827404094,6550,5.2864120756939785,hiv_8471,MoleculeNet_HIV,True
OCCCNCC(O)c1ccc(OCc2ccccc2)c(OCc2ccccc2)c1,5.503736904091748,6551,5.3928134918874555,hiv_31111,MoleculeNet_HIV,True
CC(=O)Oc1c2ccsc2cc2ccsc12,5.50370971048909,6552,5.189037090154628,hiv_5218,MoleculeNet_HIV,True
O=C1c2ccoc2C(=O)c2oc(=O)ccc21,5.503482136164028,6553,5.18260085145307,hiv_9693,MoleculeNet_HIV,True
O=C(O)c1cc(=O)c2cc3c(cc2o1)OCc1ccccc1-3,5.503430665029502,6554,5.2278460231213355,hiv_7327,MoleculeNet_HIV,True
O=c1c(O)c(O)c1=O,5.50335705648614,6555,5.165388186578716,hiv_11856,MoleculeNet_HIV,True
O=C1CCC(O)=C1O,5.50335705648614,6556,5.18260085145307,hiv_19700,MoleculeNet_HIV,True
CC1=C[NH+]([Ir-3]([ClH+])([PH](C)(C)C)([PH](C)(C)C)[PH](C)(C)C)c2ccccc21,5.503356915841022,6557,5.291240465797725,hiv_16522,MoleculeNet_HIV,True
CC1(C)N=C(C2CCCN2C(=O)OCc2ccccc2)OC1=O,5.503295705844592,6558,5.253897962993303,hiv_27901,MoleculeNet_HIV,True
CC(=NNS(=O)(=O)c1ccc(C)cc1)C(CN1CCCCC1)C(c1ccccc1)c1c(O)c2ccccc2oc1=O.Cl,5.503287794632657,6559,5.401993857699223,hiv_21617,MoleculeNet_HIV,True
CC1=[O+][Zr]234([O+]=C(C)C1)([O+]=C(C)CC(C)=[O+]2)([O+]=C(C)CC(C)=[O+]3)[O+]=C(C)CC(C)=[O+]4,5.503273685833991,6560,5.186079085853435,hiv_248,MoleculeNet_HIV,True
Nc1nc[n+](Cc2ccccc2)c2ncn(Cc3ccccc3)c12.[Br-],5.503260899227487,6561,5.198358416528632,hiv_15057,MoleculeNet_HIV,True
Cc1ccc(N=Nc2ccc(O)c(=O)cc2)cc1,5.50316438873278,6562,5.165235898018168,hiv_19679,MoleculeNet_HIV,True
C[PH](C)(C)[Ir+]12([PH](C)(C)C)([PH](C)(C)C)C3=C1CCC(Cc1ccccc1)[C-]2CC3,5.503159656274491,6563,5.247605711806634,hiv_12338,MoleculeNet_HIV,True
O=C(O)c1sccc1-c1cccc2ccccc12,5.5031015445209,6564,5.2472826076165004,hiv_5198,MoleculeNet_HIV,True
Oc1nc2c(c3ccccc13)CCc1ccccc1-2,5.503018182887045,6565,5.23765859078681,hiv_13078,MoleculeNet_HIV,True
C1CCN(CCCSSCCCN2CCCCC2)CC1,5.503003314446972,6566,5.232362283354876,hiv_3198,MoleculeNet_HIV,True
Cl.OC(Cc1ccc(Br)cc1)CN1CCC(c2ccccc2)CC1,5.50281873934751,6567,5.415364066464778,hiv_19559,MoleculeNet_HIV,True
NC(=O)c1ccc(N=Nc2c(O)nc3ccccc3c2O)cc1,5.502736270453765,6568,5.229021880278274,hiv_1520,MoleculeNet_HIV,True
O=C1O[Al]23(OC1=O)(OC(=O)C(=O)O2)OC(=O)C(=O)O3,5.502713360856659,6569,5.18260085145307,hiv_137,MoleculeNet_HIV,True
Cl.NC1C2C3CC4C5CC(C42)C1(c1ccccc1)C53,5.502708608017175,6570,5.289693821838757,hiv_21000,MoleculeNet_HIV,True
COc1ccc(CCn2cnn3c(=O)c4ccccc4nc3c2=O)cc1OC,5.502616992244594,6571,5.092986687400324,hiv_9162,MoleculeNet_HIV,True
O=C1c2ccccc2C(c2ccccc2)(N2CCCCC2)N1c1ccccc1,5.50254439280932,6572,5.281571013222838,hiv_1866,MoleculeNet_HIV,True
c1ccc(P(C2=C(P(c3ccccc3)c3ccccc3)[Pt]23C(P(c2ccccc2)c2ccccc2)=C3P(c2ccccc2)c2ccccc2)c2ccccc2)cc1,5.502445568519046,6573,5.27305551059518,hiv_15971,MoleculeNet_HIV,True
O=C1CC(C(NC(=O)OCc2ccccc2)C(=O)O)ON1,5.502383389578379,6574,5.414390197444397,hiv_13005,MoleculeNet_HIV,True
Oc1nnc(NCc2ccccc2)c2nnn(Cc3ccccc3)c12,5.502382772670988,6575,5.188090943459574,hiv_33416,MoleculeNet_HIV,True
NC1=NS(=O)(O)=NC(N)=C1N=Nc1cccc(Cl)c1,5.5021409534308,6576,5.185701912976312,hiv_7414,MoleculeNet_HIV,True
NN=C1C(=Cc2ccccc2)CCCC1=Cc1ccccc1,5.5021215612344285,6577,5.21298794741291,hiv_16461,MoleculeNet_HIV,True
COC(=O)C1=CCON(c2ccccc2)C1c1ccccc1,5.501823533463985,6578,5.257220471390421,hiv_20361,MoleculeNet_HIV,True
O=C1C(c2ccccc2)C2C=CC(C2)N1O,5.501823533463985,6579,5.274870260858965,hiv_3941,MoleculeNet_HIV,True
Nc1c(S(=O)(=O)O)cc2cc(S(=O)(=O)O)ccc2c1N=Nc1ccc(S(=O)(=O)c2ccc(N=Nc3c(N)c(S(=O)(=O)O)cc4cc(S(=O)(=O)O)ccc34)cc2)cc1.[NaH],5.501800236932873,6580,5.2150802974448585,hiv_19677,MoleculeNet_HIV,True
CN(c1ccc(C(N)=O)cc1)c1c(O)nc2ccccc2c1O,5.5017846980221705,6581,5.232500114678639,hiv_1510,MoleculeNet_HIV,True
O=C1c2ccccc2C(=O)N1CCCC[PH](c1ccccc1)(c1ccccc1)c1ccccc1,5.501446191080953,6582,5.27906745026908,hiv_6739,MoleculeNet_HIV,True
COc1ccc2c(c1)-c1c(c3cc(OC)ccc3n1CCN1CCOCC1)CC2,5.5014289476520615,6583,5.163521380809851,hiv_37646,MoleculeNet_HIV,True
c1ccc(-c2ccc(-c3cc4ccccc4[nH]3)cc2)cc1,5.501376646424555,6584,5.291734773735526,hiv_38604,MoleculeNet_HIV,True
CC(C)(C)[Si](C)(C)OC1C(=O)C(CO)OC1n1ccc(=O)[nH]c1=O,5.501323220069255,6585,5.210928427884368,hiv_40255,MoleculeNet_HIV,True
COc1ccccc1OCc1nnc(SCC(=O)O)n1-c1ccccc1,5.501271051980878,6586,5.215814825016175,hiv_22818,MoleculeNet_HIV,True
CC(=O)N(CCCCNC(=O)C(F)(F)F)CCCNC(=O)C(F)(F)F,5.501231219639807,6587,5.185711052035209,hiv_36042,MoleculeNet_HIV,True
CN(C)c1ccc(N=C2C=CC(=C(C#N)C#N)c3ccccc32)cc1,5.501165352972066,6588,5.274027800923371,hiv_13375,MoleculeNet_HIV,True
Oc1ccccc1C=Cc1csnn1,5.501116769798028,6589,5.2172426717018165,hiv_16577,MoleculeNet_HIV,True
O=C(CN(c1ccc(S(=O)(=O)O)cc1)c1ccc(S(=O)(=O)O)cc1)Nn1cnc2ccc(S(=O)(=O)N(c3ccc(S(=O)(=O)O)cc3)c3ccc(S(=O)(=O)O)cc3)cc2c1=O,5.5008355104080175,6590,5.186750500825445,hiv_36728,MoleculeNet_HIV,True
COP(=O)(OC)N(C)[Si](C)(C)C,5.500721684331402,6591,5.157900013479269,hiv_26210,MoleculeNet_HIV,True
c1ccc(P(=Nc2ccccc2N=P(c2ccccc2)(c2ccccc2)c2ccccc2)(c2ccccc2)c2ccccc2)cc1,5.500659158156739,6592,5.278777178724556,hiv_12169,MoleculeNet_HIV,True
O=C1C(Br)=C(C2=CC(=P(c3ccccc3)(c3ccccc3)c3ccccc3)C=C2)C(=O)C(Br)=C1C1=CC(=P(c2ccccc2)(c2ccccc2)c2ccccc2)C=C1,5.500659158156739,6593,5.2825057419605415,hiv_34174,MoleculeNet_HIV,True
Cc1nc(-[n+]2nc(-c3ccncc3)nn2-c2ccccc2)sc1C.[Br-],5.500643483082146,6594,5.242096651909979,hiv_10622,MoleculeNet_HIV,True
O=C1CC(=O)N(CCc2ccncc2)C(=O)N1CCc1ccncc1,5.500595189714117,6595,5.135334516404572,hiv_736,MoleculeNet_HIV,True
Oc1ccc2ccccc2c1N=Nc1ccsc1,5.500591280972821,6596,5.24393494294153,hiv_15297,MoleculeNet_HIV,True
CC(C)(C)c1ccc(-c2nc3ccc([N+](=O)[O-])cc3c(=O)o2)cc1,5.5004894053664,6597,5.212211432544438,hiv_32552,MoleculeNet_HIV,True
COC1C=CC(C(=O)[N+]2=Cc3[nH]c4ccccc4c3CC2)O1,5.500466159045516,6598,5.218251351219125,hiv_21582,MoleculeNet_HIV,True
Nc1sccc1S(=O)(=O)c1ccsc1N,5.5004382033829105,6599,5.217386226087167,hiv_38551,MoleculeNet_HIV,True
C1=CC2C=CC(C=C1)P2c1ccccc1,5.500371670363217,6600,5.2742140472595125,hiv_33363,MoleculeNet_HIV,True
O=c1c2ccccc2c2c3c1cccc3c1cccc3c(=O)c4ccccc4c2c31,5.5002875218672775,6601,5.250618675149802,hiv_5304,MoleculeNet_HIV,True
NCCCNCCCCN1CC1,5.500283272994971,6602,5.232664406189469,hiv_25355,MoleculeNet_HIV,True
CCCCCCCCCOC(=S)NCCCCC,5.50013735022276,6603,5.194249568171668,hiv_13098,MoleculeNet_HIV,True
CCSCCCSCCSCC,5.50013735022276,6604,5.194249568171668,hiv_22696,MoleculeNet_HIV,True
CCCCCCCCCCCCNC(=S)OC,5.50013735022276,6605,5.174050604258033,hiv_13101,MoleculeNet_HIV,True
CCN(CC)P1(=S)OCC(C)O1,5.50013735022276,6606,5.186463886272814,hiv_6925,MoleculeNet_HIV,True
CCCCCOC(=S)SSSC(=S)OCCCCC,5.50013735022276,6607,5.194249568171668,hiv_9724,MoleculeNet_HIV,True
CCCCCCCCNC(=O)SCCCC,5.50013735022276,6608,5.194249568171668,hiv_13094,MoleculeNet_HIV,True
CCN(CC)C(=O)C(C)=O,5.50013735022276,6609,5.194249568171668,hiv_18184,MoleculeNet_HIV,True
CCCCCCCCCCNC(C)=O,5.50013735022276,6610,5.194249568171668,hiv_5847,MoleculeNet_HIV,True
CCCCCCCCCCCCCCCCCCN(C)C,5.50013735022276,6611,5.189033000933353,hiv_297,MoleculeNet_HIV,True
CC[Ge](CC)(CC)OC(=O)CCC(=O)O[Ge](CC)(CC)CC,5.50013735022276,6612,5.194249568171668,hiv_23677,MoleculeNet_HIV,True
CCCCNC(=S)SSSC(=S)NCCCC,5.50013735022276,6613,5.190519618835151,hiv_644,MoleculeNet_HIV,True
CCCCCCCCCCCCOC(=S)NCCCC,5.50013735022276,6614,5.194249568171668,hiv_13097,MoleculeNet_HIV,True
CCCCCCCCCC1OC(CCCCCCCCC)OC(CCCCCCCCC)O1,5.50013735022276,6615,5.186979634429175,hiv_1761,MoleculeNet_HIV,True
CCCCCCCCCOC(=S)NC,5.50013735022276,6616,5.190390417225918,hiv_13095,MoleculeNet_HIV,True
CCCCCCCCCCNC(=S)OC,5.50013735022276,6617,5.174050604258033,hiv_13099,MoleculeNet_HIV,True
CCCCCCCCCCC(=O)CCCCCCC(=O)O,5.50013735022276,6618,5.18899307873485,hiv_12234,MoleculeNet_HIV,True
CCN(CC)[N+]([O-])=NOC,5.50013735022276,6619,5.174050604258033,hiv_16316,MoleculeNet_HIV,True
CCCON=[N+]([O-])N(CC)CC,5.50013735022276,6620,5.194249568171668,hiv_16317,MoleculeNet_HIV,True
CCCCCCCCCCCC(=O)OCCOCCOCCOCCOCCOCCOCCOCCOCCO,5.50013735022276,6621,5.193531966264583,hiv_70,MoleculeNet_HIV,True
c1ccc2c(c1)cc1n2CC2CN=NC12,5.5000129630464025,6622,5.238402553369669,hiv_17893,MoleculeNet_HIV,True
Nc1nc(Cl)c2ncn(C3CC=C(CO)CC3)c2n1,5.499951897820811,6623,5.172252502323748,hiv_22101,MoleculeNet_HIV,True
C1=Nc2ccccc2N=Cc2ccccc2NCCNc2ccccc21,5.499948454322314,6624,5.286213309934464,hiv_7707,MoleculeNet_HIV,True
O=C1c2ccccc2C(=O)c2c(NCCNC(=O)C3CCCN3)ccc(NCCNC(=O)C3CCCN3)c21,5.499904850895669,6625,5.421227771996096,hiv_35448,MoleculeNet_HIV,True
COc1ccc(NC(=O)C(Cc2nc3ccccc3nc2O)=NO)c(OC)c1,5.499728250501497,6626,5.243781981271635,hiv_20937,MoleculeNet_HIV,True
CC(C)(C)C1=CC(CCC(=O)Nc2ccccc2[N+](=O)[O-])=NC(S)N1,5.499689715350937,6627,5.2891780723398805,hiv_15010,MoleculeNet_HIV,True
N=C(NN=C(c1ccccc1)c1ccc(N)cc1)C(=N)NN=C(c1ccccc1)c1ccc(N)cc1,5.499635809070982,6628,5.2510860587712065,hiv_1566,MoleculeNet_HIV,True
CCCSSC1NC(=O)C1NC(=O)COc1ccccc1,5.499208742751896,6629,5.292460099039521,hiv_15241,MoleculeNet_HIV,True
O=C(CC(NC(=O)OCc1ccccc1)C(=O)NC1Cc2ccccc2C1=O)OCc1ccccc1,5.499195794667644,6630,5.4092751724340165,hiv_29105,MoleculeNet_HIV,True
CCCCCCC1OC(C(=O)OCCCC)C(C(=O)OCCCC)O1,5.4991857777911655,6631,5.183995725336515,hiv_1796,MoleculeNet_HIV,True
O=C(O)Cn1ncn(NC(=O)Cc2ccccc2)c1=S,5.499065375835915,6632,5.274641583268185,hiv_26455,MoleculeNet_HIV,True
COc1ccc(N=C2SCC(=O)N2NC(=O)CN2C(=O)c3ccccc3C2=O)cc1,5.498970247934108,6633,5.255518138788039,hiv_10192,MoleculeNet_HIV,True
NC(CCc1nc(-c2ccccc2)cs1)C(=O)O,5.498892834874331,6634,5.407242719677538,hiv_13793,MoleculeNet_HIV,True
CC(C)(C)OC(=O)NC(Cc1ccc(OC(C)(C)C)cc1)C(=O)NC1CCCC1C(=O)NC(Cc1ccccc1)C(=O)N1CCCC1C(N)=O,5.4988463315407845,6635,5.426522060659702,hiv_29692,MoleculeNet_HIV,True
CNCCC=C1c2ccccc2CCc2ccccc21,5.498799221621602,6636,5.2908724319794995,hiv_2878,MoleculeNet_HIV,True
O=C(O)c1c(-c2ccccc2)nn2c1ccc1ccccc12,5.498789548543734,6637,5.2365915562987775,hiv_38332,MoleculeNet_HIV,True
O=C(O)c1cc(O)c2c(c1)C(C1c3cccc(O)c3C(=O)c3c(O)cc(C(=O)O)cc31)c1cccc(O)c1C2=O,5.498740657100174,6638,5.103329217069599,hiv_25454,MoleculeNet_HIV,True
N#CSC(Cl)=C(C(Cl)=C(Cl)Cl)[N+](=O)[O-],5.498698464237781,6639,5.18260085145307,hiv_27662,MoleculeNet_HIV,True
CC(NC(=O)OC(C)(C)C)C(=O)NC(Cc1ccccc1)C(=O)NCC(=O)ON=C1CCCC1,5.4985337456997545,6640,5.413124999119642,hiv_29368,MoleculeNet_HIV,True
Cc1ncc2c[n+]([O-])ccn12,5.498524718798206,6641,5.187785227842715,hiv_5471,MoleculeNet_HIV,True
O=C(O)c1ccc(-c2ccc(-c3cc(=S)sc(=O)[nH]3)cc2)cc1,5.4985110456680655,6642,5.186573393791236,hiv_21530,MoleculeNet_HIV,True
O=S(=O)(O)c1ccc(N=Nc2cc(S(=O)(=O)O)c3ccccc3c2O)c2ccccc12,5.4984643215362405,6643,5.2284962101762,hiv_382,MoleculeNet_HIV,True
O=C1OC(Cl)C(N=P(c2ccccc2)(c2ccccc2)c2ccccc2)=C1Cl,5.498321704527448,6644,5.272251899125388,hiv_21896,MoleculeNet_HIV,True
CCCCSC1=NCCCS1,5.498008927528143,6645,5.19348265983158,hiv_4469,MoleculeNet_HIV,True
Clc1nnc(-c2ccccc2)s1,5.497976576126711,6646,5.187257160909938,hiv_2754,MoleculeNet_HIV,True
O=C1c2cccn2-c2ccccc2OC1(CC1CC1)c1ccccc1,5.497899513026578,6647,5.32096755336877,hiv_31922,MoleculeNet_HIV,True
O=c1ccn(CC2(CO)CC(Cc3ccccc3)C2)c(=O)[nH]1,5.497766401514451,6648,5.2635449772922245,hiv_32304,MoleculeNet_HIV,True
N#Cc1nc(-c2cnccn2)oc1N,5.497745778878421,6649,5.183930103323165,hiv_37596,MoleculeNet_HIV,True
C1CCNCC1.S=C(S)N1CCCCC1,5.497712726277097,6650,5.21389741162626,hiv_92,MoleculeNet_HIV,True
C[s+]1c2ccccc2c2ccccc21.O=S(O)(=[OH+])C(F)(F)F,5.497576187060424,6651,5.254096909550167,hiv_24526,MoleculeNet_HIV,True
CSc1c2c(C)nnc-2[nH]n1-c1ccccc1,5.497554187590987,6652,5.210620673082239,hiv_38073,MoleculeNet_HIV,True
COC(=O)C1Cc2c([nH]c3ccccc23)C(c2ccccc2O)N1Cc1ccccc1,5.497345068134289,6653,5.174298258656453,hiv_14061,MoleculeNet_HIV,True
O=[N+]([O-])c1ccc(-c2ccc(C3=Nn4c(CNc5ccccc5Cl)nnc4SC3)o2)cc1,5.497153898957386,6654,5.227584160723028,hiv_17919,MoleculeNet_HIV,True
Cl.O=P(O)(O)CN1CCNCCN(CP(=O)(O)O)CCNCC1,5.497088636730693,6655,5.208124108730415,hiv_34076,MoleculeNet_HIV,True
CC(C)(C)OC(=O)Cn1ncn(NC(=O)Cc2ccccc2)c1=O,5.497031586329307,6656,5.267854642332529,hiv_26454,MoleculeNet_HIV,True
CC(C)(C)OC(=O)NC(Cc1ccccc1)CN1CCCC1C(=O)O,5.497024106214073,6657,5.4151389717842875,hiv_16869,MoleculeNet_HIV,True
N[Co-4](N)(N)(N)(N)[OH+]C(=O)C(=O)[O-].[O-][Cl+3]([O-])([O-])O.[O-][Cl+3]([O-])([O-])O,5.49698811643392,6658,5.183473210892713,hiv_14487,MoleculeNet_HIV,True
O=S1c2ccccc2N=C(c2ccc3ccccc3c2)CC1c1ccccc1F,5.496958225985879,6659,5.396082700333761,hiv_14890,MoleculeNet_HIV,True
Cc1ccc2c(c1)sc1n[nH]c(=S)n12,5.496911038245654,6660,5.170761552497999,hiv_7438,MoleculeNet_HIV,True
c1cc(CSP234N5CCN2CCN3CCN4CC5)ccc1CSP123N4CCN1CCN2CCN3CC4,5.496827695955181,6661,5.1294578927306205,hiv_39166,MoleculeNet_HIV,True
C1=CC2=CC=CC3c4nc5ccc6ccccc6c5nc4C(=C1)C23,5.496743948757818,6662,5.241105866336844,hiv_27198,MoleculeNet_HIV,True
S=C1C(=Nc2ccccc2)N(c2ccccc2)C(=Nc2cccc[n+]2Cc2ccccc2)N1c1ccccc1.[Br-],5.4966738022485035,6663,5.230166603295463,hiv_30594,MoleculeNet_HIV,True
Cn1ccc(C(=O)NCCCCCNC(=O)c2ccn(C)c(=O)c2O)c(O)c1=O,5.49665420235314,6664,5.17035098114163,hiv_37954,MoleculeNet_HIV,True
CC1CC(=O)CC2CCC3C4CCC(OC(=O)c5cccc6c(=O)c7ccccc7[nH]c56)C4(C)CCC3C12C,5.496645250405957,6665,5.164033397413465,hiv_36960,MoleculeNet_HIV,True
Brc1cnc2[nH]nnc2c1,5.496612689849221,6666,5.130625457393513,hiv_6814,MoleculeNet_HIV,True
CC(C)(C)OC(=O)NC1CCN(C2CCCCC2)C1=O,5.496553240226587,6667,5.2115062456917,hiv_31066,MoleculeNet_HIV,True
O=C(CNC(=O)c1cnc2ccccc2n1)NCCCNC(=O)CNC(=O)c1cnc2ccccc2n1,5.496531692603823,6668,5.2881990111511685,hiv_2546,MoleculeNet_HIV,True
O=[N+]([O-])C(=C(Cl)Cl)C(Cl)=C(Cl)Br,5.496494439672369,6669,5.18260085145307,hiv_33188,MoleculeNet_HIV,True
O=[N+]([O-])C(=C(Cl)Cl)C(Cl)=C(Cl)Cl,5.496494439672369,6670,5.18260085145307,hiv_27658,MoleculeNet_HIV,True
O=C1Cc2ccccc2N1C1c2ccccc2C=Cc2ccccc21,5.496452702784913,6671,5.213543286602668,hiv_7800,MoleculeNet_HIV,True
COC(=O)C1(Cc2ccc3c(c2)CCC3)Cc2cc3c(cc2C1=O)CCC3,5.496230467732015,6672,5.1186983534406805,hiv_31856,MoleculeNet_HIV,True
CN(C)c1ccc(C=NN(Cc2ccccc2)c2ccccc2)cc1,5.496210821425075,6673,5.232279896192135,hiv_581,MoleculeNet_HIV,True
N#CNC(=N)NP(=O)(Oc1ccccc1)Oc1ccccc1,5.496180983568898,6674,5.277179060654618,hiv_6271,MoleculeNet_HIV,True
Clc1ccc(C2ON2C2CCCCC2)cc1,5.496135531917016,6675,5.176164700260213,hiv_4287,MoleculeNet_HIV,True
O=c1[nH][nH]c(=O)n1Cc1ccccc1Cn1c(=O)[nH][nH]c1=O,5.496089588382389,6676,5.2959536807746685,hiv_38232,MoleculeNet_HIV,True
C1=CC2=[N+]3C1=C(c1ccncc1)C1=CC=C4C(c5ccncc5)=C5C=CC6=[N+]5[Zn-2]3([NH+]14)[NH+]1C(=C2c2ccncc2)C=CC1=C6c1ccncc1,5.496030555885611,6677,5.1263501981766675,hiv_18591,MoleculeNet_HIV,True
CN1C(=O)C=C(C=Nc2ccc(-c3ccccc3)cc2)C2CCCCC21,5.496006430399002,6678,5.253905349188506,hiv_5011,MoleculeNet_HIV,True
O=c1n(-c2ccccc2)c(=O)n2n1C1C=CC2C2C(C1)C2(Cl)Cl,5.495996819238595,6679,5.238912798143471,hiv_14445,MoleculeNet_HIV,True
Clc1ccc(SCCCCCCCCCCSc2ccc(Cl)cc2)cc1,5.495995460729965,6680,5.182232817634844,hiv_20743,MoleculeNet_HIV,True
NC(CCP(=O)(O)CCC1C=CC=CC1)C(=O)O,5.49594521616721,6681,5.388723566387642,hiv_30940,MoleculeNet_HIV,True
O=C(CC(c1ccccc1)C(C(=O)c1ccncc1)C(CC(=O)c1ccncc1)c1ccccc1)c1ccncc1,5.4958541819080855,6682,5.3618452514330865,hiv_38194,MoleculeNet_HIV,True
CN(C)CC(C(Cc1ccccc1)=NNC(=O)c1ccncc1)c1ccccc1,5.4958541819080855,6683,5.368032342919175,hiv_21504,MoleculeNet_HIV,True
O=C(c1c(F)c(F)c(F)c(F)c1F)n1c(=O)[nH]c2ccccc21,5.495803196602126,6684,5.27305551059518,hiv_30759,MoleculeNet_HIV,True
COc1cc(OCc2ccc3nc(-c4ccccc4)c(Cl)nc3c2)cc(OC)c1OC,5.495790530849126,6685,5.195721506408118,hiv_38531,MoleculeNet_HIV,True
CS(=O)(=O)CCOC(=O)ON1C(=O)CCC1=O,5.495787707874713,6686,5.186912868403072,hiv_35054,MoleculeNet_HIV,True
Oc1cc2[nH]cnc2c(O)n1,5.495724895047806,6687,5.183225729116265,hiv_1192,MoleculeNet_HIV,True
CCN(CC)[N+](=O)[N-]OCOC,5.495520617647362,6688,5.173935802936623,hiv_23571,MoleculeNet_HIV,True
O=C1C2CCCC3CCCC(C(=O)N1NC1CCCCC1)C32,5.495484869354827,6689,5.173180791167553,hiv_6216,MoleculeNet_HIV,True
NC(=O)c1ncn2c(=O)n(CCCl)nnc12,5.49545155620821,6690,5.119353905738876,hiv_8610,MoleculeNet_HIV,True
CC1C(O)=C(O)c2ccccc2N1O,5.49541067055944,6691,5.283959109520289,hiv_14789,MoleculeNet_HIV,True
COc1cc(C2c3cc4c(cc3OC(N3CCOCC3)C2C)OCO4)ccc1O,5.495268858346953,6692,5.116386475203888,hiv_28248,MoleculeNet_HIV,True
N[Co-4](N)(N)(N)(N)[OH+][N+](=O)[O-].[O-][Cl+3]([O-])([O-])O,5.495267097870707,6693,5.18539363279623,hiv_14486,MoleculeNet_HIV,True
c1csc(-c2nc3sc(-c4cccs4)nc3s2)c1,5.495225560239599,6694,5.166581214206371,hiv_1148,MoleculeNet_HIV,True
Cc1ccccc1S(=O)(=O)OC1NS(=O)(=O)c2ccccc21,5.494909061263078,6695,5.247393698159368,hiv_2376,MoleculeNet_HIV,True
CCS1=C(C(C)=O)C(=O)OC(C)C1,5.49488369393196,6696,5.183479977180154,hiv_8466,MoleculeNet_HIV,True
OC1CCN(Cc2ccccc2)CC1CNC12CC3CC(CC(C3)C1)C2,5.494567056082352,6697,5.2554337568862834,hiv_23282,MoleculeNet_HIV,True
O=C(CCc1cc(-c2ccccc2)nc(S)n1)Nc1ccccc1[N+](=O)[O-],5.494507003155315,6698,5.278045548834407,hiv_14428,MoleculeNet_HIV,True
C=C(c1ccccc1)C1(O)CCC1N(CC#N)Cc1ccccc1,5.494498303600776,6699,5.248302721847638,hiv_10797,MoleculeNet_HIV,True
NC(=O)NC1=NC(Cc2ccccc2)C(=O)N1Cc1ccccc1,5.494471388863145,6700,5.243243735428989,hiv_23872,MoleculeNet_HIV,True
O=C(Cc1ccccc1)c1ccc2[nH]c(=O)oc2c1,5.49438959674572,6701,5.238561852520811,hiv_37568,MoleculeNet_HIV,True
CCCNP(=S)(NCCC)NCCC,5.494340241536365,6702,5.193201676110359,hiv_23,MoleculeNet_HIV,True
CN(C)P(=O)(N(C)C)N(C)C.C[Sn](C)(Cl)Cl,5.494275667324449,6703,5.182634627668281,hiv_7362,MoleculeNet_HIV,True
CN(C)P(=O)(OP(=O)(N(C)C)N(C)C)N(C)C,5.494275667324449,6704,5.1789060644322955,hiv_418,MoleculeNet_HIV,True
NCCCCC(=O)NC(CCCCNC(=O)OCc1ccccc1)C(=O)NCCCCC(=O)NC(CCCCNC(=O)OCc1ccccc1)C(=O)NCCCCC(=O)NC(CCCCNC(=O)OCc1ccccc1)C(=O)NCCCCC(=O)NC(CCCCNC(=O)OCc1ccccc1)C(=O)NCCCCC(=O)NC(CCCCNC(=O)OCc1ccccc1)C(=O)NCCCCC(=O)NC(CCCCNC(=O)OCc1ccccc1)C(=O)NCCCCC(=O)NC(CCCCNC(=O)OCc1ccccc1)C(=O)O,5.494214096251255,6705,5.416263334376638,hiv_4161,MoleculeNet_HIV,True
CC1(N)COP(=O)(NCc2ccccc2)OC1,5.494204745416955,6706,5.245586008152575,hiv_4047,MoleculeNet_HIV,True
O=S(=O)(O)c1cc(N=Nc2ccc(S(=O)(=O)c3ccc(N=Nc4cc(S(=O)(=O)O)c5cccnc5c4O)cc3)cc2)c(O)c2ncccc12.[NaH],5.494154630259867,6707,5.191769993512898,hiv_18097,MoleculeNet_HIV,True
O=c1c2ccccc2n2c(=S)[nH]nc2n1-c1ccccc1,5.494109733004205,6708,5.2345004163318505,hiv_28356,MoleculeNet_HIV,True
c1cc2cc(Cc3ccc4[nH]ccc4c3)ccc2[nH]1,5.49409964683301,6709,5.133400472576521,hiv_35988,MoleculeNet_HIV,True
S=c1sc(-c2ccc(Cl)cc2)nn1CSc1nc2ccccc2[nH]1,5.493978967197515,6710,5.236367000621798,hiv_9301,MoleculeNet_HIV,True
COC(=O)CSc1nc2[nH]c(SC)c(C(N)=O)c2c(=O)n1-c1ccccc1,5.49383935799491,6711,5.2731367838693535,hiv_26544,MoleculeNet_HIV,True
Cc1ccc(S(=O)OC2C3CC4CC(C3)CC2C4)cc1,5.493814864683028,6712,5.17417684806735,hiv_11578,MoleculeNet_HIV,True
ClCc1ccc2ccc3ccc(CCl)nc3c2n1,5.493801784195955,6713,5.181301428873377,hiv_10036,MoleculeNet_HIV,True
O=C1C(=O)N2CCCCc3cccc1c32,5.493731028777884,6714,5.18892488577983,hiv_3734,MoleculeNet_HIV,True
O=c1ccc(=O)c2c1c1[nH]c3ccccc3c1c1c(=O)c3ccccc3c(=O)c21,5.4936861088245355,6715,5.22757949548789,hiv_27085,MoleculeNet_HIV,True
CN(C)c1cc[n+](-c2nc([N-]C(=O)C(F)(F)F)nc3c2ncn3C2CC(O)C(CO)O2)cc1,5.493655725304977,6716,5.177889437246317,hiv_28914,MoleculeNet_HIV,True
O=S(=O)(O)c1cc(N=Nc2ccc(O)cc2O)ccc1C=Cc1ccc(N=Nc2ccc(O)cc2O)cc1S(=O)(=O)O.[NaH],5.493628948985528,6717,5.190562439090301,hiv_15307,MoleculeNet_HIV,True
O=C(Cn1c(=O)ccn(C2OC(CO)C(O)C2F)c1=O)c1ccc(F)cc1,5.493602782058437,6718,5.171319648602446,hiv_32531,MoleculeNet_HIV,True
COc1ccc2c(c1)CCN1C2CCN2C(=O)CCC21,5.493598589493552,6719,5.1029028704761545,hiv_4405,MoleculeNet_HIV,True
c1ccc2c(c1)CCN(NCCN1CCCC1)C2,5.493561918458606,6720,5.333251589058068,hiv_943,MoleculeNet_HIV,True
O=C(O)C(O)=C1C=C(c2ccccc2)c2ccccc21,5.493541086769839,6721,5.2825057419605415,hiv_13752,MoleculeNet_HIV,True
Cl[Pd-4]12([S+]=c3nc[nH]c4[nH]cnc34)([S+]=C3N=CNc4[nH]c[n+]1c43)[S+]=C1N=CNc3[nH]c[n+]2c31,5.493535319511484,6722,5.160388936622623,hiv_2493,MoleculeNet_HIV,True
O=C1C(Cl)C2c3cc4ccccc4nc3Oc3ccccc3N12,5.493404467937648,6723,5.171637220232117,hiv_22887,MoleculeNet_HIV,True
O=C1Cc2ccccc2CCc2ccccc21,5.493355535965192,6724,5.28776223139736,hiv_20533,MoleculeNet_HIV,True
O=P1(c2ccccc2)c2ccccc2-c2ccccc21,5.493355535965192,6725,5.2825057419605415,hiv_28476,MoleculeNet_HIV,True
CCCCNc1nc(C(F)(F)F)nc2[nH]cnc12,5.4933441086901995,6726,5.202809051367202,hiv_1864,MoleculeNet_HIV,True
Cn1cnnc1Sc1c([N+](=O)[O-])ncn1C,5.493274228885591,6727,5.120232888149678,hiv_14729,MoleculeNet_HIV,True
OCC12CCCC(CO)(COC1)C2O,5.492917297380748,6728,5.184979218660001,hiv_1807,MoleculeNet_HIV,True
CC(=O)N1C(c2[nH]c3ccccc3c2Cc2ccccc2)CCN1c1ccccc1,5.492903266460827,6729,5.204487003519401,hiv_25205,MoleculeNet_HIV,True
O=S(=O)(c1ccccc1)n1cnc(CCc2ccccc2)n1,5.492883878129992,6730,5.230421478500078,hiv_23191,MoleculeNet_HIV,True
C12=C3[C-]4C5=C1[Fe+3]23541678C2=C1[C-]6C7=C28.O=C(O)C(Cl)(Cl)Cl.O=C([O-])C(Cl)(Cl)Cl,5.492811199969086,6731,5.199210062410678,hiv_10299,MoleculeNet_HIV,True
O=c1[nH]n(Cc2ccccn2)c2ccc([N+](=O)[O-])cc12,5.492801751251629,6732,5.271750166215617,hiv_32066,MoleculeNet_HIV,True
COC(=O)C1CCCN1C(=O)OC(C)(C)C,5.4927589260472995,6733,5.1986567658785905,hiv_39576,MoleculeNet_HIV,True
O=C(O)C1CC(C2CCCCN2)CN2CCCCC12,5.492758161966013,6734,5.198387079354289,hiv_36879,MoleculeNet_HIV,True
O=c1[nH]nc(Cc2ccccc2)n1N=Cc1ccncc1,5.492750261246875,6735,5.248761433368358,hiv_33105,MoleculeNet_HIV,True
NN=C1C(=O)N(Cc2ccccc2)C(=O)C1C(=O)NCc1ccccc1,5.4926421044315905,6736,5.197302172854079,hiv_14625,MoleculeNet_HIV,True
O=C(c1cccc(Cl)c1)c1c(O)c2ccccc2oc1=O,5.492564449063336,6737,5.246432304115676,hiv_4811,MoleculeNet_HIV,True
C1=Nc2ccc(cc2)N=Cc2ccc(cc2)OCc2cccc(n2)COc2ccc1cc2,5.492489914323594,6738,5.1739966973412805,hiv_39148,MoleculeNet_HIV,True
O=C1CCCC2=C1CC1=C(CCCC1=O)N2c1ccccc1,5.492423229373181,6739,5.283339524510178,hiv_27714,MoleculeNet_HIV,True
O=C1CCCCC1=C1SC(=Nc2ccccc2)C(=Nc2ccccc2)N1c1ccccc1,5.492423229373181,6740,5.283339524510178,hiv_30566,MoleculeNet_HIV,True
CN1CN(c2ccccc2)C2(CCN(CCc3csc4ccccc34)CC2)C1=O,5.492378354578878,6741,5.239727594838655,hiv_27797,MoleculeNet_HIV,True
CC=CC1(OC(=O)c2ccccc2)CC2CCCCC21,5.49236313348905,6742,5.289815426611881,hiv_28498,MoleculeNet_HIV,True
OCC(O)CSSCC(O)C(O)CSSCC(O)CO,5.4923557638467955,6743,5.364228320020865,hiv_11562,MoleculeNet_HIV,True
COc1ccc(C2=CC(C(C)=C(C(N)=O)C(N)=O)C=C(c3ccc(Br)cc3)C2)c(OC)c1,5.492270482632681,6744,5.153000570666589,hiv_38214,MoleculeNet_HIV,True
O=c1oc2c3ccccc3c3ccccc3c2c2oc3c4ccccc4c4ccccc4c3c12,5.492188113896428,6745,5.250618675149802,hiv_8435,MoleculeNet_HIV,True
C[N+]1(CCCl)CCc2cccc([N+](=O)[O-])c2C1.[Cl-],5.492018729632392,6746,5.18063019423305,hiv_29324,MoleculeNet_HIV,True
Cc1cccc(N2C(c3ccccc3)c3ccc(C)cc3NS2=O)c1,5.4920098908419375,6747,5.21819261138429,hiv_10287,MoleculeNet_HIV,True
COc1ccc(CCN2C(=O)CCC3=C2CCCC3=O)cc1OC,5.492003772461257,6748,5.040432465670161,hiv_8574,MoleculeNet_HIV,True
CC(NC(=O)C(Cc1ccc(OC(=O)c2ccccc2)cc1)NC(=O)OC(C)(C)C)C(=O)NCC(=O)NC(Cc1ccccc1)NC(=O)OCc1ccccc1,5.492000131406206,6749,5.41216906811747,hiv_29803,MoleculeNet_HIV,True
O=C1OCCOCCOCCOC(=O)c2ccccc2SSc2ccccc21,5.491983132139343,6750,5.28776223139736,hiv_7336,MoleculeNet_HIV,True
Cc1cccc(CC(=O)c2ccccc2)n1,5.491965450508442,6751,5.284684553781214,hiv_1430,MoleculeNet_HIV,True
CCc1occc(=O)c1O,5.491912862574022,6752,5.1770369032973145,hiv_18273,MoleculeNet_HIV,True
N=c1ccc2c(nc3cccc[c-]3[n+]2=O)n1Cc1ccncc1,5.491843149317695,6753,5.239492354777795,hiv_9061,MoleculeNet_HIV,True
O=Cc1ccccc1COC(=O)c1cc(C(=O)OCc2ccccc2C=O)c(C(=O)OCc2ccccc2C=O)cc1C(=O)OCc1ccccc1C=O,5.4917454844579,6754,5.287224225554214,hiv_23585,MoleculeNet_HIV,True
C[Si](C)(C)C1=C2C(=O)c3ccccc3C(=O)C2=C([Si](C)(C)C)C2CCCCC12,5.491744038857554,6755,5.432808721168907,hiv_39078,MoleculeNet_HIV,True
COC(=O)C1=C(C(=O)OC)SC(=C2SC3=C(SC(=C4SCCS4)S3)S2)S1,5.491699608191649,6756,5.159462248543653,hiv_39704,MoleculeNet_HIV,True
NC(=O)NN=C(Cc1nc2ccc(C(=O)c3ccccc3)cc2nc1O)C(=O)Nc1ccc(C(F)(F)F)cc1[N+](=O)[O-],5.491680854571079,6757,5.250139303760383,hiv_21321,MoleculeNet_HIV,True
Nc1nc(N)c(-c2cccc(C(F)(F)F)c2)c(Cc2cccc(C(F)(F)F)c2)n1,5.491666591932401,6758,5.105972641386966,hiv_2564,MoleculeNet_HIV,True
Cn1c2c(c3ccccc31)CCN1C(=O)CN(C(=O)C3CCCCC3)CC21,5.4916255160744045,6759,5.196259753492954,hiv_30644,MoleculeNet_HIV,True
OC1C(CBr)OC(OCC(COCc2ccccc2)OCc2ccccc2)C(O)C1O,5.491494939418571,6760,5.4082534114754806,hiv_19042,MoleculeNet_HIV,True
Nc1nc(O)c2c(ncn2CC(O)COC(=O)c2ccccc2)n1,5.491430459126505,6761,5.417914513477989,hiv_17702,MoleculeNet_HIV,True
CCC=NNC(=N)N.O=P(O)(O)O,5.4914199515216335,6762,5.189876821142709,hiv_2434,MoleculeNet_HIV,True
O=S(=O)(C=Cc1ccc(F)cc1)Cc1ccc(CS(=O)(=O)C=Cc2ccc(F)cc2)cc1,5.491392041623504,6763,5.126426997472739,hiv_15031,MoleculeNet_HIV,True
CC(C)C(NC(=O)OC(C)(C)C)C(=O)N(C)C(Cc1ccccc1)C(=O)N(C)C(C(=O)N(C)C(C(=O)N1CCCC1C(=O)OCc1ccccc1)C(C)C)C(C)C,5.491361620449191,6764,5.420418557435193,hiv_23689,MoleculeNet_HIV,True
O=[N+]([O-])c1cccc2c(N3CC3)cnnc12,5.491266327213683,6765,5.130228875653584,hiv_2362,MoleculeNet_HIV,True
[N-]=[N+]=C(S(=O)(=O)O)S(=O)(=O)O,5.491192696228134,6766,5.18260085145307,hiv_685,MoleculeNet_HIV,True
O=S(=O)(O)C(Br)(Br)Br,5.491192696228134,6767,5.18260085145307,hiv_242,MoleculeNet_HIV,True
CSS(C)(=O)=O,5.491192696228134,6768,5.186079085853435,hiv_902,MoleculeNet_HIV,True
O=S(=O)(c1ccc(Br)cc1)S(=O)(=O)c1ccc(Br)cc1,5.491192696228134,6769,5.184315944268709,hiv_7698,MoleculeNet_HIV,True
COC(=O)CC(O)(CCCC(C)(C)O)C(=O)OC1C(OC)=CC23CCCN2CCc2cc4c(cc2C13)OCO4,5.491013938611052,6770,5.157982278859085,hiv_4998,MoleculeNet_HIV,True
C1CCC(OCC2(COC3CCCCO3)CCCCO2)OC1,5.490993833104944,6771,5.183083492963386,hiv_3566,MoleculeNet_HIV,True
O=C(O)c1ccccc1P12(OC(=O)c3ccccc31)OC(=O)c1ccccc12,5.490898905368438,6772,5.2825057419605415,hiv_7567,MoleculeNet_HIV,True
O=C(NCCCOC(=O)CCCCCCCCC(=O)OCCCNC(=O)NC(=O)c1cnc(O)nc1O)NC(=O)c1cnc(O)nc1O,5.490746157644989,6773,5.182382321954037,hiv_19824,MoleculeNet_HIV,True
N#Cc1nc(C2SCCCS2)oc1N,5.490740795617518,6774,5.176660169580672,hiv_37593,MoleculeNet_HIV,True
COc1ccc(CNc2nc3c(NC(C)=O)cc(C(F)(F)F)cc3nc2-c2ccccc2)cc1OC,5.490737430530599,6775,5.164039910627516,hiv_19533,MoleculeNet_HIV,True
CCOP(=O)(OCC)C1C(=O)OC2CCCCC21,5.490731816592263,6776,5.178669044030591,hiv_14273,MoleculeNet_HIV,True
c1ccc2c3c([nH]c2c1)C1(CCCCC1)c1c([nH]c2ccccc12)C31CCCCC1,5.490673024596101,6777,5.235760274265149,hiv_22598,MoleculeNet_HIV,True
Nc1ccc2c(c1)Oc1ccc(N)cc1O2,5.490525861191319,6778,5.163579560338082,hiv_10007,MoleculeNet_HIV,True
Cc1cc(O)nc(CNC(=O)c2cccc(C(=O)NCc3cc(O)nc(C)n3)c2)n1,5.490235239285595,6779,5.182372787486265,hiv_17079,MoleculeNet_HIV,True
O=C1NC(C(=O)O)C(c2ccc(OCc3ccccc3)cc2)O1,5.490225152380435,6780,5.22786216853991,hiv_35213,MoleculeNet_HIV,True
O=C(CCC(=O)c1ccsc1)c1ccsc1,5.49016419032577,6781,5.175549085426572,hiv_40546,MoleculeNet_HIV,True
C1CSC(=[N+]2CC[N+](=C3SCCS3)CC2)S1,5.490113336598204,6782,5.180580023542654,hiv_6098,MoleculeNet_HIV,True
O=c1[nH]c2ccccc2n1C1CCN(CCOc2ccccc2)CC1,5.490026571605538,6783,5.322152372447687,hiv_7794,MoleculeNet_HIV,True
CC(=O)OCC1OC(c2nc3ccccc3s2)=CC(OC(C)=O)C1OC(C)=O,5.4899807938892025,6784,5.282180703902329,hiv_32595,MoleculeNet_HIV,True
CC(C)(C)C1NC(=O)CN1C(=O)OCc1ccccc1,5.4898839180619055,6785,5.246209919173479,hiv_31623,MoleculeNet_HIV,True
N#CC(=C(Cc1ccc(F)cc1)NP(=O)(c1ccccc1)c1ccccc1)c1ccc(F)cc1,5.48972319931374,6786,5.228143919231875,hiv_4342,MoleculeNet_HIV,True
O=c1ccn(C2CC2CO)c(=O)[nH]1,5.489706097550099,6787,5.180538457995225,hiv_33775,MoleculeNet_HIV,True
N=c1ccn(CC(=O)NCCO)c(=O)[nH]1,5.489706097550099,6788,5.1907923008303785,hiv_27175,MoleculeNet_HIV,True
CN(C)CCn1c2ccccc2c2nc3cc4ccccc4cc3nc21.Cl,5.489472088536953,6789,5.200899665214829,hiv_30669,MoleculeNet_HIV,True
CC(=O)OCC1OC(N2C(C)=C(C(C)=O)C(c3ccco3)C(C#N)=C2S)C(OC(C)=O)C(OC(C)=O)C1OC(C)=O,5.489414142611165,6790,5.177599773860518,hiv_32421,MoleculeNet_HIV,True
c1ccc2c(c1)cnc1c3ccccc3nn21,5.489402750748994,6791,5.19944800005122,hiv_7306,MoleculeNet_HIV,True
CC(=O)NCCC1CN(C(=O)C=CI)c2ccccc21,5.489399534168354,6792,5.2170215210030335,hiv_30768,MoleculeNet_HIV,True
COc1ccc2[nH]c3c(C)c4ccnc(NCCCN(C)CCCNc5ccc([N+](=O)[O-])c6[nH]c7ccccc7c(=O)c56)c4c(C)c3c2c1.CS(=O)(=O)O,5.489352654901272,6793,5.2127518676009625,hiv_39219,MoleculeNet_HIV,True
CC(=O)OCC1OC(OCCCOP(=O)(OCCC#N)OCC2OC(n3cnc4c(N)ncnc43)C(OC(=O)c3ccccc3)C2OC(=O)c2ccccc2)C(OC(C)=O)C(OC(C)=O)C1OC(C)=O,5.489331541883256,6794,5.274679909223248,hiv_39264,MoleculeNet_HIV,True
Oc1c(Cc2ccccc2)c(-c2ccccc2)nn1C1=NCCN1,5.489261750848888,6795,5.247011141360253,hiv_34966,MoleculeNet_HIV,True
COc1ccc(-c2c(N)cnc(C(=O)O)c2C)c(O)c1OC,5.489257968637783,6796,5.140701461383144,hiv_6885,MoleculeNet_HIV,True
O=C(NCCc1c(-c2ccccc2)[nH]c2ccccc12)C(F)(F)C(F)(F)F,5.489211995444715,6797,5.222323006051072,hiv_31782,MoleculeNet_HIV,True
[Cl-].c1ccc([P+](Cc2ccc(C[P+](c3ccccc3)(c3ccccc3)c3ccccc3)cc2)(c2ccccc2)c2ccccc2)cc1,5.489082699458875,6798,5.40363634274669,hiv_26360,MoleculeNet_HIV,True
Oc1nc2ccccc2c2oc3ccccc3c12,5.489037239428794,6799,5.245362185712984,hiv_25191,MoleculeNet_HIV,True
C=C1CC(Cn2cc(C)c(=O)[nH]c2=O)(c2ccc(-c3ccccc3)cc2)OC1=O,5.488783285849993,6800,5.291113562348477,hiv_29149,MoleculeNet_HIV,True
CC(=O)N(CN1C(=O)CCC1C(=O)O)c1cccc(O)c1,5.488765525326478,6801,5.172440118528776,hiv_35593,MoleculeNet_HIV,True
COc1cc(C2c3cc(O)c(OC)cc3C=C(C(N)=O)C2C(N)=O)ccc1O,5.488691625166332,6802,5.099260489104991,hiv_33020,MoleculeNet_HIV,True
N=c1oc2ccc3ccccc3c2cc1C(N)=S,5.4885841809251605,6803,5.252528616987122,hiv_35666,MoleculeNet_HIV,True
N#CCCC1(CCC#N)CCCCCCC(CCC#N)(CCC#N)C(O)C1O,5.488548611724189,6804,5.184979218660001,hiv_28593,MoleculeNet_HIV,True
O=c1ccc(-c2ccc(-n3ccnc3)cc2)nn1CCO,5.488462833760318,6805,5.180336628389849,hiv_25503,MoleculeNet_HIV,True
Cl.N=C(c1ccc(-c2cn3cc(C(=N)N4CCCC4)ccc3n2)cc1)N1CCCC1,5.488394622919397,6806,5.169500810736368,hiv_37428,MoleculeNet_HIV,True
OC1C=C2CCN3Cc4cc5c(cc4C(C1O)C23)OCO5,5.488292085539926,6807,5.127195116246297,hiv_35229,MoleculeNet_HIV,True
CN1CCCCCCC1CO,5.4881920173373855,6808,5.177172911454507,hiv_681,MoleculeNet_HIV,True
CCCCP(CCCC)(CCCC)=C(C(=O)OC)C(C(=O)OC)=C1SC(C(=O)OC)=C(C(=O)OC)S1,5.4881339662304764,6809,5.174099759078711,hiv_29466,MoleculeNet_HIV,True
O=C1CC2c3[nH]c4ccccc4c3CCN2C2=C1CCCC2,5.488105471514587,6810,5.227506053669385,hiv_5288,MoleculeNet_HIV,True
C1CSCCSCCCSC2CCCCC2SC1,5.488073446215213,6811,5.175330917710577,hiv_22769,MoleculeNet_HIV,True
O=c1[nH]c2cnn(-c3ccccc3)c2c(=O)n1O,5.488042284402705,6812,5.2483071816100555,hiv_3882,MoleculeNet_HIV,True
COc1ccc(-c2nnc3[nH]c4ccccc4n3c2=O)cc1,5.487849509838218,6813,5.203674128951837,hiv_33475,MoleculeNet_HIV,True
NC(CCCC(N)P(=O)(O)O)P(=O)(O)O,5.4876632174037665,6814,5.404233898659614,hiv_13791,MoleculeNet_HIV,True
NN1C(c2ccccc2)=N[NH+]2C1=[S+][Fe-2]21[S-2][Fe-2]2([S+]=C3N(N)C(c4ccccc4)=N[NH+]32)[S-2]1,5.487651841209494,6815,5.240648046450595,hiv_30772,MoleculeNet_HIV,True
O=C(O)P(=O)(O)O,5.487633295407529,6816,5.1746008900886045,hiv_7792,MoleculeNet_HIV,True
O=C(Cc1nc2ccccc2c(=O)n1-c1c(Cl)cccc1Cl)c1ccncc1,5.487542490194893,6817,5.195277988872623,hiv_15382,MoleculeNet_HIV,True
Cc1nn(-c2ncc(C(=O)O)c(O)n2)c(O)c1CCO,5.487518970160623,6818,5.180499109464916,hiv_28313,MoleculeNet_HIV,True
Cc1cc(C)c(S(=O)(=O)O)c(C)c1.c1ccc2c(c1)C1NC2c2ccccc21,5.4874765213852825,6819,5.226372073438786,hiv_12536,MoleculeNet_HIV,True
Cc1nc(N)nc(N)c1N1CCN(c2ccc(S(=O)(=O)N(Cc3ccccc3)Cc3ccccc3)cc2)CC1,5.487466415769403,6820,5.232687442260039,hiv_37848,MoleculeNet_HIV,True
COC(=O)CSC(=S)Nc1nnc(NC(=S)SCOC(C)=O)n1C(=S)SCC(=O)OC,5.487425397745404,6821,5.108662082855321,hiv_38682,MoleculeNet_HIV,True
O=[N+]([O-])C(Cl)=C(NCCO)C(Cl)=C(Cl)Cl,5.487355767189002,6822,5.182232817634844,hiv_27671,MoleculeNet_HIV,True
CC(=O)CC(O)(C(F)(F)Cl)C(F)(Cl)Cl,5.487355767189002,6823,5.15589196101176,hiv_25723,MoleculeNet_HIV,True
O=C(NO)NCCCl,5.487355767189002,6824,5.182232817634844,hiv_34770,MoleculeNet_HIV,True
ClCC[N+]12CC[N+](CCCl)(CC1)C2,5.487355767189002,6825,5.182232817634844,hiv_6824,MoleculeNet_HIV,True
CC(=O)CC(O)(C(F)(F)Cl)C(F)(F)Cl,5.487355767189002,6826,5.15589196101176,hiv_25716,MoleculeNet_HIV,True
O=[N+]([O-])C(C(Cl)=C(Cl)Cl)=C(SCc1ccccc1)N1CCCCC1,5.487311349810473,6827,5.234619272674911,hiv_27680,MoleculeNet_HIV,True
Sc1ncc(-c2cncc(-c3cnc(S)nc3)n2)cn1,5.48723236025218,6828,5.181579090494534,hiv_39126,MoleculeNet_HIV,True
COc1ccc(OC)c(N=Nc2cc(OC)c(N=Nc3c(O)nc4ccccc4c3O)cc2Cc2ccccc2C(=O)O)c1,5.487216466410041,6829,5.209141498090065,hiv_2300,MoleculeNet_HIV,True
OC1CC2CCC(C1)S2,5.487097403963647,6830,5.175330917710577,hiv_30011,MoleculeNet_HIV,True
CCCCCC(=O)NC(=S)Nc1nnn[nH]1,5.486794208899098,6831,5.144710854496877,hiv_25239,MoleculeNet_HIV,True
O=C(CCNNC(=O)c1ccncc1)NCc1ccccc1,5.486697507175611,6832,5.202150523733442,hiv_4520,MoleculeNet_HIV,True
CS(=O)(=O)CCNCc1ccc(-c2ccc3ncnc(Nc4ccc(OCc5cccc(F)c5)c(Cl)c4)c3c2)o1,5.486573609973787,6833,5.04722751147259,davis_208908,DAVIS_spike_in,True
COC1=CC(=O)C2C3Cc4ccccc4C3C2(C)C1=O,5.486355181136365,6834,5.207903096716005,hiv_22527,MoleculeNet_HIV,True
CCCCCCOc1ccc(C(=O)NOCc2ccccc2)cc1,5.4863452298035424,6835,5.23864063818183,hiv_38284,MoleculeNet_HIV,True
O=c1c2cnccc2cc2c3ccccc3ccn12,5.486320550460406,6836,5.2080312076597854,hiv_34829,MoleculeNet_HIV,True
O=S(c1ccc(Cl)cc1)S(=O)c1ccc(Cl)cc1,5.486242886530114,6837,5.18260085145307,hiv_1139,MoleculeNet_HIV,True
O=C(O)C1CCCN1C(=O)c1ccccn1,5.486067282472752,6838,5.277538351054472,hiv_33341,MoleculeNet_HIV,True
CS(C)=O,5.486043897316641,6839,5.186079085853435,hiv_40,MoleculeNet_HIV,True
O=C1c2cscc2C(=O)c2cscc21,5.486043897316641,6840,5.1739966973412805,hiv_5216,MoleculeNet_HIV,True
Cc1c(OCc2cccc3ccccc23)ccc2c(O)cc(=S)oc12,5.486031008903884,6841,5.264344497495947,hiv_34045,MoleculeNet_HIV,True
N=c1[nH]c(=O)n(C2OC(CO)C(O)C2O)c2ncc(-c3ccc(-c4ccccc4)cc3)nc12,5.486013618820086,6842,5.281839530340901,hiv_34027,MoleculeNet_HIV,True
CCc1n[nH]c(=O)n1-c1ccncc1,5.485948034931449,6843,5.162201267325473,hiv_33107,MoleculeNet_HIV,True
COc1ccc2c(c1)OCC1c3cc(NC(=O)c4ccccc4)c(OCc4ccccc4)cc3N(S(=O)(=O)c3ccccc3)C21,5.485922155825356,6844,5.156186696826457,hiv_31283,MoleculeNet_HIV,True
C=CCOP1(OCC=C)=NP(OCC=C)(OCC=C)=NP(OCC=C)(OCC=C)=N1,5.4857382625789235,6845,5.1833812215699355,hiv_1087,MoleculeNet_HIV,True
Nc1nc(O)c2c(n1)C(=O)NC2,5.485701843838691,6846,5.17870457590703,hiv_2931,MoleculeNet_HIV,True
N=c1nnn(N)[nH]1,5.485694401230673,6847,5.111289763606866,hiv_7123,MoleculeNet_HIV,True
CCc1c(Cc2ccccc2)n(COCCO[Si](C)(C)C(C)(C)C)c(=O)[nH]c1=O,5.485678163391277,6848,5.244460162857799,hiv_40857,MoleculeNet_HIV,True
I.O=C(O)c1ccccc1C=NN(CCO)C1=NCCN1,5.485647100173009,6849,5.30089409170935,hiv_32192,MoleculeNet_HIV,True
COc1ccc(-n2c(Cn3nnc(-c4cccnc4)n3)nn(C3OC(COC(=O)c4ccccc4)C(OC(=O)c4ccccc4)C3OC(=O)c3ccccc3)c2=S)cc1,5.485629340696919,6850,5.2095690551749225,hiv_36802,MoleculeNet_HIV,True
Cc1ccc(C2=C(c3ccccc3)C(O)(c3ccccc3)C(c3ccccc3)=C2c2ccc(C)cc2)cc1,5.48559680562375,6851,5.292314153155454,hiv_19817,MoleculeNet_HIV,True
CC1NOC(=O)C1N=Nc1ccc(Cl)cc1Cl,5.485542042499109,6852,5.182980944956471,hiv_17501,MoleculeNet_HIV,True
O=[N+]([O-])c1cccnc1-n1cnc2ccccc21,5.485366117927046,6853,5.237748825800114,hiv_38182,MoleculeNet_HIV,True
C=C(C)CCNCCC=C[Si](C)(C)C,5.485353892125496,6854,5.1846892910766735,hiv_16048,MoleculeNet_HIV,True
COC(=O)C1Cc2c([nH]c3ccccc23)C(C2CCCCC2)N1,5.485326031027447,6855,5.211330430375165,hiv_14064,MoleculeNet_HIV,True
N#CC(C#N)=C1CCN2CCCc3cccc1c32,5.485311337577692,6856,5.187887303382154,hiv_5528,MoleculeNet_HIV,True
COc1ccc2nc3ccc(OC)cc3c(SCc3ccc([N+](=O)[O-])cc3)c2c1,5.4852495135948365,6857,5.103768422529505,hiv_40497,MoleculeNet_HIV,True
CC(C)(Cc1ccccc1)N1C(=O)N1C(C)(C)Cc1ccccc1,5.485244575957505,6858,5.1960858913678605,hiv_37910,MoleculeNet_HIV,True
N#CC1C2C1C1C=CC2n2c(=O)n(-c3ccccc3)c(=O)n21,5.485147254839258,6859,5.237364970971993,hiv_8416,MoleculeNet_HIV,True
NC(Cc1ccc[se]1)C(=O)O,5.484963489650548,6860,5.401990452370602,hiv_8482,MoleculeNet_HIV,True
O=c1c2ncn(C3CC(O)C(CO)O3)c2nnn1Cc1ccccc1[N+](=O)[O-],5.4849301484625395,6861,5.217857512964124,hiv_36958,MoleculeNet_HIV,True
O=C(O)c1nn(-c2ccccc2-c2nnc(O)nc2O)c(=O)[nH]c1=O,5.484733424836561,6862,5.215707114718564,hiv_8866,MoleculeNet_HIV,True
c1scc2c1COCCOCCOCCOCCOCCOCCOC2,5.484671493490792,6863,5.1739966973412805,hiv_15743,MoleculeNet_HIV,True
c1scc2c1COCCOCCOCCOCCOC2,5.484671493490792,6864,5.1739966973412805,hiv_15741,MoleculeNet_HIV,True
c1scc2c1COCCOCCOCCOCCOCCOC2,5.484671493490792,6865,5.1739966973412805,hiv_15742,MoleculeNet_HIV,True
O=C(O)CN(CC(=O)O)CC(O)CN(CC(=O)O)CC(=O)O,5.484625682171861,6866,5.391263873213025,hiv_2052,MoleculeNet_HIV,True
[N-]=[N+]=NC1(c2ccccc2)C(=O)c2cccc3c4ccccc4n(c23)C1=O,5.484611492363821,6867,5.206236224103558,hiv_25196,MoleculeNet_HIV,True
Oc1c(NCn2nc(CCCCCCCCc3nn(CNc4ccc5ccccc5c4O)c(=S)o3)oc2=S)ccc2ccccc12,5.484576428063347,6868,5.22888417037963,hiv_39537,MoleculeNet_HIV,True
O=C(Oc1cccc2cccnc12)c1ccccc1,5.48437627320894,6869,5.283217979715005,hiv_210,MoleculeNet_HIV,True
CCN(CC)CCNc1ccc2ncn3c4c(OC)ccc(O)c4c(=O)c1c23,5.484370414806825,6870,5.085575430247511,hiv_26450,MoleculeNet_HIV,True
O=C(O)C=CSCCC(=O)O,5.4843641136302885,6871,5.176976328198026,hiv_5508,MoleculeNet_HIV,True
O=C(Cn1cc(Br)c(=O)[nH]c1=O)c1ccc(-c2ccccc2)cc1,5.48427638934421,6872,5.2758276751046465,hiv_33436,MoleculeNet_HIV,True
O=c1c(Sc2c(O)c3ccccc3c3ccccc3c2=O)c(O)c2ccccc2c2ccccc12,5.484202900500193,6873,5.225502842421166,hiv_13202,MoleculeNet_HIV,True
NN=C1C(=NO)CCc2nonc21,5.484199109915623,6874,5.099121848218809,hiv_27218,MoleculeNet_HIV,True
CC(C)(C)C1COP(=O)(C(C)(C)C)OC1.CC(C)(C)C1COP(=O)(C(C)(C)C)OC1,5.484170555238001,6875,5.207817836309219,hiv_5795,MoleculeNet_HIV,True
COc1ccc(CC2=CC(=NO)C(C)=CC2=O)cc1,5.484131421200721,6876,5.1016169937187446,hiv_8544,MoleculeNet_HIV,True
C=CCCC1CCCNC1=S,5.484107408249004,6877,5.199845963793628,hiv_22303,MoleculeNet_HIV,True
N=S(c1ccccc1[N+](=O)[O-])c1ccccc1[N+](=O)[O-],5.484095031289571,6878,5.28776223139736,hiv_20956,MoleculeNet_HIV,True
CC(=O)OCC1On2nnnc2C(OC(C)=O)C(OC(C)=O)C1OC(C)=O,5.483964240931811,6879,5.117899337890695,hiv_32079,MoleculeNet_HIV,True
Nc1nc2cc3nc(N)c(N)nc3cc2nc1N,5.483657320981981,6880,5.184510793290389,hiv_28961,MoleculeNet_HIV,True
O=C1NC(=O)c2c1c1cnn(-c3ccccc3)c1n1cccc21,5.483492905617173,6881,5.276734588047944,hiv_10539,MoleculeNet_HIV,True
O=C(CSc1cc(-c2ccc(Cl)cc2)s[s+]1)c1ccccc1,5.4834434378436,6882,5.282243901778525,hiv_6197,MoleculeNet_HIV,True
c1ccc(-c2sc(-c3cccs3)cc2Cc2cccs2)cc1,5.4833952552705885,6883,5.285095712443509,hiv_25845,MoleculeNet_HIV,True
CCCCNC(=NP(=O)(NCCCC)NCCCC)NC,5.483380133688661,6884,5.185514834691129,hiv_7955,MoleculeNet_HIV,True
CS(=O)(=O)OC1C(COC(=O)c2ccccc2)OC2C1Oc1nc(=O)ccn12,5.483375885742978,6885,5.276968761332036,hiv_3313,MoleculeNet_HIV,True
CC(C)C(NC(=O)C(Cc1ccccc1)NC(=O)C1CCCC1NC(=O)C(N)Cc1ccc(O)cc1)C(N)=O.O=C(O)C(F)(F)F,5.483231865890787,6886,5.428534476962374,hiv_31122,MoleculeNet_HIV,True
O=C1OC2(O)c3ccccc3C(=O)N2N2CCCC12,5.483161250812985,6887,5.295886915752554,hiv_4339,MoleculeNet_HIV,True
O=c1c(-c2ccc(Cl)cc2)nnc2n(Cc3ccccc3)c3ccccc3n12,5.483065940036275,6888,5.173671157120863,hiv_33473,MoleculeNet_HIV,True
Nc1nc(Cl)cc(N=Nc2ccccc2)n1,5.483063205989983,6889,5.286295875651623,hiv_34318,MoleculeNet_HIV,True
Cc1nnc2c3nccnc3c(Cl)nn12,5.482930093409569,6890,5.119842526988429,hiv_8987,MoleculeNet_HIV,True
CCCCCCCCCCCCCP(=O)(OC)OC,5.482831473412332,6891,5.170606146072879,hiv_13118,MoleculeNet_HIV,True
CCN(CC)CCCOP(=O)(OCCCN(CC)CC)OCCCN(CC)CC,5.482831473412332,6892,5.190805109986514,hiv_436,MoleculeNet_HIV,True
CCCCCCCCCCCCCCCCP(=O)([O-])OCC[N+](C)(C)C,5.482831473412332,6893,5.190805109986514,hiv_29520,MoleculeNet_HIV,True
CCCCCCCCCCCCCCCCOP(=O)([O-])OCC[N+](C)(C)C,5.482831473412332,6894,5.190805109986514,hiv_10138,MoleculeNet_HIV,True
CCCCOP(=O)(OCCCC)OP(=O)(OCCCC)OCCCC,5.482831473412332,6895,5.190805109986514,hiv_2494,MoleculeNet_HIV,True
COC1CNC(N)=[O+][Hg-](Cl)C1,5.482817352037086,6896,5.163138346738882,hiv_837,MoleculeNet_HIV,True
S=C1c2ccc(Cl)cc2-n2cnnc2C2CSCN12,5.482783443209786,6897,5.074616888457,hiv_35013,MoleculeNet_HIV,True
I.N=C(N)NCCN1CCCCCc2ccccc21,5.482758967418101,6898,5.287848320241541,hiv_25811,MoleculeNet_HIV,True
COP(C)(=O)C(Cc1c[nH]c2ccccc12)NC(=O)OCc1ccccc1,5.482749421304194,6899,5.392446078475779,hiv_29666,MoleculeNet_HIV,True
CCCCCCCCCCCCCCCCOC1OC(CSSCC2OC(OCCCCCCCCCCCCCCCC)C(O)C(O)C2O)C(O)C(O)C1O,5.482543985618809,6900,5.185643722174577,hiv_18314,MoleculeNet_HIV,True
Cc1c2ccnc(C(N)=O)c2c(C)c2c1[nH]c1ccccc12,5.482514575776169,6901,5.226131629618655,hiv_8094,MoleculeNet_HIV,True
O=C(ON=c1c2ccccc2ccc2ccccc12)c1ccccc1,5.482302473653023,6902,5.245362185712984,hiv_29970,MoleculeNet_HIV,True
COc1cc(O)c2c(c1)cc(O)c1c(=O)cc(C)oc12,5.482264448241065,6903,5.162382054062099,hiv_21355,MoleculeNet_HIV,True
Nc1nc(S)nc2nc3c4ccccc4c4ccccc4c3nc12,5.482114467846302,6904,5.2537864705313995,hiv_8707,MoleculeNet_HIV,True
Cc1cc(S(=O)(=O)NC(=NN)NCCc2ccccc2)c(S)cc1Cl,5.482097734499891,6905,5.243183550535927,hiv_31522,MoleculeNet_HIV,True
O=C(CCC1C(=O)NC(=S)NC1=O)c1ccc2ccccc2c1,5.48209284945014,6906,5.296213416022376,hiv_21439,MoleculeNet_HIV,True
Clc1c2ncccc2cc2nn[nH]c12,5.482068028390196,6907,5.130625457393513,hiv_37351,MoleculeNet_HIV,True
COc1ccc(CCCN2c3ccccc3Sc3ccccc32)cc1,5.4820177980892435,6908,5.210029318769761,hiv_22833,MoleculeNet_HIV,True
O=S1(=O)CCCCS1,5.481974832288747,6909,5.1849492406403295,hiv_13032,MoleculeNet_HIV,True
Cn1nc2ccc([N+](=O)[O-])c(Cn3nnc4ccccc43)c2n1,5.481943936166008,6910,5.168727743227471,hiv_35799,MoleculeNet_HIV,True
Cn1cnc([N+](=O)[O-])c1Sc1nnc(-c2ccc(Cl)cc2)[nH]1,5.4818477548665605,6911,5.128357463317438,hiv_14734,MoleculeNet_HIV,True
CN(CC(=O)Nc1ccccc1C(=O)O)c1ccccc1,5.481718879879153,6912,5.281417589598563,hiv_33288,MoleculeNet_HIV,True
CC1(c2ccc[n+](Cc3ccccc3)c2)OCCO1.[BrH2+],5.481716601548105,6913,5.244618571299765,hiv_21531,MoleculeNet_HIV,True
O=c1[nH]c(=O)n(C2CC(O)C(CO)C2)cc1I,5.481705173700254,6914,5.180538457995225,hiv_18985,MoleculeNet_HIV,True
COc1ccc(OC)c2c3c(ccc12)C(c1ccccc1)OC3=O,5.48169086367307,6915,5.202203426095615,hiv_12384,MoleculeNet_HIV,True
Cc1ccc(Cc2n[nH]c(=O)n2N2C(=O)c3ccccc3C2=O)cc1,5.481664557511021,6916,5.2410025045235,hiv_36418,MoleculeNet_HIV,True
N#CC(N)(C(=O)C(=O)NCCCNC(=O)C(=O)C(N)(C#N)c1ccc(Cl)cc1)c1ccc(Cl)cc1,5.481502750122058,6917,5.181304528791039,hiv_14350,MoleculeNet_HIV,True
CC(C)CC(CC(O)C(Cc1ccccc1)NC(=O)OC1CCOC1)S(=O)(=O)c1ccccc1,5.48130092812708,6918,5.376398791088127,hiv_40161,MoleculeNet_HIV,True
COCn1cnc2c(=O)n(-c3ccc(OC)cc3)c(=S)n(-c3ccc(OC)cc3)c21,5.481280012355445,6919,5.1611747126429925,hiv_36699,MoleculeNet_HIV,True
c1ccc(COc2ccc3[nH]c4c(ncc5[nH]c6ccccc6c54)c3c2)cc1,5.481190490657638,6920,5.219347046660979,hiv_13310,MoleculeNet_HIV,True
O=C1CC2(C(=O)O1)C1C(=O)OC(=O)C1C1c3ccccc3C=NN12,5.481135439143785,6921,5.223618865971964,hiv_7620,MoleculeNet_HIV,True
OCc1cn(C(c2ccccc2)(c2ccccc2)c2ccccc2)cn1,5.481106138314678,6922,5.282408135748711,hiv_29674,MoleculeNet_HIV,True
c1ccc2c3nnc(c2c1)SCCSCCSc1nnc(c2ccccc12)SCCSCCS3,5.480896351599127,6923,5.188183837636862,hiv_29654,MoleculeNet_HIV,True
COc1ccc2nc3cc([N+](=O)[O-])ccc3c(NCCCCCN(C)C)c2c1,5.480757659145509,6924,5.167543603140772,hiv_31462,MoleculeNet_HIV,True
C1C[N+]23CCC[N+]2(C1)CCC3.F[B-](F)(F)F,5.480660329396544,6925,5.18260085145307,hiv_7628,MoleculeNet_HIV,True
CNC(=O)OCC1=CC(=O)C(C)=CC1=O,5.480421092570899,6926,5.181084992749371,hiv_5667,MoleculeNet_HIV,True
O=c1cc(-c2ccccc2)oc2ccc(-c3ccc4oc(-c5ccccc5)cc(=O)c4c3)cc12,5.480397847511829,6927,5.2835433243582175,hiv_29236,MoleculeNet_HIV,True
c1ccc(N=C2C(=Nc3ccccc3)N(C3CCCCC3)C(=NC3CCCCC3)N2c2ccccc2)cc1,5.48032701325885,6928,5.276069590767685,hiv_30574,MoleculeNet_HIV,True
O=C1NC(O)CCN1C1OC(CO)C(O)C1O,5.480303186857273,6929,5.183969366416137,hiv_4156,MoleculeNet_HIV,True
NCCCCC1NC(=O)C(CO)NC(=O)C(Cc2c[nH]cn2)NC(=O)CNC(=O)C(Cc2c[nH]c3ccccc23)NC(=O)C(Cc2c[nH]c3ccccc23)NC(=O)C(Cc2ccccc2)NC1=O,5.480191454905182,6930,5.210530657599142,hiv_37186,MoleculeNet_HIV,True
O=C(O)CSc1nnc(C=Cc2ccccc2)[nH]1,5.480071184782611,6931,5.22826235382491,hiv_16229,MoleculeNet_HIV,True
Clc1cc(I)c2c3c1ccc[n+]3[Ga-3]13([OH+]2)([OH+]c2c(I)cc(Cl)c4ccc[n+]1c24)[OH+]c1c(I)cc(Cl)c2ccc[n+]3c12,5.480055078677333,6932,5.197436940491702,hiv_10986,MoleculeNet_HIV,True
CCCCCCCCCCCCS(=O)(=O)O,5.479748502316016,6933,5.194249568171668,hiv_1061,MoleculeNet_HIV,True
CCN(CC)C(=S)SCCCS(=O)(=O)O,5.479748502316016,6934,5.194249568171668,hiv_3559,MoleculeNet_HIV,True
CCCCCCCCCCCCCCCC[N+](C)(C)CCCS(=O)(=O)[O-],5.479748502316016,6935,5.193733820015307,hiv_13617,MoleculeNet_HIV,True
CCCCCCCCCCCCCCCCSS(C)(=O)=O,5.479748502316016,6936,5.194249568171668,hiv_4528,MoleculeNet_HIV,True
CCCCCCCCCCCCCCCCSS(=O)(=O)CCCCCCCC,5.479748502316016,6937,5.193318179410201,hiv_4534,MoleculeNet_HIV,True
CCSCC1OC2OC3C(CSCC)OC(OC4C(CSCC)OC(OC5C(CSCC)OC(OC6C(CSCC)OC(OC7C(CSCC)OC(OC8C(CSCC)OC(OC1C(OS(=O)(=O)O)C2OS(=O)(=O)O)C(OS(=O)(=O)O)C8OS(=O)(=O)O)C(OS(=O)(=O)O)C7OS(=O)(=O)O)C(OS(=O)(=O)O)C6OS(=O)(=O)O)C(OS(=O)(=O)O)C5OS(=O)(=O)O)C(OS(=O)(=O)O)C4OS(=O)(=O)O)C(OS(=O)(=O)O)C3OS(=O)(=O)O,5.479748502316016,6938,5.183995725336515,hiv_35613,MoleculeNet_HIV,True
Nc1ccc2nc3ccc(O)cc3nc2c1.[Na]S[Na],5.479712828126114,6939,5.151011196238814,hiv_2767,MoleculeNet_HIV,True
CC(=O)OC1c2ccccc2C2c3ccccc3C1C2(C)C(Cl)(Cl)Cl,5.479712809219445,6940,5.226204073221047,hiv_4467,MoleculeNet_HIV,True
CC(=O)NC1c2ccccc2C(C)(C)C12CCC1(CC2)OCCO1,5.479712809219445,6941,5.224308347524432,hiv_28445,MoleculeNet_HIV,True
c1ccc(CNc2nnc(NCc3ccccc3)c3c2ncn3Cc2ccccc2)cc1,5.4796309697254735,6942,5.173038947006786,hiv_875,MoleculeNet_HIV,True
CCc1n[nH]c(=O)n1N1C(=O)C2CCCCC2C1=O,5.479625720199081,6943,5.198900982158122,hiv_34718,MoleculeNet_HIV,True
O=C(O)Cn1ccc(=O)c2ccc([N+](=O)[O-])cc21.[NaH],5.479483926561057,6944,5.147932393235713,hiv_18833,MoleculeNet_HIV,True
COC(=O)C(C#N)=C1c2ccccc2Oc2ccccc21,5.479380166365197,6945,5.271897021112756,hiv_17054,MoleculeNet_HIV,True
Oc1cc(CNC2CC3CCC2C3)nc(O)n1,5.47926223356855,6946,5.1680270381747535,hiv_34208,MoleculeNet_HIV,True
Cc1oc2c(c1C)S(=O)(=O)C(C#N)C(c1ccccc1)N2,5.479178896906896,6947,5.258800880765194,hiv_38558,MoleculeNet_HIV,True
O=C1c2cccc3cc([N+](=O)[O-])cc(c23)C(=O)N1Cc1cccnc1,5.4790952909442625,6948,5.072353622369766,hiv_6252,MoleculeNet_HIV,True
N#CC(C#N)=C1CCCS(=O)(=O)c2ccccc21,5.479067578430587,6949,5.29011062058462,hiv_37867,MoleculeNet_HIV,True
NC(=O)C1C(=O)Oc2cccnc21,5.4790636057369,6950,5.184580177734231,hiv_12435,MoleculeNet_HIV,True
Clc1ccc2nc(-c3ccc(Cl)c(Cl)c3)cc(-c3ccccc3)c2c1,5.479011085332399,6951,5.289130934940143,hiv_6420,MoleculeNet_HIV,True
Cl.O=c1c2cc(Br)ccc2ncn1COCc1ccccc1,5.4789792191581785,6952,5.229996631270542,hiv_36835,MoleculeNet_HIV,True
NC(Cc1ccccc1)c1nccs1,5.478938979364319,6953,5.414794336941615,hiv_19291,MoleculeNet_HIV,True
NC(=S)N1N=C2CCCCCCC2C1c1ccccc1,5.478862121099586,6954,5.274641785363562,hiv_20822,MoleculeNet_HIV,True
O=S1C(=c2ccc(=C3Sc4ccccc4S3)cc2)Sc2ccccc21,5.478841374998771,6955,5.297567176393505,hiv_13883,MoleculeNet_HIV,True
COCn1c(C)c(C)c2c(=O)oc(=O)[nH]c21,5.478823613188508,6956,5.1695359210417315,hiv_31613,MoleculeNet_HIV,True
CN(CC1=C(O)C(=O)C(CN(C)Cc2c(O)ccc3ccccc23)=C(O)C1=O)Cc1c(O)ccc2ccccc12,5.478772763507811,6957,5.2538773599808355,hiv_3179,MoleculeNet_HIV,True
CN(C(=O)C(Cc1ccccc1)NC(=O)OC(C)(C)C)C1(C(=O)NC(Cc2ccccc2)C(=O)OCc2ccccc2)CCCC1,5.478757802750385,6958,5.4136196631013815,hiv_31083,MoleculeNet_HIV,True
Cc1c2c(c(C)c3c1[OH+][Re+](C#[O+])(C#[O+])(C#[O+])([PH](c1ccccc1)(c1ccccc1)c1ccccc1)[OH+]3)OCO2,5.478754196993938,6959,5.298358465117021,hiv_33669,MoleculeNet_HIV,True
CCCCCCCCCCCCCCCCCCOCC(COP(=O)(O)OCC[N+](C)(C)C)OC,5.478652629283895,6960,5.376937988616082,hiv_7900,MoleculeNet_HIV,True
O=c1cnn(C2OC(CO)C(O)C2O)c(=S)[nH]1,5.478558749953101,6961,5.179516697036689,hiv_5148,MoleculeNet_HIV,True
CC(CCc1nc2ccccc2o1)C1CCC2C3CCC4CC(O)CCC4(C)C3CC(O)C12C,5.478497103314977,6962,5.415397423662709,hiv_29338,MoleculeNet_HIV,True
c1ccc2c(c1)nnn2CN1CCOCC1,5.478455200882565,6963,5.188735976926152,hiv_1065,MoleculeNet_HIV,True
CNc1ncc(-c2nnnn2-c2ccccc2)c(CN(C)C)n1,5.478448521621684,6964,5.197748060608707,hiv_31391,MoleculeNet_HIV,True
CC(C)CC(=O)[OH+][Co-4](N)(N)(N)(N)[OH+]C(=O)CC(C)C.[O-][Cl+3]([O-])([O-])O,5.478386009447853,6965,5.416211082215548,hiv_14514,MoleculeNet_HIV,True
ClCc1c(-c2ccccc2)nn(-c2ccccc2)c1CCl,5.478193082498429,6966,5.192847894754436,hiv_30460,MoleculeNet_HIV,True
O=c1oc2c(cc1O)oc(=O)c1cc(O)c(O)c(O)c12,5.478108508718098,6967,5.1585902892416335,hiv_3989,MoleculeNet_HIV,True
CN(C)c1ccc(S(=O)c2ccc(N(C)C)cc2)cc1,5.477968855542285,6968,5.186079085853435,hiv_23974,MoleculeNet_HIV,True
Sc1ncc2c(n1)C1c3ccccc3C2c2ccccc21,5.47795987784223,6969,5.216565772585335,hiv_24592,MoleculeNet_HIV,True
I.O=C(NNC1=NCCN1)c1ccco1,5.477787550300997,6970,5.1475708734101255,hiv_32188,MoleculeNet_HIV,True
CC(=NNS(=O)(=O)c1ccc(C)cc1)C(CN(C)C)C(c1ccccc1)c1c(O)c2ccccc2oc1=O.Cl,5.477757411350686,6971,5.401972707961061,hiv_21626,MoleculeNet_HIV,True
O=C(NC(=Cc1ccccc1O)C1NC(Cc2c[nH]c3ccccc23)C(=O)O1)c1ccccc1,5.477729553296695,6972,5.243758736648368,hiv_37662,MoleculeNet_HIV,True
COc1cccc2c1[OH+][Mn+2]1(O)[O+]=C(c3ccncc3)[N-][N+]1=C2,5.477608898007604,6973,5.1306433103328555,hiv_18086,MoleculeNet_HIV,True
NC(=S)NN=C1C(=O)N(CCc2ccccc2)C(=O)C1C(=O)NCCc1ccccc1,5.477537674760085,6974,5.230173654860539,hiv_14634,MoleculeNet_HIV,True
COc1ccc(C(Nc2nc(O)c3ncn(COCCOP(=O)(OCOC(=O)C(C)(C)C)OCOC(=O)C(C)(C)C)c3n2)(c2ccccc2)c2ccccc2)cc1,5.4774336853195384,6975,5.266284103997376,hiv_35881,MoleculeNet_HIV,True
O=C1c2cccc3cccc(c23)C(=O)N1CCCN1C(=O)c2cccc3cccc(c23)C1=O,5.477385187148774,6976,5.183434634002706,hiv_35171,MoleculeNet_HIV,True
CN(CCN1C(=O)c2cccc3cccc(c23)C1=O)CCN1C(=O)c2cccc3cccc(c23)C1=O,5.477385187148774,6977,5.186912868403072,hiv_9469,MoleculeNet_HIV,True
S=C1SCN(C2CCCCCCCCCCC2)CN1C1CCCCCCCCCCC1,5.477216096844098,6978,5.176164700260213,hiv_6365,MoleculeNet_HIV,True
c1ccc(Oc2ncnc3ccccc23)cc1,5.477153102315174,6979,5.245362185712984,hiv_3452,MoleculeNet_HIV,True
CCCCCCCC1(N=[N+]=[N-])C(=O)Nc2ccccc2C1=O,5.477095436434718,6980,5.3174464269966775,hiv_29494,MoleculeNet_HIV,True
NC(CCCCNC(=O)CNC(=O)OCc1ccccc1)C(=O)NC(CCCCNC(=O)CNC(=O)OCc1ccccc1)C(=O)NC(CCCCNC(=O)CNC(=O)OCc1ccccc1)C(=O)NC(CCCCNC(=O)CNC(=O)OCc1ccccc1)C(=O)NC(CCCCNC(=O)CNC(=O)OCc1ccccc1)C(=O)NC(CCCCNC(=O)CNC(=O)OCc1ccccc1)C(=O)O,5.477033015612595,6981,5.415225751978962,hiv_29262,MoleculeNet_HIV,True
NN=C(CC1OC(=O)c2ccccc21)c1ccco1,5.477030347793741,6982,5.228955750186644,hiv_21335,MoleculeNet_HIV,True
CC(=O)Oc1ccc2c(c1)c1c(=O)oc(C)nc1n2Cc1ccccc1,5.476837826677984,6983,5.220262633754793,hiv_31602,MoleculeNet_HIV,True
COc1ccc(CCN2C(=O)c3cccc4c(Sc5ccccc5[N+](=O)[O-])ccc(c34)C2=O)cc1OC,5.476837494903326,6984,5.109569384629839,hiv_6224,MoleculeNet_HIV,True
[N-]=[N+]=Nc1cc(O)nnc1-c1ccccc1,5.476740235776333,6985,5.2044198392463,hiv_23848,MoleculeNet_HIV,True
CCNc1c(C(=O)N(CC)CC)c(O)nc2ncccc12,5.476680785319511,6986,5.194249568171668,hiv_19021,MoleculeNet_HIV,True
COc1ccc(C2C3=C(CCCC3=O)N(c3ccccc3)C3=C2C(=O)CCC3)cc1,5.47651139635712,6987,5.258092830830065,hiv_27721,MoleculeNet_HIV,True
O=C(OCc1ccccc1)C(Cc1ccccc1)N(Cc1ccccc1)Cc1ccccc1,5.476495934872718,6988,5.395032188634901,hiv_24189,MoleculeNet_HIV,True
Cl.N=c1n(CC(=O)NC23CC4CC(CC(C4)C2)C3)c2ccccc2n1Cc1ccccc1,5.476482771494855,6989,5.226232008114725,hiv_21216,MoleculeNet_HIV,True
O=C1CCC2C(O)c3cc4c(cc3C(c3ccc5c(c3)OCO5)N12)OCO4,5.476470210370228,6990,5.1207802987327256,hiv_31407,MoleculeNet_HIV,True
[N-]=[N+]=Nc1c([N+](=O)[O-])c(=O)n(-c2ccccc2)c2ccccc12,5.47638586540079,6991,5.200605269552557,hiv_29499,MoleculeNet_HIV,True
O=C1C2ON=C(c3ccccn3)C2C(=O)N1c1ccc(Cc2ccc(N3C(=O)C4ON=C(c5ccccn5)C4C3=O)cc2)cc1,5.476286727355048,6992,5.234370476374375,hiv_18636,MoleculeNet_HIV,True
CC(O)CSP(=S)(Oc1ccccc1)Oc1ccccc1,5.476196660489761,6993,5.413221604965183,hiv_821,MoleculeNet_HIV,True
O=[N+]([O-])c1ccc(CSSCc2ccc([N+](=O)[O-])cc2)cc1,5.476111004784753,6994,5.123803406983311,hiv_8170,MoleculeNet_HIV,True
O=[N+]([O-])c1ccc(CSCc2ccc([N+](=O)[O-])cc2)cc1,5.476111004784753,6995,5.123803406983311,hiv_1442,MoleculeNet_HIV,True
CC(=O)OCCOCn1c2c(c(=O)[nH]c1=O)CCC2,5.475786088963289,6996,5.192027203759759,hiv_32448,MoleculeNet_HIV,True
Cn1c2ccccc2c2nnc(NN=Cc3ccc([N+](=O)[O-])o3)nc21,5.475716662095633,6997,5.133898357798518,hiv_9097,MoleculeNet_HIV,True
[O-][n+]1c2c([n+]([O-])c3c4ccccc4ccc31)-c1cccc3cccc-2c13,5.475678022865303,6998,5.250618675149802,hiv_2865,MoleculeNet_HIV,True
S=C(NN=C(c1ccccc1)c1ccccn1)N(Cc1ccccn1)Cc1ccccn1,5.475671850129785,6999,5.281797580181338,hiv_37206,MoleculeNet_HIV,True
N#Cc1ncoc1N,5.475596189084275,7000,5.183930103323165,hiv_37601,MoleculeNet_HIV,True
O=S1ON=C(C2CCC(C3=NOS(=O)O3)C2)O1,5.475386581083793,7001,5.175825243018282,hiv_8295,MoleculeNet_HIV,True
O=c1[nH]c(=O)n(C2CC(O)C(COP(=O)(On3nnc4ccccc43)N3CCCCC3)O2)cc1F,5.475321763917177,7002,5.23076153802385,hiv_33699,MoleculeNet_HIV,True
O=C1C(O)=C(C(CCc2ccccc2)C2=C(O)C(=O)c3ccccc3C2=O)C(=O)c2ccccc21,5.475234617049472,7003,5.404067757784038,hiv_4550,MoleculeNet_HIV,True
NC1CCCCC1.O=P(O)(O)C(CSc1ccccc1)P(=O)(O)O,5.475107457076328,7004,5.40214857276902,hiv_12898,MoleculeNet_HIV,True
COc1ccc2c(-c3cc4ccccc4o3)cc(=O)oc2c1,5.475066792131138,7005,5.2071870701956895,hiv_14441,MoleculeNet_HIV,True
N=C1NC2OC(CO)C(O)C2O1,5.474908369330948,7006,5.1825006061293495,hiv_4945,MoleculeNet_HIV,True
O=C(OCc1ccccc1)N(Cc1ccccc1)S(=O)(=O)c1ccccc1,5.474674964977143,7007,5.2253070237192665,hiv_1981,MoleculeNet_HIV,True
COc1c(CC(C)=O)ccc2c1C(=O)c1ccc(C=O)c(OC(C)=O)c1C2=O,5.474478815012498,7008,5.161160250783363,hiv_13626,MoleculeNet_HIV,True
CONC(C)=O,5.474256964382622,7009,5.144276771953851,hiv_10353,MoleculeNet_HIV,True
CN(C)CCc1c2c(nc3ccccc13)C(=O)c1cccnc1C2=O,5.4742551138702975,7010,5.233847234219444,hiv_33953,MoleculeNet_HIV,True
O=C1C2C3CCC(C3)C2C(=O)C2C3CCC(C3)C12,5.47419422036764,7011,5.172347008617916,hiv_6663,MoleculeNet_HIV,True
Cc1ccc(S(=O)(=O)c2c(O)c3ccccc3n(C)c2=O)cc1,5.474175050546284,7012,5.186727731448212,hiv_39138,MoleculeNet_HIV,True
NC1=c2[nH]c(-c3ccc([N+](=O)[O-])o3)nc2=NS(=O)(O)=N1,5.474157290107839,7013,5.193472710374817,hiv_23430,MoleculeNet_HIV,True
CN(C)C(=S)N=c1ssc(=S)n1C1CCCCC1,5.47394352242656,7014,5.179642934660579,hiv_11177,MoleculeNet_HIV,True
COc1ccc2c(c1)[n+](=O)[c-](S(=O)(=O)c1ccc(C)cc1)[c-](N)[n+]2=O,5.47393872955749,7015,5.1579754955898975,hiv_10949,MoleculeNet_HIV,True
O=c1c(-c2ccc3c(c2)OCO3)coc2c3c(ccc12)OCO3,5.473764916492356,7016,5.209255955404301,hiv_9568,MoleculeNet_HIV,True
NCC=C1C2CC3CC(C2)CC1C3,5.473663359569436,7017,5.174034595048546,hiv_7133,MoleculeNet_HIV,True
O=C(NCCCl)SCCO,5.473605270626972,7018,5.182232817634844,hiv_19015,MoleculeNet_HIV,True
O=C(CSSCC(=O)c1ccccc1)c1ccccc1,5.473529123246065,7019,5.282137708142316,hiv_32935,MoleculeNet_HIV,True
COc1ccc(S(C)=NS(=O)(=O)c2ccc(C)cc2)cc1,5.473426016776284,7020,5.15858401118431,hiv_4759,MoleculeNet_HIV,True
COC(=O)CC1NC(=O)C1C(C)(OC)OC,5.473303099665746,7021,5.190507763157427,hiv_22118,MoleculeNet_HIV,True
O=C1c2cccc3cc([N+](=O)[O-])cc(c23)C(=O)N1Cc1ccccc1,5.473287627421093,7022,5.177515002314056,hiv_6258,MoleculeNet_HIV,True
Nc1nc(N)nc(-c2cnc3ccccc3c2)n1,5.473203739781371,7023,5.28935139853365,hiv_40368,MoleculeNet_HIV,True
O=C(C[n+]1ccccc1)c1ccc(O)c(O)c1,5.473198098949973,7024,5.177082521834235,hiv_1788,MoleculeNet_HIV,True
Nc1ccc2nc(-c3ccccn3)c(-c3ccccn3)nc2c1,5.473179851932609,7025,5.243212491820112,hiv_39457,MoleculeNet_HIV,True
ClC(=C(c1ccc(OC2CCCCO2)cc1)c1ccc(OC2CCCCO2)cc1)c1ccccc1,5.4731213014064055,7026,5.275235808218048,hiv_38031,MoleculeNet_HIV,True
Nc1ccc(-c2ncc3cc(-c4cccc(-c5cc6cnc(-c7ccc(N)cc7)nc6c6ccccc56)c4)c4ccccc4c3n2)cc1,5.473114269237681,7027,5.22093756061565,hiv_36225,MoleculeNet_HIV,True
CCN(CC)CCn1c(Cc2ccc(OC)cc2)nc2ccccc21,5.473067801181118,7028,5.2086836988428855,hiv_25680,MoleculeNet_HIV,True
Cc1ccc(Cc2nn(C)c(=O)n2-n2cccc2)cc1,5.47298346835935,7029,5.128916356838128,hiv_35313,MoleculeNet_HIV,True
Nc1ncnc2c1C=C(B(O)O)B(O)N2,5.472930255263676,7030,5.191664660270022,hiv_6753,MoleculeNet_HIV,True
Nc1ccc(N=Nc2ccccc2)c(N)n1,5.472859731175611,7031,5.2796495381641995,hiv_6535,MoleculeNet_HIV,True
COc1ccc(-c2cc(-c3ccccc3)c(C#N)c(=O)n2C2OC(CO)C(O)C(O)C2O)cc1,5.472697416668793,7032,5.257624579816111,hiv_18618,MoleculeNet_HIV,True
COC1=CC(=O)C(C#CCOCc2ccccc2)=CC1=O,5.472662921582775,7033,5.212169543167078,hiv_9403,MoleculeNet_HIV,True
O=C1OC(C(=O)O)c2ccc3c(c21)OCO3,5.472591980279495,7034,5.1136524443485945,hiv_7339,MoleculeNet_HIV,True
CNC(=O)c1cc2nc3ccccc3c(=O)n2c2ccccc12,5.472490376395864,7035,5.190251570117394,hiv_27295,MoleculeNet_HIV,True
COc1ccc2nc(CC(=N)c3ccc(N(C)C)cc3)ccc2c1,5.472428442338539,7036,5.161266444419572,hiv_585,MoleculeNet_HIV,True
Cc1c2c(c(C)c3c1[OH+][Re+](C#[O+])(C#[O+])(C#[O+])(C#[O+])[OH+]3)OCO2,5.472370706161648,7037,5.198453574609549,hiv_33670,MoleculeNet_HIV,True
Cc1ccc(-c2cc(-c3ccco3)nc(N)n2)o1,5.4722853385935935,7038,5.1879890276907545,hiv_24547,MoleculeNet_HIV,True
O=c1cc(CO)[nH]cc1O,5.472243815312748,7039,5.1918298832280545,hiv_2445,MoleculeNet_HIV,True
c1cc2cc3c4c5c(cc6ccc7cc8cc9c%10c8c8c7c6c5c8c5c%10c(c1C9N1CCOCCOCCOCCOCCOCC1)c2c45)C3,5.47213663122513,7040,5.073912418759934,hiv_31808,MoleculeNet_HIV,True
N=c1ccn(C2COC(CO)C2O)c(=O)[nH]1,5.472112732946148,7041,5.179516697036689,hiv_39269,MoleculeNet_HIV,True
Cc1cccc(N(CCC#N)S(=O)(=O)c2ccccc2)c1,5.472073049081453,7042,5.28435336009659,hiv_31196,MoleculeNet_HIV,True
Cc1ccc(-c2cc(=O)c(=O)[nH][nH]2)cc1,5.472031881032785,7043,5.190029199716575,hiv_36681,MoleculeNet_HIV,True
CCN(CC)CCNC(=O)c1ccccc1NC(=O)C(=O)Nc1ccccc1C(=O)NCCN(CC)CC,5.4720172614059575,7044,5.3003276201822205,hiv_19079,MoleculeNet_HIV,True
COc1c2c(cc3c(CCc4ccccc4)cc(=O)oc13)CCC(C)(C)O2,5.471980930947356,7045,5.274558109902073,hiv_23529,MoleculeNet_HIV,True
Cn1cc(-c2ccc3c4ccccc4n(C)c3c2)c2ccccc21,5.47192122850093,7046,5.215105723986384,hiv_20713,MoleculeNet_HIV,True
O=C(O)CCC1C(=O)C2CCN1CC2,5.471836848342967,7047,5.172376971110182,hiv_27468,MoleculeNet_HIV,True
COc1ccc(C2C(C#N)=C(S)N(C3OC(CO)C(O)C(O)C3O)C(C)=C2C(C)=O)cc1,5.471820778007214,7048,5.15184339871297,hiv_32425,MoleculeNet_HIV,True
CP1(=O)CC(=O)CCCCC(=O)C1,5.471819301701751,7049,5.187116668251111,hiv_7686,MoleculeNet_HIV,True
N#CCCC1(CCC#N)CCCCCCCCC(CCC#N)(CCC#N)C(=O)C1=O,5.471796347842365,7050,5.1922491524024945,hiv_28588,MoleculeNet_HIV,True
N#CCCC1(CCC#N)CCCCCCC(CCC#N)(CCC#N)C(=O)C1=O,5.471796347842365,7051,5.1922491524024945,hiv_28594,MoleculeNet_HIV,True
COC1=C(N)C(=O)c2nc(-c3nc(C(=O)O)c(C)c(-c4ccc(OC)c(OC)c4O)c3N)ccc2C1=O,5.471744652697093,7052,5.127741377020152,hiv_1514,MoleculeNet_HIV,True
CC1(C)CC(=O)C(CC2C(=O)c3ccccc3C2=O)C(=O)C1,5.47127936168161,7053,5.2906349239119965,hiv_21437,MoleculeNet_HIV,True
O=C(O)c1ccc2c[n+]3ccccc3cc2c1,5.471236324767273,7054,5.240115732232747,hiv_2857,MoleculeNet_HIV,True
O=c1[nH]c2ccc(CC(=S)N3CCOCC3)cc2s1,5.4712335556607,7055,5.1378531419559685,hiv_37585,MoleculeNet_HIV,True
C=C(CN(CC)CC)C1(c2ccccc2)CC2(CCCC2)C(=O)O1,5.471186606785906,7056,5.308298996366912,hiv_27973,MoleculeNet_HIV,True
O=c1oc2ccccc2n1CCCn1c(=O)oc2ccccc21,5.471185084741056,7057,5.233527404664345,hiv_37559,MoleculeNet_HIV,True
CCCc1ccc(OC2OC(CO)C(O)C(O)C2O)cc1,5.471167209786123,7058,5.140005811211577,hiv_19052,MoleculeNet_HIV,True
COC(=O)c1ccc(Cl)cc1NC(=O)C1CCCCC1,5.471146570788478,7059,5.1539290051459545,hiv_12736,MoleculeNet_HIV,True
O=CC1=CN2C(c3ccoc3)CCC(CO)C2CC1,5.4709239338642695,7060,5.172159030209017,hiv_12376,MoleculeNet_HIV,True
O=C(CC(=O)c1ccccc1)CC(=O)c1ccccc1,5.47062499679234,7061,5.282137708142316,hiv_14983,MoleculeNet_HIV,True
Oc1ccc(-c2nc(=S)[nH][nH]2)cc1,5.470506448634373,7062,5.1907923008303785,hiv_12484,MoleculeNet_HIV,True
FC(F)(F)c1ccc(C2=NS(c3ccccc3)=NC(c3ccc(C(F)(F)F)cc3)=NS(c3ccccc3)=N2)cc1,5.470334060984114,7063,5.2825057419605415,hiv_38252,MoleculeNet_HIV,True
c1ccc(OCc2nnc(CCCCCCCCc3nnc(COc4ccccc4)o3)o2)cc1,5.469781737329035,7064,5.2197028706293755,hiv_39513,MoleculeNet_HIV,True
O=C(c1c(F)c(F)c(F)c(F)c1F)n1c(=S)n(C(=O)c2c(F)c(F)c(F)c(F)c2F)c2ccccc21,5.46974349348387,7065,5.237748825800114,hiv_30763,MoleculeNet_HIV,True
CC(C)(C)[Si](C)(C)OCC1OC(n2cnc3c(O)nc(NCc4cccc5ccccc45)nc32)C(O[Si](C)(C)C(C)(C)C)C1O[Si](C)(C)C(C)(C)C,5.469692618436285,7066,5.188901070680088,hiv_40855,MoleculeNet_HIV,True
CC(=O)Oc1c(C)c2c(c3ncccc13)OC(C)C2,5.469650379607009,7067,5.174941461043695,hiv_37354,MoleculeNet_HIV,True
CN(NC(=O)c1ccco1)C1=NCCCCN1.I,5.469213110599427,7068,5.150282199470403,hiv_32183,MoleculeNet_HIV,True
CCN(CC)CCOc1ccc(C(O)(Cc2ccc(OC)cc2)c2ccccc2)cc1,5.469180898290569,7069,5.203176328685958,hiv_831,MoleculeNet_HIV,True
CC1=C2C(c3ccccc3)(c3ccccc3)C3C=CC2(C=N3)N(C(=O)NC2CCCCC2)C1=O,5.469096946134294,7070,5.290649209161518,hiv_15209,MoleculeNet_HIV,True
c1ccc(-c2cc(-c3ccncc3)cc(-c3ccncc3)n2)cc1,5.469015652786933,7071,5.231511578120958,hiv_35117,MoleculeNet_HIV,True
c1ccc(-c2cc(-c3ccccc3)nc(-c3ccncc3)c2)cc1,5.469015652786933,7072,5.231511578120958,hiv_35118,MoleculeNet_HIV,True
O=C1OC(CC(=O)c2ccc(Cl)c(Cl)c2)C(Cl)=C1Cl,5.469007754929809,7073,5.172558351961439,hiv_14916,MoleculeNet_HIV,True
O=[N+]([O-])c1ccc(-c2nc(N(CCO)CCO)c3ccccc3n2)o1,5.468971605828443,7074,5.244994151894758,hiv_6515,MoleculeNet_HIV,True
O=C1C(CN2CCCCC2)CCCC1CN1CCCCC1,5.4689713977344,7075,5.177633460547001,hiv_1332,MoleculeNet_HIV,True
Cl.O=C1CCCCCCCCCCC1CN1CCCC1,5.4689713977344,7076,5.177633460547001,hiv_27903,MoleculeNet_HIV,True
CN(C)CC1CCCC(CN2CCCCC2)C1=O,5.4689713977344,7077,5.172416893308686,hiv_1317,MoleculeNet_HIV,True
Cl.O=C1CCCCCCCCCCC1CN1CCCCC1,5.4689713977344,7078,5.177633460547001,hiv_24416,MoleculeNet_HIV,True
CN(C)c1ccc(C=NCC2CCCN3CCCCC23)cc1,5.468706723315406,7079,5.193999954313133,hiv_39625,MoleculeNet_HIV,True
C=CCc1cc(OC)c2c(c1)C(O)CC(c1ccc(OC)c(OC)c1)O2,5.468695134270335,7080,5.027855366722763,hiv_19279,MoleculeNet_HIV,True
O=C(O)c1ccc(C2C(=O)NC3CCCC32)cc1,5.468664857503199,7081,5.175281968558407,hiv_20718,MoleculeNet_HIV,True
NC(=O)C1C2CC3C(NC(=O)C31)C2O,5.468651952261641,7082,5.23408452311532,hiv_3618,MoleculeNet_HIV,True
CC(=O)OC12c3ccccc3C(c3ccccc31)C1C(=O)N(c3ccccc3O)C(=O)C12,5.4685992527833465,7083,5.2250141429303465,hiv_27653,MoleculeNet_HIV,True
CC(C)(CCCCC(C)(C)C1NC(=O)N1)C1NC(=O)N1,5.468408658727396,7084,5.216009285686527,hiv_27036,MoleculeNet_HIV,True
Nc1nc(O)c2ncn(CC3OC(CO)C(CO)O3)c2n1,5.468242840807732,7085,5.176951504232048,hiv_24553,MoleculeNet_HIV,True
N=c1ccn(C2SC(CO)CC2F)c(=O)[nH]1,5.468237890013426,7086,5.180538457995225,hiv_30332,MoleculeNet_HIV,True
c1ccc(COC2(OCc3ccccc3)CC3OC2C2N=NNC32)cc1,5.468223716866448,7087,5.261360479239479,hiv_18396,MoleculeNet_HIV,True
COc1ccc(-c2c(-c3ccccc3)c(C)c3ccccn23)cc1,5.468203169603149,7088,5.221883615515511,hiv_39186,MoleculeNet_HIV,True
Clc1ccc(CN2CCCN(Cc3ccc(Cl)c(Cl)c3)S2)cc1Cl,5.468192447209121,7089,5.130037269892369,hiv_7811,MoleculeNet_HIV,True
Nc1ccc(-c2nc3ccccc3s2)cc1S(=O)(=O)O,5.46818897624927,7090,5.287789950113909,hiv_2296,MoleculeNet_HIV,True
[O-][N+]1=c2c([nH]c3ccccc23)=[O+][Cu-3]12[O+]=c1[nH]c3ccccc3c1=[N+]2[O-],5.468181482119249,7091,5.16514465797495,hiv_374,MoleculeNet_HIV,True
COCOCC1CCCN1CN1CCCC1COCOC,5.467946581612173,7092,5.171095395116886,hiv_39018,MoleculeNet_HIV,True
Oc1ccc(CCc2nc3ccccc3[nH]2)cc1,5.467842035765957,7093,5.237524270123135,hiv_39470,MoleculeNet_HIV,True
CC(C)(C)c1nc2c(o1)C(=Nc1ccccc1)c1ccccc1C2=O,5.467814488627708,7094,5.395292628693581,hiv_12616,MoleculeNet_HIV,True
NNc1nncc2[nH]nnc12,5.467765374484426,7095,5.120796677808536,hiv_37520,MoleculeNet_HIV,True
O=c1c2ccccc2c2c1c1c3ccccc3c(=O)c1c1c3ccccc3c(=O)c21,5.467626405706279,7096,5.250618675149802,hiv_28193,MoleculeNet_HIV,True
COC(=O)C1=C(C)C(=O)C23C(CCCCC12)C(=O)C(C(=O)OC)C3C,5.467604871742016,7097,5.162122100284885,hiv_25629,MoleculeNet_HIV,True
O=C1C(CN2CCOCC2)CCCC1CN1CCOCC1,5.467598993908551,7098,5.177633460547001,hiv_1318,MoleculeNet_HIV,True
Cl.O=C1CCCCC1CN1CCOCC1,5.467598993908551,7099,5.177633460547001,hiv_24705,MoleculeNet_HIV,True
CSc1snc2sc3c(Cl)nnnc3c12,5.46757281585151,7100,5.120166013940129,hiv_14058,MoleculeNet_HIV,True
COC(=O)C1(CCSc2ccccc2)CCCC1=O,5.4674673881836435,7101,5.28354480929577,hiv_15851,MoleculeNet_HIV,True
CCOC(=O)c1nc2ccc(C(F)(F)F)cc2nc1NCc1cc(OC)c(OC)c(OC)c1,5.46745940847731,7102,5.052304815714135,hiv_34098,MoleculeNet_HIV,True
O=[N+]([O-])C=Cc1cn(CCCCCn2cc(C=C[N+](=O)[O-])c3ccccc32)c2ccccc12,5.4673409622216695,7103,5.195176293994191,hiv_29376,MoleculeNet_HIV,True
CC1=CC(O)(c2ccc(-c3ccccc3Cl)cc2)OC1=O,5.467306040512476,7104,5.2979598285644505,hiv_12216,MoleculeNet_HIV,True
COc1cc(C2c3cc4c(cc3C(=O)C3CCC(=O)N32)OCO4)cc(OC)c1O,5.467226022399154,7105,5.081273671672049,hiv_39203,MoleculeNet_HIV,True
O=S(=O)(O)CS(=O)(=O)OCCCl.[NaH],5.4669669192822585,7106,5.182232817634844,hiv_16492,MoleculeNet_HIV,True
COc1ccccc1NC(=O)C1=C(C)NC(C)=C(C(=O)Nc2ccccc2OC)C1c1cccc2c1OCO2,5.466706647761526,7107,5.216207415443488,hiv_11448,MoleculeNet_HIV,True
CCC1=C(OC)c2ncccc2C(=O)C1=O,5.46670229279706,7108,5.161090519895041,hiv_13660,MoleculeNet_HIV,True
CN(C)CNc1ncnc2onc(-c3ccccc3)c12,5.466620488612468,7109,5.268474611589243,hiv_6867,MoleculeNet_HIV,True
CC(=O)OCC1OC(n2c3c(cc(C#N)c2=O)CCCCCC3)C(OC(C)=O)C(OC(C)=O)C1OC(C)=O,5.466568574578026,7110,5.179258722723577,hiv_32431,MoleculeNet_HIV,True
O=S1(=O)C(c2ccccc2)=C(O)c2cc3ccccc3nc21,5.466531801699164,7111,5.2804585291245365,hiv_7589,MoleculeNet_HIV,True
CCCC[Sn](CCCC)(SCCS(=O)(=O)O)SCCS(=O)(=O)O,5.466508938289707,7112,5.192367345050898,hiv_8873,MoleculeNet_HIV,True
CCNC(=N)SCCS(=O)(=O)O,5.466508938289707,7113,5.192367345050898,hiv_5869,MoleculeNet_HIV,True
O[Si](c1ccc(C(F)(F)F)cc1)(c1cccc(C(F)(F)F)c1)c1cccc(C(F)(F)F)c1,5.466354657830452,7114,5.183638433850746,hiv_1453,MoleculeNet_HIV,True
COc1cc(C(=O)CC(CCC(=O)Nc2ccccc2[N+](=O)[O-])=NNC(=O)C(N)=O)ccc1O,5.466352658613991,7115,5.267439927904284,hiv_15019,MoleculeNet_HIV,True
CS(=N)(=O)CCC(N)P(=O)(O)O,5.466316164061615,7116,5.401834521812796,hiv_8795,MoleculeNet_HIV,True
CN(C)CC[N+]([O-])=C(c1ccccc1)C12CC3CC(CC(C3)C1)C2,5.466263697162474,7117,5.292739981796705,hiv_13561,MoleculeNet_HIV,True
O=C1CCCCCCCCCC(=O)Nc2ccccc2-c2ccccc2N1,5.466063525594127,7118,5.305429676459854,hiv_14183,MoleculeNet_HIV,True
COc1ccc(CCN2C(=O)c3cccc4c(Br)ccc(c34)C2=O)cc1,5.466008411316087,7119,5.103748843562526,hiv_6225,MoleculeNet_HIV,True
N.O=C(O)c1cc(Cc2cc(C(=O)O)c(O)c(C(=O)c3ccc(O)c(C(=O)O)c3)c2)ccc1O,5.465927028317038,7120,5.108284226380597,hiv_20027,MoleculeNet_HIV,True
COc1ccc2[nH]c(C[PH](c3ccccc3)(c3ccccc3)c3ccccc3)cc2c1,5.465849807287907,7121,5.2758695634509225,hiv_8761,MoleculeNet_HIV,True
C1CCC(N2CSCSC2)CC1,5.46584411445571,7122,5.190279257084137,hiv_3703,MoleculeNet_HIV,True
O=C(O)Cc1cccc2c1OC(c1ccccc1)C(C(=O)c1ccccc1)C2=O,5.465626451628171,7123,5.28596915839329,hiv_32865,MoleculeNet_HIV,True
Cc1ccc(S(=O)(=O)Nc2nnc(S(N)(=O)=O)s2)cc1,5.465599079447114,7124,5.115759455467928,hiv_40119,MoleculeNet_HIV,True
N#C[SH+][Co-4](N)(N)(N)(N)N.O=S([O-])(O)=[OH+],5.465519038357298,7125,5.182589428918127,hiv_14490,MoleculeNet_HIV,True
N#CNC(=N)N,5.465519038357298,7126,5.183473210892713,hiv_96,MoleculeNet_HIV,True
COC1CC(COCc2ccccc2)CC(OC)O1,5.4653798459293155,7127,5.220214415788383,hiv_40467,MoleculeNet_HIV,True
O=C1CCC2(CC1)Cc1ccccc1C2O,5.465309431335568,7128,5.222725838820682,hiv_28449,MoleculeNet_HIV,True
Oc1c(C2=NC3CCCCC3N2)ccc2ccccc12,5.465188307852024,7129,5.237513518240659,hiv_40645,MoleculeNet_HIV,True
Cc1ccc(S(=O)(=O)N(C)CC(=O)c2ccccc2)cc1,5.465130585594745,7130,5.280337024630836,hiv_16284,MoleculeNet_HIV,True
Cc1nnc2sc3c(Cl)c4nn5c(C)nnc5sc4c(Cl)c3nn12,5.4651001205759995,7131,5.119842526988429,hiv_7844,MoleculeNet_HIV,True
O=c1[nH]c(=O)n(C2OC(CO)C(O)C2O)c2ncc(-c3ccc(-c4ccccc4)cc3)nc12,5.465090001510443,7132,5.279421587544161,hiv_34026,MoleculeNet_HIV,True
N=C1Nc2ccccc2Sc2ccccc21,5.464878585985209,7133,5.305429676459854,hiv_22961,MoleculeNet_HIV,True
N=c1[nH]c2c(s1)CCC2,5.464678579926006,7134,5.1907923008303785,hiv_7980,MoleculeNet_HIV,True
COC(=O)CNC(=O)c1cc(C)cc2c1Oc1c(cc(C)cc1C(=O)NCC(=O)OC)S2,5.46466241855274,7135,5.1585695620587195,hiv_35249,MoleculeNet_HIV,True
O=C1C2(CCCC13OC3c1ccccc1)OC2c1ccccc1,5.464613321477845,7136,5.286337192211516,hiv_1856,MoleculeNet_HIV,True
c1ccc(C2OC23CCCCC3)cc1,5.464613321477845,7137,5.289321101304176,hiv_2943,MoleculeNet_HIV,True
O=S1(O)=NN=C(NCc2ccc(F)cc2)c2ccccc21,5.464204862810396,7138,5.233936766604288,hiv_20894,MoleculeNet_HIV,True
O=C1C2C3C=CC(CC3)C2C(=O)C2C3C=CC(C3)C12,5.464129653569497,7139,5.172347008617916,hiv_6666,MoleculeNet_HIV,True
CN(C)C(=S)N=c1ssc(=S)n1Cc1ccco1,5.4636463944318425,7140,5.186912868403072,hiv_11181,MoleculeNet_HIV,True
CN(C)Cc1cc(C23CC4CC(CC(C4)C2)C3)cc(-c2ccccc2)c1O,5.4635237900528075,7141,5.277204609923678,hiv_5016,MoleculeNet_HIV,True
O=C1c2ccccc2C(=O)C1(O)c1c[nH]c2ccccc12,5.463499524782526,7142,5.270233835777957,hiv_18114,MoleculeNet_HIV,True
O=c1[nH]nc(-c2ccc3ccccc3c2)[nH]1,5.4634095872898225,7143,5.298221674850743,hiv_33330,MoleculeNet_HIV,True
CC(=O)N1N=C(c2ccc3ccccc3c2O)CC1c1ccc(Cl)cc1Cl,5.463399793047595,7144,5.169460464885645,hiv_36758,MoleculeNet_HIV,True
Cc1cn2cc(-c3ccncc3)nc2s1,5.463268296572724,7145,5.138092541467026,hiv_19189,MoleculeNet_HIV,True
Nc1cccc(C#Cc2cccc(C#Cc3cccc(N)n3)n2)n1,5.463203665925783,7146,5.183473210892713,hiv_37199,MoleculeNet_HIV,True
COc1ccccc1C1SC(c2ccccc2)(c2ccccc2)OC1=O,5.463194412321308,7147,5.207427803352127,hiv_16269,MoleculeNet_HIV,True
CC1=[N+]2[N-]C(N)=[S+][Ga-3]234([S+]=C(N)[N-][N+]3=C(C)c2cccc[n+]24)[n+]2ccccc21.[Cl-],5.46314113975112,7148,5.2817191015827545,hiv_17844,MoleculeNet_HIV,True
O=C(c1ccco1)C1CC(c2ccc3ccccc3c2O)=NN1,5.462965911494292,7149,5.188657409907071,hiv_36754,MoleculeNet_HIV,True
N[Co-4](N)(N)(N)(N)[NH+]1N=NC(c2ccccc2)=N1.[Cl-],5.462933923708786,7150,5.283378101400185,hiv_14827,MoleculeNet_HIV,True
C=C1CC(c2ccc(O)c(OC)c2)Oc2c(OC)cccc21,5.462516744225159,7151,5.154786775676393,hiv_19286,MoleculeNet_HIV,True
CCC1CCC2CCCC(C)N12,5.4624993285144425,7152,5.186463886272814,hiv_20053,MoleculeNet_HIV,True
Nc1c([N+](=O)[O-])cc([N+](=O)[O-])c(-c2nnc(-c3c([N+](=O)[O-])cc([N+](=O)[O-])c(N)c3[N+](=O)[O-])s2)c1[N+](=O)[O-],5.462430206649242,7153,5.122075955777449,hiv_32375,MoleculeNet_HIV,True
COCN1COCN(COC)C1=O,5.462273990605993,7154,5.1621782542140595,hiv_19949,MoleculeNet_HIV,True
Cc1ccc(-n2c3nc(=O)n(C)c(=O)c-3cc3c(OCc4ccccc4)cccc32)cc1,5.462041740052447,7155,5.201968424674408,hiv_19444,MoleculeNet_HIV,True
CCN(CC)S(=O)(=O)c1ccc2c(c1)C(=O)[OH+][Cu-2](O)[OH+]2,5.462034955156781,7156,5.2083921015375525,hiv_33700,MoleculeNet_HIV,True
NN=c1c2ccccc2c2ccc3c4ccccc4c(=NN)c3c12,5.461989874951003,7157,5.26574774646633,hiv_16404,MoleculeNet_HIV,True
c1cnc2nc3n(c2c1)CSC3,5.461988637386185,7158,5.132587445855824,hiv_18486,MoleculeNet_HIV,True
CCNCCCCNCCCCNCCCCNCCCCNCC.Cl,5.461595880933788,7159,5.194249568171668,hiv_18725,MoleculeNet_HIV,True
O=c1[nH]c(=O)n(C2CC(O)C(CO)O2)cc1OCc1ccccc1,5.461443671834712,7160,5.22786216853991,hiv_28811,MoleculeNet_HIV,True
O=c1oc2c(-c3ccccc3)nnc(O)c2c2c1CCCC2,5.46133295192006,7161,5.210488685498249,hiv_9123,MoleculeNet_HIV,True
CC1N=C(SCC(=O)c2ccc(F)cc2)N2C(C)N=C(SCC(=O)c3ccc(F)cc3)N12,5.461306499785956,7162,5.18016297239028,hiv_7759,MoleculeNet_HIV,True
O=c1oc2ccc(Br)cc2cc1-n1nnc2cc([N+](=O)[O-])ccc21,5.461089943530442,7163,5.093278910968518,hiv_10552,MoleculeNet_HIV,True
c1snnc1-c1cnns1,5.460785610661695,7164,5.09034692291668,hiv_3875,MoleculeNet_HIV,True
NN=C1CCN2CCCc3cccc1c32,5.460638115123163,7165,5.188759662821798,hiv_5527,MoleculeNet_HIV,True
Cl[Pt-2]1(Cl)NC2CCCC2N1,5.460583287661519,7166,5.183203092631544,hiv_9150,MoleculeNet_HIV,True
CCCCCc1cc2cc(O)cc(Oc3c(O)cc(O)c(C(=O)O)c3CCCCC)c2c(=O)o1,5.460320102868426,7167,5.190030661132526,hiv_35885,MoleculeNet_HIV,True
NC(Cc1ccccc1)C(=O)NC(Cc1ccccc1)NC(=O)C(Cc1c[nH]c2ccccc12)C(=O)O.O=C(O)C(F)(F)F,5.460318507361084,7168,5.421522373780699,hiv_31129,MoleculeNet_HIV,True
CC(=O)OC1CC2CCCC2C2C(=O)OC(=O)C12,5.460314669981608,7169,5.175825243018282,hiv_10926,MoleculeNet_HIV,True
Nc1nc(O)c2ncn(C3CC(CO)C(CO)C3)c2n1,5.460241916957887,7170,5.1752364114164084,hiv_22893,MoleculeNet_HIV,True
C#CCNC(CCCNC(=N)N)C(=O)O,5.460136925167218,7171,5.405900101808315,hiv_39258,MoleculeNet_HIV,True
O=S1c2ccc(Cl)cc2CC(SSC2Cc3cc(Cl)ccc3S(=O)c3ccccc32)c2ccccc21,5.460119637166098,7172,5.2129801781106195,hiv_21970,MoleculeNet_HIV,True
OC(CNc1ncccn1)c1ccccc1,5.4600428347979,7173,5.404688879594403,hiv_1458,MoleculeNet_HIV,True
Nc1c([N+](=O)[O-])nc(Cl)c2nncn12,5.459967078185498,7174,5.12187215592941,hiv_21135,MoleculeNet_HIV,True
Cc1nc2ccccc2n1C(=O)c1c(F)c(F)c(F)c(F)c1F,5.459947329868421,7175,5.24122706020048,hiv_30760,MoleculeNet_HIV,True
O=C1c2cccc3cccc(c23)C(=O)N1O,5.45979540244675,7176,5.183434634002706,hiv_4048,MoleculeNet_HIV,True
Cc1ccc(SC(C=O)(NC(=O)OCc2ccccc2)C(F)(F)F)cc1,5.459745491799066,7177,5.232443021327966,hiv_39295,MoleculeNet_HIV,True
COC(OC(CO)C(O)S(=O)(=O)O)C(O)S(=O)(=O)O,5.459311552985738,7178,5.328555232622824,hiv_4968,MoleculeNet_HIV,True
COCn1c(C)c(C)c2c(=O)oc(N(C)C)nc21,5.459209927077205,7179,5.1621782542140595,hiv_31614,MoleculeNet_HIV,True
COc1ccc(-c2cc3c(nn2)-c2ccccc2C3=O)cc1,5.459114335763794,7180,5.368336503913363,hiv_27163,MoleculeNet_HIV,True
N=c1c2ccccc2c2ccccc2n1O,5.458792500796839,7181,5.199583508594021,hiv_2952,MoleculeNet_HIV,True
CC(CO)(CO)N1C(=O)C2C3C=CC(C3)C2C1=O,5.458752933145902,7182,5.208651618858855,hiv_28330,MoleculeNet_HIV,True
c1ccc(CNN2CN(NCc3ccccc3)CN(NCc3ccccc3)C2)cc1,5.458653109431446,7183,5.230166603295463,hiv_3714,MoleculeNet_HIV,True
O=S(Cc1ccccc1)c1ccccc1Cn1cccc1,5.458653109431446,7184,5.230166603295463,hiv_25096,MoleculeNet_HIV,True
CS(=O)(=O)N1CC(CCl)c2ccc(SSc3ccc4c(c3)N(S(C)(=O)=O)CC4CCl)cc21,5.458630697493017,7185,5.1128977234564195,hiv_35477,MoleculeNet_HIV,True
COC(=O)CC[N+]1=CCC(c2ccccc2)(c2ccccc2)O1,5.458608357841424,7186,5.283320681027283,hiv_22314,MoleculeNet_HIV,True
COc1cccc2c1C1(O)C2CCCCCCCCCC12OCCCO2,5.458579851460446,7187,5.100023327857824,hiv_24108,MoleculeNet_HIV,True
CN1CN(c2ccccc2)C2(CCN(Cc3csc4ccccc34)CC2)C1=O,5.458412105181361,7188,5.180554434012544,hiv_27791,MoleculeNet_HIV,True
[O-][n+]1c(CCl)nc2ccccc2c1-c1ccccc1F,5.4583816776788465,7189,5.244994151894758,hiv_7178,MoleculeNet_HIV,True
N#Cc1ncc(C[PH](c2ccccc2)(c2ccccc2)c2ccccc2)nc1N,5.458378463445811,7190,5.280734922967496,hiv_7136,MoleculeNet_HIV,True
N#CC(N)=C(C#N)N=CNCCO,5.458375959427551,7191,5.17270037467925,hiv_30035,MoleculeNet_HIV,True
CC1(C)C2CC1C(CCCCCC1c3cc(-c4ccccn4)ncc3C3CC1C3(C)C)c1cc(-c3ccccn3)ncc12,5.458152081914504,7192,5.227677341243624,hiv_28108,MoleculeNet_HIV,True
CC1(C)C2CC1C(Cc1ccccc1CC1c3cc(-c4ccccn4)ncc3C3CC1C3(C)C)c1cc(-c3ccccn3)ncc12,5.458152081914504,7193,5.236872756155902,hiv_34223,MoleculeNet_HIV,True
Clc1ccc(-c2cc3nc4ccccc4nc3o2)cc1,5.457999850564229,7194,5.288799813795036,hiv_36088,MoleculeNet_HIV,True
O=C(c1ccccc1)c1nnn(Cc2ccccc2Cn2nnc(C(=O)c3ccccc3)c2C(=O)c2ccccc2)c1C(=O)c1ccccc1,5.457823320116538,7195,5.223476404081383,hiv_23362,MoleculeNet_HIV,True
Nc1ccc2cc(S(=O)(=O)O)cc(O)c2c1N=Nc1ccc(-c2ccc(N=Nc3c(S(=O)(=O)O)cc4cc(S(=O)(=O)O)c(N=Nc5ccc([N+](=O)[O-])cc5)c(N)c4c3O)cc2)cc1,5.457729368529334,7196,5.200823585567974,hiv_2304,MoleculeNet_HIV,True
Cn1c2c(c3ccccc31)CCN=C2C1CCCOC1=O,5.457620085574898,7197,5.194346717081543,hiv_31535,MoleculeNet_HIV,True
CC1CC(C)CC(C)C(O)C(C#N)=CC=CCC(C2CCCC2C(=O)O)OC(=O)CC(O)C(C)C1,5.457498168793072,7198,5.171247086364859,hiv_6493,MoleculeNet_HIV,True
CC12C(=O)N(CCN)C(=O)C1C1c3ccccc3C2c2ccccc21,5.457304596761969,7199,5.219813779845444,hiv_13756,MoleculeNet_HIV,True
O=C(O)CN1CCN2CCCCCCCCN(CC1)CCN(CC(=O)O)CC2,5.457263491288945,7200,5.180906500372244,hiv_39397,MoleculeNet_HIV,True
Cl.N=c1[nH]cc(C2C(CNC(=O)c3cc(Br)c[nH]3)C(CNC(=O)c3cc(Br)c[nH]3)C2c2c[nH]c(=N)[nH]2)[nH]1,5.457244515547707,7201,5.1776733769718195,hiv_10982,MoleculeNet_HIV,True
O=C1c2ccccc2CC12Cc1cc3c(cc1C2=O)CCC3,5.4571849031145305,7202,5.300046560241085,hiv_30201,MoleculeNet_HIV,True
O=c1cnn(C2OC(CO)C(O)C(F)C2O)c(=O)[nH]1,5.457090542416428,7203,5.17605372494069,hiv_35817,MoleculeNet_HIV,True
Cc1cc(=O)c2c(o1)-c1ccccc1C(c1ccccc1)c1ccccc1-2,5.456922120120284,7204,5.21207428251381,hiv_1904,MoleculeNet_HIV,True
[Cl-].[N-]=[N+]=[NH+][Co-4](N)(N)(N)(N)[NH+]=[N+]=[N-],5.45675764891883,7205,5.183473210892713,hiv_14505,MoleculeNet_HIV,True
N=C(N)N.O=S(=O)(O)O,5.45675764891883,7206,5.183473210892713,hiv_354,MoleculeNet_HIV,True
N[Co-4](N)(N)(N)(O)O.[O-][Cl+3]([O-])([O-])O,5.45675764891883,7207,5.183473210892713,hiv_14526,MoleculeNet_HIV,True
N[Co-4](N)(N)(N)(N)N.[Br-],5.45675764891883,7208,5.183473210892713,hiv_14499,MoleculeNet_HIV,True
COc1ccccc1C1c2cc3c(cc2OC2(OC)COC(=O)C12)OCO3,5.456695662194507,7209,5.208615334470468,hiv_27833,MoleculeNet_HIV,True
NC(CCCCCP(=O)(c1ccccc1)C1C=CC=CC1)C(=O)O,5.456617306592176,7210,5.40214857276902,hiv_30939,MoleculeNet_HIV,True
NC(=O)NN=C1CCc2ccccc2C1,5.4564987678342005,7211,5.288634590837003,hiv_24419,MoleculeNet_HIV,True
[O-][n+]1onc(-c2ccccc2)c1CO,5.456271811166253,7212,5.269177623779324,hiv_36926,MoleculeNet_HIV,True
NC(=O)C1CCCN1C(=O)C(N)Cc1ccccc1.O=C(O)C(F)(F)F,5.455819514759952,7213,5.426522060659702,hiv_29690,MoleculeNet_HIV,True
CCN(CC)C(=S)S,5.455808562558887,7214,5.194249568171668,hiv_261,MoleculeNet_HIV,True
COc1ccc2c(c1)C(=O)OCCC2,5.45579995744641,7215,5.162382054062099,hiv_36387,MoleculeNet_HIV,True
c1cc(-c2nc(-c3ccncc3)nc(-c3ccncc3)n2)ccn1,5.455611343308703,7216,5.127051184434174,hiv_6708,MoleculeNet_HIV,True
Cc1cc(=O)n2nc(CN3CCCCC3)sc2n1,5.455271869853291,7217,5.177897169748209,hiv_32748,MoleculeNet_HIV,True
O=c1oc2ccccc2c(O)c1Sc1c(O)c2ccccc2oc1=O,5.455214130842005,7218,5.24174841464644,hiv_1395,MoleculeNet_HIV,True
O=C(Nc1noc(-c2ccccc2)n1)c1ccccc1CNc1noc(-c2ccccc2)n1,5.455203896195618,7219,5.278693249957162,hiv_31383,MoleculeNet_HIV,True
CC1CN1P(=O)(OCCC#N)N1CC1C,5.455101907059882,7220,5.171497002858541,hiv_1801,MoleculeNet_HIV,True
COc1ccc(OC)c2c(C(=O)O)c(Cc3ccccc3)ccc12,5.455100074460198,7221,5.21407088693774,hiv_12383,MoleculeNet_HIV,True
O=NN1C(c2ccccc2)CCCC1c1ccccc1,5.4550359056059445,7222,5.273085681675025,hiv_12851,MoleculeNet_HIV,True
COC(=O)CCSSCCC(=O)OC,5.454734981650578,7223,5.162896859749714,hiv_18250,MoleculeNet_HIV,True
COC(=O)CC[N+]1([O-])CC1,5.454734981650578,7224,5.162896859749714,hiv_27367,MoleculeNet_HIV,True
O=C(c1ccco1)n1c2ccc(Br)cc2c2nc3ccccc3nc21,5.454602610774653,7225,5.216733746249099,hiv_40091,MoleculeNet_HIV,True
O=S(=O)(N=S(c1ccc(Cl)cc1)c1ccc(Cl)cc1)c1ccccc1,5.454562204710922,7226,5.285024199392273,hiv_23965,MoleculeNet_HIV,True
O=c1[nH]n(CCc2ccncc2)c(=O)c2ccccc12,5.454533733846141,7227,5.205026394672107,hiv_2295,MoleculeNet_HIV,True
CC(=O)OC1CCCCC1c1ccccc1,5.454522533627833,7228,5.275730133525753,hiv_14851,MoleculeNet_HIV,True
COc1cc(C(C)O)c[n+](CCC2CNc3ccccc32)c1.[Br-],5.454480893502935,7229,5.382572754159276,hiv_21396,MoleculeNet_HIV,True
NC(=O)c1cnc2sc3ccccc3n2c1=O,5.45442161323748,7230,5.238621185239758,hiv_29462,MoleculeNet_HIV,True
COc1ccc(C2c3cc(OC)c(OC)cc3C(Cc3ccc([N+](=O)[O-])cc3)C2c2ccc([N+](=O)[O-])cc2)cc1OC,5.454403293078784,7231,5.063943790280245,hiv_15298,MoleculeNet_HIV,True
Cc1nc2c(sc3nc4c(cc32)CCC4)c(=O)o1,5.454146566482513,7232,5.187116668251111,hiv_38669,MoleculeNet_HIV,True
CC(C)(NC(=O)OCc1ccccc1)C(=O)OC(=O)C(C)(C)NC(=O)OCc1ccccc1,5.454106737619058,7233,5.232443021327966,hiv_29744,MoleculeNet_HIV,True
c1ccc([PH](Cc2nc3ccccc3[nH]2)(c2ccccc2)c2ccccc2)cc1,5.454095043333863,7234,5.29069719133785,hiv_4977,MoleculeNet_HIV,True
O=C1NCCS(=O)(=O)NC(CC2=CC=CCC2)C(=O)N2CCCC12,5.45395784280081,7235,5.205008048285773,hiv_20807,MoleculeNet_HIV,True
O=[N+]1C2C3CCC(C3)C2[N+](=O)[Co]12345C1=C2C3C4=C15,5.453805372460897,7236,5.172347008617916,hiv_8560,MoleculeNet_HIV,True
CC(OC(C)(C)C)C(NC(=O)OCC1c2ccccc2-c2ccccc21)C(=O)NC(Cc1ccccc1)C(=O)OCc1ccccc1,5.453780372821706,7237,5.402718836367426,hiv_31080,MoleculeNet_HIV,True
COP(=O)(OC)C(C)(C)NC(=O)NC(F)(F)F,5.45372926954666,7238,5.189892606770206,hiv_29930,MoleculeNet_HIV,True
O=C1OCCC1C(O)C1c2ccccc2-c2ccccc21,5.453724672418475,7239,5.413549627351406,hiv_16084,MoleculeNet_HIV,True
C(=NCCN=Cc1cccc2ccccc12)c1cccc2ccccc12,5.453683245213752,7240,5.24904308690898,hiv_11665,MoleculeNet_HIV,True
COC(=O)c1ccc(C(=O)NC(Cc2ccc(Oc3cc(CC(NC(=O)c4ccccc4C(=O)OC)C(=O)OC)ccc3OC)cc2)C(=O)OC)cc1,5.453625768208825,7241,5.360131856938518,hiv_39632,MoleculeNet_HIV,True
Nc1ccc(N=Nc2ccc(CCc3ccc(N=Nc4ccc(N)c5cc(S(=O)(=O)O)ccc45)cc3S(=O)(=O)O)c(S(=O)(=O)O)c2)c2ccc(S(=O)(=O)O)cc12.[NaH],5.453620272091211,7242,5.209183052107199,hiv_16426,MoleculeNet_HIV,True
CC(C)[Si](CC1=CCCCC12C(=O)N(COCC[Si](C)(C)C)c1ccccc12)(C(C)C)C(C)C,5.453613032005943,7243,5.42398484287824,hiv_40290,MoleculeNet_HIV,True
O=c1[nH]c(=O)n(C2CC(O)C(CO)O2)c2nc3ccc4ccccc4c3nc12,5.453590274922172,7244,5.245937189253589,hiv_34031,MoleculeNet_HIV,True
c1cc(C2N3CCCN2CC3)ccn1,5.453168988949965,7245,5.134478930908172,hiv_3047,MoleculeNet_HIV,True
COC(=O)N1CC2CC=CC(C2)c2ccccc21,5.452792856110057,7246,5.1976780763180646,hiv_16096,MoleculeNet_HIV,True
Cc1cc2c(s1)C(N)CC2=O.Cl,5.452601804973054,7247,5.177735184855601,hiv_37230,MoleculeNet_HIV,True
Nc1nc(O)nc2snnc12,5.452588986750359,7248,5.124900765444007,hiv_31915,MoleculeNet_HIV,True
CN(C)c1nc(=Nc2nnc[nH]2)ss1,5.452534272847439,7249,5.1200073277829805,hiv_11153,MoleculeNet_HIV,True
O=C(c1cccc(OCc2ccccc2)c1OCc1ccccc1)N1CCSC1=S,5.452334977196831,7250,5.222373346931135,hiv_37953,MoleculeNet_HIV,True
Oc1cc(C2OCCCO2)cc(O)c1O,5.452238432241062,7251,5.158118252836223,hiv_21558,MoleculeNet_HIV,True
CSCCC1C(=O)NC(=N)N1C(=O)OCc1ccccc1,5.452229926312251,7252,5.271338642236987,hiv_33711,MoleculeNet_HIV,True
O=C(NC1C(=O)NC(CCc2ccccc2)NC1=O)OCc1ccccc1,5.452059633772837,7253,5.242731684773114,hiv_31078,MoleculeNet_HIV,True
CN(CCc1ccccn1)C1=[S+][Cu-4]2([ClH+])([ClH+])[N+](=Cc3cccc[n+]32)[N-]1,5.452042151258252,7254,5.281221581685215,hiv_30333,MoleculeNet_HIV,True
O=C1NN=C2CCCCCCC12,5.4517547523859005,7255,5.177919018695117,hiv_4724,MoleculeNet_HIV,True
Cn1c2ccccc2c2nnc(NN=Cc3ccncc3)nc21,5.451716369074455,7256,5.13506379527592,hiv_9100,MoleculeNet_HIV,True
BrN1C2c3ccccc3C1c1ccccc12,5.4516642305514305,7257,5.2165271956953285,hiv_12535,MoleculeNet_HIV,True
Clc1cccc2[nH]c(-c3ccncc3)nc12,5.451569187456959,7258,5.134083442318048,hiv_9311,MoleculeNet_HIV,True
COC1(OC)NC(=N)C2(C#N)C(c3ccccc3)NC3=C(CCC3)C12C#N,5.451428917744732,7259,5.2322008547733665,hiv_39730,MoleculeNet_HIV,True
Cc1cccc(CP(Cc2cccc(C)c2)CC2(Cp3c4ccccc4c4ccccc43)COC2)c1,5.45133051830216,7260,5.186449867214469,hiv_37264,MoleculeNet_HIV,True
S=c1[nH]nc(Cn2c3ccc(Br)cc3c3nc4ccccc4nc32)o1,5.451294808542939,7261,5.272681554977084,hiv_40105,MoleculeNet_HIV,True
O=C1OC(=O)C2C3CCCCC3=C3CCCCC3C12,5.451262891495207,7262,5.172347008617916,hiv_9889,MoleculeNet_HIV,True
O=C1CC(C2(O)C(=O)Nc3ccc([N+](=O)[O-])cc32)c2ccccc21,5.451198587553558,7263,5.2326449431916,hiv_15420,MoleculeNet_HIV,True
CCC(=NNC(=N)N)C(CC)=NNC(=N)N.O=S(=O)(O)O,5.451191062069652,7264,5.192863074091935,hiv_10586,MoleculeNet_HIV,True
O=C1OC2(CCCCC2)c2ccccc21,5.451029452718727,7265,5.3073836927999825,hiv_2946,MoleculeNet_HIV,True
O=C1OCOC2(CCCC2)C1c1ccccc1,5.450779425112277,7266,5.288137986130525,hiv_27971,MoleculeNet_HIV,True
N#Cc1nc(-c2cccc(-c3nc(C#N)c(N)o3)n2)oc1N,5.450643793808616,7267,5.183930103323165,hiv_35522,MoleculeNet_HIV,True
O=C(CC(=O)N1N=C(c2ccccc2)C(N=Nc2ccccc2[N+](=O)[O-])C1=O)Nc1ccccc1F,5.450599177313752,7268,5.273696433087532,hiv_20336,MoleculeNet_HIV,True
S=C1NC(c2ccccc2)Nc2ccccc21,5.450561255133411,7269,5.283427257595357,hiv_5356,MoleculeNet_HIV,True
CCCC(C)(O)CN,5.450484560518916,7270,5.2253138726188,hiv_2437,MoleculeNet_HIV,True
COC(=O)C1C=NNC1C(=O)OC,5.450398949415328,7271,5.159282078206578,hiv_12030,MoleculeNet_HIV,True
CCCCCCCCCCCCN1C=C(C(N)=O)C(S(=O)(=O)O)c2ccccc21,5.450343212529484,7272,5.224957204400756,hiv_4669,MoleculeNet_HIV,True
O=c1[nH]c(=O)n(C2CC(O)C(CO)O2)cc1N=NNCc1ccccc1,5.450256070918063,7273,5.242731684773114,hiv_28816,MoleculeNet_HIV,True
O=c1[nH]c(=O)n(C2CC(O)C(CO)O2)cc1N=NNCCCc1ccccc1,5.450256070918063,7274,5.242731684773114,hiv_28818,MoleculeNet_HIV,True
NC(=O)C(F)(F)C(N)=O,5.450115277001911,7275,5.183473210892713,hiv_3388,MoleculeNet_HIV,True
NC(=O)NN=C1CSSC1,5.450115277001911,7276,5.183473210892713,hiv_6319,MoleculeNet_HIV,True
O=C1C2ON(c3ccccc3)C(c3ccco3)C2C(=O)N1c1ccc(Cc2ccc(N3C(=O)C4ON(c5ccccc5)C(c5ccco5)C4C3=O)cc2)cc1,5.449665132951891,7277,5.234370476374375,hiv_18654,MoleculeNet_HIV,True
O=[N+]([O-])C1=Cc2cc(Cl)ccc2OC1c1cccc2ccccc12,5.4495539715019445,7278,5.17660353020315,hiv_28808,MoleculeNet_HIV,True
CN(C)CCn1[nH]c(=N)c2nc3cc(C(F)(F)F)ccc3nc21,5.449246951140936,7279,5.189186118802102,hiv_39741,MoleculeNet_HIV,True
O=S(=O)(NC1CCCC1O)c1ccccc1,5.449217775129888,7280,5.272251899125388,hiv_10791,MoleculeNet_HIV,True
CCCCNS(=O)(=O)c1ccc(-c2ccc3c(c2)-c2ccc(S(=O)(=O)NCCCC)cc2S3(=O)=O)cc1,5.4491580197405725,7281,5.197635539756604,hiv_22282,MoleculeNet_HIV,True
COC(=O)C1Cc2cc3c(cc2C1=O)CCCC3,5.44915758552949,7282,5.1521282112269455,hiv_30108,MoleculeNet_HIV,True
Cc1c2ccccc2n[c-](CN2CCCCC2)[n+]1=O,5.449091012622319,7283,5.251762870709055,hiv_2222,MoleculeNet_HIV,True
I.O=C(CCCl)NNC1=NCCCN1,5.448818516358925,7284,5.183450819016544,hiv_32186,MoleculeNet_HIV,True
COC(=O)Cc1c(-c2[nH]c3ccccc3c2CC(=O)OC)[nH]c2ccccc12,5.448668726649247,7285,5.2117142852032865,hiv_36953,MoleculeNet_HIV,True
O=C1C2CCCCC2C(=O)N1N1C(=O)C2CCCCC2C1=O,5.448652414773655,7286,5.173180791167553,hiv_13583,MoleculeNet_HIV,True
Sc1nnnc2ccccc12,5.4485677960079455,7287,5.188183837636862,hiv_853,MoleculeNet_HIV,True
CP1(=S)CC(Cl)=C2CCCCC21,5.448495675241451,7288,5.179846734508618,hiv_6996,MoleculeNet_HIV,True
COC(=O)CN(CC(=O)NCCNC(=O)OC(C)(C)C)C1CCCCC1N(CC(=O)OC)CC(=O)OC,5.448430544372153,7289,5.182715188301981,hiv_31742,MoleculeNet_HIV,True
N#CCC(=O)N1CCCOCCC1,5.448313452839085,7290,5.183745047012323,hiv_16841,MoleculeNet_HIV,True
Cc1ccc(S(=O)(=O)NN=C2CC3C4CCC3C2C4)cc1,5.448235099496159,7291,5.154227745050933,hiv_28409,MoleculeNet_HIV,True
Nc1c(N=Nc2ccc(S(=O)(=O)c3ccc(N=Nc4cc(S(=O)(=O)O)c5cccc(S(=O)(=O)O)c5c4N)cc3)cc2)cc(S(=O)(=O)O)c2cccc(S(=O)(=O)O)c12.[NaH],5.448192757943495,7292,5.192642352952541,hiv_19670,MoleculeNet_HIV,True
CC(C)(C)C[PH]1(CC(C)(C)C)CC[PH](CC(C)(C)C)(CC(C)(C)C)[Pd-2]1([ClH+])[ClH+],5.448157992589609,7293,5.260419314432579,hiv_16552,MoleculeNet_HIV,True
c1nc(SSc2ncnc3[nH]cnc23)c2nc[nH]c2n1,5.448109437189052,7294,5.191664660270022,hiv_2854,MoleculeNet_HIV,True
COc1cc2c(cc1OC)C1CNC(C2)c2cc(OC)c(OC)cc21,5.448049943244897,7295,5.09850468518774,hiv_38479,MoleculeNet_HIV,True
COC1=CC(=O)C2C3COc4ccccc4C3C2C1=O,5.448036592641458,7296,5.15970073752087,hiv_22508,MoleculeNet_HIV,True
S=c1sc(-c2ccc(Cl)cc2)nn1CSc1nc2ccccc2o1,5.448020346304751,7297,5.227835506022694,hiv_9302,MoleculeNet_HIV,True
O=C1OC(COC(=O)c2ccccc2)C(OC(=O)c2ccccc2)C=C1OC(=O)c1ccccc1,5.447736432364778,7298,5.273445980065145,hiv_37112,MoleculeNet_HIV,True
COC1OC(COC(=O)c2ccccc2)C(OC(=O)c2ccccc2)C1NC(C)=O,5.447736432364778,7299,5.25593237482961,hiv_3025,MoleculeNet_HIV,True
CC(C)(Cc1ccccc1)Cc1cc(O)ccc1O,5.447401104246368,7300,5.197710326696298,hiv_31305,MoleculeNet_HIV,True
O=C1c2ccccc2C(=O)N1CCN(CCN1C(=O)c2ccccc2C1=O)Cc1ccccc1,5.447100498947651,7301,5.225894529054365,hiv_12066,MoleculeNet_HIV,True
Oc1nc2cc(F)c(F)cc2nc1Cc1ccccc1,5.446756510621036,7302,5.212062310175061,hiv_39573,MoleculeNet_HIV,True
Cc1cc(O)nc(CNC(=O)c2cccc3ccccc23)n1,5.446742550726793,7303,5.251321999944464,hiv_17075,MoleculeNet_HIV,True
Oc1c(CN2CCCC2)ccc2ccccc12,5.446596135152694,7304,5.230530670983616,hiv_30305,MoleculeNet_HIV,True
Oc1nc(Nc2nc3ccccc3[nH]2)nc(O)c1Cc1ccccc1,5.446410310061584,7305,5.236476378061826,hiv_33914,MoleculeNet_HIV,True
CCc1cccc(CC)c1N1C(=O)C2=C(SCCCS2)C1=O,5.446404007186771,7306,5.19545138453953,hiv_6933,MoleculeNet_HIV,True
c1ccc(Cc2nnc3n2CCC(c2ccccc2)S3)cc1,5.446210423983272,7307,5.206669693643202,hiv_10311,MoleculeNet_HIV,True
C=C1CN(S(=O)(=O)c2ccc(C)cc2)CCCN(Cc2ccc(C)o2)CCCN(S(=O)(=O)c2ccc(C)cc2)C1,5.446179576032406,7308,5.175858738955345,hiv_40902,MoleculeNet_HIV,True
COc1ccc(-c2cc(-c3ccco3)c(C#N)c(=O)n2C2OC(COC(C)=O)C(OC(C)=O)C(OC(C)=O)C2OC(C)=O)cc1,5.446051579171824,7309,5.153350280763132,hiv_18614,MoleculeNet_HIV,True
NC(=O)Cc1ncn(-c2ccccc2)n1,5.44590553112218,7310,5.281253966165036,hiv_33977,MoleculeNet_HIV,True
NC(=O)c1cccc(C2OC(COP(=O)(O)O)C(O)C2O)c1.[NaH],5.445847048199296,7311,5.168078941640324,hiv_20826,MoleculeNet_HIV,True
c1ccc(C2OCC(OC3CCCCO3)CO2)cc1,5.445570037818943,7312,5.275235808218048,hiv_37067,MoleculeNet_HIV,True
CN(C)CCSc1nc(-c2cccs2)c2ccccc2n1,5.445443421010571,7313,5.233251477245202,hiv_10854,MoleculeNet_HIV,True
CCC(=NNC(=N)N)C(C)=NNC(=N)N.O=S(=O)(O)O,5.445313455006713,7314,5.193321279327863,hiv_10592,MoleculeNet_HIV,True
CCCCNC(=N)NC(=N)N,5.445313455006713,7315,5.193321279327863,hiv_4181,MoleculeNet_HIV,True
c1cc2nc(c1)CSCCCCCCCCSC2,5.445064893814703,7316,5.18260085145307,hiv_6542,MoleculeNet_HIV,True
OC1CC(c2ccccc2)C2(C(O)c3ccccc3C2O)C(c2ccccc2)C1,5.444944679023326,7317,5.224522216795001,hiv_32802,MoleculeNet_HIV,True
NC1CC2NC3CCCCC3NC2CC1N,5.444671454645458,7318,5.184394726527529,hiv_28950,MoleculeNet_HIV,True
Nc1ncnc2c1nnn2C1C=CC(COS(N)(=O)=O)C1,5.444669471853976,7319,5.11586582671936,hiv_27572,MoleculeNet_HIV,True
OCC1CC2C=CCC(C2)C1,5.4446095878276495,7320,5.174504678656423,hiv_12272,MoleculeNet_HIV,True
CSCCC(NCc1c(O)ccc2c(-c3ccccc3)cc(=O)oc12)C(=O)O,5.444537496152002,7321,5.332874673074653,hiv_31327,MoleculeNet_HIV,True
Cc1ccc(O)c(C(=O)CCCC(=O)c2cc(C)ccc2O)c1,5.444262303717937,7322,5.181469716521041,hiv_22709,MoleculeNet_HIV,True
O=S1Cc2ccccc2CS1,5.444229158128483,7323,5.28776223139736,hiv_11568,MoleculeNet_HIV,True
Cc1c2ccccc2n[c-](CSc2nc3ccccc3s2)[n+]1=O,5.443949477247092,7324,5.249869724786191,hiv_2213,MoleculeNet_HIV,True
CSC[c-]1nc2ccccc2c(C)[n+]1=O,5.443949477247092,7325,5.249869724786191,hiv_1603,MoleculeNet_HIV,True
CC(=O)[OH+][Ni-4]12(O)([O+]=C(c3ccncc3)[N-][N+]1=Cc1ccsc1)[n+]1cccc3ccc4ccc[n+]2c4c31,5.443859079392472,7326,5.100759199922895,hiv_27101,MoleculeNet_HIV,True
O=C1[OH+][Pt-2]2(NC3CCCCC3N2)[OH+]C1=O,5.443817504458542,7327,5.194795169872109,hiv_6868,MoleculeNet_HIV,True
CC(C)(O)C1=CC=CCCCCCCCCCC1,5.443789982319953,7328,5.227876624140517,hiv_31395,MoleculeNet_HIV,True
O=C1CCCC(=O)NNC(=O)NCCCCCCNC(=O)NN1,5.443789218238667,7329,5.209444742246813,hiv_3953,MoleculeNet_HIV,True
O=C1CSSCC(=O)NCCCN1,5.443789218238667,7330,5.209444742246813,hiv_18246,MoleculeNet_HIV,True
C1CNCCSCCCSCCNC1,5.443789218238667,7331,5.209444742246813,hiv_7767,MoleculeNet_HIV,True
COc1ccc(COC(=O)NNC(=O)C2CSC(c3ccccc3)N2C(C)=O)cc1,5.443566004968938,7332,5.219508807660838,hiv_29541,MoleculeNet_HIV,True
On1c(-c2ccccc2)c(-c2ccccc2N2CCCC2)c2ccccc21,5.443483600423115,7333,5.199893921603637,hiv_23344,MoleculeNet_HIV,True
O=C(O)CCOCCCCCCCCCl,5.443478531238525,7334,5.176976328198026,hiv_30377,MoleculeNet_HIV,True
Cc1ccc(S(=O)(=O)NN=C2CC3CCC2C3)cc1,5.44334204266284,7335,5.154227745050933,hiv_28375,MoleculeNet_HIV,True
CC(C#N)(c1ccccc1)N(CCc1ccccc1)C(=O)Oc1ccccc1,5.443182221869154,7336,5.232443021327966,hiv_34341,MoleculeNet_HIV,True
CC(=O)N(CCc1ccccc1)C(C)(C#N)c1ccccc1,5.443182221869154,7337,5.232443021327966,hiv_34342,MoleculeNet_HIV,True
COc1ccc(P2(=S)Oc3ccccc3-c3ccccc3O2)cc1,5.44301173140739,7338,5.269583352578205,hiv_33389,MoleculeNet_HIV,True
O=[N+]([O-])c1ccccc1S(=O)(=O)Oc1ccc(-c2ccccc2)cc1,5.442918120273099,7339,5.279876409863929,hiv_14018,MoleculeNet_HIV,True
O=c1n(-c2ccccc2)c(=O)n2n1C1CC3c4ccccc4C1C32,5.4429028411129625,7340,5.20828679716585,hiv_8420,MoleculeNet_HIV,True
O=C1C2C(C(=O)N1c1ccccc1)C1c3ccccc3C2C2C(=O)N(c3ccccc3)C(=O)C21,5.4429028411129625,7341,5.21007137634979,hiv_13278,MoleculeNet_HIV,True
Cc1cc(-c2ccc(C(=O)C(Cl)(Cl)Cl)[nH]2)on1,5.442851758537508,7342,5.2049594366001415,hiv_38324,MoleculeNet_HIV,True
CN(C)CCN(C(=Nc1ccccc1)N1CCCC1)c1ccccc1,5.442644995615367,7343,5.282575626651311,hiv_30399,MoleculeNet_HIV,True
Clc1ccc(C2=NCON=C2c2ccc(Cl)cc2)cc1,5.4425346870641285,7344,5.181669462691603,hiv_35786,MoleculeNet_HIV,True
Cl.O=C(NCCc1ccccn1)c1ccc2cc(C(=O)N3CC(CCl)c4ccc([N+](=O)[O-])cc43)[nH]c2c1,5.442433577141589,7345,5.2188663203218475,hiv_36294,MoleculeNet_HIV,True
Cc1cc2occ(-c3ccc(Cl)cc3)c2c(=O)o1,5.442387266334245,7346,5.187116668251111,hiv_22186,MoleculeNet_HIV,True
O=C1CCC2(CC1CCS(=O)c1ccccc1)OCCO2,5.442219977368796,7347,5.293268847608953,hiv_39939,MoleculeNet_HIV,True
COc1ccc2[nH]c3c(C)c4ccnc(NCCCN(C)CCCNc5ccc6ncn7c8ccccc8c(=O)c5c67)c4c(C)c3c2c1.CS(=O)(=O)O,5.442046285937833,7348,5.219856601382088,hiv_39220,MoleculeNet_HIV,True
CN(C)CCNc1ccc2c(=O)n(CCN(C)C)c(=O)n3c4ccc(O)cc4c(=O)c1c23,5.442008473851664,7349,5.1514106276360785,hiv_38365,MoleculeNet_HIV,True
CC(=O)OCC1OC(n2c(=S)n(-c3ccc(C)cc3)c(=O)c3ccccc32)C(OC(C)=O)C(OC(C)=O)C1OC(C)=O,5.441847401256036,7350,5.203697752849855,hiv_18410,MoleculeNet_HIV,True
NNC(=O)C(=O)NN=C(C(Cl)(Cl)CO)C(Cl)(Cl)CO,5.441786608643646,7351,5.183967998551219,hiv_18673,MoleculeNet_HIV,True
O=C(O)c1nn[nH]c1Cl,5.441750854264163,7352,5.1244971557188235,hiv_35284,MoleculeNet_HIV,True
Cc1cc(-c2ccc(N=Nc3c(S(=O)(=O)O)cc4cc(S(=O)(=O)O)cc(N)c4c3O)c(C)c2)ccc1N=Nc1cc(S(=O)(=O)O)c2ccccc2c1O,5.441624978956832,7353,5.2330568480391,hiv_1673,MoleculeNet_HIV,True
O=C(CCc1ccccc1)CC1OC(=O)C(Cl)=C1Cl,5.441563595390756,7354,5.23417220157758,hiv_16837,MoleculeNet_HIV,True
Cc1ccc(-c2nc(-c3cnccn3)n(C3OC(CO)C(O)C(O)C3O)n2)cc1,5.441557020223253,7355,5.174641681478342,hiv_24438,MoleculeNet_HIV,True
NC(=O)c1ncn(C2C=CC(CP(=O)(O)O)C2)c1N,5.441531798047867,7356,5.181483099654545,hiv_27561,MoleculeNet_HIV,True
c1ccc2c(c1)NC1c3[nH]c4ccccc4c3CCC21,5.441484058832474,7357,5.203613506081962,hiv_38144,MoleculeNet_HIV,True
Cc1ccc(S(=O)(=O)N(CC(=O)O)c2c[nH]c(C(=O)O)c2)cc1,5.441385140671866,7358,5.1847727102797565,hiv_4241,MoleculeNet_HIV,True
O=C(c1ccco1)N(C(=S)OCc1ccccn1)c1ccccc1,5.441236140226531,7359,5.228964786927601,hiv_37370,MoleculeNet_HIV,True
Cl.O=C(OCCN1CCCC1)c1cc2ccccc2n1-c1ccccc1,5.440812494607173,7360,5.290324244881164,hiv_39093,MoleculeNet_HIV,True
COCCOC(=O)C(C)=[N+]=[N-],5.440674959698035,7361,5.15465604044963,hiv_33522,MoleculeNet_HIV,True
COc1ccc2[nH]c(C(O)(Cc3cccnc3)Cc3cccnc3)cc2c1,5.4406304724024395,7362,5.090139141988195,hiv_38948,MoleculeNet_HIV,True
CC(=O)O.NCCN1CC2CCC(CC2)C1,5.440250579159925,7363,5.170474247287295,hiv_25802,MoleculeNet_HIV,True
Br.CN(C)c1nc(=NCc2ccccn2)ss1,5.440242641454593,7364,5.2899410432180325,hiv_26525,MoleculeNet_HIV,True
c1ccc(CN(Cc2ccccn2)Cc2ccccn2)nc1,5.440242641454593,7365,5.286462808817667,hiv_27092,MoleculeNet_HIV,True
N#CC1=C(N)Oc2c(ccc3cccnc23)C1c1ccccc1,5.440154472063168,7366,5.211766175578969,hiv_14936,MoleculeNet_HIV,True
[O-]c1c2c(nn1-c1ccccc1)c1ccccc1c[n+]2Cc1ccccc1,5.440093545956257,7367,5.191865777546568,hiv_13302,MoleculeNet_HIV,True
O=S1(=O)CCc2ccccc2C(Br)C1,5.440025745542966,7368,5.215057893240291,hiv_122,MoleculeNet_HIV,True
O=C1c2ccccc2CCCCCCCCCCC12OCCCO2,5.44000382247587,7369,5.295882840468395,hiv_24096,MoleculeNet_HIV,True
CCNCC(O)COc1ccc2c(c1)[n+]([O-])nc(N)[n+]2[O-].Cl,5.439981029748419,7370,5.455492656413904,hiv_11300,MoleculeNet_HIV,True
CCC(F)(C(N)=O)C(=O)O,5.439959896607224,7371,5.188064789891045,hiv_3272,MoleculeNet_HIV,True
COC(=O)C1C=CC(OC2OC(COC(C)=O)C(OC(C)=O)C(OC(C)=O)C2OC(C)=O)n2c(=O)c3ccccc3c(=O)n21,5.439906529538559,7372,5.226895519337664,hiv_32522,MoleculeNet_HIV,True
COc1c(N2CCCCC2)c2c(=O)c3ccccc3oc2c2cc(C)oc12,5.439824059139061,7373,5.243759362555428,hiv_35692,MoleculeNet_HIV,True
O=[W](=O)(O)O.[NaH],5.439771820130466,7374,5.184017132255035,hiv_14386,MoleculeNet_HIV,True
OC(c1ccccc1)(c1ccccc1)C1CC1c1ccncc1,5.4395165076978795,7375,5.229457936598122,hiv_3144,MoleculeNet_HIV,True
CCCCCCCCCC1CC(=O)OC2=C1C(=O)CCC2,5.439350310081697,7376,5.183995725336515,hiv_15140,MoleculeNet_HIV,True
O=c1n(-c2ccccc2)c(=O)n2n1C1C=CC=CC2C2CCC21,5.438998541633553,7377,5.237364970971993,hiv_5685,MoleculeNet_HIV,True
Cc1nc(C(N)=S)sc1C(=O)CC(=NN)C(=O)Nc1cccc(Cl)c1C,5.438972268066935,7378,5.180126205011359,hiv_22069,MoleculeNet_HIV,True
Cn1c2cccc3nnc4cccc(c4c32)n1C,5.438953427328184,7379,5.070152608342884,hiv_20877,MoleculeNet_HIV,True
O=C1CCCC2=C1CC1=C(CCCC1=O)N2c1cccc2ccccc12,5.438859509164579,7380,5.250244903276842,hiv_27715,MoleculeNet_HIV,True
NC(=S)NN=C(C1CC1)C1CC1,5.438828460288775,7381,5.17620327715022,hiv_2650,MoleculeNet_HIV,True
COC(=O)c1ccc(C)cc1CC1Cc2ccc(C)cc2C1=O,5.43878909914639,7382,5.158272790946354,hiv_32656,MoleculeNet_HIV,True
C1CSCCCSCCCSCCCSCCCSCCCSCCCSCCCSC1,5.43861887680775,7383,5.18260085145307,hiv_22790,MoleculeNet_HIV,True
C1C[N+]23CCC[N+]4(C1)CC[SH+][Pd-2]24[SH+]CC3,5.43861887680775,7384,5.184315944268709,hiv_35281,MoleculeNet_HIV,True
COc1ccc(OP2OCC(C)O2)cc1,5.43861887680775,7385,5.155277618108367,hiv_6926,MoleculeNet_HIV,True
OC1CSCCSCCCSCCSC1,5.43861887680775,7386,5.175330917710577,hiv_22786,MoleculeNet_HIV,True
O=C1CCCCCCCCCCOC(=O)CCCCCCCCCCO1,5.43861887680775,7387,5.18260085145307,hiv_15056,MoleculeNet_HIV,True
Cc1ccc(N=C2SC(=NN(C)C)SC2=Nc2ccc(C)cc2)cc1,5.43861887680775,7388,5.165235898018168,hiv_30608,MoleculeNet_HIV,True
C1CSCCCSCCSCCCSC1,5.43861887680775,7389,5.18260085145307,hiv_22789,MoleculeNet_HIV,True
C1CC[N+]2(C1)CC[N+]1(CCCC1)CC2,5.438517852857117,7390,5.2270758314257915,hiv_1053,MoleculeNet_HIV,True
NNC(=O)NP(=O)(NC(=O)NN)NC(=O)NN,5.438482098422146,7391,5.182324188649513,hiv_3923,MoleculeNet_HIV,True
CN(C(=O)C1=CCCCCC1)c1ccccc1Br,5.43835999572312,7392,5.291240465797725,hiv_15877,MoleculeNet_HIV,True
Cc1cc(NCCCCCCCNc2cc(C)nc3cc(N)ccc23)c2ccc(N)cc2n1,5.438100040463968,7393,5.160108427492503,hiv_6983,MoleculeNet_HIV,True
COC(=O)c1nn2ccc3ccccc3c2c1C(=O)OC,5.438089753627597,7394,5.16508229210615,hiv_38313,MoleculeNet_HIV,True
c1ccc([PH](CC2CCCO2)(c2ccccc2)c2ccccc2)cc1,5.4380635252697855,7395,5.278245639813463,hiv_4097,MoleculeNet_HIV,True
O=C1OC2c3ccccc3C(=O)C2(c2ccccc2)N1c1ccccc1,5.437904295948793,7396,5.231567505164255,hiv_36230,MoleculeNet_HIV,True
NC(C(F)(F)F)(C(F)(F)F)P(=O)(c1ccccc1)c1ccccc1,5.4376107752919545,7397,5.279933643215031,hiv_29941,MoleculeNet_HIV,True
CCCCCCCCCCCCCCCC(=O)OCC1CCC[N+]2(C)CCCCC12.[I-],5.437546332436835,7398,5.133795520854826,hiv_35866,MoleculeNet_HIV,True
O=C1OCC2CCCN2Cc2ccccc21,5.437545191354433,7399,5.282794840491291,hiv_17432,MoleculeNet_HIV,True
COc1ccc(C2=Nn3c(nc4sc(C)c(C)c4c3=O)SC2)cc1,5.437533736355678,7400,5.191405579256712,hiv_32010,MoleculeNet_HIV,True
O=[PH](O)c1ccsc1,5.43750740334068,7401,5.175917119244797,hiv_15388,MoleculeNet_HIV,True
Cc1c(CO)[n+]([O-])c2ccccc2[n+]1[O-],5.43750346024014,7402,5.2908724319794995,hiv_8592,MoleculeNet_HIV,True
O=C1CCC(N2C(=O)C3C4c5ccccc5C(c5ccccc54)C3C2=O)C(=O)N1,5.437441382346032,7403,5.228353236275188,hiv_6633,MoleculeNet_HIV,True
Cc1ccc(S(=O)(=O)N2CC(O)C=Cc3ccccc32)cc1,5.437408429915368,7404,5.211528781321236,hiv_3918,MoleculeNet_HIV,True
O=C(CCCCC1CCSS1)N(C(=O)NC1CCCCC1)C1CCCCC1,5.437365439904942,7405,5.171978974799691,hiv_39180,MoleculeNet_HIV,True
c1csc(-c2sc(-c3ccsc3)cc2Cc2ccsc2)c1,5.437313581230075,7406,5.126791231783278,hiv_26481,MoleculeNet_HIV,True
O=S(=O)(O)c1cc2onnc2c2ccccc12,5.4372915702257565,7407,5.187339196913768,hiv_2310,MoleculeNet_HIV,True
c1ccc(Cc2n[nH]c(Cc3nc(Cc4ccccc4)n[nH]3)n2)cc1,5.437180602950457,7408,5.237524270123135,hiv_36488,MoleculeNet_HIV,True
S=c1sc2ccccc2n1CCSSCCn1c(=S)sc2ccccc21,5.437055658783409,7409,5.233527404664345,hiv_4559,MoleculeNet_HIV,True
Cn1c(=O)n(CC2CS2)c2ccccc21,5.437055658783409,7410,5.236621784236589,hiv_23651,MoleculeNet_HIV,True
O=C1CCCC2OC(COC(=O)c3ccccc3)CC2O1,5.437035449961091,7411,5.276823845478785,hiv_39016,MoleculeNet_HIV,True
CC1CCC(C(C)C)C(Oc2nnc(C3OC(CO)C(O)C3O)o2)C1,5.437017211234809,7412,5.292029183470628,hiv_35790,MoleculeNet_HIV,True
Clc1ccccc1C1=NN(c2ccccc2)C2c3ccccc3OCC12,5.43691671920165,7413,5.218938230702676,hiv_21221,MoleculeNet_HIV,True
CCc1c(Cc2ccccc2)n(COCCC[Se]c2ccccc2)c(=O)[nH]c1=O,5.436673717104884,7414,5.244460162857799,hiv_38352,MoleculeNet_HIV,True
CC(=O)OCC1OC(Sc2nc(-c3ccc(C)cc3)c(C#N)c(=O)n2C2OC(COC(C)=O)C(OC(C)=O)C(OC(C)=O)C2OC(C)=O)C(OC(C)=O)C(OC(C)=O)C1OC(C)=O,5.436524397695627,7415,5.1743635969556685,hiv_36069,MoleculeNet_HIV,True
OCC[N+]12CCCN1CCC2.[Br-],5.436261504783077,7416,5.187887303382154,hiv_16071,MoleculeNet_HIV,True
CC(C)NCC(O)c1ccc(OCc2ccccc2)c(OCc2ccccc2)c1-c1ccccc1.Cl,5.436150888750672,7417,5.401346217258236,hiv_31109,MoleculeNet_HIV,True
CC(C)Cc1cccc(C(C)C)c1NC(=O)CCC(=O)NN=C1C(=NNC(=O)CCC(=O)Nc2c(C(C)C)cccc2C(C)C)C(c2ccc3c(c2)OCO3)Oc2ccccc21,5.436068280412554,7418,5.388596890130593,hiv_19124,MoleculeNet_HIV,True
O=C1Nc2ccccc2C1(O)Cc1ccccn1,5.435899934519195,7419,5.304821897470136,hiv_14948,MoleculeNet_HIV,True
COc1cccc2c1[OH+][Cu-5]13(O)([O+]=C(N)[N-][N+]1=C2)[n+]1ccccc1-c1cccc[n+]13,5.435875981234616,7420,5.287738330183747,hiv_18078,MoleculeNet_HIV,True
O=C(CSc1nnc(-c2ccc(Cl)cc2)s1)Nc1nccs1,5.435578968514706,7421,5.092282143661502,hiv_9303,MoleculeNet_HIV,True
CN(C)C(=O)c1nnsc1NN=O,5.435541933258736,7422,5.120166013940129,hiv_36344,MoleculeNet_HIV,True
CC(=O)Nc1nnc(SSc2nnc(NC(C)=O)s2)s1,5.435541933258736,7423,5.120166013940129,hiv_7945,MoleculeNet_HIV,True
NCc1ccccc1-c1c2nc(c(-c3ccccc3CN)c3ccc([nH]3)c(-c3ccccc3CN)c3nc(c(-c4ccccc4CN)c4ccc1[nH]4)C=C3)C=C2,5.434993588289322,7424,5.296255803609262,hiv_23575,MoleculeNet_HIV,True
CN(CCNC(=O)c1cn(C)c2c1ccc1ccccc12)CCNC(=O)c1cn(C)c2c1ccc1ccccc12,5.434612186861157,7425,5.2561919536385915,hiv_40226,MoleculeNet_HIV,True
COC1OC(=O)C(OC)C(OC)C1OC,5.434545381476304,7426,5.1510906288292695,hiv_38485,MoleculeNet_HIV,True
C1CCC2SSC3CCCCC3SSC2C1,5.434523584543263,7427,5.175330917710577,hiv_22773,MoleculeNet_HIV,True
S=C(NC1CCCCC1)SSSC(=S)NC1CCCCC1,5.434523584543263,7428,5.175330917710577,hiv_647,MoleculeNet_HIV,True
S=C(NC1CCCCC1)SSSSC(=S)NC1CCCCC1,5.434523584543263,7429,5.175330917710577,hiv_648,MoleculeNet_HIV,True
O=C1C=CC2C3C(=O)N(c4ccccc4)C(=O)C3C1N2Cc1ccccc1,5.434478181791145,7430,5.22095423160673,hiv_8568,MoleculeNet_HIV,True
Cc1ccc2c(c1)sc(C)[n+]2CCO,5.4344671536809415,7431,5.182881861226993,hiv_9499,MoleculeNet_HIV,True
O=c1[nH]c(=O)n(C2CC(O)C(CO)O2)cc1C#Cc1cc(C(F)(F)F)cc(C(F)(F)F)c1,5.434463897972036,7432,5.168547858220444,hiv_20957,MoleculeNet_HIV,True
O=S(=O)(NCCSSCCNS(=O)(=O)c1cccs1)c1cccs1,5.434346133743834,7433,5.184153239538361,hiv_6994,MoleculeNet_HIV,True
C=C(Br)CN(CC(=C)Br)C(C)=O,5.43424301191888,7434,5.185711052035209,hiv_27476,MoleculeNet_HIV,True
CN(C)C(=S)NN=C(C(=NNC(=S)N(C)C)c1ccccn1)c1ccccn1,5.434217750106359,7435,5.225327393884419,hiv_38454,MoleculeNet_HIV,True
Oc1nnc(O)c2nc3c(nc12)c1nc2c(O)nnc(O)c2nc1c1nc2c(O)nnc(O)c2nc31,5.433959817526918,7436,5.120166013940129,hiv_12972,MoleculeNet_HIV,True
CCCN(CCCN)[N+](=O)[N-]O,5.4339366791740265,7437,5.13489186867633,hiv_16112,MoleculeNet_HIV,True
c1c2c(cc(-n3nnc4c3CCCCCC4)c1-n1nnc3c1CCCCCC3)CCCCCC2,5.43382358022033,7438,5.122037378887442,hiv_15809,MoleculeNet_HIV,True
O=C(O)CCc1nc(-c2ccccc2)c(-c2ccccc2)o1,5.433798210278687,7439,5.268129731718015,hiv_7768,MoleculeNet_HIV,True
CCN(CC)C(=S)SCC(=O)Nc1nc2c(s1)CCCC2,5.433620699902585,7440,5.194249568171668,hiv_22825,MoleculeNet_HIV,True
C1CC[N+]23CCCC(C2)C3C1.Cc1ccc(S(=O)(=O)O)cc1,5.433569766692566,7441,5.173269059925662,hiv_5165,MoleculeNet_HIV,True
O=C1C(=O)C(c2ccccc2)Oc2ccccc21,5.433456933538906,7442,5.272251899125388,hiv_3789,MoleculeNet_HIV,True
N[Co-4](N)(N)(N)(N)[NH+]1N=NC(C(=O)[O-])=N1.[Cl-],5.433358998998828,7443,5.183473210892713,hiv_14830,MoleculeNet_HIV,True
CC(CN1C(=O)c2ccccc2C1=O)=NNS(=O)(=O)c1ccc2ccccc2c1,5.43318874094709,7444,5.293111830745038,hiv_19962,MoleculeNet_HIV,True
NC1=c2nc[nH]c2=NS(=O)(O)=N1,5.433169505884294,7445,5.193472710374817,hiv_7229,MoleculeNet_HIV,True
CC(=Nc1ccncc1)C(C)=Nc1ccncc1,5.43313301686559,7446,5.138432586688822,hiv_35751,MoleculeNet_HIV,True
c1cncc(CSc2nc3ccccc3nc2-c2cccs2)c1,5.432953003426683,7447,5.239519183441681,hiv_23462,MoleculeNet_HIV,True
CCNc1nnc(-c2nsc3ccccc23)s1,5.432817508646013,7448,5.183394235592103,hiv_23506,MoleculeNet_HIV,True
O=C(O)c1cc(Cc2cc(Cl)c(O)c(C(=O)O)c2)cc(Cl)c1O,5.432742403492519,7449,5.107826021144669,hiv_11082,MoleculeNet_HIV,True
COc1ccc2c(c1)C1c3ccccc3CCN1CCC2,5.432699032102857,7450,5.216439329017148,hiv_36369,MoleculeNet_HIV,True
CC1N=C(SCc2c(F)cccc2Cl)N2C(C)N=C(SCc3c(F)cccc3Cl)N12,5.432666253035894,7451,5.180523290993512,hiv_8033,MoleculeNet_HIV,True
COc1ccccc1C1c2cc3c(cc2OC(O)(CO)C1C(=O)O)OCO3.COc1ccccc1C1c2cc3c(cc2OC2(O)COC(=O)C12)OCO3,5.432647597284188,7452,5.208971122268866,hiv_10882,MoleculeNet_HIV,True
O=C1CCCC2=C1CC1=C(CCCC1=O)N2c1ccc(-c2ccccc2)cc1,5.432594057073653,7453,5.282165696738746,hiv_27725,MoleculeNet_HIV,True
NN=C(CC(O)(C(F)(F)Cl)C(F)(F)Cl)CC(O)(C(F)(F)Cl)C(F)(F)Cl,5.432531871972955,7454,5.181304528791039,hiv_25749,MoleculeNet_HIV,True
CC(C)(O)C1CCC23CCCC(=O)C2(C1)C3,5.432517172096207,7455,5.193773991249558,hiv_14463,MoleculeNet_HIV,True
CC(C)=Cc1cc(C(=O)NCCNC(=O)c2cc(C=C(C)C)nc(NC#N)n2)nc(NC#N)n1,5.43240220742912,7456,5.183304176247732,hiv_14360,MoleculeNet_HIV,True
O=C(C=Cc1cc(O)c(O)cc1O)OCCc1ccccc1,5.4323523420092386,7457,5.229302045792935,hiv_28542,MoleculeNet_HIV,True
O=C1c2ccccc2OP(=O)(OCC(F)(F)F)OC1(C(F)(F)F)C(F)(F)F,5.432309380359829,7458,5.297410532346785,hiv_23661,MoleculeNet_HIV,True
CC[Sn](CC)(SCCS(=O)(=O)O)SCCS(=O)(=O)O.N=C(N)N,5.432073890980404,7459,5.191439056207093,hiv_8869,MoleculeNet_HIV,True
CCCC[Sn](CCCC)(SCCS(=O)(=O)O)SCCS(=O)(=O)O.N=C(N)N,5.432073890980404,7460,5.191439056207093,hiv_8870,MoleculeNet_HIV,True
COc1ccc2c(c1O)C(=O)C(CCC(=O)O)CC2,5.431975870762412,7461,5.129207225290122,hiv_11897,MoleculeNet_HIV,True
O=C(O)c1cccc(OCCOc2cccc(C(=O)O)c2[N+](=O)[O-])c1[N+](=O)[O-],5.431598874935515,7462,5.179599918687454,hiv_39921,MoleculeNet_HIV,True
CN(C)CC[N+]1=Nc2cccc3cccc(c23)N1.[Cl-],5.43105373972402,7463,5.189053967992429,hiv_19176,MoleculeNet_HIV,True
C=C(Br)CC12CC3(CCC1c1ccc(OC)cc1C2=O)OCCO3,5.430625350310598,7464,5.096124370150507,hiv_21543,MoleculeNet_HIV,True
Br.Cc1ccc(-c2csc(=Nc3ccccc3)n2NC(=O)c2ccncc2)cc1,5.430621817738525,7465,5.17066020251443,hiv_40826,MoleculeNet_HIV,True
N#Cc1ccccc1NC(=O)C(=NN)C(C(=O)c1ccncc1)C1OC(=O)c2ccccc21,5.430550902498285,7466,5.380085981752776,hiv_19242,MoleculeNet_HIV,True
OCn1nnc2ccccc21,5.4305348639226105,7467,5.175364641392503,hiv_538,MoleculeNet_HIV,True
CCN(CC)CCn1ncc2c3c(=O)c4cccnc4n(CCN(CC)CC)c3ccc21,5.430128394589839,7468,5.144654849497977,hiv_26682,MoleculeNet_HIV,True
Nc1nc(N)c2cc(Sc3ccc4nc(N)nc(N)c4c3)ccc2n1,5.4300787693787225,7469,5.169442595319185,hiv_39039,MoleculeNet_HIV,True
COc1cc(-c2cc(-c3cc(C)cc(Cl)c3O)nc3ncnc(N)c23)ccc1O,5.4299969631359986,7470,5.144545960993785,hiv_30713,MoleculeNet_HIV,True
COc1ccc(CCN(C)CCCC2(C#N)c3ccccc3-c3ccccc32)cc1OC,5.429587608136703,7471,5.168097638408434,hiv_21765,MoleculeNet_HIV,True
Oc1nnc(O)c2ncccc12,5.429587600075882,7472,5.120166013940129,hiv_200,MoleculeNet_HIV,True
O=C(CCCCCCCCc1ccc(O)cc1)c1c(O)cccc1O,5.428952824808459,7473,5.123803406983311,hiv_14337,MoleculeNet_HIV,True
Nc1ncnc2c1ncc(=O)n2C1CC(O)C(CO)O1,5.4288664386672485,7474,5.172252502323748,hiv_34033,MoleculeNet_HIV,True
c1ccc(CN(Cc2ccccn2)Cc2ccccn2)cc1,5.428865865621907,7475,5.228964786927601,hiv_13166,MoleculeNet_HIV,True
Cn1c2ccccc2c2nn3cnnc3nc21,5.428838325028154,7476,5.101783355502408,hiv_6013,MoleculeNet_HIV,True
Cc1ccc(C2=C(c3ccc(C)cc3)C(c3ccc(C)cc3)=C(c3ccc(C)cc3)C2=O)cc1,5.428791097275869,7477,5.18080016794159,hiv_19820,MoleculeNet_HIV,True
O=C1OCC(Cc2ccc3c(c2)OCO3)C1Cc1cccc(O)c1,5.428504251848945,7478,5.156283631447972,hiv_25866,MoleculeNet_HIV,True
Cc1ccc(S(=O)(=O)Oc2ccc3oc4c(CO)ccc(NCCN(C)C)c4c(=O)c3c2)cc1,5.428482246675266,7479,5.1694254642419954,hiv_8668,MoleculeNet_HIV,True
CC(=NNC(=N)N)C(CN(C)C)C(c1ccccc1)c1c(O)c2ccccc2oc1=O.Cl,5.428427927332234,7480,5.416761225116899,hiv_21619,MoleculeNet_HIV,True
COc1cccc(CCCNC(=O)Cc2ccccc2CO)c1,5.428413328336965,7481,5.176993602793115,hiv_36398,MoleculeNet_HIV,True
Nc1ccc2c(c1)C(=P(c1ccccc1)(c1ccccc1)c1ccccc1)c1ccccc1-2,5.428119447032134,7482,5.2521236411688825,hiv_2496,MoleculeNet_HIV,True
N#CCc1nc(Cc2ccccc2)n[nH]1,5.428110648507198,7483,5.237524270123135,hiv_33564,MoleculeNet_HIV,True
Cc1ccc(C=C2CCCC(CN(C)C)C2=O)cc1.Cl,5.4280559494535545,7484,5.168592247010809,hiv_29755,MoleculeNet_HIV,True
Cc1ccc2c(c1)SC(c1cc3c(cc1Br)OCO3)S2,5.427781247441522,7485,5.124760264725182,hiv_21594,MoleculeNet_HIV,True
CCCC1OC(CCC)C2CCCOC2O1,5.427742353074535,7486,5.186979634429175,hiv_623,MoleculeNet_HIV,True
COc1ccc2c(c1)OC1c3ccccc3OCC21,5.427361962011489,7487,5.200865785258764,hiv_37238,MoleculeNet_HIV,True
Oc1nnc(Cl)c2c(O)c3ccccc3c(O)c12,5.427175395204041,7488,5.171672159020015,hiv_10020,MoleculeNet_HIV,True
CC(=O)OCC1OC(n2c(=O)n(-c3ccccc3)c(=O)c3ccccc32)C(OC(C)=O)C(OC(C)=O)C1OC(C)=O,5.426952964546887,7489,5.205312416988112,hiv_18418,MoleculeNet_HIV,True
O=C(NNCc1ccccc1O)c1ccccc1O,5.426853728408096,7490,5.26752668293499,hiv_38050,MoleculeNet_HIV,True
N=c1[nH]c2ccccc2n1CC(=O)NC12CC3CC(CC(C3)C1)C2,5.426700510920675,7491,5.277409093192588,hiv_21214,MoleculeNet_HIV,True
COc1ccc2c(c1)c1c(n2CCN(C)C)-c2cccc(OC)c2CC1,5.426358139416847,7492,5.114005309661934,hiv_37090,MoleculeNet_HIV,True
COc1ccc(CC2COC(=O)C2Cc2ccc3c(c2)OCO3)cc1OC,5.4262508519975325,7493,5.075304599956916,hiv_31948,MoleculeNet_HIV,True
O=S(=O)(O)c1ccc(OCCCCCCCCCCOc2ccc(S(=O)(=O)O)cc2)cc1,5.426183984979887,7494,5.184803263893522,hiv_9333,MoleculeNet_HIV,True
CC1=C[P+](Cc2ccccc2)(c2ccccc2)CC1.[I-],5.426126684407453,7495,5.237650435977945,hiv_10675,MoleculeNet_HIV,True
Clc1ccc(CNc2nc(Cl)c3nc[nH]c3n2)cc1Cl,5.425990612294212,7496,5.132942267340593,hiv_34600,MoleculeNet_HIV,True
[N-]=[N+]=NCC1OCOC(CN=[N+]=[N-])C2OCCOCCOc3ccccc3OCCOCCOC12,5.425870954900006,7497,5.278475868885709,hiv_30352,MoleculeNet_HIV,True
COc1cc2c(cc1OC)C1Cc3cc(OC)c(OC)cc3C(C2)O1,5.425764754572931,7498,5.090313235810431,hiv_38472,MoleculeNet_HIV,True
COc1cc2c(cc1OC)CC(N=[N+]=[N-])c1cc(OC)c(OC)cc1C=C2,5.425764754572931,7499,5.090313235810431,hiv_38473,MoleculeNet_HIV,True
COc1cc2c(cc1OC)C[N+]1(C)CCc3cc(OC)c(OC)cc3C1C2,5.425764754572931,7500,5.090313235810431,hiv_4347,MoleculeNet_HIV,True
Cl.NC1CCC(C(=O)C2CCC(O)CC2O)CC1,5.42565541124781,7501,5.217735831083002,hiv_28962,MoleculeNet_HIV,True
COC(=N)CCSSCCC(=N)OC,5.425480269369392,7502,5.163639907606377,hiv_7387,MoleculeNet_HIV,True
CC(=O)O.Nc1nc(O)nc2nc3c(nc12)-c1cccc2cccc-3c12.O=S(=O)(O)O,5.4253552604667385,7503,5.171487199865674,hiv_8986,MoleculeNet_HIV,True
c1cc(C2=NN[Ni-2]3(NN=C(c4ccncc4)[OH+]3)[OH+]2)ccn1,5.42522653331881,7504,5.14879835943086,hiv_37442,MoleculeNet_HIV,True
Nc1nc(Cl)nc(NCc2ccccc2)n1,5.425169821597577,7505,5.228036498083796,hiv_35949,MoleculeNet_HIV,True
Cc1ccc(S(=O)(=O)C(C#N)=CNS(=S)c2ccncc2)cc1,5.42504419935734,7506,5.138432586688822,hiv_26156,MoleculeNet_HIV,True
N#CCCN(CCC#N)CCN(CCN(CCC#N)CCC#N)CCN(CCC#N)CCC#N,5.424986922137169,7507,5.182232817634844,hiv_30432,MoleculeNet_HIV,True
CC(=O)C(=[N+]=[N-])C(=O)N(C)CCC#N,5.424986922137169,7508,5.185711052035209,hiv_26907,MoleculeNet_HIV,True
C=C1CN(S(=O)(=O)c2ccc(C)cc2)CCCN(CC2CC2)CCCN(S(=O)(=O)c2ccc(C)cc2)C1.Cl,5.424927294147121,7509,5.177397210302021,hiv_40893,MoleculeNet_HIV,True
C1CCC(OC2CSC2)OC1,5.424697958151123,7510,5.17412336328798,hiv_22672,MoleculeNet_HIV,True
c1cc2nnc1SCCSCCSCCSc1ccc(nn1)SCCSCCSCCS2,5.424506792075766,7511,5.120166013940129,hiv_29651,MoleculeNet_HIV,True
Cc1nc(C)c(Cc2ccccc2)o1,5.424473293443556,7512,5.232443021327966,hiv_31435,MoleculeNet_HIV,True
Cn1cc(-c2ccc3nnc(Sc4ccc5ncccc5c4)n3n2)cn1,5.42433366458623,7513,5.033997036530532,davis_24779724,DAVIS_spike_in,True
Cc1ccc(S(=O)(=O)OC2C(O)C(CO)OC2n2c(Br)c(C(N)=O)c3c(N)ncnc32)cc1,5.424316096765051,7514,5.173060580814646,hiv_7164,MoleculeNet_HIV,True
COc1ccccc1C1C=NNC1,5.42421318505874,7515,5.20873188999286,hiv_1819,MoleculeNet_HIV,True
COC(=O)c1ccc(OCc2nc3ccccc3[nH]2)cc1,5.424103640794852,7516,5.280088470490065,hiv_8450,MoleculeNet_HIV,True
N#CC(C(=S)NCc1ccccc1)=C(N)N1CCCC1,5.424037740084674,7517,5.192405171213717,hiv_32098,MoleculeNet_HIV,True
CC(=O)n1c2ccccc2c2nc3nc(Oc4ccc(C)cc4)c4ccccc4c3cc21,5.423902356690538,7518,5.204922703014307,hiv_21926,MoleculeNet_HIV,True
Cl.NCCCNCCSSCC=CCSSCCNCCCN,5.423659865286268,7519,5.181304528791039,hiv_11574,MoleculeNet_HIV,True
OCCN1CC2CCCC1O2,5.4235588534516355,7520,5.089266011196012,hiv_3842,MoleculeNet_HIV,True
C=C(C(=O)OC)c1cc2ccccc2n1S(=O)(=O)c1ccccc1,5.4235039037368615,7521,5.148241540712293,hiv_38310,MoleculeNet_HIV,True
O=c1n(CCCCn2c(=O)n(CC3CS3)c3ccccc32)c2ccccc2n1CC1CS1,5.4233051622213795,7522,5.233143549836224,hiv_23656,MoleculeNet_HIV,True
CCN(CC)C(=S)S[Bi](SC(=S)N(CC)CC)SC(=S)N(CC)CC,5.423101187564186,7523,5.194249568171668,hiv_4346,MoleculeNet_HIV,True
O=C([OH+][Re+](C#[O+])(C#[O+])(C#[O+])(C#[O+])C#[O+])C(F)(F)C(F)(F)F,5.422845624241611,7524,5.1807186283323,hiv_15988,MoleculeNet_HIV,True
NC1=c2[nH]c(-c3ccc(Cl)cc3)nc2=NS(=O)(O)=N1,5.422675657017049,7525,5.193472710374817,hiv_23432,MoleculeNet_HIV,True
COCN(C)c1nc(N(C)C)nc(N(C)C)n1,5.422671549705654,7526,5.161317140172462,hiv_23802,MoleculeNet_HIV,True
c1ccc([PH](CCCCCC[PH](c2ccccc2)(c2ccccc2)c2ccccc2)(c2ccccc2)c2ccccc2)cc1,5.422609023530991,7527,5.282137708142316,hiv_3116,MoleculeNet_HIV,True
c1ccc([PH](CCOCC[PH](c2ccccc2)(c2ccccc2)c2ccccc2)(c2ccccc2)c2ccccc2)cc1,5.422609023530991,7528,5.282137708142316,hiv_3115,MoleculeNet_HIV,True
C[N+](C)(Cc1ccco1)c1ccccc1,5.422609023530991,7529,5.285615942542681,hiv_9750,MoleculeNet_HIV,True
O=C(O)CCCC[PH](c1ccccc1)(c1ccccc1)c1ccccc1,5.422609023530991,7530,5.282137708142316,hiv_5172,MoleculeNet_HIV,True
CN(Cc1c(S)ccc2ccccc12)Cc1c(S)ccc2ccccc12,5.422609023530991,7531,5.253728875731942,hiv_4061,MoleculeNet_HIV,True
c1ccc([PH](CCCCCCCCCC[PH](c2ccccc2)(c2ccccc2)c2ccccc2)(c2ccccc2)c2ccccc2)cc1,5.422609023530991,7532,5.282137708142316,hiv_3119,MoleculeNet_HIV,True
CC(=O)O.ON=C1CCCCC1NO,5.422140444711056,7533,5.170568753581463,hiv_27186,MoleculeNet_HIV,True
COc1ccc(Cc2cc(Cc3ccc(OC)cc3)cc(Cc3ccc(OC)cc3)c2)cc1,5.422029837504675,7534,5.10358460959234,hiv_38847,MoleculeNet_HIV,True
COc1cc(C[N+]23CC[N+](Cc4cc(OC)cc(OC)c4)(CC2)C3)cc(OC)c1,5.422029837504675,7535,5.10358460959234,hiv_3994,MoleculeNet_HIV,True
Cc1ccc2nc(-c3ccc(-c4nc5ccc(C)cc5o4)c(O)c3)oc2c1,5.421605710466364,7536,5.180630195916669,hiv_31056,MoleculeNet_HIV,True
COc1cccc2c1[OH+][Ni-4]13(O)([O+]=C(N)[N-][N+]1=C2)[n+]1cccc2ccc4ccc[n+]3c4c21,5.4214008299555,7537,5.159911655719509,hiv_18076,MoleculeNet_HIV,True
COc1cccc2c1[OH+][Ni-2]1(O)[O+]=C(N)[N-][N+]1=C2,5.4214008299555,7538,5.177185780735414,hiv_18046,MoleculeNet_HIV,True
COc1cccc2c1[OH+][Zn-2]1(O)[O+]=C(N)[N-][N+]1=C2,5.4214008299555,7539,5.177185780735414,hiv_18048,MoleculeNet_HIV,True
COc1cccc2c1[OH+][Cu-5]13(O)([O+]=C(N)[N-][N+]1=C2)[n+]1cccc2ccc4ccc[n+]3c4c21,5.4214008299555,7540,5.177185780735414,hiv_18080,MoleculeNet_HIV,True
CC(C)(C)OC(=O)NCC(=O)NCC(=O)NCC(=O)NCC(=O)O,5.421396638210904,7541,5.212447155889328,hiv_24225,MoleculeNet_HIV,True
CC(=O)C(C)(CCC(=O)O)CCC(=O)O,5.421396638210904,7542,5.212447155889328,hiv_397,MoleculeNet_HIV,True
c1ccc2oc(NCCSSCCNc3nc4ccccc4o3)nc2c1,5.420955632567094,7543,5.287394197579134,hiv_6985,MoleculeNet_HIV,True
c1ccc(OCC[PH](c2ccccc2)(c2ccccc2)c2ccccc2)cc1,5.420618110066868,7544,5.282137708142316,hiv_3113,MoleculeNet_HIV,True
CC(=NO)c1ccc2c(c1)C(=NO)c1cc(C(C)=NO)ccc1-2,5.420585473397673,7545,5.116726514263836,hiv_19564,MoleculeNet_HIV,True
CCCCCCCCCc1nn2c(Cc3ccccc3)nnc2s1,5.420490314358356,7546,5.195472190094696,hiv_40306,MoleculeNet_HIV,True
O=C(NCc1ccccc1)c1c(O)nc2ccccc2c1O,5.420479407299376,7547,5.186557954325214,hiv_32120,MoleculeNet_HIV,True
CC1C2c3ccccc3C(c3ccccc32)C1CN1C(CCO)COC1c1ccccc1,5.420431940764803,7548,5.213031376134652,hiv_10062,MoleculeNet_HIV,True
O=C1OCCCCCCOC(=O)c2ccccc2SSc2ccccc21,5.420392868638065,7549,5.28776223139736,hiv_7335,MoleculeNet_HIV,True
O=C(O)CCC1(Br)CCCCC(Br)C1=O,5.420301625654998,7550,5.13523185579726,hiv_14773,MoleculeNet_HIV,True
Nc1ccc(Sc2c3ccccc3nc3ccccc23)cc1,5.4202097964451,7551,5.213942502523649,hiv_20603,MoleculeNet_HIV,True
O=C(CCc1ccc(O)c(O)c1)OCCc1ccccc1,5.420188840688227,7552,5.230002369325277,hiv_28536,MoleculeNet_HIV,True
CC1=C(C(=O)Nc2c(C)cccc2C)C(c2ccccc2Cl)C(C(=O)Nc2c(C)cccc2C)=C(C)N1,5.420086299915956,7553,5.24537317660004,hiv_17737,MoleculeNet_HIV,True
Nc1c(S(=O)(=O)O)cc2cc(S(=O)(=O)O)ccc2c1N=Nc1ccc(-c2ccc(N=Nc3c(N)c(S(=O)(=O)O)cc4cc(S(=O)(=O)O)ccc34)c(S(=O)(=O)O)c2)cc1,5.420027186380777,7554,5.211351734208873,hiv_498,MoleculeNet_HIV,True
CN(Cc1ccccc1)C(=NC#N)N(Cc1ccccc1)Cc1ccccc1,5.4199936371367725,7555,5.232443021327966,hiv_22872,MoleculeNet_HIV,True
Cc1c(C(=O)O)c(O)cc2c1C(=O)c1c(O)c(OC3OC(CO)C(O)C(O)C3O)c(O)c(O)c1C2=O,5.419868011152304,7556,5.151966293930348,hiv_326,MoleculeNet_HIV,True
Cn1nc2ccc3nccc(NCCNCCO)c3c2n1,5.419813936656104,7557,5.122463954866365,hiv_20993,MoleculeNet_HIV,True
O=S1(=O)CCC(Br)c2ccccc2C1,5.4198074857702965,7558,5.215057893240291,hiv_3639,MoleculeNet_HIV,True
Cc1nnc2c([N+](=O)[O-])c(N)c(Cl)nn12,5.419706816293614,7559,5.11786027596802,hiv_8993,MoleculeNet_HIV,True
CCCCCCc1cc2cc(-c3csc(CC#N)n3)c(=O)oc2cc1O,5.4195556595287915,7560,5.210866543910195,hiv_35639,MoleculeNet_HIV,True
COC(C)(C)CC=CC(C)=CC=CC(C)=CC=CC(C)=CC=CC=C(C)C=CC=C(C)C=CC=C(C)C=CCC(C)(C)OC,5.419544302347301,7561,5.110631844910684,hiv_15968,MoleculeNet_HIV,True
COC(=O)CSSCC(=O)OC,5.419129659152426,7562,5.160976437846197,hiv_18251,MoleculeNet_HIV,True
CCCCCCCCCCCC(=O)C1=C(O)CCCC1=O,5.418950195246895,7563,5.194249568171668,hiv_15134,MoleculeNet_HIV,True
Cn1c2ccccc2c2nnc(S)nc21,5.418577468118806,7564,5.133898357798518,hiv_6014,MoleculeNet_HIV,True
O=c1ccn(C2OC(COC3CCCCO3)C(OC3CCCCO3)C2OC2CCCCO2)c(=O)n1-c1ccccc1,5.418490454844169,7565,5.274647796433007,hiv_35491,MoleculeNet_HIV,True
[Cl-].c1ccc([P+](Cc2csnn2)(c2ccccc2)c2ccccc2)cc1,5.4184754717461825,7566,5.340891238282648,hiv_16846,MoleculeNet_HIV,True
Cc1cc(=O)n2nc(CSc3nnc(Sc4cc(O)ccc4O)s3)sc2n1,5.418138139138811,7567,5.120880109386105,hiv_32751,MoleculeNet_HIV,True
NN=C1C(=O)N(C2CCCCC2)C(=O)C1C(=O)NC1CCCCC1,5.418097285990829,7568,5.174053150607197,hiv_11475,MoleculeNet_HIV,True
c1ccc(CN2COCOC3CCCC32)cc1,5.418060949001534,7569,5.235374017945442,hiv_8844,MoleculeNet_HIV,True
O=C(OCc1ccccc1)N(CCCCN(CCCNC(=O)C(F)(F)F)C(=O)OCc1ccccc1)CCCNC(=O)C(F)(F)F,5.417999265151906,7570,5.228964786927601,hiv_36053,MoleculeNet_HIV,True
O=C(NCCCN(CCCCN(CCCNC(=O)C(F)(F)F)CCCc1ccccc1)CCCc1ccccc1)C(F)(F)F,5.417999265151906,7571,5.228964786927601,hiv_36055,MoleculeNet_HIV,True
O=C(NCc1cc(CNC(=O)c2cccc(O)c2O)cc(CNC(=O)c2cccc(O)c2O)c1)c1cccc(O)c1O,5.417991091176102,7572,5.108935003993509,hiv_8135,MoleculeNet_HIV,True
OCCN(CCO)c1nc(N2CCCCC2)c2nc(N(CCO)CCO)nc(N3CCCCC3)c2n1,5.417449712644468,7573,5.186169738857931,hiv_10863,MoleculeNet_HIV,True
O=C(NCc1ccccc1)c1cc2ccc(O)c(O)c2cn1,5.417357748937943,7574,5.178984675436606,hiv_28268,MoleculeNet_HIV,True
Brc1ccc(OCc2ccccc2)c2ccccc12,5.417355569208711,7575,5.161953131868387,hiv_26801,MoleculeNet_HIV,True
CN(C)C(=N)CSS(=O)(=O)O,5.416838671297826,7576,5.185711052035209,hiv_6072,MoleculeNet_HIV,True
O=C1C2CCN(CC2)C1CNC1(c2ccccc2)CCCCC1,5.4167692177150855,7577,5.2916236441406,hiv_5770,MoleculeNet_HIV,True
O=C(NC(CO)C(=O)NC1c2ccsc2C(=O)C1O)OCc1ccccc1,5.416460104497244,7578,5.383885619663565,hiv_23992,MoleculeNet_HIV,True
N#CSC1CCCCCCC1SC#N,5.416262899434789,7579,5.174283025649268,hiv_3588,MoleculeNet_HIV,True
CC(=O)CCC(=O)CC(O)(C(F)(F)F)C(F)(F)F,5.416225532698701,7580,5.185711052035209,hiv_27359,MoleculeNet_HIV,True
CC(=O)NCCSSSCCNC(C)=O,5.416225532698701,7581,5.185711052035209,hiv_8339,MoleculeNet_HIV,True
OCCCSCCCCSCCCO,5.416225532698701,7582,5.182232817634844,hiv_22691,MoleculeNet_HIV,True
O=C(O)CCCCSCCCCCCSCCCCC(=O)O,5.416225532698701,7583,5.176976328198026,hiv_8814,MoleculeNet_HIV,True
COC(=S)SSC(=S)NCCN(CCNC(=S)SSC(=S)OC)C(=S)SSC(=S)OC,5.416225532698701,7584,5.1572464885096805,hiv_879,MoleculeNet_HIV,True
O=C(O)CCCCCCCCCCCO,5.416225532698701,7585,5.176976328198026,hiv_27341,MoleculeNet_HIV,True
O=C(O)CC(O)(CC(=O)O)C(=O)O,5.416225532698701,7586,5.176976328198026,hiv_12774,MoleculeNet_HIV,True
O=C(O)CN(CCN(CC(=O)O)CC(=O)O)CC(=O)O,5.416225532698701,7587,5.179599918687454,hiv_127,MoleculeNet_HIV,True
C[N+](C)(C)CCCCCCCCCC[N+](C)(C)C,5.416225532698701,7588,5.185711052035209,hiv_1034,MoleculeNet_HIV,True
COCCCCCCCCCCC(=O)O,5.416225532698701,7589,5.152275490224225,hiv_28160,MoleculeNet_HIV,True
CNC(=O)N(C)CN(C)C(=O)NC,5.416225532698701,7590,5.181851901089459,hiv_19951,MoleculeNet_HIV,True
COC(=S)SSC(=S)NCCNC(=S)SSC(=S)OC,5.416225532698701,7591,5.1572464885096805,hiv_618,MoleculeNet_HIV,True
COCCCCCCCCCCCC(=O)O,5.416225532698701,7592,5.152275490224225,hiv_28159,MoleculeNet_HIV,True
O=[N+]([O-])C(F)(COC(=S)OCC(F)([N+](=O)[O-])[N+](=O)[O-])[N+](=O)[O-],5.416225532698701,7593,5.182232817634844,hiv_7785,MoleculeNet_HIV,True
CN(CCN(C)CC(=O)O)CC(=O)O,5.416225532698701,7594,5.180454562598391,hiv_776,MoleculeNet_HIV,True
Cl.O=C(O)CCN(CCC(=O)O)CCN(CCC(=O)O)CCC(=O)O,5.416225532698701,7595,5.176976328198026,hiv_19725,MoleculeNet_HIV,True
CC(=O)C(=[N+]=[N-])C(=O)OCCOC(=O)C(=[N+]=[N-])C(C)=O,5.416225532698701,7596,5.185711052035209,hiv_26912,MoleculeNet_HIV,True
CC(CC(O)(C(F)(F)F)C(F)(F)F)=NO,5.416225532698701,7597,5.185711052035209,hiv_25768,MoleculeNet_HIV,True
O=C(O)CCCCCCCCCCC(=O)O,5.416225532698701,7598,5.176976328198026,hiv_9648,MoleculeNet_HIV,True
O=C(O)CCCCCCCCCC(=O)O,5.416225532698701,7599,5.176976328198026,hiv_9647,MoleculeNet_HIV,True
O=C(NCC(F)([N+](=O)[O-])[N+](=O)[O-])N(CC(F)([N+](=O)[O-])[N+](=O)[O-])CC(F)([N+](=O)[O-])[N+](=O)[O-],5.416225532698701,7600,5.182232817634844,hiv_32896,MoleculeNet_HIV,True
CN(C)N(CCO)CCO,5.416225532698701,7601,5.185711052035209,hiv_1296,MoleculeNet_HIV,True
CC(=O)CC[N+](C)(C)C.[I-],5.416225532698701,7602,5.185711052035209,hiv_18206,MoleculeNet_HIV,True
O=[N+]([O-])C1(CO)COC(CCc2ccccc2)OC1,5.41598390874293,7603,5.248243477245993,hiv_11661,MoleculeNet_HIV,True
COc1cc(OC)c2c(=O)cc(-c3ccncc3)oc2c1,5.415970446302209,7604,5.11369797249981,hiv_1670,MoleculeNet_HIV,True
COC(=O)CC1(CNC(=O)OCc2ccccc2)OCCO1,5.415756097073602,7605,5.226317594794723,hiv_36558,MoleculeNet_HIV,True
COc1ccc(OC2OC(CO)C(OCc3ccccc3)C(OCc3ccccc3)C2OCc2ccccc2)cc1,5.4154179890184695,7606,5.218306991292976,hiv_28195,MoleculeNet_HIV,True
COC(=O)c1csc(-c2nc(CCNC(=O)OC(C)(C)C)sc2Br)n1,5.4152558906317,7607,5.180008946774143,hiv_24181,MoleculeNet_HIV,True
CC(=O)Nc1nnc(S(C)(=O)=O)s1,5.415153085351992,7608,5.120166013940129,hiv_23976,MoleculeNet_HIV,True
BrC1C2(SCCS2)C2CC(c3ccccc32)C12SCCS2,5.415092933217626,7609,5.225709747913342,hiv_36306,MoleculeNet_HIV,True
ClC1c2ccccc2C2(c3ccccc3)OOC1(c1ccccc1)O2,5.415092933217626,7610,5.224522216795001,hiv_11373,MoleculeNet_HIV,True
O=C(CCCCCCCCCCc1ccccc1)C1=C(O)CC(O)CC1=O,5.414908133736406,7611,5.23417220157758,hiv_15137,MoleculeNet_HIV,True
O=C(C[n+]1ccncc1)c1ccc2c(c1)CCCC2,5.414905936278536,7612,5.182339011271053,hiv_1243,MoleculeNet_HIV,True
O=c1ncn2nc(Sc3ccc(F)cc3F)ccc2c1-c1c(Cl)cccc1Cl,5.414733639744442,7613,5.0446191074997975,davis_3038525,DAVIS_spike_in,True
C[Si](C)(C=C(Br)CCOC1CCCCO1)c1ccccc1,5.414490824181689,7614,5.278346008800188,hiv_10721,MoleculeNet_HIV,True
CC1(C)CCc2cc3c(cc2O1)OCC1c2cc(O)c(OCc4ccccc4)cc2OC31,5.414465489767082,7615,5.1878588015006075,hiv_36458,MoleculeNet_HIV,True
NNC(=O)c1ccc(-n2nnc(C(=O)NN)c2C(=O)NN)cc1,5.414378625914504,7616,5.119198766544953,hiv_33405,MoleculeNet_HIV,True
O=C(NCC(O)CNC(=O)C(F)(F)F)C(F)(F)F,5.4143565369668885,7617,5.396520362649843,hiv_12154,MoleculeNet_HIV,True
COC(=O)c1ccc(OCc2ccc3oc(=O)c(-c4ccccc4)nc3c2)cc1,5.414251870638756,7618,5.2093794255161034,hiv_23455,MoleculeNet_HIV,True
Nc1ccccc1C(=O)CCc1ccccc1C(=O)O,5.414199703563606,7619,5.281209419298511,hiv_10984,MoleculeNet_HIV,True
NC1N=C(c2ccc(Cl)cc2)C2=C(N1)c1ccccc1CC2,5.4141391826684755,7620,5.288624717710352,hiv_34805,MoleculeNet_HIV,True
CC(C)(C)C1=CC(=NNC(=S)NCc2ccccc2)C=C(C(C)(C)C)C1=O,5.414061618745817,7621,5.195136339944577,hiv_22166,MoleculeNet_HIV,True
O=C(O)CN(CCOCCOCCN(CC(=O)O)CC(=O)O)CC(=O)O,5.41388379823401,7622,5.177753988843307,hiv_10609,MoleculeNet_HIV,True
N=C(N)SCc1ccccc1.O=C(O)C1CC2C3C=CC(C3)C2C1,5.413836704035428,7623,5.233243912733775,hiv_9761,MoleculeNet_HIV,True
O=C(NCCSSCCNC(=O)C(Cc1ccc(O)c(Br)c1)=NO)C(Cc1ccc(O)c(Br)c1)=NO,5.413805349855937,7624,5.124325241224626,hiv_10538,MoleculeNet_HIV,True
NC1=CN2c3ccccc3N(CC(=O)N3CCOCC3)C2C=C1,5.413549150147642,7625,5.281866551647486,hiv_38316,MoleculeNet_HIV,True
O=C(O)Cc1cc(O)nc2c1C(=NO)CCC2,5.413482345447409,7626,5.169409756483913,hiv_13314,MoleculeNet_HIV,True
Cc1nccn1Cc1c(N)nc(N)nc1O,5.413303898593338,7627,5.185984579559267,hiv_3282,MoleculeNet_HIV,True
COc1ccc2c(c1)OCC1c3cc4c(cc3OC21)OCO4,5.412886810732373,7628,5.101674045487102,hiv_22507,MoleculeNet_HIV,True
CN(C)c1ccc(Cc2cc3c(O)ccc(O)c3cc(Cc3ccc(N(C)C)cc3)c2=O)cc1,5.412853777424343,7629,5.128319223781352,hiv_32321,MoleculeNet_HIV,True
O=S(=O)(O)SCCNCC(O)C(O)CNCCSS(=O)(=O)O,5.412519411708373,7630,5.364228320020865,hiv_2885,MoleculeNet_HIV,True
COc1ccc(Cc2c(N)nc(O)nc2O)cc1,5.41244471877698,7631,5.102075630781311,hiv_35128,MoleculeNet_HIV,True
COc1cc2c(c(OC)c1OC)C(=O)C1C2N1C(N)=O,5.412308802411143,7632,5.089035468707051,hiv_32549,MoleculeNet_HIV,True
CN(C)CC1CCC(CN(C)C)C1=NO.Cl,5.412130240434214,7633,5.1732245510544015,hiv_18703,MoleculeNet_HIV,True
COC(=O)C1=CCCCCCC(N2CCOCC2)=C1C(=O)OC,5.411447247634776,7634,5.176918015422807,hiv_5298,MoleculeNet_HIV,True
O=[N+]([O-])c1cccc2nc3ccccc3c(NCCCNc3c4ccccc4nc4cccc([N+](=O)[O-])c34)c12,5.411377527438054,7635,5.244994151894758,hiv_37553,MoleculeNet_HIV,True
O=[N+]([O-])c1cccc2nc3ccccc3c(NCCCCNc3c4ccccc4nc4cccc([N+](=O)[O-])c34)c12,5.411377527438054,7636,5.244994151894758,hiv_37552,MoleculeNet_HIV,True
S=C(SSC(=S)N(Cc1ccccc1)Cc1ccccc1)N(Cc1ccccc1)Cc1ccccc1,5.411232247698305,7637,5.228964786927601,hiv_10279,MoleculeNet_HIV,True
Oc1cc(CNC2CCCC2)nc(O)n1,5.411192623074742,7638,5.1680270381747535,hiv_34209,MoleculeNet_HIV,True
CC(=O)OC12CCCCC(CCCC1)O2,5.411177762643889,7639,5.121042693276757,hiv_3705,MoleculeNet_HIV,True
c1ccc2c(c1)nnn1c3cnccc3nc21,5.410803309602697,7640,5.139335869517018,hiv_4630,MoleculeNet_HIV,True
Cc1ccc(S(=O)(=O)NCCSCCSCCNS(=O)(=O)c2ccc(C)cc2)cc1,5.410731121501106,7641,5.180432134123365,hiv_22681,MoleculeNet_HIV,True
Cc1ccc(S(=O)(=O)OCCOS(=O)(=O)c2ccc(C)cc2)cc1,5.410731121501106,7642,5.180736818069554,hiv_884,MoleculeNet_HIV,True
Cc1ccc(S(=O)(=O)OCCOCCOCCOCCOCCOS(=O)(=O)c2ccc(C)cc2)cc1,5.410731121501106,7643,5.180736818069554,hiv_12256,MoleculeNet_HIV,True
Cc1ccc(S(=O)(=O)SCCCSS(=O)(=O)c2ccc(C)cc2)cc1,5.410731121501106,7644,5.180432134123365,hiv_3056,MoleculeNet_HIV,True
Brc1ncnc2c1ncn2C1CCCS1,5.410578032900488,7645,5.132203591027703,hiv_1928,MoleculeNet_HIV,True
COC1(OC)CCCCC2c3cccc(OC(C)=O)c3C21OC(C)=O,5.410226190212295,7646,5.098062785022135,hiv_24116,MoleculeNet_HIV,True
CC1CC(O)c2ccccc2O1,5.4101808813728285,7647,5.181144309323913,hiv_26533,MoleculeNet_HIV,True
O=C1C(C2CCCCC2)CCCC1(CO)CO,5.410087816268975,7648,5.181995309567341,hiv_3100,MoleculeNet_HIV,True
Fc1ccc2nncc(SCc3ccc(Cl)c(Cl)c3)c2c1,5.409992715414401,7649,5.081663817019789,hiv_2325,MoleculeNet_HIV,True
CC(C)(C)CC(C)(C)c1cc2c(O)c(c1)Cc1cc(C(C)(C)CC(C)(C)C)cc(c1O)Cc1cc(C(C)(C)CC(C)(C)C)cc(c1O)Cc1cc(C(C)(C)CC(C)(C)C)cc(c1O)Cc1cc(C(C)(C)CC(C)(C)C)cc(c1O)Cc1cc(C(C)(C)CC(C)(C)C)cc(c1O)C2,5.409964383294083,7650,5.200490980451793,hiv_16307,MoleculeNet_HIV,True
CC(C)(C)CC(C)(C)c1cc2c(O)c(c1)Cc1cc(C(C)(C)CC(C)(C)C)cc(c1O)Cc1cc(C(C)(C)CC(C)(C)C)cc(c1O)Cc1cc(C(C)(C)CC(C)(C)C)cc(c1O)Cc1cc(C(C)(C)CC(C)(C)C)cc(c1O)C2,5.409964383294083,7651,5.200490980451793,hiv_16305,MoleculeNet_HIV,True
c1ccc2c(c1)nc1nc3c(cn12)CCCC3,5.409869215080615,7652,5.237748825800114,hiv_37464,MoleculeNet_HIV,True
COC(=O)C1=C(C(=O)OC)C2(c3ccccc3)c3ccccc3C(=O)C1N2C1CCCCC1,5.4098564178567745,7653,5.2723482326564755,hiv_39848,MoleculeNet_HIV,True
Clc1ccc(CNCCCNCc2ccc(Cl)c(Cl)c2)cc1Cl,5.409615005835773,7654,5.124382784145059,hiv_2518,MoleculeNet_HIV,True
O=[N+]([O-])c1ccccc1S(=O)(=O)c1cc(O)cc2c1NCCC2,5.409509634869763,7655,5.244369460521639,hiv_29056,MoleculeNet_HIV,True
N#CN=C(NCc1ccccc1)NCc1ccccc1,5.409354696496453,7656,5.191821230680043,hiv_19943,MoleculeNet_HIV,True
Cc1ccccc1C1CC(=O)CC(c2ccccc2C)C12C(=O)NC(=O)NC2=O,5.409303642298125,7657,5.235446653000937,hiv_39994,MoleculeNet_HIV,True
[N-]=[N+]=CC(=O)OC1CCc2ccccc21,5.409283064487634,7658,5.212709504053032,hiv_33531,MoleculeNet_HIV,True
Cc1cc(=O)oc2cc(OCc3nc4ccccc4c(=O)o3)ccc12,5.409275931020723,7659,5.23625617846,hiv_19783,MoleculeNet_HIV,True
COc1ccccc1CNCCCCCCNCCSSCCNCCCCCCNCc1ccccc1OC,5.40913013137578,7660,5.274152577783958,hiv_8929,MoleculeNet_HIV,True
CCCOC(=O)C(C)(C)C(OP(OCCC)OCCC)=C(C)C,5.409094336427827,7661,5.176647442788914,hiv_4737,MoleculeNet_HIV,True
CSc1nnc(CF)c(O)n1,5.408941957134539,7662,5.101857920971688,hiv_3623,MoleculeNet_HIV,True
Cc1[nH]nc2ccc(-c3cncc(OCC(N)Cc4ccccc4)c3)cc12,5.408789756776227,7663,5.457301705452012,davis_11314340,DAVIS_spike_in,True
O=C1C(OC(=O)c2ccccc2)=C(c2ccc(O)cc2)C(=O)C(OC(=O)c2ccccc2)=C1c1ccc(O)cc1,5.40872165802731,7664,5.2825057419605415,hiv_3416,MoleculeNet_HIV,True
COC(=O)C1C(C(=O)OC)C2(OC)c3ccccc3-c3ccccc3C12,5.40823273157265,7665,5.2112560739897855,hiv_21599,MoleculeNet_HIV,True
CC(C)(C)OC(=O)CC(NC(=O)OC(C)(C)C)C(=O)NC1CCCCC1C(=O)OCc1ccccc1,5.408175783593038,7666,5.423911401029306,hiv_31137,MoleculeNet_HIV,True
N=C(N)NN=C(CC1OC(=O)c2ccccc21)c1ccc2ccccc2c1,5.408173392333094,7667,5.212450763788677,hiv_19651,MoleculeNet_HIV,True
c1ccc(CNc2nncc3[nH]cnc23)cc1,5.408007007803754,7668,5.188502066156844,hiv_37514,MoleculeNet_HIV,True
c1ccc2c3nnc(c2c1)SCCSCCCSCCS3,5.407933684272,7669,5.188183837636862,hiv_29652,MoleculeNet_HIV,True
Cn1cc(C2NC(=O)c3ccccc3N2)c2ccccc21,5.407604304302231,7670,5.176397412281706,hiv_8241,MoleculeNet_HIV,True
COc1c(Cl)cc2c([nH]c3cnccc32)c1NC(=O)c1cccnc1C,5.4073896879365915,7671,5.041618690738522,davis_9929127,DAVIS_spike_in,True
OCCn1cc(-c2ccc3c(c2)CCC3=NO)c(-c2ccncc2)n1,5.406809423172606,7672,5.05141640570641,davis_11717001,DAVIS_spike_in,True
Cc1c(Cc2ccccc2)n(COCCCN2C(=O)c3ccccc3C2=O)c(=O)[nH]c1=O,5.406590288380597,7673,5.231649572480243,hiv_38910,MoleculeNet_HIV,True
COc1cc(C2c3cc4c(cc3C(O)C3COC(=O)C23)OCO4)cc(OC)c1O,5.406546749215024,7674,5.080439889122412,hiv_25873,MoleculeNet_HIV,True
[N-]=[N+]=NCCCCCCCCCCCC(=O)O,5.406160965900558,7675,5.171697410286181,hiv_28770,MoleculeNet_HIV,True
Cc1ccc(S(=O)(=O)NC2CCCCO2)cc1,5.405894515483903,7676,5.17417684806735,hiv_16981,MoleculeNet_HIV,True
[N-]=[N+]=NCC1OCC(O)C(OCc2ccccc2)C1OCc1ccccc1,5.405353422220326,7677,5.23417220157758,hiv_31809,MoleculeNet_HIV,True
C[N+](C)(C)CCNP(=O)(Oc1ccccc1)c1ccccc1.[I-],5.405303146720563,7678,5.282171484357527,hiv_10697,MoleculeNet_HIV,True
O=C(OCc1ccccc1)C1(N2CN(C3(C(=O)OCc4ccccc4)CCCC3)CN(C3(C(=O)OCc4ccccc4)CCCC3)C2)CCCC1,5.405301395942124,7679,5.244237878963877,hiv_26565,MoleculeNet_HIV,True
Nc1nc(O)c2nn[nH]c2n1,5.405195625429127,7680,5.13046023443548,hiv_34,MoleculeNet_HIV,True
O=c1c(-c2ccc(O)c(O)c2)coc2cc(O)cc(O)c12,5.405175740456753,7681,5.183638433850746,hiv_33242,MoleculeNet_HIV,True
CNCCCCN(C)[N+](=O)[N-]O,5.404848756866015,7682,5.127281641383676,hiv_16111,MoleculeNet_HIV,True
COc1ccc(CNNCc2ccc(OC)cc2)cc1,5.404848756866015,7683,5.102547027194664,hiv_4455,MoleculeNet_HIV,True
OC1c2ccccc2C2(O)C1C(c1ccccc1)C(c1ccccc1)C2(O)c1ccccc1,5.404155135672379,7684,5.224522216795001,hiv_12107,MoleculeNet_HIV,True
CS(=O)(=O)N1CCN(Cc2cc3nc(-c4cccc5[nH]ncc45)nc(N4CCOCC4)c3s2)CC1,5.403949184339904,7685,5.10558763639793,davis_17755052,DAVIS_spike_in,True
OCC1c2ccccc2-n2nc(-c3ccccc3)c(O)c21,5.403817037233683,7686,5.204948335340403,hiv_32314,MoleculeNet_HIV,True
Cl.O=C(OCCC1=C2CCN(CC2)C1)C(O)(c1ccccc1)C1CCCC1,5.403276799678503,7687,5.237135655088787,hiv_28088,MoleculeNet_HIV,True
Cc1cc2ccccc2n1CC(=O)N1CCCC1,5.403154600545689,7688,5.243289730682567,hiv_29532,MoleculeNet_HIV,True
NNc1nnc(-c2ccccc2)nc1Cc1ccccc1,5.402997022841928,7689,5.171794312549699,hiv_23784,MoleculeNet_HIV,True
Nc1ncnc2[nH]c(C3OC(CO)C(O)C3O)nc12,5.402949795524165,7690,5.181572317285545,hiv_6193,MoleculeNet_HIV,True
O=C1C2ON(c3ccccc3)C(c3ccccc3Cl)C2C(=O)N1c1ccc(Cc2ccc(N3C(=O)C4ON(c5ccccc5)C(c5ccccc5Cl)C4C3=O)cc2)cc1,5.402850947069439,7691,5.191134665068674,hiv_18649,MoleculeNet_HIV,True
O=[N+]([O-])C1(CO)COC2(OC1)c1ccccc1-c1ccccc12,5.402751185573641,7692,5.2932121794026665,hiv_13743,MoleculeNet_HIV,True
C#CC[N+](C)(CC#C)CC#C.[Br-],5.402391636333133,7693,5.185711052035209,hiv_11933,MoleculeNet_HIV,True
Cc1c(-c2ccc(-c3ccccc3F)cc2)nc2ccc(F)cc2c1C(=O)O,5.402246016515645,7694,5.271506814371246,hiv_9025,MoleculeNet_HIV,True
CC[N+]1(CC)CCN[Pd-2]12[n+]1ccccc1-c1cccc[n+]12.[O-][Cl+3]([O-])([O-])O,5.402230667940211,7695,5.268574101046944,hiv_27547,MoleculeNet_HIV,True
CC1=C(C(=O)NCc2ccccc2)C(c2ccco2)C(C(=O)NCc2ccccc2)=C(C)N1,5.402079009438319,7696,5.221669010668065,hiv_16898,MoleculeNet_HIV,True
CNC(=O)CN(CC(=O)NC)C(=O)NC,5.401736943863171,7697,5.180644346666862,hiv_22569,MoleculeNet_HIV,True
CNC(=O)CN(CC(=O)O)C(=O)NC,5.401736943863171,7698,5.175387857230044,hiv_22570,MoleculeNet_HIV,True
O=C1CCCC2=C1C(c1ccncc1)Nc1ccccc1N2,5.401570452452643,7699,5.243613104518053,hiv_6043,MoleculeNet_HIV,True
OCC1OC(Oc2cc(O)cc(CCc3ccc(O)c(O)c3)c2)C(O)C(O)C1O,5.40138309076419,7700,5.161019236363367,hiv_20179,MoleculeNet_HIV,True
CC(C)(C)OC(=O)N(CCCCNC(=O)OCc1ccccc1)CCCNC(=O)OCc1ccccc1,5.4013162487479995,7701,5.232443021327966,hiv_36040,MoleculeNet_HIV,True
CC1CCCCCC2CC(=O)CC2C(=O)CCC(=O)O1,5.401231553040513,7702,5.174941461043695,hiv_24717,MoleculeNet_HIV,True
c1ccc(P(CCP(CCP(c2ccccc2)c2ccccc2)c2ccccc2)CCP(c2ccccc2)c2ccccc2)cc1,5.400986368392863,7703,5.236819383910451,hiv_16536,MoleculeNet_HIV,True
[Pt].c1ccc(P(CCP(c2ccccc2)c2ccccc2)CCP(c2ccccc2)c2ccccc2)cc1,5.400986368392863,7704,5.236819383910451,hiv_16541,MoleculeNet_HIV,True
O=C(OCC1OC(OC(=O)c2ccccc2)C(=O)C2(OC(=O)c3ccccc3)C3C=CC(C3)C12)c1ccccc1,5.400316293107055,7705,5.288111963118497,hiv_13252,MoleculeNet_HIV,True
C1CCC(OCc2nnn3c2CCC3)OC1,5.399930879956544,7706,5.1147524086088065,hiv_11355,MoleculeNet_HIV,True
CC1=[O+][Co-4]23(NCCN2CCCNC(=O)c2cccc4cc5ccccc5nc24)([O+]=C(C)C(C)=C(C)[OH+]3)[OH+]C(C)=C1C.[O-][Cl+3]([O-])([O-])[O-],5.399814732346976,7707,5.245764959309007,hiv_36816,MoleculeNet_HIV,True
O=C(NCCN1CCCCC1)c1ccc(I)cc1,5.39978866349354,7708,5.228917825169722,hiv_27816,MoleculeNet_HIV,True
O=c1c(-c2cccc(O)c2O)coc2cc(OC3OC(CO)C(O)C(O)C3O)ccc12,5.399505510382471,7709,5.168001260843686,hiv_10050,MoleculeNet_HIV,True
CCCCCCCCCCCCCc1nn[nH]n1,5.399330062347444,7710,5.136895979453897,hiv_14005,MoleculeNet_HIV,True
O=S(=O)(O)CCS,5.399109259209496,7711,5.177016250396529,hiv_4183,MoleculeNet_HIV,True
O=P(O)(O)CCCNO,5.398919655888273,7712,5.17878835944969,hiv_9414,MoleculeNet_HIV,True
Cc1c2ccccc2n[c-](CSCc2ccccc2)[n+]1=O,5.39870269773681,7713,5.195299465080408,hiv_1640,MoleculeNet_HIV,True
NC(=O)C1=NOC(C(N)=O)C1C1OC(CO)C(O)C1O,5.398668421364287,7714,5.17002892499735,hiv_8552,MoleculeNet_HIV,True
CCCCCCCCCCCCCCCCCCNC(=O)c1ccccc1[Se][Se]c1ccccc1C(=O)NCCCCCCCCCCCCCCCCCC,5.398551089533506,7715,5.295966489930804,hiv_18444,MoleculeNet_HIV,True
COc1ccc(-c2nc(-c3cc4c(ccc5ccccc54)oc3=O)cs2)cc1,5.398463135127254,7716,5.193532213367184,hiv_35652,MoleculeNet_HIV,True
COC(Cc1ccccc1)NC(=O)C12CCCCC1C=Cc1ccccc12,5.398343662202316,7717,5.398057292114467,hiv_17135,MoleculeNet_HIV,True
Cc1ccc(-c2n[nH]c(CC#N)n2)cc1,5.398329459909935,7718,5.1888141379451085,hiv_33562,MoleculeNet_HIV,True
O=C(O)C(F)(F)F.c1ccc2cc(CNCCCCNCCCNCc3ccc4ccccc4c3)ccc2c1,5.398153857811437,7719,5.230002369325277,hiv_37343,MoleculeNet_HIV,True
NC(=O)NN=C1CCCc2ccccc21,5.397838663705084,7720,5.288634590837003,hiv_24418,MoleculeNet_HIV,True
COc1ccc2c(c1)OCC1Cc3cc4c(cc3OC21)OCO4,5.397799706269865,7721,5.101674045487102,hiv_34261,MoleculeNet_HIV,True
O=c1oc2ccccc2[n+](=O)[c-]1-c1ccccc1,5.397710134154609,7722,5.2825057419605415,hiv_14788,MoleculeNet_HIV,True
COc1cc(C(Cc2ccccc2)NC(C)=O)oc(=O)c1,5.397541243153065,7723,5.390200082219525,hiv_19891,MoleculeNet_HIV,True
CC(=O)OC1OC2C(NC(=O)OC(C)(C)C)C1CC2(OCc1ccccc1)OCc1ccccc1,5.3974728377593415,7724,5.251721711646359,hiv_18388,MoleculeNet_HIV,True
COc1ccccc1NC(=O)CC(=O)NNCC(=O)Nc1nnc(-c2ccccc2)o1,5.396618234466576,7725,5.210250175282816,hiv_19580,MoleculeNet_HIV,True
O=C1c2cccnc2S(=O)N1Cc1ccccc1,5.396616650463429,7726,5.230166603295463,hiv_37488,MoleculeNet_HIV,True
O=c1nc2occc2cn1C1CC(O)C(CO)O1,5.396455218417212,7727,5.173180791167553,hiv_14660,MoleculeNet_HIV,True
COc1ccc(N=C(CS(=O)c2ccc(C)cc2)C(F)(F)F)cc1,5.396201435737973,7728,5.140133250010931,hiv_37970,MoleculeNet_HIV,True
CCN(CCCl)c1cc(C(=O)NCCCN(C)CCCNC(=O)c2cc(N(CC)CCCl)c([N+](=O)[O-])cc2[N+](=O)[O-])c([N+](=O)[O-])cc1[N+](=O)[O-].Cl,5.396102865025455,7729,5.19184269238419,hiv_27298,MoleculeNet_HIV,True
COC(=O)C1CCC(=O)NCCCCC(NC(=O)C(N)CC(=O)O)C(=O)N1,5.3960701130802695,7730,5.407293852275244,hiv_29766,MoleculeNet_HIV,True
Cc1nnc2c3nnc(C)n3c3ccccc3n12,5.396000102109967,7731,5.175313988287174,hiv_20038,MoleculeNet_HIV,True
CC(=O)CCS(=O)(=O)O,5.395836684791957,7732,5.185711052035209,hiv_6648,MoleculeNet_HIV,True
O=S(=O)(O)CCO,5.395836684791957,7733,5.182232817634844,hiv_90,MoleculeNet_HIV,True
CNCCS(=O)(=O)O,5.395836684791957,7734,5.185711052035209,hiv_480,MoleculeNet_HIV,True
O=S(=O)(O)CCN(CCO)CCO,5.395836684791957,7735,5.182232817634844,hiv_5653,MoleculeNet_HIV,True
O=S(=O)(O)CCS(=O)(=O)O,5.395836684791957,7736,5.182232817634844,hiv_4,MoleculeNet_HIV,True
C[S+](C)CCS(=O)(=O)O,5.395836684791957,7737,5.185711052035209,hiv_5923,MoleculeNet_HIV,True
CNCCSS(=O)(=O)CCNC,5.395836684791957,7738,5.184779663273742,hiv_8341,MoleculeNet_HIV,True
O=S(=O)(O)CS(=O)(=O)O,5.395836684791957,7739,5.182232817634844,hiv_408,MoleculeNet_HIV,True
CS(=O)(=O)OCCCSCCSCCCOS(C)(=O)=O,5.395836684791957,7740,5.185711052035209,hiv_22690,MoleculeNet_HIV,True
O=C(CBr)OCCCS(=O)(=O)O,5.395836684791957,7741,5.182232817634844,hiv_4399,MoleculeNet_HIV,True
CS(=O)(=O)NOCCCCONS(C)(=O)=O,5.395836684791957,7742,5.185711052035209,hiv_6293,MoleculeNet_HIV,True
O=S(=O)(O)CCCCO,5.395836684791957,7743,5.182232817634844,hiv_2578,MoleculeNet_HIV,True
CN(C)CCS(=O)(=O)O,5.395836684791957,7744,5.180494484796895,hiv_1370,MoleculeNet_HIV,True
C[N+](C)(C)CCCS(=O)(=O)O,5.395836684791957,7745,5.185711052035209,hiv_3829,MoleculeNet_HIV,True
CNCS(=O)(=O)O,5.395836684791957,7746,5.185711052035209,hiv_6662,MoleculeNet_HIV,True
O=c1[nH]c(=O)n(COCc2ccccc2)c2ccccc12,5.395712781250183,7747,5.212447754383159,hiv_36829,MoleculeNet_HIV,True
O=C1C(c2ccc(Br)cc2)=[N+]([O-])c2ccccc21,5.395670652397035,7748,5.28776223139736,hiv_12639,MoleculeNet_HIV,True
COc1ccc(CC2Cc3ccccc3CCN2)cc1OC.Cl,5.3956453600431225,7749,5.188315137905071,hiv_39288,MoleculeNet_HIV,True
C[N+](C)(C)C1CC([N+](C)(C)C)C2c3ccccc3C21.[I-],5.395481979379821,7750,5.219171647546057,hiv_13474,MoleculeNet_HIV,True
NC(=O)SCC(=O)Nc1ccc2cccc3c2c1CC3,5.395219541407326,7751,5.177106175846921,hiv_34480,MoleculeNet_HIV,True
NNc1nnc(CCCCCCCCc2nnc(NN)n2N)n1N,5.395151984761086,7752,5.122643224730107,hiv_39533,MoleculeNet_HIV,True
O=C1C(c2ccccc2)=C(c2ccccc2)C(c2ccccc2)C1=C1C(=O)C(c2ccccc2)=C(c2ccccc2)C1c1ccccc1,5.395001898943254,7753,5.270955576463358,hiv_12042,MoleculeNet_HIV,True
C1=Nc2ccc(cc2)-c2ccc(cc2)N=Cc2ccc(cc2)OCc2cccc(n2)COc2ccc1cc2,5.394805030755436,7754,5.1739966973412805,hiv_39149,MoleculeNet_HIV,True
c1ccc(Cc2cccc3cc(-c4ccc(-c5ccccc5)cc4)[nH]c23)cc1,5.394643859155693,7755,5.238561852520811,hiv_38606,MoleculeNet_HIV,True
Oc1nnnc2c1sc1ncccc12,5.3939494420917145,7756,5.122086435843646,hiv_32081,MoleculeNet_HIV,True
COP(=O)(Cc1ccccc1)Cc1ccccc1,5.393926370887876,7757,5.209655118457843,hiv_28455,MoleculeNet_HIV,True
NCCCOc1ccc(-c2c3nc(cc4ccc([nH]4)c(-c4ccc(OCCCN)cc4)c4nc(cc5ccc2[nH]5)C=C4)C=C3)cc1,5.393776536463826,7758,5.19090159438425,hiv_20366,MoleculeNet_HIV,True
O=c1ccn(C2C=C(CO)C(O)C2O)c(=O)[nH]1,5.393774478855931,7759,5.166488514864232,hiv_9363,MoleculeNet_HIV,True
O=C(OCCC[PH](c1ccccc1)(c1ccccc1)c1ccccc1)c1ccccc1,5.393588834133767,7760,5.282137708142316,hiv_5129,MoleculeNet_HIV,True
C=C1C2CC3CCC2C(OC(=O)c2ccccc2C(=O)O)C13,5.393486526867165,7761,5.2004501303343025,hiv_28417,MoleculeNet_HIV,True
CC(=O)[OH+][Co-4](N)(N)(N)(N)N.[O-][Cl+3]([O-])([O-])[OH2+],5.3931952856825065,7762,5.1869514452930785,hiv_14495,MoleculeNet_HIV,True
C[Si](C)(C)C#CCOC=C1CC1,5.392896530764068,7763,5.115320898047934,hiv_28505,MoleculeNet_HIV,True
c1ccc(C2OCCO2)c(OCCOc2cc(OCCOc3ccccc3C3OCCO3)c(OCCOc3ccccc3C3OCCO3)cc2OCCOc2ccccc2C2OCCO2)c1,5.392882877124512,7764,5.217182061476806,hiv_23587,MoleculeNet_HIV,True
O=C(OCc1ccccc1)C1OC1C(=O)OCc1ccccc1,5.392603162166821,7765,5.23417220157758,hiv_35467,MoleculeNet_HIV,True
COC(=O)C12CSCC1CC(c1cccc3ccccc13)N2,5.392194280683701,7766,5.177352290790525,hiv_40682,MoleculeNet_HIV,True
Cc1[nH]c2ncn(N)c(=N)c2c1Cc1ccccc1,5.392189466668989,7767,5.234993357877536,hiv_37675,MoleculeNet_HIV,True
c1ccc(P(c2ccccc2)c2ccc(P(c3ccccc3)c3ccccc3)nn2)cc1,5.392119075507347,7768,5.175313988287174,hiv_18307,MoleculeNet_HIV,True
CC1=C(C2CC(C)CC(OCOCc3ccccc3)O2)C(C)(C)CCC1,5.391819252822248,7769,5.17169359089356,hiv_15862,MoleculeNet_HIV,True
O=C(O)C1=C(C(=O)O)N(c2ccncc2)C(c2ccco2)=CC1c1ccccc1[N+](=O)[O-],5.39176582619683,7770,5.219680983192095,hiv_38206,MoleculeNet_HIV,True
CSCCCNC(=O)c1csc(C(CSC)NC(=O)CCNC(=O)C(NC(=O)OCC(Br)(Br)Br)C(C)O)n1,5.391401446278443,7771,5.402604372672,hiv_24223,MoleculeNet_HIV,True
CC1CC[PH](c2ccccc2)(c2ccccc2)c2c1ccc1ccccc21,5.391386687115334,7772,5.177602912702734,hiv_6981,MoleculeNet_HIV,True
c1ccc2c(c1)C1CCC2c2ccccc21,5.391386687115334,7773,5.215693413145692,hiv_5342,MoleculeNet_HIV,True
COC(=O)c1ccc(OCCn2nnc(C(=O)NN)c2C(=O)NN)cc1,5.391377354610603,7774,5.109150730196413,hiv_33406,MoleculeNet_HIV,True
O=c1oc2ccccc2c(O)c1Cc1cccc(Cc2c(O)c3ccccc3oc2=O)c1,5.391200071030038,7775,5.186999499206865,hiv_36170,MoleculeNet_HIV,True
NC(=O)C1=CN(Cc2ccc(F)cc2)c2ccccc2C1S(=O)(=O)O,5.3911610353501125,7776,5.191635873627008,hiv_4672,MoleculeNet_HIV,True
O=C(O)CCCc1cc2c(s1)-c1cccc3cccc-2c13,5.391119601235497,7777,5.178013910595702,hiv_17969,MoleculeNet_HIV,True
NC(=O)[OH+][Co-4](N)(N)(N)(N)N.[IH2+],5.390937868173628,7778,5.183473210892713,hiv_14488,MoleculeNet_HIV,True
O=S(=O)(Cc1ccccc1)CS(=O)(=O)Cc1ccccc1,5.390843399791561,7779,5.228964786927601,hiv_4962,MoleculeNet_HIV,True
C(CCCCc1nnc(N2CCOCC2)o1)CCCc1nnc(N2CCOCC2)o1,5.390638263947965,7780,5.134371132023415,hiv_39541,MoleculeNet_HIV,True
COc1ccc(-c2cc(-c3ccncc3)nc(N)c2-c2ccc(F)cc2)cc1,5.390496641146713,7781,5.083146012923117,hiv_35107,MoleculeNet_HIV,True
O=C1c2ccccc2C2(Br)C(=O)c3ccccc3C12,5.390483434215652,7782,5.222725838820682,hiv_12104,MoleculeNet_HIV,True
OC12c3ccccc3C1CCCCC2N1CCCC1,5.390408734372208,7783,5.22978864541983,hiv_24081,MoleculeNet_HIV,True
COC(=O)c1ccc(CON=C(c2ccccc2)c2cccnc2)cc1,5.390359835585164,7784,5.213099576642997,hiv_39750,MoleculeNet_HIV,True
CC(CC(=O)NCCc1ccccc1)=NNC(=O)C[n+]1ccccc1.[Cl-],5.3903428860109655,7785,5.247060735100055,hiv_19412,MoleculeNet_HIV,True
NC(=O)NN=C(CC1OC(=O)c2ccccc21)c1ccc([N+](=O)[O-])cc1,5.3892788245037595,7786,5.213755726156773,hiv_21340,MoleculeNet_HIV,True
COc1cc(C2c3cc(O)c(OC)cc3CC3C(=O)OCC32)ccc1O,5.3889437207682915,7787,5.087329326717771,hiv_19284,MoleculeNet_HIV,True
O=c1c2ccccc2n2c(-c3ccccc3O)nnc2n1-c1ccccc1,5.388782784029409,7788,5.138170432039616,hiv_28358,MoleculeNet_HIV,True
CCCCC(=O)[OH+][Co-4](N)(N)(N)(N)N.[O-][Cl+3]([O-])([O-])O,5.388393463687309,7789,5.173122315414228,hiv_14492,MoleculeNet_HIV,True
COc1ccccc1C(=O)NCC1CCCN2CCCCC12,5.387950650132268,7790,5.22682255750869,hiv_36873,MoleculeNet_HIV,True
COCn1c2ccc(OC(C)=O)cc2c2c(=O)oc(C)nc21,5.387390976416346,7791,5.112419301570182,hiv_31607,MoleculeNet_HIV,True
COc1cccc2c1[OH+][Pd-2]1(O)[O+]=C(N)[N-][N+]1=C2,5.387350224828358,7792,5.177185780735414,hiv_18049,MoleculeNet_HIV,True
COc1ccc2c(c1)OCC1c3cc(O)c4c(OC)cccc4c3OC21,5.386984809983746,7793,5.101348700843889,hiv_28781,MoleculeNet_HIV,True
CSCCC(NC(=O)OCc1ccccc1)NC(=O)OCc1ccccc1,5.386977509723157,7794,5.407545992184403,hiv_29679,MoleculeNet_HIV,True
O=C1C2C=CC(n3[nH]c(=O)n(Cc4ccccc4)c3=O)CC2C(=O)N1c1ccc(Br)cc1,5.386801752248498,7795,5.1927007084628904,hiv_23277,MoleculeNet_HIV,True
O=S(=O)(O)O.O=[N+]([O-])c1ccc(-c2csc(=[N+]3CCCCC3)s2)cc1,5.386658594340095,7796,5.171975869430865,hiv_7594,MoleculeNet_HIV,True
[Cl-].c1ccc(C[P+]2(c3ccccc3)c3ccccc3-c3ccccc32)cc1,5.38662274869633,7797,5.23417220157758,hiv_28471,MoleculeNet_HIV,True
CCCCNC(=O)OCCN=C1c2ccccc2C(Br)C(Br)c2ccccc21,5.38660254348264,7798,5.278075177669843,hiv_29962,MoleculeNet_HIV,True
Cc1cn(COCCCS(=O)c2ccccc2)c(=O)[nH]c1=O,5.386550758396463,7799,5.298454589283981,hiv_41083,MoleculeNet_HIV,True
COc1cc2c(nn1)CCCC2,5.386402718487188,7800,5.10886588270336,hiv_1426,MoleculeNet_HIV,True
Cc1ccc2c(c1)sc1nnc(C)n12,5.386321423633849,7801,5.0695755266023035,hiv_7442,MoleculeNet_HIV,True
Nc1nc(N)c(CCCCc2ccccc2)c(Cc2ccccc2)n1,5.386248596832605,7802,5.21009643893358,hiv_3362,MoleculeNet_HIV,True
COC(C(=O)OCC1C2OC(c3cc4c(cc32)OCO4)C1COC(C)=O)(c1ccccc1)C(F)(F)F,5.386153548806323,7803,5.193819467669043,hiv_38515,MoleculeNet_HIV,True
COc1ccc(N=C2SC(=NC(=Nc3ccccc3)SCc3ccccc3)N(c3ccccc3)C2=Nc2ccc(OC)cc2)cc1,5.385690442104319,7804,5.198782212408146,hiv_30556,MoleculeNet_HIV,True
O=c1oc2ccccc2c(O)c1Cc1ccccc1Cc1c(O)c2ccccc2oc1=O,5.385395766224065,7805,5.247655690229312,hiv_36169,MoleculeNet_HIV,True
O=C1NC2C3CC(c4ccccc43)C12,5.385106051890789,7806,5.22090095343034,hiv_6181,MoleculeNet_HIV,True
Nc1nnnc2[nH]cnc12,5.384911372111437,7807,5.129229822757082,hiv_1937,MoleculeNet_HIV,True
COc1cccc2c1[OH+][Pd-2]1(O)[O+]=C(c3ccccc3O)[N-][N+]1=C2,5.384903222472823,7808,5.2868659707441035,hiv_27098,MoleculeNet_HIV,True
ClC1c2ccccc2-c2nsnc2C1Cl,5.384096652505047,7809,5.214658092497824,hiv_6267,MoleculeNet_HIV,True
C=CCOc1cc2c(ccc1=O)-c1c(cc(OC)c(OC)c1OC)CCC2NC(C)=O,5.383916395208699,7810,5.086961292899545,hiv_3928,MoleculeNet_HIV,True
O=C(OCCN=c1c2ccccc2ccc2ccccc12)c1ccccc1,5.383524267335623,7811,5.244994151894758,hiv_29967,MoleculeNet_HIV,True
CCc1ccc(C2=C(O)C(=O)C(c3ccc(CC)cc3)=C(O)C2=O)cc1,5.382851203173178,7812,5.1358201575201345,hiv_4203,MoleculeNet_HIV,True
C[Sn](C)(SCCS(=O)(=O)O)SCCS(=O)(=O)O,5.382597120765649,7813,5.1833130807580785,hiv_8871,MoleculeNet_HIV,True
CCN(CC)c1ccc2cc(-c3csc(-c4ccc(N(C)C)cc4)n3)c(=O)oc2c1,5.3825439410873095,7814,5.1497736634984825,hiv_35654,MoleculeNet_HIV,True
CC1CC[P+](c2ccccc2)(c2ccccc2)Cc2ccccc21.F[P-](F)(F)(F)(F)F,5.382518503837116,7815,5.213031376134652,hiv_6670,MoleculeNet_HIV,True
Cc1nc2c(o1)C(=Nc1ccc(I)cc1)c1ccccc1C2=Nc1ccc(I)cc1,5.382023497965128,7816,5.1906775625731045,hiv_12662,MoleculeNet_HIV,True
NC(=O)c1ncn(C2CCC(CP(=O)(O)O)C2)c1N,5.381444648437778,7817,5.170122289977874,hiv_27562,MoleculeNet_HIV,True
Clc1ccc(OCc2nnc3n2N=C(c2ccc(Br)cc2)CS3)cc1,5.381338237548041,7818,5.119825968718334,hiv_14277,MoleculeNet_HIV,True
O=C(Cc1ccccc1)NC1COC(=O)C2CCCN2C(=O)C2CCCN2C1=O,5.381294131429287,7819,5.239826687324889,hiv_28842,MoleculeNet_HIV,True
Nc1c(Cl)c([N+](=O)[O-])cc2c1OCCCCO2,5.381195499002701,7820,5.195871602967061,hiv_27503,MoleculeNet_HIV,True
CC(F)(C(N)=O)C(N)=O,5.381138775578069,7821,5.218944038584016,hiv_3016,MoleculeNet_HIV,True
Nc1c(N=Nc2ccc(-c3ccc(N=Nc4c(S(=O)(=O)O)cc5cc(S(=O)(=O)O)c(N=Nc6ccccc6)c(O)c5c4N)cc3)cc2)ccc2c(S(=O)(=O)O)cccc12,5.381104958874724,7822,5.237667805798402,hiv_2974,MoleculeNet_HIV,True
c1ccc(-c2nnc(SCc3nc4ccccc4[nH]3)o2)cc1,5.381082973537057,7823,5.22826235382491,hiv_28366,MoleculeNet_HIV,True
O=C(Cn1c(=O)ccc2ccccc21)Cn1c(=O)ccc2ccccc21,5.3810298539646135,7824,5.237799478905443,hiv_6898,MoleculeNet_HIV,True
c1ccc(P(OCCCCOP(c2ccccc2)c2ccccc2)c2ccccc2)cc1,5.3810298539646135,7825,5.237799478905443,hiv_2851,MoleculeNet_HIV,True
CN(C)CCSc1nnc(-c2cccs2)c2ccccc12,5.380460513098906,7826,5.172594894768714,hiv_10853,MoleculeNet_HIV,True
CCCCSC1CCSc2c1ccc1ccccc21,5.379942493203217,7827,5.190198573616732,hiv_12341,MoleculeNet_HIV,True
O=[N+]([O-])c1ccc2ncccc2c1CCc1c([N+](=O)[O-])ccc2ncccc12,5.379838489951417,7828,5.1810252632122475,hiv_33888,MoleculeNet_HIV,True
OC12CCC(=NOCc3ccccc3)CC1c1ccccc12,5.379554367845426,7829,5.19821250093577,hiv_24115,MoleculeNet_HIV,True
c1ccc(Cn2cc(CCc3ccncc3)c3ccccc32)cc1,5.379533217246443,7830,5.174301650667134,hiv_738,MoleculeNet_HIV,True
O=C(O)CCCCC1CCSS1,5.378838208931464,7831,5.166722485362873,hiv_3350,MoleculeNet_HIV,True
NC(=O)NN=C1CC2CCCCC2C1,5.378677348107532,7832,5.17321936805756,hiv_38480,MoleculeNet_HIV,True
O=C1OCc2c1cc1ccc(O)c(OC3OC(CO)C(O)C(O)C3O)c1c2-c1ccc2c(c1)OCO2,5.377963230518707,7833,5.226071275021935,hiv_20177,MoleculeNet_HIV,True
COC(=O)c1ccccc1CC1Cc2cc3c(cc2C1=O)CCC3,5.37778019561629,7834,5.26016342392993,hiv_30123,MoleculeNet_HIV,True
O=C(O)CCC(=O)OCCNCCOC(=O)CCC(=O)O,5.377684063409729,7835,5.164016243835034,hiv_7864,MoleculeNet_HIV,True
O=C(O)CNCCCCCCNCC(=O)O,5.377684063409729,7836,5.176976328198026,hiv_2004,MoleculeNet_HIV,True
O=C(NCP(=O)(Oc1ccccc1)Oc1ccccc1)OCc1ccccc1,5.377466862599519,7837,5.225520328742447,hiv_29729,MoleculeNet_HIV,True
CCc1c(-c2ccc(OC)cc2)oc(OC)c(C)c1=O,5.377406009886329,7838,5.100751677373296,hiv_36479,MoleculeNet_HIV,True
NCCCNc1ccc2c3c(nn2CCNCCO)-c2c(O)ccc(O)c2C(=O)c13,5.377144120640163,7839,5.1308717447092045,hiv_8511,MoleculeNet_HIV,True
COC(=O)C1(Cc2ccccc2)Cc2ccccc2C1O,5.376594123286884,7840,5.183389758831093,hiv_32667,MoleculeNet_HIV,True
COc1cccc(C2c3cc4c(cc3OC(N3CCCC3)C2C)OCO4)c1OC,5.376002791497345,7841,5.116061130560675,hiv_28243,MoleculeNet_HIV,True
N#Cc1nc(-c2ccccc2C(=O)O)oc1N,5.375813556811165,7842,5.283834993830637,hiv_35515,MoleculeNet_HIV,True
N[Co-4](N)(N)(N)(N)[OH+]C(=O)CCl.[O-][Cl+3]([O-])([O-])O,5.375611880653551,7843,5.160048149002392,hiv_14494,MoleculeNet_HIV,True
COc1cc(C2c3cc4c(cc3OC(N3CCCCC3)C2C)OCO4)cc(OC)c1OC,5.374983091175008,7844,5.116386475203888,hiv_28262,MoleculeNet_HIV,True
COc1ccc(C2c3cc4c(cc3OC(NNC(N)=O)C2C)OCO4)cc1,5.3747304443711394,7845,5.148834603706527,hiv_29025,MoleculeNet_HIV,True
COc1cc(C2C3C(=O)c4ccccc4C3C(c3cc(OC)c(OC)c(OC)c3)C23Cc2ccccc2C3=O)cc(OC)c1OC,5.374693542140385,7846,5.2101710907920795,hiv_31300,MoleculeNet_HIV,True
O=C1C2CCCCC2C(=O)N1n1c(Cc2ccccc2)n[nH]c1=O,5.374251473589235,7847,5.242731684773114,hiv_34231,MoleculeNet_HIV,True
COc1cccc(C2=CCCCCC2)c1OC,5.374060303173306,7848,5.162056709418886,hiv_5092,MoleculeNet_HIV,True
Cc1cc[n+](C2=C(O)C(=O)C3=C(C2=O)C2c4ccccc4C3c3ccccc32)c(C)c1,5.373160914634739,7849,5.215928998189042,hiv_550,MoleculeNet_HIV,True
COC(=O)C1=C2c3ccccc3-c3ccccc3C2(O)C(C(=O)OC)C1=O,5.3730462949479465,7850,5.273048289854526,hiv_16010,MoleculeNet_HIV,True
NCC1=NCCN1,5.373017995920524,7851,5.206187608692316,hiv_6161,MoleculeNet_HIV,True
O=C(NCCCNC(=O)c1ccc2c(O)c(O)ccc2c1)c1ccc2c(O)c(O)ccc2c1,5.372712837803498,7852,5.179927642250287,hiv_37172,MoleculeNet_HIV,True
O=C(O)C(F)(F)F.c1ccc(CNCCCCNCCCNCc2ccccc2)cc1,5.372690778409333,7853,5.228964786927601,hiv_37344,MoleculeNet_HIV,True
O=C(OCc1ccccc1)N(CCCCN(CCCNCc1ccccc1)C(=O)OCc1ccccc1)CCCNCc1ccccc1,5.372690778409333,7854,5.228964786927601,hiv_37345,MoleculeNet_HIV,True
Brc1ccc(-c2csc3c2-n2cccc2C3=[N+]2CCCC2)cc1.O=P([O-])(Cl)Cl,5.372272685722774,7855,5.211247080352144,hiv_35030,MoleculeNet_HIV,True
S=C(S)N(Cc1ccccc1)Cc1ccccc1.[NaH],5.372157116325232,7856,5.228964786927601,hiv_25509,MoleculeNet_HIV,True
Cc1cc(O)nc(CNC(=O)Cc2ccccc2)n1,5.372022538498768,7857,5.233480603725642,hiv_17039,MoleculeNet_HIV,True
COc1cc2oc(-c3ccc4c(c3)OCO4)c(OC)c(=O)c2c(OC)c1O,5.371826159846441,7858,5.1554926164667405,hiv_33234,MoleculeNet_HIV,True
O=C(NOCC1CC1)c1ccc(F)c(F)c1Nc1ccc(I)cc1Cl,5.3708917013984685,7859,5.023208001084083,davis_6918454,DAVIS_spike_in,True
CS(=O)c1ccc(-c2nc(-c3ccc(F)cc3)c(-c3ccncc3)[nH]2)cc1,5.370323229228267,7860,5.14348888277282,davis_176155,DAVIS_spike_in,True
COc1ccc(C2C3=C(COC3=O)Oc3cc4c(cc32)OCO4)c(OC)c1,5.370238542702391,7861,5.0995624958340855,hiv_27839,MoleculeNet_HIV,True
O=C1OCC2=C1C(c1ccc3c(c1)OCO3)c1cc3c(cc1O2)OCO3,5.370238542702391,7862,5.120818875622732,hiv_27841,MoleculeNet_HIV,True
NC(=O)c1nc(C2OC(CO)C(O)C2O)cs1,5.370232162741924,7863,5.218644169446962,hiv_8880,MoleculeNet_HIV,True
N#CN(CS(=O)(=O)O)C(=N)N,5.370163026921122,7864,5.181304528791039,hiv_399,MoleculeNet_HIV,True
CCCCCC[n+]1noc(N)c1-c1ccc(-c2c(N)on[n+]2CCCCCC)cc1.[Cl-],5.36998642146157,7865,5.193321279327863,hiv_30153,MoleculeNet_HIV,True
O=C(O)CC1OC(=O)C(Br)=C1O,5.369459575760992,7866,5.166722485362873,hiv_18863,MoleculeNet_HIV,True
COc1ccc2c(c1)C(=O)C1CC(=O)CCC21,5.369323248583722,7867,5.089209518571533,hiv_21541,MoleculeNet_HIV,True
O=C1OC(C2(O)OC(=O)c3ccccc32)c2ccccc21,5.368950397789279,7868,5.231123411033058,hiv_40520,MoleculeNet_HIV,True
COc1ccc2c(O)c(S(=O)(=O)c3ccc(C)cc3)c(=O)oc2c1OC,5.368831989539424,7869,5.15571178029629,hiv_39136,MoleculeNet_HIV,True
CC(=O)OCC12C(OC(=O)c3ccccc3)C(O)C3OC(=O)C(C)CCc4ncccc4C(=O)OCC4(C)OC1(C3C)C(OC(C)=O)C4C(OC(C)=O)C2OC(C)=O,5.3684768120856745,7870,5.28622024446222,hiv_18282,MoleculeNet_HIV,True
CC(=O)[OH+][Mn+2]12([OH+]C(C)=O)Oc3c(Cl)cc(Cl)cc3C=[N+]1[N-]C(c1ccncc1)=[O+]2,5.3683029251367955,7871,5.138846740892538,hiv_12528,MoleculeNet_HIV,True
O=c1[nH]c(=O)n(COCCO)c2ccc(Br)cc12,5.368198320550068,7872,5.166802573125709,hiv_36836,MoleculeNet_HIV,True
O=C1c2c(O)cccc2C(C(=O)CCCCCC(=O)C2c3cccc(O)c3C(=O)c3c(O)cccc32)c2cccc(O)c21,5.368139864452641,7873,5.161736019091737,hiv_19092,MoleculeNet_HIV,True
Cc1nnc2cc(C(=O)O)c3ccccc3n2c1=O,5.368125292644738,7874,5.139208014437292,hiv_27292,MoleculeNet_HIV,True
Nc1ccc(-c2nc3sc(-c4ccc(N)cc4)nc3s2)cc1,5.366937212689534,7875,5.0748116984619855,hiv_1149,MoleculeNet_HIV,True
CC(C)(C)OC(=O)NCCC(N)=S,5.366572742994857,7876,5.216775356482342,hiv_24178,MoleculeNet_HIV,True
Nc1nc(N)c(CCCCc2ccccc2)c(N)n1,5.366126943906749,7877,5.228036498083796,hiv_3337,MoleculeNet_HIV,True
NC(=O)NN=C1C2CC3CC(C2)C1C3,5.36522073272567,7878,5.141034126378079,hiv_28431,MoleculeNet_HIV,True
Cc1ccc(S(=O)(=O)N2c3ccccc3C3CCC=CC32)cc1,5.365168673079623,7879,5.183865346610794,hiv_21997,MoleculeNet_HIV,True
O=C1c2ccccc2CCC1(Br)Cc1ccccc1,5.364654532967758,7880,5.2187244286209795,hiv_5245,MoleculeNet_HIV,True
Nc1ccc(Cn2ccc3c4c(N)nc(N)nc4ccc32)cc1,5.3645236742436095,7881,5.076157551117081,hiv_7722,MoleculeNet_HIV,True
CN1C(=O)C(=C2SC(=O)N(CN3CCCCC3)C2=O)c2cc(Br)ccc21,5.3637909040663905,7882,5.18892488577983,hiv_9211,MoleculeNet_HIV,True
Nc1c(S(=O)(=O)O)cc(S(=O)(=O)O)c2ccc(N=Nc3ccc(CCc4ccc(N=Nc5ccc6c(S(=O)(=O)O)cc(S(=O)(=O)O)c(N)c6c5O)cc4S(=O)(=O)O)c(S(=O)(=O)O)c3)c(O)c12.[NaH],5.363732348874332,7883,5.203609051287502,hiv_16423,MoleculeNet_HIV,True
COc1ccc(C2Oc3cc(OCc4ccccc4)c(O)cc3C2C)c(OC)c1,5.363672104373925,7884,5.154784783473489,hiv_31098,MoleculeNet_HIV,True
O=C(Cn1c2c(c3ccccc31)CCCC2)NC1CCCCC1,5.363192324200659,7885,5.203649933243404,hiv_29230,MoleculeNet_HIV,True
COc1ccc(C2N3CCCCC3C3c4[nH]c5ccccc5c4CCN32)c(OC)c1,5.3629746744591085,7886,5.138842497696563,hiv_15770,MoleculeNet_HIV,True
C[N+]12C=CC=C1C(N1CCCC1)c1scc(-c3ccc(Br)cc3)c12.[I-],5.362849812292297,7887,5.174170625684111,hiv_35028,MoleculeNet_HIV,True
C#CC(OC(=O)NC1CCCCC1)(c1ccccc1)c1ccccc1,5.36252927658834,7888,5.274052693044397,hiv_4143,MoleculeNet_HIV,True
c1cnc2c(SCC3CCCN4CCCCC34)cccc2c1,5.362492048372819,7889,5.132692467759022,hiv_35863,MoleculeNet_HIV,True
O=C(NCC(O)COc1ccccc1)c1ccccc1O,5.362231950145557,7890,5.403276269155613,hiv_37181,MoleculeNet_HIV,True
O=c1[nH]c(=O)n(COCCO)c2ccsc12,5.362135484341141,7891,5.169096950647321,hiv_32446,MoleculeNet_HIV,True
O=C1c2ccccc2C2NCCCN12,5.361846210368795,7892,5.239086922314576,hiv_6350,MoleculeNet_HIV,True
Cc1ccc(S(=O)(=O)NN=C2CCCCCCCCCCC2)cc1,5.3615827141491765,7893,5.154611599879054,hiv_28388,MoleculeNet_HIV,True
NCCCCCS(=O)(=O)O,5.361401637482654,7894,5.181304528791039,hiv_17847,MoleculeNet_HIV,True
NCCSSCCCCSSCCN,5.361401637482654,7895,5.181304528791039,hiv_2531,MoleculeNet_HIV,True
NCCCCCC(=O)O,5.361401637482654,7896,5.176048039354221,hiv_1000,MoleculeNet_HIV,True
NC(=O)CCS(=O)(=O)O,5.361401637482654,7897,5.181304528791039,hiv_1613,MoleculeNet_HIV,True
N=C(N)NCCS(=O)(=O)O,5.361401637482654,7898,5.181304528791039,hiv_28697,MoleculeNet_HIV,True
NC(=O)C#CC#CC#CCO,5.361401637482654,7899,5.181304528791039,hiv_17026,MoleculeNet_HIV,True
NC(=O)CCN(CCC(N)=O)CCC(N)=O,5.361401637482654,7900,5.181304528791039,hiv_33845,MoleculeNet_HIV,True
NS(=O)(=O)OCCCCCCCOS(N)(=O)=O,5.361401637482654,7901,5.181304528791039,hiv_8014,MoleculeNet_HIV,True
NCCCCCCCCCCC(=O)O,5.361401637482654,7902,5.176048039354221,hiv_26830,MoleculeNet_HIV,True
NC(CO)(CO)CO,5.361401637482654,7903,5.181304528791039,hiv_330,MoleculeNet_HIV,True
NCCSSSSCCN,5.361401637482654,7904,5.181304528791039,hiv_4269,MoleculeNet_HIV,True
CNCCSSCCN,5.361401637482654,7905,5.179701905389245,hiv_5504,MoleculeNet_HIV,True
O=C(OCCc1ccccc1)c1cc2cc(O)c(O)cc2cn1,5.360786295953256,7906,5.230002369325277,hiv_28266,MoleculeNet_HIV,True
O=C(NCCCCCCNC(=O)c1cc(-c2ccccc2)nc2ccccc12)c1cc(-c2ccccc2)nc2ccccc12,5.360627123678831,7907,5.2425872761072805,hiv_31577,MoleculeNet_HIV,True
CN(CCCNC(=O)c1cc(-c2ccccc2)nc2ccccc12)CCCNC(=O)c1cc(-c2ccccc2)nc2ccccc12,5.360627123678831,7908,5.246065510507646,hiv_31569,MoleculeNet_HIV,True
O=C(NCCCCNCCCNC(=O)c1cc(-c2ccccc2)nc2ccccc12)c1cc(-c2ccccc2)nc2ccccc12,5.360627123678831,7909,5.2425872761072805,hiv_31571,MoleculeNet_HIV,True
O=C(NCCCNCCCCNCCCNC(=O)c1cc(-c2ccccc2)nc2ccccc12)c1cc(-c2ccccc2)nc2ccccc12,5.360627123678831,7910,5.2425872761072805,hiv_31574,MoleculeNet_HIV,True
O=C(NCCCCCCCCNC(=O)c1cc(-c2ccccc2)nc2ccccc12)c1cc(-c2ccccc2)nc2ccccc12,5.360627123678831,7911,5.2425872761072805,hiv_31576,MoleculeNet_HIV,True
Cl.O=C(NCCCNCCNC(=O)c1cc(-c2ccccc2)nc2ccccc12)c1cc(-c2ccccc2)nc2ccccc12,5.360627123678831,7912,5.2425872761072805,hiv_31573,MoleculeNet_HIV,True
O=[N+]([O-])C(=C(Cl)NCCO)C(Cl)=C(Cl)Br,5.360613220796681,7913,5.182232817634844,hiv_33184,MoleculeNet_HIV,True
COC(=O)C1=C(C(=O)OC)C2(OC(C)=O)c3ccccc3-c3ccccc3C12,5.360540919236265,7914,5.207903096716005,hiv_21595,MoleculeNet_HIV,True
COc1ccc(-c2[nH]nc3c2CCCc2ccccc2-3)cc1,5.360097457885698,7915,5.271196324136646,hiv_4745,MoleculeNet_HIV,True
C1C[N+]23CCC[N+]4(C1)CC[S-]1->[Fe+2]567[SH+]CC[N+]58CCC[N+]6(CCC8)CC[S-]7->[Fe+2]124[SH+]CC3,5.359789113671346,7916,5.206294474507874,hiv_35278,MoleculeNet_HIV,True
Cc1ccc(-c2nc(SCC(=O)O)n[nH]2)cc1,5.359383441091845,7917,5.18615307067882,hiv_12480,MoleculeNet_HIV,True
Cl.NCc1ccc(-c2ccc(CN)s2)s1,5.359059903017963,7918,5.179458598946892,hiv_37976,MoleculeNet_HIV,True
COc1ccc(-c2[nH]c3ccccc3c2CCNS(=O)(=O)c2ccc(C)cc2)cc1,5.358815930050653,7919,5.210065890252355,hiv_13519,MoleculeNet_HIV,True
COc1ccc2c(c1)OCC1c3ccc(OCc4ccccc4)cc3OC21,5.35857813003798,7920,5.188653885783926,hiv_24827,MoleculeNet_HIV,True
CC(C)(C)n1c(=O)[nH]n(C2NN=Cc3cccc4cccc2c34)c1=O,5.357606544997242,7921,5.1512104011773525,hiv_37902,MoleculeNet_HIV,True
CS(=O)(=O)OCCCNCCCOS(C)(=O)=O,5.357295215502986,7922,5.185711052035209,hiv_3834,MoleculeNet_HIV,True
CC(=O)Oc1ccn2nc(C)c(Br)c2c1,5.356719810887307,7923,5.072017269587186,hiv_33394,MoleculeNet_HIV,True
O=C(NCCCCCCCCNC(=O)c1cc(O)c(O)c(O)c1)c1cc(O)c(O)c(O)c1,5.356186589503725,7924,5.165670930373403,hiv_34845,MoleculeNet_HIV,True
O=C(NCCCCCCCCCCNC(=O)c1cc(O)c(O)c(O)c1)c1cc(O)c(O)c(O)c1,5.356186589503725,7925,5.165670930373403,hiv_34843,MoleculeNet_HIV,True
Cn1cnc2c(F)c(Nc3ccc(Br)cc3Cl)c(C(=O)NOCCO)cc21,5.355986817852619,7926,5.020435942528477,davis_10127622,DAVIS_spike_in,True
CC(CNNC(=N)N)NNC(=N)N.O=S(=O)(O)O,5.355809426852714,7927,5.389668682033779,hiv_2680,MoleculeNet_HIV,True
COC1=CC(O)(CC(N)=O)c2ccccc2C1=O,5.3557421355599315,7928,5.281659501398303,hiv_7524,MoleculeNet_HIV,True
OCC1=CC(NC2CC(CO)C(O)C(O)C2O)C(O)C(O)C1O,5.355663251794135,7929,5.173941122933815,hiv_12622,MoleculeNet_HIV,True
O=C(NCCCCN1CCCCCC1)C1c2ccccc2-c2ccccc21,5.355086426164304,7930,5.261961437756697,hiv_27145,MoleculeNet_HIV,True
O=C(NCCCCCCCN1CCCCCC1)C1c2ccccc2-c2ccccc21,5.355086426164304,7931,5.261961437756697,hiv_27146,MoleculeNet_HIV,True
O=C(NN=C1CCCCC1)NN=C1CCCCC1,5.354940342232257,7932,5.18260085145307,hiv_28700,MoleculeNet_HIV,True
COC(=O)C1(CC(=O)OCc2ccccc2)NCCc2c1[nH]c1ccccc21,5.353630562482579,7933,5.209976541372326,hiv_21482,MoleculeNet_HIV,True
C[N+]1(CCC(C(N)=O)(c2ccccc2)c2ccccc2)CCCC12CCCCC2,5.3533454770256075,7934,5.293692088982844,hiv_428,MoleculeNet_HIV,True
COC(=O)C1=C(C(=O)OC)C(Cc2ccccc2)(OO)OC1=O,5.353056710721211,7935,5.228559629120684,hiv_37965,MoleculeNet_HIV,True
O=C(NCCNCCCNC(=O)c1cc(-c2ccccc2)nc2ccccc12)c1cccc(O)c1O,5.352402636030093,7936,5.228432264633317,hiv_31338,MoleculeNet_HIV,True
O=C(c1cc2ccccc2o1)N(Cc1ccccc1)c1ccccc1,5.352250461123759,7937,5.227191857360702,hiv_20109,MoleculeNet_HIV,True
Cc1cc(O)c2c(c1)C(C1OC(CO)C(O)C(O)C1O)c1cc(O)cc(O)c1C2=O,5.352162725853661,7938,5.110674146130021,hiv_25452,MoleculeNet_HIV,True
CC(CC1SCCCS1)=C(C)CC1SCCCS1,5.352142257815744,7939,5.179642934660579,hiv_29615,MoleculeNet_HIV,True
N#CCC1C2CC3C(C2=O)C13,5.352024254810042,7940,5.171978974799691,hiv_28422,MoleculeNet_HIV,True
Cl.NC1CC(=O)c2sc(I)cc21,5.35180769345306,7941,5.141450659236998,hiv_37231,MoleculeNet_HIV,True
c1cc2nnc1SCCCSc1ccc(nn1)SCCCSc1ccc(nn1)SCCCS2,5.351544124748639,7942,5.120166013940129,hiv_28166,MoleculeNet_HIV,True
c1cc2nnc1SCCCSc1ccc(nn1)SCCCS2,5.351544124748639,7943,5.120166013940129,hiv_28167,MoleculeNet_HIV,True
O=C1C(c2ccccc2)=C(c2ccccc2)C(c2ccc(CCCCCCc3ccc(C4=C(c5ccccc5)C(=O)C(c5ccccc5)=C4c4ccccc4)cc3)cc2)=C1c1ccccc1,5.3514030753987765,7944,5.228964786927601,hiv_15610,MoleculeNet_HIV,True
Oc1ccc(CCC2CCNc3ccccc32)cc1,5.351206802172524,7945,5.189235647023783,hiv_942,MoleculeNet_HIV,True
OC12CCC3(O)c4ccccc4C3C1c1ccccc12,5.351128494307379,7946,5.225709747913342,hiv_24079,MoleculeNet_HIV,True
Nc1ccc(S(=O)(=O)NCCSSCCNS(=O)(=O)c2ccc(N)cc2)cc1,5.35111423993741,7947,5.149012486162061,hiv_8957,MoleculeNet_HIV,True
OC12CCC[N+]1(Cc1ccccc1)CCC2.[O-][Cl+3]([O-])([O-])O,5.3508360866181395,7948,5.243036062596015,hiv_3707,MoleculeNet_HIV,True
CC(OC(C)(C)C)C(NC(=O)C(CCCCNC(=O)OC(C)(C)C)NC(=O)C(Cc1c[nH]c2ccccc12)NC(=O)C(Cc1ccccc1)NC(=O)OCC1c2ccccc2-c2ccccc21)C(=O)NC(Cc1ccccc1)C(=O)NC1CCCC1C(=O)OCc1ccccc1,5.350222123831236,7949,5.420604867401435,hiv_31120,MoleculeNet_HIV,True
N#CCC(=O)NN=C1C(=O)NC(=O)C(=O)C1c1nc2ccccc2s1,5.349983581374248,7950,5.293039990358299,hiv_11430,MoleculeNet_HIV,True
IC[P+]1(c2ccccc2)CCCC1.[I-],5.349646356203864,7951,5.276582867215462,hiv_10689,MoleculeNet_HIV,True
OC1CCCCC1C1CCCC(C2CCCCC2O)C1O,5.3484479993914285,7952,5.174309156752041,hiv_22348,MoleculeNet_HIV,True
Br.CN(C)c1nc(=NCc2ccncc2)ss1,5.347784402810395,7953,5.137610934437075,hiv_26528,MoleculeNet_HIV,True
NC(=O)CNC(=O)C1CC(OCCC(=O)O)CN1C(=O)OCc1ccccc1,5.347364263005245,7954,5.234445729101637,hiv_28098,MoleculeNet_HIV,True
O=[N+]([O-])C(F)(CCNCC(F)([N+](=O)[O-])[N+](=O)[O-])[N+](=O)[O-],5.3473353051464985,7955,5.182232817634844,hiv_34887,MoleculeNet_HIV,True
COc1ccc2c(c1OC)CC1COCC21,5.347333909827092,7956,5.085634563299876,hiv_462,MoleculeNet_HIV,True
CNC(=O)CN(CC(N)=O)C(=O)NC,5.346913048647124,7957,5.179716057823057,hiv_22567,MoleculeNet_HIV,True
Clc1ccc(-c2c(C3=NCCCN3)nnn2-c2ccc(Cl)cc2)cc1,5.346319966934885,7958,5.143087857026938,hiv_20549,MoleculeNet_HIV,True
COc1cc2c(c(OC)c1OC)-c1ccc(O)cc1C(NC(C)=O)CC2,5.34577700804275,7959,5.087329326717771,hiv_27629,MoleculeNet_HIV,True
COc1cc2c(cc1O)C1CC(CC3CCCCN31)OC(=O)C=Cc1ccc(O)c-2c1,5.3457350632680685,7960,5.1029028704761545,hiv_6978,MoleculeNet_HIV,True
COc1ccc(CCC2NCCc3cc(OC)c(OC)cc32)cc1.Cl,5.344687446035985,7961,5.088259315610477,hiv_20640,MoleculeNet_HIV,True
OCC1OC(n2ccc3cnccc32)CC1O,5.344228769227614,7962,5.111491241620381,hiv_13631,MoleculeNet_HIV,True
[Cl-].c1cc(C[S+]2CCCC2)sc1C[S+]1CCCC1,5.343262865371574,7963,5.182232817634844,hiv_26358,MoleculeNet_HIV,True
COc1cccc2c1[OH+][Co-3]1(O)([n+]3ccccc3)[S+]=C(N)[N-][N+]1=C2,5.342242628134931,7964,5.121051806025834,hiv_18067,MoleculeNet_HIV,True
C1CCC(CC[N+]23CC[N+](CCC4CCCC4)(CC2)C3)C1,5.339167573107087,7965,5.174962883892351,hiv_4564,MoleculeNet_HIV,True
CC(=O)c1sc(Nc2nnc(-c3ccc(-c4nnc(Nc5nc(C)c(C(C)=O)s5)o4)cc3)o2)nc1C,5.338854969742483,7966,5.11911812187882,hiv_20941,MoleculeNet_HIV,True
CC(=O)[OH+][Zn-2]12[OH+]c3c(C)ncc(CO)c3C=[N+]1[N-]C(N)=[S+]2,5.33860789344283,7967,5.199039475068289,hiv_10520,MoleculeNet_HIV,True
O=C(C=Cc1ccccc1)CC1OC(=O)c2ccccc21,5.337774696745284,7968,5.207084980797988,hiv_19661,MoleculeNet_HIV,True
O=C(O)CSCCCCSCC(=O)O,5.337152644483277,7969,5.13413270003671,hiv_2752,MoleculeNet_HIV,True
CC(=O)NN1C(=O)C(Cc2ccccc2)c2ccccc21,5.3361700538441,7970,5.198776551864273,hiv_18380,MoleculeNet_HIV,True
COc1c(-c2ccc3c(c2)OCO3)oc2cc3c(c(OC)c2c1=O)OCO3,5.335253612422174,7971,5.17374286373877,hiv_33227,MoleculeNet_HIV,True
NC(=O)C1c2ccccc2C=Cc2ccccc21,5.334015712246854,7972,5.213581863492675,hiv_8145,MoleculeNet_HIV,True
Nc1ncnc2nc(-c3ccc(C[PH](c4ccccc4)(c4ccccc4)c4ccccc4)cc3)[nH]c12,5.333776824575623,7973,5.23659598127933,hiv_6433,MoleculeNet_HIV,True
O=C(NCCCCCCNC(=O)c1cnc2ccccc2n1)c1cnc2ccccc2n1,5.33369688923789,7974,5.2881990111511685,hiv_15054,MoleculeNet_HIV,True
O=C1c2ccccc2C2CCC1c1ccccc12,5.333485156610609,7975,5.212709504053032,hiv_20532,MoleculeNet_HIV,True
C=C=C(CC1CCCCC1=O)S(=O)(=O)c1ccccc1,5.333337773624919,7976,5.271883865307163,hiv_26921,MoleculeNet_HIV,True
c1nn2cnnc2s1,5.333059720628453,7977,5.089732616721316,hiv_3698,MoleculeNet_HIV,True
Cn1cc(C2=C(c3cn(C4CCN(Cc5ccccn5)CC4)c4ccccc34)C(=O)NC2=O)c2ccccc21,5.332880815137405,7978,5.188847421810978,davis_176167,DAVIS_spike_in,True
CN(C)CCOc1ccc(-c2c(Oc3ccccc3)c(=O)oc3ccccc23)cc1,5.332382277597985,7979,5.2578735328288975,hiv_40325,MoleculeNet_HIV,True
CC1COC(c2cn[nH]c2C(N)=O)C1O,5.330678402042707,7980,5.118683693445054,hiv_10163,MoleculeNet_HIV,True
COC(=O)C(NC(=O)C(CC(=O)OCc1ccccc1)NC(=O)OCc1ccccc1)C1CCCCC1,5.330654396581748,7981,5.3215868531527795,hiv_31139,MoleculeNet_HIV,True
Cc1nc2c3c(Cc4ccccc4)c(C)[nH]c3ncn2n1,5.329565391505133,7982,5.1847334009097805,hiv_39713,MoleculeNet_HIV,True
COc1cccc2c1[OH+][Zn-2]1(O)[O+]=C(c3ccncc3)[N-][N+]1=C2,5.329375938981977,7983,5.1306433103328555,hiv_18090,MoleculeNet_HIV,True
COc1cccc2c1[OH+][U]134(=O)(=O)(O)(O)([O+]=C(c5ccncc5)[N-][N+]1=C2)[O+]=C(c1ccncc1)[N-][N+]3=Cc1cccc(OC)c1[OH+]4,5.329375938981977,7984,5.1306433103328555,hiv_18092,MoleculeNet_HIV,True
c1ccc(-c2nnc(CCCCCCCCc3nnc(-c4ccccc4)o3)o2)cc1,5.329140309378051,7985,5.2197028706293755,hiv_39543,MoleculeNet_HIV,True
COc1cc(Cc2ccc3c(c2C#N)N(C)c2ccccc2S3)cc(OC)c1OC,5.328557221259621,7986,5.1625980396151965,hiv_23598,MoleculeNet_HIV,True
NCCCC1CCCCNC1,5.328426081521942,7987,5.198917674949823,hiv_3265,MoleculeNet_HIV,True
CCNCC1c2ccccc2-c2nc3ccccc3nc2-c2ccccc21,5.326011581333108,7988,5.226306809216422,hiv_8499,MoleculeNet_HIV,True
O=C(NCCc1c[nH]c2ccccc12)C1CCCCC1,5.3244848391893145,7989,5.248945537595195,hiv_31772,MoleculeNet_HIV,True
O=C1OC(C2Cc3cc4c(cc3C2=O)CCC4)c2ccccc21,5.323613557300972,7990,5.21562727830447,hiv_30117,MoleculeNet_HIV,True
COc1cccc2c1OC1c3ccccc3OCC1C2,5.323134938444991,7991,5.200540440615551,hiv_34253,MoleculeNet_HIV,True
Nc1ccc2c(c1)C(N)c1ccccc1-2,5.322942268255216,7992,5.169529795809612,hiv_1900,MoleculeNet_HIV,True
Cn1cc(-c2ccc(CCOC3CCCCO3)cc2)c2c(C#N)cccc21,5.322935919282088,7993,5.120833200820788,hiv_34823,MoleculeNet_HIV,True
NCCCNCCNCCCN,5.3228601681936825,7994,5.181304528791039,hiv_6002,MoleculeNet_HIV,True
NC(=O)CNCCS(=O)(=O)O,5.3228601681936825,7995,5.181304528791039,hiv_5654,MoleculeNet_HIV,True
CC1=C(C(=O)NCc2ccccc2)C(c2ccccc2O)C(C(=O)NCc2ccccc2)=C(C)N1,5.317510272109999,7996,5.171638034357842,hiv_16507,MoleculeNet_HIV,True
O=C(O)Cc1ccc(-c2cn3c(n2)sc2ccccc23)cc1,5.315771328159388,7997,5.215746816956751,hiv_7915,MoleculeNet_HIV,True
NCCNCC(O)CO,5.314224155008269,7998,5.407678356844768,hiv_8220,MoleculeNet_HIV,True
O=c1[nH]nc(Cn2c3ccc(Br)cc3c3nc4ccccc4nc32)n1C1CCCCC1,5.314132997345262,7999,5.272297700148963,hiv_40109,MoleculeNet_HIV,True
Cl.N=C(N)c1csc(C2OC(CO)C(O)C2O)n1,5.311784564258749,8000,5.164408679978221,hiv_13153,MoleculeNet_HIV,True
NCCCNCCCCN(CCCN)[N+](=O)[N-]O,5.311483392360996,8001,5.122875118139506,hiv_16109,MoleculeNet_HIV,True
N=C(N)NNC(O)(C(=O)O)C(=O)O,5.311441152996889,8002,5.10782656746862,hiv_8156,MoleculeNet_HIV,True
COc1ccc2c(c1)C(=O)C13CC(C(=O)OCc4ccccc4)C(OC(C)=O)(CCC21)C3,5.311032227068584,8003,5.171246202827945,hiv_21546,MoleculeNet_HIV,True
COc1cc(CN(C)N2C(=O)c3cccc4cc([N+](=O)[O-])cc(c34)C2=O)cc(OC)c1OC,5.310931227701115,8004,5.0556708422389605,hiv_30680,MoleculeNet_HIV,True
Cc1ccc(C2=NOC(=O)C3CCCCC23)cc1,5.309992686479308,8005,5.17417684806735,hiv_34759,MoleculeNet_HIV,True
O=C(NCCc1ccccc1)c1c(O)nc2ccccc2c1O,5.3083239144576675,8006,5.189855378401261,hiv_32121,MoleculeNet_HIV,True
ON=C1CCCC(=NO)C1=NO,5.308044160773578,8007,5.112210697465795,hiv_1871,MoleculeNet_HIV,True
COc1ccc(-c2nnc(-c3nsc4ccccc34)o2)cc1,5.3076462837767835,8008,5.168277209143468,hiv_23500,MoleculeNet_HIV,True
C=C(C)CS(=O)(=O)O,5.3059250486890255,8009,5.185711052035209,hiv_101,MoleculeNet_HIV,True
COc1ccc2c(c1)OCC1c3cc(O)c4c(OCc5ccccc5)cccc4c3OC21,5.305914774910648,8010,5.118886532991419,hiv_28782,MoleculeNet_HIV,True
CN(C)CC1CCCCCCCCCCCCC(CN(C)C)C1=O.Cl,5.305875541604337,8011,5.170240641961741,hiv_22400,MoleculeNet_HIV,True
Nc1ccccc1CN1C(=O)c2ccccc2C1=O,5.305627113815812,8012,5.200843612511661,hiv_27850,MoleculeNet_HIV,True
NCCCNCCSSCCNCCCN.O=P(O)(O)O,5.305554291383254,8013,5.1778600706058855,hiv_8777,MoleculeNet_HIV,True
O=C1NCCCCC1CCCC#Cc1ccccc1,5.304250859486771,8014,5.291847803296793,hiv_15888,MoleculeNet_HIV,True
CN(C)CCNC(=O)c1noc2c1CSc1ccccc1-2,5.302711465935562,8015,5.285655864741185,hiv_7861,MoleculeNet_HIV,True
CC(=O)C1=C(O)C(c2ccccc2)c2ccccc21,5.301181725596142,8016,5.211803608456222,hiv_4949,MoleculeNet_HIV,True
O=C1C(CN(Cc2ccccc2)Cc2ccccc2)CCCC1CN(Cc1ccccc1)Cc1ccccc1,5.30088225660394,8017,5.23417220157758,hiv_1319,MoleculeNet_HIV,True
O=C(NCCc1ccccc1)c1cc2ccc(O)c(O)c2cn1,5.300346239491695,8018,5.216128231684164,hiv_28269,MoleculeNet_HIV,True
O=C(NCCN(CCNC(=O)c1cccc(O)c1O)CCNC(=O)c1cccc(O)c1O)c1cccc(O)c1O,5.30003129352842,8019,5.165670930373403,hiv_37949,MoleculeNet_HIV,True
COc1cc2c(cc1OC)C(CN)C2,5.299844499667997,8020,5.0890169131484,hiv_5323,MoleculeNet_HIV,True
COC(=O)C1(COCc2ccccc2)CCCC2OC21,5.299025002905073,8021,5.2334207351413164,hiv_10829,MoleculeNet_HIV,True
C[N+]1(CCNP(=S)(NCC[N+]2(C)Cc3c(ccc4c3OCO4)C3C(O)Cc4cc5c(cc4C32)OCO5)NCC[N+]2(C)Cc3c(ccc4c3OCO4)C3C(O)Cc4cc5c(cc4C32)OCO5)Cc2c(ccc3c2OCO3)C2C(O)Cc3cc4c(cc3C21)OCO4.O,5.298078598196884,8022,5.11991187599442,hiv_14926,MoleculeNet_HIV,True
COc1cc(CC(=O)c2ccc3c(c2)OCO3)cc(OC)c1OC,5.297250005405456,8023,5.064914442958788,hiv_21948,MoleculeNet_HIV,True
O=C1c2c(c3c4ccccc4n(COCCO)c3c3[nH]c4ccccc4c23)C(=O)N1Cc1ccccc1,5.296219566549307,8024,5.158694452264667,hiv_13946,MoleculeNet_HIV,True
C#CCNCC(=O)O,5.294996183094123,8025,5.180454562598391,hiv_38106,MoleculeNet_HIV,True
OCC1OC(c2cccc3cc(O)c(O)cc23)CC1O,5.294607409654452,8026,5.111201581780852,hiv_39130,MoleculeNet_HIV,True
CNC(=O)C1CCCCNC(=O)CCC(NC(=O)OCc2ccccc2)C(=O)N1,5.2936061675426895,8027,5.2594945658213375,hiv_29815,MoleculeNet_HIV,True
CC(C)(C)C(=O)CS(=O)(=O)O,5.29307867498105,8028,5.2177036453261465,hiv_6556,MoleculeNet_HIV,True
COc1ccc(COc2ccc(Cc3cnc(N)nc3N)cc2OC)cc1,5.292755063589226,8029,5.0193117651794035,davis_11617559,DAVIS_spike_in,True
CN(C)CCNC1c2ccccc2CCc2ccccc21,5.2921250440938,8030,5.213587046489517,hiv_3091,MoleculeNet_HIV,True
Clc1ccc(C2=NOC(C3CCCCC3)C2)cc1,5.29132912053647,8031,5.175330917710577,hiv_18529,MoleculeNet_HIV,True
OCC1OC2c3ccccc3COC2C1OCc1ccccc1,5.288749192110958,8032,5.184141225267356,hiv_12628,MoleculeNet_HIV,True
O=C(O)CS(=O)(=O)O,5.287907569468847,8033,5.176976328198026,hiv_802,MoleculeNet_HIV,True
O=[N+]([N-][O-])C1CCCCC1=[N+]1CCOCC1,5.287703656372956,8034,5.170326180707501,hiv_16113,MoleculeNet_HIV,True
OCc1ccc2[n+](c1)CCC1c3ccccc3NC21.[Br-],5.286550240611694,8035,5.1927007084628904,hiv_21934,MoleculeNet_HIV,True
C=C(CCOC)CCC1CCCCC(=C)C1O,5.285437088625578,8036,5.101405755276445,hiv_39024,MoleculeNet_HIV,True
Cc1nc2ccccc2n(CC2CCCN3CCCCC23)c1=O,5.284247725356626,8037,5.193943391576131,hiv_10500,MoleculeNet_HIV,True
COc1cc(CCC(=O)CC(=O)CCc2ccc(O)c(OC)c2)ccc1O,5.283230633821765,8038,5.0535536332821165,hiv_36789,MoleculeNet_HIV,True
COc1cc(CC2COC(=O)C2Cc2ccc(O)c(OC)c2)ccc1O,5.283230633821765,8039,5.079026635176474,hiv_25870,MoleculeNet_HIV,True
NC(=O)c1c[se]c(C2OC(CO)C(O)C2O)n1,5.281400305935619,8040,5.17002892499735,hiv_8292,MoleculeNet_HIV,True
NC(=S)Nc1nnc(-c2ccc(-c3nnc(NC(N)=S)o3)cc2)o1,5.280182074626235,8041,5.121038373379773,hiv_21299,MoleculeNet_HIV,True
CC(=O)Oc1ccn2nc(C)c(Cc3c(C)nn4ccc(OC(C)=O)cc34)c2c1,5.277976448877515,8042,5.072067922692515,hiv_33395,MoleculeNet_HIV,True
CN(C)CC1CCCC1=NOC(=O)c1ccccc1.Cl,5.277473035358524,8043,5.270145532469213,hiv_18207,MoleculeNet_HIV,True
CN(C)CCCCC1c2ccccc2Sc2ccccc21.O=C(O)C(=O)O,5.27551646894167,8044,5.205346647960038,hiv_2874,MoleculeNet_HIV,True
NC(=S)NN=C1c2ccccc2CCC1CCC1(O)CCc2ccccc2C1=O,5.275385895492079,8045,5.286228400667826,hiv_28698,MoleculeNet_HIV,True
Cc1ccc(C(=O)ON=C2CCCCC2CN(C)C)cc1.Cl,5.271089544526234,8046,5.179953056687481,hiv_14160,MoleculeNet_HIV,True
O=C(O)CC1C(O)C(O)CN2C(=O)c3ccccc3C12,5.26680249678189,8047,5.209783493639046,hiv_40919,MoleculeNet_HIV,True
COC(=O)CSc1nnc(-c2ccc(O)c([N+](=O)[O-])c2)[nH]1,5.263246207638777,8048,5.117057332080669,hiv_16214,MoleculeNet_HIV,True
CN(C)CC1CCn2cc(c3ccccc32)C2=C(C(=O)NC2=O)c2cn(c3ccccc23)CCO1,5.262960113874276,8049,5.269082383669252,davis_153999,DAVIS_spike_in,True
O=C1CC2c3ccccc3CCC2c2ccccc21,5.261675432606198,8050,5.214125784854997,hiv_9856,MoleculeNet_HIV,True
C1=CC2c3ccc4cnccc4c3NCC2C1,5.261375991384625,8051,5.120465732059706,hiv_24193,MoleculeNet_HIV,True
NC(=O)CNC(=O)C1CCCN1C(=O)C1CCCCNOC(=O)CCC(NC(=O)OCC2c3ccccc3-c3ccccc32)C(=O)NC(Cc2c[nH]c3ccccc23)C(=O)N1,5.258216832319783,8052,5.197282654762729,hiv_31061,MoleculeNet_HIV,True
Cc1ccc2nc(NCCN)c3ncc(C)n3c2c1.Cl,5.253661308913908,8053,5.065927317413654,davis_9926054,DAVIS_spike_in,True
COc1ccc(S(=O)(=O)c2nnc(S(=O)(=O)Cc3ccccc3)s2)cc1,5.247589399305434,8054,5.146649683120782,hiv_40239,MoleculeNet_HIV,True
COc1ccc(SCc2cc(OCc3ccccc3)c(OCc3ccccc3)c(OCc3ccccc3)c2)cc1,5.246645566397371,8055,5.149236666497246,hiv_31339,MoleculeNet_HIV,True
COc1cc(CCCC(O)COc2cccc3c2C2(O)CCCCCC32)cc(OC)c1.O=C(O)C(=O)O,5.244650866597057,8056,5.378361745913367,hiv_24093,MoleculeNet_HIV,True
COC(=O)C12C3=C(C(=NO)C=CC3=NO)C(c3ccccc31)c1ccccc12,5.241471173242951,8057,5.209121764784995,hiv_5371,MoleculeNet_HIV,True
Br.COc1cc(CN=c2nc(N(C)C)ss2)cc(OC)c1OC,5.240981147158052,8058,5.0535536332821165,hiv_26529,MoleculeNet_HIV,True
CN(C)c1ccc(CC2CCc3ccccc32)cc1,5.240733411114261,8059,5.186230017657009,hiv_4266,MoleculeNet_HIV,True
COc1c(C(=O)O)cccc1-c1cccc(C(=O)NCCN(CCNC(=O)c2cccc(-c3cccc(C(=O)O)c3OC)c2OC)CCNC(=O)c2cccc(-c3cccc(C(=O)O)c3OC)c2OC)c1OC,5.238188315849975,8060,5.152275490224225,hiv_32111,MoleculeNet_HIV,True
O=C(OCCN=C1c2ccccc2CCc2ccccc21)c1ccccc1,5.2364317127463025,8061,5.211747554155041,hiv_29965,MoleculeNet_HIV,True
CN(C)CCSc1ccc(-c2ccc(-c3ccc(SCCN(C)C)cc3)nn2)cc1,5.235591094221829,8062,5.114581412883589,hiv_10843,MoleculeNet_HIV,True
COc1ccc(-c2oc3cc(O)c(OC)c(O)c3c(=O)c2OC2OC(CO)C(O)C(O)C2O)cc1,5.227206965126372,8063,5.1324881691781545,hiv_11854,MoleculeNet_HIV,True
COc1cccc(C2CCCC(C#N)C2=N)c1OC,5.218000822714948,8064,5.089987891167218,hiv_2730,MoleculeNet_HIV,True
COc1cccc2c1[OH+][Co-2]1(O)[O+]=C(c3ccncc3)[N-][N+]1=C2,5.217220446140269,8065,5.1306433103328555,hiv_18087,MoleculeNet_HIV,True
CSCCCNC(=O)c1csc(-c2c[s+]c(CCN)[nH]2)n1.Cl,5.200682879632113,8066,5.184816930399625,hiv_24228,MoleculeNet_HIV,True
CC(C)(C)c1cnc(CSc2cnc(NC(=O)C3CCNCC3)s2)o1,5.192610736361648,8067,5.234279589855255,davis_3025986,DAVIS_spike_in,True
COc1cc(Cc2nnc(N)nc2O)cc(OC)c1OC,5.1657053346752395,8068,5.049803891390521,hiv_7196,MoleculeNet_HIV,True
